symbol,timeframe,strategy,params,total_return,win_rate,sharpe_ratio,profit_factor,num_trades,robust,oos_profitable_windows,total_oos_return,total_windows
1INCHUSD,H1,MeanReversion,"window=100,z=1.5",0.1904048736035846,0.5341922695738355,0.08653082835149328,1.0356598577694955,1346,True,5,0.14900166728181985,5
1INCHUSD,H1,MeanReversion,"window=100,z=2.0",0.13276829130948586,0.5594713656387665,0.07422471268903764,1.0497871322805232,587,True,4,0.12902365490957235,5
1INCHUSD,H1,MeanReversion,"window=100,z=2.25",0.37245794231907015,0.6260162601626016,0.2396271604717001,1.255430646672071,323,True,4,0.16653191716664495,5
1INCHUSD,H1,TrendFollowing,"fast=5,slow=20",0.8263280973743409,0.49583333333333335,0.24502327677314797,1.049643113421695,4999,True,4,0.07521535585085815,5
1INCHUSD,H4,MeanReversion,"window=100,z=2.0",0.9492395354589688,0.5425925925925926,0.3332521962603098,1.1997124930275007,609,True,4,0.11990293213915215,5
1INCHUSD,H4,TrendFollowing,"fast=5,slow=20",0.9263054947335212,0.49324932493249324,0.14575473903539102,1.0272246616202543,4999,True,4,0.7217331020541546,5
1INCHUSD,H4,TrendFollowing,"fast=34,slow=89",0.3625775322364222,0.497974797479748,0.057049760911000766,1.0105688126613097,4999,True,4,0.5676869441526955,5
1INCHUSD,H4,TrendFollowing,"fast=50,slow=200",-0.5821020734810537,0.4981998199819982,-0.09159178253872996,0.98326268627201,4999,True,5,1.1183714346884686,5
1INCHUSD,M15,MeanReversion,"window=20,z=1.75",0.9684427393250323,0.6901041666666666,1.432705621741815,2.0761892251256913,856,True,4,0.1577242079709824,5
1INCHUSD,M15,MeanReversion,"window=20,z=2.25",0.297168937053243,0.6827586206896552,0.6953535984621677,1.768230748055303,298,True,4,0.04773906237062775,5
1INCHUSD,M15,TrendFollowing,"fast=8,slow=21",-0.3927128367742918,0.47966269841269843,-0.2657337664524415,0.9447809216900364,4999,True,4,0.2213399083170765,5
1INCHUSD,M15,TrendFollowing,"fast=10,slow=30",-0.24860424497508382,0.4880952380952381,-0.1682068654933154,0.964686147912832,4999,True,4,0.21891750272527022,5
1INCHUSD,M15,TrendFollowing,"fast=13,slow=34",-0.1054466105282692,0.49503968253968256,-0.07134241474116332,0.9848676095185271,4999,True,4,0.20991023894333816,5
1INCHUSD,M15,TrendFollowing,"fast=21,slow=55",0.10159931440047143,0.501984126984127,0.06873938521156721,1.0148001501802961,4999,True,4,0.25552952706456333,5
AI_INDX,H1,MeanReversion,"window=100,z=2.25",0.19622518555963886,0.4692874692874693,0.2885676119495277,1.2222243582818708,406,True,4,0.0446030575632087,5
AI_INDX,H1,MeanReversion,"window=20,z=2.5",-0.024251577012166292,0.45180722891566266,-0.0461644219490793,0.9563422619518696,165,True,4,0.022872940965042554,5
AI_INDX,H1,TrendFollowing,"fast=10,slow=30",1.009521700273119,0.5225874867444327,0.38251017705889256,1.0804752277606176,4716,True,4,0.21400832468500597,5
AI_INDX,H1,TrendFollowing,"fast=34,slow=89",0.3349466256965502,0.5189819724284199,0.1268792926464526,1.0260015590451166,4716,True,4,0.2737179657036397,5
AI_INDX,H1,TrendFollowing,"fast=50,slow=200",0.7592931583601396,0.5194061505832449,0.2876617128913289,1.0599302385209282,4716,True,4,0.2956831937139093,5
AI_INDX,H1,VolatilityExpansion,"ema=20,mult=2.5",0.2348113183330296,0.5239651416122004,0.21971358871921237,1.1027355052427639,917,True,4,0.11325518803403245,5
AI_INDX,H4,TrendFollowing,"fast=5,slow=20",0.44708821625505013,0.5187590187590188,0.3178748198797098,1.0623030805481148,1386,True,4,0.24343393409652214,5
AI_INDX,H4,TrendFollowing,"fast=13,slow=34",1.0471380793945642,0.5266955266955267,0.7451746063661013,1.1522889286708702,1386,True,4,0.10434256909999129,5
AI_INDX,M15,MeanReversion,"window=100,z=1.5",0.14863440126553462,0.4962862930452397,0.24749862681064227,1.0938176829426913,1481,True,4,0.05805921632313593,5
AI_INDX,M15,MeanReversion,"window=20,z=2.25",0.0873359706389848,0.4954128440366973,0.17866997616972466,1.1190410842655836,435,True,4,0.03975634071310197,5
AI_INDX,M15,MeanReversion,"window=100,z=2.25",0.08330692625290925,0.5013333333333333,0.24576558080579256,1.174716534323545,375,True,4,0.017590184296579325,5
AI_INDX,M15,TrendFollowing,"fast=8,slow=21",-0.11588108289304233,0.5021021021021022,-0.07875244916694844,0.9811345156879767,4999,True,4,0.05524615611604489,5
AMD_turbo,H1,MeanReversion,"window=20,z=1.5",0.14556074155112686,0.5109489051094891,0.07813404310049503,1.0289165599494927,1373,True,4,0.1538238292030052,5
AMD_turbo,H1,MeanReversion,"window=50,z=1.5",-0.3425630244001314,0.48417721518987344,-0.17888480943706603,0.9418153682519144,1583,True,4,0.16261845622184345,5
AMD_turbo,H1,MeanReversion,"window=20,z=1.75",-0.017848149831520832,0.4868571428571429,-0.01181264343383272,0.9947661497016563,877,True,4,0.22843483751633753,5
AMD_turbo,H1,MeanReversion,"window=50,z=2.0",0.16738200950951454,0.508955223880597,0.13260462922770302,1.0695977585246075,671,True,5,0.2835939998627962,5
AMD_turbo,H1,MeanReversion,"window=50,z=2.25",0.0753852958672202,0.4946808510638298,0.08101900899053763,1.0561934273867226,376,True,5,0.23423561288479655,5
AMD_turbo,H1,MeanReversion,"window=100,z=2.25",-0.18729754995761383,0.4795180722891566,-0.1742796674910486,0.8949096349916618,415,True,4,0.07321676190390425,5
AMD_turbo,H1,MeanReversion,"window=20,z=2.5",-0.0747274987851555,0.46994535519125685,-0.08984828874754075,0.9177412573585952,182,True,4,0.15369186309441196,5
AMD_turbo,H1,MeanReversion,"window=50,z=2.5",0.16613385679612358,0.47804878048780486,0.21426603801543787,1.2174175893423989,205,True,4,0.13666398966273396,5
AMD_turbo,H1,TrendFollowing,"fast=8,slow=21",0.2655934162821465,0.5113567839195979,0.06877564121799984,1.014416031864357,4999,True,4,0.11937958571244223,5
AMD_turbo,H1,TrendFollowing,"fast=10,slow=30",0.38357041642837886,0.5083417085427135,0.09932689813321716,1.0208865299164374,4999,True,4,0.05764547631849681,5
AMD_turbo,H4,TrendFollowing,"fast=34,slow=89",2.3218492153572714,0.5077951002227171,0.30739560193415955,1.0605215184626142,4999,True,4,0.7898654252995866,5
AMD_turbo,H4,VolatilityExpansion,"ema=20,mult=1.5",1.7882669243659857,0.4960212201591512,0.3930847957649704,1.1277884137745415,1905,True,4,0.7694794704426776,5
AMD_turbo,H4,VolatilityExpansion,"ema=50,mult=1.5",0.9807248139605489,0.4877645502645503,0.16958985754266187,1.0417061397678675,3054,True,4,0.5046666538429438,5
AMD_turbo,H4,VolatilityExpansion,"ema=20,mult=2.0",1.4429400078184402,0.505531914893617,0.3925749151402934,1.165148784999137,1186,True,5,0.5990788825752538,5
AMD_turbo,H4,VolatilityExpansion,"ema=50,mult=2.5",1.574587730399942,0.4908711528429838,0.3326921886230077,1.1076194868772065,1940,True,5,0.8040756927173909,5
AMD_turbo,H4,VolatilityExpansion,"ema=50,mult=3.0",1.7369858998134287,0.5030262273032953,0.4187693886203466,1.159192939281006,1506,True,4,0.703046952411765,5
AMD_turbo,H4,VolatilityExpansion,"ema=50,mult=3.5",1.4875269251474132,0.4986690328305235,0.4197878528302076,1.1852367587557808,1141,True,4,0.5455846885654208,5
AMD_turbo,M15,MeanReversion,"window=50,z=1.5",0.5774142577921947,0.5203252032520326,0.3261993935480179,1.2251156772563894,1235,True,5,0.1556352696592015,5
AMD_turbo,M15,MeanReversion,"window=20,z=1.75",-0.031415072513486075,0.5122249388753056,-0.032244406793302885,0.9848854759153239,821,True,5,0.10475672427873284,5
AMD_turbo,M15,MeanReversion,"window=50,z=1.75",0.4463298439753228,0.5256869772998806,0.2686383460331769,1.2341169328869839,840,True,5,0.1091722128296706,5
AMD_turbo,M15,MeanReversion,"window=20,z=2.0",-0.036814075013329894,0.508411214953271,-0.04448909599942114,0.9746380997616451,538,True,5,0.08730112248426225,5
AMD_turbo,M15,MeanReversion,"window=50,z=2.0",0.0920397362027302,0.5287569573283859,0.11306575432559314,1.0673042230459913,540,True,4,0.10612715243349269,5
AMD_turbo,M15,MeanReversion,"window=100,z=2.0",0.30137187917731423,0.5357142857142857,0.3963556042134031,1.2555184224855362,561,True,4,0.08341867115378931,5
AMD_turbo,M15,MeanReversion,"window=20,z=2.25",-0.01693158187247079,0.5030120481927711,-0.023962108289872993,0.9829448850359512,333,True,5,0.14080592149387772,5
AMD_turbo,M15,MeanReversion,"window=100,z=2.25",0.34064439067305663,0.5648414985590778,0.5131832052628716,1.4369497378886231,347,True,5,0.12077905791958854,5
AMD_turbo,M15,MeanReversion,"window=20,z=2.5",-0.032220617552630726,0.4956896551724138,-0.04895797760135435,0.959264400955222,233,True,5,0.13470607214438635,5
AMD_turbo,M15,MeanReversion,"window=50,z=2.5",0.11718511083910399,0.5506072874493927,0.20899616008476757,1.1719078293775738,247,True,4,0.07811647217840234,5
AMD_turbo,M15,MeanReversion,"window=100,z=2.5",0.2851475961166767,0.5605381165919282,0.47388883808371585,1.5242714799621255,222,True,4,0.08492354491887277,5
AMD_turbo,M15,MeanReversion,"window=20,z=2.75",0.086549524451908,0.5096774193548387,0.16726810859393898,1.1795743497754105,155,True,5,0.10763145056535361,5
AMD_turbo,M15,MeanReversion,"window=20,z=3.0",0.10260535088071054,0.5384615384615384,0.2252861855412313,1.3173221924287406,103,True,5,0.07990259760933538,5
AMD_turbo,M15,MeanReversion,"window=100,z=3.0",0.09340054287699817,0.5454545454545454,0.24084911283791616,1.3126635802350561,109,True,4,0.06040255765119562,5
APEUSD,H1,MeanReversion,"window=50,z=1.5",-0.16175707016424345,0.5240101095197978,-0.06725933434136734,0.9676618197893337,1355,True,5,0.27176181734692784,5
APEUSD,H1,MeanReversion,"window=100,z=1.5",0.4926178825391626,0.5403295750216826,0.1980086096682597,1.1003734752213132,1303,True,4,0.23855087198126845,5
APEUSD,H1,MeanReversion,"window=50,z=1.75",-0.32044805582744584,0.5163240628778718,-0.14090840950708663,0.9146613341843778,941,True,5,0.19710849706517453,5
APEUSD,H1,MeanReversion,"window=100,z=1.75",0.2939685240730844,0.5501955671447197,0.12512773148722858,1.0823239785824785,857,True,5,0.2403009192277229,5
APEUSD,H1,MeanReversion,"window=50,z=2.0",-0.2897729819809304,0.5098743267504489,-0.13511612249877186,0.8932396943985618,633,True,4,0.10891488031023122,5
APEUSD,H1,MeanReversion,"window=100,z=2.0",0.25609882681051177,0.5646123260437376,0.11478541749656607,1.1023293999208945,558,True,4,0.11896804072601641,5
APEUSD,H4,MeanReversion,"window=50,z=1.5",-1.0504745379344007,0.5181388012618297,-0.2301861141792156,0.91403846360455,1331,True,4,0.2938653349923068,5
APEUSD,H4,MeanReversion,"window=50,z=1.75",-0.5397184661144488,0.521486643437863,-0.13009246890211287,0.9387412128184228,904,True,4,0.4813980745440807,5
APEUSD,H4,MeanReversion,"window=20,z=2.0",-1.4589804158444648,0.506198347107438,-0.421953815573169,0.7415360309455999,512,True,4,0.081451667003828,5
APEUSD,H4,MeanReversion,"window=100,z=2.0",-0.24845204425733014,0.5332197614991482,-0.06945120590512398,0.9607132967752487,611,True,4,0.13109831466349697,5
APEUSD,H4,MeanReversion,"window=100,z=2.25",-0.17318106151326806,0.5457063711911357,-0.055070129460782026,0.9589297894611617,375,True,4,0.3323841529330044,5
APEUSD,H4,TrendFollowing,"fast=21,slow=55",-0.009392022969905378,0.4840258926707037,-0.001313207004173245,0.9997544448687224,4999,True,5,0.7804602324249659,5
APEUSD,H4,TrendFollowing,"fast=34,slow=89",0.41201991555112927,0.4965546043015243,0.05760963346287711,1.0108319634470309,4999,True,5,0.7770957660550757,5
APEUSD,M15,MeanReversion,"window=100,z=1.5",0.2631119454302012,0.5603217158176944,0.2948988692912593,1.118988523651694,1289,True,4,0.03269424764917905,5
APEUSD,M15,TrendFollowing,"fast=8,slow=21",-0.40872086938023455,0.4760837070254111,-0.2711581824675747,0.9485637457662558,4999,True,4,0.0788734439673554,5
APEUSD,M15,VolatilityExpansion,"ema=20,mult=3.0",0.05814264076591236,0.45544554455445546,0.13650854903754567,1.1600401110532785,152,True,4,0.08012551705746906,5
APTUSD,H1,MeanReversion,"window=50,z=1.5",-0.39713635123816193,0.510938602681722,-0.2003713313660923,0.92693746081927,1436,True,5,0.13282628403701668,5
APTUSD,H1,MeanReversion,"window=50,z=1.75",-0.27025645043490953,0.510482180293501,-0.15680844511944633,0.9285546744742361,960,True,5,0.13950178672535263,5
APTUSD,H1,MeanReversion,"window=50,z=2.0",-0.17319063164223536,0.499194847020934,-0.11193112723383933,0.9340344744811063,625,True,5,0.1630933261472094,5
APTUSD,H1,MeanReversion,"window=50,z=2.25",-0.1692540325946621,0.506426735218509,-0.12033600550805613,0.905955396831514,392,True,4,0.11379429975601252,5
APTUSD,H1,MeanReversion,"window=50,z=2.5",-0.06527991068993222,0.5223214285714286,-0.056952025145294245,0.9378156426114669,226,True,4,0.10284180140189225,5
APTUSD,H1,MeanReversion,"window=100,z=2.5",-0.18732356925820204,0.45318352059925093,-0.15261582239267565,0.8561793334030452,268,True,4,0.04006258676066676,5
APTUSD,H1,MeanReversion,"window=100,z=2.75",-0.057108446041078564,0.4691358024691358,-0.04991323490260334,0.9329693532184329,162,True,5,0.06452336899605504,5
APTUSD,H4,MeanReversion,"window=20,z=1.5",-0.017937528703929395,0.5096635647816751,-0.004610071496152582,0.9984085208123085,1417,True,5,0.4670197028488122,5
APTUSD,H4,MeanReversion,"window=50,z=1.5",0.7201680093713869,0.5318539727988547,0.16983373224005885,1.0610149691590605,1422,True,4,0.49731025068210954,5
APTUSD,H4,MeanReversion,"window=50,z=1.75",0.29673963919488844,0.5375,0.08087548939928091,1.035124408119231,972,True,4,0.5633838134725668,5
APTUSD,H4,MeanReversion,"window=20,z=2.0",-0.3779572469415846,0.5063520871143375,-0.13371436814956697,0.9260516138990136,557,True,4,0.24630861412198646,5
APTUSD,H4,MeanReversion,"window=50,z=2.0",-0.08113053645666413,0.5456081081081081,-0.025115171906424854,0.986102982873959,600,True,4,0.25281612272471543,5
APTUSD,H4,MeanReversion,"window=20,z=2.25",-0.23225606725483627,0.5064935064935064,-0.11106117042526474,0.9188515017137914,309,True,4,0.2029058559040614,5
APTUSD,H4,MeanReversion,"window=20,z=2.5",-0.2320917053877377,0.49295774647887325,-0.1436569720829847,0.845732453704216,142,True,5,0.22375127071346057,5
APTUSD,M15,TrendFollowing,"fast=8,slow=21",-0.07646866027519506,0.4884020618556701,-0.05365809299268344,0.9905291844312316,4999,True,4,0.019222492581000616,5
APTUSD,M15,TrendFollowing,"fast=10,slow=30",-0.19607029333009807,0.4888316151202749,-0.13758699458484444,0.9758947875960065,4999,True,4,0.07774995083301228,5
APTUSD,M15,TrendFollowing,"fast=21,slow=55",-0.21027390398403678,0.49076460481099654,-0.14755482419005056,0.9741711231542021,4999,True,4,0.13358906318985075,5
APTUSD,M15,VolatilityExpansion,"ema=50,mult=1.5",-0.33358542494729715,0.4724612736660929,-0.318863792748726,0.9228403751357543,2499,True,4,0.034864049364667915,5
APTUSD,M15,VolatilityExpansion,"ema=20,mult=2.0",-0.07288665436676656,0.44570502431118314,-0.11222263157266045,0.9447727084646442,658,True,4,0.18115074070429615,5
APTUSD,M15,VolatilityExpansion,"ema=20,mult=2.5",0.14870242893804464,0.4807017543859649,0.3050037115454646,1.2507781373183577,304,True,4,0.15918075135206955,5
APTUSD,M15,VolatilityExpansion,"ema=50,mult=2.5",-0.010419000627035713,0.4798951048951049,-0.013355851500942184,0.9951291758862576,1238,True,4,0.14146894937132726,5
APTUSD,M15,VolatilityExpansion,"ema=20,mult=3.0",0.11895786867250491,0.5193798449612403,0.3458043080393102,1.4469594699750388,135,True,4,0.11231967347228144,5
APTUSD,M15,VolatilityExpansion,"ema=50,mult=3.5",0.06903450005730594,0.4885654885654886,0.1275969021878404,1.0736526797204746,524,True,4,0.16668344924635403,5
ARBUSD,H1,MeanReversion,"window=50,z=1.5",-0.5307890275671555,0.519690576652602,-0.24285558550667005,0.9111929701000662,1445,True,5,0.22734420484748663,5
ARBUSD,H1,MeanReversion,"window=100,z=1.5",-0.22213228358874837,0.5156985871271585,-0.10021798585687833,0.9608119406944645,1292,True,5,0.27616263082239967,5
ARBUSD,H1,MeanReversion,"window=50,z=1.75",-0.5195295197815476,0.5172786177105831,-0.2627560887340013,0.8777833409331628,936,True,4,0.17061580711235824,5
ARBUSD,H1,MeanReversion,"window=50,z=2.0",-0.643414830958473,0.5068259385665529,-0.3683494984703822,0.7866313262621234,593,True,4,0.07458507313410989,5
ARBUSD,H1,MeanReversion,"window=100,z=2.0",-0.2540317429127755,0.5218150087260035,-0.1380951702497373,0.9152476664444925,582,True,4,0.09199433335292584,5
ARBUSD,H1,VolatilityExpansion,"ema=20,mult=3.0",0.45359417697358617,0.5310344827586206,0.33307627493401853,1.6766720405147586,146,True,4,0.2625623941886588,5
ARBUSD,H4,VolatilityExpansion,"ema=20,mult=3.0",0.6677235533301791,0.4806201550387597,0.31296689642329534,1.4925002501053823,130,True,4,0.39877076577100223,5
ARBUSD,M15,TrendFollowing,"fast=5,slow=20",0.14946153113211524,0.4922912205567452,0.11081710690091595,1.0203968665101153,4999,True,4,0.3568315749923533,5
ARBUSD,M15,TrendFollowing,"fast=8,slow=21",0.010736122608171694,0.49271948608137045,0.007960022845634239,1.0014514091403146,4999,True,4,0.39267461184957597,5
ARBUSD,M15,TrendFollowing,"fast=10,slow=30",-0.07611845140972417,0.49143468950749464,-0.05643642383184182,0.9897696594961837,4999,True,5,0.4221265591907929,5
ARBUSD,M15,TrendFollowing,"fast=13,slow=34",-0.19375851250128773,0.49400428265524626,-0.14366314718519346,0.9741630555011415,4999,True,5,0.3520062820397768,5
ARBUSD,M15,VolatilityExpansion,"ema=20,mult=1.5",0.04751835244698022,0.4474370112945265,0.060886307853668095,1.0229157600374807,1227,True,4,0.22537577772606843,5
ARBUSD,M15,VolatilityExpansion,"ema=50,mult=1.5",-0.1935080205159151,0.46525176862255513,-0.19574859706676184,0.9516621954755112,2577,True,4,0.221535575840051,5
ARBUSD,M15,VolatilityExpansion,"ema=20,mult=2.0",0.10235069119022844,0.45346869712351945,0.16713020078832252,1.090190635019205,630,True,4,0.2574732259305713,5
ARBUSD,M15,VolatilityExpansion,"ema=50,mult=2.0",-0.2492853389903349,0.45390070921985815,-0.29264552117259507,0.9157643181055192,1812,True,4,0.2254815041732321,5
ARBUSD,M15,VolatilityExpansion,"ema=50,mult=2.5",0.01384790207145159,0.45517241379310347,0.019093763525182838,1.0069194362867702,1235,True,4,0.22795851692731173,5
ARBUSD,M15,VolatilityExpansion,"ema=50,mult=3.0",-0.0842838151991041,0.4462915601023018,-0.13674221116402963,0.9411329919220272,836,True,4,0.2179433475030692,5
ARBUSD,M15,VolatilityExpansion,"ema=50,mult=3.5",0.06699334935426049,0.46473029045643155,0.1283138204113403,1.0766195563767273,508,True,5,0.20317237095510654,5
ATOMUSD,H1,MeanReversion,"window=50,z=1.5",0.08829840454769888,0.5424561403508772,0.051679190039858054,1.020837786261864,1451,True,5,0.16429711722266271,5
ATOMUSD,H1,MeanReversion,"window=50,z=1.75",-0.16095683223706425,0.5483516483516484,-0.10784863385260912,0.9450024222099289,926,True,5,0.15894025867056538,5
ATOMUSD,H1,MeanReversion,"window=50,z=2.0",-0.3124552656476234,0.5387323943661971,-0.23372541435022895,0.8480401374878382,580,True,4,0.09307377569653319,5
ATOMUSD,H1,MeanReversion,"window=100,z=2.25",0.00027828310937649814,0.5867507886435331,0.00021918816305619644,1.000218769397264,321,True,5,0.1831927832095709,5
ATOMUSD,H1,MeanReversion,"window=100,z=2.5",-0.13984968576324697,0.5846994535519126,-0.12187661456165035,0.8381426638913365,184,True,4,0.11346867435063501,5
ATOMUSD,H1,TrendFollowing,"fast=8,slow=21",0.28667640515197346,0.4938800489596083,0.10993516636176187,1.0210912853096652,4999,True,4,0.1061701658514227,5
ATOMUSD,H4,MeanReversion,"window=20,z=1.75",-1.2394082342829362,0.487964989059081,-0.42057967734847806,0.8226238427969381,918,True,4,0.012757444601674939,5
ATOMUSD,H4,MeanReversion,"window=50,z=1.75",-0.09187140745523747,0.5149572649572649,-0.02918760307323471,0.9869698402884836,942,True,4,0.32748842130456035,5
ATOMUSD,H4,MeanReversion,"window=20,z=2.0",-0.8190311552936846,0.5018450184501845,-0.34124562978406103,0.8060101187196396,543,True,4,0.06094759073483558,5
ATOMUSD,H4,MeanReversion,"window=50,z=2.0",0.11076835823435205,0.5210355987055016,0.04078796299440294,1.0234628561170747,620,True,4,0.20249279552867194,5
ATOMUSD,H4,TrendFollowing,"fast=13,slow=34",-0.05830852471202186,0.48920282542885973,-0.010294193948617128,0.9980949025031556,4999,True,4,0.5346613302673918,5
ATOMUSD,H4,TrendFollowing,"fast=21,slow=55",0.4238658008779488,0.4958627648839556,0.07483304297927378,1.0139587972734292,4999,True,4,0.49347878362805375,5
ATOMUSD,M15,TrendFollowing,"fast=10,slow=30",0.13754408803191398,0.5011759675005345,0.12270837073542658,1.0219896696600004,4999,True,5,0.2682643103908845,5
ATOMUSD,M15,VolatilityExpansion,"ema=20,mult=1.5",0.03835351476920945,0.4837291116974494,0.059000362685275656,1.0214619204974118,1193,True,4,0.1998215503750772,5
Accelerant Holding,M15,MeanReversion,"window=20,z=1.5",0.7663652766940912,0.5657894736842105,1.0013416900004228,1.5171336260404134,579,True,4,0.3696381145576051,5
Accelerant Holding,M15,MeanReversion,"window=20,z=1.75",0.6521985077993124,0.6005830903790087,0.9728301163257927,1.6634601712946933,363,True,4,0.30517708756527784,5
Accelerant Holding,M15,MeanReversion,"window=50,z=2.75",0.05164478869553657,0.5,0.16059755906045853,1.2160609163755642,64,True,4,0.09108516495974661,5
Adidas_turbo,H4,MeanReversion,"window=20,z=1.5",-0.27227879525969645,0.5007440476190477,-0.1308655673865215,0.9557533021659111,1363,True,4,0.010977047725991396,5
Adidas_turbo,H4,MeanReversion,"window=100,z=1.5",-0.025762022181762267,0.4855769230769231,-0.010789934654157896,0.9961591480592529,1469,True,4,0.26935758396608545,5
Adidas_turbo,H4,VolatilityExpansion,"ema=20,mult=2.0",0.19403754287646502,0.520855614973262,0.10402747138572062,1.044133570315832,949,True,4,0.07400701213615479,5
Adidas_turbo,M15,MeanReversion,"window=20,z=1.75",-0.20657522941424344,0.4947245017584994,-0.4100060617438897,0.8126446043845518,904,True,4,0.038341271762631246,5
Alibaba_turbo,H1,MeanReversion,"window=50,z=1.5",0.4028968276736181,0.5013422818791946,0.24096970737644438,1.1052948647378562,1502,True,4,0.28487019441960026,5
Alibaba_turbo,H1,MeanReversion,"window=50,z=1.75",0.2359767194829071,0.5046439628482973,0.191185322348289,1.0968507607436846,978,True,4,0.1938887590371906,5
Alibaba_turbo,H1,MeanReversion,"window=100,z=2.0",-0.04100705407267402,0.5,-0.035260511841688325,0.977999357660137,599,True,4,0.039431304212496965,5
Alibaba_turbo,H1,MeanReversion,"window=50,z=2.75",-0.18444485690683776,0.42105263157894735,-0.4227649489359403,0.6014823626686685,132,True,4,0.01882272069575852,5
Alibaba_turbo,H4,MeanReversion,"window=20,z=1.75",-0.13488646855010922,0.5085714285714286,-0.05571894575361557,0.9735538254951998,877,True,4,0.3611935150546013,5
Alibaba_turbo,H4,MeanReversion,"window=20,z=2.0",-0.3348124733355474,0.48380566801619435,-0.17960977934273142,0.8890654896262066,495,True,5,0.33895628313176374,5
Alibaba_turbo,H4,MeanReversion,"window=50,z=2.0",0.029495231788782106,0.522508038585209,0.01301783992578316,1.0074922554158128,624,True,4,0.475047576352013,5
Alibaba_turbo,H4,MeanReversion,"window=20,z=2.25",0.0682639524506038,0.4734982332155477,0.054979354009106224,1.0456837642978367,284,True,4,0.18006762549079913,5
Alibaba_turbo,H4,MeanReversion,"window=50,z=2.25",-0.31424929015563996,0.5054347826086957,-0.18179098846518488,0.8739291645965431,369,True,4,0.1516898217789927,5
Alibaba_turbo,H4,MeanReversion,"window=100,z=2.25",0.445956585944574,0.5315068493150685,0.2188985195404702,1.1853135589202524,365,True,4,0.13491735457483323,5
Alibaba_turbo,H4,TrendFollowing,"fast=34,slow=89",-0.09143370305302567,0.51145958986731,-0.015417375906578736,0.9968791336239601,4999,True,4,0.40338819457628605,5
Alibaba_turbo,H4,TrendFollowing,"fast=50,slow=200",0.05753499397171424,0.5106554081222356,0.009701437735533008,1.0019688220648408,4999,True,4,0.5135300694195803,5
Alibaba_turbo,M15,TrendFollowing,"fast=50,slow=200",-0.13999786584361518,0.5016266775111834,-0.07617766324991997,0.9794381659929023,4999,True,4,0.2028067826925618,5
Alibaba_turbo,M15,VolatilityExpansion,"ema=50,mult=2.0",0.11517559385278586,0.49863201094391246,0.07992621097028066,1.028685829825337,2978,True,4,0.14894230450911483,5
Alibaba_turbo,M15,VolatilityExpansion,"ema=50,mult=2.5",0.21715433283881935,0.49899799599198397,0.16337949330538976,1.0632295707827233,2543,True,5,0.23210323597071347,5
Alibaba_turbo,M15,VolatilityExpansion,"ema=50,mult=3.0",0.24658679039842424,0.5040341718082582,0.2013498995983508,1.083712854859118,2146,True,4,0.21297496709820019,5
Altcoins_INDX,H1,TrendFollowing,"fast=8,slow=21",0.47798186339433046,0.5002007226013649,0.16225002620756243,1.0364555370458988,4999,True,4,0.23140578522691946,5
Altcoins_INDX,H1,VolatilityExpansion,"ema=20,mult=1.5",0.6053539978239741,0.49613784907902553,0.2770230409622058,1.132642835400425,1686,True,4,0.399548837410038,5
Altcoins_INDX,H1,VolatilityExpansion,"ema=50,mult=1.5",0.11706928559158902,0.48555516881308736,0.04742694911226299,1.0148057176103236,2880,True,4,0.259787334306256,5
Altcoins_INDX,H1,VolatilityExpansion,"ema=20,mult=2.5",0.18669770462902435,0.4500941619585687,0.10008788864884542,1.1073360020257794,531,True,4,0.33040827704715725,5
Altcoins_INDX,H4,MeanReversion,"window=50,z=1.5",0.06494021251438808,0.5152709359605911,0.02666360639458942,1.0094893163396041,1014,True,4,0.2161628889564361,5
Altcoins_INDX,H4,MeanReversion,"window=50,z=1.75",-0.3579405554966162,0.5109809663250366,-0.16533112790219887,0.9299075099642207,682,True,4,0.12612824292128855,5
Altcoins_INDX,H4,MeanReversion,"window=100,z=1.75",-0.1544712182974579,0.5193075898801598,-0.06933144490095862,0.9721819061054078,750,True,4,0.08386213691035416,5
Altcoins_INDX,H4,MeanReversion,"window=50,z=2.5",-0.07737935003580854,0.49404761904761907,-0.05655565142368594,0.9433714840993964,167,True,4,0.06763302551225103,5
Altcoins_INDX,M15,TrendFollowing,"fast=5,slow=20",0.48012107891842726,0.49062688973997176,0.17041317832930933,1.0906387828129291,4999,True,5,0.4937232461235782,5
Altcoins_INDX,M15,TrendFollowing,"fast=8,slow=21",0.2699613258367274,0.492642612376537,0.09581573602551412,1.0499728301927287,4999,True,5,0.3669930589712057,5
Altcoins_INDX,M15,TrendFollowing,"fast=10,slow=30",0.26993241107083377,0.4946583350131022,0.09580547310913648,1.0499673440257544,4999,True,4,0.36654148221131255,5
Altcoins_INDX,M15,TrendFollowing,"fast=13,slow=34",0.25066722407550246,0.4992944970772022,0.0889675740947172,1.046318563773051,4999,True,4,0.32047268749818303,5
Altcoins_INDX,M15,TrendFollowing,"fast=21,slow=55",0.01370403948013299,0.5039306591413022,0.0048638032301420355,1.0024779962371084,4999,True,4,0.22010601327692336,5
Altcoins_INDX,M15,VolatilityExpansion,"ema=20,mult=1.5",0.42596298080126194,0.4765446224256293,0.1716160517227223,1.205904078959938,1768,True,5,0.5363142729343346,5
Altcoins_INDX,M15,VolatilityExpansion,"ema=50,mult=1.5",0.34580647830972266,0.4884979702300406,0.12975706378184118,1.1058130411665326,2983,True,4,0.4435929458453256,5
Altcoins_INDX,M15,VolatilityExpansion,"ema=20,mult=2.0",0.4586002898326267,0.48363636363636364,0.18645402067020703,1.3252513297333748,1105,True,5,0.49558025968204344,5
Altcoins_INDX,M15,VolatilityExpansion,"ema=50,mult=2.0",0.22367346288816148,0.4906054279749478,0.0858397865317837,1.0809287284430644,2420,True,4,0.31696184756430823,5
Altcoins_INDX,M15,VolatilityExpansion,"ema=20,mult=2.5",0.43671189383215436,0.4722222222222222,0.17885514275138104,1.4697755646670898,650,True,4,0.5008122705043103,5
Altcoins_INDX,M15,VolatilityExpansion,"ema=50,mult=2.5",0.38806609413209314,0.493918561607615,0.1568726161998831,1.1860973925476688,1914,True,4,0.4808008643987105,5
Altcoins_INDX,M15,VolatilityExpansion,"ema=20,mult=3.0",0.4582855968782793,0.4893048128342246,0.18857323398507436,1.7314094629609385,376,True,4,0.48082351857278227,5
Altcoins_INDX,M15,VolatilityExpansion,"ema=50,mult=3.0",0.3526126102159165,0.4922766957689725,0.14334509651753347,1.2068083120417825,1512,True,4,0.4709530100595669,5
Altcoins_INDX,M15,VolatilityExpansion,"ema=20,mult=3.5",0.43893549550158295,0.48717948717948717,0.18113914232339928,1.9668511485407911,196,True,4,0.4221911560463082,5
Altcoins_INDX,M15,VolatilityExpansion,"ema=50,mult=3.5",0.4112044979766014,0.5022502250225023,0.16800812651939992,1.3180281574173474,1129,True,4,0.4874757795480733,5
Amazon_turbo,H1,MeanReversion,"window=20,z=1.75",0.3541096388203929,0.5221238938053098,0.35290547113096443,1.1850543326282819,905,True,4,0.07541765371855513,5
Amazon_turbo,H1,MeanReversion,"window=100,z=1.75",0.3387961176144084,0.5093109869646183,0.33446689673317254,1.1510552419127276,1077,True,4,0.019167232625217134,5
Amazon_turbo,H4,MeanReversion,"window=50,z=1.5",0.06117989403255286,0.5202312138728323,0.024104872342346442,1.0084527649566846,1567,True,4,0.1823100265846217,5
Amazon_turbo,H4,MeanReversion,"window=100,z=1.5",0.7403205364756352,0.5245795601552393,0.285852907393885,1.1069502986913877,1553,True,4,0.27518901478560454,5
Amazon_turbo,H4,MeanReversion,"window=20,z=1.75",-0.06218543063196169,0.49455337690631807,-0.03353672901408066,0.9854564543721287,926,True,4,0.07392254255804054,5
Amazon_turbo,H4,MeanReversion,"window=50,z=2.25",0.1144469780319527,0.4928571428571429,0.09173500556434667,1.059797320892769,423,True,4,0.08295155879723692,5
Amazon_turbo,H4,MeanReversion,"window=20,z=2.75",0.16045261845392333,0.5925925925925926,0.42796940332893063,2.271810101532051,55,True,4,0.076674840927347,5
Amazon_turbo,M15,MeanReversion,"window=20,z=1.5",0.04227426666273093,0.4921383647798742,0.04643774037909654,1.025251118244863,1279,True,4,0.2133556738990512,5
Amazon_turbo,M15,MeanReversion,"window=20,z=1.75",0.08285126301439993,0.4885057471264368,0.09724484491528163,1.0688507082182612,874,True,5,0.25919173619234914,5
Amazon_turbo,M15,MeanReversion,"window=50,z=1.75",0.28608657237498747,0.5169491525423728,0.42320552940642975,1.2946325130410947,950,True,4,0.2030480890973988,5
Amazon_turbo,M15,MeanReversion,"window=20,z=2.0",0.0803202338243455,0.50177304964539,0.14033316672294974,1.1057233333356977,564,True,5,0.14653354583971878,5
Amazon_turbo,M15,MeanReversion,"window=50,z=2.0",0.19722092399357616,0.5153061224489796,0.5050125252959433,1.3184560673708328,590,True,4,0.09043634775509901,5
Amazon_turbo,M15,MeanReversion,"window=50,z=2.25",0.1427621327614217,0.4893048128342246,0.43800612408428824,1.3648683609587011,374,True,4,0.04692462429408206,5
Amazon_turbo,M15,MeanReversion,"window=50,z=2.5",0.04758714497322969,0.46613545816733065,0.19194343279078113,1.1534685504739999,250,True,4,0.037249786445494926,5
Amazon_turbo,M15,MeanReversion,"window=20,z=2.75",-0.06825474364822981,0.4084507042253521,-0.23283702887191582,0.7551339056598849,141,True,4,0.039822190320868756,5
Amazon_turbo,M15,MeanReversion,"window=20,z=3.0",-0.03197729023584217,0.40476190476190477,-0.12312043054758627,0.8228362929295335,83,True,5,0.0405462174835548,5
Apple_turbo,H1,MeanReversion,"window=20,z=1.5",0.33431836819768357,0.5179806362378977,0.3467034058148534,1.1342927240295624,1456,True,4,0.08353761835507423,5
Apple_turbo,H1,MeanReversion,"window=50,z=2.0",-0.28715014120996896,0.4985549132947977,-0.40559952635028107,0.8024025167056513,699,True,4,0.0269173638047987,5
Apple_turbo,H4,MeanReversion,"window=100,z=2.25",-0.01598968238440346,0.4731934731934732,-0.013094920731571522,0.9910766080630063,430,True,4,0.16178458831007625,5
Apple_turbo,H4,TrendFollowing,"fast=5,slow=20",2.2942449286155635,0.5196929913148859,0.5932801468919536,1.120389118976717,4999,True,5,0.9107577173280896,5
Apple_turbo,H4,TrendFollowing,"fast=8,slow=21",2.463645557468933,0.5225207028883054,0.6371544480071764,1.1298554701629766,4999,True,5,0.8969323624484695,5
Apple_turbo,H4,TrendFollowing,"fast=10,slow=30",2.4210255282754733,0.5166633003433649,0.6261146431529797,1.1274658527851857,4999,True,4,0.9366792845078762,5
Apple_turbo,H4,VolatilityExpansion,"ema=20,mult=1.5",0.38978776644447377,0.5163334958556801,0.16374962459576595,1.0499393819698424,2071,True,4,0.2564787171973819,5
Apple_turbo,M15,MeanReversion,"window=20,z=1.5",0.33543401263718164,0.5269262634631318,0.5032189399672791,1.2579274801104887,1217,True,4,0.1272137296283079,5
Apple_turbo,M15,MeanReversion,"window=20,z=1.75",0.24766187649829807,0.5207547169811321,0.4394220663856497,1.2688730480818287,797,True,4,0.11928258262688474,5
Apple_turbo,M15,MeanReversion,"window=50,z=1.75",0.14944933777066038,0.519438444924406,0.32090347499247296,1.1581142866016354,938,True,4,0.06315015449943684,5
Apple_turbo,M15,MeanReversion,"window=100,z=2.0",-0.019562865243973993,0.4954128440366973,-0.05566491026020472,0.9701287735005009,660,True,4,0.014684158337329722,5
Apple_turbo,M15,MeanReversion,"window=50,z=2.25",0.11894509257081687,0.5123287671232877,0.3542660700344026,1.3041555471083586,368,True,4,0.015567231154321237,5
Apple_turbo,M15,MeanReversion,"window=20,z=3.0",0.01676509456606623,0.4725274725274725,0.08524979542138643,1.125902800246064,90,True,5,0.03240770184204833,5
Apple_turbo,M15,MeanReversion,"window=50,z=3.0",0.045073669560429575,0.6105263157894737,0.31180914510642643,1.4441501995427999,94,True,4,0.03243358039342337,5
Arch Capital,H1,MeanReversion,"window=100,z=1.5",0.21077148337218055,0.4872944693572496,0.22793977278022942,1.085447510259676,1356,True,4,0.09596931408640785,5
Arch Capital,H1,MeanReversion,"window=50,z=1.75",-0.05480657497845154,0.4803921568627451,-0.07035288456928282,0.9706263422400505,929,True,4,0.012795187174743261,5
Arch Capital,H1,MeanReversion,"window=100,z=1.75",0.0914322610516145,0.4810810810810811,0.12304708408673402,1.0529328913561842,935,True,5,0.12249040874790784,5
Arch Capital,H1,MeanReversion,"window=20,z=2.0",0.09250243467595232,0.51252408477842,0.1475069504389946,1.0886686812117339,522,True,4,0.024062584523564134,5
Arch Capital,H1,MeanReversion,"window=50,z=2.0",0.04040592440112023,0.5084745762711864,0.06197170050195074,1.033759518820268,595,True,4,0.049411394568681155,5
Arch Capital,H1,MeanReversion,"window=100,z=2.0",0.06567933441103979,0.4743150684931507,0.10845863254554304,1.0598821521695865,590,True,5,0.06974125173315915,5
Arch Capital,H1,MeanReversion,"window=50,z=2.25",0.0003724914229193965,0.4905149051490515,0.0006822311421258526,1.0004622000049064,371,True,4,0.03630689415242838,5
Arch Capital,H1,MeanReversion,"window=100,z=2.25",0.03185069982565458,0.4649859943977591,0.06127079958305963,1.0432932389184784,361,True,5,0.0382350367551737,5
Arch Capital,H1,TrendFollowing,"fast=5,slow=20",-0.3565348028735842,0.5093250444049734,-0.22173630896981208,0.9580149550371153,4561,True,4,0.13650547960594905,5
Arch Capital,H4,MeanReversion,"window=20,z=1.5",0.07088953053143798,0.5264623955431755,0.14977406102946106,1.054397682818998,361,True,5,0.1122267505514909,5
Arch Capital,H4,MeanReversion,"window=20,z=1.75",0.07715281232313698,0.512,0.19089289456920616,1.0839709700551048,251,True,4,0.11439327665635901,5
Arch Capital,H4,MeanReversion,"window=20,z=2.0",0.08723944271855766,0.5234899328859061,0.2574146136477816,1.1546741709727628,149,True,4,0.04342828545139721,5
Arch Capital,M15,MeanReversion,"window=20,z=2.0",0.0979216122407146,0.48942598187311176,0.2383665731296485,1.131477690951454,671,True,4,0.04805832283406031,5
Arch Capital,M15,MeanReversion,"window=100,z=2.0",0.12107479937882604,0.535,0.3501367801887247,1.2109373549620532,616,True,4,0.02536440409317864,5
Arch Capital,M15,MeanReversion,"window=20,z=2.25",0.1039665710339086,0.49257425742574257,0.27979168139379884,1.2052442695279082,410,True,4,0.045404528959453905,5
Arch Capital,M15,MeanReversion,"window=20,z=2.5",0.10698163243132863,0.5222672064777328,0.3781613039328734,1.3593095459478075,247,True,4,0.023926869227654746,5
Arch Capital,M15,MeanReversion,"window=20,z=2.75",0.1039464142091443,0.5563380281690141,0.42058401155871944,1.5600152879784999,142,True,4,0.030385348313220817,5
Arch Capital,M15,TrendFollowing,"fast=8,slow=21",-0.2820433429682293,0.4996923076923077,-0.2809627514070041,0.9417930015738714,4999,True,4,0.09588316088455984,5
Arch Capital,M15,TrendFollowing,"fast=10,slow=30",-0.11070454091764359,0.5001025641025642,-0.11026578724111119,0.9767420276108358,4999,True,4,0.15352756533149714,5
Arch Capital,M15,TrendFollowing,"fast=13,slow=34",-0.14256423517283767,0.4980512820512821,-0.14200146837430755,0.9701485127622089,4999,True,4,0.12378637696599748,5
Arch Capital,M15,TrendFollowing,"fast=21,slow=55",-0.12490449539152892,0.49764102564102564,-0.12441028273454628,0.9737978362080529,4999,True,4,0.0329110023454946,5
Arch Capital,M15,VolatilityExpansion,"ema=50,mult=1.5",-0.18388383719975,0.5,-0.23582722327860306,0.9290673247962529,2502,True,4,0.10348604281764473,5
Arch Capital,M15,VolatilityExpansion,"ema=50,mult=2.0",-0.0628421529679366,0.505939524838013,-0.0876619404220946,0.9684477057915349,1902,True,4,0.09671909565306491,5
Arm Holdings,H1,MeanReversion,"window=100,z=1.75",-0.09796284748757556,0.5,-0.05077660898974006,0.9769253438453216,768,True,4,0.07546391752500736,5
Arm Holdings,H1,TrendFollowing,"fast=5,slow=20",1.1475668316693526,0.5071817731550272,0.2646408065107464,1.0611019798117822,4061,True,5,1.1915356480304964,5
Arm Holdings,H1,TrendFollowing,"fast=8,slow=21",1.2414129816665933,0.5141158989598811,0.2862894759063446,1.0662643559415477,4061,True,4,1.378889519111028,5
Arm Holdings,H1,TrendFollowing,"fast=10,slow=30",1.0169071372386975,0.5121347201584943,0.2345023270913729,1.0539573397117536,4061,True,5,1.1213569638375487,5
Arm Holdings,H1,TrendFollowing,"fast=13,slow=34",1.1772354236564668,0.5054482417038137,0.2714846677036179,1.0627312266193483,4061,True,5,1.189585296795009,5
Arm Holdings,H1,TrendFollowing,"fast=21,slow=55",0.9343969750428598,0.49777117384843983,0.215471535130461,1.0494710381324428,4061,True,4,0.888237014794416,5
Arm Holdings,H1,TrendFollowing,"fast=34,slow=89",1.4655070186783263,0.5009905894006934,0.3379907476694478,1.0786967607504756,4061,True,4,0.8291535091985579,5
Arm Holdings,H1,TrendFollowing,"fast=50,slow=200",1.5247971762907961,0.4980188211986132,0.3516714535439967,1.0820111584272945,4061,True,4,0.8998505536751182,5
Arm Holdings,H1,VolatilityExpansion,"ema=20,mult=1.5",0.33052702915200294,0.4859876965140123,0.10740372181582683,1.0463546388685805,1470,True,4,0.8362433992206845,5
Arm Holdings,H1,VolatilityExpansion,"ema=50,mult=1.5",0.8529572774484285,0.5024077046548957,0.2301644146824757,1.0710923535709918,2505,True,5,1.1569135532018795,5
Arm Holdings,H1,VolatilityExpansion,"ema=20,mult=2.0",0.6654705917564452,0.4977168949771689,0.2366948389817196,1.149301389420679,880,True,4,0.6942774806452324,5
Arm Holdings,H1,VolatilityExpansion,"ema=50,mult=2.0",0.8682864895310974,0.5047571357035553,0.25401674157115306,1.0903181932701345,2007,True,4,0.8478895056689134,5
Arm Holdings,H1,VolatilityExpansion,"ema=50,mult=2.5",0.8582392380517797,0.5019404915912031,0.2689666930698587,1.1150378235957878,1554,True,4,0.8671283947826828,5
Arm Holdings,H1,VolatilityExpansion,"ema=50,mult=3.0",0.039846913987041876,0.4833183047790803,0.01780658612799476,1.0070387297179257,1114,True,4,0.33154905502755916,5
Arm Holdings,H1,VolatilityExpansion,"ema=50,mult=3.5",-0.322832228274723,0.49037227214377405,-0.16499722007741524,0.9241132777511541,782,True,4,0.1934099693965302,5
Arm Holdings,H4,TrendFollowing,"fast=5,slow=20",1.1388731861858474,0.4944961896697714,0.46481868604146614,1.1066407717285607,1184,True,4,1.0309401445715507,5
Arm Holdings,H4,TrendFollowing,"fast=8,slow=21",0.8246540459365651,0.4877222692633362,0.336504896119269,1.0760986961622916,1184,True,4,0.7927588448500925,5
Arm Holdings,H4,TrendFollowing,"fast=10,slow=30",1.2996103303776851,0.497883149872989,0.5304905858131644,1.1226144628618686,1184,True,5,1.0298300404523837,5
Arm Holdings,H4,TrendFollowing,"fast=13,slow=34",1.4024853317703072,0.5012701100762066,0.5725360041889004,1.1329657004123586,1184,True,5,1.1114170134331633,5
Arm Holdings,H4,VolatilityExpansion,"ema=20,mult=1.5",1.0188668489368258,0.5108958837772397,0.5562783772958773,1.2721041408208529,415,True,4,0.782304859087055,5
Arm Holdings,H4,VolatilityExpansion,"ema=50,mult=1.5",0.8697133783444418,0.4951590594744122,0.4019531810468177,1.1270546932419203,726,True,4,1.016694733374206,5
Arm Holdings,H4,VolatilityExpansion,"ema=20,mult=2.0",-0.09407291009235041,0.4763779527559055,-0.07947546314029261,0.9646091031970587,254,True,4,0.2201113518882054,5
Arm Holdings,H4,VolatilityExpansion,"ema=20,mult=2.5",-0.1603008925193693,0.45985401459854014,-0.16644426096042825,0.8975643237415795,137,True,4,0.20731493736598738,5
Arm Holdings,H4,VolatilityExpansion,"ema=50,mult=3.0",-0.23508215783987307,0.4625,-0.17502806127319503,0.9338403519030695,321,True,4,0.17397225565360175,5
Arm Holdings,H4,VolatilityExpansion,"ema=50,mult=3.5",-0.0748104097061365,0.47342995169082125,-0.06728696057880204,0.9678504836848671,207,True,4,0.03347625739305948,5
Arm Holdings,M15,MeanReversion,"window=100,z=1.75",0.15759418874585585,0.5255863539445629,0.182825750213389,1.0834547800935905,945,True,4,0.05460774878409236,5
Arm Holdings,M15,MeanReversion,"window=100,z=2.0",0.1456958953207418,0.527972027972028,0.20804653966880898,1.1204533913227233,578,True,4,0.05186529096467596,5
Arm Holdings,M15,MeanReversion,"window=100,z=2.25",0.27190014596218925,0.5787878787878787,0.5042536315955546,1.432348350665582,333,True,4,0.06152550449628558,5
Arm Holdings,M15,MeanReversion,"window=50,z=2.5",0.10831950119201483,0.5232558139534884,0.20004671367508536,1.157820370644062,259,True,4,0.025071946220015406,5
Arm Holdings,M15,MeanReversion,"window=100,z=2.5",0.18356574165208295,0.5476190476190477,0.4078075400323091,1.4481851410388211,213,True,4,0.08361127746953634,5
Arm Holdings,M15,TrendFollowing,"fast=21,slow=55",0.3113834500251259,0.4945410432672867,0.13948384282148102,1.032016700308248,4999,True,4,0.02074283240510666,5
Arm Holdings,M15,VolatilityExpansion,"ema=50,mult=1.5",-0.143412768049771,0.4829329962073325,-0.09114112558253012,0.97675582518362,3198,True,4,0.04960450625096646,5
BP_turbo,H1,MeanReversion,"window=20,z=1.5",0.0196445900616401,0.5118449389806173,0.024411433966048827,1.0086740457089978,1410,True,4,0.13761578347990155,5
BP_turbo,H1,MeanReversion,"window=50,z=1.5",-0.09689369171686713,0.5077129443326627,-0.10257701904698943,0.9629065887836518,1516,True,4,0.08193302791826684,5
BP_turbo,H1,MeanReversion,"window=20,z=1.75",-0.1348409951183106,0.4951560818083961,-0.20823451307279817,0.9136646619603421,940,True,4,0.08642523191833207,5
BP_turbo,H1,MeanReversion,"window=50,z=1.75",0.010962215188907831,0.5123639960435212,0.013964904167347619,1.0061613599238997,1026,True,4,0.09846779381461068,5
BP_turbo,H1,MeanReversion,"window=20,z=2.0",-0.06978410660623635,0.4936247723132969,-0.13998934633622392,0.9242609043447522,557,True,4,0.06698831587313203,5
BP_turbo,H1,MeanReversion,"window=50,z=2.0",-0.15193338003419365,0.4984848484848485,-0.2452058049238878,0.8834822853058091,671,True,4,0.05206990190192695,5
BP_turbo,H1,MeanReversion,"window=100,z=2.0",0.03375519148179584,0.5165016501650165,0.04821369674257237,1.029039930131327,615,True,4,0.08092718543422095,5
BP_turbo,H1,MeanReversion,"window=50,z=2.25",-0.2127024438423356,0.48072562358276644,-0.3904086576543767,0.783692780655477,451,True,4,0.04146790568373615,5
BP_turbo,H1,MeanReversion,"window=100,z=2.25",-0.07614834643214774,0.5026178010471204,-0.12864071892908774,0.9070487805060016,388,True,4,0.06470478595493179,5
BP_turbo,H1,MeanReversion,"window=50,z=2.5",-0.15348313955200066,0.45018450184501846,-0.3933054331299502,0.7422910054715672,279,True,4,0.02694945622625422,5
BP_turbo,H1,MeanReversion,"window=100,z=2.5",-0.1739225612689994,0.4605263157894737,-0.34962174492327214,0.7021253241496633,228,True,4,0.048069650208152126,5
BP_turbo,H1,TrendFollowing,"fast=34,slow=89",-0.2948438575682285,0.501724487725705,-0.1701066121126629,0.965385915526874,4999,True,4,0.10025800127571016,5
BP_turbo,H4,MeanReversion,"window=100,z=2.0",0.13356459105084795,0.5106685633001422,0.08567307378952108,1.0443312980881063,708,True,4,0.12014143494902207,5
BP_turbo,H4,VolatilityExpansion,"ema=20,mult=1.5",-0.2033672602238169,0.4764705882352941,-0.08389642173569832,0.9710903909295449,1537,True,4,0.1320557358427924,5
BP_turbo,H4,VolatilityExpansion,"ema=50,mult=1.5",-0.13289468827614537,0.49231346081739785,-0.0443815663292922,0.9883569416081017,2685,True,4,0.13734843924555973,5
BRENTCash,H4,MeanReversion,"window=20,z=2.0",0.08867702144524525,0.5266272189349113,0.1236436102234924,1.0759635792611344,515,True,4,0.04396280226427263,5
BRENTCash,H4,MeanReversion,"window=20,z=2.25",0.06585914334122223,0.5458333333333333,0.16203016373788895,1.1352688695174453,241,True,4,0.05767055245577257,5
BRENTCash,H4,MeanReversion,"window=20,z=2.5",0.006514015234072912,0.5370370370370371,0.023621962098896335,1.026915739312612,107,True,4,0.039262050246216984,5
BRENTCash,H4,VolatilityExpansion,"ema=20,mult=2.5",-0.04382429998251092,0.4394366197183099,-0.07026852184448673,0.9515543577385797,357,True,4,0.08657039970862601,5
BRENTCash,M15,MeanReversion,"window=100,z=2.25",-0.06523025128158444,0.45933014354066987,-0.370372999818522,0.7990633214949369,450,True,4,0.013842253670712124,5
BRENTCash,M15,MeanReversion,"window=100,z=2.5",-0.028098318044403103,0.4745762711864407,-0.19215027912330254,0.8572586527588683,250,True,5,0.011656813587251236,5
BRENTCash,M15,MeanReversion,"window=100,z=2.75",0.0006947951294170585,0.4861111111111111,0.005897782612792659,1.006052462621115,150,True,4,0.01656596862213422,5
BTCJPY,H1,TrendFollowing,"fast=34,slow=89",0.1178216800953239,0.4960992198439688,0.08931249529650359,1.0171408930559256,4999,True,4,0.04177911138021806,5
BTCJPY,M15,MeanReversion,"window=20,z=2.75",-0.0026249573807641813,0.5510204081632653,-0.014317128501939651,0.9827207147525369,97,True,5,0.03424266140163479,5
BTCJPY,M15,TrendFollowing,"fast=10,slow=30",0.03484276563040378,0.49689813888333,0.04813824932884809,1.0094335968051553,4999,True,4,0.16074983754656735,5
BTGUSD,H1,MeanReversion,"window=100,z=2.25",-0.018854777427534275,0.5257270693512305,-0.039670553831015094,0.9767778105832697,447,True,4,0.02581139878742056,5
BTGUSD,H1,MeanReversion,"window=50,z=2.5",0.019781859889225983,0.5127272727272727,0.05442316400595924,1.0426712084186975,275,True,5,0.03785267795937319,5
BTGUSD,H1,MeanReversion,"window=100,z=2.5",-0.024774311917429626,0.5239852398523985,-0.06503430691357971,0.951473344880757,271,True,4,0.026232130376376728,5
BTGUSD,H1,MeanReversion,"window=50,z=2.75",-0.01669624178577478,0.521505376344086,-0.05103390943752487,0.9531900503592803,186,True,4,0.012187237935368134,5
BTGUSD,H4,MeanReversion,"window=20,z=1.5",0.01649951181369891,0.5447976878612717,0.008333892421014545,1.0029383929121896,1384,True,4,0.06814512303869158,5
BTGUSD,H4,MeanReversion,"window=20,z=1.75",-0.39390510993626093,0.5304162219850587,-0.2348529402641392,0.9070277003917634,937,True,4,0.03380848187804575,5
BTGUSD,H4,MeanReversion,"window=50,z=2.0",-0.22602608115138734,0.5266457680250783,-0.155608928414426,0.9223225309857394,637,True,4,0.1333698860595386,5
BTGUSD,H4,MeanReversion,"window=20,z=2.75",-0.07792560802346893,0.5043478260869565,-0.13300581973660594,0.8554198349840798,115,True,4,0.04753138215957331,5
BTGUSD,M15,MeanReversion,"window=20,z=2.75",-0.010733099079315633,0.5465116279069767,-0.07172188144396092,0.9088341995806224,85,True,4,0.020078752346665674,5
BTGUSD,M15,TrendFollowing,"fast=5,slow=20",-0.08192284497485114,0.4829727564102564,-0.11330372538695109,0.9789122222647332,4999,True,4,0.1023131929012222,5
BTGUSD,M15,TrendFollowing,"fast=8,slow=21",0.017041255441102687,0.49399038461538464,0.023568403490628442,1.0044431870489703,4999,True,4,0.14683501038078117,5
BTGUSD,M15,VolatilityExpansion,"ema=20,mult=1.5",-0.035240519201049314,0.44131910766246363,-0.08577898631702308,0.9661872238407507,1031,True,4,0.04999658081113645,5
BTGUSD,M15,VolatilityExpansion,"ema=50,mult=1.5",-0.07594468582652536,0.46709033136631867,-0.14611329350685617,0.9603410461295732,2206,True,4,0.10864781063582041,5
Blockchain&NFT,H1,MeanReversion,"window=100,z=1.5",-0.28424056022696886,0.4649014778325123,-0.1373831321050458,0.9561605388724265,1624,True,4,0.2033260415866811,5
Blockchain&NFT,H1,MeanReversion,"window=100,z=1.75",-0.421042404735228,0.4628975265017668,-0.25017885226616654,0.9088978729488774,1132,True,4,0.19533041982120847,5
Blockchain&NFT,H1,MeanReversion,"window=100,z=2.0",-0.43002994955143736,0.4479025710419486,-0.3125403030130169,0.8605788812815597,739,True,4,0.05159029627735068,5
Blockchain&NFT,H1,MeanReversion,"window=50,z=2.25",-0.10769561999906696,0.46984924623115576,-0.10870407507951137,0.9347043038845243,398,True,4,0.061249517254408414,5
Blockchain&NFT,H1,MeanReversion,"window=50,z=2.5",0.17099964774473597,0.5094339622641509,0.23663393748624884,1.2219551472989816,211,True,5,0.11923794058048554,5
Blockchain&NFT,H1,TrendFollowing,"fast=34,slow=89",0.8637629310954219,0.5221132679607765,0.2359030456613356,1.0456348042782087,4999,True,4,0.690085839385896,5
Blockchain&NFT,H1,TrendFollowing,"fast=50,slow=200",1.2576315423504023,0.5171102661596958,0.3435153341341009,1.0671424769097981,4999,True,5,1.1175617583633446,5
Blockchain&NFT,H4,VolatilityExpansion,"ema=50,mult=2.0",1.580903891917658,0.5222129086336965,0.6443747543373849,1.166371992296806,1194,True,4,0.3397382584919011,5
Blockchain&NFT,H4,VolatilityExpansion,"ema=20,mult=2.5",0.05797641524419783,0.4804804804804805,0.04518713204476725,1.0213559965661143,333,True,4,0.04897732515146547,5
Blockchain&NFT,H4,VolatilityExpansion,"ema=20,mult=3.0",0.1977972402015119,0.5113636363636364,0.21866629571687285,1.1474140772740555,176,True,4,0.06674604697107867,5
Blockchain&NFT,H4,VolatilityExpansion,"ema=50,mult=3.0",0.7037308644840693,0.5176151761517616,0.34977191840762084,1.1131528026250936,738,True,4,0.10521749958127757,5
Blockchain&NFT,H4,VolatilityExpansion,"ema=50,mult=3.5",0.7391345986050882,0.514336917562724,0.4162740844239052,1.1616224664512635,557,True,4,0.015178693946928279,5
Blockchain&NFT,M15,MeanReversion,"window=20,z=1.5",0.11358631952432152,0.5021337126600285,0.11003393211582711,1.0425829186314235,1406,True,5,0.14296558002246584,5
Blockchain&NFT,M15,MeanReversion,"window=50,z=1.5",0.20279535469847987,0.5006648936170213,0.20809189929236552,1.07980413456273,1504,True,5,0.17102300717304875,5
Blockchain&NFT,M15,MeanReversion,"window=20,z=1.75",0.09889995952852582,0.49785867237687365,0.11089950185246263,1.052532185448536,934,True,5,0.1522198957285661,5
Blockchain&NFT,M15,MeanReversion,"window=50,z=1.75",0.23994041599462257,0.501996007984032,0.2829979219270918,1.1354190554197383,1001,True,5,0.17234626806401954,5
Blockchain&NFT,M15,MeanReversion,"window=20,z=2.0",0.2931376573721154,0.5008347245409015,0.3986737827972211,1.2492310285352588,598,True,5,0.14746116203593052,5
Blockchain&NFT,M15,MeanReversion,"window=50,z=2.0",0.18143183306948574,0.4953560371517028,0.25971200893315843,1.1529975466519762,645,True,4,0.09211115485724153,5
Blockchain&NFT,M15,MeanReversion,"window=100,z=2.0",0.36030461175430517,0.5402476780185759,0.5138191476635313,1.341865121173887,645,True,4,0.0613196523549151,5
Blockchain&NFT,M15,MeanReversion,"window=20,z=2.25",0.16111061257664572,0.4920212765957447,0.25491014592354205,1.1856444962335186,375,True,4,0.08727227990025044,5
Blockchain&NFT,M15,MeanReversion,"window=50,z=2.25",0.2759667742294871,0.5244565217391305,0.5310611025740829,1.466877090101538,367,True,4,0.09083074530967761,5
Blockchain&NFT,M15,MeanReversion,"window=100,z=2.25",0.27131163216884346,0.5372340425531915,0.4522335088970567,1.4028625963155583,375,True,4,0.06654241810093442,5
Blockchain&NFT,M15,MeanReversion,"window=20,z=2.5",0.15346580057437265,0.4898785425101215,0.2832911669929803,1.2708209575577483,246,True,4,0.04721467098589671,5
Blockchain&NFT,M15,MeanReversion,"window=50,z=2.5",0.24507043096904413,0.5248868778280543,0.5398641405888274,1.6656835031743953,220,True,5,0.08297563697662846,5
Blockchain&NFT,M15,MeanReversion,"window=100,z=2.5",0.16144660854347992,0.5470085470085471,0.3838864550997865,1.3885419971410318,233,True,5,0.04667809122109312,5
Blockchain&NFT,M15,MeanReversion,"window=20,z=2.75",0.19286938474308657,0.4875,0.39169432311702285,1.5232268705958918,159,True,4,0.024358855498455623,5
Blockchain&NFT,M15,MeanReversion,"window=50,z=2.75",0.08905133114387487,0.48872180451127817,0.28988083850870694,1.3392578074063293,132,True,4,0.03847035730785209,5
Blockchain&NFT,M15,MeanReversion,"window=100,z=2.75",0.17493278623244723,0.5658914728682171,0.49063580367702814,1.796813392361378,128,True,4,0.033357105493936556,5
Blockchain&NFT,M15,MeanReversion,"window=20,z=3.0",0.26957154901358316,0.5588235294117647,0.6105867857778432,2.4250696670028584,101,True,4,0.04666611072877336,5
Blockchain&NFT,M15,MeanReversion,"window=20,z=3.25",0.24892769026356998,0.6229508196721312,0.6386593795601326,3.3726949002563287,60,True,4,0.04290225983889462,5
Blockchain&NFT,M15,TrendFollowing,"fast=21,slow=55",-0.39264876751532807,0.5048076923076923,-0.20565150320647702,0.9551765346710408,4999,True,4,0.03237968534205826,5
Blockchain&NFT,M15,TrendFollowing,"fast=34,slow=89",0.1815675276878208,0.5122195512820513,0.0950905097055488,1.0214294977790148,4999,True,4,0.08883145019386529,5
CA60Cash,H1,MeanReversion,"window=20,z=1.5",0.11749864059593274,0.5219150370869858,0.31914115465982895,1.117707330647537,1502,True,4,0.05972098071686971,5
CA60Cash,H1,MeanReversion,"window=20,z=1.75",0.10273532999167301,0.5288065843621399,0.3358623389066793,1.1595106370281882,985,True,5,0.08713981932483583,5
CA60Cash,H1,MeanReversion,"window=50,z=1.75",0.15750703934497534,0.5257836198179979,0.5204356497944165,1.2494867614789957,1006,True,4,0.03066461420129618,5
CA60Cash,H1,MeanReversion,"window=20,z=2.0",0.0641362821646122,0.532399299474606,0.2791352741603946,1.169985923422336,579,True,4,0.061425151648176746,5
CA60Cash,H1,MeanReversion,"window=50,z=2.0",0.06381368355406136,0.5211726384364821,0.2511199105223668,1.1476899177530748,624,True,4,0.028407033300349438,5
CA60Cash,H1,MeanReversion,"window=100,z=2.0",0.021358509711138063,0.50472334682861,0.0745468792060162,1.0412486504105203,753,True,4,0.02125730178252072,5
CA60Cash,H1,MeanReversion,"window=20,z=2.25",0.01608766229500236,0.5096774193548387,0.08739441774885602,1.0686025682966216,314,True,5,0.02739473941699122,5
CA60Cash,H1,MeanReversion,"window=50,z=2.25",0.032518829962295714,0.5230769230769231,0.16176411696091184,1.1332732789952644,330,True,4,0.037617228351454646,5
CA60Cash,H1,MeanReversion,"window=20,z=2.5",0.004392953610359185,0.5540540540540541,0.0321500529832727,1.0337721148456238,151,True,4,0.012694758994872157,5
CA60Cash,H1,MeanReversion,"window=50,z=2.5",0.0414713433032714,0.5303867403314917,0.26786756635225223,1.3211556762154206,180,True,4,0.011610678993072665,5
CA60Cash,H1,MeanReversion,"window=100,z=2.5",-0.03424524625948344,0.4899598393574297,-0.19371331058084312,0.8439142995857309,252,True,4,0.010714742195893634,5
CA60Cash,H1,TrendFollowing,"fast=21,slow=55",-0.024072670629242343,0.5135025380710659,-0.03406423308317834,0.9931585280118871,4999,True,4,0.023207305618224705,5
CA60Cash,H1,VolatilityExpansion,"ema=50,mult=3.5",0.030800502275840302,0.5113924050632911,0.10840947769075084,1.0574356133953402,801,True,4,0.031143782889181404,5
CA60Cash,H4,TrendFollowing,"fast=10,slow=30",0.224172532365997,0.5093062605752962,0.18800018315300313,1.0358693447750604,3552,True,5,0.09635908379476155,5
CA60Cash,M15,MeanReversion,"window=50,z=1.75",-0.019964158799400056,0.49065420560747663,-0.13674060804267477,0.946503422011924,1091,True,4,0.01402258606933282,5
CA60Cash,M15,MeanReversion,"window=100,z=1.75",0.021049822941762386,0.501460564751704,0.1653282680525779,1.069108405062608,1054,True,4,0.01479418866941351,5
CA60Cash,M15,MeanReversion,"window=100,z=2.0",0.025926827064802205,0.5084459459459459,0.25542433471606907,1.1444373462046376,602,True,5,0.020602581858661595,5
CA60Cash,M15,MeanReversion,"window=100,z=2.25",0.020400117633659454,0.5150602409638554,0.24843135805932987,1.1867838168378988,337,True,4,0.016778721602642155,5
CA60Cash,M15,TrendFollowing,"fast=8,slow=21",0.03884054946992643,0.5026563138536984,0.137452810815275,1.0269005877499466,4999,True,4,0.033086647994388874,5
CHN50Cash,H1,MeanReversion,"window=20,z=1.5",0.054271745073635635,0.5380875202593193,0.11552387415895352,1.0536715917801065,1240,True,4,0.05172972905761475,5
CHN50Cash,H1,MeanReversion,"window=50,z=1.5",0.0021678610207711557,0.5010452961672474,0.004642889264452313,1.0021558360134213,1438,True,4,0.07818088837805659,5
CHN50Cash,H1,MeanReversion,"window=20,z=1.75",0.07277701902422307,0.5403128760529483,0.1916568224957706,1.102803609023417,834,True,4,0.031232038465188405,5
CHN50Cash,H1,MeanReversion,"window=50,z=1.75",-0.047669312826900234,0.492600422832981,-0.11536876692236882,0.9367154485304284,945,True,4,0.040010499349378725,5
CHN50Cash,H1,MeanReversion,"window=50,z=2.0",0.021250653481292736,0.5218855218855218,0.05776410503357803,1.0434770613898647,593,True,4,0.04571078187375954,5
CHN50Cash,H1,MeanReversion,"window=50,z=2.25",0.060269380984734444,0.53315649867374,0.18403790110965312,1.1790150400965882,376,True,5,0.05340965347465709,5
CHN50Cash,H1,MeanReversion,"window=50,z=2.5",0.10937366759805789,0.5849056603773585,0.534561276332208,1.664703158067154,211,True,5,0.05191686809038776,5
CHN50Cash,H1,TrendFollowing,"fast=5,slow=20",0.07097847934115831,0.4974833903764848,0.09624944869649439,1.0232597849186336,4999,True,4,0.016233463856685226,5
CHN50Cash,M15,MeanReversion,"window=100,z=1.5",-0.027838437202512667,0.5049295774647887,-0.11913721265597314,0.9477489784663453,1439,True,4,0.011065083213979254,5
CHN50Cash,M15,MeanReversion,"window=100,z=2.25",-0.004116992630978866,0.5123287671232877,-0.028732788250332535,0.9791785417533226,371,True,4,0.01349933688114402,5
CHZUSD,H1,MeanReversion,"window=50,z=1.5",-0.26454186246231604,0.5339966832504146,-0.1340321690624842,0.9462530951529714,1453,True,5,0.1858171193896686,5
CHZUSD,H1,MeanReversion,"window=100,z=1.5",0.0860884155299867,0.5309060118543607,0.043040634090154434,1.0178593603801767,1401,True,4,0.13801565717353104,5
CHZUSD,H1,MeanReversion,"window=50,z=1.75",-0.23932019584892106,0.5404411764705882,-0.13424361939998466,0.9318374638194175,973,True,4,0.18142490407002332,5
CHZUSD,H1,MeanReversion,"window=100,z=1.75",0.03536514456593265,0.5359628770301624,0.01906225845911125,1.0096521271310526,1028,True,4,0.18222090899909194,5
CHZUSD,H1,MeanReversion,"window=100,z=2.0",-0.11230720621175172,0.5418118466898955,-0.06604013305692252,0.9576413705629724,684,True,4,0.19167251123266305,5
CHZUSD,H4,MeanReversion,"window=100,z=2.25",0.6597950231796653,0.5521628498727735,0.25862129057668515,1.1908973008985897,413,True,5,0.21950479942707646,5
CHZUSD,H4,TrendFollowing,"fast=5,slow=20",0.9534920172093642,0.4895833333333333,0.149692394757849,1.0281215628850113,4999,True,4,0.7506393752332507,5
CHZUSD,H4,TrendFollowing,"fast=8,slow=21",0.2490160329034543,0.4914965986394558,0.03909236906890697,1.0072687753790748,4999,True,4,0.315460687555142,5
CHZUSD,H4,TrendFollowing,"fast=50,slow=200",-0.1939958486728932,0.4917091836734694,-0.03045485941179795,0.9943736418786513,4999,True,4,0.9482386083999377,5
CHZUSD,M15,MeanReversion,"window=20,z=1.5",0.5917075863132462,0.5861321776814734,0.6037821022021139,1.262545923690317,1323,True,4,0.17350313947746387,5
CHZUSD,M15,MeanReversion,"window=50,z=1.5",0.3316634091486511,0.5684210526315789,0.32698299750989435,1.1314124945770716,1343,True,4,0.2151913749422063,5
CHZUSD,M15,MeanReversion,"window=20,z=1.75",0.5748590881481177,0.601957585644372,0.6841520291711691,1.3939367894865045,864,True,4,0.16383837017853864,5
CHZUSD,M15,MeanReversion,"window=50,z=1.75",0.402080075702255,0.5825958702064897,0.4451676613373908,1.2249264274541578,927,True,4,0.20292716072674677,5
CHZUSD,M15,MeanReversion,"window=100,z=1.75",0.08064586277905605,0.5458452722063037,0.08211674252543849,1.0375421300417933,946,True,4,0.11925360679857622,5
CHZUSD,M15,MeanReversion,"window=20,z=2.0",0.34473129972037353,0.6096256684491979,0.4709147104757579,1.3496919303464867,513,True,4,0.09270604629271784,5
CHZUSD,M15,MeanReversion,"window=50,z=2.0",0.27445988509428476,0.5849462365591398,0.34117098315220246,1.2134707022201074,623,True,4,0.14855738374732153,5
CHZUSD,M15,MeanReversion,"window=100,z=2.25",0.08567780486107412,0.5561797752808989,0.11234629398991851,1.072688230689202,465,True,4,0.07804274875008321,5
CHZUSD,M15,MeanReversion,"window=20,z=2.5",0.22920057796847082,0.6722689075630253,0.4417396900788172,1.7371802261669738,164,True,4,0.06419249974120789,5
CHZUSD,M15,MeanReversion,"window=100,z=2.5",0.050775772609434444,0.5670995670995671,0.08119988294477588,1.0648744139286554,295,True,4,0.06466033069254173,5
COCOA-MAR26,H1,TrendFollowing,"fast=8,slow=21",1.1803702060006893,0.5136116152450091,0.3105111146531809,1.0599943603429227,4999,True,4,0.5085787339485804,5
COCOA-MAR26,H1,TrendFollowing,"fast=10,slow=30",1.3000218013318547,0.5170397257511595,0.34200089971339925,1.0662773929036122,4999,True,4,0.519484458391806,5
COCOA-MAR26,H1,TrendFollowing,"fast=13,slow=34",1.0780637172995169,0.5178463399879008,0.2835891174896595,1.0546523623082142,4999,True,5,0.572363766243866,5
COCOA-MAR26,H1,TrendFollowing,"fast=21,slow=55",1.1657642076197563,0.52046783625731,0.306667381290006,1.0592299997343755,4999,True,4,0.5288206499833262,5
COCOA-MAR26,H1,VolatilityExpansion,"ema=20,mult=1.5",0.8851981259987093,0.5264127764127764,0.37901367411805387,1.1320492861581735,1641,True,5,0.4704533751912561,5
COCOA-MAR26,H1,VolatilityExpansion,"ema=20,mult=2.0",0.6313945823924791,0.5392456676860347,0.32443904741781615,1.1494802574752259,989,True,5,0.4996991295340608,5
COCOA-MAR26,H1,VolatilityExpansion,"ema=50,mult=2.0",1.0308135656596886,0.52977503308337,0.3818411402889729,1.1120526180403922,2286,True,5,0.600223426019906,5
COCOA-MAR26,H1,VolatilityExpansion,"ema=50,mult=2.5",0.795254255643488,0.5285302593659942,0.33010092611360825,1.111925164653458,1751,True,4,0.35176694685022325,5
COCOA-MAR26,H1,VolatilityExpansion,"ema=50,mult=3.5",0.6804736583098264,0.5471698113207547,0.36933693855968813,1.1875577293753852,859,True,4,0.21494414386994143,5
COCOA-MAR26,H4,TrendFollowing,"fast=5,slow=20",0.9489812555835724,0.49979364424267436,0.22301431693467955,1.0485807872313222,4999,True,4,0.9871322803254167,5
COCOA-MAR26,H4,TrendFollowing,"fast=8,slow=21",0.8090961434143458,0.5018572018159306,0.1901356421877693,1.0412719333789109,4999,True,5,0.6686721353389907,5
COCOA-MAR26,H4,VolatilityExpansion,"ema=20,mult=1.5",0.6060506650005457,0.5077105575326216,0.2213747710579389,1.0836748071681193,1747,True,4,0.3932806071837589,5
COCOA-MAR26,H4,VolatilityExpansion,"ema=20,mult=2.0",0.26644844681669755,0.5097465886939572,0.12402395122714222,1.0607437180788055,1062,True,4,0.3374293695840779,5
COCOA-MAR26,H4,VolatilityExpansion,"ema=20,mult=2.5",-0.08593902421400823,0.5195246179966044,-0.049521841730308755,0.9682104262138251,610,True,4,0.1403945135871396,5
COCOA-MAR26,H4,VolatilityExpansion,"ema=50,mult=2.5",0.003482540542042778,0.49968294229549776,0.001335067488051138,1.0004890085041187,1627,True,4,0.3705173620235208,5
COCOA-MAR26,H4,VolatilityExpansion,"ema=20,mult=3.0",-0.041254955895253964,0.5107142857142857,-0.029075054671112842,0.9714166164068337,289,True,4,0.06435755574208302,5
COCOA-MAR26,H4,VolatilityExpansion,"ema=50,mult=3.0",0.25260954161650817,0.506318449873631,0.11094062529668824,1.0479830443150455,1220,True,5,0.4778614508020105,5
COCOA-MAR26,M15,TrendFollowing,"fast=34,slow=89",0.3692086800899297,0.5020374898125509,0.23030682952425,1.042983290717763,4999,True,4,0.09244866663020157,5
COCOA-MAR26,M15,VolatilityExpansion,"ema=50,mult=2.0",0.2395968594085296,0.48502994011976047,0.21527276645448107,1.0621826550052456,2204,True,4,0.038148578346727025,5
COFFE-MAR26,H1,TrendFollowing,"fast=8,slow=21",0.46428344452976855,0.517720499395892,0.2067458329630606,1.036609326743214,4999,True,4,0.15102474332120208,5
COFFE-MAR26,H1,TrendFollowing,"fast=10,slow=30",0.47693282616447696,0.5187273459524768,0.21237960894444544,1.037625510417576,4999,True,4,0.1247181939426597,5
COFFE-MAR26,H1,VolatilityExpansion,"ema=20,mult=1.5",0.38766471625555,0.5261437908496732,0.30133701525493944,1.0988486955803927,1540,True,4,0.1656493524536068,5
COFFE-MAR26,H4,TrendFollowing,"fast=13,slow=34",0.3712482949529363,0.5080677692617991,0.10770110696792828,1.0197666419891875,4999,True,5,0.4592786219075583,5
COFFE-MAR26,H4,TrendFollowing,"fast=21,slow=55",-0.14887503340510588,0.49959661153691004,-0.043188605533212285,0.9921815974127322,4999,True,5,0.6212319820467701,5
COFFE-MAR26,H4,TrendFollowing,"fast=34,slow=89",-0.14180207002005307,0.4947559499798306,-0.041136726709193314,0.9925516616882126,4999,True,4,0.5795085507233179,5
COFFE-MAR26,H4,TrendFollowing,"fast=50,slow=200",0.4827514222039324,0.5016135538523598,0.14005098526911539,1.0257800097126129,4999,True,4,0.4950868556732714,5
COFFE-MAR26,M15,TrendFollowing,"fast=10,slow=30",0.18377675464189713,0.5042492917847026,0.1460096023459661,1.0271233365930807,4999,True,4,0.043878832293940406,5
COFFE-MAR26,M15,TrendFollowing,"fast=13,slow=34",0.20050734165477757,0.5040469445568596,0.15930324303422122,1.029629159716944,4999,True,4,0.09907471757078212,5
COFFE-MAR26,M15,TrendFollowing,"fast=21,slow=55",0.14832575208252452,0.5046539862403885,0.1178422414042495,1.0218340564573216,4999,True,4,0.17782199439897728,5
COFFE-MAR26,M15,TrendFollowing,"fast=34,slow=89",0.20931228524486611,0.5034399028733306,0.16629952946704618,1.0309504095865603,4999,True,4,0.1520474827312569,5
CORN-MAR26,H1,VolatilityExpansion,"ema=50,mult=2.0",-0.005317093047871091,0.5182625863770978,-0.007628454729392462,0.9975649622264141,2387,True,4,0.03156924980181841,5
CORN-MAR26,H1,VolatilityExpansion,"ema=50,mult=2.5",0.03767353523075889,0.5286069651741293,0.060254683227559246,1.0218898387542463,1889,True,4,0.04840531777771151,5
CORN-MAR26,H1,VolatilityExpansion,"ema=20,mult=3.0",0.03341349761014578,0.528023598820059,0.11592213872949114,1.0818971569380629,370,True,5,0.051757786282251805,5
CORN-MAR26,H1,VolatilityExpansion,"ema=50,mult=3.0",0.025998646213138743,0.533175355450237,0.04498085263630248,1.0186011718642909,1477,True,4,0.028240586793304545,5
CORN-MAR26,H1,VolatilityExpansion,"ema=20,mult=3.5",-0.009007065787806301,0.5024390243902439,-0.038757027721079,0.9660400536452175,215,True,4,0.03325040341801622,5
CORN-MAR26,M15,MeanReversion,"window=20,z=1.5",0.12218020480709724,0.5458860759493671,0.39391543673245494,1.434397483152133,933,True,4,0.07493719664293397,5
COTTO-MAR26,M15,MeanReversion,"window=20,z=1.5",0.08929573198915808,0.5751552795031056,0.6888199982146781,1.342418186381934,911,True,4,0.034881232154329145,5
COTTO-MAR26,M15,MeanReversion,"window=20,z=1.75",0.059665725903353506,0.5747126436781609,0.5675641643801738,1.3521488987001882,592,True,4,0.016427399711788637,5
COTTO-MAR26,M15,MeanReversion,"window=50,z=1.75",0.09743558585618106,0.5905923344947736,0.8564155121020678,1.5347360497056952,631,True,4,0.027802520862447277,5
CRVUSD,H1,MeanReversion,"window=50,z=1.5",0.8633766508694205,0.5540334855403348,0.3544621440640055,1.1508079735336276,1432,True,4,0.6134052859384824,5
CRVUSD,H1,MeanReversion,"window=100,z=1.5",0.432740948550804,0.5281853281853282,0.17739827546927875,1.07300551213458,1391,True,4,0.3068676282451498,5
CRVUSD,H1,MeanReversion,"window=50,z=1.75",0.16688066326550133,0.552757793764988,0.07770769340811003,1.0415517342641218,911,True,4,0.3793507092270507,5
CRVUSD,H1,MeanReversion,"window=100,z=1.75",0.033201593446767874,0.5326340326340326,0.01522723434364516,1.0078685292072171,933,True,4,0.1660586430301776,5
CRVUSD,H1,MeanReversion,"window=50,z=2.0",0.10520657184622739,0.5714285714285714,0.05543330529577463,1.0406447126290148,559,True,4,0.24289667565832107,5
CRVUSD,H1,MeanReversion,"window=100,z=2.0",-0.0059491335753065755,0.5454545454545454,-0.0030382551540235215,0.9978518405823872,586,True,4,0.139277252009968,5
CRVUSD,H1,MeanReversion,"window=100,z=2.25",-0.010252698898739365,0.5492537313432836,-0.005893332774063209,0.9944490032461173,364,True,4,0.09929914468673784,5
CRVUSD,H4,MeanReversion,"window=20,z=1.5",0.7898386505056524,0.5156369183829138,0.181269884197651,1.0677055278896355,1380,True,4,0.36432908311668366,5
CRVUSD,H4,MeanReversion,"window=20,z=1.75",0.4960820422917104,0.518957345971564,0.13746287060793386,1.064587660576363,886,True,4,0.019439970711463972,5
CRVUSD,H4,MeanReversion,"window=50,z=2.25",0.1824002489750075,0.5366568914956011,0.06508016941209166,1.0515621806251505,355,True,4,0.18966994450719676,5
CRVUSD,H4,MeanReversion,"window=100,z=2.25",0.8248421338268034,0.5513196480938416,0.30450695891785134,1.2427203452633384,359,True,4,0.23025334233157635,5
CRVUSD,H4,TrendFollowing,"fast=5,slow=20",-1.36517976819431,0.4942602040816326,-0.1756516711796072,0.9675273736304426,4998,True,4,0.1873113608183602,5
CRVUSD,H4,TrendFollowing,"fast=8,slow=21",-1.2323640733921204,0.4927721088435374,-0.15856106322759064,0.9706401958080759,4998,True,4,0.38532038213474473,5
CRVUSD,H4,VolatilityExpansion,"ema=20,mult=2.0",0.1420822828941548,0.48282828282828283,0.04478279001719558,1.028185553134151,512,True,4,0.0657250495801407,5
CRVUSD,M15,MeanReversion,"window=100,z=2.25",0.016605716689274352,0.5457413249211357,0.028689948580726283,1.018377719902743,394,True,4,0.04218626853970964,5
CRVUSD,M15,TrendFollowing,"fast=5,slow=20",0.0077168871385302484,0.48554421768707484,0.005339167010766519,1.0009782323397807,4999,True,4,0.22328364833313752,5
CRVUSD,M15,TrendFollowing,"fast=8,slow=21",0.2030944188454502,0.4923469387755102,0.14052265283017398,1.0260681092871962,4999,True,5,0.38171363622397125,5
CRVUSD,M15,TrendFollowing,"fast=10,slow=30",-0.061120156618648114,0.4880952380952381,-0.04228801817331315,0.9922857520999043,4999,True,5,0.3333233273525049,5
CRVUSD,M15,TrendFollowing,"fast=13,slow=34",-0.19092263596947934,0.48441043083900226,-0.13210029700245657,0.976098589359871,4999,True,5,0.2813584639076139,5
CRVUSD,M15,VolatilityExpansion,"ema=20,mult=1.5",-0.0968871783717955,0.45757250268528465,-0.1164341602045937,0.9587634288783055,1232,True,5,0.17755541022517252,5
CRVUSD,M15,VolatilityExpansion,"ema=50,mult=2.0",-0.09877800791805402,0.4717868338557994,-0.1093510367095536,0.9673607086425978,1802,True,4,0.13752083346513166,5
CRVUSD,M15,VolatilityExpansion,"ema=50,mult=2.5",-0.06407764858863951,0.4671857619577308,-0.0832258852580271,0.9703900430118921,1234,True,4,0.1225047041188786,5
ChinaHCash,H1,MeanReversion,"window=20,z=1.5",0.048982044260372226,0.5055350553505535,0.07746368886220832,1.0288727514889007,1378,True,5,0.127180284257013,5
ChinaHCash,H1,MeanReversion,"window=50,z=1.5",0.05290936032345084,0.49836065573770494,0.07806233077265232,1.0289047202143415,1563,True,4,0.05455287529532138,5
ChinaHCash,H1,MeanReversion,"window=100,z=1.5",0.17185942753085814,0.5104942450914015,0.23801936972703933,1.0966629670476709,1504,True,4,0.07390892615759137,5
ChinaHCash,H1,MeanReversion,"window=20,z=1.75",0.030466871490183234,0.4982857142857143,0.05794730461528412,1.0269652583161677,886,True,4,0.04963218837471228,5
ChinaHCash,H1,MeanReversion,"window=100,z=1.75",0.15545690344195973,0.5150602409638554,0.2464710835446057,1.1284600269282803,1013,True,5,0.08632659784133878,5
ChinaHCash,H1,MeanReversion,"window=100,z=2.0",0.13626241302096076,0.5307820299500832,0.2754327447494523,1.190705871179865,615,True,5,0.06961623008833895,5
ChinaHCash,H1,MeanReversion,"window=100,z=2.25",0.05678931577823565,0.5140449438202247,0.13560835373265132,1.1239639442350577,361,True,5,0.07947422630888601,5
ChinaHCash,H1,TrendFollowing,"fast=13,slow=34",0.11453436393696648,0.5073740270380991,0.08884233016252217,1.0192034385428892,4999,True,4,0.07379946235788948,5
ChinaHCash,H1,TrendFollowing,"fast=21,slow=55",-0.0265760046725092,0.5020483408439165,-0.02061424282645966,0.9955962213784313,4999,True,4,0.1282318561081619,5
ChinaHCash,H1,TrendFollowing,"fast=34,slow=89",-0.07045647530417809,0.5004096681687833,-0.05465134027916715,0.9883672970241177,4999,True,4,0.13236562804164298,5
ChinaHCash,H4,MeanReversion,"window=20,z=1.5",0.4254676786684689,0.5204435204435205,0.32422048847190926,1.119289396009484,1458,True,4,0.1281717803495922,5
ChinaHCash,H4,MeanReversion,"window=50,z=1.5",0.4178313472545413,0.5240641711229946,0.3005035169604308,1.1113867747090018,1505,True,4,0.09184110058963635,5
ChinaHCash,H4,MeanReversion,"window=100,z=1.5",0.1614039961063698,0.5104166666666666,0.10964997620816418,1.038438153834456,1551,True,4,0.11595503907338778,5
ChinaHCash,H4,MeanReversion,"window=20,z=1.75",0.26258183726715467,0.5157096424702059,0.2677092353505896,1.121201525071577,931,True,4,0.15236179924981996,5
ChinaHCash,H4,MeanReversion,"window=100,z=1.75",0.30496462752985587,0.5158582089552238,0.2535002665179187,1.1060713323595495,1079,True,5,0.11414283882498377,5
ChinaHCash,H4,MeanReversion,"window=20,z=2.0",0.22760884155223626,0.5131578947368421,0.30803660636568886,1.1919419682031371,537,True,5,0.10320938207463937,5
ChinaHCash,H4,MeanReversion,"window=50,z=2.0",0.3985715556946654,0.5398230088495575,0.45543995333205867,1.2896137057404393,569,True,4,0.12595101291709432,5
ChinaHCash,H4,MeanReversion,"window=100,z=2.0",0.3891258852429049,0.5449189985272459,0.39127863144474156,1.2166151620905015,678,True,4,0.04652522508847434,5
ChinaHCash,H4,MeanReversion,"window=20,z=2.25",0.12498639004068945,0.5168539325842697,0.22070386279093615,1.1942427512574822,270,True,5,0.11533796340842006,5
ChinaHCash,H4,MeanReversion,"window=50,z=2.25",0.325202765637316,0.5555555555555556,0.4516895374119019,1.4067017855698156,317,True,4,0.10642168623184745,5
ChinaHCash,H4,MeanReversion,"window=50,z=2.5",0.052261455279489444,0.5087719298245614,0.09537289917329127,1.1067257425039472,172,True,4,0.042511966981601534,5
ChinaHCash,H4,TrendFollowing,"fast=10,slow=30",0.029890965319584795,0.4922080550495851,0.01189192146873529,1.002307449111813,4999,True,4,0.30435151565193397,5
ChinaHCash,H4,TrendFollowing,"fast=13,slow=34",-0.2508131068575813,0.48795790325844973,-0.09978626782933604,0.9808458739432816,4999,True,4,0.19415880087301585,5
ChinaHCash,M15,TrendFollowing,"fast=5,slow=20",0.055501055877185346,0.5102863202545069,0.10521113971816318,1.0221615485770088,4999,True,4,0.050746951272467866,5
ChinaHCash,M15,TrendFollowing,"fast=21,slow=55",-0.015143988655962781,0.5041357370095441,-0.028707272086688378,0.9940371137633277,4999,True,4,0.010768321417164328,5
ChinaInternet,H1,MeanReversion,"window=20,z=1.5",-0.06458328139525804,0.49053627760252366,-0.05912307832498908,0.9755120958959878,1268,True,4,0.16715902722598053,5
ChinaInternet,H1,MeanReversion,"window=100,z=1.5",0.010665704153717037,0.5070611970410221,0.006763672076414299,1.0029624500348653,1487,True,4,0.05199878954999859,5
ChinaInternet,H1,MeanReversion,"window=100,z=1.75",0.07424918583997087,0.5063168124392614,0.059269686772865295,1.0298878336503996,1029,True,4,0.1369662560701116,5
ChinaInternet,H1,MeanReversion,"window=100,z=2.0",0.13418658742976763,0.5225903614457831,0.13428963278689646,1.0838477942784681,664,True,4,0.05736419211843036,5
ChinaInternet,H1,MeanReversion,"window=100,z=2.25",-0.009463625014856425,0.5162907268170426,-0.01245033680362282,0.9903170256970538,399,True,4,0.017701754035782113,5
ChinaInternet,H1,MeanReversion,"window=20,z=3.0",-0.04472484850575287,0.4225352112676056,-0.1402239317124963,0.8183478734483277,70,True,4,0.01873286516127015,5
ChinaInternet,H4,MeanReversion,"window=100,z=1.5",0.2621106852038707,0.5135396518375241,0.10261054994487671,1.0399978806227668,1036,True,4,0.24917562242395963,5
ChinaInternet,H4,MeanReversion,"window=20,z=1.75",0.41188886364649835,0.5164835164835165,0.2543321068009643,1.1269425224516862,640,True,4,0.1667186017318789,5
ChinaInternet,H4,MeanReversion,"window=100,z=1.75",0.5076799264591781,0.5107913669064749,0.2403198788311829,1.116455282944824,694,True,4,0.3070345950141731,5
ChinaInternet,H4,MeanReversion,"window=100,z=2.0",0.4941803676604145,0.5021834061135371,0.2604079713400549,1.1617608521519385,457,True,4,0.24500371990197423,5
ChinaInternet,H4,MeanReversion,"window=50,z=2.25",0.6267678188102573,0.556390977443609,0.4929652363361853,1.4083403516668889,266,True,4,0.20365128143164068,5
ChinaInternet,H4,MeanReversion,"window=50,z=2.5",-0.017841482920286422,0.5114503816793893,-0.02003372497315364,0.9803215413687445,131,True,4,0.06157946362946487,5
ChinaInternet,H4,TrendFollowing,"fast=34,slow=89",-0.4299112658877948,0.5063255552431825,-0.10528855243225237,0.9790236601042245,3566,True,4,0.8810906590086879,5
ChinaInternet,H4,TrendFollowing,"fast=50,slow=200",-0.419060883101249,0.507450098397526,-0.10263109827718907,0.9795476608586574,3566,True,4,0.785707180137556,5
ChinaInternet,M15,MeanReversion,"window=100,z=1.5",0.06239665994074184,0.4993160054719562,0.07648809250215136,1.0435130586557833,1464,True,4,0.1021199551638311,5
ChinaInternet,M15,MeanReversion,"window=100,z=2.0",0.0643744326588952,0.48191027496382055,0.17249679898671025,1.1049565374371968,691,True,4,0.02037879005524934,5
ChinaInternet,M15,MeanReversion,"window=50,z=2.25",0.08586437401887181,0.5249343832020997,0.30082517211250787,1.2151489848688173,381,True,5,0.04236324355558374,5
ChinaInternet,M15,MeanReversion,"window=20,z=2.5",0.14098958852882715,0.5357142857142857,0.5034434854381727,1.545873301122785,252,True,4,0.04817212657308023,5
ChinaInternet,M15,MeanReversion,"window=50,z=2.5",0.0369573355227395,0.5238095238095238,0.14287752361562658,1.1186016264997496,252,True,5,0.03139451813016314,5
ChinaInternet,M15,MeanReversion,"window=20,z=2.75",0.16727901973847148,0.5911949685534591,0.648363655840469,2.049678003266561,159,True,4,0.04007459152921766,5
ChinaInternet,M15,MeanReversion,"window=50,z=2.75",0.026362711856923404,0.5454545454545454,0.11278715548603206,1.1051786021897885,186,True,4,0.02774646541016168,5
ChinaInternet,M15,MeanReversion,"window=20,z=3.0",0.12631964047535083,0.5806451612903226,0.5182675268124457,1.9275901390951309,123,True,4,0.032143475373526686,5
ChinaInternet,M15,MeanReversion,"window=50,z=3.0",-0.01715746812445229,0.5211267605633803,-0.08041516016184676,0.9213686170679729,141,True,4,0.012846761534068496,5
Crypto_10,H1,MeanReversion,"window=50,z=1.5",-0.08152279255732753,0.5123809523809524,-0.07690729677721163,0.9752143159080128,1575,True,4,0.11052970732994516,5
Crypto_10,H1,MeanReversion,"window=50,z=1.75",-0.02553553063454861,0.5289099526066351,-0.029080002094416007,0.9885796453482072,1055,True,4,0.0803551220885309,5
Crypto_10,H1,MeanReversion,"window=100,z=1.75",-0.22181535532008567,0.5028195488721805,-0.23462328677877303,0.910697672189282,1064,True,4,0.06842596800590983,5
Crypto_10,H4,VolatilityExpansion,"ema=20,mult=1.5",1.025427157544839,0.5194009530292716,0.43278900613761895,1.1636463809929072,1469,True,4,0.32056260306395723,5
Crypto_10,H4,VolatilityExpansion,"ema=20,mult=2.0",0.5011259555780131,0.5210466439135382,0.2602513818785835,1.1294320001192975,879,True,4,0.13711829015048782,5
Crypto_10,H4,VolatilityExpansion,"ema=20,mult=3.0",0.12484535585829803,0.48034934497816595,0.10982577992764188,1.1102934512058686,228,True,4,0.11617159056426629,5
Crypto_10,H4,VolatilityExpansion,"ema=20,mult=3.5",0.09670291505544781,0.48148148148148145,0.09649326022232287,1.1503486367147173,107,True,4,0.0971309658663585,5
Crypto_10,H4,VolatilityExpansion,"ema=50,mult=3.5",0.43468253163495474,0.5241581259150805,0.2540938241373157,1.1405339628214055,682,True,5,0.24636527334597913,5
Crypto_10,M15,TrendFollowing,"fast=5,slow=20",-0.09154462042891931,0.4839421918908069,-0.11545690510417105,0.9778111980160918,4999,True,4,0.17593899626692444,5
Crypto_10,M15,TrendFollowing,"fast=8,slow=21",-0.050679312264128806,0.492974708952228,-0.06391603537972879,0.9876550898718703,4999,True,4,0.23914836954551677,5
Crypto_10,M15,TrendFollowing,"fast=10,slow=30",0.07072505422430686,0.4969891609795263,0.08919812823869362,1.0174863874491509,4999,True,5,0.19999041009755936,5
Crypto_10,M15,TrendFollowing,"fast=13,slow=34",0.027064775514255568,0.49498193496587717,0.03413351616902069,1.006655696136454,4999,True,4,0.20188401579916704,5
Crypto_10,M15,VolatilityExpansion,"ema=20,mult=1.5",-0.017397714139379405,0.44892648015614833,-0.032495152163587074,0.9890558425192244,1537,True,4,0.11274935450606749,5
DASHUSD,H1,TrendFollowing,"fast=5,slow=20",2.416843199279669,0.5026617526617526,0.4552509620709817,1.1054538584025617,4998,True,4,0.48631516061458435,5
DASHUSD,H1,TrendFollowing,"fast=10,slow=30",1.559647566361745,0.4967239967239967,0.29371400571705175,1.066802659869644,4998,True,4,0.15496495219327633,5
DASHUSD,H1,VolatilityExpansion,"ema=20,mult=2.5",1.0073682041537133,0.4855305466237942,0.43275995075176027,1.466813219667815,315,True,4,0.450413048769701,5
DASHUSD,H1,VolatilityExpansion,"ema=20,mult=3.0",0.7855165803275872,0.5,0.400691013054585,1.6516945504166858,160,True,5,0.5169034786659082,5
DASHUSD,H4,MeanReversion,"window=100,z=2.0",0.2243672531611962,0.5557404326123128,0.06788702630821157,1.0425804259573876,607,True,4,0.1864992626473191,5
DASHUSD,H4,TrendFollowing,"fast=8,slow=21",1.3554554359856468,0.4910010111223458,0.18874917357068408,1.0401384420627247,4999,True,4,0.8344252676377362,5
DASHUSD,H4,TrendFollowing,"fast=10,slow=30",1.2683331506523818,0.48675429726996966,0.17661571291510414,1.0375101458366458,4999,True,5,0.8818096295541633,5
DASHUSD,H4,VolatilityExpansion,"ema=20,mult=3.0",0.599091927401477,0.5135135135135135,0.26715622478429885,1.431617659538036,110,True,4,0.3219709247360817,5
DASHUSD,M15,VolatilityExpansion,"ema=50,mult=3.5",0.28547297043004916,0.49406175771971494,0.26175138530346137,1.2088806184264853,426,True,4,0.443864717300239,5
DOGEUSD,H1,MeanReversion,"window=50,z=1.5",-0.08110771565034491,0.5294535131298793,-0.044831463747911894,0.9834788565189925,1415,True,4,0.163369813855462,5
DOGEUSD,H1,MeanReversion,"window=100,z=1.5",-0.10225194978861096,0.524904214559387,-0.055353404676048996,0.9790858437629979,1310,True,4,0.1608001732762846,5
DOGEUSD,H1,MeanReversion,"window=100,z=1.75",-0.02757196321942934,0.5209713024282561,-0.016916599624225655,0.9921710269506063,908,True,4,0.1749085210044804,5
DOGEUSD,H1,MeanReversion,"window=50,z=2.5",-0.19213198550080968,0.5525114155251142,-0.1766010981754684,0.8139932658175946,218,True,4,0.03516206223523999,5
DOGEUSD,H1,TrendFollowing,"fast=10,slow=30",0.21334554387231763,0.48594941790445606,0.07355505984574377,1.0140981856616391,4999,True,4,0.1680852373132583,5
DOGEUSD,H1,TrendFollowing,"fast=13,slow=34",0.38366636848598545,0.4901645925331192,0.1322796769857196,1.025496718340451,4999,True,4,0.4168874581283303,5
DOGEUSD,H1,TrendFollowing,"fast=21,slow=55",0.4868970776294915,0.4981934965877158,0.16787490104609012,1.0324683311217517,4999,True,4,0.25872625743207467,5
DOGEUSD,H1,VolatilityExpansion,"ema=20,mult=1.5",0.4356266548270997,0.4752,0.24592221344684362,1.1026431297527277,1256,True,4,0.25379690670126664,5
DOGEUSD,H1,VolatilityExpansion,"ema=20,mult=2.0",0.2765456196286179,0.4783904619970194,0.19183881995975371,1.115239974129914,676,True,4,0.19297407220257057,5
DOGEUSD,H1,VolatilityExpansion,"ema=50,mult=3.5",0.1840520786199702,0.4980544747081712,0.1416686861776663,1.1002604014878927,515,True,4,0.23945101088201148,5
DOGEUSD,H4,MeanReversion,"window=20,z=2.5",-0.05779000918911248,0.506578947368421,-0.04119883148104309,0.9553210960903963,153,True,4,0.09589316128873371,5
DOGEUSD,H4,TrendFollowing,"fast=5,slow=20",1.2260445368957424,0.4819349658771578,0.18674182493406621,1.036291986626233,4999,True,4,0.6629883699534905,5
DOGEUSD,H4,TrendFollowing,"fast=8,slow=21",1.2269023040071254,0.48354074668807706,0.18687249163087852,1.036317838346992,4999,True,4,0.5475253528727749,5
DOGEUSD,H4,TrendFollowing,"fast=10,slow=30",2.24264993581842,0.4913689281413087,0.3416389341632231,1.0673984835232024,4999,True,4,1.2096426853165592,5
DOGEUSD,H4,TrendFollowing,"fast=13,slow=34",0.8750020055027661,0.48795664391810517,0.13326915803281733,1.0257669475111086,4999,True,4,1.0530954592999984,5
DOGEUSD,H4,TrendFollowing,"fast=50,slow=200",1.191915064479496,0.4969891609795263,0.18154279225609382,1.0352639116063351,4999,True,4,0.7243860902535487,5
DOGEUSD,H4,VolatilityExpansion,"ema=50,mult=2.0",1.1930503556325127,0.470479704797048,0.25298108550373805,1.0875407132414348,1631,True,4,0.6381195449017549,5
DOGEUSD,H4,VolatilityExpansion,"ema=20,mult=2.5",0.6598629194139533,0.49044585987261147,0.25733871166171257,1.2144665783118644,315,True,4,0.1309844844266893,5
DOGEUSD,H4,VolatilityExpansion,"ema=50,mult=3.5",0.5273389732444087,0.48743718592964824,0.1863324142324269,1.1312354367762003,400,True,4,0.1387484555222015,5
DOGEUSD,M15,TrendFollowing,"fast=5,slow=20",0.35625368075816943,0.4939197405755979,0.31602810978924833,1.061620466066108,4999,True,4,0.3788923627561781,5
DOGEUSD,M15,TrendFollowing,"fast=8,slow=21",0.2522586184883623,0.5010133765707336,0.22375330098843346,1.0432437241566683,4999,True,5,0.4424245680407529,5
DOGEUSD,M15,VolatilityExpansion,"ema=20,mult=1.5",0.20456472621820265,0.46221441124780316,0.2936756700268837,1.1231911459009858,1146,True,4,0.25709792610288074,5
DOTUSD,H1,MeanReversion,"window=50,z=1.5",0.008549771141611484,0.5159235668789809,0.004370443604242406,1.0017826891184596,1441,True,5,0.20871010049902428,5
DOTUSD,H1,MeanReversion,"window=50,z=1.75",-0.07602485716402962,0.5301075268817205,-0.04322269800781488,0.9773707480649249,945,True,4,0.160879110183753,5
DOTUSD,H1,MeanReversion,"window=50,z=2.0",-0.17340687839271196,0.5286738351254481,-0.11246995351323927,0.9230610100086296,568,True,4,0.12247596824908247,5
DOTUSD,H1,MeanReversion,"window=100,z=2.5",-0.3122788382566145,0.5141509433962265,-0.22631115792616935,0.7448211093491925,213,True,4,0.02707125444189884,5
DOTUSD,H1,VolatilityExpansion,"ema=20,mult=2.5",0.2909627075332879,0.46325878594249204,0.20678930357989933,1.227873888532298,315,True,4,0.3401889951683813,5
DOTUSD,H4,MeanReversion,"window=50,z=1.5",-0.0003727503098251983,0.5224719101123596,-9.978132649890567e-05,0.9999642924325371,1436,True,4,0.22237527090382592,5
DOTUSD,H4,MeanReversion,"window=20,z=1.75",-0.6563966444755882,0.5250544662309368,-0.21528451752212013,0.9053146226765617,923,True,4,0.053460306622361786,5
DOTUSD,H4,MeanReversion,"window=50,z=1.75",-0.009357804524417923,0.534010152284264,-0.002807551708910353,0.9987612537258563,990,True,4,0.5501780469465198,5
DOTUSD,H4,MeanReversion,"window=50,z=2.5",0.1718531724731831,0.541871921182266,0.08245316773638371,1.090170238246793,204,True,4,0.1533739599787205,5
DOTUSD,H4,TrendFollowing,"fast=5,slow=20",1.5807741715181276,0.5003023583954848,0.265699968245592,1.0507013537864325,4999,True,4,0.625158806833471,5
DOTUSD,H4,TrendFollowing,"fast=10,slow=30",1.6062933468706608,0.49526305180407176,0.26999051800012164,1.0515409424257316,4999,True,4,0.3270070874820721,5
DOTUSD,H4,TrendFollowing,"fast=34,slow=89",1.3190439356246952,0.5057448095142109,0.22169834612035072,1.0421298508361017,4999,True,4,0.43083168423891083,5
DOTUSD,H4,TrendFollowing,"fast=50,slow=200",0.3690700380938611,0.4984882080225761,0.062025880816997614,1.0116118194540689,4999,True,4,0.5756575649160949,5
DOTUSD,M15,TrendFollowing,"fast=5,slow=20",0.09789689525044121,0.4827586206896552,0.0765870048124033,1.014043647960148,4999,True,4,0.4216180667881466,5
DOTUSD,M15,TrendFollowing,"fast=8,slow=21",-0.04139476219317373,0.48017241379310344,-0.03238377007038682,0.994120519804525,4999,True,4,0.3438406463459671,5
DOTUSD,M15,TrendFollowing,"fast=10,slow=30",0.0348935783701837,0.4842672413793103,0.027297775813254287,1.0049830857381665,4999,True,5,0.4282973229179141,5
DOTUSD,M15,TrendFollowing,"fast=13,slow=34",-0.14102906265853077,0.4818965517241379,-0.11033167772375048,0.9801097601020238,4999,True,4,0.36614620816764476,5
DOTUSD,M15,TrendFollowing,"fast=21,slow=55",-0.0378695450321237,0.49418103448275863,-0.029625927480108255,0.994619874987567,4999,True,4,0.26412978445551616,5
DOTUSD,M15,VolatilityExpansion,"ema=20,mult=1.5",0.23115270476352712,0.46296296296296297,0.29913750489891255,1.1209606399904943,1160,True,5,0.33926333602806413,5
DOTUSD,M15,VolatilityExpansion,"ema=50,mult=1.5",0.04510393640982702,0.46826835902085223,0.04746749442238462,1.0126584598175845,2367,True,4,0.33040483739055493,5
DOTUSD,M15,VolatilityExpansion,"ema=20,mult=2.0",0.1082010051855441,0.4654867256637168,0.1673458236019395,1.0911164974178236,604,True,5,0.2521113442779338,5
DOTUSD,M15,VolatilityExpansion,"ema=50,mult=2.0",0.15155611328011365,0.4719949653870359,0.18303394920540583,1.0590192278143185,1705,True,4,0.3399345809223736,5
DOTUSD,M15,VolatilityExpansion,"ema=20,mult=2.5",0.2714789863038951,0.5102040816326531,0.5021775914977643,1.43946143231499,309,True,5,0.2881582125678015,5
DOTUSD,M15,VolatilityExpansion,"ema=50,mult=2.5",0.1324675237491756,0.4745308310991957,0.17698385333673758,1.0693542723119402,1204,True,4,0.30558080497256035,5
DOTUSD,M15,VolatilityExpansion,"ema=20,mult=3.0",0.2526855756901558,0.535483870967742,0.5581615579822715,1.7704373671717661,165,True,5,0.21734136297156137,5
DOTUSD,M15,VolatilityExpansion,"ema=50,mult=3.0",0.23915425155598358,0.4946949602122016,0.3602497599157296,1.1788261850562562,806,True,5,0.31018503871443814,5
DOTUSD,M15,VolatilityExpansion,"ema=20,mult=3.5",0.20011709074634987,0.5730337078651685,0.49523854713089716,1.9641606184576867,92,True,5,0.1606946219900821,5
DOTUSD,M15,VolatilityExpansion,"ema=50,mult=3.5",0.310584904185254,0.5216535433070866,0.524909517261105,1.3422050748716532,541,True,5,0.32286656903864575,5
Daimler Truck,H1,MeanReversion,"window=100,z=1.5",-0.008642673024154002,0.4932266009852217,-0.006399802946783948,0.997574483142737,1673,True,4,0.09432070569156659,5
Daimler Truck,H1,MeanReversion,"window=20,z=2.0",-0.09561390637417377,0.481335952848723,-0.1430884830535971,0.9213211204163108,525,True,4,0.014844493588832441,5
Daimler Truck,H1,MeanReversion,"window=20,z=2.5",0.09930075019110585,0.5263157894736842,0.23820142581058745,1.294937284159134,156,True,4,0.0730903102241871,5
Daimler Truck,H1,TrendFollowing,"fast=5,slow=20",-0.09094481414344968,0.5018526142445451,-0.04218251620141576,0.9910202416321126,4999,True,4,0.2791999616094686,5
Daimler Truck,H1,TrendFollowing,"fast=21,slow=55",0.1570697701813364,0.5090572251955537,0.07285346151128293,1.0157010889609372,4999,True,4,0.27192089303258016,5
Daimler Truck,H1,VolatilityExpansion,"ema=20,mult=3.0",0.006966163504295797,0.5189873417721519,0.012252528858759035,1.0090669730826818,322,True,5,0.07042579737874599,5
Daimler Truck,H4,MeanReversion,"window=20,z=1.5",0.17767046302124923,0.5081761006289308,0.08305601577970845,1.0493751642864346,807,True,5,0.42669770507910443,5
Daimler Truck,H4,MeanReversion,"window=50,z=1.5",0.46971721734791094,0.49352179034157834,0.21893338579660732,1.1313381830634242,864,True,5,0.3219750904001446,5
Daimler Truck,H4,MeanReversion,"window=20,z=1.75",0.048878835928669595,0.4970414201183432,0.024638615973982935,1.019535528036587,515,True,5,0.2736409489719801,5
Daimler Truck,H4,MeanReversion,"window=50,z=1.75",0.4151444553081334,0.5057660626029654,0.19978294597483975,1.1517265175227223,615,True,5,0.22719267684290723,5
Daimler Truck,H4,MeanReversion,"window=100,z=1.75",0.745437860913372,0.5227272727272727,0.37927479360679545,1.3511926288314442,579,True,4,0.054045199477399386,5
Daimler Truck,H4,MeanReversion,"window=20,z=2.0",0.16251407426925424,0.5031645569620253,0.08603262959840247,1.1010418981146641,321,True,5,0.08811060701600315,5
Daimler Truck,H4,MeanReversion,"window=50,z=2.0",0.38375230596042764,0.5081081081081081,0.19565408832854106,1.213514212112022,373,True,4,0.07198282929382538,5
Daimler Truck,M15,MeanReversion,"window=50,z=2.0",0.07020293627569218,0.5387323943661971,0.17526318576901634,1.1033059847774984,592,True,5,0.018875747735672466,5
Daimler Truck,M15,MeanReversion,"window=100,z=2.0",0.0013873936566057843,0.5196078431372549,0.0037539735986224622,1.0019639540287084,636,True,4,0.032584205122074716,5
Daimler Truck,M15,TrendFollowing,"fast=5,slow=20",0.42601258649312446,0.5009511731135067,0.4229694814703001,1.0914056980917717,4999,True,4,0.20791732952117092,5
Daimler Truck,M15,TrendFollowing,"fast=8,slow=21",0.38547842008568567,0.5022194039315155,0.3827002346823622,1.0823505422275843,4999,True,5,0.19995900365189945,5
Daimler Truck,M15,TrendFollowing,"fast=10,slow=30",0.3131876967921655,0.5066582117945466,0.31089980539942436,1.0663942437902436,4999,True,4,0.17112957000306772,5
Daimler Truck,M15,TrendFollowing,"fast=13,slow=34",0.12385313352279825,0.5056013527795392,0.12292847350273133,1.0257396825809546,4999,True,4,0.13706266569090664,5
Daimler Truck,M15,VolatilityExpansion,"ema=50,mult=1.5",0.09308447329814806,0.49913284772806105,0.12047020957084331,1.0314713836105145,3052,True,5,0.12525435096140713,5
Digital Realty,H1,MeanReversion,"window=20,z=1.5",0.5533924979717303,0.5117104329311568,0.41303653398026374,1.1767335590210473,1415,True,4,0.12960497090703338,5
Digital Realty,H1,MeanReversion,"window=50,z=1.5",0.3395493550917378,0.5067934782608695,0.2676132404800316,1.1016797241437244,1483,True,4,0.17093777336768734,5
Digital Realty,H1,MeanReversion,"window=100,z=1.5",0.5230899271991046,0.5193075898801598,0.4231302565520259,1.160260210902067,1513,True,4,0.11072485046438718,5
Digital Realty,H1,MeanReversion,"window=20,z=1.75",0.27483100846320896,0.5038084874863983,0.25182005171970734,1.1307972695751898,923,True,4,0.1771766277279293,5
Digital Realty,H1,MeanReversion,"window=50,z=1.75",0.19767997015726158,0.5039525691699605,0.1850940472075969,1.0827088528804236,1017,True,4,0.13455132167446704,5
Digital Realty,H1,MeanReversion,"window=20,z=2.0",0.12552960245061762,0.5128676470588235,0.14153961551393893,1.09488651274834,544,True,4,0.18241580968959248,5
Digital Realty,H1,MeanReversion,"window=50,z=2.0",0.46376949921335964,0.5292307692307693,0.5565977784191803,1.3561859142358925,652,True,4,0.10087109366015423,5
Digital Realty,H1,MeanReversion,"window=100,z=2.0",0.6003417528796466,0.5440494590417311,0.6822727619007006,1.4660897413538396,650,True,4,0.11981142388305788,5
Digital Realty,H1,MeanReversion,"window=20,z=2.25",0.10647256033902497,0.528169014084507,0.1373350882022121,1.141452789722947,284,True,4,0.16277106836004673,5
Digital Realty,H1,MeanReversion,"window=50,z=2.25",0.4352908318224469,0.5477386934673367,0.5867200317794838,1.542962008047684,398,True,4,0.11209538233066363,5
Digital Realty,H1,MeanReversion,"window=100,z=2.25",0.19482059667216733,0.5297029702970297,0.2973319272573604,1.2184489367557632,404,True,4,0.06961606969539025,5
Digital Realty,H1,MeanReversion,"window=20,z=2.5",0.06345168460346073,0.5109489051094891,0.15090187949316333,1.1942414591113133,137,True,4,0.0763008922354248,5
Digital Realty,H1,MeanReversion,"window=50,z=2.5",0.20085632358653294,0.5384615384615384,0.40876193436530356,1.4696231903371366,207,True,5,0.10322665662445019,5
Digital Realty,H1,MeanReversion,"window=100,z=2.5",0.20376214464848474,0.5493562231759657,0.3857652920152221,1.408333563107573,232,True,4,0.05106769404879907,5
Digital Realty,H1,MeanReversion,"window=50,z=2.75",0.12298182903251709,0.5480769230769231,0.30873228483117304,1.5016153522745683,103,True,4,0.07718223854482498,5
Digital Realty,H1,MeanReversion,"window=100,z=2.75",0.1703247370466725,0.592,0.4284798637765115,1.6714341406976563,124,True,4,0.11026382633441778,5
Digital Realty,H1,MeanReversion,"window=20,z=3.0",0.017267282209536106,0.4358974358974359,0.0814966748324313,1.1732959122609328,38,True,4,0.053379650096018194,5
Digital Realty,H1,TrendFollowing,"fast=13,slow=34",-0.7971512989475296,0.48984107825387246,-0.34325821765524583,0.933182106965602,4999,True,4,0.07033175044691409,5
Digital Realty,H1,TrendFollowing,"fast=50,slow=200",-0.3346173045205796,0.49587608127137395,-0.14406050756116137,0.9713976392016282,4999,True,4,0.19034738647915095,5
Digital Realty,H4,MeanReversion,"window=50,z=1.5",0.0007647586071464207,0.4888888888888889,0.0006087539764136395,1.0001925670854284,901,True,4,0.12949386688366116,5
Digital Realty,H4,MeanReversion,"window=20,z=1.75",0.10548903028290446,0.48134991119005327,0.10167572930084955,1.0413424795124449,566,True,4,0.09026566587924756,5
Digital Realty,H4,MeanReversion,"window=100,z=1.75",0.42603795048923376,0.5073649754500819,0.42218718235452984,1.1806115445136496,612,True,5,0.17592063395682878,5
Digital Realty,H4,MeanReversion,"window=100,z=2.0",0.2043398636809658,0.5135135135135135,0.26058173597909096,1.149326249634125,333,True,4,0.037244348193353094,5
Digital Realty,M15,MeanReversion,"window=50,z=1.5",0.34104180255314986,0.5306930693069307,0.5270328299179143,1.2064508146102,1536,True,4,0.031960001418339434,5
Digital Realty,M15,MeanReversion,"window=20,z=2.0",0.22191496824342327,0.5430016863406408,0.4721854766239663,1.2875874595804846,600,True,4,0.01827741102367264,5
Digital Realty,M15,MeanReversion,"window=100,z=2.25",0.15767565055533717,0.5393518518518519,0.3880307318762781,1.2882402742780161,435,True,4,0.035661643928002085,5
Digital Realty,M15,MeanReversion,"window=100,z=2.5",0.08092875554668455,0.5555555555555556,0.23505167703661917,1.225333967607137,242,True,4,0.03117265631478139,5
Digital Realty,M15,TrendFollowing,"fast=50,slow=200",-0.07844937520145456,0.49482653682288497,-0.06490939052291976,0.986543809425369,4999,True,4,0.04533609803252581,5
EGLDUSD,H1,MeanReversion,"window=100,z=1.5",0.4818971115303765,0.5419501133786848,0.23436745352351795,1.103494658547005,1401,True,5,0.23199307524438983,5
EGLDUSD,H1,MeanReversion,"window=50,z=1.75",-0.173102727616691,0.5208121827411167,-0.09658082651303783,0.9518497339123896,1045,True,4,0.19456295911700505,5
EGLDUSD,H1,MeanReversion,"window=100,z=1.75",0.17981646154601894,0.5477855477855478,0.09710861140867437,1.0547561907903835,904,True,5,0.09756849742884044,5
EGLDUSD,H1,MeanReversion,"window=50,z=2.0",-0.24213631671968483,0.5184590690208668,-0.15022143288829098,0.9001285725179781,663,True,4,0.14804740924988968,5
EGLDUSD,H1,MeanReversion,"window=100,z=2.0",0.09059606357224381,0.5528301886792453,0.054829836204264716,1.042562978740215,553,True,4,0.11195522531540925,5
EGLDUSD,H1,MeanReversion,"window=100,z=2.5",-0.1193465460668014,0.5625,-0.08268373293207619,0.8767805120509942,183,True,4,0.04569151542232719,5
EGLDUSD,H1,MeanReversion,"window=100,z=2.75",-0.19831638545841612,0.5728155339805825,-0.14579830351318632,0.7057150308869611,107,True,4,0.039138981503514136,5
EGLDUSD,H4,MeanReversion,"window=50,z=1.5",-0.7520146527271813,0.5257410296411856,-0.17437339165474436,0.9335697087259217,1295,True,4,0.1619687327870677,5
EGLDUSD,H4,MeanReversion,"window=20,z=1.75",-0.37660420320051,0.5250544662309368,-0.10995611012811358,0.9460561485872445,927,True,4,0.13768935932121373,5
EGLDUSD,H4,MeanReversion,"window=50,z=1.75",0.09883438142715983,0.536281179138322,0.027170498743282617,1.0131104347113606,891,True,5,0.3720108848672068,5
EGLDUSD,H4,MeanReversion,"window=20,z=2.0",-0.11659382940009733,0.5425925925925926,-0.044540395843615715,0.9711894437312032,542,True,4,0.3351308153274749,5
EGLDUSD,H4,MeanReversion,"window=100,z=2.0",0.4571327012324111,0.5449826989619377,0.13955273402776108,1.0883785463576705,582,True,5,0.3690039492373447,5
EGLDUSD,H4,MeanReversion,"window=20,z=2.25",-0.1925844756055194,0.5353535353535354,-0.08634517160656695,0.9212746933279418,297,True,4,0.2822046155435143,5
EGLDUSD,H4,MeanReversion,"window=100,z=2.25",-0.03827350079916825,0.5384615384615384,-0.013548755263815984,0.9891645275378881,351,True,4,0.1296555937497723,5
EGLDUSD,M15,TrendFollowing,"fast=8,slow=21",0.09609959216535302,0.48624312156078037,0.07121661423840717,1.0134342647153947,4999,True,4,0.16046876210680672,5
EGLDUSD,M15,TrendFollowing,"fast=10,slow=30",0.07429074560311622,0.4917458729364682,0.05505448904217088,1.0103696845598034,4999,True,4,0.15888251463433833,5
EGLDUSD,M15,TrendFollowing,"fast=13,slow=34",0.049022191720428876,0.4904952476238119,0.03632865075895755,1.0068305918984712,4999,True,4,0.038843463787850196,5
EGLDUSD,M15,TrendFollowing,"fast=21,slow=55",-0.007463215341760754,0.49599799899949976,-0.005530716610550605,0.9989641761993978,4999,True,4,0.09409341110974279,5
EGLDUSD,M15,TrendFollowing,"fast=34,slow=89",0.15314384405745807,0.5017508754377189,0.11349220975466227,1.0214944831359798,4999,True,4,0.07623678805641443,5
EGLDUSD,M15,VolatilityExpansion,"ema=50,mult=1.5",0.09970366940996811,0.4812351543942993,0.09488530100666705,1.0252252698404534,2592,True,4,0.10922124241281661,5
EGLDUSD,M15,VolatilityExpansion,"ema=20,mult=2.5",0.007937566177705135,0.5204359673024523,0.016263556794497605,1.0104608651753637,452,True,4,0.05423530310088431,5
EOSUSD,H1,MeanReversion,"window=20,z=2.75",-0.04593518746477776,0.525,-0.052118209872473634,0.9283129268544962,82,True,4,0.017255788307511732,5
EOSUSD,H1,TrendFollowing,"fast=34,slow=89",1.9583364745067466,0.5036527718091964,0.4720150112034651,1.0940120693940858,4999,True,4,0.7253953588485442,5
EOSUSD,H1,VolatilityExpansion,"ema=20,mult=1.5",1.128404059448814,0.48746518105849584,0.4578349611226256,1.2014483909476892,1143,True,4,0.48185885271251605,5
EOSUSD,H4,TrendFollowing,"fast=34,slow=89",0.25560448447755413,0.4968085106382979,0.04134011121360827,1.0084324711458095,4999,True,4,1.006568601215292,5
EOSUSD,H4,VolatilityExpansion,"ema=20,mult=2.5",0.5347256157840137,0.4731182795698925,0.23454883969511922,1.2189240874594112,292,True,4,0.34673620272751793,5
EOSUSD,M15,MeanReversion,"window=100,z=1.5",0.07268408970248108,0.5162790697674419,0.05882819327553086,1.0207279368616544,1478,True,4,0.09783171597130558,5
EOSUSD,M15,MeanReversion,"window=50,z=1.75",0.30493548155126937,0.5556844547563805,0.2774519970985025,1.1315817543311213,974,True,4,0.06611409195138018,5
EOSUSD,M15,MeanReversion,"window=100,z=2.0",0.2800572514889109,0.5536028119507909,0.28839601007237814,1.1679529511877862,634,True,4,0.0829619173288838,5
EOSUSD,M15,TrendFollowing,"fast=5,slow=20",-0.6093916358918876,0.4721387283236994,-0.3108316980192636,0.9435229100679969,4999,True,5,0.2608725716826231,5
EOSUSD,M15,TrendFollowing,"fast=8,slow=21",-0.17292784748778867,0.4827745664739884,-0.08818956407997458,0.9836425908251716,4999,True,5,0.48398964376365006,5
EOSUSD,M15,TrendFollowing,"fast=10,slow=30",-0.19778186314575974,0.4806936416184971,-0.10086506883455539,0.9813135914471133,4999,True,5,0.43794539056142645,5
EOSUSD,M15,VolatilityExpansion,"ema=50,mult=1.5",-0.19506393905881592,0.4690092728160078,-0.1324463073418622,0.9639807363674419,2356,True,4,0.07168357292296679,5
ETCUSD,H1,MeanReversion,"window=50,z=1.5",-0.09276567429410343,0.5487900078064013,-0.04651097153164092,0.9773628267009873,1347,True,5,0.26782622428954106,5
ETCUSD,H1,MeanReversion,"window=100,z=1.5",0.27594346312900364,0.5674300254452926,0.1378227202534271,1.0733508468937136,1222,True,5,0.31496939732305496,5
ETCUSD,H1,MeanReversion,"window=50,z=1.75",-0.2558717374631796,0.5393386545039909,-0.13660148479003156,0.9159160166785039,912,True,4,0.20864592267811155,5
ETCUSD,H1,MeanReversion,"window=100,z=1.75",0.018193201106417645,0.565438373570521,0.009641027914376961,1.006433699183907,813,True,5,0.22673539821282407,5
ETCUSD,H1,MeanReversion,"window=50,z=2.0",-0.24302623366800136,0.5567190226876091,-0.1373178078992836,0.8892160497707987,594,True,4,0.13430416028369097,5
ETCUSD,H1,MeanReversion,"window=100,z=2.0",-0.05776866530603797,0.5604606525911708,-0.03241170719103399,0.9714232931221144,540,True,5,0.11326628703989117,5
ETCUSD,H1,MeanReversion,"window=100,z=2.25",-0.325331430265418,0.5611940298507463,-0.19164785015909458,0.7972413130967319,348,True,5,0.09412290593680661,5
ETCUSD,H1,MeanReversion,"window=100,z=2.5",-0.3608437639916745,0.5685279187817259,-0.22133772655086925,0.7037365184574215,201,True,4,0.06777700305706014,5
ETCUSD,H1,MeanReversion,"window=20,z=2.75",-0.08917703594030657,0.4827586206896552,-0.13643628185095882,0.7606966340710011,61,True,4,0.06840995718038068,5
ETCUSD,H1,VolatilityExpansion,"ema=20,mult=2.5",0.2872252627975236,0.417910447761194,0.17208949304660634,1.2573529501624008,277,True,4,0.2855504592720247,5
ETCUSD,H4,MeanReversion,"window=100,z=2.0",0.24360776426742714,0.5463137996219282,0.09630398345244007,1.0600820103494315,536,True,4,0.020730001537732634,5
ETCUSD,H4,MeanReversion,"window=20,z=2.5",-0.21978725483203587,0.5642857142857143,-0.15916008626440994,0.8152535615629396,140,True,5,0.12130423801072832,5
ETCUSD,H4,TrendFollowing,"fast=34,slow=89",-1.76856435773837,0.4878843412746895,-0.31836898555692245,0.9402804121242342,4999,True,4,0.21989909625296267,5
ETCUSD,M15,MeanReversion,"window=20,z=2.5",0.05125622035322075,0.6029411764705882,0.23064267584482953,1.2629841553580794,157,True,4,0.05154192507133304,5
ETCUSD,M15,MeanReversion,"window=20,z=2.75",0.04340794006426785,0.6274509803921569,0.3217957628882625,1.6781415973413185,63,True,4,0.03835063600875199,5
ETCUSD,M15,TrendFollowing,"fast=13,slow=34",-0.21707820737187233,0.48666978484565016,-0.21766977222752595,0.9607992205461936,4999,True,4,0.16184299280865722,5
ETCUSD,M15,VolatilityExpansion,"ema=50,mult=1.5",-0.24438656546336102,0.46496815286624205,-0.3269938258795911,0.9188034358940874,2552,True,4,0.15713290522231171,5
ETCUSD,M15,VolatilityExpansion,"ema=20,mult=2.0",0.01135872276897587,0.44144144144144143,0.024436240783738183,1.012679390329247,627,True,4,0.1338888395119553,5
ETCUSD,M15,VolatilityExpansion,"ema=50,mult=2.0",-0.12023506756203961,0.467524115755627,-0.18607261461820965,0.9446474946626272,1788,True,4,0.1271806749059392,5
ETCUSD,M15,VolatilityExpansion,"ema=20,mult=2.5",0.12366141158458988,0.4628975265017668,0.33871552669343863,1.2785718431527924,310,True,4,0.1447854002521659,5
ETCUSD,M15,VolatilityExpansion,"ema=50,mult=2.5",-0.13966421667822004,0.45876777251184836,-0.26022208501647714,0.9091505804211057,1200,True,4,0.06641892416946105,5
ETCUSD,M15,VolatilityExpansion,"ema=50,mult=3.0",-0.02980286071808691,0.4693295292439372,-0.06549118034838446,0.9708527784005994,794,True,4,0.10578734084549501,5
ETCUSD,M15,VolatilityExpansion,"ema=50,mult=3.5",-0.014226856129911813,0.46153846153846156,-0.036834506238827655,0.9798895918483663,518,True,4,0.09485093499813002,5
ETHBTC,H1,MeanReversion,"window=20,z=1.5",0.009288742618829615,0.5585808580858086,0.013029620491383629,1.0047849366817192,1256,True,5,0.0764335632680474,5
ETHBTC,H1,MeanReversion,"window=50,z=1.5",-0.22505052331999753,0.5312735493594575,-0.2860838044045536,0.9032716213498245,1389,True,4,0.08949049319988711,5
ETHBTC,H1,MeanReversion,"window=100,z=1.5",-0.170164976473283,0.5342902711323764,-0.21612532722368755,0.9228339258117119,1314,True,5,0.12685636736258143,5
ETHBTC,H1,MeanReversion,"window=50,z=1.75",-0.16629835193771947,0.5283236994219653,-0.2702255112531553,0.8907382884890699,906,True,4,0.07424312887334494,5
ETHBTC,H1,MeanReversion,"window=100,z=1.75",-0.13411187079869402,0.5284552845528455,-0.20703518436183416,0.9134823699359352,902,True,4,0.08619601390020193,5
ETHBTC,H1,MeanReversion,"window=50,z=2.0",-0.12086728624928633,0.5291095890410958,-0.22972741675881114,0.8882349030864459,611,True,5,0.0551044288026995,5
ETHBTC,H1,MeanReversion,"window=100,z=2.0",-0.01693543436587086,0.5358361774744027,-0.03085783498039979,0.9837328379503747,613,True,4,0.05472006527742013,5
ETHBTC,H1,MeanReversion,"window=50,z=2.25",-0.02922448664797661,0.5537190082644629,-0.06991919356207145,0.9548708541274336,381,True,4,0.03918753249890827,5
ETHBTC,H1,MeanReversion,"window=50,z=2.5",-0.04649476419861476,0.5539906103286385,-0.13745754360252913,0.8881436541488693,220,True,4,0.01747421602267607,5
ETHBTC,H4,TrendFollowing,"fast=5,slow=20",0.6291794766177257,0.49745469354510286,0.22851894840446565,1.0451889342264726,4999,True,5,0.49883576473642555,5
ETHBTC,H4,TrendFollowing,"fast=8,slow=21",0.14555368749811626,0.49480757483200977,0.052860137302376785,1.010275498698434,4999,True,4,0.4428262002121507,5
ETHBTC,H4,TrendFollowing,"fast=10,slow=30",0.45506565487310957,0.5007126858073712,0.16527237425268218,1.032480641169876,4999,True,4,0.5129064587409106,5
ETHBTC,H4,TrendFollowing,"fast=13,slow=34",0.5481121191399516,0.5045815516188149,0.19907018642062682,1.0392522421931987,4999,True,4,0.5268203101274788,5
ETHBTC,H4,VolatilityExpansion,"ema=20,mult=2.5",0.26001620760416033,0.48,0.22151765778768434,1.1828352778836735,384,True,4,0.21260222071739776,5
ETHBTC,M15,TrendFollowing,"fast=5,slow=20",-0.026652824067514236,0.48026465890942277,-0.05601795896909343,0.9892709886126573,4998,True,4,0.08413499929785817,5
ETHBTC,M15,TrendFollowing,"fast=8,slow=21",0.11054329102214033,0.4891626739676021,0.23235940837300453,1.0457625416323255,4998,True,4,0.07523164585798003,5
ETHBTC,M15,TrendFollowing,"fast=10,slow=30",0.09104716183367245,0.4889345197353411,0.19137240668439562,1.0375400715127414,4998,True,4,0.08773523886241974,5
ETHBTC,M15,VolatilityExpansion,"ema=50,mult=3.0",-0.02897453110323367,0.4369747899159664,-0.1485402621162966,0.9176136309863178,519,True,4,0.011592126316787965,5
ElectricVehicles,H1,MeanReversion,"window=100,z=1.5",0.07892846132011488,0.4964985994397759,0.042452672507669,1.0157530284574563,1430,True,4,0.11384054820959821,5
ElectricVehicles,H1,MeanReversion,"window=20,z=2.0",0.33687544176464346,0.520746887966805,0.3821964693952752,1.2478243744005717,482,True,4,0.10142023112988507,5
ElectricVehicles,H4,TrendFollowing,"fast=5,slow=20",-0.6808411685308813,0.4935483870967742,-0.3745284185003804,0.9373091550594875,1551,True,4,0.6246965919786206,5
ElectricVehicles,H4,TrendFollowing,"fast=21,slow=55",0.08020509998725123,0.4935483870967742,0.04410844168345531,1.0076533238479013,1551,True,4,0.5976012757518622,5
ElectricVehicles,H4,TrendFollowing,"fast=34,slow=89",-0.32668335224211364,0.4916129032258065,-0.17966889158163446,0.9694208840015389,1551,True,4,0.5033588117712006,5
ElectricVehicles,H4,TrendFollowing,"fast=50,slow=200",0.009419680596439273,0.5116129032258064,0.005180292145589064,1.000895818521794,1551,True,4,0.3061216628600535,5
ElectricVehicles,M15,MeanReversion,"window=100,z=1.5",0.09388812766623045,0.486198243412798,0.0957705920571717,1.040258704743614,1600,True,4,0.09087902294351402,5
ElectricVehicles,M15,MeanReversion,"window=20,z=1.75",-0.11599634138575354,0.4732423924449108,-0.1536480842718863,0.9335440680299512,954,True,4,0.07372801658917594,5
ElectricVehicles,M15,MeanReversion,"window=20,z=2.25",-0.015508950631558216,0.4702842377260982,-0.02668936671385205,0.9809320648007189,386,True,4,0.023053602883790214,5
ElectricVehicles,M15,MeanReversion,"window=100,z=2.25",0.07988106811630113,0.48661800486618007,0.1616814867786856,1.126106839610478,410,True,4,0.027985188279591067,5
ElectricVehicles,M15,MeanReversion,"window=50,z=2.75",0.032338838749204735,0.4966442953020134,0.11368643302331964,1.1143457506194068,148,True,4,0.03048643094146275,5
ElectricVehicles,M15,MeanReversion,"window=100,z=2.75",0.05771900391798268,0.5258620689655172,0.22132252668528696,1.3042167310251005,115,True,4,0.03543313852041097,5
ElectricVehicles,M15,MeanReversion,"window=50,z=3.0",0.04218316405107836,0.4639175257731959,0.1736756923409783,1.2269662011791502,96,True,4,0.02544687219482622,5
ElectricVehicles,M15,TrendFollowing,"fast=5,slow=20",0.21014377333802348,0.5129440096327513,0.126250837908614,1.0287776074726331,4999,True,4,0.14634650745998035,5
ElectricVehicles,M15,VolatilityExpansion,"ema=20,mult=1.5",0.32559001169574187,0.5224066390041494,0.27070078553185045,1.0908992020623478,2418,True,4,0.08445642095240091,5
ElectricVehicles,M15,VolatilityExpansion,"ema=20,mult=2.0",0.07888246870802629,0.5140802875973637,0.08493619892827511,1.0306302238127303,1675,True,4,0.09399179826384485,5
FAANGs_10,H1,MeanReversion,"window=20,z=1.5",0.0369994565063092,0.47640594699418226,0.03465586856372515,1.011742399060434,1546,True,5,0.2348614529232239,5
FAANGs_10,H1,MeanReversion,"window=50,z=1.5",-0.0601784945979319,0.46705882352941175,-0.054188524272268945,0.9822768464289907,1699,True,4,0.2555410536389623,5
FAANGs_10,H1,MeanReversion,"window=100,z=1.5",-0.197018197157396,0.4605263157894737,-0.15833035560853195,0.9465445757545168,1747,True,5,0.11599877699531214,5
FAANGs_10,H1,MeanReversion,"window=20,z=1.75",0.11696817016375749,0.4730127576054956,0.13561424038195669,1.0577136894786772,1018,True,4,0.16128050456659038,5
FAANGs_10,H1,MeanReversion,"window=50,z=1.75",-0.20228472327306213,0.4584450402144772,-0.22187670720143912,0.9137726871711995,1118,True,4,0.1919631779338129,5
FAANGs_10,H1,MeanReversion,"window=100,z=1.75",-0.107708435147566,0.45898922949461474,-0.10920946833901589,0.958107624057808,1206,True,4,0.12988276260164155,5
FAANGs_10,H1,MeanReversion,"window=100,z=2.0",-0.20581139904603252,0.45603015075376885,-0.2571638527162821,0.881221537400978,795,True,4,0.036901795430634765,5
FAANGs_10,H1,MeanReversion,"window=100,z=2.25",-0.19796277720043465,0.45047169811320753,-0.3341213656858564,0.8023867453804082,423,True,4,0.04237935070248067,5
FAANGs_10,H4,MeanReversion,"window=50,z=2.0",0.2894793236046874,0.4448818897637795,0.26467499968025326,1.1418946156893717,510,True,4,0.09978960915282242,5
FAANGs_10,H4,MeanReversion,"window=20,z=2.5",-0.03662382920489016,0.3815789473684211,-0.09431141273362881,0.885709493611069,75,True,4,0.06469167461534808,5
FAANGs_10,H4,VolatilityExpansion,"ema=20,mult=1.5",0.6018087630517728,0.5686406460296097,0.3253728018119587,1.0982059791996936,1490,True,4,0.29064460412183446,5
FAANGs_10,H4,VolatilityExpansion,"ema=50,mult=3.0",0.25347453203311,0.5528523489932886,0.1586019452608808,1.0523206548387094,1198,True,4,0.14418619293252177,5
FAANGs_10,M15,MeanReversion,"window=20,z=1.5",0.10951016810315584,0.5088365243004418,0.1547844298179537,1.066685968059121,1361,True,4,0.08030604315407319,5
FAANGs_10,M15,MeanReversion,"window=50,z=1.5",0.33276253505117503,0.5041724617524339,0.50268637042524,1.2323363884505572,1440,True,4,0.11518385769034412,5
FAANGs_10,M15,MeanReversion,"window=20,z=1.75",0.09279346687838552,0.5087145969498911,0.1593362017512789,1.0804471432534304,918,True,4,0.090074761143489,5
FAANGs_10,M15,MeanReversion,"window=50,z=1.75",0.12996838925033716,0.49748743718592964,0.23863004175838648,1.1195689930683348,995,True,5,0.06315484852704545,5
FAANGs_10,M15,MeanReversion,"window=100,z=1.75",0.20267411753211328,0.5,0.32578974330574095,1.1958581477237866,965,True,4,0.019472835609316008,5
FAANGs_10,M15,MeanReversion,"window=50,z=2.0",0.11117012680717342,0.49777117384843983,0.225424741575929,1.1369432178006147,673,True,5,0.037215493613394046,5
FAANGs_10,M15,MeanReversion,"window=100,z=2.0",0.14678103649016316,0.5024793388429752,0.3029393219991447,1.217724285620894,604,True,4,0.02066294416792236,5
FAANGs_10,M15,MeanReversion,"window=20,z=2.25",-0.05754626467341295,0.48984771573604063,-0.1321840000751235,0.9068243528588356,393,True,5,0.04762979858325189,5
FAANGs_10,M15,MeanReversion,"window=50,z=2.25",0.1251016789723831,0.5117370892018779,0.31696549697357146,1.2495040754158067,426,True,4,0.03838449893160634,5
FAANGs_10,M15,MeanReversion,"window=50,z=2.5",0.1361647818455184,0.5431654676258992,0.4033408873022342,1.410220770455156,277,True,4,0.029151123068335116,5
FAANGs_10,M15,MeanReversion,"window=20,z=2.75",0.017201912529202,0.5,0.04663267082356734,1.0539636214107924,179,True,4,0.01868192860634943,5
FAANGs_10,M15,MeanReversion,"window=50,z=2.75",0.10986421612776265,0.5449438202247191,0.37327948741788425,1.5144458277910897,177,True,5,0.03931526348551406,5
FAANGs_10,M15,MeanReversion,"window=50,z=3.0",0.06777311663901575,0.559322033898305,0.38800148423349573,1.5248765382852232,117,True,5,0.035749099967268605,5
FAANGs_10,M15,MeanReversion,"window=20,z=3.25",0.07935978345007466,0.5060240963855421,0.30259207985346515,1.7040855209203678,82,True,4,0.02524699487343418,5
FAANGs_10,M15,MeanReversion,"window=20,z=3.5",0.11682979746968836,0.603448275862069,0.4903825296216573,3.274687504122654,57,True,4,0.015988069190672527,5
FAANGs_10,M15,TrendFollowing,"fast=8,slow=21",-0.1627739839253194,0.5014022435897436,-0.12316967143462275,0.9705994053359718,4999,True,5,0.15408997177414985,5
FAANGs_10,M15,TrendFollowing,"fast=21,slow=55",-0.15227561414362822,0.5116185897435898,-0.11522521240469533,0.9724695417965368,4999,True,4,0.06384377338343772,5
FAANGs_10,M15,VolatilityExpansion,"ema=50,mult=2.5",-0.03167524130482413,0.5089118198874296,-0.036918348542854224,0.9858640628771508,2134,True,4,0.04220192119644828,5
FILUSD,H1,MeanReversion,"window=50,z=1.5",-0.5689187218228179,0.5340030911901081,-0.23783745614914306,0.8948900455197185,1341,True,4,0.18906940887936097,5
FILUSD,H1,MeanReversion,"window=100,z=1.5",-0.49571748503784585,0.5283911671924291,-0.1837606589556556,0.9141697876328179,1310,True,4,0.09324563956616849,5
FILUSD,H1,MeanReversion,"window=50,z=1.75",-0.6785429971367792,0.5384615384615384,-0.3067720277382193,0.8314920374786309,898,True,4,0.08948660808438547,5
FILUSD,H1,MeanReversion,"window=50,z=2.0",-0.4761715470677004,0.551094890510949,-0.23251614086444844,0.8294399553896047,559,True,4,0.08070925821579333,5
FILUSD,H1,MeanReversion,"window=100,z=2.5",-0.2143248319987936,0.5454545454545454,-0.11951669284776816,0.8513551509249571,216,True,4,0.15410459199558169,5
FILUSD,H1,MeanReversion,"window=100,z=2.75",-0.1474922815894022,0.556390977443609,-0.08550823233551676,0.8613511764116918,138,True,4,0.1753237911258143,5
FILUSD,H4,MeanReversion,"window=20,z=2.25",0.10692707407741564,0.5578231292517006,0.05216759875358106,1.0453714769974447,295,True,4,0.10404596228434615,5
FILUSD,H4,MeanReversion,"window=20,z=2.5",-0.1138536754227063,0.5568862275449101,-0.06619015036777946,0.9241507275988693,166,True,4,0.0487903116406162,5
FILUSD,H4,VolatilityExpansion,"ema=20,mult=3.0",0.05254687029124505,0.4406779661016949,0.02503554898603295,1.0332794357902915,117,True,4,0.21295507667915636,5
FILUSD,M15,TrendFollowing,"fast=5,slow=20",-0.07608591000593312,0.4749667700487373,-0.0529703937703164,0.9902955124731957,4999,True,4,0.3443259758969477,5
FILUSD,M15,TrendFollowing,"fast=8,slow=21",-0.12764805434038673,0.47851129818342936,-0.08886843864030483,0.9837723054085576,4999,True,4,0.31319422475337033,5
FILUSD,M15,TrendFollowing,"fast=10,slow=30",-0.1874872992607789,0.4769605671245016,-0.13053082450997142,0.9762553531062765,4999,True,4,0.27362274542660114,5
FILUSD,M15,TrendFollowing,"fast=13,slow=34",-0.4439036164121287,0.475631369073992,-0.30909896877444715,0.9446793234240126,4999,True,4,0.12502146584775264,5
FILUSD,M15,TrendFollowing,"fast=21,slow=55",-0.5491600930965598,0.4789543642002658,-0.38242962491356164,0.9320078673280218,4999,True,4,0.19528091521572155,5
FILUSD,M15,VolatilityExpansion,"ema=50,mult=2.0",-0.2041572534689925,0.4529115744069015,-0.21713740570295584,0.9275389890800689,1535,True,4,0.17930561457284544,5
FILUSD,M15,VolatilityExpansion,"ema=20,mult=3.5",0.15949262011619192,0.6153846153846154,0.35983332864780737,1.8255196545283618,67,True,4,0.1495959244623235,5
FLOWUSD,H1,MeanReversion,"window=50,z=1.5",0.24822230637448528,0.5356521739130434,0.09813563442245093,1.0482392177037207,1508,True,4,0.3785670838388826,5
FLOWUSD,H1,MeanReversion,"window=50,z=1.75",0.20654674547708862,0.5554123711340206,0.09710888701672042,1.0586989263827882,1009,True,4,0.3428784010399909,5
FLOWUSD,H1,MeanReversion,"window=100,z=1.75",0.12143609601105798,0.5272969374167776,0.05634899639310995,1.0332668821936293,963,True,4,0.068273504747418,5
FLOWUSD,H4,TrendFollowing,"fast=5,slow=20",-0.5620453387211364,0.4937954642704322,-0.08421714626582465,0.983969608564722,4999,True,4,0.20606235393670713,5
FLOWUSD,H4,TrendFollowing,"fast=10,slow=30",-0.0361780457711931,0.48930252460419343,-0.005420859948908216,0.9989603502690881,4999,True,4,0.44080349069647873,5
FLOWUSD,H4,TrendFollowing,"fast=13,slow=34",0.32627251474587315,0.4899443731279418,0.04888837569487632,1.0094251895736528,4999,True,4,0.8287016502476708,5
FLOWUSD,H4,TrendFollowing,"fast=21,slow=55",0.2262643960901003,0.49165596919127086,0.033903167039046674,1.0065267795301205,4999,True,5,1.0569885812880249,5
FLOWUSD,H4,TrendFollowing,"fast=34,slow=89",1.8495121753623567,0.5091998288403937,0.27717014818744307,1.054629661540067,4999,True,4,1.0963447014321273,5
FLOWUSD,H4,TrendFollowing,"fast=50,slow=200",0.745396792559222,0.503209242618742,0.11169181008646868,1.0216637787425205,4999,True,4,0.6283899526342412,5
FLOWUSD,M15,TrendFollowing,"fast=34,slow=89",0.0033973425139695035,0.500916590284143,0.0009129339906409409,1.000296443952374,4999,True,5,0.1667842776672187,5
Facebook_turbo,H1,MeanReversion,"window=50,z=1.5",0.4514086716005611,0.5094458438287154,0.3248309495315256,1.121280392523667,1590,True,4,0.1274755471794946,5
Facebook_turbo,H1,MeanReversion,"window=100,z=1.5",0.525463989338351,0.5141141141141141,0.31526274971550194,1.1292893797816081,1667,True,4,0.14677990809630637,5
Facebook_turbo,H1,MeanReversion,"window=100,z=2.0",0.3056179208577775,0.5353107344632768,0.32713718464704217,1.1809688137280723,710,True,4,0.06058891353647056,5
Facebook_turbo,H1,MeanReversion,"window=100,z=2.25",0.2955273316134469,0.5388349514563107,0.37510821537387745,1.2901315265617532,414,True,4,0.07643184778785816,5
Facebook_turbo,H1,MeanReversion,"window=100,z=2.5",0.19858134526332671,0.5413223140495868,0.3169218259228194,1.3211421295467702,243,True,5,0.05665985814343999,5
Facebook_turbo,H4,MeanReversion,"window=20,z=1.5",0.7326933434518473,0.5284327323162274,0.24046836224997853,1.108561666637981,1445,True,5,0.5940175037791567,5
Facebook_turbo,H4,MeanReversion,"window=50,z=1.5",0.74889883670382,0.514760147601476,0.2425261726449179,1.0977182243861237,1632,True,4,0.2764663370971663,5
Facebook_turbo,H4,MeanReversion,"window=50,z=1.75",1.057848239941637,0.5264133456904542,0.4418424227490928,1.2225287370695648,1083,True,4,0.5942347371756962,5
Facebook_turbo,H4,MeanReversion,"window=20,z=2.0",0.29971783283654674,0.5329457364341085,0.185874968865994,1.1299655673082694,517,True,4,0.19112873505281525,5
Facebook_turbo,H4,MeanReversion,"window=50,z=2.0",1.0595916826515437,0.5352323838080959,0.5303251322028114,1.3751817967522324,669,True,5,0.3606835293610845,5
Facebook_turbo,H4,MeanReversion,"window=50,z=2.25",0.39600555552890715,0.5145888594164456,0.26606223729987194,1.22864796495655,378,True,4,0.15854371273647083,5
Facebook_turbo,H4,MeanReversion,"window=100,z=2.5",0.5542758864608458,0.5769230769230769,0.5619274541126708,1.6103181947629517,235,True,4,0.2353676115159784,5
Facebook_turbo,H4,MeanReversion,"window=100,z=2.75",0.2678768295355516,0.5633802816901409,0.3355949154114308,1.433526613391779,142,True,4,0.16486440640638067,5
Facebook_turbo,M15,MeanReversion,"window=100,z=1.5",0.3546853813843627,0.5146115466856735,0.4488597627972891,1.2460812185545798,1406,True,4,0.08391430441642722,5
Facebook_turbo,M15,MeanReversion,"window=50,z=1.75",0.24790220697415877,0.5306603773584906,0.45457577011949024,1.241381579434941,848,True,4,0.06203177903997781,5
Facebook_turbo,M15,MeanReversion,"window=100,z=1.75",0.22287363433141416,0.5026511134676565,0.3011200301304332,1.2118574953119259,945,True,4,0.05043474261847991,5
Facebook_turbo,M15,MeanReversion,"window=50,z=2.0",0.20232225171012141,0.5404929577464789,0.41167474800282794,1.2726908668782286,568,True,4,0.05063846665167082,5
Facebook_turbo,M15,MeanReversion,"window=100,z=2.0",0.2151262022939271,0.5195246179966044,0.5310936157941121,1.3412927428549266,588,True,4,0.06016917260050425,5
Facebook_turbo,M15,MeanReversion,"window=100,z=2.25",0.1496174260890597,0.5105263157894737,0.43210868129120356,1.354616880055587,379,True,4,0.036073327429653745,5
Figma,H1,TrendFollowing,"fast=21,slow=55",0.48501116388881016,0.5191122071516646,0.4806058914065912,1.1069006409783564,819,True,4,0.05932872328213956,5
Figma,H1,TrendFollowing,"fast=50,slow=200",0.24373719798337756,0.5178791615289766,0.24144058123035544,1.0523303451852173,819,True,4,0.027585356536965477,5
Firefly Aerospace,H1,TrendFollowing,"fast=5,slow=20",0.3986033110733016,0.5032509752925878,0.353201550890236,1.0738671752290114,780,True,4,0.5098053601738433,5
Firefly Aerospace,H1,TrendFollowing,"fast=8,slow=21",0.3449208944769211,0.505851755526658,0.3056146477544113,1.0636026532399263,780,True,5,0.5855623297190171,5
Firefly Aerospace,H1,TrendFollowing,"fast=10,slow=30",0.19877863589910327,0.5149544863459038,0.17610454036603918,1.0361670225634385,780,True,5,0.5957560023503201,5
Firefly Aerospace,H1,TrendFollowing,"fast=13,slow=34",0.25006615113717023,0.5071521456436932,0.22154979199492827,1.0457118741623963,780,True,5,0.5901030911010272,5
Firefly Aerospace,H1,TrendFollowing,"fast=21,slow=55",0.30972344233848714,0.5123537061118335,0.27441833966251905,1.0569275811201184,780,True,4,0.5508786833668631,5
Firefly Aerospace,H1,TrendFollowing,"fast=34,slow=89",1.1602278364811434,0.5318595578673602,1.0299846849882217,1.2313328402386514,780,True,4,0.5450183847787389,5
Firefly Aerospace,H1,TrendFollowing,"fast=50,slow=200",0.7124717399996994,0.5357607282184655,0.6316634061951772,1.1359865006597727,780,True,4,0.5437885120265153,5
Firefly Aerospace,M15,TrendFollowing,"fast=13,slow=34",0.3160601892067366,0.508046817849305,0.14541256483156528,1.0322159953786643,2818,True,4,0.12642488673720031,5
Firefly Aerospace,M15,TrendFollowing,"fast=34,slow=89",0.2824328375673987,0.5010972933430871,0.12994023748833777,1.0287391079531163,2818,True,4,0.35245821821190015,5
Firefly Aerospace,M15,TrendFollowing,"fast=50,slow=200",0.47581317263547007,0.5146305779078274,0.21892314750793168,1.048897722782471,2818,True,4,0.46504591176722243,5
Firefly Aerospace,M15,VolatilityExpansion,"ema=20,mult=2.5",0.039525429356958686,0.5077399380804953,0.04400553702928115,1.0254491579308418,332,True,4,0.060625590960731945,5
GAUCNH,H1,TrendFollowing,"fast=5,slow=20",0.12913635897954445,0.5212023617820719,0.3938776234141849,1.0726690490939514,1867,True,4,0.08421398126285418,5
GAUCNH,H1,TrendFollowing,"fast=8,slow=21",0.1108236710093351,0.522812667740204,0.33799483282249876,1.0620442428451475,1867,True,5,0.08844387203297766,5
GAUCNH,H1,TrendFollowing,"fast=21,slow=55",0.1275626009565678,0.5260332796564681,0.38907461568482343,1.071751674728888,1867,True,4,0.0680241150808345,5
GAUCNH,H1,TrendFollowing,"fast=34,slow=89",0.08797651102596116,0.5281803542673108,0.2682920738564948,1.0489403450155166,1867,True,5,0.11085748030120701,5
GAUCNH,H1,TrendFollowing,"fast=50,slow=200",0.0957136390514719,0.5297906602254429,0.29189478243187583,1.0533592536195164,1867,True,4,0.09646839377835215,5
GAUCNH,H1,VolatilityExpansion,"ema=50,mult=1.5",0.10567537945731398,0.5344827586206896,0.40513734996134054,1.1044680524855848,986,True,4,0.060251555651578914,5
GAUCNH,H1,VolatilityExpansion,"ema=50,mult=2.0",0.12916288264477382,0.5363636363636364,0.5677294946949234,1.1713209767686579,769,True,5,0.0643624139437795,5
GAUCNH,H4,TrendFollowing,"fast=8,slow=21",0.13321057332468988,0.5585215605749486,0.769359089560488,1.1441841789436982,488,True,4,0.014455522704783563,5
GAUCNH,M15,MeanReversion,"window=100,z=1.5",0.04591812239712245,0.5178441369264385,0.17978496525653828,1.0658214240931032,1379,True,4,0.020344021712987215,5
GAUCNH,M15,MeanReversion,"window=20,z=2.0",0.02623627392198913,0.5502645502645502,0.14857787943353323,1.0828632995602165,571,True,4,0.011895300513853457,5
GAUCNH,M15,MeanReversion,"window=20,z=2.25",0.039330055878688985,0.5802469135802469,0.27878612717111345,1.2108091276688373,324,True,4,0.012302895221213639,5
GAUCNH,M15,MeanReversion,"window=20,z=2.5",0.047257711801568014,0.576271186440678,0.4631141130998283,1.5240925238466492,177,True,4,0.019667944992183606,5
GAUUSD,H1,TrendFollowing,"fast=5,slow=20",0.13612374629487534,0.522812667740204,0.4097999749836991,1.0755866201652824,1867,True,4,0.037643391395560166,5
GAUUSD,H1,TrendFollowing,"fast=21,slow=55",0.13918420536017273,0.533011272141707,0.4190198264962354,1.0773517540575757,1867,True,4,0.061203623502440796,5
GAUUSD,H1,TrendFollowing,"fast=34,slow=89",0.15555041214385457,0.5351583467525497,0.4683316195765628,1.0868422272464517,1867,True,4,0.0924721922231474,5
GAUUSD,H1,TrendFollowing,"fast=50,slow=200",0.07882698058762261,0.5319377348362856,0.23725573157740337,1.0430855473225544,1867,True,4,0.07461900524444165,5
GAUUSD,H1,VolatilityExpansion,"ema=50,mult=2.0",0.1172748630651892,0.5341055341055341,0.5070304290089555,1.150608885641443,778,True,4,0.05479091963124927,5
GAUUSD,H4,TrendFollowing,"fast=5,slow=20",0.1068967704999585,0.5512295081967213,0.6110338353593376,1.1121105360444556,489,True,4,0.09391253066063876,5
GAUUSD,H4,TrendFollowing,"fast=8,slow=21",0.12374163155321416,0.555327868852459,0.7074995184881937,1.1309335510734975,489,True,4,0.09686604018306944,5
GAUUSD,H4,TrendFollowing,"fast=10,slow=30",0.12334341576327457,0.5655737704918032,0.7052181881264155,1.1304847002676044,489,True,5,0.12232669207915703,5
GAUUSD,H4,TrendFollowing,"fast=13,slow=34",0.20152681252546578,0.5758196721311475,1.1541400041526129,1.222391739244229,489,True,5,0.1297725751787111,5
GAUUSD,H4,TrendFollowing,"fast=21,slow=55",0.1017695657251706,0.5655737704918032,0.5816857358174716,1.1064470600963892,489,True,5,0.12889819453166962,5
GAUUSD,H4,TrendFollowing,"fast=34,slow=89",0.10307450986666045,0.5573770491803278,0.5891546527171214,1.1078856092813862,489,True,5,0.11798014923634814,5
GAUUSD,H4,TrendFollowing,"fast=50,slow=200",0.19993057276098136,0.569672131147541,1.1449505273783955,1.220436084338737,489,True,4,0.09100570252295337,5
GAUUSD,M15,MeanReversion,"window=20,z=1.75",-0.013055110222282229,0.5178970917225951,-0.061497577576061425,0.9738981234444144,895,True,4,0.011990876910495052,5
GAUUSD,M15,MeanReversion,"window=20,z=2.0",0.04048202469937612,0.5409252669039146,0.22112529176385484,1.1263289714061149,562,True,4,0.02288830335894776,5
GAUUSD,M15,MeanReversion,"window=20,z=2.25",0.05426892684128859,0.5653495440729484,0.39063563464111645,1.3077250175666082,329,True,4,0.03014760008438433,5
GAUUSD,M15,MeanReversion,"window=20,z=2.5",0.04239770370331808,0.5568181818181818,0.4163071011438809,1.4597677029059148,176,True,4,0.017795755031455474,5
GAUUSD,M15,MeanReversion,"window=50,z=2.75",0.014830595639363175,0.5333333333333333,0.13483620501401725,1.1459984547273505,150,True,4,0.013823754628171536,5
GAUUSD,M15,TrendFollowing,"fast=50,slow=200",-0.033554319778574815,0.5122195512820513,-0.07748526320413628,0.9859977527452063,4999,True,4,0.06656205915255353,5
GAUUSD,M15,VolatilityExpansion,"ema=50,mult=3.5",0.04571085395707519,0.5123152709359606,0.29327824591967755,1.1726610112931202,608,True,4,0.02144196860818104,5
GerMid50Cash,H1,MeanReversion,"window=20,z=2.5",0.1480356419642217,0.5454545454545454,0.3873065111701605,1.9209686194429683,175,True,4,0.017266960704558243,5
GerMid50Cash,H1,TrendFollowing,"fast=21,slow=55",0.17572572936961905,0.48939151321056845,0.1349940500315244,1.0302346772260715,4999,True,5,0.23377641209942468,5
GerMid50Cash,H1,TrendFollowing,"fast=34,slow=89",0.2702794702028415,0.49799839871897517,0.20764132044944325,1.046884593697292,4999,True,5,0.23253095383686906,5
GerMid50Cash,H1,TrendFollowing,"fast=50,slow=200",0.16480000535356765,0.49879903923138513,0.12660026116796083,1.0283282139492695,4999,True,4,0.21135738301655327,5
GerMid50Cash,H1,VolatilityExpansion,"ema=20,mult=2.5",-0.09774522060340285,0.4937106918238994,-0.15980870587966625,0.8919865661381398,635,True,4,0.06337941985179618,5
GerMid50Cash,H1,VolatilityExpansion,"ema=20,mult=3.0",-0.021397045987909258,0.49295774647887325,-0.049030762375799584,0.9531024180819386,354,True,4,0.033354212046718734,5
GerMid50Cash,H1,VolatilityExpansion,"ema=50,mult=3.5",-0.031704612326778014,0.47770700636942676,-0.042595069264540916,0.9740603957711534,941,True,4,0.040885778428273234,5
GerMid50Cash,H4,MeanReversion,"window=50,z=2.25",0.011263282802466246,0.5144508670520231,0.015158798256361001,1.0125684840463036,345,True,5,0.040347626483851706,5
GerMid50Cash,H4,MeanReversion,"window=50,z=2.75",0.11709079198357186,0.5247524752475248,0.26522409510274114,1.492067931858897,100,True,4,0.04002961069635502,5
GerMid50Cash,H4,TrendFollowing,"fast=5,slow=20",0.2961980806220178,0.49965461662445315,0.15168740129227784,1.0287658833140867,4344,True,4,0.08728470715327774,5
GerMid50Cash,H4,TrendFollowing,"fast=8,slow=21",0.1899156778140222,0.5042597282984113,0.09725600158724648,1.0183493505943026,4344,True,4,0.13582988965402498,5
GerMid50Cash,H4,TrendFollowing,"fast=13,slow=34",0.5423573565256924,0.5157725074833065,0.2777790386322999,1.0533093593755163,4344,True,4,0.09102082976408499,5
GerMid50Cash,H4,VolatilityExpansion,"ema=50,mult=1.5",0.16510194283430824,0.5149377593360995,0.10899916337788111,1.028658534493941,2410,True,4,0.12581256830614262,5
GerMid50Cash,H4,VolatilityExpansion,"ema=20,mult=2.5",0.1634679650678933,0.5216216216216216,0.20664928922805853,1.1725790392800364,369,True,4,0.017165075296259324,5
GerMid50Cash,H4,VolatilityExpansion,"ema=50,mult=3.0",0.06062071991503981,0.5207877461706784,0.05705594584280979,1.0261667523454556,914,True,4,0.05156712986700618,5
GerMid50Cash,M15,MeanReversion,"window=20,z=1.5",0.11236248845559937,0.5010496850944717,0.3691964486713113,1.1465269360591757,1430,True,4,0.021442828748639675,5
GerMid50Cash,M15,MeanReversion,"window=50,z=1.5",0.051733108096167824,0.4919678714859438,0.17924467315041415,1.0659186773052365,1501,True,4,0.027810325291913074,5
GerMid50Cash,M15,MeanReversion,"window=100,z=1.75",0.048316668458427525,0.48319709355131696,0.1861614243727638,1.0796740768251865,1106,True,4,0.0489604533870317,5
GerMid50Cash,M15,MeanReversion,"window=20,z=2.0",0.04763781993071725,0.4741235392320534,0.2307739516150269,1.1351304808200813,599,True,4,0.021103744110226863,5
GerMid50Cash,M15,MeanReversion,"window=50,z=2.0",0.06325905820552824,0.4917218543046358,0.3352362955741269,1.1965951827513355,604,True,4,0.03770159345028279,5
GerMid50Cash,M15,MeanReversion,"window=100,z=2.0",0.023445100490394055,0.48700410396716826,0.10999516327632147,1.0564045568373148,735,True,4,0.03680394944694365,5
GerMid50Cash,M15,MeanReversion,"window=20,z=2.25",0.0598528167392387,0.4876712328767123,0.33881973564985823,1.273530113625578,365,True,4,0.026192457488694365,5
GerMid50Cash,M15,MeanReversion,"window=50,z=2.25",0.07281315533054056,0.5013550135501355,0.45748602873489613,1.364534878288754,369,True,4,0.030227034081760862,5
GerMid50Cash,M15,MeanReversion,"window=20,z=2.5",0.05385444797871641,0.48514851485148514,0.40839903817062556,1.4629610259503525,201,True,4,0.028878410489205253,5
GerMid50Cash,M15,MeanReversion,"window=20,z=2.75",0.040609282621139386,0.5333333333333333,0.37998917766234175,1.6533694467267246,104,True,5,0.025179399359031462,5
GerMid50Cash,M15,MeanReversion,"window=20,z=3.0",0.02895536992522474,0.5370370370370371,0.34630785647581885,1.9983983849662463,53,True,4,0.017782051133904964,5
GerMid50Cash,M15,MeanReversion,"window=20,z=3.25",0.020490678025818054,0.48484848484848486,0.2589210847053991,1.9209908395125597,32,True,4,0.01778653602458069,5
GerMid50Cash,M15,TrendFollowing,"fast=13,slow=34",-0.0069147895855395936,0.503110575958258,-0.013303216242514947,0.9973456755681901,4999,True,4,0.07150862703770722,5
GerMid50Cash,M15,TrendFollowing,"fast=34,slow=89",0.0664687146558055,0.50632149307646,0.12788184806216576,1.0258793074977992,4999,True,4,0.09579845730901804,5
GerMid50Cash,M15,VolatilityExpansion,"ema=50,mult=1.5",0.020759431870707168,0.5072714681440443,0.052150170575486626,1.013447081419217,2897,True,4,0.082882423287307,5
GerTech30Cash,H1,MeanReversion,"window=100,z=1.75",-0.12282873013259488,0.5035742652899127,-0.20116643658840389,0.9205476266858172,1261,True,4,0.03160577512132934,5
GerTech30Cash,H1,MeanReversion,"window=20,z=2.75",0.05075754202702287,0.5675675675675675,0.33845853990255975,1.4545021884620781,110,True,4,0.02158680254257761,5
GerTech30Cash,H1,VolatilityExpansion,"ema=20,mult=1.5",-0.004870076078644203,0.47696245733788395,-0.007758025834083715,0.9967652803087392,1172,True,4,0.04549318715358064,5
GerTech30Cash,H1,VolatilityExpansion,"ema=50,mult=2.0",0.12160802882944055,0.5062128579146408,0.1571948684631929,1.055106060067017,1855,True,4,0.06719898652098544,5
GerTech30Cash,H1,VolatilityExpansion,"ema=50,mult=2.5",0.02272532251388737,0.49082905355832723,0.03549127185021152,1.0138467289228448,1366,True,4,0.06784513862829855,5
GerTech30Cash,H4,TrendFollowing,"fast=5,slow=20",0.5987523622338174,0.5199816260909509,0.3100122245617733,1.0561360527972905,4359,True,4,0.06449784882100484,5
GerTech30Cash,M15,MeanReversion,"window=20,z=1.75",0.13821739573436187,0.524644030668127,0.4989741970292074,1.278781688443122,918,True,4,0.08619362837835032,5
GerTech30Cash,M15,MeanReversion,"window=20,z=2.0",0.14050170416685415,0.5325342465753424,0.6001228637563073,1.4502634543411173,586,True,4,0.06812352791100906,5
GerTech30Cash,M15,MeanReversion,"window=20,z=2.25",0.12743776460764067,0.5681159420289855,0.639116460103393,1.6949290704673319,345,True,4,0.06895271506673206,5
GerTech30Cash,M15,MeanReversion,"window=20,z=2.5",0.0967333546945367,0.5706521739130435,0.6014886761041585,1.9756135945105193,183,True,4,0.06831499654485196,5
GerTech30Cash,M15,TrendFollowing,"fast=10,slow=30",0.03276054085391,0.5006038647342995,0.05870544793809393,1.0123352543989472,4999,True,5,0.03080204710674117,5
GerTech30Cash,M15,TrendFollowing,"fast=13,slow=34",0.03251206073292301,0.5002012882447665,0.05826017647144697,1.0122411220877705,4999,True,4,0.019787366015502572,5
GerTech30Cash,M15,TrendFollowing,"fast=21,slow=55",0.03946460061393853,0.5026167471819646,0.07071904629852538,1.014878297658564,4999,True,5,0.11628526490513291,5
GerTech30Cash,M15,TrendFollowing,"fast=34,slow=89",0.06793072818166346,0.5034219001610306,0.12173162351893149,1.0257482942646807,4999,True,5,0.13634781491385217,5
Google_turbo,H1,MeanReversion,"window=20,z=1.5",0.22149456689039093,0.5403508771929825,0.18954884978427847,1.0735148018821785,1433,True,4,0.20878922645873832,5
Google_turbo,H1,MeanReversion,"window=50,z=1.5",0.3159368009844379,0.5269461077844312,0.2520580827691533,1.0965652378937207,1509,True,4,0.15014281849344802,5
Google_turbo,H1,MeanReversion,"window=20,z=1.75",0.19661063820024882,0.5408515535097813,0.20922131088852003,1.1042085952601128,876,True,4,0.2032997302599554,5
Google_turbo,H1,MeanReversion,"window=50,z=1.75",0.1965793694391207,0.5296981499513145,0.19646629631259638,1.0882137862163968,1031,True,4,0.18010693669967015,5
Google_turbo,H1,MeanReversion,"window=20,z=2.0",0.15294948728254287,0.5736434108527132,0.23461216602401858,1.1404606403522626,518,True,4,0.13880364760306563,5
Google_turbo,H1,MeanReversion,"window=50,z=2.0",0.24081066636963355,0.5417298937784522,0.29176606411768874,1.1704630702168697,661,True,4,0.13501858165687664,5
Google_turbo,H1,MeanReversion,"window=100,z=2.25",0.09674945609773422,0.5405405405405406,0.13470478205239617,1.0995848434521474,407,True,4,0.02577928490744763,5
Google_turbo,H1,MeanReversion,"window=50,z=2.5",0.06279285945809765,0.5342465753424658,0.13953359649222846,1.1289740281828706,219,True,4,0.062030606439689495,5
Google_turbo,H1,MeanReversion,"window=50,z=2.75",0.10953691915251318,0.5714285714285714,0.40213512388073286,1.5246312324198406,126,True,5,0.04917275932052001,5
Google_turbo,H1,MeanReversion,"window=100,z=2.75",0.14187446835139672,0.6198347107438017,0.3294379025872931,1.5101163447246277,120,True,5,0.07672220290490628,5
Google_turbo,H4,MeanReversion,"window=20,z=1.75",0.7550586801498652,0.5247844827586207,0.4540251460573162,1.22726181522468,936,True,4,0.1424055548712383,5
Google_turbo,H4,MeanReversion,"window=20,z=2.0",0.23003412635715736,0.5160680529300568,0.1942102623539381,1.1223389906116912,532,True,4,0.07512053379442685,5
Google_turbo,H4,TrendFollowing,"fast=50,slow=200",1.6003182315276017,0.5238191360516754,0.39849999195851116,1.0807705151600673,4999,True,5,1.0403542346766086,5
Google_turbo,M15,MeanReversion,"window=50,z=1.5",0.1203969894079383,0.5264727815063386,0.19761093224179263,1.0748510809050005,1352,True,4,0.13948696579842046,5
Google_turbo,M15,MeanReversion,"window=100,z=1.5",0.058745590827828154,0.5089743589743589,0.09565944524717045,1.0331340202931198,1576,True,5,0.10054823240605082,5
Google_turbo,M15,MeanReversion,"window=50,z=1.75",0.18876551054001434,0.5508771929824562,0.38016985204829057,1.1778808989795275,863,True,5,0.15475097491103396,5
Google_turbo,M15,MeanReversion,"window=100,z=1.75",0.05706190282872414,0.5186219739292365,0.10793566686284091,1.044988355716366,1083,True,5,0.11082821008011767,5
Google_turbo,M15,MeanReversion,"window=50,z=2.0",0.10837706864518781,0.544839255499154,0.2446259556344428,1.1359802105448282,597,True,5,0.10993169028223693,5
Google_turbo,M15,MeanReversion,"window=50,z=2.25",0.0443867405709536,0.5488126649076517,0.12317888281409442,1.0822551327681882,384,True,4,0.0821103459973801,5
Google_turbo,M15,MeanReversion,"window=50,z=3.25",-0.015482815640001424,0.5142857142857142,-0.06918564392180057,0.9030985419477773,70,True,4,0.015095339935259133,5
Google_turbo,M15,TrendFollowing,"fast=50,slow=200",0.12000296848709813,0.508988083215512,0.08935529688083207,1.0210727487065099,4999,True,5,0.28290566746374524,5
HGCOP-MAR26,H4,TrendFollowing,"fast=13,slow=34",0.1390306373831941,0.49005424954792043,0.06464533321834016,1.013087585271469,4999,True,5,0.3550852540207192,5
HGCOP-MAR26,H4,TrendFollowing,"fast=21,slow=55",0.24149815527578322,0.49226441631504925,0.1122917235834282,1.022843489158793,4999,True,4,0.2896061505167231,5
HGCOP-MAR26,M15,MeanReversion,"window=100,z=1.5",0.026680123167091674,0.5333333333333333,0.08154937070553657,1.0295942359517491,1358,True,5,0.048294964587317524,5
HGCOP-MAR26,M15,MeanReversion,"window=100,z=1.75",0.030260065451929163,0.5413943355119826,0.10455513798473415,1.0461008017656452,932,True,5,0.0478263417792284,5
HGCOP-MAR26,M15,MeanReversion,"window=100,z=2.0",0.040691668453741614,0.5429497568881686,0.17421838117226154,1.0926033555879544,627,True,4,0.017560423886685106,5
HGCOP-MAR26,M15,MeanReversion,"window=100,z=2.25",0.024969328865006912,0.5432098765432098,0.13100744338523723,1.0856353093059419,410,True,4,0.011664163200055477,5
Haleon,H1,TrendFollowing,"fast=5,slow=20",-0.1322551664339543,0.49477973007384773,-0.1331436333239489,0.9751287846931704,4055,True,4,0.11643262722545678,5
Haleon,H1,TrendFollowing,"fast=8,slow=21",0.002896281189487815,0.49961802902979374,0.0029156353697247423,1.000551670090724,4055,True,4,0.11548253903927574,5
Haleon,H1,VolatilityExpansion,"ema=50,mult=1.5",-0.06575021431129013,0.48998091603053434,-0.08631423578025678,0.9776009563455534,2164,True,4,0.05553253390751156,5
Haleon,M15,TrendFollowing,"fast=8,slow=21",0.07679368266792652,0.4869791666666667,0.11183221227723568,1.0222885155052557,4999,True,4,0.03892726708878713,5
Haleon,M15,TrendFollowing,"fast=21,slow=55",0.12677093405947093,0.4971788194444444,0.18462040849197991,1.037062662286856,4999,True,4,0.03661187186179926,5
HarrisWinners,H1,MeanReversion,"window=100,z=2.0",-0.003471070045561464,0.5056689342403629,-0.009924036385087298,0.9942985895938073,443,True,4,0.07891965801377199,5
HarrisWinners,H1,MeanReversion,"window=100,z=2.25",0.0008402447612156916,0.503731343283582,0.0027821651649393565,1.0021664062379616,270,True,4,0.06607083481702836,5
HarrisWinners,H1,MeanReversion,"window=20,z=2.5",-0.0016713501440714928,0.5431034482758621,-0.011476633437546912,0.9885003005917148,115,True,5,0.02730852017695007,5
HarrisWinners,H1,MeanReversion,"window=100,z=2.5",0.005374221757547537,0.509090909090909,0.022154877358920477,1.022666713367367,166,True,4,0.030395784682241356,5
HarrisWinners,H1,MeanReversion,"window=100,z=2.75",-0.047755179202513154,0.4811320754716981,-0.2162274446723255,0.7522628533622144,105,True,4,0.01579903996952048,5
HarrisWinners,H4,MeanReversion,"window=20,z=1.5",0.005774449843554352,0.4866666666666667,0.02645509020118141,1.0090745067354963,300,True,4,0.012913610337638826,5
HarrisWinners,M15,MeanReversion,"window=50,z=1.75",0.08887566722369056,0.464816650148662,0.2318074395885546,1.1506969545403645,1012,True,4,0.018903480066882916,5
HarrisWinners,M15,MeanReversion,"window=20,z=2.75",0.007202914173747299,0.5035460992907801,0.04074989989084048,1.0599778751269284,140,True,4,0.017855704465835176,5
HarrisWinners,M15,MeanReversion,"window=20,z=3.0",0.02571361303280717,0.4666666666666667,0.18064804624448105,1.4288880931956918,74,True,5,0.0179000116410285,5
HarrisWinners,M15,VolatilityExpansion,"ema=20,mult=3.0",0.0729551543042094,0.5543478260869565,0.24846513254369842,1.1703278486165491,831,True,4,0.012290766150629295,5
ICPUSD,H1,MeanReversion,"window=50,z=1.5",0.04657274086097596,0.539768864717879,0.018100159156337618,1.0074582371603131,1487,True,5,0.25237131495455056,5
ICPUSD,H1,MeanReversion,"window=100,z=1.5",-0.08962651347517903,0.5215827338129496,-0.0327118383186256,0.986381579509433,1405,True,5,0.1207533137192438,5
ICPUSD,H1,MeanReversion,"window=50,z=1.75",0.30849156652616516,0.543274244004171,0.13523512936634607,1.0737010771605655,970,True,5,0.25535389797820107,5
ICPUSD,H1,MeanReversion,"window=100,z=1.75",0.35581024866689936,0.5497267759562842,0.15500802884241982,1.0839038465979522,927,True,5,0.10887376027043394,5
ICPUSD,H4,MeanReversion,"window=50,z=1.5",-0.701224371534974,0.5167638483965015,-0.15046731038129074,0.944846997349863,1377,True,4,0.8077046212690159,5
ICPUSD,H4,MeanReversion,"window=100,z=1.75",-0.8577457095937903,0.5061349693251533,-0.19130509143510693,0.9173331592593392,982,True,4,0.6285297917873064,5
ICPUSD,H4,MeanReversion,"window=20,z=2.25",0.2229361612605878,0.5419847328244275,0.11377161963971649,1.1039921371004946,261,True,4,0.21031478793228597,5
ICPUSD,H4,MeanReversion,"window=50,z=2.5",-0.5419362780515198,0.4829059829059829,-0.2128803161829077,0.8083975474667552,234,True,4,0.15705847119462124,5
ICPUSD,M15,TrendFollowing,"fast=5,slow=20",-0.005797071277861332,0.4823724595603484,-0.00368166269800778,0.9993379517468042,4999,True,4,0.15152442746733708,5
ICPUSD,M15,TrendFollowing,"fast=8,slow=21",-0.03492501932643044,0.4848610535047698,-0.02218055580124189,0.9960180489860292,4999,True,4,0.1684090787665795,5
ICPUSD,M15,TrendFollowing,"fast=10,slow=30",-0.029873454147313683,0.48942347573620903,-0.01897234864457908,0.9965930184380842,4999,True,4,0.07646483293969775,5
ICPUSD,M15,VolatilityExpansion,"ema=50,mult=2.5",-0.24266847843455874,0.4502415458937198,-0.27857282597289584,0.8946551980452097,1067,True,5,0.16567301853960825,5
IMXUSD,H1,MeanReversion,"window=50,z=1.5",-0.25645670938304677,0.5147392290249433,-0.10948557606328051,0.960823047894683,1477,True,5,0.20533936982559264,5
IMXUSD,H1,MeanReversion,"window=50,z=1.75",-0.28280606292719745,0.5164960182025028,-0.1395806091204368,0.9374577587974036,974,True,4,0.16257220107629922,5
IMXUSD,H1,MeanReversion,"window=50,z=2.0",-0.38960328611622996,0.5063063063063064,-0.21701584185079395,0.8752366694072545,611,True,4,0.1681155813194335,5
IMXUSD,H1,MeanReversion,"window=100,z=2.0",-0.07937201257334392,0.5333333333333333,-0.04172913750440474,0.9757349371000953,590,True,5,0.17110045326276768,5
IMXUSD,H1,MeanReversion,"window=100,z=2.25",-0.0217310316479995,0.5233918128654971,-0.012701509825533324,0.9901085130769668,373,True,4,0.0859288155774417,5
IMXUSD,H1,VolatilityExpansion,"ema=20,mult=2.5",0.34709889984248166,0.4900662251655629,0.21473829981655057,1.2002591806447647,331,True,4,0.31498914834950187,5
IMXUSD,H1,VolatilityExpansion,"ema=50,mult=3.5",0.07947715645184261,0.4894117647058824,0.04607808708586584,1.0326703733553582,475,True,4,0.31506692049820817,5
IMXUSD,H4,MeanReversion,"window=50,z=1.75",-0.6404725674128063,0.527542372881356,-0.16120778604760258,0.9340580891550566,976,True,4,0.114217877585858,5
IMXUSD,H4,MeanReversion,"window=50,z=2.0",-0.875313039179401,0.51,-0.25802583845375787,0.8693126619477698,622,True,4,0.25202655029105925,5
IMXUSD,H4,MeanReversion,"window=20,z=2.25",0.39118704170522534,0.5793357933579336,0.20042065036550724,1.169902124781275,284,True,4,0.1565481598094961,5
IMXUSD,H4,MeanReversion,"window=20,z=2.5",0.22250872450346337,0.5658914728682171,0.15792605202274518,1.20823682612533,134,True,4,0.1222330134181,5
IMXUSD,H4,MeanReversion,"window=20,z=2.75",-0.0010447428395766734,0.5964912280701754,-0.000898614429024403,0.998228264912284,60,True,4,0.03192378906700788,5
IMXUSD,H4,TrendFollowing,"fast=21,slow=55",2.061113656628247,0.5013393777045126,0.27402306187697567,1.0495743796839516,4999,True,4,0.256835088323659,5
IMXUSD,H4,TrendFollowing,"fast=34,slow=89",3.3187380906210038,0.5058726560890171,0.4413277624145189,1.0810488620250316,4999,True,5,0.6992339267015326,5
IMXUSD,H4,VolatilityExpansion,"ema=20,mult=3.0",0.03971383879304391,0.4264705882352941,0.018991894426164765,1.0217553721504333,140,True,5,0.13497624120888718,5
IMXUSD,M15,TrendFollowing,"fast=5,slow=20",-0.11322601029812607,0.48566775244299676,-0.07060281791780662,0.9867973411440464,4998,True,4,0.23781534376244517,5
IMXUSD,M15,TrendFollowing,"fast=8,slow=21",-0.35617205176610367,0.4820846905537459,-0.22211295388964644,0.9590487919583265,4998,True,4,0.20364154543978763,5
IMXUSD,M15,TrendFollowing,"fast=13,slow=34",-0.21362225305366744,0.4866449511400652,-0.13320892347963675,0.9752356443549142,4998,True,4,0.1984416282332947,5
IMXUSD,M15,VolatilityExpansion,"ema=20,mult=1.5",-0.14372966059956316,0.4525993883792049,-0.14603215242679185,0.951949166514298,1532,True,4,0.2997429281938183,5
IMXUSD,M15,VolatilityExpansion,"ema=20,mult=2.0",-0.048941125044873135,0.4411764705882353,-0.06157476360274841,0.9729293633952864,861,True,5,0.24054135578737335,5
IMXUSD,M15,VolatilityExpansion,"ema=50,mult=2.0",-0.1918641286675421,0.46865203761755486,-0.18658364976534536,0.9474085285721118,2043,True,4,0.2521490042035377,5
JP225-MAR26,H1,TrendFollowing,"fast=5,slow=20",0.003336154344110609,0.5002035002035002,0.003253901167976442,1.0007013407517371,4999,True,4,0.05011884451316562,5
JP225-MAR26,H1,TrendFollowing,"fast=8,slow=21",0.14167288707750592,0.5056980056980057,0.13818516299110992,1.030222547416308,4999,True,4,0.14312286313082245,5
JP225-MAR26,H1,TrendFollowing,"fast=10,slow=30",-0.01062826596203359,0.501017501017501,-0.010366227131204908,0.9977689548959743,4999,True,4,0.10516979092196121,5
JP225-MAR26,H1,TrendFollowing,"fast=13,slow=34",0.025537837561399046,0.5069190069190069,0.024908230094977675,1.0053812323346591,4999,True,5,0.16239046893396136,5
JP225-MAR26,H1,TrendFollowing,"fast=50,slow=200",0.19455628460980345,0.5067155067155067,0.18977304014313337,1.0417394047556503,4999,True,4,0.09448066475854733,5
JP225-MAR26,H4,TrendFollowing,"fast=10,slow=30",0.12239407820189974,0.5124368048533873,0.07241718596814341,1.0137467015190036,4999,True,4,0.40184475092409233,5
JP225-MAR26,H4,TrendFollowing,"fast=13,slow=34",0.4415682329569208,0.5164812942366026,0.26129637089287827,1.0504999371336432,4999,True,4,0.4177529216924616,5
JP225-MAR26,H4,TrendFollowing,"fast=21,slow=55",0.18326001205135922,0.5112234580384226,0.10843127460591981,1.0206534593671412,4999,True,4,0.3311614699631813,5
JP225-MAR26,H4,VolatilityExpansion,"ema=20,mult=1.5",0.07386307087341693,0.5079136690647482,0.07836892429071585,1.0279616365110396,1400,True,4,0.23982389435546825,5
JP225-MAR26,H4,VolatilityExpansion,"ema=50,mult=1.5",0.13637221512396236,0.5161547666533706,0.10480107399736145,1.0287960713231288,2534,True,4,0.22954689281818985,5
JP225-MAR26,H4,VolatilityExpansion,"ema=20,mult=2.0",0.08411150974750914,0.5147247119078106,0.11373812061062746,1.0570058831539342,787,True,4,0.14009496710027736,5
JP225-MAR26,H4,VolatilityExpansion,"ema=50,mult=2.0",-0.12636931072765412,0.507399577167019,-0.11655938036186977,0.9654779870382837,1912,True,4,0.13671684224934078,5
JP225-MAR26,H4,VolatilityExpansion,"ema=20,mult=3.0",0.10176909116633592,0.5555555555555556,0.22894107707509334,1.286169565322651,181,True,4,0.09430115891023272,5
JP225-MAR26,H4,VolatilityExpansion,"ema=50,mult=3.0",-0.026162806244116932,0.5046248715313464,-0.03334489017343309,0.9856272842139043,979,True,4,0.13366349801759758,5
JP225-MAR26,H4,VolatilityExpansion,"ema=50,mult=3.5",0.06394502780719391,0.522273425499232,0.09835157224835672,1.0550768568449505,655,True,4,0.0881793597802365,5
JP225-MAR26,M15,MeanReversion,"window=100,z=1.75",-0.07083883218182319,0.5019083969465649,-0.29335472704431337,0.8871493884174779,1073,True,4,0.015569315173496912,5
Kenvue,H1,MeanReversion,"window=20,z=1.5",0.47490015362244065,0.5089086859688196,0.47256269041621934,1.2285776091659921,943,True,4,0.05955115753852869,5
Kenvue,H1,MeanReversion,"window=50,z=1.5",0.34418467275319764,0.5057232049947971,0.3413338379806081,1.155827727557328,1007,True,4,0.13134964344928424,5
Kenvue,H1,MeanReversion,"window=20,z=1.75",0.5543889250316718,0.5228070175438596,0.6216513103521077,1.436018288331393,601,True,4,0.11414981122652468,5
Kenvue,H1,MeanReversion,"window=50,z=1.75",0.22108341892648942,0.4945904173106646,0.23985308859502638,1.1380219310439976,673,True,4,0.11042999617045524,5
Kenvue,H1,MeanReversion,"window=50,z=2.0",0.3346872364918023,0.5225464190981433,0.3938345612460036,1.3397558056003769,393,True,5,0.1371520518158611,5
Kenvue,H1,MeanReversion,"window=50,z=2.25",0.2629262959523101,0.5362318840579711,0.42915149729372487,1.4567228517242288,215,True,5,0.09792633301812825,5
Kenvue,M15,MeanReversion,"window=100,z=2.0",0.025823874228222743,0.4794520547945205,0.03796910222712606,1.0283361273340514,562,True,4,0.016294916866764986,5
Kenvue,M15,TrendFollowing,"fast=10,slow=30",0.08279877327089136,0.5037744227353463,0.054172403917219156,1.0135305867048245,4999,True,4,0.2672025662331945,5
Klarna,H1,TrendFollowing,"fast=8,slow=21",0.1373167044725151,0.49364791288566245,0.2766453615565682,1.0505946748522588,560,True,4,0.19965934491973725,5
Klarna,M15,MeanReversion,"window=20,z=1.5",0.0991804427434857,0.5028571428571429,0.18520244310400408,1.0677715444482456,537,True,4,0.06391438945422812,5
Klarna,M15,MeanReversion,"window=20,z=1.75",0.11242052709871997,0.5167597765363129,0.25209040351350803,1.1096054039034076,369,True,4,0.021019046384896822,5
Klarna,M15,TrendFollowing,"fast=10,slow=30",0.3108112699628518,0.5055220883534136,0.3190289260252346,1.0637735987194843,2077,True,4,0.2001388584540369,5
LATAM_INDX,H1,MeanReversion,"window=50,z=2.0",-0.15884452164377083,0.48637015781922527,-0.29692076598281314,0.8571893660333706,696,True,4,0.0377487734715648,5
LATAM_INDX,H1,MeanReversion,"window=50,z=2.25",0.0767815019490935,0.5124378109452736,0.20671271838371155,1.142320792640925,401,True,5,0.06187762945608832,5
LATAM_INDX,H1,VolatilityExpansion,"ema=20,mult=1.5",0.2292914226508289,0.5049082373026035,0.23644568355500736,1.0719574384730268,2342,True,4,0.05591709176249182,5
LATAM_INDX,H1,VolatilityExpansion,"ema=20,mult=3.5",0.01761887896950709,0.5336538461538461,0.04853877203690628,1.0312901715934317,415,True,4,0.03954074051302048,5
LATAM_INDX,H4,MeanReversion,"window=50,z=1.5",0.0794840558368285,0.4839924670433145,0.16441230582489316,1.0581904261797381,531,True,4,0.049992043184067914,5
LATAM_INDX,H4,MeanReversion,"window=50,z=1.75",0.002563092348095264,0.4375,0.006039991795582756,1.0026358364433752,352,True,4,0.067442341301858,5
LATAM_INDX,H4,MeanReversion,"window=20,z=2.0",-0.0022211296160482563,0.5369458128078818,-0.007681680764883117,0.995927398613545,202,True,4,0.031521260262071915,5
LATAM_INDX,H4,MeanReversion,"window=50,z=2.0",0.1525626389100676,0.45893719806763283,0.41579998832213,1.2716366092463371,207,True,5,0.08239798234268625,5
LATAM_INDX,M15,TrendFollowing,"fast=5,slow=20",0.0004061217434598863,0.5097330925145495,0.0005291715906417922,1.000130490457424,4999,True,4,0.05904977970454861,5
LATAM_INDX,M15,TrendFollowing,"fast=8,slow=21",-0.004455240590433451,0.5073249046758981,-0.005805123572566131,0.9985696094836781,4999,True,4,0.025087572960036386,5
LATAM_INDX,M15,VolatilityExpansion,"ema=20,mult=2.5",0.11985932459135973,0.5344036697247706,0.36869855866579476,1.1582692921328386,1311,True,4,0.03809705279328801,5
LATAM_INDX,M15,VolatilityExpansion,"ema=20,mult=3.0",0.12601761623127705,0.5467706013363028,0.48129002084385425,1.2498271747777763,899,True,4,0.04085004893927291,5
LATAM_INDX,M15,VolatilityExpansion,"ema=50,mult=3.0",0.19085347113346274,0.509864094695309,0.41456915274602585,1.1466724112482887,2291,True,4,0.030911556363833803,5
LDOUSD,H1,MeanReversion,"window=50,z=1.5",-0.19749079126656954,0.5419847328244275,-0.08893371290852486,0.9661622812384544,1398,True,4,0.4028798270221293,5
LDOUSD,H1,MeanReversion,"window=100,z=1.5",0.023537779326823882,0.5402658326817826,0.010440611899086745,1.0040116887951869,1359,True,4,0.38540159251212924,5
LDOUSD,H1,MeanReversion,"window=100,z=1.75",-0.10757815927997882,0.535796766743649,-0.05248950676755543,0.9750973248856603,921,True,4,0.2971532209249096,5
LDOUSD,H1,MeanReversion,"window=100,z=2.0",-0.18893252397487847,0.5364963503649635,-0.10691265089830135,0.933936369115455,573,True,4,0.10353833513409483,5
LDOUSD,H1,MeanReversion,"window=100,z=2.25",-0.23479277743555094,0.509641873278237,-0.15218840609186174,0.8827176704676081,379,True,4,0.08117222026190773,5
LDOUSD,H1,MeanReversion,"window=100,z=2.5",-0.4214238481755327,0.49107142857142855,-0.3104169606268104,0.7118871635235002,233,True,4,0.05033328630269851,5
LDOUSD,H4,MeanReversion,"window=20,z=2.0",-0.2578482223863853,0.5334608030592735,-0.09523163461041233,0.9484437489795484,535,True,4,0.11596723532936526,5
LDOUSD,H4,MeanReversion,"window=20,z=2.25",-0.11072009525004922,0.5448275862068965,-0.05207827555317325,0.9607386737850183,296,True,4,0.14078684659943685,5
LDOUSD,H4,MeanReversion,"window=20,z=2.5",-0.05745336191103334,0.5379746835443038,-0.033623390455324295,0.9652911153248139,159,True,5,0.24276027858731752,5
LDOUSD,M15,MeanReversion,"window=100,z=1.5",0.19081948535117366,0.5497287522603979,0.22694894577266778,1.0852480692187556,1378,True,4,0.03083348423534471,5
LDOUSD,M15,TrendFollowing,"fast=10,slow=30",-0.27089855399708307,0.4830379746835443,-0.1907199372554932,0.9652438507832015,4998,True,4,0.2053008905300976,5
LDOUSD,M15,TrendFollowing,"fast=13,slow=34",-0.27258874558638924,0.4860759493670886,-0.1919100514289459,0.9650307915955221,4998,True,4,0.2159213027564556,5
LRCUSD,H1,MeanReversion,"window=100,z=1.5",0.934486478863452,0.5396825396825397,0.4508999709242091,1.1959259884977458,1369,True,4,0.2984909179476708,5
LRCUSD,H1,MeanReversion,"window=100,z=1.75",0.8257668224818582,0.5528554070473876,0.4550240405534488,1.2603143577867064,883,True,4,0.20053226008768754,5
LRCUSD,H1,MeanReversion,"window=100,z=2.0",0.8457939977795633,0.5578747628083491,0.5162718788725839,1.4057683888241568,558,True,4,0.14103314356693886,5
LRCUSD,H1,MeanReversion,"window=100,z=2.25",0.6442892467020893,0.560126582278481,0.43474092766269806,1.4812488245341386,338,True,4,0.10082738307774575,5
LRCUSD,H1,MeanReversion,"window=50,z=2.5",0.41406476455322017,0.538860103626943,0.3519813055799703,1.5279040564328812,209,True,4,0.11019283202872288,5
LRCUSD,H1,MeanReversion,"window=50,z=2.75",0.3677038310975711,0.5092592592592593,0.33786590816573026,1.7711196553489965,117,True,4,0.10056656953865428,5
LRCUSD,H1,VolatilityExpansion,"ema=20,mult=1.5",-0.30304665459979163,0.47423764458464773,-0.15133093664252653,0.9316772190855757,1030,True,4,0.2164886144999778,5
LRCUSD,H4,MeanReversion,"window=50,z=1.5",0.36574875104389226,0.5223993925588458,0.08616873608559514,1.0329935676382147,1355,True,5,0.31435544379040814,5
LRCUSD,H4,MeanReversion,"window=50,z=1.75",0.9546046095191426,0.532596685082873,0.2540323821754974,1.1243731756360968,937,True,4,0.2609020208200483,5
LRCUSD,H4,MeanReversion,"window=100,z=2.0",1.196390163864569,0.5568181818181818,0.3768681440001111,1.2299650330125116,639,True,4,0.22775242927695638,5
LRCUSD,H4,MeanReversion,"window=50,z=2.25",0.15816532031185027,0.5210843373493976,0.05802539966300003,1.0462559659157926,340,True,4,0.17788000645282154,5
LRCUSD,H4,MeanReversion,"window=100,z=2.25",1.0188532688662644,0.5538057742782152,0.3671263865054637,1.2995290809142768,394,True,5,0.49644867142240157,5
LRCUSD,H4,MeanReversion,"window=50,z=2.5",-0.17530253487362701,0.504950495049505,-0.06910866357463104,0.9336213633245815,206,True,4,0.011727905262909344,5
LRCUSD,M15,MeanReversion,"window=100,z=2.25",0.4037184207579443,0.5673758865248227,0.3284122564430649,1.6272371974954978,364,True,4,0.16164449175368523,5
LRCUSD,M15,MeanReversion,"window=100,z=2.5",0.4198836010232502,0.5642458100558659,0.3504075719802754,2.027042432124454,230,True,4,0.1517586635655206,5
LRCUSD,M15,VolatilityExpansion,"ema=50,mult=2.0",-0.21320103698701898,0.4435146443514644,-0.0651164241213012,0.9390983544985011,1578,True,4,0.25834934828067624,5
LRCUSD,M15,VolatilityExpansion,"ema=50,mult=2.5",-0.7712540156043097,0.4327784891165173,-0.5229887681847543,0.6832873940206957,1022,True,4,0.27115273417719454,5
MANAUSD,H1,MeanReversion,"window=50,z=1.5",0.2693792775398667,0.5415778251599147,0.12925118265857577,1.0538396064233817,1446,True,4,0.3968292726206655,5
MANAUSD,H1,MeanReversion,"window=50,z=1.75",0.0686542900459951,0.547071129707113,0.03618067268582025,1.0190110838709676,973,True,4,0.29113879182115665,5
MANAUSD,H4,MeanReversion,"window=20,z=1.5",-0.7606294585036075,0.5165319617927994,-0.18679750109788926,0.9297340538203999,1375,True,4,0.28566750548464603,5
MANAUSD,H4,MeanReversion,"window=50,z=1.5",0.05383635968498934,0.5228095582910934,0.012746313025291185,1.004827996268725,1394,True,4,0.23346289803546283,5
MANAUSD,H4,MeanReversion,"window=20,z=1.75",-0.4162121662178466,0.5262569832402234,-0.12964248309479964,0.9422646072657015,902,True,4,0.19932109249994534,5
MANAUSD,H4,MeanReversion,"window=50,z=1.75",-0.23320500989908244,0.5295381310418904,-0.061908487873636196,0.9709092203989341,942,True,5,0.3756323125632446,5
MANAUSD,H4,MeanReversion,"window=20,z=2.0",-0.3116426815153066,0.5341506129597198,-0.11572606538387895,0.9344998746067904,576,True,4,0.4255000492062041,5
MANAUSD,H4,MeanReversion,"window=20,z=2.25",0.3235837781261889,0.5581395348837209,0.18126937891963008,1.1532318787659883,302,True,4,0.38212664775567795,5
MANAUSD,H4,MeanReversion,"window=50,z=2.25",-0.3239137338369006,0.5298701298701298,-0.11707090216503954,0.9104206746139737,388,True,4,0.11935461476276255,5
MANAUSD,H4,MeanReversion,"window=20,z=2.5",0.00737273350328016,0.54375,0.004856766907857583,1.0053151333121084,159,True,4,0.14748572978960783,5
MANAUSD,H4,TrendFollowing,"fast=13,slow=34",1.092543299426385,0.4990907253990705,0.16810945989023704,1.0321838673221293,4999,True,4,0.6562224856653749,5
MANAUSD,H4,TrendFollowing,"fast=21,slow=55",1.1065982641021024,0.5039401899373611,0.1702723423012382,1.0326046445690178,4999,True,4,0.8934060811896716,5
MANAUSD,H4,VolatilityExpansion,"ema=50,mult=2.0",0.07875604826792348,0.4716106604866744,0.017040557586584567,1.0056008357390722,1744,True,4,0.15291981172407942,5
MANAUSD,M15,MeanReversion,"window=20,z=2.75",-0.01759435861155978,0.49230769230769234,-0.11328367432914425,0.8511174400264772,69,True,4,0.015566956442060409,5
MANAUSD,M15,TrendFollowing,"fast=5,slow=20",0.09012489047249839,0.49048152295632697,0.07670552967981092,1.0137488201054543,4998,True,5,0.3175242125000679,5
MANAUSD,M15,TrendFollowing,"fast=8,slow=21",0.10022752762293219,0.4916013437849944,0.08530414636766344,1.015301798921069,4998,True,5,0.367027736241613,5
MANAUSD,M15,TrendFollowing,"fast=10,slow=30",0.2569274153776654,0.5012318029115341,0.21868979400533986,1.0397001508223407,4998,True,5,0.34399337327911916,5
MANAUSD,M15,TrendFollowing,"fast=13,slow=34",0.2637230267342502,0.5003359462486002,0.2244751798769286,1.0407716075840348,4998,True,4,0.3393695279484732,5
MANAUSD,M15,TrendFollowing,"fast=21,slow=55",0.09938185489161533,0.5032474804031355,0.08458436958185618,1.0151717101346442,4998,True,5,0.33550470029724644,5
MANAUSD,M15,TrendFollowing,"fast=34,slow=89",0.10338481537306732,0.5007838745800672,0.08799141096404693,1.0157876290203338,4998,True,4,0.23563453092489217,5
MANAUSD,M15,VolatilityExpansion,"ema=20,mult=1.5",0.0785042845824464,0.46977124183006536,0.11334654518832417,1.0398900069855197,1341,True,5,0.2637571397614764,5
MANAUSD,M15,VolatilityExpansion,"ema=50,mult=1.5",0.045196487489481574,0.48127659574468085,0.05158257037596003,1.0127083088108164,2613,True,5,0.3015926032762869,5
MANAUSD,M15,VolatilityExpansion,"ema=20,mult=2.0",0.08803323305617827,0.4676145339652449,0.1641615796202936,1.0816075631149806,688,True,5,0.2275930023173942,5
MANAUSD,M15,VolatilityExpansion,"ema=50,mult=2.0",-0.09146581994954572,0.4810198300283286,-0.12037412606921352,0.9666104627958321,1961,True,5,0.2739852623421217,5
MANAUSD,M15,VolatilityExpansion,"ema=20,mult=2.5",0.13158442292362682,0.48773006134969327,0.30714336667882125,1.2259342255437284,348,True,4,0.22166252509945794,5
MANAUSD,M15,VolatilityExpansion,"ema=50,mult=2.5",-0.06713296789224954,0.4724220623501199,-0.10177896851899637,0.9663217940480695,1386,True,5,0.24601523541833592,5
MANAUSD,M15,VolatilityExpansion,"ema=20,mult=3.0",0.0655507628866655,0.47530864197530864,0.19949627225971353,1.2017281975675818,175,True,4,0.13524739611550196,5
MANAUSD,M15,VolatilityExpansion,"ema=50,mult=3.0",0.016007541485116517,0.4762484774665043,0.02867502941714574,1.0120662367903697,902,True,5,0.2057771581919201,5
MANAUSD,M15,VolatilityExpansion,"ema=20,mult=3.5",0.05310970096927625,0.4722222222222222,0.21245077287341463,1.350124392192409,75,True,5,0.10723535111081006,5
MANAUSD,M15,VolatilityExpansion,"ema=50,mult=3.5",0.032988662472593355,0.46880907372400754,0.07141054276045138,1.0374542346138946,582,True,5,0.1489453157043802,5
Microsoft_turbo,H1,MeanReversion,"window=20,z=1.5",0.18820408043158077,0.5028694404591105,0.2177856815383185,1.0847777690330918,1397,True,4,0.03409681759784566,5
Microsoft_turbo,H1,MeanReversion,"window=50,z=2.0",0.15334570865824693,0.4890282131661442,0.2359304467674356,1.1459556550218648,638,True,4,0.038416277235285845,5
Microsoft_turbo,H1,MeanReversion,"window=100,z=2.25",0.10323283103084446,0.4898419864559819,0.18710355086084673,1.1450686170751254,443,True,4,0.02871246410858186,5
Microsoft_turbo,H4,MeanReversion,"window=20,z=1.5",0.9834094866217683,0.5172413793103449,0.5398480766606119,1.2135102643885765,1483,True,4,0.41084833535229537,5
Microsoft_turbo,H4,MeanReversion,"window=50,z=1.5",0.9525842366770674,0.4984783931832015,0.47250401725436875,1.174781144795955,1647,True,4,0.27454887022591146,5
Microsoft_turbo,H4,MeanReversion,"window=20,z=1.75",0.8602436244759656,0.5164718384697131,0.5807232981047611,1.3066106867071074,943,True,4,0.24391532085971346,5
Microsoft_turbo,H4,MeanReversion,"window=50,z=1.75",0.9801192387594168,0.5055045871559632,0.6343296720531625,1.3010366046833468,1093,True,4,0.29899098081485587,5
Microsoft_turbo,H4,MeanReversion,"window=20,z=2.0",0.5334981559271978,0.502803738317757,0.44692818002973045,1.32839567186335,537,True,4,0.22854484335587433,5
Microsoft_turbo,H4,MeanReversion,"window=20,z=2.25",0.41550661772398323,0.49615384615384617,0.45835102196855554,1.5660514562757388,260,True,5,0.2570998270178162,5
Microsoft_turbo,H4,MeanReversion,"window=50,z=2.25",0.3578554665334446,0.5077720207253886,0.4181563916191511,1.33908519162959,388,True,4,0.1960088262152887,5
Microsoft_turbo,H4,MeanReversion,"window=20,z=2.5",0.3318204358996585,0.512,0.5334657057149563,2.2390311561467953,125,True,4,0.11117642119254201,5
Microsoft_turbo,H4,MeanReversion,"window=50,z=2.5",0.2704304393574877,0.5428571428571428,0.4355591169964421,1.520522402447481,209,True,4,0.12683172879403604,5
Microsoft_turbo,H4,TrendFollowing,"fast=5,slow=20",-0.3278646690872994,0.5060313630880579,-0.09196878285620784,0.982557970521339,4999,True,5,0.6613551850782231,5
Microsoft_turbo,H4,TrendFollowing,"fast=8,slow=21",-0.5426307836777836,0.5088459991958183,-0.15221691865238138,0.9712966287119473,4999,True,5,0.7022979211198439,5
Microsoft_turbo,H4,TrendFollowing,"fast=10,slow=30",-0.6348207143961467,0.5130679533574588,-0.1780807392251361,0.966501764482125,4999,True,4,0.4128320055194543,5
Microsoft_turbo,H4,TrendFollowing,"fast=13,slow=34",-0.6002150328195618,0.5162846803377563,-0.1683719842664069,0.968298893688287,4999,True,5,0.5219776495920003,5
Microsoft_turbo,H4,TrendFollowing,"fast=21,slow=55",0.45626375020561294,0.5231202251708886,0.1279878115896199,1.0247897646889033,4999,True,4,0.483905732008338,5
Microsoft_turbo,H4,TrendFollowing,"fast=34,slow=89",0.7516193771138929,0.5263369521511861,0.21085058545684848,1.041167366519174,4999,True,4,0.3331019167461402,5
Microsoft_turbo,H4,TrendFollowing,"fast=50,slow=200",1.3948953968219504,0.535383996783273,0.3913921928450324,1.0777706539715302,4999,True,4,0.33188672498412264,5
Microsoft_turbo,H4,VolatilityExpansion,"ema=50,mult=2.5",-0.1584144447296868,0.5305555555555556,-0.08372100840418192,0.9737109810728635,1807,True,4,0.15037148176900672,5
Microsoft_turbo,M15,VolatilityExpansion,"ema=20,mult=1.5",-0.0060150158982406055,0.4747847478474785,-0.008984451442939766,0.9957375413873166,1643,True,4,0.05757464995090933,5
Microsoft_turbo,M15,VolatilityExpansion,"ema=20,mult=2.0",-0.05266078121036455,0.4554140127388535,-0.08923545033307365,0.9419570366827551,950,True,4,0.04821950885985993,5
Microsoft_turbo,M15,VolatilityExpansion,"ema=50,mult=2.0",-0.047269077027985995,0.4806201550387597,-0.06650020607491869,0.9749535269819788,2346,True,4,0.03451319825452859,5
Microsoft_turbo,M15,VolatilityExpansion,"ema=20,mult=2.5",-0.05202669298618956,0.4709193245778612,-0.16554080534699772,0.9061966871079742,537,True,4,0.04142824993675276,5
Microsoft_turbo,M15,VolatilityExpansion,"ema=50,mult=2.5",-0.12249219695266234,0.48057713651498335,-0.24355870253872144,0.9189595746592495,1822,True,4,0.04542193087919433,5
Microsoft_turbo,M15,VolatilityExpansion,"ema=50,mult=3.0",-0.05243360947684084,0.4771386430678466,-0.11753075028888493,0.9546886753725679,1369,True,4,0.022524601778437958,5
Monolithic Power,H1,MeanReversion,"window=50,z=1.5",0.457872293206669,0.4899095337508699,0.24490875736819645,1.0882249148398477,1436,True,4,0.47293284813928704,5
Monolithic Power,H1,MeanReversion,"window=20,z=2.25",0.2712931207437673,0.5176056338028169,0.2702227550015763,1.2453878671483198,283,True,4,0.1947879493925977,5
Monolithic Power,H1,MeanReversion,"window=50,z=2.25",0.186018000848181,0.46112600536193027,0.17297512849144264,1.1288421542249925,372,True,4,0.1613067089448733,5
Monolithic Power,H1,MeanReversion,"window=50,z=2.5",-0.10226904425605943,0.4697674418604651,-0.13392345068886657,0.8897897834574526,214,True,4,0.09112648057427164,5
Monolithic Power,H4,MeanReversion,"window=50,z=1.5",1.1291011904324844,0.5102669404517454,0.4526643697171369,1.165497945870433,973,True,4,0.31066378166028263,5
Monolithic Power,H4,MeanReversion,"window=20,z=1.75",0.8845241541749352,0.5,0.4782536561537109,1.216896970577772,583,True,4,0.5021855899252453,5
Monolithic Power,H4,MeanReversion,"window=50,z=1.75",1.431707682367761,0.5206106870229008,0.7100774738767975,1.3390362618840739,654,True,4,0.635046114714147,5
Monolithic Power,H4,MeanReversion,"window=50,z=2.0",0.8781327704502127,0.5087719298245614,0.6025494288449484,1.348063824407605,398,True,4,0.5915649274674833,5
Monolithic Power,H4,MeanReversion,"window=100,z=2.0",0.7885279752207172,0.5226781857451404,0.41958618433121314,1.25181051367972,462,True,4,0.16377865717577933,5
Monolithic Power,H4,MeanReversion,"window=50,z=2.25",0.6871761587129241,0.5289256198347108,0.5786952976538015,1.460057790433571,241,True,4,0.3532752716704719,5
Monolithic Power,H4,MeanReversion,"window=20,z=2.5",0.2660520359042081,0.5294117647058824,0.39251192139262114,1.5334220284008886,84,True,4,0.08553147478670153,5
Monolithic Power,H4,TrendFollowing,"fast=50,slow=200",0.01947972208548021,0.5153529597974043,0.004217420840881975,1.0008003589682912,3159,True,4,0.47548237482186817,5
Monolithic Power,M15,MeanReversion,"window=20,z=1.5",0.720364723211718,0.5123546511627907,0.5078097115228505,1.224461177156614,1393,True,4,0.12086867225845921,5
Monolithic Power,M15,MeanReversion,"window=100,z=1.5",0.3328860776377922,0.4968465311843027,0.2707670283576772,1.112988478339616,1440,True,4,0.040526056713000025,5
Monolithic Power,M15,MeanReversion,"window=20,z=1.75",0.6740217452073902,0.5173913043478261,0.5432716092006908,1.3112792939787432,933,True,5,0.21596880977178212,5
Monolithic Power,M15,MeanReversion,"window=50,z=1.75",0.7713974915723967,0.5068928950159067,0.7283910438929971,1.4029800972786193,954,True,4,0.08864261833958698,5
Monolithic Power,M15,MeanReversion,"window=100,z=1.75",0.16580678341215072,0.48942598187311176,0.15093555542533849,1.0745683770695484,1003,True,4,0.08014567938870754,5
Monolithic Power,M15,MeanReversion,"window=20,z=2.0",0.6241980967357319,0.5174129353233831,0.5931466804395856,1.4418994346128013,611,True,4,0.15083766375066798,5
Monolithic Power,M15,MeanReversion,"window=100,z=2.0",0.1901547373777961,0.47230320699708456,0.208679615855297,1.1213872629837562,692,True,4,0.05435016630112688,5
Monolithic Power,M15,MeanReversion,"window=20,z=2.25",0.7001018034599631,0.5384615384615384,0.7752876724979707,1.8296192993436229,381,True,4,0.13369973044028427,5
Monolithic Power,M15,MeanReversion,"window=100,z=2.25",0.26837099074500625,0.489749430523918,0.3391934858978633,1.267821730992475,441,True,4,0.06799691920199125,5
Monolithic Power,M15,MeanReversion,"window=20,z=2.5",0.5166235663052026,0.5319148936170213,0.6342652081015012,1.895109033587211,238,True,4,0.05963492626019162,5
Monolithic Power,M15,MeanReversion,"window=20,z=2.75",0.3515750673654394,0.5492957746478874,0.5588400468163346,1.9551578419981746,143,True,4,0.04366416518250915,5
NEARUSD,H1,MeanReversion,"window=100,z=1.5",-0.28275690151853616,0.5089992800575954,-0.13997594902914023,0.9504561346686847,1418,True,4,0.13248034034827605,5
NEARUSD,H4,MeanReversion,"window=20,z=1.75",-0.7288558837542162,0.5141955835962145,-0.20579380912734443,0.9155666917147134,959,True,4,0.1988781026769485,5
NEARUSD,H4,MeanReversion,"window=20,z=2.25",-0.23675998815590493,0.5117845117845118,-0.11965429979690714,0.9114854608636836,299,True,4,0.1432771824180098,5
NEARUSD,H4,TrendFollowing,"fast=5,slow=20",2.241408669777054,0.5011108866895576,0.3023156215565583,1.056249613594017,4998,True,4,0.7914738166127226,5
NEARUSD,H4,TrendFollowing,"fast=21,slow=55",0.5398497353822014,0.4994950515047465,0.0728011511260228,1.0132646693058178,4998,True,5,1.1505640291888686,5
NEARUSD,H4,TrendFollowing,"fast=34,slow=89",1.6121375556253037,0.5015148454857604,0.2174220667149123,1.0401406939384836,4998,True,5,1.417661853814417,5
NEARUSD,H4,VolatilityExpansion,"ema=20,mult=3.0",0.06523957510392675,0.46511627906976744,0.033379463984955775,1.0423392351001142,128,True,4,0.14854879810759347,5
NEARUSD,M15,TrendFollowing,"fast=5,slow=20",0.3940132121721892,0.4889650739232912,0.2856657100743237,1.0517967646862645,4999,True,5,0.33350073567517846,5
NEARUSD,M15,TrendFollowing,"fast=8,slow=21",0.2816177265171632,0.4887508035140347,0.20416106193390904,1.0367498171267775,4999,True,4,0.31996652933316017,5
NEARUSD,M15,TrendFollowing,"fast=13,slow=34",-0.27099726702267846,0.4827512320548532,-0.19646047081855983,0.9658668384654228,4999,True,4,0.199395366452906,5
NEARUSD,M15,VolatilityExpansion,"ema=50,mult=1.5",-0.1962819986967782,0.46558358272766137,-0.19208930681294623,0.9535375658349116,2486,True,4,0.19742555547167095,5
NEARUSD,M15,VolatilityExpansion,"ema=50,mult=2.5",-0.20069979364830526,0.4540682414698163,-0.27014168063521465,0.9088995831120438,1212,True,4,0.1588944049482539,5
NEARUSD,M15,VolatilityExpansion,"ema=20,mult=3.0",0.08056238804815041,0.46853146853146854,0.22638485861726085,1.2555265153455695,150,True,4,0.06889827148756167,5
NGASCash,H1,MeanReversion,"window=20,z=1.5",0.21281022487283985,0.5251204404679972,0.16292042407923482,1.056575653990613,1502,True,4,0.22674976989333862,5
NGASCash,H1,MeanReversion,"window=20,z=2.75",0.07013087566493692,0.5268817204301075,0.18435961287910613,1.2534614995747402,95,True,4,0.048941823319981426,5
NGASCash,H1,TrendFollowing,"fast=34,slow=89",0.5336683337530195,0.49937939594538683,0.23480553000214616,1.04670318566059,4999,True,5,0.412662313214489,5
NGASCash,H1,TrendFollowing,"fast=50,slow=200",0.01569733140012053,0.4911046752172114,0.006905819814448441,1.0013432833165934,4999,True,5,0.32876355062214857,5
NGASCash,H4,MeanReversion,"window=100,z=1.75",0.46413826469718833,0.5124521072796935,0.20004032620831558,1.0813564617310178,1056,True,4,0.31792534243452253,5
NGASCash,H4,MeanReversion,"window=100,z=2.0",0.4351267702302124,0.5046728971962616,0.24260283726125345,1.130961701600909,648,True,4,0.2640741807476432,5
NGASCash,H4,MeanReversion,"window=100,z=2.5",-0.02457545892073254,0.5053191489361702,-0.02635031177181999,0.9757637583498103,189,True,4,0.13475466321876095,5
NGASCash,M15,VolatilityExpansion,"ema=20,mult=2.5",0.2705660677560394,0.535645472061657,0.6829349908299134,1.4676306137990958,545,True,4,0.09104818451692331,5
NGASCash,M15,VolatilityExpansion,"ema=20,mult=3.0",0.23533457481242803,0.5678233438485805,0.7162132588209468,1.6936520963897443,331,True,5,0.10303060503442774,5
NGASCash,M15,VolatilityExpansion,"ema=50,mult=3.0",0.1155926821283143,0.4939668174962293,0.213037988876495,1.080534960564149,1418,True,4,0.09981009466116286,5
NGASCash,M15,VolatilityExpansion,"ema=20,mult=3.5",0.20149601845514087,0.591715976331361,0.8781008078465632,2.4668103059318502,176,True,4,0.09595946293122615,5
NIQ Global Intelligence,M15,VolatilityExpansion,"ema=50,mult=2.0",-0.031930639750831546,0.5030250648228176,-0.040141830465603594,0.9881405746279138,1232,True,4,0.08838782102786324,5
NIQ Global Intelligence,M15,VolatilityExpansion,"ema=20,mult=3.5",-0.027247823166515417,0.45454545454545453,-0.0991449632914246,0.8781357727093875,57,True,4,0.038579405236793485,5
Netflix_turbo,H1,MeanReversion,"window=50,z=1.75",-0.13460516898326247,0.4808946877912395,-0.12897252183840746,0.9489853016024304,1087,True,4,0.03745741137420122,5
Netflix_turbo,H1,TrendFollowing,"fast=13,slow=34",0.5691107440126459,0.5055814897503552,0.22168738266708563,1.0485082355896682,4999,True,4,0.06718423859625167,5
Netflix_turbo,H1,TrendFollowing,"fast=34,slow=89",0.3096347707066778,0.5102496448142886,0.12060466284809788,1.0261031095850837,4999,True,4,0.24380918370862215,5
Netflix_turbo,H1,VolatilityExpansion,"ema=20,mult=3.0",0.03130785691260718,0.4852459016393443,0.06202011618021877,1.0423804513341444,306,True,4,0.08634955699856839,5
Netflix_turbo,H1,VolatilityExpansion,"ema=50,mult=3.5",-0.11436667889323826,0.5122591943957968,-0.09749046397621848,0.9572202586830764,1157,True,4,0.06304713899388048,5
Netflix_turbo,H4,TrendFollowing,"fast=10,slow=30",0.16953802951481356,0.49219225309267894,0.02968416475096276,1.0060929264713527,4999,True,4,0.6878829321130521,5
Netflix_turbo,H4,TrendFollowing,"fast=34,slow=89",1.5464707447788095,0.5017237882782397,0.2708082240280892,1.056987704516305,4999,True,4,0.6648546063137336,5
Netflix_turbo,H4,TrendFollowing,"fast=50,slow=200",3.2945057928401784,0.5138917055364024,0.5772104414306762,1.1254433271401212,4999,True,5,0.8061922437569583,5
Netflix_turbo,H4,VolatilityExpansion,"ema=50,mult=3.0",0.25388249090012804,0.49226630800269,0.08899083131042536,1.0328681615981117,1504,True,4,0.650308174912721,5
Netflix_turbo,H4,VolatilityExpansion,"ema=20,mult=3.5",0.3034299235536434,0.5655172413793104,0.30675662731651543,1.4009301700382837,145,True,4,0.16508509672544214,5
Netflix_turbo,H4,VolatilityExpansion,"ema=50,mult=3.5",0.2495264553023433,0.49865951742627346,0.09682909143637769,1.0426981262288453,1131,True,4,0.47026628777596613,5
Netflix_turbo,M15,MeanReversion,"window=100,z=1.5",0.052283987489157524,0.497289972899729,0.08854960191565546,1.0317784338969445,1511,True,4,0.017726932104044968,5
Netflix_turbo,M15,MeanReversion,"window=20,z=1.75",0.0725202052482995,0.5200974421437271,0.12323085106638237,1.0600799060504575,835,True,4,0.012174596283444528,5
Netflix_turbo,M15,MeanReversion,"window=100,z=1.75",0.0640375233266951,0.5061349693251533,0.12354625460098526,1.0559707988332254,999,True,4,0.029593965338323813,5
Netflix_turbo,M15,MeanReversion,"window=100,z=2.0",0.09240972533822644,0.5148026315789473,0.20342615165769842,1.119384790671375,623,True,4,0.05965716267235355,5
Netflix_turbo,M15,MeanReversion,"window=20,z=2.75",-0.02369906357688145,0.5259259259259259,-0.07094450273775572,0.9227504730346079,135,True,4,0.014987376612339065,5
Nu Holdings,H1,MeanReversion,"window=100,z=1.75",0.2761332689254248,0.49854227405247814,0.1768047334898885,1.0776070672301705,1111,True,4,0.14205600354404024,5
Nu Holdings,H1,VolatilityExpansion,"ema=50,mult=1.5",0.43924219885647364,0.5155214509940704,0.1688297405981494,1.0448819521992962,3083,True,4,0.2092782429607909,5
Nu Holdings,H1,VolatilityExpansion,"ema=50,mult=2.0",0.051588674728171746,0.512636899747262,0.02290224080365431,1.0062930618658743,2552,True,4,0.24112298209631322,5
Nu Holdings,H1,VolatilityExpansion,"ema=50,mult=2.5",0.03425509813082106,0.5098561534363346,0.01746007241704756,1.0054150261259185,2020,True,4,0.10951279941212744,5
Nu Holdings,H1,VolatilityExpansion,"ema=50,mult=3.0",-0.003954357527030328,0.5109540636042402,-0.0022973101318351677,0.9991733845153173,1525,True,4,0.13770967754487362,5
Nu Holdings,H1,VolatilityExpansion,"ema=50,mult=3.5",0.09300803013467951,0.5135895032802249,0.06051416069912337,1.0257108627341534,1155,True,4,0.1513444101824305,5
Nu Holdings,M15,MeanReversion,"window=20,z=1.75",0.46857624060334235,0.53315649867374,0.6033063245570154,1.3579917475973224,829,True,4,0.10365102593389097,5
Nu Holdings,M15,MeanReversion,"window=20,z=2.0",0.41608329212194506,0.538961038961039,0.6139294684735496,1.515190231118448,506,True,4,0.08192040156503178,5
Nu Holdings,M15,MeanReversion,"window=20,z=2.25",0.32924950921441076,0.5648854961832062,0.5952310343194466,1.741855829574254,280,True,4,0.07656138297115078,5
Nu Holdings,M15,MeanReversion,"window=20,z=2.5",0.36647512820811157,0.6357615894039735,0.7362980083542883,2.6634582804927747,157,True,4,0.08250316213536246,5
Nu Holdings,M15,TrendFollowing,"fast=13,slow=34",-0.4874655338563888,0.5017985611510791,-0.28197858843769597,0.9373498785221674,4999,True,4,0.018208514159695932,5
Nu Holdings,M15,TrendFollowing,"fast=21,slow=55",-0.4774094967359611,0.4982014388489209,-0.2761598088109883,0.9386026263890762,4999,True,4,0.06622886477584711,5
Nu Holdings,M15,TrendFollowing,"fast=34,slow=89",-0.4389386496798501,0.4973021582733813,-0.25390021962285125,0.943410189215513,4999,True,4,0.024814178463818726,5
Nvidia_turbo,H1,MeanReversion,"window=20,z=2.75",-0.07037773379974022,0.46601941747572817,-0.15864019425069606,0.8370979707592445,103,True,4,0.02369118419033789,5
Nvidia_turbo,H1,VolatilityExpansion,"ema=20,mult=1.5",0.11140259101370953,0.5169811320754717,0.05543883199819126,1.0173789976740575,1871,True,4,0.037926162331565205,5
Nvidia_turbo,H4,MeanReversion,"window=20,z=1.75",-0.16992379995734708,0.4860813704496788,-0.058905620162346246,0.9752235712462225,986,True,4,0.2861523216242212,5
Nvidia_turbo,H4,TrendFollowing,"fast=5,slow=20",1.8585294897669722,0.5159518275934925,0.27379997410130547,1.0546319442824605,4999,True,4,0.8640470526282273,5
Nvidia_turbo,H4,TrendFollowing,"fast=8,slow=21",2.1498378722736082,0.5157405451088105,0.3167316756495106,1.0634667634431814,4999,True,4,0.6711181264786197,5
Nvidia_turbo,H4,TrendFollowing,"fast=34,slow=89",3.0955510642624104,0.5237692795267272,0.45615935068240715,1.0926795389863138,4999,True,4,0.7054346887446319,5
Nvidia_turbo,H4,TrendFollowing,"fast=50,slow=200",4.3446552497595485,0.5271497992816395,0.6404834799748621,1.1325558499476645,4999,True,5,0.8455923478846814,5
Nvidia_turbo,H4,VolatilityExpansion,"ema=20,mult=2.0",0.8653132618856562,0.5281632653061225,0.27431063030818215,1.106847624910878,1302,True,4,0.2844343658698093,5
Nvidia_turbo,H4,VolatilityExpansion,"ema=50,mult=2.0",1.9785579453818758,0.5248921991375931,0.41507115143331963,1.1142791320646577,2706,True,4,0.38954227321468116,5
Nvidia_turbo,H4,VolatilityExpansion,"ema=20,mult=2.5",0.6928709367289455,0.5468113975576662,0.27788138242963123,1.1450623439588712,783,True,5,0.49892852674873267,5
Nvidia_turbo,H4,VolatilityExpansion,"ema=50,mult=2.5",0.8663930852168599,0.5206692913385826,0.21494939530798512,1.062978138124811,2163,True,4,0.3456898062785354,5
Nvidia_turbo,H4,VolatilityExpansion,"ema=20,mult=3.0",0.03495338828121908,0.5241935483870968,0.019187070027725784,1.0132261686718622,400,True,5,0.14416627204194632,5
Nvidia_turbo,H4,VolatilityExpansion,"ema=50,mult=3.0",1.094994384332561,0.5266089108910891,0.3100120020680304,1.1041936169592006,1723,True,4,0.35546828397859065,5
Nvidia_turbo,H4,VolatilityExpansion,"ema=50,mult=3.5",1.3127616581792865,0.5361494719740049,0.42960751689070686,1.1708545037947693,1320,True,5,0.6988140887298384,5
Nvidia_turbo,M15,MeanReversion,"window=20,z=1.5",0.15722207692972212,0.5211505922165821,0.1491536070969848,1.0717487166974162,1191,True,4,0.07692535208124696,5
Nvidia_turbo,M15,MeanReversion,"window=100,z=1.75",0.16215419937330722,0.5277777777777778,0.23838005546875984,1.1153625076552616,945,True,4,0.05253882443448732,5
Nvidia_turbo,M15,MeanReversion,"window=20,z=2.0",0.09888645060483836,0.5034843205574913,0.12630036239820688,1.0844096476131635,579,True,4,0.03132279709864705,5
Nvidia_turbo,M15,MeanReversion,"window=100,z=2.0",0.10153213237217285,0.5348101265822784,0.17735507333682046,1.1044029791237076,636,True,4,0.01839588993580865,5
Nvidia_turbo,M15,MeanReversion,"window=100,z=2.25",0.1438894599023247,0.535,0.323386496693231,1.2427818458582844,403,True,4,0.022015276920625215,5
Nvidia_turbo,M15,MeanReversion,"window=50,z=3.0",0.10019859793504371,0.5891472868217055,0.36133054955987964,1.4180212766663962,130,True,5,0.04596770134103201,5
Nvidia_turbo,M15,MeanReversion,"window=20,z=3.25",0.0751942921137061,0.4868421052631579,0.19133625951355607,1.453404974063025,75,True,4,0.015519176506973764,5
OILCash,H1,MeanReversion,"window=50,z=1.5",0.005192543510983527,0.5165289256198347,0.006245630573436596,1.0023516571212938,1490,True,5,0.1295960399178201,5
OILCash,H1,MeanReversion,"window=50,z=1.75",0.07229556461786812,0.5208545269582909,0.10978239865453608,1.0493980369200226,1006,True,5,0.11493228124175037,5
OILCash,H1,MeanReversion,"window=100,z=1.75",0.010762293318755445,0.5098039215686274,0.01570633098950701,1.0072957723852323,997,True,4,0.07739227021233563,5
OILCash,H1,MeanReversion,"window=50,z=2.0",0.06165531402283475,0.5508474576271186,0.11052832683278845,1.0651653536843866,598,True,4,0.06442526724651865,5
OILCash,H1,MeanReversion,"window=100,z=2.0",-0.03610733588616122,0.5278246205733558,-0.058731753754702944,0.9650164006430538,611,True,4,0.05468003630932006,5
OILCash,H1,MeanReversion,"window=50,z=2.25",-0.01641257058071699,0.5511363636363636,-0.033915923130905336,0.9748807601519542,353,True,4,0.017965128123343055,5
OILCash,H1,MeanReversion,"window=100,z=2.25",0.023149240652479808,0.5626911314984709,0.04850106097040053,1.0388467897905151,335,True,5,0.044610693673611035,5
OILCash,H1,TrendFollowing,"fast=5,slow=20",-0.019400172872316435,0.4891997531372146,-0.013933812078485663,0.9971835291489162,4999,True,4,0.18235104092219168,5
OILCash,H4,MeanReversion,"window=50,z=1.5",0.44952247077839724,0.5383639822447686,0.3046056326886193,1.1085036749406336,1591,True,4,0.08906207408368572,5
OILCash,H4,MeanReversion,"window=100,z=1.5",0.25948714861108335,0.5242929659173314,0.171820227204743,1.0662486173159234,1389,True,4,0.07847068226175702,5
OILCash,H4,MeanReversion,"window=20,z=1.75",0.2880027349897182,0.5175345377258236,0.2582119350369859,1.1214121681959939,947,True,4,0.10048856626918445,5
OILCash,H4,MeanReversion,"window=20,z=2.25",0.06295114291136217,0.5221238938053098,0.13943950641742078,1.119767725152315,226,True,4,0.07476821122728106,5
OILCash,H4,VolatilityExpansion,"ema=20,mult=2.5",-0.1147141883827606,0.44047619047619047,-0.16939324240743053,0.8827619198738178,335,True,4,0.09489980022064504,5
OILCash,M15,MeanReversion,"window=100,z=1.5",0.018006594380405305,0.49721115537848604,0.05678595582898378,1.0204766114446897,1342,True,4,0.030106934458050905,5
OILCash,M15,MeanReversion,"window=100,z=1.75",-0.0015286334595727702,0.4934354485776805,-0.00552671692198081,0.9976911821835478,972,True,4,0.014963440846140652,5
OILCash,M15,TrendFollowing,"fast=34,slow=89",-0.08215090941916359,0.49494297396169573,-0.15400149080902525,0.97170577377415,4999,True,4,0.10463316277288737,5
OILCash,M15,TrendFollowing,"fast=50,slow=200",-0.1640153620848307,0.49106950720895204,-0.307509205839521,0.9442955180048985,4999,True,4,0.14709599170291643,5
OPUSD,H1,VolatilityExpansion,"ema=20,mult=2.0",0.14767441323972952,0.46688741721854304,0.07593490607086832,1.049352266165315,661,True,4,0.15701009275226985,5
OPUSD,H4,MeanReversion,"window=20,z=2.5",0.008031271295422249,0.5579710144927537,0.005178240383266878,1.005981526436638,141,True,4,0.10403886862888168,5
OPUSD,H4,MeanReversion,"window=20,z=2.75",-0.06722761600412919,0.55,-0.0561882903037666,0.9118478955289013,81,True,4,0.055614974382607985,5
OPUSD,H4,TrendFollowing,"fast=10,slow=30",0.2098748539205748,0.4885684860968074,0.0284037581147311,1.0052697670671067,4999,True,4,0.4879227922871435,5
OPUSD,M15,TrendFollowing,"fast=5,slow=20",-0.2708155290050166,0.4806430446194226,-0.1816336772400595,0.9656068738186263,4999,True,4,0.3331594283927233,5
OPUSD,M15,TrendFollowing,"fast=8,slow=21",-0.33539256692173336,0.48523622047244097,-0.22495281000544126,0.9575796447848249,4999,True,4,0.38525669575195765,5
OPUSD,M15,TrendFollowing,"fast=10,slow=30",-0.5062982269428237,0.48326771653543305,-0.3396254102275458,0.9366482549395444,4999,True,5,0.23503094243542177,5
OPUSD,M15,TrendFollowing,"fast=13,slow=34",-0.3601733894542799,0.48851706036745407,-0.24157739570121775,0.9545166520677894,4999,True,5,0.269590532408875,5
OPUSD,M15,VolatilityExpansion,"ema=20,mult=1.5",-0.005009023147087177,0.4551282051282051,-0.005911224440328181,0.9977114183744703,1237,True,4,0.2683711949442281,5
OPUSD,M15,VolatilityExpansion,"ema=50,mult=1.5",-0.4057767719243157,0.452233676975945,-0.375595659170112,0.9003225140280703,2405,True,4,0.25849947939756646,5
OPUSD,M15,VolatilityExpansion,"ema=20,mult=2.0",0.06531385099163078,0.4485294117647059,0.09767622833525459,1.0544049842699548,625,True,4,0.2267984398133709,5
OPUSD,M15,VolatilityExpansion,"ema=50,mult=2.0",-0.17731141225063007,0.4567307692307692,-0.1924704273855706,0.938015782627921,1723,True,4,0.2407736585745226,5
OPUSD,M15,VolatilityExpansion,"ema=50,mult=2.5",-0.1715414196466588,0.45646067415730335,-0.21275938136942835,0.9170495247517856,1184,True,4,0.28045947863851717,5
OPUSD,M15,VolatilityExpansion,"ema=50,mult=3.0",0.06602913445247327,0.4851694915254237,0.09856462338767874,1.0498061031263983,772,True,4,0.3262072567647869,5
OPUSD,M15,VolatilityExpansion,"ema=50,mult=3.5",0.043597769360096295,0.4937106918238994,0.07818762121838209,1.04741589160329,506,True,5,0.2500288691017686,5
On Holding,H1,VolatilityExpansion,"ema=20,mult=1.5",-0.06676673185968696,0.5012285012285013,-0.12282264406319177,0.9543141271403235,415,True,4,0.17134135594594424,5
On Holding,H1,VolatilityExpansion,"ema=20,mult=2.0",0.013443924210683633,0.4773662551440329,0.03273579418230882,1.0147930473932196,244,True,4,0.0701014370951829,5
On Holding,H1,VolatilityExpansion,"ema=20,mult=2.5",-0.08582429042563766,0.45112781954887216,-0.3033206888374501,0.8387658014171624,133,True,4,0.04135119446342961,5
On Holding,H1,VolatilityExpansion,"ema=50,mult=2.5",0.15552962925366132,0.5061224489795918,0.2756030688586609,1.0979749302970212,498,True,4,0.19795703047033886,5
On Holding,H1,VolatilityExpansion,"ema=50,mult=3.0",-0.06810033223936507,0.48467966573816157,-0.15769703363092177,0.9444949770605757,362,True,4,0.08305520445966907,5
On Holding,M15,MeanReversion,"window=50,z=1.75",0.311450069523179,0.5213483146067416,0.4354041343379813,1.2148409824618018,919,True,4,0.07182169312639386,5
On Holding,M15,VolatilityExpansion,"ema=50,mult=2.0",-0.4447493604462427,0.48935064935064937,-0.3786784130140901,0.8770536605052646,1987,True,4,0.05593053699628858,5
PALL-MAR26,H4,TrendFollowing,"fast=5,slow=20",-0.015480019784650856,0.49635479951397327,-0.004583098661319784,0.9991612539493164,4999,True,4,0.6917451315496829,5
PALL-MAR26,H4,TrendFollowing,"fast=8,slow=21",0.47642802380592875,0.4997974888618874,0.1410594299991926,1.0261627124869939,4999,True,4,0.6899442485439699,5
PALL-MAR26,H4,VolatilityExpansion,"ema=20,mult=1.5",0.3738298617838167,0.501810282404055,0.20110063824523794,1.0739196435298766,1398,True,4,0.37862922658121523,5
PALL-MAR26,H4,VolatilityExpansion,"ema=20,mult=2.0",0.00815866798859266,0.4786795048143054,0.005765926468742718,1.0028454994567433,733,True,4,0.09321857252967658,5
Prosus NV,H1,MeanReversion,"window=20,z=1.75",-0.06517249286170146,0.5132450331125827,-0.2390263824563984,0.8892553783925456,310,True,4,0.023684771398575277,5
Prosus NV,M15,TrendFollowing,"fast=5,slow=20",0.1143446703319837,0.502297410192147,0.13173503616564,1.0292126044575198,4999,True,4,0.08198405467405145,5
Prosus NV,M15,TrendFollowing,"fast=8,slow=21",0.10238712782914128,0.5027151211361738,0.11795809874632136,1.0261178158849136,4999,True,4,0.06202074750968023,5
Prosus NV,M15,TrendFollowing,"fast=10,slow=30",0.09954014801024003,0.5054302422723476,0.11467797834959788,1.0253823662897945,4999,True,4,0.13447525787524894,5
Prosus NV,M15,TrendFollowing,"fast=13,slow=34",0.05521602298732753,0.5060568086883876,0.06361199587525551,1.0140007581230983,4999,True,4,0.10193903304788032,5
Prosus NV,M15,VolatilityExpansion,"ema=50,mult=1.5",0.09764501658116231,0.5047683923705722,0.14852157692656687,1.0402815862697377,3063,True,4,0.03176935738566067,5
Prosus NV,M15,VolatilityExpansion,"ema=50,mult=2.0",0.06503510804767643,0.49937317175094026,0.10550104577572099,1.032002134520203,2495,True,4,0.03772554104101378,5
Prosus NV,M15,VolatilityExpansion,"ema=20,mult=3.0",0.1138878873343635,0.5340599455040872,0.47113966127826185,1.421729920252509,381,True,5,0.05046123362101007,5
Reddit,H1,MeanReversion,"window=50,z=1.5",-0.023486551644468667,0.5084566596194503,-0.011276573042163762,0.9959650117346271,947,True,5,0.21286494118838906,5
Reddit,H1,MeanReversion,"window=100,z=1.5",0.26481327421432677,0.5110441767068273,0.12239762774149322,1.042960543006505,997,True,4,0.0890914469572397,5
Reddit,H1,MeanReversion,"window=20,z=1.75",0.5095063331354346,0.5115452930728241,0.3644434209655189,1.1695863043558525,564,True,5,0.21650974234013298,5
Reddit,H1,MeanReversion,"window=50,z=1.75",0.22126270279605686,0.520066889632107,0.130852027697275,1.0601425230587997,598,True,5,0.21568723976495596,5
Reddit,H1,MeanReversion,"window=20,z=2.0",0.4385770217854671,0.525974025974026,0.3983421935186195,1.26132445274764,309,True,4,0.18228966341462904,5
Reddit,H1,MeanReversion,"window=50,z=2.0",0.2997197737063856,0.5243553008595988,0.2133148770152337,1.135216445617642,348,True,5,0.2824501286418566,5
Reddit,H1,MeanReversion,"window=20,z=2.25",0.5275358450852801,0.5823529411764706,0.6082717330869124,1.6053771653983482,170,True,4,0.25064518715410145,5
Reddit,H1,VolatilityExpansion,"ema=20,mult=1.5",-0.054325198380641426,0.4918864097363083,-0.023953934206133544,0.9915485755039792,989,True,4,0.16477946100513863,5
Reddit,H4,TrendFollowing,"fast=21,slow=55",1.4156083880036894,0.5081081081081081,0.666677364949258,1.1372100941878804,926,True,4,0.7250071027489656,5
Reddit,H4,TrendFollowing,"fast=34,slow=89",1.180058923135498,0.5081081081081081,0.5555962820670842,1.1130881298099482,926,True,4,0.5608777299341666,5
Reddit,H4,TrendFollowing,"fast=50,slow=200",0.44418953154160457,0.5070270270270271,0.2090236964238713,1.0411180162253362,926,True,4,0.6294405563625326,5
Reddit,M15,MeanReversion,"window=100,z=1.75",0.3100690488760742,0.5209825997952917,0.20091658270750762,1.1073273306101228,980,True,4,0.048172335533655186,5
Reddit,M15,MeanReversion,"window=50,z=2.0",0.2506891227524205,0.5287569573283859,0.25088267365609845,1.142542365532374,540,True,4,0.12774087507051213,5
Reddit,M15,MeanReversion,"window=100,z=2.0",0.42059466722443484,0.5371621621621622,0.35399075052188933,1.2288549637107886,594,True,4,0.07985349940845266,5
Reddit,M15,MeanReversion,"window=50,z=2.25",0.15786372802906234,0.5059171597633136,0.1831597252139089,1.1278807697584952,338,True,4,0.11910675688422656,5
Reddit,M15,MeanReversion,"window=50,z=2.5",-0.0017024565345477027,0.4863636363636364,-0.002227331339227085,0.9982261377881162,219,True,4,0.025152004007969575,5
Reddit,M15,MeanReversion,"window=50,z=2.75",0.07687814311840113,0.5098039215686274,0.11636742005314331,1.1164142282066867,152,True,4,0.04849211783536589,5
SA40Cash,H1,MeanReversion,"window=100,z=2.25",-0.026384233035296467,0.5261904761904762,-0.059836385424416744,0.9539474740422459,420,True,4,0.034692073619642994,5
SA40Cash,H1,TrendFollowing,"fast=50,slow=200",-0.046941323599619666,0.5070056044835869,-0.04581346889533056,0.9912564835160526,4999,True,4,0.018246520151739554,5
SA40Cash,H1,VolatilityExpansion,"ema=50,mult=1.5",-0.05328797639844873,0.49029475197699496,-0.068017478390568,0.9824208433648226,2784,True,4,0.054923678105292306,5
SA40Cash,H4,MeanReversion,"window=100,z=1.75",0.20685207104366177,0.514626218851571,0.23695802585186643,1.0953688962844919,923,True,4,0.07067241360996546,5
SA40Cash,H4,MeanReversion,"window=100,z=2.0",0.2690717123247054,0.5254515599343186,0.36430587559488004,1.1902403458496462,609,True,5,0.0735935547250447,5
SA40Cash,M15,TrendFollowing,"fast=5,slow=20",0.08945660848925108,0.503500700140028,0.18536279373686648,1.0353691984683993,4999,True,4,0.015541248515895556,5
SA40Cash,M15,VolatilityExpansion,"ema=20,mult=1.5",0.059398269871874354,0.5122228538942581,0.19709847451429058,1.0627158971112196,1758,True,4,0.016285396000175423,5
SA40Cash,M15,VolatilityExpansion,"ema=50,mult=3.0",0.018588181666586046,0.5127830533235939,0.07261830881747999,1.0254232589861,1368,True,4,0.015568100838886823,5
SANDUSD,H1,MeanReversion,"window=50,z=1.75",-0.23569458902564355,0.5331905781584583,-0.12896006533337162,0.9318655494585953,967,True,4,0.03653758680652519,5
SANDUSD,H1,MeanReversion,"window=100,z=1.75",0.1004440433807462,0.5473684210526316,0.053705761216007876,1.0309330405186234,877,True,4,0.0476096029453319,5
SANDUSD,H1,MeanReversion,"window=50,z=2.5",-0.21209595613245402,0.5204081632653061,-0.1474005374420426,0.7978748640473752,203,True,4,0.038083723227497646,5
SANDUSD,H1,MeanReversion,"window=100,z=2.75",-0.0635420089683818,0.5,-0.04660231503796161,0.9030243509268425,115,True,4,0.05462891066542852,5
SANDUSD,H4,MeanReversion,"window=50,z=1.5",-0.6136178060746883,0.5200876552227903,-0.1377077013409895,0.9461964731431028,1383,True,4,0.28105145406428855,5
SANDUSD,H4,MeanReversion,"window=20,z=1.75",-1.1421089236821138,0.5048966267682263,-0.31427414452596647,0.8525989324314416,927,True,4,0.04180199040812538,5
SANDUSD,H4,MeanReversion,"window=50,z=1.75",-0.5839054060148177,0.5331905781584583,-0.14452377906687677,0.9297936692423876,943,True,4,0.3343884960054039,5
SANDUSD,H4,MeanReversion,"window=20,z=2.0",-0.8807652712135543,0.5240641711229946,-0.3431568035738598,0.8124374402451074,563,True,4,0.07871538200570927,5
SANDUSD,H4,MeanReversion,"window=20,z=2.25",-0.5454400821016184,0.5196078431372549,-0.2610166602311476,0.7975701956003164,307,True,4,0.04754548511332002,5
SANDUSD,H4,MeanReversion,"window=100,z=2.25",-0.7244005424661195,0.49731182795698925,-0.21831905525350553,0.8349479791568621,375,True,4,0.13265896945791633,5
SANDUSD,H4,TrendFollowing,"fast=13,slow=34",0.24174730697159996,0.4937348423605497,0.03550374202992647,1.006989912276138,4999,True,4,0.32851303861816483,5
SANDUSD,H4,TrendFollowing,"fast=21,slow=55",1.7294505728318523,0.5016168148746969,0.25402423982266925,1.0511047038695327,4999,True,4,0.8077725952943698,5
SANDUSD,M15,TrendFollowing,"fast=5,slow=20",-0.08337588219075098,0.4912440300204685,-0.06877598373286613,0.9875074906468572,4998,True,4,0.18393552880430986,5
SANDUSD,M15,TrendFollowing,"fast=10,slow=30",-0.20054445052890701,0.4953377302706391,-0.16543466931064008,0.9702131668480743,4998,True,4,0.17335227811361187,5
SANDUSD,M15,TrendFollowing,"fast=13,slow=34",-0.1903956037184774,0.49397316352058224,-0.1570617630476498,0.9716992429674618,4998,True,4,0.13984889154057112,5
SANDUSD,M15,TrendFollowing,"fast=34,slow=89",-0.20571083786440048,0.4969297248123721,-0.16969704625936657,0.9694575227930895,4998,True,4,0.24186043762922393,5
SANDUSD,M15,VolatilityExpansion,"ema=20,mult=1.5",0.055860744727501466,0.47874149659863946,0.0790670937703543,1.0288027053576008,1292,True,4,0.20982218389912888,5
SANDUSD,M15,VolatilityExpansion,"ema=50,mult=1.5",0.03994623244900131,0.4875509280217293,0.045232212225165776,1.011762910962967,2482,True,5,0.28050130000817386,5
SANDUSD,M15,VolatilityExpansion,"ema=20,mult=2.0",0.09468204715753892,0.4717285945072698,0.17172195122928627,1.089238567005305,665,True,4,0.23559312391887488,5
SANDUSD,M15,VolatilityExpansion,"ema=50,mult=2.0",-0.030955907809340877,0.4823815309842041,-0.04027016805467003,0.9879636065364726,1834,True,5,0.2997526326422765,5
SANDUSD,M15,VolatilityExpansion,"ema=20,mult=2.5",0.06861939728747857,0.46464646464646464,0.15969334143654845,1.1231542570929134,321,True,4,0.1868466191717919,5
SANDUSD,M15,VolatilityExpansion,"ema=50,mult=2.5",-0.04056360079874011,0.4767827529021559,-0.06071635946841827,0.9787926283757524,1335,True,5,0.2102111567748789,5
SANDUSD,M15,VolatilityExpansion,"ema=20,mult=3.0",0.16215824941429402,0.5194805194805194,0.4502719119101971,1.5924088353893848,165,True,4,0.1924769637553837,5
SANDUSD,M15,VolatilityExpansion,"ema=50,mult=3.0",0.040961468692348846,0.47512437810945274,0.07341190939419477,1.0330321068700532,880,True,5,0.1709811446013887,5
SANDUSD,M15,VolatilityExpansion,"ema=20,mult=3.5",0.13174218608026478,0.559322033898305,0.5758540867207418,2.790410806978576,61,True,4,0.13851742387027788,5
SANDUSD,M15,VolatilityExpansion,"ema=50,mult=3.5",0.034486367824733244,0.4756335282651072,0.07177609801628725,1.0409495084574671,567,True,4,0.1500795922414606,5
SHIBUSD,H1,MeanReversion,"window=50,z=1.5",-0.42576123538306576,0.5217712177121772,-0.27399016812109395,0.9033975835932421,1451,True,4,0.01985644995881053,5
SHIBUSD,H1,MeanReversion,"window=100,z=1.5",0.17310507381216822,0.5409705648369133,0.10830037463064017,1.0420887022574556,1338,True,4,0.19351192830535546,5
SHIBUSD,H1,MeanReversion,"window=100,z=2.75",-0.03218041781600467,0.5338345864661654,-0.038811343345201164,0.9406850254560482,141,True,4,0.04433165383436566,5
SHIBUSD,H1,MeanReversion,"window=50,z=3.0",-0.15078462396248915,0.5405405405405406,-0.20288686911804252,0.5849722181265485,76,True,4,0.033179355004594346,5
SHIBUSD,H1,VolatilityExpansion,"ema=20,mult=1.5",0.12011738993039256,0.4655765920826162,0.07900277928234692,1.0323685779037715,1243,True,4,0.16497034901534102,5
SHIBUSD,H1,VolatilityExpansion,"ema=20,mult=2.0",0.17744846806364056,0.4696969696969697,0.13961617361136128,1.0858614795283288,636,True,4,0.19626038460889794,5
SHIBUSD,H1,VolatilityExpansion,"ema=50,mult=2.0",0.08831290812740489,0.4692537313432836,0.049550717188676756,1.0165785820750313,1782,True,4,0.09311993384246975,5
SHIBUSD,H4,MeanReversion,"window=20,z=2.5",0.2510089035290123,0.5735294117647058,0.20893349341863462,1.2713844778235854,136,True,4,0.24325701300382463,5
SHIBUSD,H4,MeanReversion,"window=50,z=2.5",0.014109863035344672,0.5584415584415584,0.006620151594915287,1.0057555944727912,233,True,4,0.07824335342633248,5
SHIBUSD,H4,TrendFollowing,"fast=13,slow=34",1.7139692359011098,0.4878500823723229,0.2596850641205601,1.0535950966521126,4998,True,4,1.261582160884117,5
SHIBUSD,H4,VolatilityExpansion,"ema=50,mult=1.5",0.5438752464734102,0.4703668861712135,0.10290973573212198,1.032725329922688,2175,True,4,1.2559991496563123,5
SHIBUSD,H4,VolatilityExpansion,"ema=20,mult=3.0",0.2650241133989989,0.44881889763779526,0.10371749781324575,1.1479611004857533,127,True,4,0.35904280057388127,5
SHIBUSD,H4,VolatilityExpansion,"ema=50,mult=3.0",0.8022155603683505,0.46218487394957986,0.2134291262193312,1.1595333652169728,481,True,4,0.8466400172475248,5
SHIBUSD,M15,TrendFollowing,"fast=5,slow=20",0.3024735311768493,0.4921677614957049,0.25980937224047407,1.051125962907173,4999,True,4,0.1315285243952221,5
SHIBUSD,M15,TrendFollowing,"fast=8,slow=21",0.18417194301927686,0.4934310257705912,0.15818099458222912,1.0308217337660266,4999,True,4,0.15656911454953792,5
SHIBUSD,M15,VolatilityExpansion,"ema=20,mult=1.5",0.21031416145045267,0.49004329004329006,0.28078007537807986,1.1107710712483316,1411,True,4,0.17736734806815957,5
SHIBUSD,M15,VolatilityExpansion,"ema=20,mult=2.0",0.16083261703414742,0.48632218844984804,0.2502926062646288,1.1373927695436095,794,True,4,0.14827749115310263,5
SHIBUSD,M15,VolatilityExpansion,"ema=20,mult=2.5",0.018556847946570976,0.46153846153846156,0.03796904206485037,1.027490820063884,403,True,4,0.06803653676545696,5
SHIBUSD,M15,VolatilityExpansion,"ema=20,mult=3.0",0.04980051668507135,0.4779874213836478,0.12372958208774076,1.1484498320377754,183,True,4,0.08918454607567494,5
SHIBUSD,M15,VolatilityExpansion,"ema=50,mult=3.5",0.08120731444616924,0.48878205128205127,0.1424460602175258,1.0759830646235045,754,True,4,0.08559314578448862,5
STXUSD,H1,MeanReversion,"window=50,z=1.5",-0.11468623913980514,0.5238434163701068,-0.056460534233585345,0.9785047899353615,1461,True,4,0.30926364799803996,5
STXUSD,H1,MeanReversion,"window=100,z=1.75",0.16201015204505576,0.5292096219931272,0.08812724056372748,1.0456573023181261,898,True,4,0.05317914126612011,5
STXUSD,H1,MeanReversion,"window=50,z=2.25",-0.27302542795032214,0.5057803468208093,-0.1928481385109041,0.8364391115732495,361,True,4,0.012988484794655086,5
STXUSD,H1,VolatilityExpansion,"ema=20,mult=1.5",0.33874407616977587,0.4738955823293173,0.16531530710004236,1.0698293747340444,1299,True,4,0.2825589239194807,5
STXUSD,H1,VolatilityExpansion,"ema=20,mult=2.5",0.1950468522253045,0.4570552147239264,0.13345900690951049,1.1326889719710072,335,True,4,0.317042617183113,5
STXUSD,H4,MeanReversion,"window=50,z=3.0",0.04193653744353987,0.46551724137931033,0.0351236858086643,1.067016179136566,57,True,4,0.1395956623434541,5
STXUSD,H4,TrendFollowing,"fast=5,slow=20",1.5365220041091425,0.4953422438234103,0.20695228999256698,1.0386251984641555,4999,True,4,0.8134377349660405,5
STXUSD,H4,TrendFollowing,"fast=8,slow=21",0.9443391563346357,0.4959497772377481,0.12718517188599782,1.0235634773885065,4999,True,4,0.3149174128693303,5
STXUSD,H4,VolatilityExpansion,"ema=20,mult=2.0",0.61517527998701,0.5061919504643962,0.19158909591578657,1.1017766960234536,649,True,4,0.3831630360526934,5
STXUSD,H4,VolatilityExpansion,"ema=20,mult=2.5",0.6236978530333929,0.50814332247557,0.24390446790554426,1.2053321875728855,308,True,4,0.7720189692002449,5
STXUSD,H4,VolatilityExpansion,"ema=20,mult=3.0",0.3935855250874468,0.5460992907801419,0.1863331151094914,1.2479246506271255,140,True,4,0.4578065665095239,5
STXUSD,H4,VolatilityExpansion,"ema=50,mult=3.0",0.5510495581062992,0.4927536231884058,0.15340646270463615,1.0751040369157172,765,True,4,0.6034724033311792,5
STXUSD,H4,VolatilityExpansion,"ema=50,mult=3.5",0.05935550478040352,0.48131868131868133,0.020170434392066294,1.0123992321817332,457,True,4,0.4605758441062975,5
STXUSD,M15,VolatilityExpansion,"ema=20,mult=1.5",0.19742194138245006,0.49517684887459806,0.22483551925203993,1.086389756105232,1308,True,4,0.24360232305903462,5
STXUSD,M15,VolatilityExpansion,"ema=20,mult=2.0",0.2700788826936994,0.5022556390977444,0.3735682715345081,1.2096161114935693,699,True,5,0.28198185992705715,5
STXUSD,M15,VolatilityExpansion,"ema=20,mult=2.5",0.2687414522212701,0.5096952908587258,0.4352335127696435,1.3437325743438622,376,True,5,0.27351630909427316,5
STXUSD,M15,VolatilityExpansion,"ema=50,mult=2.5",0.1191818407496924,0.5011135857461024,0.13783931044158584,1.0502149339170455,1407,True,4,0.2799337156098354,5
STXUSD,M15,VolatilityExpansion,"ema=20,mult=3.0",0.2530959699279206,0.514792899408284,0.5156090813031048,1.6836542612677106,174,True,4,0.22873763653913748,5
STXUSD,M15,VolatilityExpansion,"ema=50,mult=3.5",0.22862103074284712,0.515527950310559,0.3553202381127084,1.2053141822579925,679,True,4,0.2874480807996308,5
SUGAR-MAR26,M15,TrendFollowing,"fast=13,slow=34",-0.16010683293121342,0.4954364615024573,-0.2116853765410045,0.9616433160898782,4999,True,4,0.06655012527581983,5
SUGAR-MAR26,M15,VolatilityExpansion,"ema=20,mult=2.0",-0.01957100856998162,0.4776902887139108,-0.06261764847134837,0.9741012169570399,888,True,4,0.024787178008500832,5
Sailpoint,H1,TrendFollowing,"fast=50,slow=200",-0.06020293574006996,0.4851994851994852,-0.041578914349897626,0.9916404113678836,1592,True,4,0.4857854865254808,5
Sea,H1,MeanReversion,"window=20,z=2.0",0.2526036579014518,0.5347912524850894,0.2109554244165774,1.1288105978931329,507,True,4,0.11263070457556579,5
Sea,H1,MeanReversion,"window=100,z=2.25",-0.0018321716857091497,0.5235955056179775,-0.0014796185137275354,0.9990396374175564,445,True,4,0.10481206959411737,5
Sea,H1,MeanReversion,"window=100,z=2.5",0.2197837193982829,0.5285171102661597,0.22478217818223434,1.2092989710440918,262,True,4,0.12383684375213855,5
Sea,H1,TrendFollowing,"fast=5,slow=20",0.5535522399436252,0.49959563283461383,0.1411206746080831,1.0314277809225119,4999,True,4,0.6154100522185233,5
Sea,H1,TrendFollowing,"fast=8,slow=21",0.532130835052528,0.4977759805903761,0.13565916953546114,1.030193225949302,4999,True,4,0.550328201734545,5
Sea,H1,TrendFollowing,"fast=10,slow=30",1.013503223704159,0.5084917104731096,0.25840299527197663,1.0583026209687583,4999,True,5,0.7294854688539405,5
Sea,H1,TrendFollowing,"fast=13,slow=34",1.4345483682304745,0.5109179134654266,0.3658013974357525,1.0835352477492086,4999,True,4,0.9206193519694392,5
Sea,H1,TrendFollowing,"fast=21,slow=55",1.1669865337663223,0.5123331985442782,0.2975479787546256,1.0674295531916436,4999,True,4,0.9367063858144076,5
Sea,H1,TrendFollowing,"fast=50,slow=200",-0.07916987454179258,0.5078851597250303,-0.020182509972114484,0.9955844603656646,4999,True,4,0.7322528394650925,5
Sea,H1,VolatilityExpansion,"ema=20,mult=1.5",0.06669376670055482,0.49179431072210067,0.030776262789432695,1.0101057515766976,1843,True,5,0.2630181381631429,5
Sea,H1,VolatilityExpansion,"ema=50,mult=1.5",0.18393612872254383,0.5087390761548065,0.06205790398640151,1.0162776263287336,3237,True,4,0.48675837097616215,5
Sea,H4,MeanReversion,"window=20,z=1.5",-0.2182672843757265,0.5184243964421855,-0.08609403993789146,0.96891222999255,789,True,5,0.3243196670444942,5
Sea,H4,MeanReversion,"window=50,z=1.5",0.5526664820593128,0.5017835909631391,0.19737051802098948,1.0747452009352474,843,True,5,0.5824256772200102,5
Sea,H4,MeanReversion,"window=100,z=1.5",0.7895774223780948,0.48401323042998895,0.2880906124735029,1.1052963578801391,910,True,4,0.3776814634793305,5
Sea,H4,MeanReversion,"window=20,z=1.75",0.31393888184615226,0.5357873210633947,0.1673472985356758,1.0810969324500341,490,True,5,0.5892510919605451,5
Sea,H4,MeanReversion,"window=50,z=1.75",0.4947314379892429,0.49636363636363634,0.24539819475034508,1.1111453216593796,550,True,4,0.5587206674986117,5
Sea,H4,MeanReversion,"window=20,z=2.0",0.27814439767816157,0.5506756756756757,0.18879819117351207,1.1229390029873634,296,True,4,0.4156095983024519,5
Sea,H4,MeanReversion,"window=50,z=2.0",0.6293403990915534,0.5192878338278932,0.3969252159661311,1.2408103526764158,337,True,4,0.346764608305992,5
Sea,H4,MeanReversion,"window=20,z=2.25",0.2937377239514317,0.6071428571428571,0.3075210087238449,1.3310525620049656,139,True,5,0.2976049757111666,5
Sea,H4,MeanReversion,"window=50,z=2.25",0.45930092551575186,0.5402298850574713,0.41967410640427133,1.375812183804148,173,True,4,0.20622885474987318,5
Sea,M15,MeanReversion,"window=100,z=2.0",0.010700164553193003,0.5092436974789916,0.016405472119392805,1.009337490082629,599,True,4,0.025766074357627344,5
Sea,M15,MeanReversion,"window=50,z=2.25",-0.07360585162637723,0.4975728155339806,-0.12906465097967845,0.9189661215467299,417,True,4,0.05360186417695567,5
Sea,M15,MeanReversion,"window=20,z=2.5",-0.09176249967215666,0.4794007490636704,-0.1642164790506524,0.8775710466195398,270,True,4,0.038948595406681275,5
Sea,M15,MeanReversion,"window=50,z=2.5",-0.07457869708701559,0.4725274725274725,-0.14976161222268886,0.8895426021634032,277,True,4,0.03510089291345142,5
Sea,M15,MeanReversion,"window=20,z=2.75",-0.07035482785126279,0.4941860465116279,-0.1499673312655294,0.8599729131645145,173,True,4,0.05260264156842942,5
Sea,M15,MeanReversion,"window=20,z=3.0",-0.07801082905689438,0.46938775510204084,-0.21225235193490108,0.7606960040174822,98,True,4,0.016642900301176655,5
Sea,M15,TrendFollowing,"fast=5,slow=20",0.15718728475340704,0.502132845825716,0.08289814793982403,1.0193569606939175,4999,True,4,0.3370623107159587,5
Sea,M15,TrendFollowing,"fast=8,slow=21",0.09904138485659897,0.500710948608572,0.052232468228752854,1.0121530244174572,4999,True,4,0.30300125606223194,5
Sea,M15,TrendFollowing,"fast=50,slow=200",0.29387068134728755,0.5049766402600041,0.15498813602654354,1.0364961038610778,4999,True,4,0.17894863806515593,5
Sea,M15,VolatilityExpansion,"ema=20,mult=1.5",0.23953154448418912,0.5053627760252366,0.23020220590028878,1.0828758498232585,1608,True,4,0.17268309629592682,5
Sea,M15,VolatilityExpansion,"ema=50,mult=1.5",0.09679826658419566,0.5057813016187644,0.062301892496891935,1.0187654730132383,3072,True,4,0.13889464774670757,5
Sea,M15,VolatilityExpansion,"ema=20,mult=2.0",0.19331781921826896,0.5081967213114754,0.22444081121056667,1.1029519567613773,991,True,4,0.04408675446569543,5
Sea,M15,VolatilityExpansion,"ema=50,mult=3.0",-0.013960565224869659,0.505338078291815,-0.014724665765759261,0.9943398596223191,1429,True,4,0.019500473740162727,5
Sing30Cash,H1,TrendFollowing,"fast=5,slow=20",0.23620371985793764,0.5122554067971163,0.29348831761841926,1.0675459799765001,4999,True,5,0.20372314749115916,5
Sing30Cash,H1,TrendFollowing,"fast=8,slow=21",0.2418708905874738,0.513491246138002,0.3005323966160209,1.0692226836102197,4999,True,5,0.23727942888056952,5
Sing30Cash,H1,TrendFollowing,"fast=10,slow=30",0.1285905231712028,0.5091658084449021,0.1597573398268662,1.0362151446373191,4999,True,4,0.15686167786054206,5
Sing30Cash,H1,TrendFollowing,"fast=50,slow=200",0.041600899866501395,0.5079299691040164,0.051681473593546814,1.0115743446575267,4999,True,4,0.1279208318951195,5
Sing30Cash,H1,VolatilityExpansion,"ema=20,mult=1.5",0.09107994827865429,0.49385113268608416,0.17194525679134764,1.0732787789470535,1592,True,4,0.16824411807018946,5
Sing30Cash,H1,VolatilityExpansion,"ema=50,mult=1.5",0.0988547888913055,0.5026197604790419,0.1499262586076574,1.0466230628997832,2746,True,4,0.13571540080677413,5
Sing30Cash,H1,VolatilityExpansion,"ema=20,mult=2.0",0.11529356765478793,0.5047219307450157,0.2785416388549521,1.146281932091056,981,True,4,0.133827428645235,5
Sing30Cash,H1,VolatilityExpansion,"ema=50,mult=2.0",0.2029283709468377,0.5128453708191953,0.3310200986412608,1.123098150523283,2127,True,4,0.15870786591290553,5
Sing30Cash,H1,VolatilityExpansion,"ema=20,mult=2.5",0.09727104308915857,0.5055762081784386,0.28766189897270916,1.2091430788320754,550,True,4,0.12639994147838196,5
Sing30Cash,H1,VolatilityExpansion,"ema=50,mult=2.5",0.15787091824659194,0.5152671755725191,0.27834592366665295,1.1207981186184082,1622,True,4,0.1590399583464105,5
Sing30Cash,H1,VolatilityExpansion,"ema=50,mult=3.0",0.11770940934470242,0.5129274395329442,0.22564158121311642,1.1132891645199816,1229,True,4,0.09967165214951856,5
Sing30Cash,H1,VolatilityExpansion,"ema=50,mult=3.5",0.06157789670476588,0.5062857142857143,0.1332221890590551,1.079815905883337,895,True,4,0.12875680129234324,5
Sing30Cash,H4,VolatilityExpansion,"ema=50,mult=2.5",0.18974146578800688,0.5120160213618158,0.21865125313847358,1.0905011997460734,1532,True,4,0.1250843165302773,5
Sing30Cash,H4,VolatilityExpansion,"ema=20,mult=3.0",0.1581223768040957,0.547085201793722,0.34834078506797633,1.4600675015206037,230,True,4,0.11667327783833159,5
Sing30Cash,H4,VolatilityExpansion,"ema=50,mult=3.5",0.0812074257016474,0.5040106951871658,0.1345298469697488,1.075267585522503,765,True,4,0.11035957484270553,5
Sing30Cash,M15,MeanReversion,"window=20,z=1.5",0.048143907837399635,0.5116092874299439,0.25785443086115356,1.0999223269077751,1323,True,5,0.05013416754482969,5
Sing30Cash,M15,MeanReversion,"window=20,z=1.75",0.03921631864249964,0.5201421800947867,0.24702102426610945,1.1164584890386926,886,True,4,0.03374265495822781,5
Sing30Cash,M15,MeanReversion,"window=20,z=2.0",0.010202220063477374,0.5098425196850394,0.07998656405677876,1.0457209259386937,532,True,5,0.021890601260894815,5
Sing30Cash,M15,MeanReversion,"window=100,z=2.5",-0.00014931230363002257,0.5130434782608696,-0.0016580979285224877,0.9986532805830313,233,True,4,0.011526036241662374,5
Sing30Cash,M15,TrendFollowing,"fast=13,slow=34",0.042991640311165424,0.5111814345991561,0.13584996850873335,1.0268904646169323,4999,True,4,0.0318359055201336,5
Sing30Cash,M15,TrendFollowing,"fast=34,slow=89",0.07035519510487065,0.5069620253164557,0.22233016557166724,1.0443856941184333,4999,True,4,0.027570505577017235,5
SpainCash,H1,MeanReversion,"window=100,z=2.25",-0.13298358658827114,0.4665314401622718,-0.3701590694271881,0.759296021842502,500,True,4,0.020593523084903476,5
SpainCash,H1,MeanReversion,"window=50,z=2.5",0.036107365390828816,0.5586854460093896,0.18233422193414306,1.1809040785973353,213,True,5,0.02782315019570103,5
SpainCash,H1,TrendFollowing,"fast=5,slow=20",0.1497329503409136,0.5181188925081434,0.16532446196416642,1.033270215453476,4999,True,4,0.22558677835975927,5
SpainCash,H1,TrendFollowing,"fast=8,slow=21",0.1216947271167318,0.5181188925081434,0.13436417846687426,1.0269562369813103,4999,True,4,0.27962816278610514,5
SpainCash,H1,TrendFollowing,"fast=10,slow=30",0.10979424712344976,0.5150651465798045,0.12122394985040486,1.0242881847477145,4999,True,4,0.3367091005865245,5
SpainCash,H1,TrendFollowing,"fast=13,slow=34",0.1776313774736923,0.5148615635179153,0.1961322524026825,1.0395918768229155,4999,True,4,0.34628967445692116,5
SpainCash,H1,TrendFollowing,"fast=21,slow=55",0.19402166477110783,0.508957654723127,0.21423279782823085,1.0433242087250545,4999,True,5,0.34659830501055733,5
SpainCash,H1,TrendFollowing,"fast=34,slow=89",0.2778215385980213,0.5132328990228013,0.30679141136851534,1.0626222611795264,4999,True,5,0.3681946906159742,5
SpainCash,H1,TrendFollowing,"fast=50,slow=200",0.10304574339122585,0.5134364820846905,0.11377252406483984,1.0227783088334823,4999,True,5,0.29714422695815157,5
SpainCash,H1,VolatilityExpansion,"ema=50,mult=1.5",0.1823381426574967,0.5155866900175131,0.24583183826624125,1.070446040721982,2913,True,4,0.19137487174659984,5
SpainCash,H1,VolatilityExpansion,"ema=50,mult=2.0",0.11586850212206123,0.515473032714412,0.17077981833063632,1.05582789031446,2309,True,4,0.11283701077190744,5
SpainCash,H1,VolatilityExpansion,"ema=50,mult=2.5",0.08949366948229642,0.5165148063781321,0.1613456647165766,1.0568998303771417,1795,True,4,0.09697769615269336,5
SpainCash,H4,MeanReversion,"window=20,z=2.25",0.10431659982507246,0.5267175572519084,0.2795342462865131,1.2552225740249805,264,True,4,0.06155881744292757,5
SpainCash,H4,MeanReversion,"window=50,z=2.25",0.040123682225127744,0.4987146529562982,0.07279416701009069,1.0541949016024545,395,True,4,0.011583477681269327,5
SpainCash,H4,TrendFollowing,"fast=5,slow=20",0.1831695719816906,0.5082166768107121,0.11402116228812169,1.021922777879929,4999,True,4,0.11356154712443045,5
SpainCash,H4,TrendFollowing,"fast=8,slow=21",0.09951830393724648,0.5063907486305539,0.06194798745338379,1.0118515893360522,4999,True,4,0.10217319967961114,5
SpainCash,H4,TrendFollowing,"fast=10,slow=30",0.5690575455680491,0.5128829377155609,0.35431152876159433,1.0697180218048028,4999,True,4,0.22699673960589606,5
SpainCash,H4,TrendFollowing,"fast=13,slow=34",0.5106772547594478,0.5134915804422804,0.31794686888368345,1.0623426156087798,4999,True,4,0.28306158642148826,5
SpainCash,H4,VolatilityExpansion,"ema=20,mult=1.5",0.09578432457506292,0.5371660859465738,0.09801041730264952,1.0329447650848291,1744,True,5,0.1309169641564788,5
SpainCash,H4,VolatilityExpansion,"ema=50,mult=1.5",0.1859771369910479,0.5275813295615276,0.15011237074642808,1.0397086787153387,2865,True,4,0.1650807319310903,5
SpainCash,H4,VolatilityExpansion,"ema=20,mult=2.0",0.018882885279438155,0.531934306569343,0.024102073650972725,1.010396031124366,1107,True,4,0.07040622996583967,5
SpainCash,H4,VolatilityExpansion,"ema=50,mult=2.5",0.16295163472926977,0.5414492753623188,0.16337949333544644,1.0578987786379677,1748,True,5,0.15738349615291658,5
Super Micro Computer,H1,MeanReversion,"window=20,z=1.5",-0.4052854751609317,0.5071161048689139,-0.10878000343668982,0.958370863767847,1347,True,4,0.5950523263679595,5
Super Micro Computer,H1,VolatilityExpansion,"ema=20,mult=2.5",1.0159076092267387,0.5105189340813464,0.37089387805954677,1.213435374023287,719,True,4,0.34884913997310574,5
Super Micro Computer,H1,VolatilityExpansion,"ema=20,mult=3.0",0.6090349841842286,0.509478672985782,0.2795668356005934,1.2085914248010405,425,True,5,0.43386973019289443,5
Super Micro Computer,H1,VolatilityExpansion,"ema=20,mult=3.5",0.5698104525513442,0.5299145299145299,0.34441302105083976,1.3749019651248624,235,True,5,0.4203371361228847,5
Super Micro Computer,H4,VolatilityExpansion,"ema=20,mult=1.5",1.5529616245086906,0.5085616438356164,0.6275636815279365,1.2147388572048916,588,True,4,0.10672774970935661,5
Super Micro Computer,M15,TrendFollowing,"fast=50,slow=200",-0.3271848054071256,0.5021485573971762,-0.11368023221720626,0.9742253842435147,4999,True,4,0.5103610592976486,5
TaiwanCash,H1,TrendFollowing,"fast=8,slow=21",0.052330809631474295,0.5004125412541254,0.052734093027049345,1.0116995629027419,4999,True,4,0.13245188199696345,5
TaiwanCash,H1,TrendFollowing,"fast=10,slow=30",0.036757352680830024,0.5010313531353136,0.03704051685418669,1.0082035345912699,4999,True,4,0.21015198078388397,5
TaiwanCash,H1,TrendFollowing,"fast=13,slow=34",0.08724628058579054,0.5039191419141914,0.08791950086000878,1.019582019479815,4999,True,4,0.16152509284703853,5
TaiwanCash,H1,TrendFollowing,"fast=21,slow=55",0.07528589627692783,0.509075907590759,0.07586652917873295,1.0168749172253613,4999,True,5,0.17621281012680068,5
TaiwanCash,H1,TrendFollowing,"fast=34,slow=89",0.16999507051995466,0.5039191419141914,0.1713141561524301,1.0385122339742785,4999,True,4,0.24397546014387295,5
TaiwanCash,H1,TrendFollowing,"fast=50,slow=200",0.09144462974484213,0.5053630363036303,0.09215038514660939,1.0205339938952576,4999,True,4,0.19669982300855182,5
TaiwanCash,H1,VolatilityExpansion,"ema=50,mult=2.0",0.011951182026842089,0.49443413729128016,0.016942549682836563,1.0056930886695705,2215,True,4,0.16505510923597533,5
TaiwanCash,H1,VolatilityExpansion,"ema=50,mult=3.0",0.06344071351627445,0.5088757396449705,0.120262570856144,1.0572498998664694,1215,True,5,0.1005065126726532,5
TaiwanCash,H4,TrendFollowing,"fast=8,slow=21",0.3728288441991009,0.49928847326692416,0.23458285683593696,1.0477873000056395,4999,True,4,0.27929158324848247,5
TaiwanCash,H4,TrendFollowing,"fast=10,slow=30",0.3437311481929731,0.5043708070746087,0.21627112589440273,1.0439756999557879,4999,True,5,0.32807063915192736,5
TaiwanCash,H4,TrendFollowing,"fast=21,slow=55",0.360140916185815,0.5090465541776784,0.22659799270715658,1.0461235213553697,4999,True,4,0.33884082295642715,5
TaiwanCash,H4,TrendFollowing,"fast=50,slow=200",-0.16388010418878818,0.5025411669038422,-0.10310381544180304,0.9796931641345086,4999,True,4,0.07833753303369495,5
TaiwanCash,H4,VolatilityExpansion,"ema=20,mult=1.5",0.23335629171628203,0.5075,0.2590418836144403,1.0948633005619994,1620,True,5,0.20650568562034732,5
TaiwanCash,H4,VolatilityExpansion,"ema=50,mult=1.5",0.211955905370372,0.5050930804355462,0.16896943233391037,1.047737777815766,2890,True,4,0.2054582666051593,5
TaiwanCash,H4,VolatilityExpansion,"ema=20,mult=2.0",0.15781157225996445,0.5074946466809421,0.20813144817230342,1.1064149545183948,945,True,4,0.17258023900607966,5
TaiwanCash,H4,VolatilityExpansion,"ema=50,mult=2.0",0.21923711671825674,0.5042467590523022,0.19197066507635818,1.06404226860385,2272,True,5,0.21634709778822514,5
TaiwanCash,H4,VolatilityExpansion,"ema=20,mult=2.5",0.32676900961424127,0.5365853658536586,0.5063692887867552,1.4390981213220813,498,True,4,0.1876495892538852,5
TaiwanCash,H4,VolatilityExpansion,"ema=50,mult=2.5",0.15265023974148562,0.5098039215686274,0.1438109999941975,1.056483321734916,1757,True,5,0.17360182423941628,5
TaiwanCash,H4,VolatilityExpansion,"ema=50,mult=3.0",0.10016616611409423,0.49961089494163424,0.10276396458800578,1.0487114189267537,1303,True,4,0.09226643212123531,5
TaiwanCash,H4,VolatilityExpansion,"ema=50,mult=3.5",0.10580622963920283,0.49888392857142855,0.14842137479890266,1.0780333612116,912,True,4,0.07539216318129871,5
TaiwanCash,M15,MeanReversion,"window=20,z=1.5",-0.05863428159693007,0.5021834061135371,-0.2089327757196486,0.9165213868747725,1437,True,5,0.0312995340937946,5
TaiwanCash,M15,MeanReversion,"window=50,z=1.5",-0.03549118750214919,0.5022194039315155,-0.12634293015822953,0.9541805713362437,1640,True,5,0.0490347813000358,5
TaiwanCash,M15,MeanReversion,"window=100,z=1.5",0.0011892049334133459,0.5068493150684932,0.00469265483820481,1.0018294275431048,1524,True,4,0.022783394489336306,5
TaiwanCash,M15,MeanReversion,"window=20,z=1.75",-0.04555146139624078,0.5028248587570622,-0.19090236958846662,0.9042643984118843,924,True,5,0.0198354312138449,5
TaiwanCash,M15,MeanReversion,"window=50,z=1.75",-0.03521715122696334,0.5,-0.1422768753622675,0.9377208676853055,1141,True,4,0.03500531972689258,5
TaiwanCash,M15,MeanReversion,"window=100,z=1.75",-0.012052112860486797,0.501454898157129,-0.05307620337129648,0.9747711914183895,1070,True,4,0.014696884470567051,5
TaiwanCash,M15,MeanReversion,"window=20,z=2.0",0.015306674868699521,0.5057471264367817,0.09898971776949518,1.055929783612202,540,True,5,0.027058781771024165,5
TaiwanCash,M15,MeanReversion,"window=50,z=2.0",-0.03552953854120211,0.4903314917127072,-0.15713613576000282,0.9129202680851651,752,True,5,0.023036265170608194,5
TaiwanCash,M15,MeanReversion,"window=20,z=2.25",0.01607968452470032,0.5149501661129569,0.13449961610444722,1.100806893674775,307,True,4,0.019372432444021537,5
TaiwanCash,M15,MeanReversion,"window=50,z=2.25",-0.022337822597905066,0.48758465011286684,-0.11352146437548245,0.9178430450498765,454,True,5,0.022208035869778375,5
TaiwanCash,M15,MeanReversion,"window=20,z=2.5",0.01577928011558527,0.52046783625731,0.15953257655864814,1.160532443954638,170,True,4,0.013508014913674149,5
TaiwanCash,M15,MeanReversion,"window=50,z=2.5",-0.03376289377214081,0.4674329501915709,-0.18747131793903515,0.8276618499835504,265,True,4,0.018241711257960924,5
TaiwanCash,M15,MeanReversion,"window=50,z=3.0",0.005186983745693374,0.47572815533980584,0.055986590600888154,1.0689649539075012,103,True,4,0.010187998799569442,5
Tesla_turbo,H1,MeanReversion,"window=20,z=1.5",-0.199227363617121,0.4888888888888889,-0.09719537894776614,0.965619757785788,1352,True,4,0.10922315890343104,5
Tesla_turbo,H1,MeanReversion,"window=20,z=2.0",0.18218002378673193,0.49427480916030536,0.14629634405850014,1.08365865763446,523,True,4,0.284551957224633,5
Tesla_turbo,H1,MeanReversion,"window=100,z=2.5",0.08818660164694525,0.4841628959276018,0.10128154925725892,1.0882955762925604,220,True,4,0.16130046060751824,5
Tesla_turbo,H1,TrendFollowing,"fast=13,slow=34",0.9770768828741826,0.5083283162753361,0.2332463189399748,1.0477247047428246,4999,True,4,0.4056572358403111,5
Tesla_turbo,H1,TrendFollowing,"fast=21,slow=55",0.9713287122221813,0.5101344571543247,0.23187383062682776,1.047437279586669,4999,True,4,0.2635508278806894,5
Tesla_turbo,H1,VolatilityExpansion,"ema=20,mult=2.5",0.3584024615014456,0.5311614730878187,0.24545093310927443,1.125061834346101,705,True,4,0.34787078026195317,5
Tesla_turbo,H1,VolatilityExpansion,"ema=20,mult=3.0",0.37294674370372083,0.5355329949238579,0.3194062807797083,1.2287052930579034,393,True,5,0.3663391502604698,5
Tesla_turbo,H4,VolatilityExpansion,"ema=20,mult=1.5",3.485742832232925,0.520125457396759,0.6595594954415944,1.2316931305745509,1926,True,4,1.2089650360563762,5
Tesla_turbo,H4,VolatilityExpansion,"ema=20,mult=2.0",3.106669004094347,0.547711404189294,0.6820965052703643,1.3056977607394218,1299,True,4,1.157327519355551,5
Tesla_turbo,H4,VolatilityExpansion,"ema=20,mult=3.0",1.447575043605474,0.5576036866359447,0.4980521648761201,1.4036065365935784,436,True,4,0.5981705856663798,5
Tesla_turbo,H4,VolatilityExpansion,"ema=50,mult=3.0",3.7296540510197067,0.5330250990752973,0.7567701387284003,1.3112664783821357,1521,True,4,1.3844413260226776,5
Tesla_turbo,H4,VolatilityExpansion,"ema=50,mult=3.5",2.9206607926391257,0.5396551724137931,0.6502123066474317,1.3096667845160685,1165,True,5,1.2177407249921106,5
Tesla_turbo,M15,VolatilityExpansion,"ema=20,mult=1.5",0.18747813545076975,0.5011560693641619,0.14152031235393284,1.0506587934955398,1732,True,4,0.08071375339822562,5
Tesla_turbo,M15,VolatilityExpansion,"ema=20,mult=2.0",0.26310140184101216,0.5008896797153025,0.2331989047050702,1.1063676337355008,1125,True,4,0.16984127096476576,5
Tesla_turbo,M15,VolatilityExpansion,"ema=50,mult=3.5",-0.05806579912280052,0.48748841519925856,-0.052049199578105394,0.9759835013775473,1080,True,4,0.08298357838066261,5
TrumpWinners,H1,VolatilityExpansion,"ema=20,mult=1.5",-0.04221559341254333,0.5083682008368201,-0.08331549016746559,0.9725077990171177,1437,True,4,0.017676613942919417,5
TrumpWinners,M15,MeanReversion,"window=20,z=1.5",-0.025808527643029766,0.4802768166089965,-0.07844021934843377,0.9696413972008413,1451,True,4,0.02207873014408157,5
TrumpWinners,M15,MeanReversion,"window=20,z=1.75",0.0012113667911861636,0.47962382445141066,0.00436536652183282,1.002056379970919,962,True,4,0.03071208502569356,5
TrumpWinners,M15,MeanReversion,"window=20,z=2.0",-0.0469111560860882,0.4734982332155477,-0.211641810839448,0.881512082851378,570,True,4,0.016241526855422683,5
TrumpWinners,M15,MeanReversion,"window=20,z=2.25",-0.03405922491331104,0.4896755162241888,-0.1920721403262914,0.8638753223158905,341,True,4,0.014822174603140725,5
TrumpWinners,M15,TrendFollowing,"fast=13,slow=34",-0.4206865702939091,0.4975893933306549,-0.546485441429336,0.8634565187996446,4999,True,4,0.025763377826001355,5
TrumpWinners,M15,VolatilityExpansion,"ema=20,mult=1.5",0.022156703897206365,0.5214619634509138,0.052017748071307844,1.017634133533994,2361,True,4,0.03142332729538455,5
TrumpWinners,M15,VolatilityExpansion,"ema=20,mult=2.0",0.023775644295846887,0.5339976553341149,0.06530761599688487,1.0257551231909037,1711,True,4,0.02754141019273315,5
TrumpWinners,M15,VolatilityExpansion,"ema=50,mult=2.0",-0.08537096735179606,0.502865329512894,-0.19012922671769367,0.9438489201510044,2802,True,4,0.01238204395924103,5
TrumpWinners,M15,VolatilityExpansion,"ema=50,mult=2.5",-0.020853153046266115,0.5108225108225108,-0.04906265493407929,0.9832164975600266,2317,True,4,0.03111849972541203,5
TrumpWinners,M15,VolatilityExpansion,"ema=50,mult=3.0",-0.006024902754574457,0.5202702702702703,-0.015419419496283884,0.9940099241217182,1930,True,4,0.05427451360881308,5
US2000Cash,H1,MeanReversion,"window=50,z=1.75",0.05646320983463815,0.49849548645937813,0.10829103896774259,1.0528682181041122,1000,True,4,0.043715052474922245,5
US2000Cash,H1,MeanReversion,"window=100,z=1.75",-0.04395363875014979,0.5009487666034156,-0.08646741049904515,0.9592450423297072,1059,True,4,0.04045201817545463,5
US2000Cash,H1,MeanReversion,"window=100,z=2.0",-0.03579115515042819,0.47752808988764045,-0.08849631339544317,0.9524204279072968,715,True,4,0.029986900019716267,5
US2000Cash,H1,MeanReversion,"window=50,z=2.25",0.06040033576274462,0.5186170212765957,0.15165209612693156,1.1235174470583995,376,True,4,0.06098274418991312,5
US2000Cash,H1,MeanReversion,"window=100,z=2.25",0.028988335355623063,0.47717842323651455,0.08534619999408416,1.0566648844992381,483,True,4,0.04325696523443179,5
US2000Cash,H1,MeanReversion,"window=50,z=2.5",0.1661084467053937,0.5432098765432098,0.5042434655467369,1.624623931356704,243,True,4,0.07085089106745968,5
US2000Cash,H1,MeanReversion,"window=50,z=2.75",0.07313274501664191,0.484472049689441,0.2543970525131632,1.3689142925935172,161,True,4,0.03976935184985242,5
US2000Cash,H1,TrendFollowing,"fast=5,slow=20",-0.19336554273166984,0.49143663106991736,-0.18255885692690763,0.9584032185889918,4999,True,4,0.05951192373591607,5
US2000Cash,H1,TrendFollowing,"fast=21,slow=55",-0.1395155001058752,0.49466048760830145,-0.13171417350963535,0.9698125870457718,4999,True,4,0.13769669520069283,5
US2000Cash,H1,TrendFollowing,"fast=34,slow=89",0.043831240292365736,0.5059439854926456,0.04137903277597599,1.0096758315083076,4999,True,4,0.15285345362990732,5
US2000Cash,H1,TrendFollowing,"fast=50,slow=200",-0.15157193960391724,0.5019141648196656,-0.1430973380479797,0.9672466185582878,4999,True,5,0.2004946835183321,5
US2000Cash,H4,MeanReversion,"window=100,z=1.5",0.1143220729000064,0.498371335504886,0.10548976934652908,1.0408091238503734,1539,True,4,0.1498848073824811,5
US2000Cash,H4,TrendFollowing,"fast=5,slow=20",-0.09617439841577602,0.5024077046548957,-0.05292734836663199,0.9892826730303352,4999,True,4,0.24877171198912984,5
US2000Cash,H4,TrendFollowing,"fast=8,slow=21",-0.09589805541702734,0.5040128410914928,-0.05277526772641365,0.9893133031475994,4999,True,4,0.34934908766356865,5
US2000Cash,H4,TrendFollowing,"fast=10,slow=30",-0.277851993389585,0.507223113964687,-0.15291564221699613,0.9693474670473752,4999,True,4,0.3795322370871105,5
US2000Cash,H4,TrendFollowing,"fast=13,slow=34",-0.33883074706014515,0.5062199036918138,-0.18647947000682943,0.9627456206410412,4999,True,4,0.3100200555765412,5
US2000Cash,H4,TrendFollowing,"fast=21,slow=55",-0.27321501799476466,0.5084269662921348,-0.15036345523726694,0.969851305246982,4999,True,4,0.03782034375083876,5
US2000Cash,M15,MeanReversion,"window=100,z=1.5",-0.0006346638468037735,0.5056179775280899,-0.0028017074364263934,0.9989454620465374,1346,True,4,0.021154831496535964,5
US2000Cash,M15,MeanReversion,"window=100,z=1.75",0.018973952289385698,0.490343347639485,0.09503187548359456,1.0428095052199011,940,True,5,0.030643835052930668,5
US2000Cash,M15,MeanReversion,"window=20,z=2.0",0.045385179375233564,0.5570934256055363,0.32469490610356755,1.2029735272815105,587,True,4,0.01810849026803596,5
US2000Cash,M15,MeanReversion,"window=100,z=2.0",0.012780151028508713,0.4864864864864865,0.07304674032735857,1.0397478245574945,631,True,4,0.014891469965092496,5
US2000Cash,M15,MeanReversion,"window=100,z=2.25",0.007872771678400725,0.4771084337349398,0.053099553788275314,1.0343378510516188,416,True,4,0.02119790156413437,5
US2000Cash,M15,TrendFollowing,"fast=10,slow=30",0.07923007745992339,0.5024420024420024,0.20911328673064272,1.0440451598612588,4999,True,4,0.015098184761751954,5
US2000Cash,M15,TrendFollowing,"fast=13,slow=34",0.04629596859810514,0.5018315018315018,0.12218275224421732,1.0255031438095878,4999,True,4,0.017449697290215616,5
USDX-MAR26,H1,VolatilityExpansion,"ema=50,mult=1.5",0.042878616180221596,0.49224666426253155,0.18357144291321442,1.048027083182113,2814,True,4,0.021982695146685938,5
USDX-MAR26,H4,VolatilityExpansion,"ema=50,mult=2.5",-0.02689089521325705,0.47812301838934684,-0.08692670429973184,0.9718139672289701,1588,True,5,0.04077843520506408,5
USDX-MAR26,H4,VolatilityExpansion,"ema=50,mult=3.5",0.011186335903966671,0.4779220779220779,0.05304475081539941,1.0256232092406259,776,True,4,0.011532203603813018,5
USDX-MAR26,M15,TrendFollowing,"fast=34,slow=89",0.01701381089445697,0.4993715961457897,0.16784874729266502,1.0301406387666159,4999,True,5,0.021386164339696645,5
USDX-MAR26,M15,TrendFollowing,"fast=50,slow=200",0.029573086633302714,0.5075408462505236,0.291784517393757,1.0529792669346751,4999,True,4,0.023707462540390134,5
VAULTAUSD,H1,MeanReversion,"window=50,z=1.5",0.20623114064908665,0.5688405797101449,0.10368436397893668,1.047313850420226,1387,True,5,0.2458383683400187,5
VAULTAUSD,H1,MeanReversion,"window=100,z=1.5",0.4152796300032312,0.5684410646387833,0.2016891097143848,1.0941892514800797,1311,True,5,0.21105031199562185,5
VAULTAUSD,H1,MeanReversion,"window=50,z=1.75",0.1291341017277683,0.5781041388518025,0.07052636864723835,1.0414620792451519,940,True,5,0.29926603377763883,5
VAULTAUSD,H1,MeanReversion,"window=100,z=1.75",0.3824791261208752,0.5902578796561605,0.2017984606342705,1.1218484181212145,850,True,5,0.19043123006628782,5
VAULTAUSD,H1,MeanReversion,"window=50,z=2.0",0.0352051409334212,0.5857740585774058,0.020568573687901166,1.0158587452383439,601,True,4,0.25119432079906723,5
VAULTAUSD,H1,MeanReversion,"window=100,z=2.0",0.317521932315704,0.6045977011494252,0.18466179262424315,1.155104916218134,526,True,4,0.13813883572199748,5
VAULTAUSD,H1,MeanReversion,"window=50,z=2.25",-0.12578863377004545,0.5756578947368421,-0.07908694998782921,0.9232557993879146,380,True,4,0.12827381295544882,5
VAULTAUSD,H4,TrendFollowing,"fast=13,slow=34",1.331053103492128,0.49278483738961876,0.20878824856218725,1.0424865873847782,4999,True,5,0.6186517659619306,5
VAULTAUSD,M15,MeanReversion,"window=20,z=1.5",0.8714373304714714,0.6451077943615257,1.068386166411507,1.5381491398759333,1285,True,4,0.22015490294794682,5
VAULTAUSD,M15,MeanReversion,"window=20,z=1.75",0.6580093105415926,0.6658767772511849,0.9295736936943705,1.5750302731032482,863,True,4,0.1324562240685424,5
VAULTAUSD,M15,MeanReversion,"window=100,z=2.0",0.18384931111828917,0.6062717770034843,0.28578479925077643,1.1853158517188347,558,True,4,0.056562578358974824,5
VAULTAUSD,M15,MeanReversion,"window=20,z=2.25",0.38614142030307397,0.7309941520467836,0.7975311029729163,1.9054862571858762,312,True,4,0.032377641533954615,5
VAULTAUSD,M15,TrendFollowing,"fast=13,slow=34",-0.4444638275674697,0.47202797202797203,-0.31884817062664744,0.934077013079878,4997,True,4,0.11353458104089387,5
VAULTAUSD,M15,TrendFollowing,"fast=21,slow=55",-0.23826999466321008,0.48301698301698304,-0.17090486742368446,0.964110941810438,4997,True,4,0.11211533887500802,5
WHEAT-MAR26,M15,MeanReversion,"window=100,z=1.5",0.028349252319654794,0.4921011058451817,0.09264793098083568,1.0401068193548488,1584,True,5,0.039754883375492156,5
WHEAT-MAR26,M15,MeanReversion,"window=100,z=1.75",0.06996095499259314,0.5034246575342466,0.24998463154300707,1.143569882346922,1081,True,4,0.04230747994772022,5
WHEAT-MAR26,M15,MeanReversion,"window=100,z=2.0",0.05702675062828022,0.5082872928176796,0.2237013728316719,1.177412179351252,671,True,4,0.04553096062889872,5
WHEAT-MAR26,M15,MeanReversion,"window=100,z=2.25",0.03281571679932149,0.4720496894409938,0.1396583607047569,1.155836995614561,402,True,4,0.03864711844194291,5
WHEAT-MAR26,M15,MeanReversion,"window=20,z=2.5",0.05739672233761717,0.5935483870967742,0.339522892389593,1.6797402253091174,178,True,4,0.04753090691889983,5
XAUCNH,H1,TrendFollowing,"fast=5,slow=20",0.11555124546095907,0.5219251336898396,0.35195081684351776,1.064684916437552,1871,True,4,0.048978920495392986,5
XAUCNH,H1,TrendFollowing,"fast=8,slow=21",0.10612634945528421,0.5240641711229946,0.3232316372222746,1.059252605928964,1871,True,4,0.06658521678128548,5
XAUCNH,H1,TrendFollowing,"fast=34,slow=89",0.08397689507183648,0.5283422459893048,0.25575066771968424,1.0465979656398798,1871,True,5,0.10883390063680976,5
XAUCNH,H1,VolatilityExpansion,"ema=50,mult=1.5",0.1044533483621225,0.53596757852077,0.4008649255703111,1.1035734310791923,987,True,4,0.024871031968779045,5
XAUCNH,H4,TrendFollowing,"fast=5,slow=20",0.08603935393888718,0.5368852459016393,0.4964779317852898,1.0908468832498317,489,True,4,0.08699677079636803,5
XAUCNH,H4,TrendFollowing,"fast=8,slow=21",0.13370499276635994,0.5532786885245902,0.7720613012015195,1.1448202124993352,489,True,4,0.08413849294592335,5
XAUCNH,H4,TrendFollowing,"fast=10,slow=30",0.1381312600839385,0.5614754098360656,0.7976838097069646,1.1499739512151623,489,True,5,0.1080031260450075,5
XAUCNH,H4,TrendFollowing,"fast=13,slow=34",0.14569231187631948,0.5573770491803278,0.8414672970052106,1.1588352130725312,489,True,5,0.1229794653930526,5
XAUCNH,H4,TrendFollowing,"fast=21,slow=55",0.06945601178254879,0.5635245901639344,0.4007176997892487,1.0727004407420868,489,True,5,0.11134964563288208,5
XAUCNH,H4,TrendFollowing,"fast=34,slow=89",0.07493852495577003,0.5512295081967213,0.43237102045857745,1.078664766348086,489,True,4,0.08540357114735919,5
XAUCNH,H4,TrendFollowing,"fast=50,slow=200",0.18106002673441368,0.5655737704918032,1.046541148990699,1.2012738308619348,489,True,4,0.08540357114735919,5
XAUCNH,M15,MeanReversion,"window=20,z=1.75",0.00784899978108966,0.5448430493273543,0.036846699511405394,1.0160443539240187,892,True,4,0.0175368946323311,5
XAUCNH,M15,MeanReversion,"window=20,z=2.25",0.04853357130453084,0.5975609756097561,0.3545163692029422,1.2685317097006212,327,True,4,0.019579051412640158,5
XAUCNH,M15,VolatilityExpansion,"ema=50,mult=3.5",0.05105641751389001,0.5025728987993139,0.32706151455605,1.1967999942079652,582,True,4,0.02508221384685727,5
XPDUSD,H1,MeanReversion,"window=50,z=1.5",0.2490405979288114,0.5150891632373114,0.2199340166004541,1.0787964694846928,1504,True,5,0.10620669855436493,5
XPDUSD,H1,MeanReversion,"window=100,z=1.5",-0.11034641753091723,0.48273736128236744,-0.09053639689807562,0.9703755084413181,1667,True,4,0.10632859998921196,5
XPDUSD,H1,MeanReversion,"window=50,z=1.75",0.25409688534975516,0.516359918200409,0.2710165515644715,1.1204778952429593,1006,True,5,0.1429954049567964,5
XPDUSD,H1,MeanReversion,"window=100,z=1.75",0.0371003999549776,0.490418118466899,0.036053309895056014,1.0139320033120485,1179,True,4,0.06102328196192286,5
XPDUSD,H1,MeanReversion,"window=20,z=2.0",0.1473933635833845,0.5277777777777778,0.20166148631152103,1.111059505368504,584,True,4,0.012442220031272155,5
XPDUSD,H1,MeanReversion,"window=50,z=2.0",0.2521405622420798,0.5362068965517242,0.3707212198567646,1.2167354872556444,599,True,5,0.1089494126294338,5
XPDUSD,H1,MeanReversion,"window=50,z=2.25",0.21497730485699673,0.5384615384615384,0.39506614955895836,1.3110091900432488,347,True,5,0.0664250108809945,5
XPDUSD,H1,MeanReversion,"window=20,z=2.5",0.060602248856436614,0.5274725274725275,0.14340306699925826,1.141101066421722,183,True,4,0.0279459524926724,5
XPDUSD,H1,MeanReversion,"window=50,z=2.5",0.07546133954326706,0.518324607329843,0.1951067735290427,1.1802775670288435,194,True,4,0.0333229414859445,5
XPDUSD,H4,MeanReversion,"window=50,z=2.75",0.12861954672998055,0.5285714285714286,0.20556464030075,1.239759024524587,140,True,4,0.11075629132143106,5
XPDUSD,H4,TrendFollowing,"fast=5,slow=20",0.08685063259834369,0.4983877468762596,0.02590014639020206,1.0047133182639638,4999,True,4,0.5934638438596397,5
XPDUSD,H4,TrendFollowing,"fast=8,slow=21",0.6517504806993554,0.5062474808544941,0.19437597075693766,1.0359206100264444,4999,True,4,0.549606871901544,5
XPDUSD,H4,VolatilityExpansion,"ema=20,mult=1.5",0.2950641803409739,0.4988009592326139,0.16458839424157803,1.063119246478081,1265,True,5,0.3479571662245129,5
XPDUSD,H4,VolatilityExpansion,"ema=20,mult=2.0",0.006032564267934082,0.4902597402597403,0.0046911813913542025,1.002511047715799,624,True,4,0.09204218002988462,5
XPDUSD,H4,VolatilityExpansion,"ema=50,mult=3.0",0.18475560576347239,0.5,0.13583726933998183,1.069863687969551,677,True,5,0.30146925711927175,5
XPDUSD,M15,MeanReversion,"window=50,z=1.5",0.14754761107555814,0.5407407407407407,0.20106920046505852,1.071904684482028,1393,True,4,0.0486388114448667,5
XPDUSD,M15,MeanReversion,"window=100,z=2.25",-0.0018397743716291881,0.5193798449612403,-0.004737700997618777,0.996859185092925,392,True,4,0.034537948435438115,5
XPDUSD,M15,MeanReversion,"window=50,z=3.0",-0.0376468504407973,0.41975308641975306,-0.1976890532916052,0.7686235848178422,83,True,4,0.03084854942443771,5
XPTUSD,H1,MeanReversion,"window=100,z=1.5",-0.321564805863343,0.4937185929648241,-0.30168387989399204,0.9004893563857119,1601,True,4,0.1035014730831566,5
XPTUSD,H1,MeanReversion,"window=20,z=2.25",-0.08226486454519732,0.5040871934604905,-0.13716601740351744,0.9113486748896997,366,True,4,0.04866924923128568,5
XPTUSD,H1,MeanReversion,"window=20,z=2.5",-0.04651615270922138,0.5169082125603864,-0.11035324704834637,0.9076282358401065,206,True,4,0.08889983715391891,5
XPTUSD,H1,MeanReversion,"window=20,z=2.75",-0.012628557127116413,0.5094339622641509,-0.043688514220097195,0.9509352811313084,105,True,4,0.041129143378179855,5
XPTUSD,H4,TrendFollowing,"fast=5,slow=20",-0.3482232790487123,0.5011046394858405,-0.1413725652562045,0.9742625595675157,4999,True,4,0.25697028799903265,5
XPTUSD,H4,TrendFollowing,"fast=34,slow=89",0.05733313646421867,0.5007029524000803,0.023275353240301486,1.0043020109090688,4999,True,4,0.23799970608079313,5
XPTUSD,M15,MeanReversion,"window=100,z=1.75",0.06945892959478994,0.5154536390827518,0.1143550724960761,1.0504509560193984,1009,True,4,0.052547880957548254,5
XPTUSD,M15,MeanReversion,"window=50,z=2.5",0.06171388163283642,0.5168918918918919,0.16700209864783894,1.13778024359037,296,True,4,0.015908326149520535,5
XPTUSD,M15,MeanReversion,"window=50,z=2.75",0.12679033346705648,0.5581395348837209,0.4286146200658991,1.5462550050740258,171,True,4,0.0331746163747807,5
XTZUSD,H1,MeanReversion,"window=20,z=1.5",0.31457003697869523,0.533278553820871,0.17254933571279588,1.0692750768104364,1365,True,4,0.12430669156333007,5
XTZUSD,H1,MeanReversion,"window=50,z=1.5",0.3870447974254412,0.5448613376835236,0.1890557095938162,1.0856232185658758,1374,True,4,0.29627141046554184,5
XTZUSD,H1,MeanReversion,"window=100,z=1.5",-0.23239686181944785,0.5253955037468776,-0.10504798812621058,0.9549425566628277,1338,True,5,0.22772178030902956,5
XTZUSD,H1,MeanReversion,"window=20,z=1.75",0.0896731259979503,0.5443864229765013,0.05862011097584411,1.0292469849152335,868,True,4,0.1184941235768675,5
XTZUSD,H1,MeanReversion,"window=100,z=1.75",0.006610419089904118,0.538560411311054,0.0032670286004183166,1.001858008432955,861,True,5,0.19948137856024817,5
XTZUSD,H1,MeanReversion,"window=50,z=2.0",-0.002026700483398036,0.5398886827458256,-0.0012137177600472524,0.9991190745769155,596,True,5,0.17701280690852184,5
XTZUSD,H1,MeanReversion,"window=100,z=2.0",0.2321737196105791,0.5435684647302904,0.13044520927084347,1.1039459758059118,532,True,4,0.1720213219105583,5
XTZUSD,H1,MeanReversion,"window=20,z=2.25",0.28173357721867776,0.5736434108527132,0.2774285672666373,1.2748304642714339,285,True,4,0.07147686796681196,5
XTZUSD,H1,MeanReversion,"window=100,z=2.25",0.09600316031041656,0.5216049382716049,0.0580631165376491,1.0581696129362035,347,True,5,0.09309258616640059,5
XTZUSD,H1,MeanReversion,"window=100,z=2.5",-0.14777015296235751,0.527363184079602,-0.10029119610307698,0.8781444787213971,214,True,4,0.03467482251654508,5
XTZUSD,H1,MeanReversion,"window=50,z=2.75",0.06268196134587589,0.5436893203883495,0.06638088608072823,1.1010854016395148,119,True,4,0.03371639235291435,5
XTZUSD,H4,MeanReversion,"window=20,z=2.5",-0.13593080755069753,0.5034013605442177,-0.1158209338150747,0.8898043720635085,155,True,4,0.13673604975957332,5
XTZUSD,H4,TrendFollowing,"fast=21,slow=55",0.8395920129970453,0.4917208132466988,0.13776076673469453,1.027486150893579,4999,True,4,0.6363511172463451,5
ZECUSD,H1,MeanReversion,"window=20,z=2.25",0.4900824026799171,0.5700934579439252,0.30273917819788076,1.2642078403654888,323,True,4,0.2819267424982277,5
ZECUSD,H1,TrendFollowing,"fast=21,slow=55",0.8441073611996158,0.4928384103288279,0.15209803063454486,1.0308756299740487,4999,True,4,0.1814228645655327,5
ZECUSD,H1,TrendFollowing,"fast=50,slow=200",1.5931147527328646,0.4992939277788985,0.2870939570357511,1.0590820455000276,4999,True,5,0.9736661005100171,5
ZECUSD,H4,TrendFollowing,"fast=10,slow=30",2.784218758125111,0.4948432760364004,0.3442301885659692,1.0694837470344138,4999,True,4,0.7670385860976401,5
ZECUSD,H4,TrendFollowing,"fast=13,slow=34",2.8005097433098105,0.49059656218402425,0.3462452994539452,1.069904519721367,4999,True,4,0.7846414272687618,5
ZECUSD,H4,TrendFollowing,"fast=21,slow=55",2.93494814068891,0.4980788675429727,0.3628752840174761,1.07338341310402,4999,True,5,1.2980440688718846,5
ZECUSD,H4,TrendFollowing,"fast=34,slow=89",3.47300577383218,0.4954499494438827,0.4294453383326775,1.08742470590881,4999,True,4,1.3999730336370875,5
ZECUSD,H4,VolatilityExpansion,"ema=20,mult=2.5",0.6241551105803479,0.49615384615384617,0.22129416470404578,1.2141053852751544,262,True,4,0.2551853228946096,5
ZECUSD,H4,VolatilityExpansion,"ema=20,mult=3.0",0.21070939984833814,0.5116279069767442,0.09200381928984507,1.1239142916341953,129,True,4,0.1252699494263535,5
ZECUSD,H4,VolatilityExpansion,"ema=50,mult=3.0",1.0704552916844823,0.4794908062234795,0.2752222982798209,1.159812555918435,714,True,4,0.32052115485338195,5
ZECUSD,M15,MeanReversion,"window=100,z=2.75",0.03157958108095005,0.5520833333333334,0.05238147898648581,1.0488530448612043,192,True,4,0.10652882863958857,5
ZECUSD,M15,TrendFollowing,"fast=5,slow=20",0.4341469069658621,0.48378702962369896,0.18517224702470061,1.0355845285470242,4999,True,4,0.2513501794808761,5
ZECUSD,M15,TrendFollowing,"fast=8,slow=21",0.49626933701333953,0.4865892714171337,0.2116731097953747,1.0407801699711614,4999,True,4,0.1969779407017438,5
ZECUSD,M15,TrendFollowing,"fast=10,slow=30",0.7304833044131644,0.4929943955164131,0.3116044120589027,1.0606095941000593,4999,True,4,0.24132846439072897,5
ZECUSD,M15,TrendFollowing,"fast=21,slow=55",0.3612388680273251,0.4969975980784628,0.1540723000807853,1.0295204703259282,4999,True,4,0.1621977658952265,5
ZECUSD,M15,VolatilityExpansion,"ema=20,mult=1.5",-0.004330473874293195,0.4305835010060362,-0.003105073031678954,0.9986417393124867,994,True,4,0.2564338920996809,5
ZECUSD,M15,VolatilityExpansion,"ema=50,mult=1.5",0.08454272851171507,0.4643157010915197,0.04645238779344835,1.0132290297351094,2383,True,4,0.23932018544159928,5
ZECUSD,M15,VolatilityExpansion,"ema=50,mult=2.0",0.054253608275755205,0.4577883472057075,0.03317187644371927,1.011348088937693,1682,True,4,0.19649358753717083,5
ZECUSD,M15,VolatilityExpansion,"ema=50,mult=2.5",-0.05560413509774487,0.4544642857142857,-0.04127000551545042,0.9835125847171406,1120,True,4,0.10438054268517705,5
