symbol,timeframe,strategy,params,total_return,win_rate,sharpe_ratio,profit_factor,num_trades,robust,oos_profitable_windows,total_oos_return,total_windows
Anthem,H1,MeanReversion,"window=50,z=1.5",0.3629371681149446,0.5089531680440771,0.3064417503353253,1.1217715205180587,1458,True,4,0.048475633377132565,5
Anthem,H1,MeanReversion,"window=50,z=1.75",0.3087905984674312,0.5119521912350598,0.2898858089698011,1.141572016050399,1007,True,4,0.055747187394135644,5
Anthem,H1,MeanReversion,"window=50,z=2.0",0.182611904237864,0.5117739403453689,0.2143272445716735,1.1260278425971626,639,True,4,0.05472113230879516,5
Anthem,H1,MeanReversion,"window=100,z=2.75",0.216157361391214,0.5059523809523809,0.40335672679173806,1.5991915489282404,167,True,4,0.03109169488655994,5
Anthem,H1,TrendFollowing,"fast=50,slow=200",-0.21118166595296606,0.509925807098456,-0.09409426162965795,0.9801526570287613,4999,True,4,0.41266375312786263,5
Anthem,H4,MeanReversion,"window=20,z=1.5",0.9000283516034535,0.5293276108726752,0.3841095294242095,1.1566283948783107,1402,True,4,0.1751898722136802,5
Anthem,H4,MeanReversion,"window=20,z=1.75",1.049017823889177,0.5382096069868996,0.5817524416253521,1.2985215624431576,919,True,4,0.1707475904814526,5
Anthem,M15,MeanReversion,"window=20,z=1.5",0.7014093300280348,0.5478142076502732,0.8632692028994193,1.3785401879450434,1478,True,4,0.16892505987159845,5
Anthem,M15,MeanReversion,"window=50,z=1.5",0.07189553240680335,0.5266196279666453,0.09028175430693433,1.0332539530241975,1573,True,4,0.09977817828160351,5
Anthem,M15,MeanReversion,"window=100,z=1.5",0.10651324989172994,0.5046916890080428,0.10961626214637542,1.0479487231672424,1506,True,4,0.1738749888739255,5
Anthem,M15,MeanReversion,"window=50,z=1.75",0.06820498879140857,0.5378787878787878,0.10131628384243418,1.0455532111776424,1063,True,4,0.07497908319075586,5
Anthem,M15,MeanReversion,"window=20,z=2.0",0.38445116979615046,0.5803722504230119,0.7220319185792405,1.4700900949165299,596,True,4,0.07684066993154326,5
Anthem,M15,MeanReversion,"window=50,z=2.0",0.17899952581243606,0.5619469026548672,0.3020617332162308,1.18400297481437,683,True,5,0.07141195247552734,5
Anthem,M15,MeanReversion,"window=50,z=2.25",0.1625231611425978,0.580952380952381,0.37157171635004704,1.2699825534745677,423,True,5,0.08036772229528011,5
Anthem,M15,MeanReversion,"window=20,z=3.0",0.052920941281625056,0.5161290322580645,0.2536264320407082,1.476881231008043,61,True,4,0.03130578971076614,5
Apache,H4,TrendFollowing,"fast=8,slow=21",1.4395309119385806,0.4927477840451249,0.17724291525702093,1.0373658429961938,4999,True,4,1.9099604446647414,5
Apache,H4,TrendFollowing,"fast=10,slow=30",0.7479063091928735,0.4860999194198227,0.09208212225568405,1.0192406637105824,4999,True,4,1.9092754771535172,5
Apache,H4,VolatilityExpansion,"ema=50,mult=3.0",-0.147139671025457,0.4520547945205479,-0.028309404246476707,0.9869695384983551,1178,True,4,1.288316306932491,5
Apache,H4,VolatilityExpansion,"ema=50,mult=3.5",0.34649565941209415,0.45641646489104115,0.07365836294325885,1.0416339157905443,832,True,4,0.8172198511501556,5
Apache,M15,MeanReversion,"window=20,z=2.0",0.04276376212855115,0.47217235188509876,0.04317008507174795,1.028615170390061,576,True,4,0.09211612614973286,5
Apache,M15,MeanReversion,"window=100,z=2.0",0.2578210581170566,0.5081168831168831,0.30573798712628786,1.216713345882109,653,True,4,0.16231673473311647,5
Apache,M15,MeanReversion,"window=100,z=2.5",0.12520124146408285,0.5097087378640777,0.23968848348497568,1.2714335538577044,218,True,5,0.12287145755697915,5
Apache,M15,MeanReversion,"window=20,z=2.75",0.012978554441180679,0.47244094488188976,0.021259402178287735,1.0275012384456237,128,True,4,0.097865827296439,5
Apache,M15,TrendFollowing,"fast=21,slow=55",-0.2345201884070477,0.5024276968545492,-0.11082455550386235,0.9757371439726485,4999,True,4,0.12424849613616451,5
Apple,H1,MeanReversion,"window=100,z=1.5",0.009199588917135237,0.5126201923076923,0.00886272921185384,1.0030914449950707,1675,True,4,0.012569823252112089,5
Apple,H1,MeanReversion,"window=20,z=1.75",0.26613084897662054,0.5277161862527716,0.3465447653601686,1.1652901192437441,910,True,4,0.15466166339919807,5
Apple,H1,MeanReversion,"window=20,z=2.0",0.125239514821746,0.5317164179104478,0.20972024495650488,1.12287695568931,544,True,4,0.07776079265253533,5
Apple,H1,MeanReversion,"window=20,z=2.25",0.03960490180125931,0.5398773006134969,0.08765887588787745,1.0622135798709011,329,True,4,0.06645520645177783,5
Apple,H1,MeanReversion,"window=50,z=3.0",0.006534388931231372,0.5252525252525253,0.020419332689314725,1.0269291291019034,98,True,4,0.05022981330209819,5
Apple,H4,MeanReversion,"window=50,z=1.5",-0.10371087895325659,0.485780615206036,-0.04639334385368231,0.9850529627976896,1736,True,4,0.07695199792033003,5
Apple,H4,TrendFollowing,"fast=5,slow=20",2.5764270582276985,0.5226262626262627,0.6746384625065214,1.1389670707578132,4999,True,4,0.9359556092640963,5
Apple,H4,TrendFollowing,"fast=8,slow=21",2.5580243110807257,0.5208080808080808,0.6698110840530827,1.1379060220382793,4999,True,5,1.0501937989476562,5
Apple,H4,TrendFollowing,"fast=10,slow=30",2.3440993847878087,0.517979797979798,0.6137079116620398,1.1256485357278516,4999,True,5,1.003463708225388,5
Apple,H4,TrendFollowing,"fast=13,slow=34",2.07492576946864,0.515959595959596,0.5431477774993315,1.1104236671841154,4999,True,4,1.0383839227806928,5
Apple,H4,TrendFollowing,"fast=34,slow=89",1.0175524451809617,0.5082828282828283,0.266243626167131,1.0526703201376781,4999,True,4,0.6053308618687293,5
Apple,H4,VolatilityExpansion,"ema=50,mult=1.5",1.2666889054869452,0.5201088599939522,0.42446987964218075,1.1055439397446973,3341,True,4,0.6712972276780212,5
Apple,H4,VolatilityExpansion,"ema=50,mult=2.0",0.2886680641745908,0.5114503816793893,0.10725957583865281,1.0280218268589476,2780,True,4,0.35768175615291553,5
Apple,M15,MeanReversion,"window=20,z=1.5",0.2477520870319806,0.5418790968681719,0.5981724481664111,1.2998148047402494,1404,True,4,0.059662576865043615,5
Apple,M15,MeanReversion,"window=50,z=2.0",0.06223285501159748,0.5121212121212121,0.20959357081685656,1.1148911883431563,670,True,4,0.05191175901628853,5
Apple,M15,MeanReversion,"window=50,z=2.25",0.07731624574327522,0.5091324200913242,0.29783879854401735,1.211297267053645,443,True,4,0.033117080930762044,5
Apple,M15,MeanReversion,"window=50,z=2.5",0.027644079398118415,0.4809688581314879,0.12791828720690673,1.1084306462388476,292,True,4,0.021751840334302552,5
Apple,M15,MeanReversion,"window=50,z=2.75",0.003455569864714736,0.49214659685863876,0.019040205798622704,1.0186093906392437,193,True,4,0.031047727880907927,5
AresCapital,H1,MeanReversion,"window=20,z=2.5",0.03852813562259927,0.5328947368421053,0.1330198834127979,1.1488935950436157,156,True,4,0.04986009814503445,5
AresCapital,H1,MeanReversion,"window=50,z=2.5",0.022951975286161108,0.5067873303167421,0.08523479573474547,1.069417514146006,233,True,4,0.020281942290664268,5
AresCapital,H1,MeanReversion,"window=50,z=2.75",0.04177607620109547,0.5431034482758621,0.2038022397117712,1.243144124139441,124,True,4,0.04450102084372953,5
AresCapital,H4,MeanReversion,"window=50,z=1.5",0.46698422759133984,0.5259156876295784,0.19302361858338365,1.091929539043821,1505,True,4,0.09618462031796149,5
AresCapital,H4,MeanReversion,"window=50,z=1.75",0.174565849222853,0.522279792746114,0.08294668483594501,1.0490228763426537,1012,True,4,0.027670063608271733,5
AresCapital,M15,MeanReversion,"window=50,z=2.0",0.05289992720581249,0.5163636363636364,0.19781908075988242,1.1145999191940847,642,True,4,0.02573238830648794,5
AresCapital,M15,TrendFollowing,"fast=8,slow=21",0.046387544116900825,0.502663886958536,0.04910801614609091,1.0119917841307398,4999,True,4,0.03370033351122459,5
Autodesk,H1,MeanReversion,"window=50,z=2.0",0.09896380538020089,0.4992343032159265,0.1412905129593486,1.0729237999070678,653,True,4,0.061426654790102786,5
Autodesk,H1,MeanReversion,"window=50,z=2.25",0.20290525249102453,0.5223880597014925,0.3663539795567236,1.2651047560521815,402,True,4,0.0923073891070989,5
Autodesk,H1,MeanReversion,"window=50,z=2.5",0.10067696214340816,0.5118483412322274,0.23164414008378673,1.22498347177761,211,True,5,0.058837957662787876,5
Autodesk,H1,MeanReversion,"window=50,z=3.0",0.06872162546198313,0.4915254237288136,0.2302752341413822,1.5130042941509563,58,True,4,0.028754393095327235,5
Autodesk,H1,TrendFollowing,"fast=50,slow=200",-0.24896046988924248,0.5120433560818948,-0.11459781166864628,0.9772068612488045,4999,True,4,0.0836923901258324,5
Autodesk,H4,MeanReversion,"window=100,z=2.0",0.5052132286944342,0.5052950075642966,0.27175572655514574,1.1652641700467692,662,True,5,0.23602603893864116,5
Autodesk,H4,MeanReversion,"window=50,z=2.25",0.6287885885717984,0.5223097112860893,0.49076747118076247,1.3958386632278248,381,True,4,0.1672349001014154,5
Autodesk,H4,MeanReversion,"window=100,z=2.25",0.6308371546346153,0.5260545905707196,0.390316164599677,1.348322464531612,404,True,5,0.2663399239057478,5
Autodesk,H4,MeanReversion,"window=50,z=2.5",0.2803660337393492,0.544973544973545,0.30468955281818233,1.3296455257841946,189,True,4,0.08528850891218587,5
Autodesk,H4,MeanReversion,"window=50,z=2.75",0.27688863345937,0.4956521739130435,0.39323432145807485,1.5982750106782433,115,True,4,0.1032451575098775,5
Autodesk,M15,MeanReversion,"window=20,z=1.5",0.4091891532049403,0.5199175824175825,0.462214365201336,1.254590551933169,1470,True,4,0.0811387446042876,5
Autodesk,M15,MeanReversion,"window=50,z=1.5",0.0870235072906429,0.504394861392833,0.13547942441446822,1.0567648028077046,1496,True,4,0.036440552153383154,5
Autodesk,M15,MeanReversion,"window=50,z=1.75",0.04061467664328655,0.5073746312684366,0.07176026728085733,1.036100739333565,1029,True,4,0.010031052109383265,5
Autodesk,M15,MeanReversion,"window=20,z=2.0",0.35423864321812437,0.5570469798657718,0.48032763133924616,1.4584937546123133,602,True,4,0.04558259676440035,5
Autodesk,M15,MeanReversion,"window=50,z=2.0",-0.006587110727898526,0.5068285280728376,-0.012419505998688372,0.992134237776315,667,True,4,0.012242521256969563,5
Autodesk,M15,MeanReversion,"window=50,z=2.25",0.04723250764430398,0.527363184079602,0.10177299363842376,1.0912289927477263,405,True,4,0.014272679145049705,5
Autodesk,M15,MeanReversion,"window=20,z=3.0",0.015407167683886391,0.5853658536585366,0.03686934360043613,1.0725296441118204,81,True,5,0.018116759332102217,5
Autozone,H1,TrendFollowing,"fast=5,slow=20",0.3622982969843177,0.5028089887640449,0.20876478635484688,1.0384960018170473,4999,True,4,0.2906782265895086,5
Autozone,H1,TrendFollowing,"fast=8,slow=21",0.5081692552230662,0.5028089887640449,0.2928435605682066,1.054417239451814,4999,True,4,0.41362300399981156,5
Autozone,H1,VolatilityExpansion,"ema=20,mult=2.5",-0.06329676638419734,0.5,-0.12950761334786123,0.9127475231474723,292,True,4,0.08017778965285849,5
Autozone,H1,VolatilityExpansion,"ema=20,mult=3.0",0.0996338363908833,0.5725190839694656,0.2687695731781851,1.3363467269855036,130,True,4,0.1082945780053245,5
Autozone,H1,VolatilityExpansion,"ema=50,mult=3.5",-0.0419112181215755,0.5054151624548736,-0.06959099942792965,0.9635311092220963,556,True,4,0.022681852085670307,5
Autozone,H4,MeanReversion,"window=50,z=1.75",0.922555040390595,0.5275229357798165,0.4388437539268169,1.2129156620881127,1092,True,4,0.1924585301520031,5
Autozone,H4,MeanReversion,"window=50,z=2.0",0.5044840751934229,0.529839883551674,0.29813144003298403,1.1817853495002404,688,True,4,0.12067071318428502,5
Autozone,H4,MeanReversion,"window=20,z=2.25",0.6356482103284731,0.5317220543806647,0.6070018376156444,1.568736486028239,332,True,4,0.12903865242921142,5
Autozone,H4,MeanReversion,"window=20,z=2.5",0.3805367611557571,0.5060240963855421,0.4806216400622692,1.6636010309657976,167,True,4,0.07947911760925408,5
Autozone,H4,MeanReversion,"window=50,z=2.5",0.40174366938333306,0.5560538116591929,0.42937088115538574,1.483958623545485,223,True,4,0.14156396046952802,5
Autozone,H4,MeanReversion,"window=50,z=2.75",0.1306988150242735,0.5575221238938053,0.18264865266241714,1.2701085866961943,113,True,4,0.059329573397505,5
Autozone,H4,MeanReversion,"window=50,z=3.0",0.09934413185396374,0.5692307692307692,0.18624835895184985,1.352732472447736,65,True,4,0.10502985970798306,5
Autozone,H4,TrendFollowing,"fast=5,slow=20",0.054978612519982484,0.49829761666332867,0.01366577587635839,1.0026575278785412,4999,True,4,0.5075192038397124,5
Autozone,H4,TrendFollowing,"fast=8,slow=21",0.3295155423517302,0.5001001401962748,0.08190719312060175,1.0160343439870667,4999,True,4,0.869328237782096,5
Autozone,H4,TrendFollowing,"fast=13,slow=34",0.1573744934313579,0.494892849989986,0.039117944073073986,1.0076259598450055,4999,True,4,0.483229111402551,5
Autozone,H4,TrendFollowing,"fast=21,slow=55",-0.2633493684312751,0.49208892449429203,-0.06546004984624579,0.9873675426656306,4999,True,4,0.5101137972443176,5
Autozone,H4,TrendFollowing,"fast=34,slow=89",0.22137185476292953,0.49909873823352696,0.055025673994058735,1.0107437650087576,4999,True,4,0.4981228997734476,5
Autozone,H4,VolatilityExpansion,"ema=20,mult=2.0",-0.2097770103465817,0.49533954727030627,-0.1378393952978255,0.9298783457418951,753,True,4,0.01782860040824552,5
Autozone,M15,MeanReversion,"window=20,z=2.25",0.0194000329274584,0.514018691588785,0.06785064224790169,1.0467341617900332,330,True,4,0.016181220774826754,5
AvisBudget,H1,MeanReversion,"window=20,z=1.5",0.7017728515004882,0.5228758169934641,0.3053358466002249,1.117740151856568,1381,True,5,0.6519779856744279,5
AvisBudget,H1,MeanReversion,"window=20,z=1.75",0.2687958107681905,0.5146198830409356,0.1452408764282354,1.0682979838653481,857,True,4,0.45758530859280466,5
AvisBudget,H1,MeanReversion,"window=50,z=1.75",-0.13069275778760137,0.5060975609756098,-0.07114969092716152,0.9717779991230655,985,True,4,0.18877945867762214,5
AvisBudget,H1,MeanReversion,"window=20,z=2.0",0.28522119475078955,0.536144578313253,0.1978822513896866,1.1202337247059337,498,True,5,0.2633387122093801,5
AvisBudget,H1,MeanReversion,"window=50,z=2.0",-0.26926668338323134,0.4976,-0.17693368552008445,0.9132542219563119,626,True,5,0.2624621800343352,5
AvisBudget,H1,MeanReversion,"window=20,z=2.25",-0.07443733823103593,0.5223367697594502,-0.06649779337822169,0.951660753357496,291,True,4,0.12029222924051886,5
AvisBudget,H1,MeanReversion,"window=50,z=2.25",-0.13711487646020726,0.5092838196286472,-0.10848157246777591,0.9324220680012559,377,True,4,0.0821996746583632,5
AvisBudget,H1,MeanReversion,"window=100,z=2.25",-0.13527208104196609,0.5036674816625917,-0.11554234495927074,0.9319841674729313,409,True,4,0.03492208447276879,5
AvisBudget,H1,MeanReversion,"window=20,z=2.5",-0.10685761702030161,0.4906832298136646,-0.11955769934454029,0.8898961090955749,161,True,5,0.08677962732970468,5
AvisBudget,H1,MeanReversion,"window=50,z=2.5",0.15746837328371766,0.5381165919282511,0.1547416791576527,1.1381646402981462,223,True,5,0.1446217640313121,5
AvisBudget,H1,TrendFollowing,"fast=13,slow=34",0.25807083178974866,0.5047198232576823,0.060942212109745715,1.0120787871941805,4999,True,4,0.24839923957470178,5
AvisBudget,H1,TrendFollowing,"fast=34,slow=89",0.8312576186381884,0.5041172926290419,0.1963111389760672,1.039435285893185,4999,True,4,0.6590862940468206,5
AvisBudget,H1,TrendFollowing,"fast=50,slow=200",-0.06715210481985479,0.5009037959429604,-0.0158575444849492,0.996880742812772,4999,True,4,0.5831148226374353,5
AvisBudget,H4,TrendFollowing,"fast=5,slow=20",1.383768706883123,0.5093429776974081,0.13726121993812174,1.0280736464920985,4999,True,4,2.482228258210359,5
AvisBudget,H4,TrendFollowing,"fast=13,slow=34",2.340873115391983,0.5073337351818364,0.2322161692196863,1.0479568077955723,4999,True,4,1.0410539036221704,5
AvisBudget,H4,TrendFollowing,"fast=21,slow=55",3.551179104109091,0.5107494474583082,0.35232839892179374,1.0736652780567688,4999,True,4,1.772634680520423,5
AvisBudget,H4,TrendFollowing,"fast=34,slow=89",1.8230586660884471,0.5097448262005224,0.18084101694459226,1.0371514319912276,4999,True,4,1.8980857640417477,5
AvisBudget,H4,TrendFollowing,"fast=50,slow=200",-1.133400432561638,0.49809121961020697,-0.11242486612533756,0.9775782936371535,4999,True,4,1.0815051967217513,5
AvisBudget,H4,VolatilityExpansion,"ema=20,mult=2.5",2.0953974770893726,0.5264054514480409,0.4764495334299852,1.3635690051939777,588,True,4,1.3756156810622342,5
AvisBudget,H4,VolatilityExpansion,"ema=20,mult=3.0",1.8646942197566323,0.5705128205128205,0.5109300112107925,1.6062386744574293,312,True,4,0.8990357550176108,5
AvisBudget,H4,VolatilityExpansion,"ema=50,mult=3.5",1.662016073061825,0.50935960591133,0.3168850577120285,1.164055066890016,1018,True,4,1.4098105673495693,5
AvisBudget,M15,MeanReversion,"window=20,z=1.5",0.6972261954336059,0.5481049562682215,0.46909716161046605,1.1959518771644255,1398,True,5,0.346705410858162,5
AvisBudget,M15,MeanReversion,"window=50,z=1.5",0.3461921766788336,0.5215877437325905,0.2543924821795965,1.0966224520262107,1462,True,5,0.34101601503396783,5
AvisBudget,M15,MeanReversion,"window=100,z=1.5",0.29223343844454,0.5133802816901408,0.21277137056764228,1.0826434256088293,1446,True,4,0.0797267652486996,5
AvisBudget,M15,MeanReversion,"window=20,z=1.75",0.6600521117583793,0.5701754385964912,0.49752146230673494,1.2686126362110064,932,True,5,0.2855310812362719,5
AvisBudget,M15,MeanReversion,"window=50,z=1.75",0.2926596717616371,0.5277207392197125,0.25069997463895916,1.1171992795788355,996,True,4,0.1499201002567354,5
AvisBudget,M15,MeanReversion,"window=20,z=2.0",0.3438273315659731,0.5704347826086956,0.352815320764658,1.2176850873780145,587,True,4,0.2427626265900763,5
AvisBudget,M15,MeanReversion,"window=50,z=2.0",0.31291258300151914,0.5513866231647635,0.3166249778947769,1.1903399901306795,627,True,5,0.18791844320733953,5
AvisBudget,M15,MeanReversion,"window=100,z=2.0",-0.07898622083400608,0.5092748735244519,-0.0801031167524756,0.9550058550160296,607,True,4,0.03902562317000258,5
AvisBudget,M15,MeanReversion,"window=20,z=2.25",0.2870839930420023,0.5845272206303725,0.3480193147295185,1.2861072095455715,355,True,5,0.19354129205785664,5
AvisBudget,M15,MeanReversion,"window=50,z=2.25",0.23434165831411657,0.5739795918367347,0.2644715542972886,1.2060688202983925,401,True,5,0.14942966733654883,5
AvisBudget,M15,MeanReversion,"window=20,z=2.5",0.20768487442117256,0.5804878048780487,0.28669208125927054,1.3238096638892067,206,True,5,0.17624718823421937,5
AvisBudget,M15,MeanReversion,"window=20,z=2.75",0.2262076039231573,0.6,0.4838045854585089,1.7583262691889319,116,True,5,0.11623045369657758,5
BRF,H1,MeanReversion,"window=50,z=1.5",0.8821710297386665,0.5269709543568465,0.37910219735580775,1.148289597799825,1460,True,4,0.1602681840212451,5
BRF,H1,MeanReversion,"window=100,z=1.75",0.8552132594461955,0.5229142185663925,0.42682124896759954,1.2117642860048126,1022,True,5,0.22888335414295646,5
BRF,H1,MeanReversion,"window=20,z=2.25",0.453292712568769,0.5529411764705883,0.39796841264792643,1.396917795057586,301,True,4,0.131661668623145,5
BRF,H1,TrendFollowing,"fast=5,slow=20",-1.3728538187812271,0.49005646943285047,-0.33069776475956353,0.9372962315600416,4999,True,4,0.8131942430450936,5
BRF,H1,TrendFollowing,"fast=8,slow=21",-1.4609844358679323,0.49177510434569116,-0.35193709335536866,0.9334049828015588,4999,True,4,0.5235951378261046,5
BRF,H1,TrendFollowing,"fast=34,slow=89",-2.210383869032534,0.4903019887061134,-0.532628989838696,0.9009375933744495,4999,True,4,0.43058656293107855,5
BRF,H4,MeanReversion,"window=20,z=1.5",-0.10545355036991444,0.5077376565954311,-0.02621261228486594,0.9912623283749249,1421,True,4,0.07874302613063733,5
BRF,H4,MeanReversion,"window=100,z=1.75",0.1461786575413354,0.49478079331941544,0.03908893302344368,1.0163213917286973,1019,True,4,0.36106366810025237,5
BRF,H4,MeanReversion,"window=50,z=2.0",0.8687941377144895,0.5284552845528455,0.3307652646321048,1.1794218965115868,652,True,4,0.15430408513604887,5
BRF,H4,MeanReversion,"window=100,z=2.0",0.1551285148176922,0.49475524475524474,0.05404309359358023,1.0290567503909327,612,True,4,0.3583093806302238,5
Baidu,H1,MeanReversion,"window=50,z=1.5",-0.35323358947608774,0.49267643142476697,-0.21268481004265735,0.921689804511599,1513,True,5,0.2488917522991274,5
Baidu,H1,MeanReversion,"window=100,z=2.25",-0.21626370077146528,0.5084745762711864,-0.21603749093664112,0.8605862654108858,416,True,4,0.016603768809563157,5
Baidu,H1,TrendFollowing,"fast=5,slow=20",0.366527999992752,0.5094911147011308,0.1131492072000799,1.0252687062239512,4999,True,4,0.6211818330355467,5
Baidu,H1,TrendFollowing,"fast=8,slow=21",0.4038905890147182,0.5092891760904685,0.12468392245730539,1.0278804174618061,4999,True,4,0.7677511338116074,5
Baidu,H1,TrendFollowing,"fast=10,slow=30",0.08652499368248989,0.5072697899838449,0.026710100087161768,1.0059080722729605,4999,True,4,0.3353857153389055,5
Baidu,H1,TrendFollowing,"fast=13,slow=34",0.0650585428843653,0.5074717285945073,0.02008343541754709,1.0044390535583192,4999,True,4,0.399241749016811,5
Baidu,H4,MeanReversion,"window=20,z=2.25",0.16372265326430235,0.5275590551181102,0.13026747063664035,1.1220835421271254,257,True,4,0.07630900468083401,5
Baidu,H4,VolatilityExpansion,"ema=50,mult=2.0",-0.04666321205590007,0.49750340444847935,-0.010082068515287427,0.9969172050266439,2208,True,4,0.1632407785031631,5
Baidu,H4,VolatilityExpansion,"ema=20,mult=3.0",0.13390138614921476,0.4837905236907731,0.0681111562203147,1.049967148909475,400,True,4,0.10401559267860461,5
Baidu,M15,VolatilityExpansion,"ema=20,mult=2.0",0.24048286174598443,0.4984567901234568,0.2660321685234224,1.1238699360295281,1327,True,4,0.13803759700415197,5
BakerHughes,H1,MeanReversion,"window=100,z=2.25",-0.20185177761116646,0.4878640776699029,-0.2695306747601436,0.8350235801883304,416,True,4,0.010017540239442013,5
BakerHughes,H1,MeanReversion,"window=100,z=2.5",-0.13171672649579402,0.48091603053435117,-0.19922335764741786,0.8422501772265208,263,True,4,0.05525506688790893,5
BakerHughes,H1,TrendFollowing,"fast=13,slow=34",-0.10479717848594694,0.49364232977850697,-0.04566327010579356,0.9912006068279616,4999,True,4,0.16574733026121113,5
BakerHughes,H1,TrendFollowing,"fast=21,slow=55",0.19356898876359918,0.5012305168170632,0.08434464894193215,1.0164593763446523,4999,True,4,0.28300898103134875,5
BakerHughes,H4,MeanReversion,"window=50,z=1.5",0.19483339949467526,0.5090556274256145,0.05965696089190557,1.0202286021627276,1566,True,4,0.12532260845730392,5
BakerHughes,H4,MeanReversion,"window=20,z=1.75",-0.031165630269236244,0.515185601799775,-0.011057367702541399,0.9944790356123749,902,True,4,0.19779377343549553,5
BakerHughes,H4,TrendFollowing,"fast=8,slow=21",2.193934000562476,0.5041540020263424,0.35691040114796146,1.0710129622415234,4999,True,4,1.030198656845437,5
BakerHughes,H4,TrendFollowing,"fast=34,slow=89",-0.09481513150073495,0.4938196555217832,-0.015420687670658757,0.9970406535492621,4999,True,4,0.9719338472770208,5
BakerHughes,H4,TrendFollowing,"fast=50,slow=200",-1.182571591923927,0.4968591691995947,-0.1923469086968559,0.9637059731131018,4999,True,5,1.863904556639381,5
BakerHughes,M15,MeanReversion,"window=20,z=2.0",0.12932364483210346,0.5412186379928315,0.24718577063212996,1.146606030827294,576,True,4,0.029043071452810598,5
BakerHughes,M15,MeanReversion,"window=20,z=2.25",0.045300490295080764,0.5208333333333334,0.09845893608552636,1.0738033072699595,344,True,4,0.027040177978389313,5
BakerHughes,M15,MeanReversion,"window=20,z=2.5",-0.004573093543481899,0.5074626865671642,-0.011373840124117903,0.9893052378947323,205,True,4,0.0268239076600979,5
Baxter,H1,MeanReversion,"window=50,z=2.25",-0.020478893377993357,0.5211640211640212,-0.01911124336006358,0.9836573237888055,384,True,4,0.1550353698465764,5
Baxter,H1,MeanReversion,"window=20,z=2.5",0.27592444938260074,0.5714285714285714,0.4588872294881582,1.6324079194535608,169,True,4,0.1058356789167908,5
Baxter,H1,TrendFollowing,"fast=8,slow=21",0.5154938773761856,0.5048304213771839,0.19829540251122466,1.044289984668274,4999,True,4,0.07916497200556094,5
Baxter,H4,MeanReversion,"window=50,z=1.75",0.33620473971165943,0.4981308411214953,0.1833817729728423,1.081174071457669,1075,True,4,0.09589590507612578,5
Baxter,H4,MeanReversion,"window=100,z=1.75",0.4264421653096263,0.4853195164075993,0.23230761864629587,1.1017242879930707,1170,True,4,0.29094251478006605,5
Baxter,H4,MeanReversion,"window=100,z=2.0",0.2486355874314663,0.4972375690607735,0.15916114181352387,1.0901081237137187,727,True,4,0.1566513582131075,5
Baxter,H4,MeanReversion,"window=50,z=2.25",0.03661580719394131,0.4750593824228028,0.027567965429446672,1.018935623926894,423,True,4,0.0660031018894005,5
Baxter,H4,VolatilityExpansion,"ema=20,mult=3.5",0.1380618682919299,0.47474747474747475,0.21979020009940425,1.3303563345926697,101,True,4,0.10963361189310239,5
Baxter,M15,MeanReversion,"window=20,z=1.5",-0.0449121204931352,0.5180995475113123,-0.03964670212664541,0.9814013629611286,1390,True,4,0.08298788185774708,5
Baxter,M15,MeanReversion,"window=100,z=1.5",-0.2084590294711176,0.501105379513633,-0.1624616574765648,0.9150701869101061,1425,True,4,0.038477323485673454,5
Baxter,M15,MeanReversion,"window=20,z=1.75",0.18130227765934448,0.5209988649262202,0.2605950220316535,1.1231180901342437,921,True,4,0.06724442965473276,5
Baxter,M15,MeanReversion,"window=20,z=2.0",0.21835978790177746,0.5307971014492754,0.35167811119376663,1.2196142419787146,579,True,4,0.0894824666808075,5
Baxter,M15,MeanReversion,"window=20,z=2.5",0.1676046125489522,0.5854922279792746,0.4595062781024678,1.4846088868968763,201,True,4,0.014447074638499369,5
Baxter,M15,MeanReversion,"window=100,z=2.5",-0.1348582300367145,0.496,-0.1756098776009661,0.7837107792512075,256,True,4,0.023174676273536643,5
Baxter,M15,TrendFollowing,"fast=8,slow=21",0.30055519849282475,0.505541346973572,0.17155671832942168,1.0425636002782652,4999,True,4,0.28953261922678675,5
Biogen,H1,MeanReversion,"window=20,z=1.75",0.2882960369595716,0.5175345377258236,0.30198907759766497,1.1335976608973126,947,True,5,0.15048474356976516,5
Biogen,H1,MeanReversion,"window=50,z=2.5",0.17565751428802578,0.5064935064935064,0.3431627688350851,1.323298008660658,232,True,4,0.08587632245049681,5
Biogen,H1,MeanReversion,"window=50,z=2.75",0.08190401470753361,0.5476190476190477,0.18826490771074902,1.225039321812876,127,True,5,0.06607269013589578,5
Biogen,H1,MeanReversion,"window=50,z=3.0",0.1082573759824591,0.5454545454545454,0.2862385963823668,1.495705051078889,76,True,4,0.06947801257529995,5
Biogen,H1,TrendFollowing,"fast=50,slow=200",0.47299207634045626,0.5075437537718769,0.22210279165376956,1.042378756537105,4999,True,4,0.25160169417019207,5
Biogen,H4,MeanReversion,"window=50,z=1.75",0.9748723411602802,0.5205047318611987,0.47132164108530766,1.2209236161518386,952,True,4,0.11904374380298888,5
Biogen,H4,MeanReversion,"window=20,z=2.0",1.0280110234647846,0.5506692160611855,0.7047896834339674,1.4953211941301587,523,True,4,0.2501946720167252,5
Biogen,H4,MeanReversion,"window=20,z=2.25",0.5730640373056557,0.5534351145038168,0.49626799193307536,1.5063105968213573,262,True,5,0.29307159578868036,5
Biogen,H4,MeanReversion,"window=50,z=2.25",0.37643510298617733,0.5361111111111111,0.2706786233082514,1.1979930305320288,360,True,4,0.1785143518695852,5
Biogen,H4,MeanReversion,"window=20,z=2.5",0.3989940123076855,0.5971223021582733,0.4665809820251257,1.6350973975184775,139,True,4,0.17996481801296405,5
Biogen,H4,MeanReversion,"window=50,z=2.5",0.24362363367938078,0.5201793721973094,0.2045970132443434,1.189597321073458,223,True,4,0.19323066839785163,5
Biogen,H4,MeanReversion,"window=50,z=2.75",0.28654293272526976,0.5634920634920635,0.2918845315975985,1.3899222455532767,126,True,4,0.1802149777598444,5
Biogen,M15,MeanReversion,"window=50,z=2.0",0.20238431421940906,0.5241935483870968,0.3519315843389624,1.1993422427732559,626,True,5,0.1303038264170424,5
Biogen,M15,MeanReversion,"window=20,z=2.25",0.06372663117585853,0.4972972972972973,0.12050330439650951,1.0829220191642024,375,True,4,0.02341696450398756,5
Biogen,M15,MeanReversion,"window=50,z=2.25",0.15614773063054366,0.5310880829015544,0.3063013521376739,1.2243813897736344,389,True,4,0.1327964412484166,5
Biogen,M15,MeanReversion,"window=50,z=2.5",0.1380585503932793,0.53125,0.31763542289920244,1.292983417518762,256,True,4,0.1009421193620258,5
Biogen,M15,MeanReversion,"window=100,z=2.5",0.14875589526036948,0.5650224215246636,0.3712352829262665,1.394059151673259,224,True,4,0.08025572352275812,5
Biogen,M15,MeanReversion,"window=50,z=2.75",0.0446081511161599,0.5111111111111111,0.1139664276966489,1.1182018097147872,180,True,4,0.07445152577479708,5
Biogen,M15,MeanReversion,"window=100,z=2.75",0.058089234956622215,0.5277777777777778,0.15804450169434017,1.1898258449724077,144,True,4,0.07562858702676944,5
Biomarin,H1,MeanReversion,"window=20,z=1.5",0.3533483399666675,0.5171448565430371,0.2638832152477194,1.1013382038681119,1441,True,4,0.12268226624648104,5
Biomarin,H1,MeanReversion,"window=20,z=1.75",0.4577858541102978,0.5368421052631579,0.41543780130273067,1.2040341020303078,958,True,5,0.12071376912178944,5
Biomarin,H1,MeanReversion,"window=20,z=2.0",0.3498875802383261,0.5507745266781411,0.4506066378641982,1.2642282507955473,585,True,4,0.0937119279157248,5
Biomarin,H1,MeanReversion,"window=100,z=2.0",0.25185036522445614,0.5255591054313099,0.22640920622102848,1.142567399848874,628,True,4,0.06120674999560605,5
Biomarin,H4,MeanReversion,"window=20,z=1.5",1.9772306297857756,0.5523168908819133,0.6493841270735463,1.3048349908326398,1347,True,4,0.6216200192080776,5
Biomarin,H4,MeanReversion,"window=50,z=1.5",1.5621110548248986,0.5531609195402298,0.5154309264437408,1.2316095326525993,1398,True,5,0.7422215580664602,5
Biomarin,H4,MeanReversion,"window=100,z=1.5",2.177651360551616,0.5444444444444444,0.8273392827134087,1.353607556421999,1353,True,5,0.6838247737425577,5
Biomarin,H4,MeanReversion,"window=20,z=1.75",1.136132693894064,0.5514018691588785,0.4337276126365429,1.2630760043064522,865,True,4,0.5744359128039188,5
Biomarin,H4,MeanReversion,"window=50,z=1.75",1.2967514514265348,0.5748571428571428,0.49120627126330096,1.2952742401186375,880,True,5,0.8795318085794885,5
Biomarin,H4,MeanReversion,"window=100,z=1.75",1.5992098091885465,0.5423542354235423,0.7175966564799594,1.3717145554120522,909,True,5,0.8205752912586751,5
Biomarin,H4,MeanReversion,"window=20,z=2.0",0.5911848549761456,0.5477582846003899,0.2660362744684951,1.21885272747018,518,True,5,0.45830245350547727,5
Biomarin,H4,MeanReversion,"window=50,z=2.0",1.0264518318550477,0.5477031802120141,0.5617481633477485,1.370135104575674,568,True,4,0.5064420252419657,5
Biomarin,H4,MeanReversion,"window=100,z=2.0",1.4274303881457668,0.5511945392491467,0.7696696954891098,1.5296157605572176,586,True,5,0.6683611116913166,5
Biomarin,H4,MeanReversion,"window=20,z=2.25",0.024196147528950385,0.5371024734982333,0.012701615236612597,1.0140426594144236,285,True,5,0.30300209996019367,5
Biomarin,H4,MeanReversion,"window=50,z=2.25",0.6441284603840514,0.5497076023391813,0.4346797558219065,1.355645060872266,342,True,4,0.30184457839444434,5
Biomarin,H4,MeanReversion,"window=100,z=2.25",1.2374173686671237,0.5925925925925926,0.8494657555639139,1.8541520798324571,350,True,4,0.5364659716013296,5
Biomarin,H4,MeanReversion,"window=20,z=2.5",0.35505982997316665,0.5555555555555556,0.418526334778548,1.5198662794924767,164,True,5,0.23263822764001885,5
Biomarin,H4,MeanReversion,"window=100,z=2.5",0.7408159418973005,0.5786802030456852,0.5957045346571501,1.810681773593556,196,True,4,0.40454151743711464,5
Biomarin,M15,MeanReversion,"window=20,z=1.5",0.49936635574646016,0.5126050420168067,0.5714201906759616,1.2228970741626664,1464,True,5,0.20205418746733872,5
Biomarin,M15,MeanReversion,"window=50,z=1.5",0.352084743107266,0.49709724238026126,0.4349901612409301,1.1721202067747096,1407,True,4,0.13793932309799561,5
Biomarin,M15,MeanReversion,"window=20,z=1.75",0.33437517228999325,0.5054401582591493,0.42717251914141763,1.1952825140360088,1038,True,4,0.1266729781666842,5
Biomarin,M15,MeanReversion,"window=50,z=1.75",0.2531650251249645,0.49508196721311476,0.3577995101649543,1.1770744198544854,933,True,5,0.12882654947102212,5
Biomarin,M15,MeanReversion,"window=20,z=2.0",0.27278359323415524,0.5068285280728376,0.42370594848473536,1.244901872525099,676,True,4,0.129456915339902,5
Biomarin,M15,MeanReversion,"window=50,z=2.0",0.14962403798304946,0.49914236706689535,0.25598166749649104,1.149718593675228,594,True,5,0.10031759613313418,5
Biomarin,M15,MeanReversion,"window=100,z=2.0",0.1892602769990891,0.5204402515723271,0.31328786995387703,1.1847973226759678,654,True,4,0.0904042091714099,5
Biomarin,M15,MeanReversion,"window=20,z=2.25",0.20367336433470717,0.5264483627204031,0.4029469085039265,1.2997586260208938,406,True,4,0.10870862181328378,5
Biomarin,M15,MeanReversion,"window=50,z=2.25",0.15851623382591773,0.49859154929577465,0.3119336667342294,1.2469446354888039,361,True,5,0.09282847642581205,5
Biomarin,M15,MeanReversion,"window=100,z=2.25",0.0946447785612552,0.5076530612244898,0.18342719490849715,1.1361085574205392,404,True,4,0.02736985895428956,5
Biomarin,M15,MeanReversion,"window=20,z=2.5",0.1729387609431019,0.548936170212766,0.4532703240668311,1.4192027221009516,237,True,5,0.1413956946979673,5
Biomarin,M15,MeanReversion,"window=50,z=2.5",0.04290373090223398,0.45021645021645024,0.09514072693375784,1.0873825175314942,235,True,4,0.029902586227932737,5
Biomarin,M15,MeanReversion,"window=20,z=2.75",0.17711633722015585,0.5496688741721855,0.5341639843211149,1.6767447942953095,153,True,5,0.09352838205095326,5
Biomarin,M15,MeanReversion,"window=50,z=2.75",0.07904014371893364,0.46938775510204084,0.18879023925290278,1.2377955665638731,149,True,4,0.035925361607243356,5
Biomarin,M15,MeanReversion,"window=20,z=3.0",0.1316982538585898,0.5285714285714286,0.5644171344177045,2.255973438393763,71,True,4,0.0647330618130516,5
Black&Decker,H1,MeanReversion,"window=100,z=1.75",0.3985906182629615,0.5172043010752688,0.32623560379814753,1.1567534328920908,937,True,4,0.21830092279854696,5
Black&Decker,H1,MeanReversion,"window=20,z=2.0",0.015259133220964616,0.49233390119250425,0.015680451464581982,1.0090752646801096,589,True,4,0.12016229677903445,5
Black&Decker,H1,MeanReversion,"window=100,z=2.0",0.22331400009074398,0.4944852941176471,0.21230336377503362,1.1344753126466642,549,True,5,0.15662527209726806,5
Black&Decker,H1,MeanReversion,"window=20,z=2.25",0.04141466037366015,0.5131964809384164,0.05588603097881839,1.0394722875708395,342,True,4,0.13916281758086835,5
Black&Decker,H1,TrendFollowing,"fast=5,slow=20",0.26679920178654404,0.501516070345664,0.09375518559653961,1.0199734623054508,4999,True,4,0.47041268779931633,5
Black&Decker,H1,TrendFollowing,"fast=8,slow=21",0.6216475122335287,0.5045482110369921,0.21846834963727466,1.0471650415308638,4999,True,4,0.5425994030508671,5
Black&Decker,H1,TrendFollowing,"fast=10,slow=30",0.535753946968971,0.5035374974732161,0.1882778044567059,1.0405161890080263,4999,True,4,0.49319685847696004,5
Black&Decker,H1,TrendFollowing,"fast=50,slow=200",-0.14766211583746414,0.49868607236709117,-0.051888916697337,0.9891144089430212,4999,True,5,0.4448050386699475,5
Black&Decker,H4,MeanReversion,"window=50,z=2.5",0.20122173897421725,0.5,0.21363484404607327,1.209471838733078,202,True,4,0.13173958347289738,5
Black&Decker,M15,MeanReversion,"window=20,z=1.5",0.23287714881668253,0.49187279151943464,0.2286303640938536,1.0926669158733706,1444,True,4,0.07000036622692674,5
Black&Decker,M15,TrendFollowing,"fast=34,slow=89",0.25692324622183815,0.5106252554147936,0.14319622503202942,1.033156046883556,4999,True,4,0.10121865551362086,5
Black&Decker,M15,TrendFollowing,"fast=50,slow=200",-0.09891662776443877,0.5057212913771966,-0.05512929236878379,0.9875212891020291,4999,True,4,0.1736911034962375,5
Black&Decker,M15,VolatilityExpansion,"ema=50,mult=3.0",-0.02327562943421657,0.5053674649050371,-0.021261751637079433,0.9894127277452406,1238,True,4,0.04414400512502148,5
Blackberry,H1,MeanReversion,"window=50,z=1.75",0.28021610200530067,0.5213004484304933,0.1358342253022174,1.06071748042782,1040,True,4,0.16409608018880262,5
Blackberry,H1,MeanReversion,"window=100,z=2.0",-0.8116057943921718,0.5118110236220472,-0.4307576721800569,0.7953622812057127,726,True,4,0.06492362768960669,5
Blackberry,H1,VolatilityExpansion,"ema=20,mult=3.0",-0.16658738201345713,0.44584382871536526,-0.1279097753014698,0.9258618621491319,451,True,4,0.19724143380184023,5
Blackberry,M15,MeanReversion,"window=20,z=1.5",0.8964454517968337,0.5254942767950052,0.607723153597492,1.3672458636442084,1319,True,4,0.12590910847847325,5
Blackberry,M15,MeanReversion,"window=100,z=1.5",0.6492053860191551,0.5176848874598071,0.62943623173676,1.2903154728995887,1303,True,4,0.09522108631228521,5
Blackberry,M15,MeanReversion,"window=50,z=1.75",0.45504877640612695,0.5368421052631579,0.5236142842621728,1.2708890363824368,921,True,4,0.08051958390352676,5
Blackberry,M15,MeanReversion,"window=20,z=2.0",0.4607630144382109,0.5459057071960298,0.5435385731520803,1.4138181413544342,533,True,4,0.1485715882626346,5
Blackberry,M15,MeanReversion,"window=100,z=2.25",0.35555783537321584,0.5321428571428571,0.5140561092921898,1.4685769504999333,364,True,4,0.1508883734466735,5
Blackberry,M15,MeanReversion,"window=100,z=2.5",0.34308079906151245,0.553072625698324,0.6420794406657262,1.7847720727640475,235,True,4,0.13141981114183732,5
Blackrock,H1,TrendFollowing,"fast=5,slow=20",0.42729288182856906,0.511525355782722,0.24061082941274065,1.0485247448201813,4999,True,4,0.2656198736594829,5
Blackrock,H4,MeanReversion,"window=100,z=2.5",0.040110251226628924,0.4868421052631579,0.03726481761885163,1.0419404300225112,229,True,4,0.21272447752240908,5
Blackrock,H4,TrendFollowing,"fast=5,slow=20",1.857064421952768,0.5176282051282052,0.48913709459383325,1.099170377599512,4999,True,5,1.133836049539246,5
Blackrock,H4,TrendFollowing,"fast=8,slow=21",1.9847035569508664,0.5184294871794872,0.5227915986096753,1.106348968069295,4999,True,4,1.2817821405556105,5
Blackrock,H4,TrendFollowing,"fast=10,slow=30",1.441120300348755,0.5140224358974359,0.37950880288230676,1.0761129439010242,4999,True,5,1.111515154591319,5
Blackrock,H4,TrendFollowing,"fast=13,slow=34",1.29994276397449,0.5142227564102564,0.3423124703071613,1.0684016233391078,4999,True,5,1.0405989730962384,5
Blackrock,H4,TrendFollowing,"fast=21,slow=55",0.7801252745596697,0.5140224358974359,0.20539895413179327,1.040495550616696,4999,True,5,0.7480574369435077,5
Blackrock,H4,TrendFollowing,"fast=34,slow=89",0.5312851436451141,0.5174278846153846,0.13987562987710897,1.0274015259559137,4999,True,4,0.6747852098000585,5
Blackrock,H4,VolatilityExpansion,"ema=50,mult=1.5",0.28933767104245744,0.5091663784157731,0.09772090912753495,1.0256262203065432,2896,True,4,0.6294887600509388,5
Blackrock,H4,VolatilityExpansion,"ema=50,mult=2.0",0.30685961812733387,0.5176678445229682,0.11305772770160741,1.0340796299336827,2267,True,5,0.6042178846010642,5
Blackrock,H4,VolatilityExpansion,"ema=20,mult=2.5",0.26699179386093086,0.5170454545454546,0.2244144098129599,1.1359066993209623,528,True,4,0.20320126532045635,5
Blackrock,H4,VolatilityExpansion,"ema=50,mult=2.5",0.4362192930000247,0.5273690406121248,0.18583975404545075,1.0663144122213981,1701,True,4,0.5194607401893458,5
Blackrock,H4,VolatilityExpansion,"ema=50,mult=3.0",0.11857434113193743,0.5262738853503185,0.061869392710742266,1.024353227590123,1258,True,4,0.09111016788032211,5
Blackrock,M15,MeanReversion,"window=20,z=1.5",0.3149275040179699,0.5330549756437022,0.4242222663568163,1.2027889114662942,1482,True,4,0.1605123625622611,5
Blackrock,M15,MeanReversion,"window=20,z=1.75",0.24280399026921407,0.5332629355860612,0.3780286152324479,1.2236284643302013,975,True,4,0.08746413603047187,5
Blackrock,M15,MeanReversion,"window=20,z=2.0",0.09257636800424529,0.538860103626943,0.1604661464023588,1.1176810610331136,590,True,4,0.07186932421917724,5
Blackrock,M15,MeanReversion,"window=100,z=2.0",0.14768516713556157,0.5196232339089482,0.35986246246441983,1.2281242765033364,652,True,4,0.03180991062667504,5
Blackrock,M15,MeanReversion,"window=20,z=2.25",0.11075979325759011,0.5434782608695652,0.23135154125925528,1.2194060690325768,375,True,5,0.0893828825276044,5
Blackrock,M15,MeanReversion,"window=100,z=2.25",0.07433804656808773,0.5178997613365155,0.20697247695446247,1.1559144455214405,429,True,4,0.019878931893754448,5
Blackrock,M15,MeanReversion,"window=100,z=2.5",0.04367258262371254,0.5056179775280899,0.14473662747416463,1.133461768797919,271,True,4,0.013102801783034468,5
Blackrock,M15,MeanReversion,"window=20,z=2.75",0.11249868897657511,0.5562913907284768,0.2964575336224314,1.4815375464854286,153,True,4,0.05358413274346219,5
Blackrock,M15,MeanReversion,"window=100,z=2.75",0.012661461573208688,0.4860335195530726,0.04826686541629706,1.0522985530969844,181,True,4,0.01691071748489481,5
Blackrock,M15,MeanReversion,"window=100,z=3.0",0.021196956924267263,0.5612244897959183,0.11220865632067367,1.1522856442795553,97,True,4,0.011422263788896214,5
Blackrock,M15,TrendFollowing,"fast=13,slow=34",0.019518523057669657,0.5006190672719769,0.016906609536248427,1.0037999895162284,4999,True,4,0.04452725210765529,5
Blackstone,H1,VolatilityExpansion,"ema=20,mult=2.5",0.35265915251453883,0.5192307692307693,0.3996839241165796,1.2335198380828576,624,True,4,0.06569187279130606,5
Blackstone,H4,MeanReversion,"window=50,z=2.0",0.4610560505782325,0.5340557275541795,0.22608032016172827,1.1324525694670775,649,True,4,0.5359841538287989,5
Blackstone,H4,MeanReversion,"window=100,z=2.0",0.2984782052591932,0.5250379362670713,0.11962227379752927,1.0724430250224424,662,True,4,0.27969603034592894,5
Blackstone,H4,MeanReversion,"window=100,z=2.25",0.23591195483946503,0.5440414507772021,0.11543926579981606,1.0940965100760482,389,True,4,0.42891581253779065,5
Blackstone,H4,MeanReversion,"window=100,z=2.5",0.29313708511687264,0.5158371040723982,0.20026044785222705,1.2359133019648982,221,True,4,0.4132374066665553,5
Blackstone,H4,TrendFollowing,"fast=5,slow=20",0.6494148549797679,0.4972820616066036,0.11827158650669804,1.0230412381728664,4999,True,4,1.7448241382910756,5
Blackstone,H4,TrendFollowing,"fast=8,slow=21",1.1081912304110975,0.4970807328367224,0.2018347609657909,1.0396412513084445,4999,True,4,1.518328691634395,5
Blackstone,H4,TrendFollowing,"fast=10,slow=30",1.5471997682794516,0.5003019931548218,0.28181297033445113,1.0557830863686593,4999,True,4,1.226195574561811,5
Blackstone,H4,TrendFollowing,"fast=13,slow=34",1.240271155584301,0.49808737668612846,0.22589507753577984,1.0444709541348796,4999,True,4,0.7795051876732614,5
Blackstone,H4,VolatilityExpansion,"ema=20,mult=1.5",0.19022486877368794,0.5,0.05948094426739953,1.020102769788011,1711,True,4,0.5172571517206943,5
Blackstone,H4,VolatilityExpansion,"ema=50,mult=1.5",0.48982684142512134,0.4972451790633609,0.11552398426422243,1.0301798814307266,2919,True,4,0.696123889621224,5
Blackstone,H4,VolatilityExpansion,"ema=20,mult=2.0",0.08124517008769128,0.48282828282828283,0.03603781220548792,1.0148907618673753,995,True,4,0.28100182118646777,5
Blackstone,H4,VolatilityExpansion,"ema=50,mult=2.0",-0.1811557585458693,0.49628334062090074,-0.049443708966446974,0.9857906246679019,2300,True,4,0.13337642547153883,5
Blackstone,M15,MeanReversion,"window=20,z=2.0",-0.20203862842523423,0.4935897435897436,-0.3455478465314371,0.82767076395697,633,True,4,0.024551721414538208,5
Blackstone,M15,MeanReversion,"window=50,z=2.0",0.12920858103244381,0.5101088646967341,0.24503765446664177,1.1356227620069257,647,True,4,0.05153307636601101,5
Blackstone,M15,MeanReversion,"window=50,z=2.5",-0.0021095784670978057,0.49295774647887325,-0.005484839019607783,0.9957536532872423,286,True,4,0.05331919369283877,5
Blackstone,M15,TrendFollowing,"fast=21,slow=55",-0.15669502477049524,0.506185357939566,-0.10126697271014125,0.9766434005611292,4999,True,4,0.18303432517227713,5
Blackstone,M15,TrendFollowing,"fast=34,slow=89",-0.1679815476204667,0.5090245386331373,-0.10856142045284853,0.9749821018082439,4999,True,4,0.1918181558021833,5
Blackstone,M15,TrendFollowing,"fast=50,slow=200",0.05990139084949386,0.512674913810586,0.03871167647769108,1.0090752624042063,4999,True,4,0.2216367694227276,5
Blackstone,M15,VolatilityExpansion,"ema=50,mult=3.0",-0.05969211898182136,0.5,-0.08308243197247873,0.9690070145195001,1347,True,4,0.03962428963043796,5
Boeing,H1,TrendFollowing,"fast=5,slow=20",0.38213854057736674,0.5047312260922086,0.15067458624069424,1.0306564643984761,4999,True,4,0.35021341061021116,5
Boeing,H1,TrendFollowing,"fast=8,slow=21",0.811244387376882,0.5111737467284075,0.31991860583428566,1.0662206076410816,4999,True,4,0.39178781204279434,5
Boeing,H1,TrendFollowing,"fast=10,slow=30",1.0624227751373942,0.5152003221260318,0.4190330273436007,1.0876221774990742,4999,True,4,0.24301849262880093,5
Boeing,H1,TrendFollowing,"fast=13,slow=34",1.1180188090972545,0.5170122810549628,0.4409773120899636,1.0924192822166687,4999,True,4,0.24951003651064985,5
Boeing,H1,TrendFollowing,"fast=50,slow=200",-0.1591535512592801,0.49909402053553453,-0.06275080886696575,0.9875034825591383,4999,True,4,0.26650711398615223,5
Boeing,H1,VolatilityExpansion,"ema=20,mult=1.5",0.2611134955823172,0.49201981287837093,0.17771011752977137,1.0569832548041074,1826,True,4,0.15027008965014643,5
Boeing,H1,VolatilityExpansion,"ema=50,mult=1.5",0.5321194441144104,0.5035143769968051,0.26426848716773754,1.0687805540564264,3151,True,4,0.3034882197628693,5
Boeing,H1,VolatilityExpansion,"ema=50,mult=2.0",0.0009970343690626216,0.5013634592910011,0.0005568589722492207,1.0001520045236338,2584,True,4,0.30287735364578083,5
Boeing,H1,VolatilityExpansion,"ema=50,mult=2.5",0.2162459483749587,0.5007342143906021,0.14171680830596772,1.042988357325311,2058,True,4,0.3262097842600169,5
Boeing,H1,VolatilityExpansion,"ema=50,mult=3.0",0.4155063393193461,0.5081863979848866,0.30350950342243616,1.108788473499098,1600,True,5,0.30375093899340155,5
Boeing,H1,VolatilityExpansion,"ema=50,mult=3.5",0.38328996895337475,0.5165562913907285,0.31886787782778664,1.1329326297116262,1219,True,4,0.13153509073531466,5
Boeing,H4,TrendFollowing,"fast=5,slow=20",2.888126891185939,0.5055165496489469,0.5158406253498118,1.1137774373193545,4999,True,4,2.0503534011237994,5
Boeing,H4,TrendFollowing,"fast=8,slow=21",2.0853097129579288,0.5013039117352056,0.3723574852474997,1.0808716839062478,4999,True,4,1.7211612635113365,5
Boeing,H4,TrendFollowing,"fast=10,slow=30",0.4769340632974194,0.49528585757271815,0.08514019611998037,1.0179368648287102,4999,True,4,1.3804461701553845,5
Boeing,H4,TrendFollowing,"fast=21,slow=55",0.43363660488224876,0.49307923771313944,0.07741072901135132,1.0162952369222755,4999,True,4,0.7478883402111353,5
Boeing,H4,VolatilityExpansion,"ema=20,mult=1.5",2.028838671661608,0.5005324813631523,0.54026779374342,1.213338160356497,1882,True,4,1.387237536278961,5
Boeing,H4,VolatilityExpansion,"ema=20,mult=2.0",1.761770339345011,0.5017241379310344,0.5450145474620943,1.2839677130682774,1163,True,4,1.2200390440119517,5
Boeing,H4,VolatilityExpansion,"ema=20,mult=2.5",0.9451312302728863,0.5080058224163028,0.37265900739687413,1.2444103685085754,688,True,4,0.7928595340451515,5
Boeing,H4,VolatilityExpansion,"ema=50,mult=2.5",1.4154667047893015,0.49198137609932746,0.3631617372299968,1.1395810563843498,1936,True,4,1.3487336202327738,5
Boeing,H4,VolatilityExpansion,"ema=50,mult=3.0",1.3452775293998807,0.4931506849315068,0.3874280567918775,1.1778669053350428,1462,True,4,1.075108299858768,5
Boeing,H4,VolatilityExpansion,"ema=50,mult=3.5",1.224101125040125,0.4963235294117647,0.38536847431975874,1.2138659879249007,1089,True,4,1.0963551094579067,5
Boeing,M15,MeanReversion,"window=50,z=1.5",0.2878510130469373,0.5192857142857142,0.39635343321976135,1.1687442659861786,1415,True,4,0.09742623493603342,5
Boeing,M15,MeanReversion,"window=20,z=1.75",0.13959864586723003,0.5443645083932853,0.20119296047798477,1.1120340178756918,834,True,4,0.035806733370536636,5
Boeing,M15,MeanReversion,"window=20,z=2.0",0.07805927326051465,0.5254545454545455,0.12595590405674903,1.0858683214721532,549,True,4,0.02249848593985071,5
Boeing,M15,MeanReversion,"window=20,z=2.75",0.028496912152054854,0.5416666666666666,0.09309955628728815,1.1118367136983578,119,True,4,0.019654635267959963,5
Boeing,M15,TrendFollowing,"fast=50,slow=200",0.44350562302370045,0.5116091257823542,0.31586786608714196,1.0745800999609671,4999,True,4,0.27926048251055047,5
BofAmerica,H1,MeanReversion,"window=20,z=1.5",-0.15108881186303325,0.5137956748695004,-0.14551998304643357,0.9453699032184762,1382,True,4,0.0751035687242737,5
BofAmerica,H1,MeanReversion,"window=20,z=1.75",-0.03760895822245003,0.5184304399524375,-0.04221912759602891,0.9790135204755468,863,True,4,0.11591097962828667,5
BofAmerica,H4,MeanReversion,"window=50,z=2.5",-0.0934975146313135,0.5355450236966824,-0.10690044469786623,0.9082514050941731,213,True,4,0.12382791462642895,5
BofAmerica,H4,TrendFollowing,"fast=5,slow=20",1.3810252104700327,0.5015284287752191,0.3224570603957103,1.0653093219125078,4999,True,4,1.0631233250191783,5
BofAmerica,H4,TrendFollowing,"fast=10,slow=30",1.0476022355818992,0.5023435907886693,0.24458434462508657,1.0491540709995872,4999,True,4,0.8097855586600913,5
BofAmerica,H4,TrendFollowing,"fast=34,slow=89",-0.3550936359482756,0.49480334216425514,-0.08289522177886464,0.983869624426243,4999,True,4,0.6593592061902662,5
BofAmerica,H4,TrendFollowing,"fast=50,slow=200",0.06604577173805748,0.4950071326676177,0.015417924359818177,1.003029149803957,4999,True,5,0.6046282617458667,5
BofAmerica,H4,VolatilityExpansion,"ema=50,mult=2.0",0.5419941397789213,0.4883440514469453,0.17418728024448885,1.0497745204476725,2539,True,4,0.5748923792511688,5
BofAmerica,M15,MeanReversion,"window=100,z=2.0",0.13759210648133213,0.543247344461305,0.4303399613689498,1.2634403207603044,688,True,4,0.028073998143643975,5
BofAmerica,M15,TrendFollowing,"fast=21,slow=55",-0.14462287026789833,0.49915397631133673,-0.12898752320124993,0.9691969113228746,4999,True,4,0.027904332171996504,5
BofAmerica,M15,VolatilityExpansion,"ema=20,mult=2.0",-0.0961235702947223,0.4748768472906404,-0.18225224882811297,0.9164443998455923,1057,True,4,0.019659349647085822,5
BofNewYork,H1,MeanReversion,"window=50,z=1.5",0.18582185136888696,0.5141168745896257,0.1949453909561592,1.0702874870043355,1550,True,4,0.07329275595451645,5
BofNewYork,H1,MeanReversion,"window=20,z=1.75",0.24349788244669035,0.5400238948626045,0.33511968946156273,1.1667407706209256,851,True,4,0.11893595993447315,5
BofNewYork,H1,MeanReversion,"window=20,z=2.0",0.09727876134466507,0.5494736842105263,0.176141826040813,1.1096620120355931,480,True,4,0.026183238850821744,5
BofNewYork,H1,MeanReversion,"window=50,z=2.0",0.13012327414437685,0.5293233082706766,0.1960949912428765,1.1136037168808528,678,True,5,0.08925607962126947,5
BofNewYork,H1,MeanReversion,"window=20,z=2.25",0.07797673149029505,0.5333333333333333,0.18658915843622376,1.149863048053947,275,True,4,0.023553246617620816,5
BofNewYork,H1,TrendFollowing,"fast=5,slow=20",-0.30671213323519375,0.49009193054136874,-0.1712066118287724,0.9662146760488616,4999,True,4,0.10502898299047148,5
BofNewYork,H1,TrendFollowing,"fast=8,slow=21",-0.37756481657380825,0.4907048008171604,-0.2107628750003707,0.958571692740057,4999,True,4,0.25369719326006523,5
BofNewYork,H1,TrendFollowing,"fast=10,slow=30",-0.7724617408856457,0.48927477017364657,-0.43132196474942835,0.9170389732799555,4999,True,4,0.08243121160026246,5
BofNewYork,H4,MeanReversion,"window=50,z=2.25",0.09948783567676511,0.5172413793103449,0.10535812455083743,1.074776289677532,351,True,4,0.048403147977660876,5
BofNewYork,H4,MeanReversion,"window=100,z=2.25",0.20513430984236447,0.48756218905472637,0.18973584504570565,1.133480367026199,404,True,4,0.13755699852105152,5
BofNewYork,H4,MeanReversion,"window=100,z=2.5",0.23159530668622907,0.47035573122529645,0.2678970835546483,1.2568004266579755,254,True,4,0.056126236726146916,5
BofNewYork,H4,MeanReversion,"window=50,z=2.75",0.08251455181144263,0.525,0.13547905373102295,1.170452651683482,120,True,4,0.18990688161685476,5
BofNewYork,H4,TrendFollowing,"fast=10,slow=30",0.4482171060883394,0.5088038858530661,0.11895064342188602,1.023461216649736,4999,True,4,0.6216871666597159,5
BofNewYork,H4,VolatilityExpansion,"ema=20,mult=1.5",0.16179974789078555,0.50394656952034,0.07280537321170288,1.0243668266411554,1670,True,4,0.3895116228802542,5
BofNewYork,H4,VolatilityExpansion,"ema=50,mult=1.5",-0.18857518079487856,0.5084105732921387,-0.06378986170536353,0.9838720106845639,2953,True,4,0.8264851535593774,5
BofNewYork,H4,VolatilityExpansion,"ema=50,mult=2.0",-0.1327552515874003,0.5061310782241015,-0.049618052640628435,0.9859779530154575,2396,True,4,0.6523857972608544,5
BofNewYork,M15,MeanReversion,"window=20,z=1.5",0.12095370064624578,0.5102328863796753,0.21301054031225986,1.0861227295723281,1450,True,4,0.08238807374953172,5
BofNewYork,M15,MeanReversion,"window=20,z=1.75",0.2038066530628544,0.5180327868852459,0.440448241642779,1.2222283484097252,937,True,4,0.08583291860251763,5
BofNewYork,M15,MeanReversion,"window=20,z=2.0",0.16688229101609497,0.5170648464163823,0.4534584348257416,1.2720000202328328,597,True,4,0.03365746417987037,5
BofNewYork,M15,MeanReversion,"window=20,z=2.25",0.14124346768678386,0.5105820105820106,0.43457911187422293,1.3323821606979835,381,True,4,0.04368502964899923,5
BofNewYork,M15,MeanReversion,"window=20,z=2.5",0.08693561070865652,0.5038461538461538,0.29545469524338325,1.2671978018648578,262,True,4,0.04373583386994362,5
BofNewYork,M15,MeanReversion,"window=20,z=2.75",0.05168684749947783,0.4931506849315068,0.19988698099672178,1.2300162822247394,146,True,4,0.04626576649718772,5
BristolMyer,H1,MeanReversion,"window=20,z=1.5",-0.03501557598027549,0.4920520231213873,-0.03459162320223253,0.9881399401172165,1402,True,4,0.13926275949882472,5
BristolMyer,H1,MeanReversion,"window=20,z=1.75",0.14285208258466653,0.4908675799086758,0.17703652253218125,1.076238475641017,885,True,5,0.13524672444961594,5
BristolMyer,H1,MeanReversion,"window=20,z=2.0",-0.10611505263644228,0.4701492537313433,-0.16879974688049668,0.9167235377373026,542,True,4,0.011997024684281654,5
BristolMyer,H1,MeanReversion,"window=50,z=2.0",-0.1719835527203254,0.5023923444976076,-0.25469291809701294,0.8813627081242699,635,True,5,0.08872494469701031,5
BristolMyer,H1,MeanReversion,"window=50,z=2.25",-0.1714065697497541,0.4951923076923077,-0.3111286532083682,0.8286304834815706,421,True,4,0.03502151126798003,5
BristolMyer,H1,TrendFollowing,"fast=50,slow=200",0.2781761040756813,0.49704383282364933,0.14118965926377278,1.0283598313214404,4999,True,4,0.18360607389904782,5
BristolMyer,H4,MeanReversion,"window=20,z=1.5",0.7384823440137406,0.528179190751445,0.35640949559465757,1.1435468164996505,1397,True,4,0.37429616636356955,5
BristolMyer,H4,MeanReversion,"window=100,z=1.5",0.2364059018115784,0.5148574893875075,0.1133661564586315,1.0395401765338692,1672,True,4,0.10525419894310073,5
BristolMyer,H4,MeanReversion,"window=20,z=1.75",0.9796049094083557,0.5449374288964732,0.6071328143453077,1.3347112319546346,888,True,4,0.19204760353910744,5
BristolMyer,H4,MeanReversion,"window=100,z=1.75",0.2800383770273567,0.5185840707964602,0.15262162381576,1.0656645660687172,1147,True,5,0.19456550848176535,5
BristolMyer,H4,MeanReversion,"window=20,z=2.0",0.4742061532421554,0.5562015503875969,0.3974756834551167,1.259349349888807,521,True,4,0.17223810534439887,5
BristolMyer,H4,MeanReversion,"window=100,z=2.0",0.18866424720870723,0.5228571428571429,0.1284906074963651,1.070043162989001,706,True,5,0.16130140605825827,5
BristolMyer,H4,TrendFollowing,"fast=34,slow=89",-0.09286749105496739,0.5019258057976891,-0.02545875431088446,0.994956827273553,4999,True,4,0.5520097772980384,5
BristolMyer,H4,TrendFollowing,"fast=50,slow=200",-0.5444268269863581,0.49503344820595985,-0.1492559301078382,0.9707929863368387,4999,True,4,0.19880388241929325,5
BristolMyer,M15,TrendFollowing,"fast=5,slow=20",0.4635092371301629,0.5168374816983895,0.3918937576121827,1.087991357815301,4999,True,5,0.18590024972691876,5
BristolMyer,M15,TrendFollowing,"fast=8,slow=21",0.35385290039959727,0.5128634176950428,0.2991420719697599,1.0664825124086506,4999,True,5,0.15852341536593195,5
BristolMyer,M15,VolatilityExpansion,"ema=20,mult=1.5",-0.0876861310177035,0.5045648204503956,-0.11336453430410513,0.9610314045358908,1707,True,4,0.07746805007255786,5
BristolMyer,M15,VolatilityExpansion,"ema=20,mult=2.0",0.030639483050688532,0.495,0.04883626476703938,1.0211609937955763,1038,True,4,0.09109241524444478,5
BristolMyer,M15,VolatilityExpansion,"ema=50,mult=2.0",0.0859004067997502,0.5082164328657315,0.09341040862624106,1.0285484102212856,2598,True,4,0.07470114134980277,5
BristolMyer,M15,VolatilityExpansion,"ema=20,mult=2.5",-0.004101621547906387,0.4991181657848324,-0.008060174211703647,0.9955707801900286,584,True,4,0.060386108330873656,5
BristolMyer,M15,VolatilityExpansion,"ema=20,mult=3.0",-0.052285764499679255,0.4810126582278481,-0.12202579092983305,0.9123406257079363,325,True,4,0.08115403144933675,5
BristolMyer,M15,VolatilityExpansion,"ema=20,mult=3.5",-0.06482262988736176,0.45714285714285713,-0.22291449566197535,0.8144624940294806,176,True,4,0.04979921499015494,5
Broadcom,H1,MeanReversion,"window=100,z=1.5",-0.5661586345157611,0.4785859959211421,-0.25084071469017677,0.897449662796151,1479,True,4,0.12446885575482869,5
Broadcom,H4,MeanReversion,"window=20,z=1.75",0.030902511707365687,0.4804947668886774,0.01245297066676968,1.0053393179586356,1067,True,4,0.12597353824403124,5
Broadcom,H4,MeanReversion,"window=50,z=2.75",0.03643247155970897,0.5133079847908745,0.027423207167431296,1.0219057579674893,264,True,4,0.09886848075556631,5
Broadcom,H4,MeanReversion,"window=50,z=3.0",0.13447577508262043,0.5177664974619289,0.11832590848634354,1.115348424643852,197,True,4,0.10563184139335124,5
Broadcom,H4,VolatilityExpansion,"ema=50,mult=1.5",0.4381627403561982,0.5011061946902655,0.11056226510017025,1.03008357952954,2754,True,4,0.4627854575472006,5
Broadcom,M15,MeanReversion,"window=20,z=1.5",0.1514514701286378,0.5118773946360153,0.13390101740845783,1.0598197195617138,1310,True,4,0.21023356333562426,5
Broadcom,M15,MeanReversion,"window=100,z=1.75",0.23427238253150118,0.5093046033300686,0.24429310979535404,1.1308381680007316,1024,True,4,0.028994841588837694,5
Broadcom,M15,MeanReversion,"window=20,z=2.0",0.1881826258393402,0.515370705244123,0.2387106327843179,1.1582944757323037,554,True,4,0.14235143412095952,5
Broadcom,M15,MeanReversion,"window=100,z=2.0",0.20548592234613527,0.5172413793103449,0.2736299257923343,1.1862137873772591,640,True,4,0.014667278631884884,5
Broadcom,M15,MeanReversion,"window=20,z=2.25",0.04174815010087807,0.5211267605633803,0.08344761907682376,1.0540741787199703,355,True,4,0.035955204452078005,5
Broadcom,M15,MeanReversion,"window=20,z=2.75",0.07829224018566594,0.5547945205479452,0.23548747107810147,1.257186677152888,146,True,4,0.010817591973921625,5
Broadcom,M15,MeanReversion,"window=50,z=3.0",0.07803334860612687,0.5206611570247934,0.2605233956725874,1.311976550988474,120,True,5,0.022159465446007887,5
Broadcom,M15,MeanReversion,"window=50,z=3.25",0.05112883168108795,0.5324675324675324,0.22870477910414838,1.341805978619542,76,True,4,0.025209551823994647,5
Broadcom,M15,TrendFollowing,"fast=34,slow=89",-0.08298134914582933,0.5027113878288813,-0.04121308285790283,0.9902777365852483,4999,True,4,0.30594916844769926,5
Broadcom,M15,TrendFollowing,"fast=50,slow=200",-0.21407545806507922,0.5035147620004017,-0.10632362419822378,0.9751096332192897,4999,True,4,0.33156373834025066,5
Brookdale,H1,MeanReversion,"window=20,z=1.5",-0.5622828405513601,0.5081332300542215,-0.2546434610090409,0.9068233380836671,1440,True,4,0.2496044566971375,5
Brookdale,H1,MeanReversion,"window=50,z=1.5",0.14359635853574448,0.5116453794139745,0.06959299018155558,1.0249650618011303,1484,True,4,0.5350963828134139,5
Brookdale,H1,MeanReversion,"window=100,z=1.5",0.4602964362661882,0.5256511444356748,0.24523703942025746,1.0892070255764457,1437,True,4,0.3167363164628413,5
Brookdale,H1,MeanReversion,"window=20,z=1.75",-0.13811571941260636,0.525030525030525,-0.0719420064645817,0.9643074867803103,910,True,4,0.15986853789617583,5
Brookdale,H1,MeanReversion,"window=50,z=1.75",0.21282082040372086,0.5210176991150443,0.11636171670412315,1.0527868637874065,991,True,4,0.42692317191344853,5
Brookdale,H1,MeanReversion,"window=100,z=1.75",0.33460432444205845,0.5378048780487805,0.2123112972881886,1.0970648299311139,914,True,5,0.18444452183659177,5
Brookdale,H1,MeanReversion,"window=20,z=2.0",0.07277292885985998,0.5238095238095238,0.05536009688849305,1.0316111794215113,535,True,4,0.12003396072119255,5
Brookdale,H1,MeanReversion,"window=50,z=2.0",0.25288900697046734,0.5165562913907285,0.15768413819244162,1.0911552712260808,662,True,4,0.37034948281528857,5
Brookdale,H1,MeanReversion,"window=100,z=2.0",0.04107499139779813,0.5205724508050089,0.029919421104586532,1.0160371482314707,621,True,4,0.14410011791219535,5
Brookdale,H1,MeanReversion,"window=20,z=2.25",0.17220562655475025,0.5294117647058824,0.16230220998242806,1.1326507281104845,287,True,4,0.15761744588007043,5
Brookdale,H1,MeanReversion,"window=50,z=2.25",-0.0033538211962697018,0.5103092783505154,-0.0027737019015928624,0.9982550637199786,422,True,4,0.10708627419138472,5
Brookdale,H1,MeanReversion,"window=50,z=2.5",0.13658295753269112,0.5240174672489083,0.13482746665559994,1.1181629237712216,247,True,4,0.08714860165259697,5
Brookdale,H1,MeanReversion,"window=50,z=2.75",0.06396137780653055,0.5109489051094891,0.07170900721151534,1.0790682770742117,147,True,4,0.13877747554477715,5
Brookdale,H4,MeanReversion,"window=50,z=2.25",0.3435835845352804,0.5433526011560693,0.1563888516871793,1.1121013283454815,354,True,4,0.23679869062775605,5
Brookdale,H4,TrendFollowing,"fast=5,slow=20",-0.7679956138709197,0.49020833333333336,-0.08893965843616397,0.9817421931533422,4998,True,4,1.168320704658021,5
Brookdale,H4,TrendFollowing,"fast=21,slow=55",-0.9078106972051214,0.49395833333333333,-0.10513195046858079,0.9784541320098725,4998,True,4,1.4037693948680392,5
Brookdale,H4,TrendFollowing,"fast=50,slow=200",1.5435356694357387,0.4920833333333333,0.17876154926220406,1.0377317010085803,4998,True,4,1.6338186213026016,5
Brookdale,M15,MeanReversion,"window=20,z=1.5",0.5814003761961127,0.5433628318584071,0.489744077120882,1.231347533800318,1313,True,4,0.10469073085108804,5
Brookdale,M15,MeanReversion,"window=50,z=1.5",0.469258313313872,0.5319693094629157,0.47021593633293407,1.191159725289221,1365,True,4,0.16599697462944285,5
Brookdale,M15,MeanReversion,"window=50,z=1.75",0.3582121757346485,0.539119804400978,0.4031235102272842,1.198814991197968,945,True,5,0.1637017909810634,5
Brookdale,M15,MeanReversion,"window=50,z=2.0",0.19129222041612448,0.5207956600361664,0.2435329355933262,1.1427618261191315,619,True,4,0.07169560284158094,5
Brookdale,M15,MeanReversion,"window=50,z=2.25",0.19842620296569713,0.5558659217877095,0.28251529939252024,1.2116016235927092,395,True,5,0.05022652831592611,5
Brookdale,M15,MeanReversion,"window=100,z=2.25",0.19641394370321297,0.5234159779614325,0.2921985217570187,1.2194324404145105,395,True,4,0.01984630455263814,5
Brookdale,M15,MeanReversion,"window=50,z=2.5",0.18364122379658854,0.5675675675675675,0.2999567853617141,1.2979960834138242,241,True,5,0.047281957914931505,5
Brookdale,M15,MeanReversion,"window=100,z=2.75",0.09244545016307071,0.5345911949685535,0.16982387939930807,1.1883862450489588,174,True,4,0.02480231167881697,5
Brown-Forman,H1,MeanReversion,"window=50,z=2.0",0.2820157644922969,0.5258764607679466,0.3640864638795895,1.217311807149933,609,True,4,0.10568847170069151,5
Brown-Forman,H1,TrendFollowing,"fast=5,slow=20",-0.31629083490463017,0.49215726217152167,-0.1375430719736762,0.9722005329676774,4999,True,4,0.4720880508274091,5
Brown-Forman,H1,TrendFollowing,"fast=8,slow=21",-0.2839124405554697,0.48808311265023424,-0.12346201704560249,0.9750107809541184,4999,True,4,0.4308247275137699,5
Brown-Forman,H1,TrendFollowing,"fast=13,slow=34",-0.5306498639364762,0.4864534528417193,-0.230775532182557,0.9537953256437431,4999,True,4,0.4595674272171787,5
Brown-Forman,H1,TrendFollowing,"fast=21,slow=55",-0.07223231081907311,0.48808311265023424,-0.03141001668650219,0.9935825201137365,4999,True,5,0.49810372767873423,5
Brown-Forman,H1,TrendFollowing,"fast=34,slow=89",0.278354836743237,0.49684253412100227,0.12104509837774415,1.025121680360683,4999,True,4,0.5245024972052913,5
Brown-Forman,H1,VolatilityExpansion,"ema=50,mult=1.5",-0.13522130709833124,0.4873417721518987,-0.07864316015159832,0.9784833195608782,2734,True,5,0.38236434326266755,5
Brown-Forman,H1,VolatilityExpansion,"ema=50,mult=2.0",-0.25300494503310145,0.47804637395165267,-0.18555376436388882,0.9478686832140076,2064,True,5,0.268642602637872,5
Brown-Forman,H1,VolatilityExpansion,"ema=50,mult=2.5",-0.09753598064659363,0.4794871794871795,-0.08155467950226225,0.973928577441218,1592,True,5,0.253461813863502,5
Brown-Forman,H1,VolatilityExpansion,"ema=50,mult=3.5",0.05459230160015527,0.4772727272727273,0.060649276529845135,1.0279611758787857,805,True,4,0.1816115090308893,5
Brown-Forman,H4,MeanReversion,"window=50,z=1.5",0.35377518314063705,0.5040448039825762,0.1545242911713123,1.0579750799804524,1617,True,4,0.24981760377013096,5
Brown-Forman,H4,MeanReversion,"window=50,z=1.75",0.5373176108989305,0.5108593012275732,0.33098122404464175,1.1422258284374585,1067,True,4,0.11848108165169902,5
Brown-Forman,H4,MeanReversion,"window=100,z=2.0",0.18595607465371078,0.4911504424778761,0.1204938872403987,1.0704638429840656,679,True,4,0.14076764057435154,5
Brown-Forman,H4,MeanReversion,"window=20,z=2.25",0.14753634904867519,0.5067114093959731,0.19060688373054416,1.1451709016789475,301,True,4,0.07417822653963646,5
Brown-Forman,H4,MeanReversion,"window=100,z=2.25",0.16727185380776277,0.46958637469586373,0.15261047480774845,1.1097089415955816,412,True,4,0.05658931363789743,5
Brown-Forman,H4,MeanReversion,"window=50,z=2.5",0.3359296963946571,0.49528301886792453,0.4477658865342193,1.4715408895762772,212,True,4,0.022356279016390368,5
Brown-Forman,M15,MeanReversion,"window=50,z=1.5",0.1536570623844965,0.5068285280728376,0.20823525754816918,1.0775463531990281,1379,True,4,0.04671583448430294,5
Brown-Forman,M15,MeanReversion,"window=100,z=1.5",0.18429356403855512,0.5114222549742078,0.25103257709887705,1.094134444211826,1419,True,4,0.04717849628846893,5
Brown-Forman,M15,MeanReversion,"window=50,z=1.75",0.07586041717969905,0.5037433155080214,0.11439101047125362,1.050677159550335,977,True,4,0.06490622703413229,5
Brown-Forman,M15,MeanReversion,"window=50,z=2.0",0.02132692774079048,0.5081168831168831,0.039308547098136914,1.020584731233701,642,True,4,0.08614580396722382,5
Brown-Forman,M15,MeanReversion,"window=20,z=2.25",0.04933346492934565,0.5333333333333333,0.10262516933580224,1.0836352243933904,313,True,4,0.04943036530945244,5
Brown-Forman,M15,MeanReversion,"window=50,z=2.25",0.025873769132514157,0.5116883116883116,0.05827394296053348,1.0387735303393413,399,True,5,0.07097059848445664,5
Brown-Forman,M15,MeanReversion,"window=50,z=2.5",-0.0065769912479556325,0.5103734439834025,-0.01857205800396143,0.9851747738076173,249,True,4,0.05569149586670297,5
Brown-Forman,M15,MeanReversion,"window=20,z=2.75",0.1513861167513496,0.5871559633027523,0.44059651352879775,1.8194980158668617,111,True,4,0.035726498552041464,5
CBRE,H1,VolatilityExpansion,"ema=20,mult=2.5",0.043298184088752856,0.48642533936651583,0.062119414174316406,1.0381232381438164,443,True,4,0.08171121949802485,5
CBRE,H1,VolatilityExpansion,"ema=20,mult=3.0",0.07394020603469953,0.4979253112033195,0.1355900813364901,1.1198972659230753,241,True,4,0.03075594548015126,5
CBRE,H1,VolatilityExpansion,"ema=50,mult=3.5",-0.08000169664614354,0.48612786489746684,-0.09397560501169641,0.958888972211267,834,True,4,0.02717568524040126,5
CBRE,H4,MeanReversion,"window=50,z=1.5",0.11941267035919456,0.4917293233082707,0.0549755210084116,1.0192472045977168,1340,True,5,0.337774675497862,5
CBRE,H4,MeanReversion,"window=50,z=1.75",0.35792435114638477,0.4943946188340807,0.20648844453965348,1.089698041329984,901,True,4,0.1683583303048919,5
CBRE,H4,MeanReversion,"window=100,z=1.75",-0.1821869166031731,0.4990059642147117,-0.08265287567485714,0.964829789799048,1012,True,4,0.07119739744262688,5
CBRE,H4,MeanReversion,"window=20,z=2.5",0.2241776662447349,0.5645161290322581,0.40891302116737,1.5283386779125256,123,True,4,0.06051905161429727,5
CBRE,H4,TrendFollowing,"fast=8,slow=21",0.9085268198876325,0.5089641434262948,0.23744668262844904,1.0480711681456134,4045,True,4,0.013579226537165257,5
CBRE,H4,TrendFollowing,"fast=10,slow=30",0.9642451143356415,0.5124501992031872,0.2520124198754371,1.051094601733977,4045,True,4,0.2101998276159016,5
CBRE,H4,VolatilityExpansion,"ema=20,mult=2.5",-0.08091211067502913,0.5060532687651331,-0.06802902998781292,0.9598265198496935,414,True,4,0.04977827584081218,5
CBRE,M15,MeanReversion,"window=50,z=1.75",0.1502197374784584,0.5196770938446014,0.2992219350967644,1.1281094241771,1002,True,4,0.02091548821498279,5
CBRE,M15,MeanReversion,"window=20,z=2.0",0.2360454189351826,0.5527638190954773,0.49967443655930127,1.293972038076923,604,True,4,0.06728319125569981,5
CBRE,M15,MeanReversion,"window=20,z=2.25",0.23937764604778666,0.5733333333333334,0.6204686902628831,1.4921694710342515,377,True,4,0.06787978835398178,5
CBRE,M15,MeanReversion,"window=20,z=2.5",0.23188069815440548,0.592274678111588,0.6996795257345457,1.7839214031197455,234,True,5,0.06904932262770236,5
CBRE,M15,MeanReversion,"window=20,z=2.75",0.1886079241788855,0.5984848484848485,0.7035239936805445,2.185362822527622,133,True,4,0.05452626928563664,5
CBRE,M15,MeanReversion,"window=20,z=3.0",0.16761504839812436,0.6363636363636364,0.7337792711579263,3.209077333318186,78,True,4,0.030832156290843238,5
CBRE,M15,MeanReversion,"window=20,z=3.25",0.1216340855541439,0.5769230769230769,0.5822594999701559,3.1110424005920128,52,True,4,0.01544551020022189,5
CBRE,M15,TrendFollowing,"fast=13,slow=34",-0.030862057288522204,0.5041590586325827,-0.023123676523365142,0.9950386677482312,4999,True,4,0.08739787556999334,5
CBRE,M15,TrendFollowing,"fast=21,slow=55",-0.09657070890492248,0.5057821059038344,-0.07235715511582998,0.984557019531868,4999,True,4,0.07205969773325682,5
CFIndustries,H1,MeanReversion,"window=20,z=1.5",0.3197986859122772,0.5235783633841886,0.25289423710380265,1.0923247994067775,1453,True,5,0.35445850145111957,5
CFIndustries,H1,MeanReversion,"window=100,z=1.5",0.5219637965903733,0.518494484101233,0.3709868811153877,1.1423033566471426,1554,True,5,0.2499861481095439,5
CFIndustries,H1,MeanReversion,"window=100,z=1.75",0.3985268289191648,0.5158415841584159,0.3325682905612507,1.160400177856559,1021,True,5,0.1811144771894504,5
CFIndustries,H1,MeanReversion,"window=20,z=2.0",0.06454859799538015,0.504950495049505,0.06755950533429796,1.0387364114586746,606,True,5,0.15860743014419343,5
CFIndustries,H1,MeanReversion,"window=100,z=2.0",0.17141963859772014,0.5068285280728376,0.17605213155461502,1.1036384928091985,664,True,4,0.07710787707593003,5
CFIndustries,H1,MeanReversion,"window=20,z=2.25",0.071734871951455,0.5126050420168067,0.09147509495640999,1.072516025576878,357,True,4,0.1571038607295303,5
CFIndustries,H1,MeanReversion,"window=50,z=2.25",-0.024053044057339434,0.5086705202312138,-0.03041593949108993,0.9770418343687688,350,True,4,0.04679820190078143,5
CFIndustries,H4,MeanReversion,"window=20,z=1.5",0.8124816487880862,0.5276804484933427,0.2576745428893732,1.09190319163732,1434,True,4,0.4303692165930575,5
CFIndustries,H4,MeanReversion,"window=20,z=1.75",0.286557154548003,0.521978021978022,0.11072513304192273,1.0486836131450106,914,True,4,0.13273694919272705,5
CFIndustries,M15,MeanReversion,"window=20,z=2.75",0.06458035002972884,0.4774193548387097,0.19507209401154293,1.2139441574313419,155,True,4,0.022816509111205363,5
CFIndustries,M15,TrendFollowing,"fast=5,slow=20",0.09834944406634816,0.5043994270513608,0.07345590205742353,1.0162854588199108,4999,True,4,0.24819001095896998,5
CFIndustries,M15,TrendFollowing,"fast=8,slow=21",0.1405015927896498,0.5076734192756293,0.10493995539385806,1.0233468153828713,4999,True,4,0.2548025828215318,5
CFIndustries,M15,VolatilityExpansion,"ema=20,mult=3.5",-0.09402828547682962,0.44881889763779526,-0.3047474361360662,0.7010654002154763,126,True,4,0.044689063367425064,5
CIENA,H1,MeanReversion,"window=20,z=1.5",-0.29038382900031245,0.47706422018348627,-0.14904538186200825,0.9410081494748566,1438,True,4,0.1242070733431041,5
CIENA,H1,MeanReversion,"window=20,z=1.75",0.01281581792810027,0.48187633262260127,0.007848408478434122,1.0040140325679716,951,True,4,0.26626570924506854,5
CIENA,H1,TrendFollowing,"fast=21,slow=55",1.1732054189291812,0.5217655395829115,0.31823113373128004,1.0756370500684442,4999,True,4,0.2661860808641231,5
CIENA,H1,TrendFollowing,"fast=34,slow=89",1.1889606109722632,0.5191334278193966,0.3225064708815063,1.076691743555276,4999,True,4,0.48269746952897885,5
CIENA,H1,TrendFollowing,"fast=50,slow=200",1.5316179448736131,0.5130593237497469,0.41550909620808435,1.0998982319473025,4999,True,4,0.27670861985270345,5
CIENA,H1,VolatilityExpansion,"ema=50,mult=2.0",0.2206575903779009,0.5270816491511722,0.08664840645828266,1.0272596213237317,2500,True,4,0.26706707093905346,5
CIENA,H4,MeanReversion,"window=20,z=1.75",-0.3719170506232038,0.47334754797441364,-0.13194162293078576,0.9384456497520954,946,True,4,0.5917040133863537,5
CIENA,H4,MeanReversion,"window=20,z=2.0",0.20226735405302265,0.4933837429111531,0.09039307885749225,1.0633421675121466,532,True,5,0.8463560595203162,5
CIENA,H4,MeanReversion,"window=20,z=2.25",-0.41352249268614605,0.4965034965034965,-0.22672297326607666,0.8028422217509954,289,True,4,0.24435711519564995,5
CIENA,H4,TrendFollowing,"fast=8,slow=21",-0.6064315868114631,0.5025166096235152,-0.09474407287447474,0.9806894764238235,4999,True,4,1.0254950921220896,5
CIENA,H4,TrendFollowing,"fast=10,slow=30",0.8572090674666952,0.5049325548620898,0.13392594339252886,1.027947261195928,4999,True,4,1.3330768827682755,5
CIENA,H4,TrendFollowing,"fast=13,slow=34",-0.11504246767611026,0.5025166096235152,-0.01797301625717681,0.9963078312660287,4999,True,4,1.0934642849964036,5
CIENA,H4,VolatilityExpansion,"ema=20,mult=3.0",0.06660379920964477,0.49230769230769234,0.04954894494980504,1.0403683117016436,263,True,4,0.03425568426256265,5
CIENA,H4,VolatilityExpansion,"ema=20,mult=3.5",0.16031093113063977,0.4857142857142857,0.1523199428681177,1.1835914175748015,141,True,4,0.015720445446281373,5
CIENA,M15,MeanReversion,"window=20,z=1.5",0.09956159543770782,0.5167259786476869,0.05541990706880491,1.0289946899164182,1419,True,4,0.21061125369455547,5
CIENA,M15,MeanReversion,"window=100,z=1.5",0.3542393869794884,0.49907578558225507,0.30579703685202336,1.1134489975838857,1642,True,4,0.13253510571342852,5
CIENA,M15,MeanReversion,"window=100,z=1.75",0.42220462867226394,0.5042735042735043,0.4159492257904237,1.2004128546996977,1064,True,4,0.20610107211707307,5
CME,H1,MeanReversion,"window=20,z=1.5",0.46444105316777473,0.5159106296547055,0.5958813215816607,1.2179145541044343,1486,True,4,0.09695698420008847,5
CME,H1,MeanReversion,"window=100,z=1.5",0.23586203582244647,0.4977491961414791,0.29686580148754754,1.1019228151647906,1560,True,5,0.11930571355859443,5
CME,H1,MeanReversion,"window=20,z=1.75",0.3042413090927416,0.5248380129589633,0.46460108120595645,1.212379298764039,930,True,4,0.08351072060452258,5
CME,H1,MeanReversion,"window=50,z=1.75",0.31294474017726526,0.5318091451292246,0.48426314648022956,1.2076221853364066,1009,True,4,0.11641742478791128,5
CME,H1,MeanReversion,"window=100,z=1.75",0.22074948904615155,0.5174887892376682,0.323218536620651,1.1320632249007656,1119,True,4,0.10908446108200132,5
CME,H1,MeanReversion,"window=50,z=2.0",0.3349200271769349,0.5508885298869144,0.6132854616531285,1.3576740933964586,619,True,5,0.09483963116044503,5
CME,H1,MeanReversion,"window=100,z=2.0",0.20557338698935834,0.5227606461086637,0.390357638490967,1.2036136059094888,685,True,5,0.05362769049232363,5
CME,H1,MeanReversion,"window=50,z=2.25",0.20209802206887606,0.526595744680851,0.4504791471915472,1.3313193173179168,376,True,5,0.0857812684531224,5
CME,H1,MeanReversion,"window=100,z=2.25",0.1969829857352492,0.5526315789473685,0.4936552582400832,1.3561549784494475,382,True,4,0.04527069405143169,5
CME,H1,MeanReversion,"window=100,z=2.5",0.1288320379371345,0.5307017543859649,0.39179542942192813,1.3663499343186645,227,True,4,0.03985372335745607,5
CME,H1,TrendFollowing,"fast=13,slow=34",-0.3703597142167401,0.49828939424431473,-0.2587412368279208,0.9531940597543709,4999,True,4,0.06949100322331958,5
CME,H4,MeanReversion,"window=20,z=1.5",0.6447929060370694,0.510548523206751,0.34136059003166724,1.1366626854338546,1429,True,4,0.34689519524008083,5
CME,H4,MeanReversion,"window=20,z=1.75",0.8066139192305123,0.5252192982456141,0.5172151967956286,1.274456446076623,918,True,4,0.41837314311768936,5
CME,H4,TrendFollowing,"fast=34,slow=89",0.831613929866948,0.5194935691318328,0.25790573450181054,1.0507037503786774,4999,True,4,0.32170047448094174,5
CME,H4,VolatilityExpansion,"ema=50,mult=2.0",-0.6492870536003206,0.5072619688004303,-0.30765419701111946,0.9001350940577637,1873,True,4,0.1654573335220494,5
CME,M15,MeanReversion,"window=20,z=1.5",0.2233299713641549,0.5150862068965517,0.4302166557249069,1.1689390734158673,1409,True,4,0.10100235284070513,5
CME,M15,MeanReversion,"window=50,z=1.5",0.29588171317632905,0.5158891142663962,0.5786945204260224,1.2400473818480113,1495,True,4,0.04907299393571862,5
CME,M15,MeanReversion,"window=100,z=1.5",0.13649125883876878,0.4936061381074169,0.2985578189262376,1.10640720917978,1577,True,5,0.046265728441475806,5
CME,M15,MeanReversion,"window=20,z=1.75",0.17981189467730996,0.5130151843817787,0.3949020273489329,1.1897942250786682,929,True,4,0.09970875351832043,5
CME,M15,MeanReversion,"window=50,z=1.75",0.23826871279883421,0.5034687809712587,0.5289967488803532,1.2698301043816704,1016,True,4,0.049273736635072396,5
CME,M15,MeanReversion,"window=100,z=1.75",0.18049410726500903,0.508664627930683,0.44720633228509304,1.2130481855354933,988,True,4,0.054865318551238995,5
CME,M15,MeanReversion,"window=20,z=2.0",0.17684287639187668,0.5215889464594128,0.46055467504912706,1.2892189687735147,581,True,4,0.0827993372782364,5
CME,M15,MeanReversion,"window=20,z=2.25",0.07700052842798177,0.5276967930029155,0.26032507594892906,1.1905285132032162,343,True,4,0.04998472287530642,5
CME,M15,MeanReversion,"window=20,z=2.5",0.10136963895051487,0.5753424657534246,0.42528400837742597,1.4201854237589757,219,True,4,0.04481473041004935,5
CME,M15,TrendFollowing,"fast=50,slow=200",-0.2849252294019552,0.507577288341079,-0.32616003140748484,0.9365905820470746,4999,True,4,0.0707674788488677,5
CMS,H1,MeanReversion,"window=20,z=1.75",0.1264725384335389,0.5258711721224921,0.18995790571616156,1.0778040674833984,966,True,4,0.026525340681387455,5
CMS,H1,MeanReversion,"window=20,z=2.0",0.18855569639313396,0.5370705244122965,0.3746424954408063,1.2049462524371248,565,True,4,0.05774030891812321,5
CMS,H1,MeanReversion,"window=20,z=2.25",0.16126113374191064,0.5434083601286174,0.4198144306771762,1.3191822283877106,319,True,4,0.06827886474901346,5
CMS,H1,MeanReversion,"window=20,z=2.75",0.024827713060166068,0.5217391304347826,0.13249095673616115,1.2007964339035624,70,True,4,0.02068831439198293,5
CMS,H4,MeanReversion,"window=100,z=1.5",0.34822781065705444,0.49498117942283565,0.19115357734437768,1.066123790442281,1610,True,4,0.1802101150327282,5
CMS,H4,MeanReversion,"window=100,z=1.75",0.4876887089933236,0.510989010989011,0.3130113978729438,1.137907936005451,1104,True,5,0.28831543639600565,5
CMS,H4,MeanReversion,"window=100,z=2.0",0.3075237008620869,0.5036075036075036,0.22589453058183634,1.1272670776772176,700,True,5,0.2143144727438494,5
CMS,M15,MeanReversion,"window=50,z=1.75",0.08103840774712034,0.5030927835051546,0.24274122401864884,1.1055169007152743,997,True,4,0.024023678750799693,5
CMS,M15,MeanReversion,"window=50,z=2.0",0.03243191345278085,0.49917627677100496,0.11911499458705069,1.0625904390208538,624,True,4,0.01133086093811897,5
CNX,H1,MeanReversion,"window=50,z=2.0",0.04511249057965239,0.512779552715655,0.05059924604200353,1.0267620081322595,640,True,4,0.07615191542161637,5
CNX,H1,MeanReversion,"window=100,z=2.0",0.176203444728131,0.5035063113604488,0.19879994551672628,1.0946739881597314,736,True,4,0.03121873433008404,5
CNX,H1,TrendFollowing,"fast=10,slow=30",-0.312228583233374,0.4974178888659368,-0.13013713333336113,0.976887214587368,4999,True,4,0.17857666117354054,5
CNX,H1,TrendFollowing,"fast=13,slow=34",-0.05814043198640939,0.5011361288989878,-0.024232194264099543,0.9956552827677472,4999,True,4,0.3148682834178608,5
CNX,H1,TrendFollowing,"fast=21,slow=55",0.434376935036608,0.5044412311505887,0.18105436058547045,1.0330686554749569,4999,True,4,0.43153023758406295,5
CNX,H1,TrendFollowing,"fast=34,slow=89",-0.2365979768923503,0.5011361288989878,-0.09861282250865597,0.9824366209402009,4999,True,4,0.36626995930824136,5
CNX,H1,TrendFollowing,"fast=50,slow=200",0.5580811458253376,0.5042346622598637,0.23262584676639533,1.0426871282565406,4999,True,4,0.6129756851561817,5
CNX,H1,VolatilityExpansion,"ema=50,mult=2.0",-0.0628916645235098,0.49310168625447115,-0.0414869561911012,0.9882417122936835,2017,True,4,0.21898095826112474,5
CNX,H4,MeanReversion,"window=20,z=2.0",0.04583804670594882,0.5085714285714286,0.01718244871518957,1.0106799491611171,532,True,4,0.1266244231966649,5
CNX,H4,MeanReversion,"window=100,z=2.25",1.107379681575992,0.5618811881188119,0.4847213544610493,1.4191472882222986,412,True,4,0.2938260523994375,5
CNX,M15,MeanReversion,"window=20,z=1.5",1.1449631971318253,0.5833333333333334,1.2148051964900342,1.5741049869312445,1402,True,5,0.39490621954311844,5
CNX,M15,MeanReversion,"window=50,z=1.5",0.7729928026461618,0.5426356589147286,0.9107166823843434,1.3394227717620084,1615,True,5,0.21802225992153268,5
CNX,M15,MeanReversion,"window=100,z=1.5",0.5709827541349222,0.5264200792602378,0.6925052369208111,1.2460368489487736,1575,True,5,0.15779420685361523,5
CNX,M15,MeanReversion,"window=20,z=1.75",0.9807499887974538,0.6035294117647059,1.255992505259458,1.7963172578777395,885,True,4,0.3150057286225678,5
CNX,M15,MeanReversion,"window=50,z=1.75",0.595855882990405,0.5578635014836796,0.8419333775275218,1.4055508501950473,1046,True,5,0.11010704344683786,5
CNX,M15,MeanReversion,"window=20,z=2.0",0.7840953906020516,0.638671875,1.1538780998855152,2.038453461721856,526,True,5,0.2629564504832186,5
CNX,M15,MeanReversion,"window=50,z=2.0",0.5058189424258341,0.586038961038961,0.8435340142678471,1.5798557015578236,630,True,4,0.10473647719535595,5
CNX,M15,MeanReversion,"window=50,z=2.5",0.1919604867523761,0.5605381165919282,0.4237674801791489,1.5104104599553414,229,True,4,0.0352726862292807,5
CNX,M15,TrendFollowing,"fast=50,slow=200",-0.04009764792188675,0.49885488236518843,-0.02621501642730264,0.9951283152644024,4999,True,5,0.24139753471699055,5
CSX,H1,MeanReversion,"window=100,z=1.5",0.4111873361688626,0.5093209054593875,0.43635235261836797,1.1638455349588317,1549,True,4,0.10745861707251392,5
CSX,H1,MeanReversion,"window=50,z=2.25",0.1670109133587292,0.5347432024169184,0.3342444864659087,1.282689411697961,343,True,4,0.04800740201177134,5
CSX,H1,MeanReversion,"window=20,z=2.5",0.12540608712540613,0.6153846153846154,0.48551573838814527,1.6613270670117086,130,True,4,0.02118119133620988,5
CSX,H1,MeanReversion,"window=100,z=2.75",0.029467618323519296,0.5405405405405406,0.09781425374444362,1.0995248557696875,152,True,4,0.02765259816097554,5
CSX,H1,TrendFollowing,"fast=34,slow=89",0.32240741706320375,0.5150758993553753,0.1929485558081652,1.0384572527021665,4999,True,4,0.08958537440836678,5
CSX,H4,MeanReversion,"window=100,z=2.0",0.27651661765990243,0.502086230876217,0.18983312663176402,1.0986734612344633,746,True,4,0.19602922725353888,5
CSX,H4,MeanReversion,"window=100,z=2.25",0.35312145879683954,0.5114503816793893,0.28199470448679875,1.2080321039703068,411,True,4,0.1539830481915423,5
CSX,H4,TrendFollowing,"fast=5,slow=20",-0.07136391958906074,0.49803027161517727,-0.019442813846683095,0.9962246666820306,4999,True,4,0.5269762872388483,5
CSX,H4,VolatilityExpansion,"ema=50,mult=1.5",0.25666245939217536,0.5068445068445069,0.09333746978417755,1.0240063645272484,2957,True,4,0.3600009255957911,5
CSX,H4,VolatilityExpansion,"ema=20,mult=2.0",-0.25362054398959966,0.48584371460928655,-0.1607050097269189,0.9316495243437573,923,True,4,0.11209893197121723,5
CSX,H4,VolatilityExpansion,"ema=20,mult=2.5",0.09327177423822852,0.4967741935483871,0.07938211823477792,1.0491426065750276,483,True,4,0.21711536725779312,5
CSX,M15,MeanReversion,"window=20,z=1.5",0.1653296498984168,0.5107615894039735,0.30480950888082076,1.1339654929272975,1285,True,4,0.10863001001674943,5
CSX,M15,MeanReversion,"window=50,z=1.5",0.3769342139157501,0.5143769968051118,0.6126414666943772,1.3293471503353462,1351,True,4,0.06511096240786796,5
CSX,M15,MeanReversion,"window=20,z=1.75",0.08031973964626127,0.5170670037926675,0.17352505768491436,1.0914465276845537,838,True,4,0.09870489232455826,5
CSX,M15,MeanReversion,"window=20,z=2.0",-0.019760958274916862,0.49070631970260226,-0.049511189609592346,0.9700241406357374,566,True,4,0.05669326270594166,5
CSX,M15,MeanReversion,"window=50,z=2.0",0.29105580231139305,0.5499058380414312,0.558267076856381,1.556421221283031,568,True,5,0.05080800907774885,5
CSX,M15,MeanReversion,"window=20,z=2.25",-0.00866524534482016,0.48148148148148145,-0.025624783473027834,0.9807328177674588,339,True,4,0.03389068236339687,5
CSX,M15,MeanReversion,"window=50,z=2.25",0.1824155419463569,0.5365853658536586,0.394394462627207,1.5366855746680508,352,True,5,0.03729176586489136,5
CSX,M15,MeanReversion,"window=50,z=2.5",0.08139476109265664,0.518324607329843,0.3474689036052062,1.4023459234745144,205,True,5,0.04457888752529793,5
CSX,M15,MeanReversion,"window=100,z=2.5",0.10542804590599553,0.5067873303167421,0.3701475045576607,1.4293893996726605,241,True,4,0.02644581244096611,5
CSX,M15,MeanReversion,"window=50,z=2.75",0.05322704941127154,0.5258620689655172,0.26328349755012315,1.393710441350971,120,True,4,0.01772308181327842,5
CSX,M15,MeanReversion,"window=100,z=2.75",0.07592678436528055,0.5491803278688525,0.36192689017684426,1.5625645935399646,128,True,4,0.02046375528987865,5
CSX,M15,TrendFollowing,"fast=21,slow=55",-0.13539331959877698,0.5109771846749892,-0.12964140546166447,0.9705589294524749,4999,True,4,0.09453419157405185,5
CSX,M15,TrendFollowing,"fast=34,slow=89",-0.12536696386016388,0.5133448127421438,-0.120040428342754,0.9727093954908514,4999,True,4,0.09590503771280101,5
CVS,H1,MeanReversion,"window=20,z=1.75",-0.05180251927625379,0.48788927335640137,-0.04752499633469641,0.9756829736871181,879,True,4,0.09025985534267056,5
CVS,H1,MeanReversion,"window=100,z=2.25",-0.03239659224246416,0.49193548387096775,-0.04372239329410162,0.969580012153133,376,True,4,0.024320005404756095,5
CVS,H1,MeanReversion,"window=20,z=2.5",0.1444440512469689,0.5766871165644172,0.30426924423623997,1.3354448294972767,165,True,4,0.037247733837520225,5
CVS,H1,MeanReversion,"window=100,z=2.5",-0.09395703745679695,0.4976958525345622,-0.15270464728675004,0.8712151827745201,217,True,4,0.038467200704558,5
CVS,H1,TrendFollowing,"fast=13,slow=34",0.32883176678567894,0.5013176565984188,0.13025590450740104,1.029594879409529,4998,True,4,0.060973413716862934,5
CVS,H1,VolatilityExpansion,"ema=50,mult=1.5",0.30625546611448295,0.5030341743851805,0.1658623623759533,1.0447030212788957,3178,True,4,0.1419371914331824,5
CVS,H4,MeanReversion,"window=20,z=2.25",0.14390257852984978,0.5070921985815603,0.1592829492205191,1.1214237602950299,283,True,4,0.09044327327040402,5
CVS,H4,TrendFollowing,"fast=5,slow=20",-0.3623777845335021,0.4991932230738201,-0.08991687125214294,0.9822769426687455,4999,True,4,0.4665473081003687,5
CVS,H4,TrendFollowing,"fast=21,slow=55",-0.8719756292121692,0.5026220250100847,-0.2163801160442574,0.9578785946406162,4999,True,4,0.07728335668339248,5
CVS,H4,VolatilityExpansion,"ema=50,mult=3.5",0.19654351528405523,0.5139896373056995,0.110383987440623,1.0533478100854874,971,True,4,0.09551706627839374,5
CVS,M15,MeanReversion,"window=100,z=1.5",0.07016449955441317,0.5030181086519114,0.09427125164565625,1.040147934935889,1537,True,4,0.049513370208916996,5
CVS,M15,MeanReversion,"window=100,z=1.75",0.001402904564087759,0.48440748440748443,0.0023529274960077946,1.0011806811381787,986,True,4,0.0362782748260031,5
CVS,M15,VolatilityExpansion,"ema=20,mult=1.5",-0.05676385435497744,0.5029013539651838,-0.06894889358992269,0.9733019677096747,1591,True,4,0.0829921673299936,5
CVS,M15,VolatilityExpansion,"ema=50,mult=2.0",-0.07230081214295081,0.5089928057553957,-0.08167115071352518,0.9733746500517078,2285,True,4,0.0934872047577322,5
Cadence,H1,MeanReversion,"window=100,z=1.75",-0.1754251308643684,0.4642516682554814,-0.15515532407984672,0.9328304633363552,1053,True,4,0.07409799761481783,5
Cadence,H1,VolatilityExpansion,"ema=20,mult=1.5",0.019105182336198734,0.5165762507534659,0.013889234158623521,1.0046870592819472,1663,True,4,0.16584426944400676,5
Cadence,H1,VolatilityExpansion,"ema=50,mult=3.5",-0.01117334997301822,0.5327510917030568,-0.011493260349606555,0.9950961273993219,919,True,4,0.062151050007208,5
Cadence,H4,MeanReversion,"window=50,z=2.0",0.300085527812866,0.4792284866468843,0.17550426602844293,1.0964077479067746,679,True,4,0.13661317124585082,5
Cadence,H4,MeanReversion,"window=50,z=2.25",0.04799815536463925,0.45524296675191817,0.036806270461331655,1.0247092948182588,394,True,4,0.14408441476948108,5
Cadence,H4,MeanReversion,"window=100,z=2.25",0.18358473048836266,0.4808510638297872,0.13405170478702594,1.0817526348327922,473,True,4,0.16825596145297483,5
Cadence,H4,MeanReversion,"window=50,z=2.5",0.0738702913917062,0.46568627450980393,0.07490545377779173,1.069190688131867,205,True,4,0.07073108141050022,5
Cadence,H4,TrendFollowing,"fast=5,slow=20",-0.19781694366688574,0.5115857344348177,-0.0419700176873849,0.9921416005767588,4999,True,4,0.3441095351275649,5
Cadence,H4,TrendFollowing,"fast=34,slow=89",0.8663935602217194,0.5244811605883538,0.1838308883469688,1.035161261649622,4999,True,5,0.5719333762552585,5
Cadence,M15,MeanReversion,"window=50,z=1.5",0.38099169012423384,0.5105042016806722,0.4693941254075937,1.2158460350043334,1444,True,4,0.1153288664101334,5
Cadence,M15,MeanReversion,"window=50,z=2.0",0.10897289612572969,0.5480607082630692,0.22138839039816008,1.1260639234214236,602,True,4,0.02116758752993686,5
Cadence,M15,MeanReversion,"window=100,z=2.0",0.08192075022820067,0.5050359712230216,0.1481658132520598,1.0838516229252653,703,True,4,0.039099885281854485,5
Cadence,M15,MeanReversion,"window=50,z=2.25",0.05707230543168995,0.5246753246753246,0.14467261963473715,1.0929355226182198,391,True,4,0.04918664271985862,5
Cadence,M15,MeanReversion,"window=100,z=2.25",0.08235821267719434,0.5075268817204301,0.1678432549381502,1.1213346940014812,471,True,4,0.027054904285380266,5
Cadence,M15,MeanReversion,"window=20,z=2.75",0.08317716616891146,0.5036496350364964,0.25067156881251645,1.3083552318244769,139,True,4,0.04336376221094618,5
Cadence,M15,MeanReversion,"window=20,z=3.0",0.059213839113677946,0.5060240963855421,0.20635050900980173,1.3452684640606125,85,True,4,0.04446537194486888,5
Campbell,H1,MeanReversion,"window=50,z=1.75",0.060852533573468204,0.5133744855967078,0.07326313385671085,1.0307869538424703,1000,True,5,0.057321064478905615,5
Campbell,H1,MeanReversion,"window=50,z=2.0",-0.03889881433076958,0.49768160741885625,-0.055976131992303314,0.9724786117448637,661,True,4,0.019238215053210772,5
Campbell,H1,MeanReversion,"window=50,z=2.5",-0.010787351838456694,0.4691358024691358,-0.024607782386677428,0.9802371002178653,247,True,4,0.045343264441800035,5
Campbell,H1,TrendFollowing,"fast=13,slow=34",-0.6068603935399043,0.48430769230769233,-0.34080417446991523,0.9374128219070635,4999,True,4,0.04055200226752975,5
Campbell,H1,TrendFollowing,"fast=21,slow=55",-0.19207011038365207,0.4877948717948718,-0.107841480074175,0.9797583285527403,4999,True,4,0.25442298540862895,5
Campbell,H1,TrendFollowing,"fast=34,slow=89",0.002256668577390708,0.4980512820512821,0.0012670210018669087,1.0002402837260433,4999,True,4,0.34380550701848367,5
Campbell,H1,TrendFollowing,"fast=50,slow=200",0.039671752748451694,0.496,0.02227398110053639,1.0042325676687838,4999,True,4,0.37872577274538066,5
Campbell,H1,VolatilityExpansion,"ema=50,mult=1.5",-0.4001706346623718,0.4836033188463058,-0.320786013404365,0.9211644106878779,2598,True,4,0.0836634972957907,5
Campbell,H4,MeanReversion,"window=20,z=1.5",0.5208545326553384,0.5468521229868228,0.2479348110571505,1.1015809638777991,1384,True,5,0.6761626752193123,5
Campbell,H4,MeanReversion,"window=50,z=1.5",0.9140524926025602,0.5425977653631285,0.42717261482978236,1.1749801131197708,1448,True,4,0.7336989963247823,5
Campbell,H4,MeanReversion,"window=100,z=1.5",0.5584592542063876,0.5243572395128552,0.26762037568816943,1.1029179687156967,1495,True,4,0.41139363003189977,5
Campbell,H4,MeanReversion,"window=20,z=1.75",0.33740124014409845,0.5544217687074829,0.2136226004254324,1.1032742008621292,894,True,4,0.32474457722103034,5
Campbell,H4,MeanReversion,"window=50,z=1.75",0.7612213478041028,0.5516194331983806,0.4014543112127663,1.2052571920268849,999,True,5,0.5712506557222035,5
Campbell,H4,MeanReversion,"window=100,z=1.75",0.6725526415484016,0.538160469667319,0.36961099968295735,1.181178122972265,1035,True,5,0.41160818561825063,5
Campbell,H4,MeanReversion,"window=20,z=2.0",0.1680729776470029,0.5384615384615384,0.13713566180136003,1.0858131281928736,513,True,5,0.15240584152057746,5
Campbell,H4,MeanReversion,"window=50,z=2.0",0.4545411076669049,0.5511450381679389,0.2942757918375852,1.178846225879774,660,True,5,0.39353814955913635,5
Campbell,H4,MeanReversion,"window=100,z=2.0",0.42658827235758856,0.5492537313432836,0.2607104685578623,1.1599934030306833,675,True,5,0.4014791089133124,5
Campbell,H4,MeanReversion,"window=50,z=2.25",0.4831801582600377,0.5732323232323232,0.37015771311013745,1.3127269432892124,398,True,5,0.2937597537965281,5
Campbell,H4,MeanReversion,"window=100,z=2.25",0.5869893439981805,0.547945205479452,0.4725887848878297,1.3725908972949585,440,True,5,0.39151629201310945,5
Campbell,H4,MeanReversion,"window=100,z=2.5",0.4334256841775057,0.5415282392026578,0.38818416633344355,1.379743283327786,300,True,4,0.3115023065158534,5
Campbell,H4,MeanReversion,"window=50,z=2.75",0.325498384870771,0.6013513513513513,0.3889087137278859,1.5493250753963264,150,True,4,0.09210209655861568,5
Campbell,M15,MeanReversion,"window=20,z=1.5",0.3101280482520241,0.5117924528301887,0.4823987505311596,1.194878780996292,1331,True,4,0.05723032829046171,5
Campbell,M15,MeanReversion,"window=20,z=1.75",0.19195233112775711,0.5130111524163569,0.34848616882415623,1.1767628290847947,842,True,4,0.026312744073293204,5
Campbell,M15,MeanReversion,"window=50,z=1.75",0.1084516565739162,0.5005807200929152,0.22480241333994977,1.1021736440693,896,True,4,0.062107563131205135,5
CaraTherapeutics,H1,MeanReversion,"window=20,z=1.5",4.163964575514918,0.5508771929824562,0.9354511519646294,1.4436520427496073,1367,True,4,1.772014881102047,5
CaraTherapeutics,H1,MeanReversion,"window=50,z=1.5",1.7058239250394358,0.5037159372419489,0.3746866818049307,1.151201665688068,1434,True,4,1.0837786591572944,5
CaraTherapeutics,H1,MeanReversion,"window=100,z=1.5",1.0445833413484447,0.5008116883116883,0.2183242373838368,1.0850694301647723,1477,True,4,1.1690756715910537,5
CaraTherapeutics,H1,MeanReversion,"window=50,z=1.75",1.4828446232909758,0.5261239368165249,0.3746970906295499,1.188565956592496,969,True,4,1.0479192547805463,5
CaraTherapeutics,H1,MeanReversion,"window=100,z=1.75",0.38156987045225765,0.5029797377830751,0.08920975696931277,1.0418154623162785,992,True,4,0.9211567490336346,5
CaraTherapeutics,H1,MeanReversion,"window=20,z=2.5",0.16656347799994375,0.5338983050847458,0.0912164887678639,1.1237456143285813,138,True,4,0.26350647522906234,5
CaraTherapeutics,H4,TrendFollowing,"fast=5,slow=20",11.241613891326544,0.5044863167339614,0.20358958986306813,1.1897610048539489,4669,True,4,13.57120895331018,5
CaraTherapeutics,H4,TrendFollowing,"fast=8,slow=21",11.9910283415509,0.5089726334679229,0.21716421079107484,1.203699721535225,4669,True,4,13.220622789912639,5
CaraTherapeutics,H4,TrendFollowing,"fast=10,slow=30",11.52896573399808,0.5105428443248093,0.20879452226678177,1.1950847049381639,4669,True,4,13.559220625807013,5
CaraTherapeutics,H4,VolatilityExpansion,"ema=20,mult=2.0",0.4439287778550465,0.5193452380952381,0.07807365517832414,1.042088264166078,686,True,4,0.1366950748829644,5
CaraTherapeutics,H4,VolatilityExpansion,"ema=50,mult=2.5",0.1286399399980367,0.5079245283018868,0.01814702487323794,1.0067395951876283,1371,True,4,0.39475590715374964,5
CaraTherapeutics,M15,MeanReversion,"window=20,z=1.5",10.223065207242787,0.7129485179407177,2.604287407179066,3.5354664567473084,1186,True,5,3.1582741205930898,5
CaraTherapeutics,M15,MeanReversion,"window=50,z=1.5",7.721256472945443,0.6566455696202531,1.95351062662842,2.554022873333684,1193,True,4,1.3417690728977556,5
CaraTherapeutics,M15,MeanReversion,"window=20,z=1.75",8.318650569147614,0.744343891402715,2.419876690877874,4.280816002039859,808,True,5,2.4702214500009827,5
CaraTherapeutics,M15,MeanReversion,"window=50,z=1.75",6.234631554312589,0.6786516853932584,1.759961381422686,2.7172103788105426,812,True,4,1.3015140058570196,5
CaraTherapeutics,M15,MeanReversion,"window=20,z=2.0",6.391698316712153,0.75,2.1435153706779566,4.650940185797746,550,True,5,1.9557047669128083,5
CaraTherapeutics,M15,MeanReversion,"window=50,z=2.0",5.23430842098508,0.6947040498442367,1.6715074338050133,3.097098561800686,543,True,4,1.277800318152561,5
CaraTherapeutics,M15,MeanReversion,"window=100,z=2.0",4.621530400184103,0.6432432432432432,1.4701377338612716,2.5151853761272513,657,True,4,0.7453529184636872,5
CaraTherapeutics,M15,MeanReversion,"window=20,z=2.25",4.787149962402996,0.7714285714285715,1.818724576987887,4.765576379670278,377,True,5,1.478469425522583,5
Cardinal,H1,MeanReversion,"window=50,z=2.25",0.2801183875302624,0.5248041775456919,0.4255479793607128,1.387326449349455,385,True,4,0.047587445603915035,5
Cardinal,H1,MeanReversion,"window=50,z=2.5",0.2030517333971401,0.514018691588785,0.3601958100493296,1.4247451755641902,215,True,4,0.03574311123005969,5
Cardinal,H1,MeanReversion,"window=50,z=2.75",0.18571549645598684,0.5522388059701493,0.35975520029412006,1.5539454234461916,134,True,5,0.025552883459161402,5
Cardinal,H1,TrendFollowing,"fast=8,slow=21",-0.044252952592204964,0.5105220558478348,-0.02290361003133191,0.9950912880108486,4999,True,4,0.18679330343455136,5
Cardinal,H1,TrendFollowing,"fast=21,slow=55",0.16919093736953272,0.5072845002023473,0.08756790130914324,1.0189921553812056,4999,True,4,0.032922306837061766,5
Cardinal,H1,VolatilityExpansion,"ema=50,mult=1.5",-0.1284087256660792,0.5066237021124239,-0.0839275694643025,0.9754500927200384,2827,True,4,0.09514794790334602,5
Cardinal,H1,VolatilityExpansion,"ema=50,mult=2.5",0.06660571235613577,0.5049261083743842,0.06819239974514851,1.023401557653907,1643,True,4,0.12103137242460227,5
Cardinal,H4,TrendFollowing,"fast=21,slow=55",-0.676331893210098,0.5060410793395087,-0.15719542195534933,0.9699729426609947,4999,True,4,0.4176771504026099,5
Cardinal,H4,VolatilityExpansion,"ema=20,mult=3.0",0.045181782811949955,0.5302325581395348,0.049084234926462605,1.0443521774726894,214,True,4,0.19373923566769768,5
Cardinal,M15,MeanReversion,"window=20,z=1.5",0.1793638074389775,0.5180212014134276,0.23941405504731558,1.112471333091268,1439,True,4,0.18257432828350284,5
Cardinal,M15,MeanReversion,"window=50,z=1.5",0.26327735020149223,0.5286458333333334,0.46475944572945393,1.178136440014864,1566,True,5,0.1304487609204239,5
Cardinal,M15,MeanReversion,"window=100,z=1.5",-0.007523871273416249,0.5063532401524777,-0.008342359630391465,0.9953224334187089,1609,True,4,0.04297252432399945,5
Cardinal,M15,MeanReversion,"window=20,z=1.75",0.16276349292913028,0.5263713080168776,0.23361953895122767,1.1404837608715686,961,True,5,0.1817735924828503,5
Cardinal,M15,MeanReversion,"window=50,z=1.75",0.34157454567742407,0.5461065573770492,0.6981631622000339,1.35305824466286,998,True,4,0.11974173059079918,5
Cardinal,M15,MeanReversion,"window=100,z=1.75",0.31361149468249294,0.5320829220138203,0.7251439156200503,1.3696645504655562,1039,True,4,0.07730852307971525,5
Cardinal,M15,MeanReversion,"window=20,z=2.0",0.14068598255588105,0.546031746031746,0.21321239316481982,1.1642243635978564,634,True,5,0.13143453297538576,5
Cardinal,M15,MeanReversion,"window=50,z=2.0",0.2656207488288743,0.5586319218241043,0.6256738680430999,1.4095526664681555,625,True,4,0.0827260712267136,5
Cardinal,M15,MeanReversion,"window=100,z=2.0",0.23764460130875054,0.5424,0.6282734744561643,1.4220090664149423,639,True,4,0.08692334531102419,5
Cardinal,M15,MeanReversion,"window=20,z=2.25",0.20400645969796005,0.5683646112600537,0.5024900820696125,1.4109764482964644,375,True,4,0.06595473640398841,5
Cardinal,M15,MeanReversion,"window=100,z=2.25",0.1973681263631173,0.5536723163841808,0.5964234604418606,1.5596710777376552,359,True,4,0.049393063452957686,5
Cardinal,M15,MeanReversion,"window=20,z=2.5",0.18708809974049034,0.5874439461883408,0.5606168134116185,1.6100326241603706,224,True,4,0.059375378839174986,5
Cardinal,M15,TrendFollowing,"fast=5,slow=20",0.18846882798133346,0.5047890768290197,0.140477296452625,1.0386232154926114,4999,True,4,0.11569881434633866,5
Cardinal,M15,TrendFollowing,"fast=8,slow=21",0.02082777318850193,0.5054004483391074,0.015523607397451344,1.0041961886361406,4999,True,4,0.08287120986936758,5
Cardinal,M15,TrendFollowing,"fast=10,slow=30",0.31726880599837937,0.5125331159567964,0.2364967500408209,1.0658879614518355,4999,True,4,0.21812034904543198,5
Cardinal,M15,TrendFollowing,"fast=21,slow=55",0.19570492837923925,0.5090686773996331,0.14587124989120223,1.0401358798695297,4999,True,4,0.2444626843512585,5
Caterpillar,H1,MeanReversion,"window=50,z=1.5",-0.43976155286248797,0.49167733674775926,-0.3737860323303506,0.8774505597466026,1565,True,4,0.1671436187258798,5
Caterpillar,H1,MeanReversion,"window=100,z=1.5",-0.2292991967956125,0.5009129640900791,-0.17882054759768265,0.9396230365196502,1645,True,4,0.21823566915551118,5
Caterpillar,H1,MeanReversion,"window=100,z=2.0",-0.08346358300317591,0.494148244473342,-0.097282773795877,0.9535002267833329,770,True,4,0.10098181485196833,5
Caterpillar,H1,VolatilityExpansion,"ema=20,mult=3.0",0.11445223352710299,0.5131964809384164,0.18751749362930695,1.1442741139145103,341,True,4,0.023386414613547735,5
Caterpillar,H4,TrendFollowing,"fast=5,slow=20",1.2673499782263211,0.49939759036144576,0.30031978857720854,1.059712612377739,4999,True,5,1.1502865552436259,5
Caterpillar,H4,TrendFollowing,"fast=8,slow=21",0.7085729122821667,0.5006024096385542,0.16788755542767894,1.0329514426328568,4999,True,5,0.9683196678515085,5
Caterpillar,H4,TrendFollowing,"fast=10,slow=30",0.7254003947719145,0.5016064257028112,0.17187508056889425,1.0337471914559726,4999,True,4,0.9210745221156367,5
Caterpillar,H4,TrendFollowing,"fast=13,slow=34",0.00410381586684605,0.49738955823293174,0.0009722938422525719,1.0001877679716666,4999,True,4,0.9728866547445014,5
Caterpillar,H4,TrendFollowing,"fast=21,slow=55",0.5655846690732962,0.506425702811245,0.1340055462554419,1.026214766054609,4999,True,4,1.2249534756280747,5
Caterpillar,H4,TrendFollowing,"fast=34,slow=89",0.140948576402667,0.5026104417670683,0.0333942214731619,1.0064692821188914,4999,True,4,1.224734249306216,5
Caterpillar,H4,VolatilityExpansion,"ema=20,mult=1.5",0.6201627949998489,0.4981373070782331,0.23378489300589667,1.0759504181810384,1884,True,4,0.6062341644641998,5
Caterpillar,H4,VolatilityExpansion,"ema=50,mult=1.5",1.1216928166797775,0.5032701111837803,0.3364794373001979,1.0874984481423668,3071,True,4,1.0491137836223965,5
Caterpillar,H4,VolatilityExpansion,"ema=20,mult=2.0",0.2019219019462093,0.48912097476066146,0.10034594135186665,1.0406473912871592,1152,True,4,0.41774573732182696,5
Caterpillar,H4,VolatilityExpansion,"ema=50,mult=2.0",0.8733666799377744,0.5029797377830751,0.285612953313213,1.0823501958506312,2528,True,4,0.9833084692378707,5
Caterpillar,H4,VolatilityExpansion,"ema=20,mult=2.5",0.34076176265656133,0.49926144756277696,0.20757873246163921,1.116318124333995,677,True,4,0.2753403341230489,5
Caterpillar,H4,VolatilityExpansion,"ema=50,mult=2.5",0.2397097482788354,0.49524286429644465,0.0890028029209615,1.0277585125721478,2004,True,4,0.8003854800470013,5
Caterpillar,H4,VolatilityExpansion,"ema=20,mult=3.0",-0.03545607055201805,0.48509485094850946,-0.03152491832431511,0.9786549101018788,369,True,4,0.13865377372930776,5
Caterpillar,H4,VolatilityExpansion,"ema=50,mult=3.0",0.4373428431474752,0.49476439790575916,0.19082086202811555,1.0683802123121553,1532,True,5,0.5565969109660611,5
Caterpillar,H4,VolatilityExpansion,"ema=50,mult=3.5",0.26105256655738585,0.48945518453427067,0.1305905482929334,1.0552748947161492,1139,True,4,0.451728655257031,5
Caterpillar,M15,MeanReversion,"window=20,z=2.25",-0.08877533220648337,0.4730077120822622,-0.22329712333933363,0.8631754183988154,390,True,4,0.0495940753505949,5
Caterpillar,M15,MeanReversion,"window=50,z=2.25",-0.035018721600516556,0.4923747276688453,-0.09746081088293572,0.9449838770881765,459,True,4,0.035870069457427545,5
Caterpillar,M15,MeanReversion,"window=20,z=2.5",-0.099948683786795,0.4691358024691358,-0.2886380964664497,0.7938545750779507,244,True,4,0.028377343135724042,5
Caterpillar,M15,MeanReversion,"window=50,z=2.5",-0.06824795813577156,0.4791666666666667,-0.22438884884656685,0.84956745510193,288,True,4,0.028517253188076963,5
Caterpillar,M15,MeanReversion,"window=20,z=2.75",-0.07056946043623091,0.43884892086330934,-0.2518679521669161,0.7651561812960394,140,True,4,0.01123279035410063,5
Caterpillar,M15,MeanReversion,"window=50,z=2.75",-0.05143727606803927,0.467005076142132,-0.20766072756146217,0.834456968498824,196,True,4,0.036131834266585394,5
Cemex,H1,TrendFollowing,"fast=8,slow=21",0.7003313413102995,0.5126426493622734,0.25615814782501056,1.0499990823622274,4997,True,4,0.3817770691253747,5
Cemex,H1,TrendFollowing,"fast=21,slow=55",0.39386296805530263,0.5027970463190871,0.14404928225496277,1.0278149494158693,4997,True,4,0.041193689600941386,5
Cemex,H1,TrendFollowing,"fast=34,slow=89",0.21740525051472204,0.49966435444170954,0.07951032766352084,1.0152582788363689,4997,True,4,0.18531464594123237,5
Cemex,H1,VolatilityExpansion,"ema=20,mult=1.5",0.6312679227797859,0.5180255130338325,0.36214987558392586,1.1141857817968517,1992,True,4,0.18087069686776225,5
Cemex,H1,VolatilityExpansion,"ema=50,mult=1.5",0.7163770056160682,0.5135878912968697,0.32840380188094914,1.080560374528547,3274,True,5,0.23374912972191608,5
Cemex,H1,VolatilityExpansion,"ema=20,mult=2.5",0.32164321741958823,0.5266187050359712,0.2871776745301184,1.1426274878649965,758,True,4,0.06603283748321054,5
Cemex,H1,VolatilityExpansion,"ema=20,mult=3.0",0.43350348517884996,0.5523560209424084,0.49993025663911733,1.3638999410308374,418,True,4,0.1603456847610718,5
Cemex,H4,MeanReversion,"window=100,z=2.25",0.02360667770314906,0.5048543689320388,0.011265282110458616,1.0072111871206737,430,True,4,0.10311211860706615,5
Cemex,H4,TrendFollowing,"fast=5,slow=20",-1.5860915844657877,0.490378515542398,-0.2403313680405957,0.9566771084036804,4999,True,4,1.387859286361955,5
Cemex,H4,TrendFollowing,"fast=8,slow=21",-0.3247296539062402,0.4941848170860647,-0.04919902073047914,0.9909747816062201,4999,True,4,1.3786734458457732,5
Cemex,H4,TrendFollowing,"fast=10,slow=30",0.04207500988931223,0.490378515542398,0.006374654984973142,1.0011753829582146,4999,True,4,1.1617019336682808,5
Cemex,H4,TrendFollowing,"fast=13,slow=34",0.2455418937426289,0.49291604990484245,0.03720139421827938,1.0068788647616291,4999,True,4,1.606320966646329,5
Cemex,H4,TrendFollowing,"fast=21,slow=55",1.1050322585543797,0.4912243603298795,0.16742932950571418,1.0313347669500792,4999,True,4,1.951090265741014,5
Cemex,H4,TrendFollowing,"fast=34,slow=89",3.6230097542032107,0.5043349545358427,0.5492395023589309,1.1065391039248458,4999,True,5,2.025169588057299,5
Cemex,H4,TrendFollowing,"fast=50,slow=200",1.8705997207115912,0.5028547261577501,0.28345395732267537,1.053625597629896,4999,True,5,1.9002121887821202,5
Cemex,H4,VolatilityExpansion,"ema=20,mult=2.0",0.4393147017427259,0.500467726847521,0.13376126160225216,1.0541176530813403,1126,True,4,0.3718411572135544,5
Cemex,H4,VolatilityExpansion,"ema=50,mult=2.0",1.1309589148201131,0.4937310851707739,0.23982007539424516,1.066051206473631,2449,True,4,1.0078313013743432,5
Cemex,H4,VolatilityExpansion,"ema=50,mult=3.5",-0.01119712343377055,0.49547738693467336,-0.0033271885575684823,0.9986069236143064,1043,True,4,0.5980085192238581,5
Cemex,M15,MeanReversion,"window=20,z=1.75",0.18505868788663127,0.5357142857142857,0.2677452625502154,1.1415232880043882,919,True,4,0.10167533676952223,5
Cemex,M15,MeanReversion,"window=50,z=2.0",-0.08095753440391473,0.5,-0.13148792519518393,0.9302562247765064,694,True,4,0.02573963780015187,5
Cemex,M15,MeanReversion,"window=50,z=2.25",-0.03523889406137504,0.49865951742627346,-0.06740823555262022,0.9531397318886264,430,True,4,0.010604723168778474,5
Cemex,M15,MeanReversion,"window=20,z=2.5",0.17544954574070803,0.5502958579881657,0.363781034526737,1.5658331195631647,193,True,4,0.02998462618901354,5
Centene,H4,MeanReversion,"window=20,z=1.5",1.5577206839199444,0.5124269005847953,0.4880036340522927,1.2466856830090138,1379,True,5,0.8167493212287379,5
Centene,H4,MeanReversion,"window=20,z=1.75",1.1324823879393744,0.5108323831242874,0.4210239655037248,1.284739280416825,883,True,4,0.48644269225800196,5
Centene,H4,MeanReversion,"window=20,z=2.0",1.068979739619564,0.5250463821892394,0.44203585493056374,1.4456805017649976,544,True,5,0.5430964627757371,5
Centene,H4,MeanReversion,"window=50,z=2.0",0.5501802841242163,0.5158069883527454,0.31086643347938214,1.2021416280642376,605,True,4,0.028356310256875905,5
Centene,H4,MeanReversion,"window=20,z=2.25",0.3635689542449797,0.5033333333333333,0.3180890138064436,1.2927138769140458,302,True,4,0.2418950017831708,5
Centene,H4,MeanReversion,"window=50,z=2.25",0.5628239953088666,0.5055555555555555,0.3991893282073594,1.3793547640565202,361,True,4,0.10700376766822017,5
Centene,H4,MeanReversion,"window=20,z=2.5",0.4606028220671379,0.525974025974026,0.4914530368891647,1.8520333478871602,155,True,4,0.1644990399777646,5
Centene,H4,TrendFollowing,"fast=34,slow=89",-0.3802689287774659,0.5074747474747475,-0.07254056929573241,0.9850991415356601,4999,True,4,0.9802144483377481,5
Centene,M15,MeanReversion,"window=20,z=2.25",0.11906740574764174,0.5321637426900585,0.21940676343431975,1.1614756002397308,352,True,4,0.03884195436651139,5
Centene,M15,MeanReversion,"window=20,z=2.5",0.12616532144377823,0.5555555555555556,0.2629422824767598,1.24788153782982,220,True,4,0.08187775890455373,5
Centene,M15,TrendFollowing,"fast=5,slow=20",-0.013640246745884155,0.5001040149781568,-0.0057380816846016374,0.9982950535520005,4999,True,4,0.33495479630204383,5
Centene,M15,TrendFollowing,"fast=8,slow=21",-0.19289730966805207,0.5019762845849802,-0.0811477191186588,0.9761561526946417,4999,True,4,0.2301374342072524,5
Centene,M15,TrendFollowing,"fast=10,slow=30",-0.19348827853639927,0.49968795506552943,-0.08139633344592241,0.9760839771340534,4999,True,5,0.35563271156737475,5
Centene,M15,TrendFollowing,"fast=13,slow=34",-0.30375190354672965,0.5001040149781568,-0.12778431595816364,0.9627090172677787,4999,True,4,0.38794119755301004,5
Centene,M15,TrendFollowing,"fast=21,slow=55",-0.5660478089936919,0.49823174537133347,-0.23814773749146417,0.931608652847939,4999,True,4,0.184493843114929,5
Centene,M15,VolatilityExpansion,"ema=20,mult=1.5",0.3214890322068893,0.5128834355828221,0.2631118613227251,1.1075560775916902,1688,True,4,0.29948704644157853,5
Centene,M15,VolatilityExpansion,"ema=50,mult=1.5",-0.11697979391422775,0.5030542579949695,-0.05393177160196813,0.976885463886803,2904,True,4,0.32690197368449947,5
Centene,M15,VolatilityExpansion,"ema=50,mult=2.5",0.020015175759556025,0.5169727323316639,0.009965674493100334,1.0057495243221108,1874,True,4,0.22107498817300375,5
Centene,M15,VolatilityExpansion,"ema=50,mult=3.0",0.05445466992819947,0.5249146757679181,0.02899240874919492,1.0192471868450739,1527,True,5,0.2925223361720152,5
Centene,M15,VolatilityExpansion,"ema=20,mult=3.5",0.20921753263950038,0.5058823529411764,0.29811251617122797,1.37649740253956,261,True,4,0.1424092088149922,5
Centene,M15,VolatilityExpansion,"ema=50,mult=3.5",0.4954958015827494,0.5361344537815126,0.5139325258003334,1.2567561068877056,1244,True,5,0.28517612346011645,5
CenterPoint,H1,MeanReversion,"window=100,z=1.5",0.25067979320243494,0.49483204134366926,0.31396418655714536,1.1008465687503148,1608,True,4,0.08045608159140627,5
CenterPoint,H1,MeanReversion,"window=50,z=1.75",0.2762351986283045,0.512218963831867,0.43070276609013,1.1765495984080199,1070,True,5,0.05958773381201965,5
CenterPoint,H1,MeanReversion,"window=100,z=1.75",0.20551889141445867,0.48962264150943396,0.30672706183148035,1.121783287883823,1103,True,5,0.1270250807526072,5
CenterPoint,H1,MeanReversion,"window=20,z=2.25",-0.0026716734964509214,0.4785714285714286,-0.006522283271018242,0.995454883761276,291,True,4,0.058528536611872184,5
CenterPoint,H1,MeanReversion,"window=100,z=2.5",-0.020590102942347643,0.4717948717948718,-0.06352504583832222,0.9487439543321962,200,True,4,0.02765782465087996,5
CenterPoint,H1,VolatilityExpansion,"ema=20,mult=2.0",0.027779378417734923,0.5288590604026846,0.04812426018396426,1.0215504130659192,777,True,4,0.06194404726335001,5
CenterPoint,H4,MeanReversion,"window=50,z=1.75",0.6730286991626095,0.5109780439121756,0.4059569705793502,1.1769218312082217,1024,True,4,0.045712905442319096,5
CenterPoint,H4,MeanReversion,"window=50,z=2.0",0.48540876467629124,0.5107794361525705,0.3825077561531245,1.213828702440506,617,True,4,0.14172855626259206,5
CenterPoint,H4,MeanReversion,"window=50,z=2.25",0.17757105652350025,0.5238095238095238,0.20034621638747727,1.1398101129999594,344,True,4,0.16747730491602297,5
CenterPoint,H4,MeanReversion,"window=50,z=2.5",0.09208245638115531,0.5489130434782609,0.12382938664720863,1.1146968093496936,189,True,4,0.11265894220240447,5
CenterPoint,M15,MeanReversion,"window=50,z=2.25",0.08338019038083677,0.5448504983388704,0.4261900880644242,1.3465165023742196,315,True,4,0.017586350351826208,5
CenturyAluminum,H1,TrendFollowing,"fast=34,slow=89",-0.40766194602329997,0.5003111387678905,-0.07914186816548313,0.9840179035438139,4999,True,4,0.8171541157974879,5
CenturyAluminum,H1,TrendFollowing,"fast=50,slow=200",-0.0360398263188183,0.5021779713752333,-0.006996542197261108,0.9985767162198251,4999,True,4,0.7076400651625597,5
CenturyAluminum,H4,MeanReversion,"window=20,z=2.0",0.4966562172671032,0.5190380761523046,0.12750501572706488,1.07959738391332,503,True,4,0.2457297871126357,5
CenturyAluminum,H4,TrendFollowing,"fast=5,slow=20",1.8721088733835782,0.49938900203665987,0.16738853165839618,1.0318799745263019,4999,True,4,1.1622240372040231,5
CenturyAluminum,H4,TrendFollowing,"fast=8,slow=21",0.5931997214306295,0.4991853360488798,0.05303637264928505,1.0099927319839934,4999,True,4,0.9158888683220231,5
CenturyAluminum,H4,TrendFollowing,"fast=10,slow=30",-0.22415035504115144,0.4961303462321792,-0.02004057730310446,0.9962498973833918,4999,True,4,0.8120805658803077,5
CenturyAluminum,H4,TrendFollowing,"fast=13,slow=34",0.8731241102219098,0.4995926680244399,0.07806415871961697,1.0147429516023199,4999,True,5,1.4963466623294068,5
CenturyAluminum,H4,VolatilityExpansion,"ema=50,mult=1.5",0.9244484089373489,0.4968623108157992,0.10863984598099836,1.0279075615384135,2754,True,4,0.30067469049718965,5
CenturyAluminum,H4,VolatilityExpansion,"ema=20,mult=2.0",1.0022532208986257,0.5220883534136547,0.1886765347401856,1.082850786236649,1010,True,4,1.0318482104581586,5
CenturyAluminum,H4,VolatilityExpansion,"ema=20,mult=2.5",0.5756858300629903,0.5377855887521968,0.13805300030221312,1.0803445803148848,571,True,4,0.5487885324337365,5
CenturyAluminum,H4,VolatilityExpansion,"ema=20,mult=3.0",0.704206781235996,0.5301587301587302,0.22111466203123628,1.1790002850213874,316,True,4,0.5680612862934729,5
CenturyAluminum,M15,MeanReversion,"window=50,z=1.5",0.5371641314557619,0.5318379160636758,0.3538433366083459,1.1391695133554058,1434,True,4,0.06934410765553067,5
CenturyAluminum,M15,TrendFollowing,"fast=50,slow=200",-0.44751312908185625,0.5108650229837025,-0.14595447116791094,0.9668317787399696,4999,True,4,0.06836020039098956,5
Charter,H1,MeanReversion,"window=20,z=1.5",-0.12446326624829307,0.5081042988019733,-0.08208584126486126,0.9678207028787853,1421,True,4,0.07763651909247404,5
Charter,H1,MeanReversion,"window=100,z=1.75",-0.02951361624981652,0.518595041322314,-0.02194426383479772,0.9902345794098166,967,True,4,0.0975545471742354,5
Charter,H1,TrendFollowing,"fast=13,slow=34",-0.04240649184792755,0.5027070382995789,-0.015333003707688751,0.9968237453301942,4999,True,4,0.07423983618488306,5
Charter,H4,MeanReversion,"window=20,z=1.5",0.18910593982212676,0.5178571428571429,0.07632016769867846,1.0282339888190906,1456,True,4,0.12422693414116515,5
Charter,H4,MeanReversion,"window=20,z=2.0",0.4390363485267693,0.5635673624288425,0.3281731012065472,1.2058266637969435,526,True,5,0.3802652661337922,5
Charter,H4,MeanReversion,"window=20,z=2.25",0.3301346293061661,0.6060606060606061,0.31436263995088803,1.2668818028839375,296,True,5,0.2863477381474545,5
Charter,H4,TrendFollowing,"fast=5,slow=20",-0.6814998915699401,0.4934934934934935,-0.14721135183712541,0.9710837474414911,4999,True,4,0.6567308163831097,5
Charter,H4,TrendFollowing,"fast=8,slow=21",-0.4812256115179433,0.4950950950950951,-0.10394769855522082,0.9794943219411766,4999,True,4,0.6534012020817853,5
Charter,H4,TrendFollowing,"fast=10,slow=30",0.4765748760659593,0.5025025025025025,0.10294306856836609,1.0207305436177787,4999,True,4,0.9151914507512965,5
Charter,H4,TrendFollowing,"fast=13,slow=34",0.6219431284712759,0.5045045045045045,0.13434548075700484,1.0271397285960349,4999,True,4,0.7604258288784532,5
Charter,H4,TrendFollowing,"fast=21,slow=55",0.3259198578808348,0.5069069069069069,0.0703998812610009,1.0141308945196996,4999,True,5,1.5920088821969869,5
Charter,H4,TrendFollowing,"fast=34,slow=89",0.23901213778669061,0.5069069069069069,0.051627261181544495,1.0103433527426282,4999,True,4,1.1246737451729807,5
Charter,H4,TrendFollowing,"fast=50,slow=200",1.2148024802326303,0.5183183183183183,0.26243505955206786,1.0537050191349973,4999,True,5,1.0522167164883833,5
Charter,H4,VolatilityExpansion,"ema=50,mult=1.5",0.03277992584533207,0.4969932790944464,0.009700584187326925,1.0025581083748343,2829,True,4,0.7329460085918598,5
Charter,M15,MeanReversion,"window=20,z=1.5",-0.009012760558204214,0.5200562983814215,-0.008203901165043216,0.9961173837771685,1436,True,4,0.09184193175070254,5
Charter,M15,MeanReversion,"window=50,z=1.5",-0.14064765872890084,0.4939271255060729,-0.13814419450600582,0.9422870198336722,1497,True,4,0.1573962262818701,5
Charter,M15,MeanReversion,"window=100,z=1.5",-0.12831476210833892,0.5067043048694425,-0.1277103553361705,0.9443143240795856,1429,True,4,0.1070244671268098,5
Charter,M15,MeanReversion,"window=50,z=1.75",-0.2328974969563946,0.4807502467917078,-0.24497929423729897,0.8751967065823616,1024,True,5,0.10206971872622828,5
Charter,M15,MeanReversion,"window=100,z=1.75",-0.1130739091077404,0.5110876451953538,-0.12107843462800896,0.9323200430911226,955,True,4,0.08299633998591116,5
Charter,M15,MeanReversion,"window=100,z=2.0",-0.1268134948852877,0.5,-0.14583274833819307,0.89603506685489,630,True,4,0.07504955521448509,5
Charter,M15,MeanReversion,"window=100,z=2.25",-0.14874129314034434,0.49627791563275436,-0.1845192072343608,0.8322201025748299,407,True,4,0.07082154939366514,5
Charter,M15,TrendFollowing,"fast=21,slow=55",0.6135293699507993,0.4964653605332256,0.39284626975002573,1.088888609692113,4999,True,4,0.01463794531543261,5
Charter,M15,TrendFollowing,"fast=50,slow=200",0.5534721944401224,0.4932336901636033,0.354371118536588,1.0798401299722802,4999,True,4,0.13087431060509758,5
Chevron,H1,MeanReversion,"window=20,z=1.5",0.18633999032724158,0.4975369458128079,0.22580193504841245,1.0790570732509377,1433,True,4,0.1331925161496098,5
Chevron,H1,MeanReversion,"window=20,z=1.75",0.13806585895927848,0.4948571428571429,0.2222203001459082,1.0984192926506617,880,True,4,0.10714277181524756,5
Chevron,H1,MeanReversion,"window=20,z=2.0",0.20616767662215552,0.5103578154425612,0.4100726265497241,1.2453632519037732,531,True,4,0.0806469185052533,5
Chevron,H1,MeanReversion,"window=50,z=2.0",-0.03503674087803943,0.4966101694915254,-0.06192496627749988,0.9676205452292036,594,True,4,0.061873668469359155,5
Chevron,H1,MeanReversion,"window=20,z=2.25",0.1736869693442048,0.5067114093959731,0.46156323180291403,1.3862477527967667,298,True,4,0.05628072327445177,5
Chevron,H4,VolatilityExpansion,"ema=20,mult=1.5",-0.4073509330654098,0.47522236340533675,-0.1727815404450069,0.939201610755027,1583,True,4,0.29950591717278185,5
Chevron,H4,VolatilityExpansion,"ema=20,mult=2.0",-0.15613896317503895,0.48114285714285715,-0.08781165406616862,0.9590963971440644,879,True,4,0.20683658776869263,5
Chevron,H4,VolatilityExpansion,"ema=20,mult=2.5",0.24965590031527118,0.5098901098901099,0.17686179972780577,1.125643778517936,459,True,4,0.18634339363362729,5
Chevron,H4,VolatilityExpansion,"ema=20,mult=3.0",0.22467084138531157,0.5064935064935064,0.20225825005592146,1.2175168400520726,231,True,5,0.148582662228807,5
Chevron,H4,VolatilityExpansion,"ema=50,mult=3.0",-0.34261519008484964,0.4888888888888889,-0.16008890510073007,0.9303155614148699,1087,True,4,0.3618860820331319,5
Chevron,H4,VolatilityExpansion,"ema=50,mult=3.5",-0.2885632861242531,0.4808219178082192,-0.15656534438040942,0.9156525201841678,735,True,4,0.34500177021950407,5
Chevron,M15,MeanReversion,"window=50,z=2.0",0.11382617045339893,0.5241935483870968,0.3599299562121911,1.2112758982032705,629,True,4,0.07089848208247096,5
Chevron,M15,MeanReversion,"window=20,z=2.25",0.031264648857371125,0.5240963855421686,0.08803293365515959,1.0731189052579606,332,True,4,0.02941134390087552,5
Chevron,M15,MeanReversion,"window=50,z=2.25",0.061837734758201535,0.544,0.24679364388421893,1.16713120210452,378,True,4,0.03349421680864928,5
Chevron,M15,MeanReversion,"window=50,z=2.5",0.07777271619176873,0.5450819672131147,0.376260288138933,1.3415615765731144,244,True,4,0.03647710308434893,5
Chevron,M15,MeanReversion,"window=50,z=2.75",0.06722180426039959,0.5279503105590062,0.41571033750790054,1.4746471206162826,160,True,4,0.03830303924089351,5
Chipotle,H1,MeanReversion,"window=20,z=1.5",-0.027019492165840875,0.4958734525447043,-0.01915233148492342,0.9915153987346175,1491,True,4,0.22587850566296808,5
Chipotle,H1,MeanReversion,"window=50,z=1.5",-0.10500163337070856,0.49144736842105263,-0.0766856235886475,0.9693984505742251,1560,True,4,0.2635673539846466,5
Chipotle,H1,MeanReversion,"window=20,z=1.75",0.006207231697146431,0.4983922829581994,0.004872682865508372,1.0029203118632406,958,True,4,0.08219741382057821,5
Chipotle,H1,MeanReversion,"window=50,z=1.75",-0.27555534060768794,0.4886475814412636,-0.22820024797994037,0.884399244147129,1036,True,4,0.06263062200665659,5
Chipotle,H1,MeanReversion,"window=100,z=2.0",-0.29598421394449625,0.44563758389261743,-0.27448354355436705,0.837066519098186,758,True,4,0.09216089579604925,5
Chipotle,H1,MeanReversion,"window=100,z=2.25",-0.2510758753203265,0.4554865424430642,-0.2508030740118567,0.8019538125745039,492,True,4,0.12310479815960795,5
Chipotle,H1,MeanReversion,"window=100,z=2.75",-0.023195430924908167,0.4276729559748428,-0.05948205724212223,0.9450454771161593,163,True,4,0.08651766378778059,5
Chipotle,H4,MeanReversion,"window=20,z=2.5",0.9070023041274536,0.5389221556886228,0.43067260237976523,1.2750992391265044,678,True,4,0.15816386327869847,5
Chipotle,H4,MeanReversion,"window=100,z=2.75",0.8747776311049357,0.5146103896103896,0.3434040160349015,1.149290646973235,1248,True,4,0.2969367480579165,5
Chipotle,H4,TrendFollowing,"fast=5,slow=20",1.3796731169887197,0.5059719934102141,0.2683193275289398,1.0568795849618267,4999,True,4,0.8909332697309814,5
Chipotle,H4,TrendFollowing,"fast=8,slow=21",1.5487427429729455,0.5053542009884678,0.30121124363352647,1.0640730955289373,4999,True,4,0.7924464701624713,5
Chipotle,H4,TrendFollowing,"fast=10,slow=30",1.0884068605528077,0.5049423393739704,0.21166233987087016,1.0446037919525784,4999,True,4,0.7303368304617462,5
Chipotle,H4,TrendFollowing,"fast=34,slow=89",0.705413211090119,0.5094728171334432,0.13717454209440835,1.0286833051429525,4999,True,4,0.5509885147495687,5
Chipotle,H4,VolatilityExpansion,"ema=20,mult=1.5",0.6990403385695857,0.513949163050217,0.2553942351148993,1.0898316260860763,1666,True,5,0.7864025353049588,5
Chipotle,H4,VolatilityExpansion,"ema=50,mult=1.5",1.2166449136344988,0.515018315018315,0.3384611881429263,1.0957799804730954,2813,True,4,0.9003743264147487,5
Chipotle,H4,VolatilityExpansion,"ema=50,mult=2.0",0.4670131300693743,0.51246660730187,0.14459608958219095,1.0441541097381513,2320,True,5,0.822204085785034,5
Chipotle,H4,VolatilityExpansion,"ema=50,mult=2.5",0.5032045053993496,0.5095936794582393,0.17276088785256158,1.0603603139835474,1830,True,5,0.8929056907820645,5
Chipotle,H4,VolatilityExpansion,"ema=50,mult=3.0",0.07282588538438284,0.5139296187683284,0.030599467077862146,1.0114441817799544,1407,True,4,0.34783437616576307,5
Chipotle,M15,MeanReversion,"window=50,z=2.25",-0.22817768397554528,0.4397905759162304,-0.24251745420581358,0.7228560018040674,395,True,4,0.049494867862407865,5
Chipotle,M15,TrendFollowing,"fast=13,slow=34",0.08756943929970606,0.5104210087536474,0.05440546341342099,1.0141439849624925,4999,True,4,0.14877294576012556,5
Chipotle,M15,TrendFollowing,"fast=21,slow=55",0.25036748349894655,0.5120883701542309,0.1555557869020988,1.040977440831067,4999,True,4,0.2821684962595944,5
Chipotle,M15,TrendFollowing,"fast=34,slow=89",0.41647795159348744,0.5139641517298874,0.2587838200188498,1.0691039755697094,4999,True,5,0.5660739942774696,5
Chipotle,M15,TrendFollowing,"fast=50,slow=200",0.39874863446553743,0.5104210087536474,0.24776474174252064,1.066065071247864,4999,True,4,0.4638351830708213,5
Chipotle,M15,VolatilityExpansion,"ema=20,mult=3.0",0.04640317787251347,0.544973544973545,0.10148690350848626,1.067242368640479,388,True,4,0.029586981194620998,5
Chubb,H1,MeanReversion,"window=20,z=2.0",0.00800054051489707,0.5113438045375218,0.01715644245757928,1.0091211995848408,573,True,4,0.03677776726416271,5
Chubb,H1,MeanReversion,"window=50,z=2.0",0.013199608455105483,0.5151515151515151,0.028196671290344522,1.014313127505063,629,True,4,0.0575194290669766,5
Chubb,H1,MeanReversion,"window=20,z=2.25",0.08853545092215187,0.5080906148867314,0.2564090107356879,1.1967311656804593,308,True,4,0.04143445351276753,5
Chubb,H1,MeanReversion,"window=20,z=2.5",0.020822628820588385,0.525,0.07780585507839137,1.0805243993827898,159,True,5,0.03255864037601042,5
Chubb,H4,MeanReversion,"window=20,z=1.5",0.34481719354458795,0.5028050490883591,0.1898794188010151,1.0709208041080782,1429,True,4,0.2005268570485682,5
Chubb,H4,MeanReversion,"window=50,z=1.75",0.48724659216472876,0.5154142581888247,0.2887388385829053,1.137522698135591,1040,True,4,0.1010342833880683,5
Chubb,H4,MeanReversion,"window=20,z=2.0",0.1998543850492197,0.5261194029850746,0.1829494631709001,1.1104181638148434,536,True,4,0.13375100296063025,5
Chubb,H4,MeanReversion,"window=50,z=2.0",0.6114793314040186,0.516320474777448,0.47326343932607445,1.2846028265738652,674,True,4,0.15201569586643082,5
Chubb,H4,MeanReversion,"window=20,z=2.25",-0.08007639857969584,0.5123674911660777,-0.10781208978206525,0.9212924115219843,282,True,4,0.03680929147979717,5
Chubb,H4,MeanReversion,"window=50,z=2.25",0.19067400174226257,0.4951923076923077,0.18626749605344242,1.132655860723091,415,True,4,0.09537078838200297,5
Chubb,H4,MeanReversion,"window=50,z=2.5",0.057128718316174165,0.5042016806722689,0.08760381568190216,1.0725073894475496,237,True,4,0.024610501683818287,5
Chubb,H4,TrendFollowing,"fast=8,slow=21",-0.929389388042636,0.49266626481816356,-0.2855634619812203,0.945177901508138,4999,True,4,0.3464123427731248,5
Chubb,M15,MeanReversion,"window=20,z=1.75",0.3072177241711167,0.5512820512820513,0.7709896710862425,1.3852122203453865,1021,True,4,0.06727400453629728,5
Chubb,M15,MeanReversion,"window=50,z=1.75",0.1494810934122477,0.5251184834123223,0.4538851568158179,1.1987753247200124,1060,True,4,0.03720696058856687,5
Chubb,M15,MeanReversion,"window=20,z=2.0",0.23148414953860896,0.5633116883116883,0.6662989769404442,1.4344837344464412,623,True,4,0.07407633918982703,5
Chubb,M15,MeanReversion,"window=50,z=2.0",0.1295838431418177,0.5305514157973175,0.44745099035460656,1.2521008204844724,674,True,4,0.03502248388504525,5
Chubb,M15,TrendFollowing,"fast=5,slow=20",-0.1648739307665117,0.5096173314436121,-0.1976647632662958,0.9582575096568374,4999,True,4,0.015524008216952878,5
Chubb,M15,TrendFollowing,"fast=8,slow=21",-0.13033209209837215,0.512249443207127,-0.15624855143835875,0.9668578331822079,4999,True,4,0.01587101557610049,5
Cigna,H1,MeanReversion,"window=20,z=1.5",-0.02953005528165875,0.5237762237762238,-0.020972638129052455,0.9902663998304749,1434,True,4,0.16378400300107754,5
Cigna,H1,MeanReversion,"window=20,z=2.0",0.13252564472514494,0.5308411214953271,0.1380248232405916,1.1060162006460443,535,True,4,0.11475708252803996,5
Cigna,H1,MeanReversion,"window=20,z=2.25",0.09202082254901145,0.52,0.1708618384339374,1.1320058222672735,299,True,4,0.04608674118679379,5
Cigna,H1,MeanReversion,"window=50,z=2.25",-0.020117284413989966,0.5251256281407035,-0.03065316713057705,0.9791230315734648,398,True,4,0.028201167547590833,5
Cigna,H1,MeanReversion,"window=20,z=2.5",0.027101929730394048,0.5114942528735632,0.05932075615647981,1.0561060030678961,173,True,4,0.04476186645804314,5
Cigna,H1,MeanReversion,"window=50,z=2.5",0.00027709052742563856,0.5282258064516129,0.0004839105787768239,1.0004186171678493,248,True,4,0.03566438780665415,5
Cigna,H4,MeanReversion,"window=50,z=2.0",0.47571137253258655,0.5160796324655437,0.2885708001747392,1.1773670131100538,654,True,4,0.1514904683547994,5
Cigna,H4,MeanReversion,"window=50,z=2.25",0.3418819165371184,0.5155440414507773,0.2810381209541766,1.2225193598981883,385,True,4,0.14433450594484054,5
Cigna,M15,MeanReversion,"window=100,z=2.5",-0.04303785528335069,0.5367965367965368,-0.08987254810563156,0.9087473888370915,233,True,4,0.022928147428128987,5
Cigna,M15,TrendFollowing,"fast=8,slow=21",0.401958458470112,0.5087115072933549,0.32894614510427705,1.0725261900385599,4999,True,4,0.3679925678843302,5
Cigna,M15,TrendFollowing,"fast=10,slow=30",0.3753164095598097,0.5119529983792545,0.3071349433667612,1.067556735145813,4999,True,4,0.3210847891485046,5
Cigna,M15,TrendFollowing,"fast=13,slow=34",0.3337537163799068,0.5119529983792545,0.27311199714907264,1.0598515919013198,4999,True,4,0.22666780364234385,5
Cigna,M15,VolatilityExpansion,"ema=20,mult=2.0",0.002208332706057914,0.48428571428571426,0.002922461163858069,1.0018374709099225,708,True,4,0.1351707328239603,5
Cigna,M15,VolatilityExpansion,"ema=50,mult=3.0",0.3826245442424008,0.5113748763600395,0.4596963176318823,1.2761874397027242,1021,True,4,0.2712321569683446,5
Cintas,H1,MeanReversion,"window=20,z=1.75",0.1620161010808947,0.5010893246187363,0.2170809629852926,1.114238676425864,926,True,4,0.08244322617178712,5
Cintas,H1,MeanReversion,"window=50,z=2.5",-0.0932868547822523,0.4835164835164835,-0.17498541459651593,0.8428542297412316,276,True,4,0.033233154975848334,5
Cintas,H1,MeanReversion,"window=20,z=2.75",0.05435179064611673,0.5,0.14417414570441095,1.281000523545491,87,True,4,0.019851204185933558,5
Cintas,H1,TrendFollowing,"fast=13,slow=34",-0.022408678674262328,0.5022159548751007,-0.014008580083930492,0.9971288234798427,4999,True,4,0.08164387369588644,5
Cintas,H4,MeanReversion,"window=50,z=2.0",0.19293087741471004,0.46255506607929514,0.13292489660962314,1.0793958350460573,689,True,4,0.18235814802458172,5
Cintas,H4,TrendFollowing,"fast=13,slow=34",0.47674035071384613,0.516612641815235,0.12641064451176603,1.027047579902033,4999,True,4,0.3397247036780614,5
Cintas,H4,TrendFollowing,"fast=21,slow=55",0.8732816526852174,0.523095623987034,0.23157331450176905,1.0501087764989303,4999,True,4,0.35926952089352227,5
Cintas,H4,TrendFollowing,"fast=34,slow=89",0.9934293168498262,0.5259319286871961,0.2634418339423723,1.057200002311925,4999,True,4,0.3195959067114059,5
Cintas,H4,VolatilityExpansion,"ema=50,mult=1.5",-0.17168798423039555,0.5214335910049192,-0.06016800819616272,0.9828336323725685,2891,True,4,0.3023894266508623,5
Cintas,H4,VolatilityExpansion,"ema=50,mult=2.0",0.04768974679223004,0.5233560090702948,0.0192009685836223,1.0062905469596544,2239,True,5,0.17822406206751384,5
Cintas,M15,MeanReversion,"window=20,z=1.5",0.2538356635210599,0.5346205059920106,0.49331042081507076,1.1867832716237574,1519,True,4,0.09804301495908108,5
Cintas,M15,MeanReversion,"window=50,z=1.5",0.1802503313417977,0.5163442294863242,0.4034110848410013,1.1454911861691615,1519,True,4,0.030131060807200183,5
Cintas,M15,MeanReversion,"window=20,z=1.75",0.11672796112067896,0.5326530612244897,0.2555710738428925,1.1180800602873406,993,True,5,0.08905248277316347,5
Cintas,M15,MeanReversion,"window=50,z=1.75",0.1902679814462992,0.5239520958083832,0.4913272852362871,1.226793586174093,1012,True,4,0.05557383110361391,5
Cintas,M15,MeanReversion,"window=20,z=2.0",0.10219648039162454,0.5548172757475083,0.27034268421030694,1.1579632162276525,608,True,5,0.08939160873704066,5
Cintas,M15,MeanReversion,"window=50,z=2.0",0.14299196397015168,0.5176848874598071,0.44707394103798903,1.2634190552501376,629,True,5,0.04375783401456168,5
Cintas,M15,MeanReversion,"window=20,z=2.25",0.09582274818085035,0.5490716180371353,0.2871911358054871,1.216885871224213,380,True,5,0.04782158035181061,5
Cintas,M15,MeanReversion,"window=50,z=2.25",0.1350898155331386,0.5269922879177378,0.4794776057596622,1.373209458612615,391,True,4,0.036895433821002244,5
Cintas,M15,MeanReversion,"window=20,z=2.5",0.14684074319041662,0.5720338983050848,0.5669047079058359,1.5781813624671734,238,True,4,0.04880128014041496,5
Cintas,M15,MeanReversion,"window=50,z=2.5",0.08500031762783034,0.5517241379310345,0.3876144252644861,1.3629208453648567,231,True,4,0.025497651972597124,5
Cintas,M15,MeanReversion,"window=20,z=2.75",0.10458041370272952,0.5734265734265734,0.44711941019553425,1.5851286509104194,144,True,4,0.03130495210518214,5
Cisco,H1,MeanReversion,"window=100,z=2.0",0.007404340617538141,0.48759124087591244,0.013409143363950908,1.0067671836638803,699,True,4,0.026194417133119985,5
Cisco,H1,MeanReversion,"window=100,z=2.25",-0.06256980966412251,0.4863013698630137,-0.13689095520399647,0.9180108632662936,446,True,4,0.013519187665724908,5
Cisco,H1,TrendFollowing,"fast=5,slow=20",-0.061289281382193694,0.5020508613617719,-0.037790362153049775,0.9920537610553772,4999,True,4,0.2957384992051535,5
Cisco,H1,TrendFollowing,"fast=8,slow=21",-0.09860567092492922,0.5,-0.06079955101178842,0.9872464917494215,4999,True,4,0.2785691688422214,5
Cisco,H1,TrendFollowing,"fast=10,slow=30",-0.0655942733347108,0.5020508613617719,-0.0404447941004838,0.9914979856671686,4999,True,4,0.23011419126463184,5
Cisco,H1,TrendFollowing,"fast=13,slow=34",-0.22919445576565867,0.5016406890894175,-0.14132422566054395,0.9706045825376587,4999,True,4,0.1276268702050467,5
Cisco,H1,TrendFollowing,"fast=21,slow=55",-0.39044055529128596,0.4973338802296965,-0.24076877986822337,0.9504364102589937,4999,True,4,0.2836880996106259,5
Cisco,H1,TrendFollowing,"fast=34,slow=89",-0.0774495189415314,0.5024610336341263,-0.04775468490424839,0.9899690725930645,4999,True,4,0.3124339262077178,5
Cisco,H1,TrendFollowing,"fast=50,slow=200",0.11475664530852736,0.5030762920426579,0.07075831020110944,1.0150501119720619,4999,True,4,0.24183591169663154,5
Cisco,H1,VolatilityExpansion,"ema=50,mult=1.5",0.005749630341012613,0.5045045045045045,0.00443478314882953,1.0012555726044698,2964,True,4,0.2170258663584781,5
Cisco,H1,VolatilityExpansion,"ema=50,mult=2.0",-0.21802184789900492,0.5002169197396963,-0.18552563328473187,0.941555300037722,2367,True,4,0.1320209667866583,5
Cisco,H1,VolatilityExpansion,"ema=50,mult=2.5",-0.2027924303767632,0.49801249290176036,-0.2090593433425434,0.9290450050082096,1804,True,4,0.10590704504279003,5
Cisco,H4,MeanReversion,"window=20,z=2.0",0.3597827556575761,0.5206463195691203,0.3491156055091873,1.2173648867941438,563,True,4,0.13415601043305947,5
Cisco,H4,MeanReversion,"window=50,z=2.0",0.5605451347574775,0.5287009063444109,0.46148007401637786,1.285190856714257,667,True,4,0.10833176140169665,5
Cisco,H4,MeanReversion,"window=100,z=2.0",0.36764355304858687,0.5069252077562327,0.2816571813146158,1.1580808737507258,732,True,4,0.09918662845866488,5
Cisco,H4,MeanReversion,"window=20,z=2.25",0.10263520223314437,0.5338078291814946,0.14045750972749,1.1166961874838661,284,True,4,0.07757326750465277,5
Cisco,H4,MeanReversion,"window=50,z=2.25",0.393538782638188,0.5195121951219512,0.44185006911783314,1.3227694355783897,412,True,4,0.1687509068192159,5
Cisco,H4,MeanReversion,"window=20,z=2.5",0.10377097956844494,0.5448275862068965,0.21122691571978253,1.2506898727610836,145,True,4,0.03873796632974835,5
Cisco,H4,MeanReversion,"window=50,z=2.5",0.14627005131648985,0.5222672064777328,0.21535589512677572,1.1950673019522995,248,True,4,0.10635197514119699,5
Cisco,M15,MeanReversion,"window=20,z=2.0",-0.08531927772812609,0.4819047619047619,-0.2833094862694966,0.8502565225024884,545,True,4,0.014349802252326516,5
Cisco,M15,MeanReversion,"window=50,z=2.0",0.04383185173120052,0.5053571428571428,0.16142841724817664,1.0845853868827335,579,True,4,0.022608520461475656,5
Cisco,M15,MeanReversion,"window=20,z=2.25",-0.00713247080642232,0.49683544303797467,-0.027216901569037347,0.9800642613214356,323,True,4,0.0121123651267665,5
Cisco,M15,MeanReversion,"window=50,z=2.25",0.024408162227075536,0.5,0.11108281163312379,1.0745996841568626,356,True,4,0.031320705989757225,5
Cisco,M15,MeanReversion,"window=20,z=2.5",-0.022167047239036064,0.4898989898989899,-0.09613499022065651,0.9151352594590554,203,True,4,0.010056864392624654,5
Cisco,M15,MeanReversion,"window=50,z=2.5",0.008792996026195765,0.5141509433962265,0.05064892194744641,1.0426646656075464,220,True,4,0.016186492746171566,5
Citigroup,H1,TrendFollowing,"fast=5,slow=20",0.9341707777540887,0.5071196094385679,0.4070725608564332,1.0895182629710678,4999,True,5,0.4696218044622449,5
Citigroup,H1,TrendFollowing,"fast=8,slow=21",0.5324045981270783,0.50793327908869,0.23194816503274257,1.050054886814316,4999,True,4,0.2838917479094003,5
Citigroup,H1,TrendFollowing,"fast=10,slow=30",0.18475581190070367,0.5042717656631408,0.08048342908952723,1.017090814401596,4999,True,4,0.14978113178240604,5
Citigroup,H1,TrendFollowing,"fast=13,slow=34",0.5108116623740088,0.5081366965012205,0.22253906690911077,1.047976093718636,4999,True,4,0.11736649555078427,5
Citigroup,H1,TrendFollowing,"fast=21,slow=55",0.6381679366140812,0.50793327908869,0.27803814149075795,1.0602981875155835,4999,True,4,0.2739984662764816,5
Citigroup,H1,TrendFollowing,"fast=34,slow=89",0.3148342866503008,0.5093572009764036,0.13715164288429152,1.0292999900692665,4999,True,4,0.18669787277371008,5
Citigroup,H4,MeanReversion,"window=50,z=1.75",-0.24583950398758825,0.47702834799608995,-0.11229515371525939,0.9510225138518669,1031,True,4,0.08384484279392956,5
Citigroup,H4,TrendFollowing,"fast=5,slow=20",1.6439975299726775,0.5100684655658477,0.3574213303721023,1.0747657348880972,4999,True,4,0.8546237315168651,5
Citigroup,H4,TrendFollowing,"fast=50,slow=200",0.5796638574286268,0.5060410793395087,0.12599668967432268,1.025739025260151,4999,True,5,0.9566205223162215,5
Citigroup,H4,VolatilityExpansion,"ema=20,mult=2.0",0.3040241633204529,0.4986376021798365,0.129959868928775,1.0581376346706144,1112,True,4,0.3032552704802163,5
Citigroup,M15,TrendFollowing,"fast=21,slow=55",0.034045173726883426,0.5029670554532433,0.02545604970731203,1.0062409151401552,4999,True,4,0.05010825457555845,5
Citigroup,M15,VolatilityExpansion,"ema=20,mult=1.5",-0.015657324432770348,0.49793996468510887,-0.021851190981992633,0.9920666738749898,1730,True,4,0.01742224979211915,5
Coca-Cola,H1,TrendFollowing,"fast=10,slow=30",0.36129199895905717,0.5129045473166735,0.31959130004515895,1.060839885773668,4999,True,4,0.020064416451626044,5
Coca-Cola,H1,VolatilityExpansion,"ema=20,mult=1.5",0.029874887946658824,0.5012453300124533,0.04503560352707549,1.0146560805566762,1638,True,4,0.054439243430031814,5
Coca-Cola,H1,VolatilityExpansion,"ema=50,mult=2.0",0.03085605639435618,0.5042095416276894,0.04101860836311706,1.0115820596308267,2187,True,4,0.08610929366639097,5
Coca-Cola,H4,MeanReversion,"window=50,z=1.75",0.45186086111785706,0.5114885114885115,0.37146819694046623,1.1858052499140301,1020,True,4,0.14152862145278688,5
Coca-Cola,H4,MeanReversion,"window=50,z=2.0",0.48899326294954093,0.525984251968504,0.5659505926971797,1.3654073993649232,648,True,4,0.20849044769859726,5
Coca-Cola,M15,MeanReversion,"window=20,z=1.75",0.044815717387114096,0.513986013986014,0.13334521462505736,1.0678919447907724,889,True,4,0.03462475518690655,5
Coca-Cola,M15,MeanReversion,"window=20,z=2.0",0.05919124115772234,0.5160680529300568,0.2317850327268414,1.1411665713847712,553,True,4,0.028610256815320256,5
Coca-Cola,M15,MeanReversion,"window=20,z=2.25",0.037707021020944254,0.5445544554455446,0.19651427069268712,1.1544186298412453,312,True,4,0.027165176727609208,5
Coca-Cola,M15,VolatilityExpansion,"ema=20,mult=1.5",0.06449029106195003,0.4971680302076778,0.15296236322832338,1.0557634164180143,1653,True,4,0.04818497148788148,5
Coca-Cola,M15,VolatilityExpansion,"ema=20,mult=3.0",0.015570771339404432,0.5072463768115942,0.08380056378762826,1.0636876477844028,289,True,4,0.0433057429241438,5
Coca-Cola,M15,VolatilityExpansion,"ema=50,mult=3.0",0.05308245003969414,0.5137987012987013,0.13856677859420768,1.0595427259129382,1284,True,4,0.08924775672993723,5
Cognex,H1,MeanReversion,"window=20,z=1.5",0.5009025557298565,0.5040983606557377,0.28056438182188204,1.1289610293692434,1498,True,4,0.13294248410166976,5
Cognex,H1,MeanReversion,"window=20,z=1.75",0.35036336441419447,0.5106609808102346,0.22798978894775412,1.1353122660250459,958,True,4,0.18495290519050245,5
Cognex,H1,MeanReversion,"window=100,z=1.75",-0.027193646362502988,0.5054509415262636,-0.020958633396288593,0.9911707855797588,1030,True,4,0.07770708040382412,5
Cognex,H1,MeanReversion,"window=20,z=2.0",0.275591324296532,0.5174311926605505,0.2019598479038298,1.1726926369314223,555,True,4,0.18450023632966162,5
Cognex,H1,MeanReversion,"window=50,z=2.0",0.05311442786911669,0.4885844748858447,0.049554707855041395,1.0260962862232608,673,True,4,0.1381712993987334,5
Cognex,H1,MeanReversion,"window=20,z=2.25",0.08449983681392437,0.5314465408805031,0.1172547326260886,1.0865444458224012,323,True,4,0.13368246980597553,5
Cognex,H1,MeanReversion,"window=100,z=2.25",-0.06255209908835835,0.5123762376237624,-0.0623625759394949,0.9578609607492525,412,True,4,0.06237142353899294,5
Cognex,H1,MeanReversion,"window=20,z=2.75",0.11021428263977617,0.6078431372549019,0.21808963979619753,1.3105643894222678,104,True,4,0.06607632987250878,5
Cognex,H1,TrendFollowing,"fast=8,slow=21",-0.1518978001629515,0.5034807534807535,-0.05189471947551224,0.9888073578237531,4999,True,4,0.33314928017498924,5
Cognex,H4,MeanReversion,"window=20,z=1.75",0.22916253898118444,0.5053533190578159,0.09044036000302537,1.0408184780967265,943,True,4,0.34435385943936525,5
Cognex,H4,MeanReversion,"window=50,z=2.0",-0.13126068409021896,0.47050147492625366,-0.06094177195684397,0.9682508966780178,682,True,4,0.27495754046262555,5
Cognex,H4,MeanReversion,"window=20,z=2.25",0.5049554549986176,0.5311475409836065,0.3137102186192402,1.2771215333414254,305,True,4,0.26455329428059693,5
Cognex,H4,MeanReversion,"window=50,z=2.25",-0.33869694212886603,0.46329113924050636,-0.21629232483715594,0.8685438898588436,397,True,4,0.13413558785586344,5
Cognex,H4,MeanReversion,"window=100,z=2.25",0.2007961400615661,0.4898419864559819,0.11468816489441497,1.0740411901403142,445,True,4,0.19202822098756045,5
Cognex,H4,MeanReversion,"window=50,z=2.75",0.04095830158735947,0.4789915966386555,0.036534968102397154,1.0442371663264158,119,True,4,0.18844474623078566,5
Cognex,H4,TrendFollowing,"fast=8,slow=21",0.18778395270699522,0.5063546499899133,0.03157783374592757,1.0061965181465404,4999,True,4,1.065149331533319,5
Cognex,H4,TrendFollowing,"fast=10,slow=30",-0.3189969766577633,0.5053459753883397,-0.053642874905791595,0.9895609831254428,4999,True,4,0.9456979481469444,5
Cognex,H4,TrendFollowing,"fast=13,slow=34",0.049925653973758144,0.5105910833165221,0.008395504934494123,1.0016437142362842,4999,True,4,0.9234699577793845,5
Cognex,H4,TrendFollowing,"fast=21,slow=55",2.2137715970633183,0.5194674198103691,0.3723705127011553,1.0755766006975132,4999,True,4,1.4391482493421006,5
Cognex,H4,TrendFollowing,"fast=34,slow=89",1.1589034549445159,0.5150292515634456,0.19489602914736304,1.038864346199896,4999,True,4,1.0987264134756276,5
Cognex,M15,MeanReversion,"window=20,z=1.5",0.22654319658377586,0.5217391304347826,0.26357182783004657,1.0997685138865894,1411,True,5,0.14882368811884272,5
Cognex,M15,MeanReversion,"window=20,z=1.75",0.3451353597683965,0.5295404814004376,0.4700173634502283,1.2233724438192237,949,True,5,0.23696515724440215,5
Cognex,M15,MeanReversion,"window=50,z=1.75",0.3438704413235123,0.5093167701863354,0.2871922268643736,1.2180083103402581,1007,True,4,0.043290396728686065,5
Cognex,M15,MeanReversion,"window=20,z=2.0",0.22031713145303422,0.5153061224489796,0.3487215495457582,1.2074633636890522,609,True,5,0.20397325556844392,5
Cognex,M15,MeanReversion,"window=20,z=2.25",0.15385485158823908,0.5247252747252747,0.3017939228701107,1.2353017373587178,377,True,4,0.14594510591329868,5
Cognex,M15,MeanReversion,"window=50,z=2.25",0.05502565932664838,0.5145888594164456,0.11741258451924313,1.078552967398074,393,True,4,0.04124451133709206,5
Cognex,M15,MeanReversion,"window=20,z=2.5",0.08435324388419485,0.5291479820627802,0.1870989588376077,1.1819911135061951,227,True,5,0.10424598683647612,5
Cognex,M15,MeanReversion,"window=20,z=2.75",0.07103836503841987,0.5144927536231884,0.18089981864865867,1.2418521678797152,139,True,5,0.08310098942178346,5
Cognex,M15,MeanReversion,"window=20,z=3.0",0.051995823886618386,0.5064935064935064,0.150952939128975,1.2825740236332572,77,True,4,0.045962238714588044,5
Cognizant,H1,MeanReversion,"window=20,z=1.5",-0.00948544849403754,0.508674531575295,-0.010498040281863718,0.996394851520007,1465,True,4,0.018442463027209977,5
Cognizant,H1,MeanReversion,"window=100,z=2.25",0.006586610052921937,0.5161290322580645,0.011952241634125421,1.0075213144846333,406,True,4,0.0381672779592479,5
Cognizant,H1,VolatilityExpansion,"ema=20,mult=3.0",0.027774920975158435,0.5,0.06768173747856701,1.05604596422691,246,True,4,0.03353472818601444,5
Cognizant,H4,MeanReversion,"window=20,z=1.5",0.7420230027031117,0.508674531575295,0.3199282650607133,1.1349267443037878,1454,True,4,0.2799220880940254,5
Cognizant,H4,MeanReversion,"window=100,z=2.25",0.26536917552737793,0.49290060851926976,0.18309905515274638,1.1332882319076103,493,True,4,0.1993144388749699,5
Cognizant,H4,TrendFollowing,"fast=50,slow=200",-0.5694358334399686,0.5021190716448032,-0.14841594248353718,0.9699841458708408,4999,True,5,0.319910094469933,5
Cognizant,M15,MeanReversion,"window=20,z=1.5",0.16551251893890928,0.5095785440613027,0.23408938043627456,1.105796876700367,1339,True,4,0.16833042969240786,5
Cognizant,M15,MeanReversion,"window=50,z=1.5",0.07596304338153825,0.5,0.14034419526121877,1.0542570167645906,1395,True,4,0.06050598525022921,5
Cognizant,M15,MeanReversion,"window=20,z=1.75",0.19274293658744523,0.5270425776754891,0.2960132867648653,1.174673746224145,893,True,4,0.17680525637095013,5
Cognizant,M15,MeanReversion,"window=50,z=1.75",0.09458925223811998,0.5065217391304347,0.19874016624241722,1.0945262891295486,940,True,4,0.07473907102100508,5
Cognizant,M15,MeanReversion,"window=20,z=2.0",0.13718530369841764,0.5258467023172906,0.2717394626961435,1.1820481337589537,577,True,4,0.1004243027824917,5
Cognizant,M15,MeanReversion,"window=50,z=2.0",0.00534780000139079,0.49413735343383586,0.01361341406926015,1.0072977424684488,609,True,4,0.033733370429744,5
Colgate-Palmolive,H1,MeanReversion,"window=100,z=1.5",0.06573791255944517,0.47416413373860183,0.08045726681914224,1.0273621731327682,1681,True,4,0.07466611948346702,5
Colgate-Palmolive,H1,MeanReversion,"window=100,z=1.75",0.06616187640384996,0.4772117962466488,0.10337170926194691,1.0406236587089495,1142,True,4,0.0496350748872203,5
Colgate-Palmolive,H1,MeanReversion,"window=100,z=2.0",0.121477150131162,0.47644683714670255,0.23695711907247338,1.1178886774468242,752,True,4,0.058636396072484276,5
Colgate-Palmolive,H1,MeanReversion,"window=100,z=2.25",0.09281225391106063,0.47863247863247865,0.20946872948663797,1.1340073613282249,475,True,4,0.0437164696511001,5
Colgate-Palmolive,H4,MeanReversion,"window=20,z=1.5",0.9014438236690704,0.5149825783972125,0.6403938042765551,1.2503516524468394,1446,True,5,0.3494627631898778,5
Colgate-Palmolive,H4,MeanReversion,"window=50,z=1.5",0.7009845479280553,0.5127035830618892,0.46705844869769914,1.1721570410110107,1543,True,5,0.2733315810340813,5
Colgate-Palmolive,H4,MeanReversion,"window=20,z=1.75",0.4798946246134611,0.5110375275938189,0.43610389891995127,1.205109081750028,910,True,4,0.2713951055535052,5
Colgate-Palmolive,H4,MeanReversion,"window=50,z=1.75",0.9060992759669422,0.526615969581749,0.7361664254881723,1.353956938241476,1057,True,5,0.33362037485128526,5
Colgate-Palmolive,H4,MeanReversion,"window=100,z=1.75",0.5779333010889964,0.5186873290793071,0.46007525552729817,1.2089322633362904,1105,True,4,0.08761124915360108,5
Colgate-Palmolive,H4,MeanReversion,"window=20,z=2.0",0.4395091657629304,0.5357833655705996,0.49564020931932784,1.3312549113290582,519,True,5,0.22184807999824196,5
Colgate-Palmolive,H4,MeanReversion,"window=50,z=2.0",0.4623455077443388,0.512012012012012,0.4884908029022103,1.2750113083355108,669,True,4,0.11691483716443085,5
Colgate-Palmolive,H4,MeanReversion,"window=20,z=2.25",0.11947562437846704,0.5186567164179104,0.203330134856369,1.1718381538782754,269,True,4,0.0652936572834496,5
Colgate-Palmolive,H4,MeanReversion,"window=20,z=2.5",0.12139137939530431,0.5755395683453237,0.30728555176791805,1.3953604642725395,138,True,4,0.09001223789456525,5
Colgate-Palmolive,H4,MeanReversion,"window=50,z=2.5",0.17592549047470918,0.5666666666666667,0.3612881299356817,1.39123088950812,180,True,4,0.05535782184288385,5
Colgate-Palmolive,M15,MeanReversion,"window=50,z=2.0",0.11475466263181189,0.5209677419354839,0.35457177477785073,1.2033788170769482,640,True,4,0.03457059585568334,5
Colgate-Palmolive,M15,TrendFollowing,"fast=8,slow=21",-0.015342187235961924,0.4982419855222337,-0.019257131368721547,0.9961706240776113,4999,True,4,0.07990894504719182,5
Colgate-Palmolive,M15,TrendFollowing,"fast=13,slow=34",0.08519707140535104,0.5027921406411582,0.10693959068814876,1.0215352064361078,4999,True,4,0.08773979379557095,5
Colgate-Palmolive,M15,VolatilityExpansion,"ema=20,mult=1.5",-0.05151712147482612,0.5046001415428167,-0.09923047288705779,0.9636675470192732,1463,True,4,0.018537855027099925,5
Colgate-Palmolive,M15,VolatilityExpansion,"ema=50,mult=2.0",-0.06174897318220174,0.49719101123595505,-0.11147956195886158,0.9674518088569192,2210,True,4,0.02996252678214195,5
Colgate-Palmolive,M15,VolatilityExpansion,"ema=50,mult=3.5",-0.03253363671568543,0.4889705882352941,-0.08198900624193718,0.9597790528740221,844,True,4,0.048778001464363174,5
Comcast,H1,MeanReversion,"window=50,z=1.5",0.21231606998456087,0.5204594400574301,0.21791533831804222,1.0803619237346114,1437,True,5,0.1749549163383256,5
Comcast,H1,MeanReversion,"window=20,z=2.0",-0.1238828188605261,0.5147679324894515,-0.19133994793700926,0.8878431736023537,490,True,4,0.043861567289225745,5
Comcast,H1,MeanReversion,"window=50,z=2.0",0.017492303123210817,0.5083892617449665,0.025090658998097835,1.0139180358833053,614,True,4,0.04618546544163893,5
Comcast,H1,MeanReversion,"window=20,z=2.25",0.0711886542850011,0.5527272727272727,0.1545724265301923,1.123602427900825,282,True,4,0.084040881952819,5
Comcast,H1,MeanReversion,"window=50,z=2.25",0.03413317727825127,0.49570200573065903,0.05642717074826189,1.0424120028538995,358,True,4,0.06938427653673529,5
Comcast,H1,MeanReversion,"window=50,z=2.5",0.011067385750927361,0.5435897435897435,0.022431865089995513,1.0220170245876905,199,True,4,0.016680837966542517,5
Comcast,H4,MeanReversion,"window=100,z=1.5",0.7068794678890149,0.5028938906752412,0.34470322357286753,1.124065567896884,1572,True,4,0.10310821248234148,5
Comcast,H4,MeanReversion,"window=100,z=1.75",0.6452554334453033,0.5066287878787878,0.375036942540187,1.1660414310066645,1065,True,4,0.22784833057156884,5
Comcast,H4,MeanReversion,"window=50,z=2.0",0.4875121259827192,0.5047021943573667,0.39226537932049926,1.2332119992127528,646,True,4,0.1663202245952471,5
Comcast,H4,MeanReversion,"window=100,z=2.0",0.9278014311910425,0.5232558139534884,0.659417777115313,1.3964830454767194,694,True,5,0.3531628700913517,5
Comcast,H4,MeanReversion,"window=100,z=2.25",0.7817292170085247,0.565,0.7558960413095902,1.6541299409278627,403,True,5,0.2767590277950772,5
Comcast,H4,MeanReversion,"window=50,z=2.5",0.1871875915586524,0.5235849056603774,0.2394165281110503,1.2430196226994783,215,True,4,0.1624801743746248,5
Comcast,H4,MeanReversion,"window=100,z=2.5",0.40347679377989354,0.5754716981132075,0.5341522674390424,1.6270494872185977,211,True,4,0.16937384129960664,5
Comcast,H4,MeanReversion,"window=50,z=2.75",0.1240895307979798,0.5254237288135594,0.21752747986145754,1.300110190955769,118,True,4,0.09206322608369422,5
Comcast,H4,MeanReversion,"window=100,z=2.75",0.16646088260664638,0.580952380952381,0.28801088132061403,1.4309612162009688,104,True,4,0.07496518434922705,5
Comcast,H4,MeanReversion,"window=100,z=3.0",0.08953813130841981,0.5625,0.2058290085515148,1.465274731019445,47,True,4,0.08808634157230166,5
Comcast,M15,TrendFollowing,"fast=5,slow=20",-0.017332768493389494,0.4986042516641615,-0.016376364576126606,0.9965402805961248,4999,True,4,0.15442742276373167,5
Comcast,M15,TrendFollowing,"fast=8,slow=21",-0.0580640537457604,0.4994631737169852,-0.05486043885831535,0.9884570072552643,4999,True,5,0.1996154464363522,5
Comcast,M15,TrendFollowing,"fast=10,slow=30",-0.06952412964568389,0.5024694009018682,-0.06568838889984326,0.9861944981134795,4999,True,5,0.2778899059552866,5
Comcast,M15,TrendFollowing,"fast=13,slow=34",-0.15964272358302933,0.49924844320377926,-0.15084053642686432,0.9685806493890147,4999,True,4,0.21534827628709796,5
Comcast,M15,TrendFollowing,"fast=21,slow=55",-0.03718378500932462,0.5011810178226326,-0.03513209025534762,0.9925925800224508,4999,True,4,0.22125525158665504,5
Comcast,M15,VolatilityExpansion,"ema=20,mult=1.5",0.02382541893656609,0.4945894334818587,0.03223148099523514,1.0119829346816964,1684,True,5,0.17551950383879722,5
Comcast,M15,VolatilityExpansion,"ema=20,mult=2.0",-0.049618793480811996,0.4745011086474501,-0.07669243558668065,0.9624312400958238,962,True,4,0.06734865514212252,5
Comcast,M15,VolatilityExpansion,"ema=50,mult=2.0",-0.045863294694629575,0.49282982791587,-0.05902671785173333,0.9811363435750486,2251,True,4,0.16505236870276951,5
Comcast,M15,VolatilityExpansion,"ema=20,mult=2.5",-0.12544722843523892,0.4418145956607495,-0.22288527607079672,0.8595224966471878,532,True,4,0.04154679711197773,5
Comcast,M15,VolatilityExpansion,"ema=50,mult=2.5",-0.0788269105957341,0.48462021343377276,-0.10954709615993438,0.959970511819424,1712,True,4,0.16874197871897667,5
Comerica,H1,MeanReversion,"window=100,z=1.75",0.08398248129898767,0.5069721115537849,0.05285660373410108,1.0263537566086394,1012,True,4,0.13493838896854116,5
Comerica,H1,MeanReversion,"window=20,z=2.0",0.14388232407509038,0.5050675675675675,0.0983588834583327,1.073719981283904,594,True,5,0.08185949535212267,5
Comerica,H1,MeanReversion,"window=100,z=2.0",0.10411813868721664,0.5192604006163328,0.0817088689619944,1.0513083500762574,655,True,4,0.11994748846805181,5
Comerica,H1,MeanReversion,"window=100,z=2.25",0.19672597348130572,0.5,0.18291438094340617,1.1600613841616225,420,True,4,0.09639894076003352,5
Comerica,H1,MeanReversion,"window=100,z=2.5",0.1114071083109961,0.5246636771300448,0.12054216625313861,1.1508334803785945,223,True,4,0.06441420742555459,5
Comerica,H1,MeanReversion,"window=20,z=3.25",0.14302684031692214,0.5142857142857142,0.16914226329438697,2.1285512190388016,34,True,4,0.023435229316257078,5
Comerica,H4,MeanReversion,"window=20,z=1.75",0.49365896263448716,0.5387323943661971,0.19020256189908466,1.1028693965222953,859,True,4,0.04850328072315724,5
Comerica,H4,TrendFollowing,"fast=10,slow=30",1.277840043306514,0.5024125452352232,0.20979960635577724,1.0456759574449233,4999,True,4,1.0643735176733855,5
Comerica,H4,TrendFollowing,"fast=13,slow=34",0.9232194723304503,0.4997989545637314,0.1515706099728875,1.032792331447742,4999,True,4,1.073158445027534,5
Comerica,H4,TrendFollowing,"fast=21,slow=55",1.6944257006264958,0.5048250904704463,0.2782143164084075,1.0610209930170247,4999,True,5,1.739517246799886,5
Comerica,H4,TrendFollowing,"fast=34,slow=89",1.1449262471555952,0.5036188178528347,0.18797418304298552,1.0408280129420322,4999,True,5,1.624622509878312,5
Comerica,H4,TrendFollowing,"fast=50,slow=200",0.6772191406768062,0.5046240450341777,0.11118088350882076,1.0239498778560703,4999,True,4,1.0651051865116195,5
Comerica,H4,VolatilityExpansion,"ema=20,mult=1.5",0.06976363985184542,0.4839537869062901,0.01785302839114778,1.0073599346996571,1568,True,5,0.5692563878914787,5
Comerica,H4,VolatilityExpansion,"ema=50,mult=2.5",-0.07303957793570504,0.4914394419784401,-0.017115726762991394,0.9929050793273325,1586,True,4,0.5603803945971391,5
Comerica,H4,VolatilityExpansion,"ema=50,mult=3.5",-0.2453691287441282,0.49236192714453586,-0.07239423245931902,0.9570314137943934,856,True,4,0.2808449863813235,5
Comerica,M15,MeanReversion,"window=50,z=2.25",0.1023886914332156,0.5357142857142857,0.28623708940773707,1.1825959156439716,426,True,4,0.015090642824194145,5
Comerica,M15,MeanReversion,"window=50,z=2.5",0.14524234419894555,0.578125,0.5239980310375295,1.4745897154189245,257,True,4,0.03857593733693776,5
Comerica,M15,MeanReversion,"window=100,z=2.5",0.04429755301655869,0.519434628975265,0.14710464225074463,1.1151767931031793,285,True,4,0.030566929710566848,5
Comerica,M15,MeanReversion,"window=20,z=2.75",0.16037965560358403,0.6083333333333333,0.5504780736125008,1.9898286612807012,121,True,4,0.030663653446568295,5
Conagra,H1,MeanReversion,"window=20,z=2.0",0.024814227383385346,0.5065420560747663,0.0387198707007686,1.0217194977681716,554,True,4,0.029640531380870194,5
Conagra,H1,TrendFollowing,"fast=8,slow=21",-0.40732209434312994,0.49244649601342844,-0.2310262328260506,0.9565578989065652,4999,True,4,0.034779607954268155,5
Conagra,H1,TrendFollowing,"fast=34,slow=89",-0.2755998984494492,0.4892992026856903,-0.15630664513217643,0.97039853005911,4999,True,4,0.5546176505470122,5
Conagra,H1,TrendFollowing,"fast=50,slow=200",0.36898523396700744,0.5075535039865715,0.20927823494752718,1.041052857177434,4999,True,4,0.560923000560787,5
Conagra,H1,VolatilityExpansion,"ema=20,mult=1.5",-0.15424692908274273,0.4827361563517915,-0.15389524949579367,0.950900402006479,1598,True,5,0.14895163311524817,5
Conagra,H1,VolatilityExpansion,"ema=50,mult=1.5",-0.3134603452917758,0.4831199068684517,-0.2514554128124321,0.9386734913470398,2712,True,4,0.13181084055167902,5
Conagra,H4,MeanReversion,"window=20,z=2.25",0.17608853481099584,0.5393700787401575,0.18672717563102745,1.163616462444952,260,True,4,0.05554842170139762,5
Conagra,H4,MeanReversion,"window=20,z=2.75",-0.036500493252126454,0.49382716049382713,-0.06713804228957032,0.9157971052275192,82,True,4,0.025281981577931045,5
Conagra,H4,MeanReversion,"window=100,z=2.75",-0.021996519231477274,0.4957983193277311,-0.026128041691372547,0.9701190379920714,120,True,4,0.010636444115641686,5
Conagra,M15,MeanReversion,"window=50,z=2.0",0.16316216848190024,0.5054545454545455,0.41003560038499665,1.2401301882266094,600,True,4,0.020388340882779965,5
Conagra,M15,MeanReversion,"window=100,z=2.25",0.05569696479116537,0.4797687861271676,0.1665133872793814,1.113575441828853,371,True,4,0.02550952190461886,5
Conagra,M15,TrendFollowing,"fast=10,slow=30",0.0352190578396111,0.5033572068039391,0.03470128630260328,1.006925647314767,4999,True,4,0.04773634437540397,5
ConocoPhil,H1,MeanReversion,"window=20,z=1.75",0.1357129039761864,0.5097813578826237,0.1427240942545822,1.0699155149995827,881,True,4,0.050743714370675264,5
ConocoPhil,H1,MeanReversion,"window=50,z=2.25",-0.08146617940956324,0.4925,-0.1287870368237965,0.9159890413944579,408,True,4,0.020599413307771264,5
ConocoPhil,H1,VolatilityExpansion,"ema=20,mult=2.0",0.025340141341051448,0.4899713467048711,0.027862948308995137,1.0113834028804252,1062,True,4,0.0976531015094001,5
ConocoPhil,H1,VolatilityExpansion,"ema=20,mult=3.0",0.25262502312441737,0.5032258064516129,0.4480223793881782,1.4419100183138551,314,True,4,0.08159920185633118,5
ConocoPhil,H4,MeanReversion,"window=20,z=1.5",0.5947521148008892,0.5206149545772187,0.22354390198295562,1.0829729843581077,1438,True,4,0.40939951158930155,5
ConocoPhil,H4,MeanReversion,"window=50,z=1.75",0.44511125667110285,0.5207920792079208,0.2041392987998179,1.0889086795504395,1013,True,4,0.09575793761863038,5
ConocoPhil,H4,MeanReversion,"window=50,z=2.0",0.6459355946916512,0.546191247974068,0.3640664797205924,1.210329119055432,619,True,4,0.09054684612820896,5
ConocoPhil,H4,VolatilityExpansion,"ema=20,mult=2.5",0.0772819052458813,0.47654784240150094,0.043168180103304025,1.0251606938171862,534,True,4,0.4233102275973929,5
ConocoPhil,M15,MeanReversion,"window=50,z=1.75",0.11955225585050022,0.5,0.20850518068510168,1.1099386535127276,942,True,4,0.023989369222289114,5
ConocoPhil,M15,MeanReversion,"window=100,z=1.75",-0.020917041268662784,0.4933875890132248,-0.03772677942762934,0.9816528151764927,1002,True,4,0.06023101321641622,5
ConocoPhil,M15,MeanReversion,"window=50,z=2.0",0.06031100413370527,0.4991596638655462,0.15396815163474153,1.0832158178417517,602,True,4,0.057761734476381554,5
ConocoPhil,M15,MeanReversion,"window=100,z=2.0",-0.1096258416498821,0.47106109324758844,-0.2244763414143715,0.8628088569744322,629,True,4,0.010071703908850815,5
ConocoPhil,M15,MeanReversion,"window=20,z=2.25",-0.067268530613936,0.45454545454545453,-0.16204136016815174,0.8966115567043638,392,True,4,0.022451775255219908,5
ConocoPhil,M15,MeanReversion,"window=20,z=2.5",-0.1093975889507397,0.43209876543209874,-0.3097312560202934,0.7762267069753054,247,True,4,0.01631994596475006,5
ConocoPhil,M15,MeanReversion,"window=50,z=2.5",-0.018284823206399015,0.45374449339207046,-0.05865043767061577,0.9519378356482501,228,True,4,0.020791526421440776,5
ConocoPhil,M15,MeanReversion,"window=50,z=2.75",-0.06164047647524973,0.4452054794520548,-0.2346056933671403,0.7824417144450291,147,True,4,0.033921415388095344,5
ConocoPhil,M15,VolatilityExpansion,"ema=20,mult=2.0",-0.13774567456339804,0.4888673765730881,-0.23883520978618725,0.9053601129255614,1054,True,4,0.03357560782895863,5
ConsolidatedEdison,H1,MeanReversion,"window=20,z=2.0",0.07973337084933052,0.5159010600706714,0.15094452488273538,1.0826054624721346,578,True,4,0.07387872534104845,5
ConsolidatedEdison,H1,MeanReversion,"window=20,z=2.25",0.1755962159501785,0.5415384615384615,0.4475870776764821,1.3415238216762506,330,True,4,0.07728501511149233,5
ConsolidatedEdison,H1,VolatilityExpansion,"ema=50,mult=2.5",-0.2577688414634237,0.47421203438395415,-0.323096794319377,0.8954182603432427,1409,True,4,0.053099531652026744,5
ConsolidatedEdison,H4,MeanReversion,"window=50,z=1.5",0.4114091921291112,0.49936628643852976,0.23035569722286903,1.078100984189375,1591,True,4,0.39522513171518536,5
ConsolidatedEdison,H4,MeanReversion,"window=100,z=1.5",0.5575460670345395,0.5083979328165374,0.3192519485101439,1.1114807658565193,1561,True,4,0.31400698069706723,5
ConsolidatedEdison,H4,MeanReversion,"window=20,z=1.75",0.27698229277928466,0.4812108559498956,0.19281508098528488,1.0854360746179763,966,True,4,0.2014127719689135,5
ConsolidatedEdison,H4,MeanReversion,"window=100,z=1.75",0.4447323979862632,0.5053868756121449,0.29419584227205964,1.1302737109899006,1033,True,5,0.22936141552510703,5
ConsolidatedEdison,H4,MeanReversion,"window=20,z=2.0",0.0166230520645112,0.4842300556586271,0.015215558397478245,1.0089555357034679,545,True,5,0.3112950868473686,5
ConsolidatedEdison,H4,MeanReversion,"window=100,z=2.0",0.10738639051121834,0.4916030534351145,0.08425940406908654,1.0458304362005524,661,True,5,0.20093471380155625,5
ConsolidatedEdison,H4,MeanReversion,"window=20,z=2.25",0.05762949655672511,0.4874551971326165,0.07155897658055162,1.0605445463975378,280,True,4,0.12526110837714366,5
ConsolidatedEdison,H4,MeanReversion,"window=20,z=2.5",0.1340295300109906,0.5118110236220472,0.3092875624667646,1.4153509509527895,126,True,4,0.030382655331676278,5
ConsolidatedEdison,M15,MeanReversion,"window=20,z=1.5",0.20579557351676314,0.5223152022315202,0.42721436761871556,1.1607177623608291,1460,True,4,0.03684225847445666,5
ConsolidatedEdison,M15,MeanReversion,"window=100,z=1.5",0.1849384584197623,0.5210295040803515,0.43406539262898874,1.1533803256776693,1629,True,4,0.05240249924527962,5
ConsolidatedEdison,M15,MeanReversion,"window=100,z=1.75",0.12924216769408026,0.5196548418024928,0.3849076250813405,1.1631429978666779,1060,True,4,0.023043825030382603,5
ConsolidatedEdison,M15,MeanReversion,"window=100,z=2.0",0.08060788722770129,0.5362318840579711,0.30212128571293656,1.1648598333647222,634,True,4,0.04994393309533829,5
ConsolidatedEdison,M15,MeanReversion,"window=100,z=2.25",0.058189160057490086,0.5653409090909091,0.2573235608234858,1.1923315100496947,356,True,4,0.021136734926857748,5
Constellation,H1,MeanReversion,"window=100,z=2.0",0.022423410348684447,0.5140449438202247,0.03262438551386859,1.0166926462259316,719,True,4,0.0781930748237244,5
Constellation,H1,MeanReversion,"window=50,z=2.5",-0.018918587920077834,0.5339366515837104,-0.041810748537533235,0.9639566867431338,221,True,4,0.0776315082843515,5
Constellation,H1,MeanReversion,"window=100,z=2.5",0.05999246684515325,0.4943820224719101,0.12232090670374102,1.1121955668556585,268,True,5,0.06483710866809722,5
Constellation,H1,MeanReversion,"window=50,z=2.75",-0.03485268547509346,0.5038759689922481,-0.09020298164224812,0.899708762528301,128,True,4,0.08253711499043392,5
Constellation,H1,TrendFollowing,"fast=21,slow=55",0.5030038814521027,0.4981876761981474,0.285023305693773,1.0575578344618513,4999,True,5,0.18670077986420786,5
Constellation,H1,TrendFollowing,"fast=50,slow=200",0.01804570909503589,0.49758356826419653,0.010223817138536843,1.0020091903195025,4999,True,4,0.172016241890944,5
Constellation,H4,TrendFollowing,"fast=34,slow=89",0.3035551689349173,0.49809198634263907,0.08164411549429218,1.0166117050810788,4998,True,5,0.45462285836326055,5
Constellation,H4,VolatilityExpansion,"ema=20,mult=2.0",-0.16105703919288716,0.48417350527549824,-0.09099455006443932,0.9559960902170147,857,True,4,0.3382835580031831,5
Constellation,H4,VolatilityExpansion,"ema=50,mult=2.0",-0.25926470164329785,0.4939637826961771,-0.10083041776002974,0.9670080251259707,1997,True,4,0.2549517830443848,5
Constellation,H4,VolatilityExpansion,"ema=20,mult=2.5",-0.211964875314391,0.4719626168224299,-0.172557015282258,0.8904884854406306,428,True,4,0.11632111381140808,5
Constellation,H4,VolatilityExpansion,"ema=50,mult=2.5",0.019207108219550406,0.4986072423398329,0.008287320114988634,1.0032637487371834,1441,True,4,0.343442844162664,5
Constellation,M15,MeanReversion,"window=50,z=2.0",0.09187512693231936,0.5411954765751211,0.2104863868795977,1.117969869534203,624,True,4,0.05013007131007563,5
Constellation,M15,MeanReversion,"window=20,z=3.0",-0.02558842724962318,0.4845360824742268,-0.11804926444699738,0.8726823435076921,96,True,4,0.01455510597312859,5
Constellation,M15,TrendFollowing,"fast=5,slow=20",0.0751454382924771,0.5,0.06535780847308229,1.0134791509043333,4999,True,4,0.043333664626499235,5
Constellation,M15,TrendFollowing,"fast=13,slow=34",-0.3514698809382303,0.49857665717771454,-0.3057453388440999,0.939278692218196,4999,True,4,0.09864275018499646,5
Constellation,M15,TrendFollowing,"fast=34,slow=89",-0.08763650823019209,0.5052867019113461,-0.07622215977623976,0.9845064705775864,4999,True,4,0.09226330373169267,5
Constellation,M15,TrendFollowing,"fast=50,slow=200",0.1995489801037934,0.5095567303782025,0.1735667985545748,1.0361978065176773,4999,True,4,0.06421471239018994,5
Constellation,M15,VolatilityExpansion,"ema=20,mult=1.5",0.019423438910767032,0.5130890052356021,0.02500698550931784,1.009660022986076,1550,True,4,0.021036888043654445,5
Constellation,M15,VolatilityExpansion,"ema=20,mult=2.5",0.08582082134705771,0.5196998123827392,0.19806519912924134,1.1157546352443277,540,True,4,0.010572464479658206,5
Constellation,M15,VolatilityExpansion,"ema=50,mult=3.0",-0.16032038033210128,0.5093167701863354,-0.24014876305701657,0.9014363067309432,1312,True,4,0.013080770228372729,5
Constellation,M15,VolatilityExpansion,"ema=50,mult=3.5",-0.05124239238140471,0.5186368477103301,-0.0911342250432611,0.957723197874725,957,True,4,0.04674106785153276,5
Corning,H1,MeanReversion,"window=20,z=1.5",-0.09543239141209425,0.5184049079754601,-0.08466805041201324,0.9671037914280975,1331,True,4,0.13442427250793254,5
Corning,H1,MeanReversion,"window=50,z=1.5",-0.03358496572954839,0.5215343203230148,-0.02536998293306768,0.9901095032518751,1518,True,5,0.2344970964219819,5
Corning,H1,MeanReversion,"window=20,z=1.75",-0.18164881586731496,0.5017751479289941,-0.1826996619897245,0.9111174741215573,858,True,4,0.09233004317864568,5
Corning,H1,MeanReversion,"window=50,z=1.75",0.03850401461980257,0.5131964809384164,0.039855659872069626,1.0173974477877792,1042,True,5,0.1614840217474791,5
Corning,H1,MeanReversion,"window=100,z=1.75",-0.11358831560643368,0.5017699115044247,-0.1068122579348481,0.9569233282403222,1151,True,4,0.08292044828620404,5
Corning,H1,MeanReversion,"window=20,z=2.0",-0.08480908475474558,0.49616858237547895,-0.11940823603575941,0.9339657842533118,532,True,4,0.0365414179519139,5
Corning,H1,MeanReversion,"window=50,z=2.0",0.29342310973718877,0.5395348837209303,0.3980727703932141,1.2278226019005636,656,True,4,0.07069999010790873,5
Corning,H1,MeanReversion,"window=50,z=2.25",0.2847020400379813,0.5698924731182796,0.5025335404042435,1.39010143948612,377,True,4,0.07172638776567442,5
Corning,H1,MeanReversion,"window=50,z=2.5",0.13501834418348846,0.5673076923076923,0.3014351554476551,1.3016994717492798,209,True,4,0.03043436871447569,5
Corning,H1,MeanReversion,"window=50,z=3.0",0.08233453331308593,0.5357142857142857,0.2375897997057357,1.3674362207925888,83,True,4,0.035409542615422396,5
Corning,H1,TrendFollowing,"fast=50,slow=200",1.0250795523396925,0.513874614594039,0.4521279393768696,1.1027958289558166,4999,True,4,0.09565418014117988,5
Corning,H4,MeanReversion,"window=20,z=2.0",0.5297939940120427,0.5411985018726592,0.410536976845776,1.2669970557240593,539,True,4,0.14401812519547386,5
Corning,H4,MeanReversion,"window=100,z=2.0",0.31609225983431943,0.5232722143864598,0.18557352373433253,1.110961568351225,720,True,4,0.10180756762326026,5
Corning,H4,MeanReversion,"window=20,z=2.25",0.3824633318055888,0.5490909090909091,0.4461488507454809,1.4228057126488605,278,True,5,0.18440232866819883,5
Corning,H4,MeanReversion,"window=50,z=2.25",0.14775867112185526,0.5138539042821159,0.12518364268171026,1.0886902975500004,399,True,4,0.24155654328556975,5
Corning,H4,MeanReversion,"window=50,z=2.5",-0.02098635898297385,0.4897119341563786,-0.024623182135603144,0.9803385445153361,243,True,5,0.19943832840710995,5
Corning,H4,TrendFollowing,"fast=5,slow=20",0.5062969638436093,0.5072316154002852,0.11986216016317872,1.024405456508415,4999,True,4,0.360848381575146,5
Corning,H4,TrendFollowing,"fast=8,slow=21",0.25889002085150825,0.5088612752088002,0.06128905754741615,1.0124055185787881,4999,True,5,0.4712145459997952,5
Corning,H4,TrendFollowing,"fast=10,slow=30",0.3443020397805513,0.5074353228763495,0.08150977924457663,1.016532131668793,4999,True,4,0.32926378828922886,5
Corning,H4,TrendFollowing,"fast=13,slow=34",0.9059244242745138,0.5113057649215726,0.21448454766893096,1.0440937351551682,4999,True,4,0.60039498789019,5
Corning,H4,TrendFollowing,"fast=21,slow=55",0.060900208554834356,0.5025463434508046,0.014417280705405938,1.002904444777447,4999,True,4,0.3861056201946571,5
Corning,H4,TrendFollowing,"fast=34,slow=89",0.7143584364324738,0.5064167854960278,0.16912399303140357,1.0346083678109497,4999,True,4,0.5025369668307336,5
Corning,H4,TrendFollowing,"fast=50,slow=200",-0.10252782787967984,0.5039722957832552,-0.024272061265320763,0.995129238067186,4999,True,4,0.6260483110829129,5
Corning,H4,VolatilityExpansion,"ema=50,mult=1.5",-0.0052255618971068785,0.5063502673796791,-0.0015573783270174135,0.9995948935679263,3043,True,4,0.35485653843700904,5
Corning,M15,MeanReversion,"window=20,z=1.5",0.23543993024173926,0.5107227958697379,0.2840140808289798,1.1244958825988016,1293,True,4,0.15433239796367593,5
Corning,M15,MeanReversion,"window=50,z=1.5",0.30449193579177614,0.5136129506990434,0.43876041813116684,1.179874829042031,1395,True,4,0.1020469859878177,5
Corning,M15,MeanReversion,"window=20,z=2.75",0.17262277341587218,0.541095890410959,0.350394679540838,1.5327270063116651,147,True,4,0.11087891319032694,5
Costco,H1,VolatilityExpansion,"ema=20,mult=3.5",-0.015891604290031114,0.45081967213114754,-0.06096955401941416,0.9364691718611546,122,True,4,0.03597393719286657,5
Costco,H4,MeanReversion,"window=50,z=2.75",0.03869139451185466,0.48514851485148514,0.07414545823541194,1.1305067018056496,100,True,4,0.11262448044903273,5
Costco,H4,TrendFollowing,"fast=34,slow=89",0.44145818709280005,0.5251452614706472,0.14657165825681798,1.028646408283169,4999,True,5,0.3160621824380585,5
Costco,H4,TrendFollowing,"fast=50,slow=200",0.15643243375584448,0.5249449008214787,0.05193630370458568,1.0100579535751806,4999,True,4,0.5824744493775085,5
Costco,M15,MeanReversion,"window=20,z=2.0",0.07690618527408888,0.4874274661508704,0.24539694324199995,1.1528593863269894,516,True,4,0.03139325337805299,5
Costco,M15,MeanReversion,"window=20,z=2.25",0.02387180097601649,0.4759036144578313,0.09092136055909426,1.0667170049610433,331,True,4,0.021994088523739186,5
Coty,H1,MeanReversion,"window=50,z=1.5",0.25322132664138375,0.5011406844106464,0.16267187228046268,1.0576040325040195,1450,True,4,0.19388965003900682,5
Coty,H1,MeanReversion,"window=20,z=2.0",0.2515681011731665,0.5052631578947369,0.22402865789825366,1.1414998976285045,511,True,4,0.12211593235152918,5
Coty,H1,MeanReversion,"window=50,z=2.0",0.310224972163442,0.5135623869801085,0.2818729248419472,1.1649092740759401,594,True,4,0.07088080694114518,5
Coty,H1,MeanReversion,"window=20,z=2.25",0.09807233756952716,0.4908424908424908,0.11422738366491854,1.0899948394168968,293,True,4,0.10732964970125214,5
Coty,H1,MeanReversion,"window=20,z=2.5",0.2214958208889617,0.5294117647058824,0.320889696178611,1.3719087400973111,164,True,4,0.11596276856930365,5
Coty,H1,MeanReversion,"window=50,z=2.5",0.13624932526255518,0.5221674876847291,0.19163680713982875,1.1889818014504137,218,True,4,0.05824401762939557,5
Coty,H1,MeanReversion,"window=100,z=2.5",0.06960661789582012,0.4972677595628415,0.10276029347345687,1.1010168734806671,200,True,5,0.04431808922163549,5
Coty,H1,MeanReversion,"window=20,z=2.75",0.11991408793623703,0.5753424657534246,0.21493598343548617,1.3634685383244909,76,True,4,0.05184271214195635,5
Coty,H4,MeanReversion,"window=50,z=2.0",0.12990902347674582,0.4861788617886179,0.046413645572388904,1.025144756091085,640,True,4,0.20000687116455895,5
Coty,H4,MeanReversion,"window=50,z=2.25",-0.21984545938286093,0.4856396866840731,-0.09788115475528765,0.9337006203878648,397,True,4,0.3072838648389311,5
Coty,M15,MeanReversion,"window=20,z=1.5",0.1875340554121594,0.5034756703078451,0.172894347610056,1.072697757203905,1413,True,4,0.04205219895329115,5
Coty,M15,MeanReversion,"window=50,z=1.5",0.18325203322718586,0.49748743718592964,0.16654157702011815,1.0714291808961955,1408,True,4,0.07325300070010643,5
Coty,M15,MeanReversion,"window=100,z=1.5",-0.18974160413051422,0.5031185031185031,-0.13551792379287741,0.9295414489934274,1405,True,4,0.033542921174135154,5
Coty,M15,MeanReversion,"window=50,z=1.75",-0.014227363880923494,0.4837758112094395,-0.014553686347369678,0.9925690927057962,945,True,4,0.048716790509693464,5
Coty,M15,MeanReversion,"window=100,z=1.75",0.06650851587971351,0.5066469719350074,0.07157219153813041,1.0372367342695865,966,True,4,0.04155151877619234,5
Coty,M15,MeanReversion,"window=50,z=2.0",0.20883453659449192,0.5143487858719646,0.26680342616859903,1.1749380992183864,601,True,4,0.07467828818740063,5
Coty,M15,MeanReversion,"window=20,z=2.25",0.1402326375950519,0.5355805243445693,0.20688673197791155,1.1724181429466258,332,True,4,0.09799270601378829,5
Coty,M15,MeanReversion,"window=50,z=2.25",0.14413291652092974,0.5098039215686274,0.19806079887979652,1.1591826494826871,380,True,4,0.051354957116301336,5
Coty,M15,MeanReversion,"window=50,z=2.5",0.07313427718916155,0.5145631067961165,0.1293224856609645,1.1135369900642333,249,True,4,0.07644623240706616,5
CrownCastle,H1,MeanReversion,"window=20,z=1.5",0.28155937548627696,0.5144628099173554,0.27029667936900176,1.0976225689040338,1468,True,4,0.13236693517925624,5
CrownCastle,H1,MeanReversion,"window=20,z=1.75",0.3470832828568249,0.5280172413793104,0.40257222582461494,1.1941236679820484,937,True,4,0.09539059213723322,5
CrownCastle,H1,MeanReversion,"window=20,z=2.0",0.22491143465677743,0.5208711433756806,0.3405100286121245,1.2123233170702372,556,True,4,0.07274722630141894,5
CrownCastle,H1,MeanReversion,"window=50,z=2.0",0.045614266031914985,0.4900459418070444,0.0602179222965628,1.0312846242531457,660,True,4,0.02125273008958317,5
CrownCastle,H1,MeanReversion,"window=100,z=2.0",0.13752874358042533,0.5157894736842106,0.1855042218709854,1.097078738406378,676,True,5,0.09819522609187548,5
CrownCastle,H1,MeanReversion,"window=20,z=2.25",0.22977826478089192,0.5466666666666666,0.5390102747163213,1.451698344014151,303,True,4,0.017150311828222464,5
CrownCastle,H1,MeanReversion,"window=50,z=2.25",0.15092565767680377,0.505,0.26348710958444616,1.1795795910265527,400,True,4,0.04841650984439361,5
CrownCastle,H1,MeanReversion,"window=100,z=2.25",0.20978609656318692,0.4963855421686747,0.367150305425204,1.2528626210212441,422,True,4,0.041712407918642946,5
CrownCastle,H4,TrendFollowing,"fast=21,slow=55",-0.8418590396749559,0.5061306532663317,-0.2340479122588598,0.9583298064151435,4999,True,4,0.21827434484229258,5
CrownCastle,H4,TrendFollowing,"fast=34,slow=89",-1.0354078784420127,0.502713567839196,-0.28787308537737055,0.9489938849588215,4999,True,4,0.690362099075909,5
CrownCastle,H4,VolatilityExpansion,"ema=20,mult=1.5",0.31265172195675717,0.5122107969151671,0.16351167762859342,1.0529039141991274,1566,True,4,0.24230266827192048,5
CrownCastle,H4,VolatilityExpansion,"ema=50,mult=2.5",-0.07898147087932006,0.5069860279441117,-0.041630420429705016,0.9863745023633461,1509,True,4,0.08763042022070389,5
CrownCastle,H4,VolatilityExpansion,"ema=50,mult=3.0",0.19150819974470967,0.5283720930232558,0.12506162173948013,1.049593527199316,1079,True,4,0.15919969316000526,5
CrownCastle,M15,MeanReversion,"window=20,z=2.75",0.030604742066854485,0.4930555555555556,0.11990018306098758,1.136841010249684,145,True,4,0.017895676105049718,5
CrownCastle,M15,TrendFollowing,"fast=13,slow=34",0.08026950606105576,0.5007176542956736,0.07545765018715522,1.0160688508403228,4999,True,5,0.13186053046847002,5
CrownCastle,M15,VolatilityExpansion,"ema=50,mult=1.5",-0.03397049196755031,0.4959319526627219,-0.04241557978011168,0.9883234734862341,2758,True,4,0.011983777349694358,5
DISH,H1,MeanReversion,"window=50,z=1.5",-0.16402406906308076,0.49019607843137253,-0.06410930895706989,0.9775075701320283,1514,True,4,0.4096449638992271,5
DISH,H1,MeanReversion,"window=100,z=1.5",0.03427117518466649,0.4992897727272727,0.013337734420555166,1.0047790900713538,1446,True,4,0.16378896277995314,5
DISH,H1,MeanReversion,"window=50,z=1.75",-0.08003565168209748,0.48936170212765956,-0.03563725549092034,0.9845578528506925,1054,True,4,0.4390663066461781,5
DISH,H1,MeanReversion,"window=100,z=2.0",-0.2470703592151846,0.48231511254019294,-0.12855012892641943,0.9307597392854717,635,True,4,0.14128434738524687,5
DISH,H1,MeanReversion,"window=100,z=2.25",-0.20663305356344308,0.46464646464646464,-0.12507484901487834,0.9143278475255441,406,True,5,0.15212425156832676,5
DISH,H1,MeanReversion,"window=100,z=2.5",-0.086030886349579,0.46122448979591835,-0.058912762404691274,0.9440888298753793,250,True,4,0.08969544693469456,5
DISH,H4,MeanReversion,"window=20,z=2.25",-0.21913128544999327,0.5036764705882353,-0.15999371349935188,0.8817362792110083,277,True,4,0.07518597233776458,5
DISH,H4,TrendFollowing,"fast=5,slow=20",-0.3709461065248827,0.4977588046958378,-0.062314233746837436,0.9875798534264296,4738,True,4,0.8602817451849029,5
DISH,H4,VolatilityExpansion,"ema=20,mult=2.0",1.0620540420789526,0.5195353748680043,0.3206650986707248,1.157977985716396,957,True,4,0.8092190334321302,5
DISH,H4,VolatilityExpansion,"ema=50,mult=2.0",1.0621227331545007,0.5138755980861244,0.2408981420478677,1.0766362869246189,2115,True,5,0.5877347327082887,5
DISH,H4,VolatilityExpansion,"ema=50,mult=2.5",1.2829332177054722,0.5116866708780796,0.3302348627951605,1.121037530781457,1604,True,4,0.5060217327240972,5
DISH,H4,VolatilityExpansion,"ema=50,mult=3.0",1.1436743948731802,0.5238893545683152,0.32910573297114415,1.1382135577916943,1208,True,4,0.74436383493993,5
DISH,M15,MeanReversion,"window=20,z=1.5",-0.193892592826572,0.49101796407185627,-0.14021358962584848,0.9500898029819607,1344,True,4,0.1696087898969243,5
DISH,M15,MeanReversion,"window=50,z=1.5",-0.21281736171978638,0.4907481898632341,-0.14197380845241817,0.9486705751401833,1444,True,4,0.2589933927135395,5
DISH,M15,MeanReversion,"window=20,z=2.0",-0.2858109390473208,0.4713375796178344,-0.3002079144083801,0.8452184033683398,527,True,4,0.13493405538533065,5
DISH,M15,MeanReversion,"window=50,z=2.0",-0.2969395718962773,0.4860335195530726,-0.2745394271618016,0.8541126983080501,605,True,4,0.14232576919985962,5
DISH,M15,MeanReversion,"window=20,z=2.25",-0.22635488372903922,0.4892086330935252,-0.28982434825485565,0.8116036295338284,308,True,4,0.07713352553630526,5
DISH,M15,MeanReversion,"window=20,z=2.5",-0.08602509587670948,0.5033112582781457,-0.1415177694858644,0.8763690120470962,159,True,4,0.08557792849241408,5
DISH,M15,MeanReversion,"window=100,z=2.5",0.025248035954334225,0.45,0.04510343715714414,1.0370734340580297,222,True,4,0.03782128801276552,5
DTE,H1,MeanReversion,"window=20,z=1.5",0.3898075133895085,0.5250166777851901,0.47959694929566665,1.1696626421991714,1517,True,4,0.05093379621592775,5
DTE,H1,MeanReversion,"window=50,z=1.75",0.3011175579992813,0.5322425409047161,0.4395975461013973,1.1864650754665298,1053,True,4,0.015592475918462578,5
DTE,H1,MeanReversion,"window=100,z=2.0",0.05332123148930368,0.5169753086419753,0.09161090479819196,1.0478420100024965,659,True,4,0.045627040344281,5
DTE,H1,MeanReversion,"window=20,z=2.5",0.047599846493417086,0.46794871794871795,0.1616578400006489,1.1700654795342422,157,True,4,0.02465283814240049,5
DTE,H4,MeanReversion,"window=20,z=1.5",0.7044582277012404,0.5108467459762072,0.4438674233992045,1.170390751281727,1443,True,4,0.34950475709760787,5
DTE,H4,MeanReversion,"window=50,z=1.75",0.23430011537162243,0.5059687786960514,0.1642721053714982,1.0702639624906676,1098,True,5,0.11776890682053798,5
DTE,H4,MeanReversion,"window=100,z=2.0",0.26134490742045824,0.508716323296355,0.1768318805077988,1.1169811265029341,635,True,5,0.1770264083637294,5
DTE,H4,MeanReversion,"window=100,z=2.25",0.44732395644677503,0.5287958115183246,0.4444279421749836,1.3672916305776703,385,True,5,0.20470117132922705,5
DTE,H4,MeanReversion,"window=100,z=2.5",0.2425289530633742,0.5045045045045045,0.2993524034476463,1.3195909445020741,224,True,4,0.15526514292632754,5
DTE,M15,MeanReversion,"window=50,z=2.0",0.2035092603227565,0.5534290271132376,0.7043039732465305,1.4074241641666647,638,True,4,0.04743731383200844,5
DTE,M15,MeanReversion,"window=50,z=2.25",0.14116431542349206,0.5757575757575758,0.5701232060177668,1.4142575230695487,402,True,4,0.021063873514987952,5
DTE,M15,MeanReversion,"window=20,z=2.5",0.10970882350256039,0.600896860986547,0.5166858800700633,1.5055625993785837,224,True,4,0.06062580056924605,5
DTE,M15,MeanReversion,"window=100,z=2.5",0.10911013837959804,0.586046511627907,0.6662375791972694,1.7122417031251314,216,True,4,0.013818955841055858,5
DTE,M15,MeanReversion,"window=50,z=2.75",0.07651452059053943,0.6438356164383562,0.4846686876964024,1.6252244266973326,145,True,4,0.016266057274918255,5
DXC,H1,MeanReversion,"window=50,z=1.5",-0.36982511859780653,0.5049857549857549,-0.17807070650367102,0.9268094339840177,1450,True,4,0.10159641039428657,5
DXC,H1,MeanReversion,"window=100,z=1.5",0.15451251160365564,0.5163584637268848,0.07218140813723829,1.0309108733918264,1457,True,4,0.09147662705933934,5
DXC,H1,MeanReversion,"window=100,z=1.75",0.2660695883431039,0.5341614906832298,0.1338311781692135,1.0745186099861548,1002,True,4,0.07993191936021316,5
DXC,H1,MeanReversion,"window=50,z=2.0",0.013440255138326473,0.5235204855842185,0.007708637313301788,1.0052856169696018,676,True,4,0.14803503195198542,5
DXC,H1,MeanReversion,"window=50,z=2.25",0.3504402022840506,0.5222772277227723,0.33528187815679533,1.254486236091073,415,True,5,0.15428049543274314,5
DXC,H1,MeanReversion,"window=100,z=2.25",-0.026132671097043203,0.5368421052631579,-0.016187658242407983,0.9851236778281331,384,True,4,0.07146536405508974,5
DXC,H1,TrendFollowing,"fast=5,slow=20",-0.11031101721539038,0.4950083194675541,-0.03425745721962794,0.9926797855868257,4999,True,5,0.5317951642201385,5
DXC,H1,TrendFollowing,"fast=8,slow=21",-0.029683615276319242,0.4964642262895175,-0.009218326594272989,0.9980249181788646,4999,True,4,0.36319405980796426,5
DXC,H4,MeanReversion,"window=50,z=1.75",0.13032248734477836,0.5395987328405492,0.038892118487134114,1.0197216044844981,954,True,4,0.24642129789526312,5
DXC,H4,MeanReversion,"window=50,z=2.0",0.11002209142771613,0.5381944444444444,0.03848446172047772,1.0263570496760297,580,True,4,0.24454212730503566,5
DXC,H4,MeanReversion,"window=50,z=2.25",-0.0656852609639701,0.5112994350282486,-0.025398642366223814,0.9770472734700867,357,True,4,0.15157821980688801,5
DXC,H4,MeanReversion,"window=20,z=2.5",0.425983358016343,0.5644171779141104,0.3481648734393224,1.4199597091142346,162,True,4,0.13808018510482922,5
DXC,H4,MeanReversion,"window=50,z=2.5",0.5827157490365835,0.5324074074074074,0.38355221815173907,1.414537448845099,217,True,4,0.22798680792703185,5
DXC,H4,MeanReversion,"window=50,z=2.75",0.5981937313880443,0.5470085470085471,0.4916475661884735,1.8665701586505383,117,True,4,0.1734283314494962,5
DXC,M15,MeanReversion,"window=20,z=1.5",0.04574288355999645,0.5072353389185073,0.04231061484153103,1.0156086964670898,1420,True,4,0.09486838857634106,5
DXC,M15,MeanReversion,"window=50,z=1.5",0.10243605098288622,0.5055292259083728,0.10726987135263572,1.0408535212692462,1380,True,4,0.15596649018017394,5
DXC,M15,MeanReversion,"window=100,z=1.5",0.4071298489858135,0.5010972933430871,0.4531521108538937,1.174797389806013,1497,True,4,0.126406510682889,5
DXC,M15,MeanReversion,"window=20,z=1.75",0.16489150037871703,0.5065217391304347,0.17255441270837468,1.0771552557006263,984,True,4,0.12507632815357927,5
DXC,M15,MeanReversion,"window=50,z=1.75",-0.00465522243254346,0.5028121484814398,-0.005531457245732111,0.9975921508020857,952,True,4,0.10046471486849018,5
DXC,M15,MeanReversion,"window=100,z=1.75",0.20419588586248005,0.5015353121801432,0.26174178137223725,1.118514288544385,1057,True,4,0.10827868480071412,5
DXC,M15,MeanReversion,"window=20,z=2.0",0.01178378079065534,0.4942339373970346,0.014173036347223028,1.0075800160321122,642,True,4,0.14506219693289868,5
DXC,M15,MeanReversion,"window=50,z=2.0",0.0036076543525095373,0.49756888168557534,0.005027092381317268,1.0025330173482925,663,True,4,0.1462730088020493,5
DXC,M15,MeanReversion,"window=100,z=2.0",0.06667955683491256,0.49833333333333335,0.10660439415526994,1.0584485150335539,647,True,4,0.08421831121504364,5
DXC,M15,MeanReversion,"window=20,z=2.25",-0.07294687317463244,0.4776536312849162,-0.10300142751751129,0.9285140428017999,380,True,4,0.07726393039192114,5
DXC,M15,MeanReversion,"window=50,z=2.25",-0.022511898725646295,0.49370277078085645,-0.037545731938194576,0.9766905819951864,425,True,4,0.1409051983895968,5
DXC,M15,MeanReversion,"window=50,z=2.5",0.027842726461917877,0.49206349206349204,0.05914534880538741,1.0453239020415332,268,True,4,0.10821549072930858,5
DXC,M15,MeanReversion,"window=20,z=2.75",-0.0308314431604384,0.5289855072463768,-0.055605499018180966,0.9373175182558396,148,True,4,0.010589530472763564,5
DXC,M15,MeanReversion,"window=50,z=2.75",-0.0017798007642291225,0.4764705882352941,-0.004370648882609848,0.9960120002789415,178,True,4,0.049044812867921506,5
DXC,M15,MeanReversion,"window=20,z=3.0",-0.021846346941547856,0.49382716049382713,-0.056396370069106624,0.9252742042680412,86,True,5,0.03250915639298346,5
Danaher,H1,MeanReversion,"window=20,z=1.5",0.14575548175985864,0.49863574351978174,0.13102073138980838,1.050345543595045,1468,True,4,0.09624883364698344,5
Danaher,H1,MeanReversion,"window=100,z=1.75",-0.030626939837440248,0.5081967213114754,-0.03260541737867652,0.9858557073488036,1040,True,4,0.04617255795466857,5
Danaher,H1,MeanReversion,"window=20,z=2.25",0.17052746842508348,0.5286624203821656,0.3575903175258243,1.2890521725701776,313,True,4,0.06477948082354568,5
Danaher,H1,VolatilityExpansion,"ema=20,mult=2.5",0.16326866342451307,0.5086580086580087,0.2436450275623449,1.1660494823253666,462,True,4,0.0728434581188322,5
Danaher,H1,VolatilityExpansion,"ema=20,mult=3.0",0.1649661313270936,0.547244094488189,0.32870600334760425,1.3003368024760753,253,True,4,0.06205555200166479,5
Danaher,H4,MeanReversion,"window=50,z=1.75",0.5553023867304026,0.5131195335276968,0.33045439061625115,1.14764476559394,1032,True,4,0.4143024114855147,5
Danaher,H4,MeanReversion,"window=100,z=1.75",0.4481041769329692,0.5037037037037037,0.2551901425112872,1.1157090091580444,1083,True,4,0.33710773566408725,5
Danaher,H4,MeanReversion,"window=20,z=2.0",0.4564452634666504,0.5447897623400365,0.37630321906475267,1.2350683931527935,549,True,4,0.3411620719482743,5
Danaher,H4,MeanReversion,"window=100,z=2.0",0.6856334623804363,0.5398773006134969,0.47118480972338106,1.3110992502916199,654,True,5,0.260676295240008,5
Danaher,H4,MeanReversion,"window=20,z=2.5",0.08330316321899245,0.5142857142857142,0.13811922913960387,1.1594041821213064,140,True,5,0.13307648649560544,5
Danaher,H4,MeanReversion,"window=20,z=2.75",0.14787624904835728,0.5657894736842105,0.3084729700002501,1.5767849138814132,76,True,4,0.07767731899418229,5
Danaher,M15,MeanReversion,"window=20,z=1.5",0.20408786947751745,0.4977168949771689,0.21421292905646447,1.0984036963233763,1543,True,4,0.15185138756066774,5
Danaher,M15,MeanReversion,"window=50,z=1.5",0.26254988509199884,0.5078076202373517,0.3305272935272023,1.142268319127123,1608,True,5,0.12009773167931403,5
Danaher,M15,MeanReversion,"window=20,z=1.75",0.15705337479745785,0.5078277886497065,0.19241038919579728,1.1084482494384877,1027,True,5,0.12988031144113432,5
Danaher,M15,MeanReversion,"window=50,z=1.75",0.26408214434331256,0.5033947623666344,0.3784412824593168,1.2131078159335789,1036,True,5,0.13207928514929312,5
Danaher,M15,MeanReversion,"window=20,z=2.0",0.24180996376885322,0.5255591054313099,0.34265988064910263,1.2619225462440864,627,True,4,0.0790404467140583,5
Danaher,M15,MeanReversion,"window=50,z=2.0",0.23834547334517608,0.4969512195121951,0.40796698417588667,1.2941691659128218,656,True,4,0.10000010219302036,5
Danaher,M15,MeanReversion,"window=20,z=2.25",0.222717744066234,0.5426356589147286,0.3445422596693706,1.3677598554997703,388,True,4,0.039772047237262576,5
Danaher,M15,MeanReversion,"window=50,z=2.25",0.19487184279754122,0.5114503816793893,0.36683307429617557,1.371726994981474,392,True,4,0.08046979212701133,5
Danaher,M15,MeanReversion,"window=20,z=2.5",0.12816814943887278,0.5641025641025641,0.2791213935273877,1.3220657276988057,235,True,5,0.07771708854867299,5
Danaher,M15,MeanReversion,"window=50,z=2.5",0.07249114621099739,0.5042016806722689,0.24292629745481747,1.218771293811797,237,True,5,0.0681202690718331,5
Danaher,M15,MeanReversion,"window=100,z=2.5",0.06712118229280328,0.5017667844522968,0.23184858059296598,1.1932271212404162,283,True,4,0.047819682727434754,5
Danaher,M15,MeanReversion,"window=20,z=2.75",0.128340060175973,0.5608108108108109,0.439567885705683,1.5986912472004167,148,True,4,0.06732471731492817,5
Danaher,M15,MeanReversion,"window=50,z=2.75",0.11242429154028177,0.5608108108108109,0.42994177720298177,1.578204735216603,147,True,4,0.0604791747427007,5
Danaher,M15,TrendFollowing,"fast=34,slow=89",0.17279545317841416,0.5017189079878666,0.13233276549524556,1.0299554600599765,4999,True,5,0.10403276408283046,5
Danaher,M15,TrendFollowing,"fast=50,slow=200",-0.2435941260607315,0.4889787664307381,-0.18655925200448115,0.9592420732572231,4999,True,4,0.08409526658340338,5
Deere,H1,MeanReversion,"window=20,z=2.25",-0.01699816158403611,0.5273972602739726,-0.031601689535594786,0.975474768303528,293,True,4,0.034909962157344654,5
Deere,H4,MeanReversion,"window=20,z=2.75",0.1835916398501276,0.5844155844155844,0.3298102432492738,1.7963387776865825,76,True,4,0.04472694876572081,5
Deere,M15,MeanReversion,"window=50,z=1.5",0.33155863559173204,0.5348189415041783,0.4627223071526799,1.219344714177452,1446,True,4,0.09191008431052317,5
Deere,M15,MeanReversion,"window=100,z=2.5",0.08661854960171489,0.55,0.31463680441786995,1.2783169347877115,240,True,5,0.01944770096803483,5
Deere,M15,MeanReversion,"window=100,z=2.75",0.056899692131016866,0.5611510791366906,0.2536876926634701,1.2936089748177764,138,True,4,0.029014516934696144,5
Delta,H1,TrendFollowing,"fast=34,slow=89",1.563865193811975,0.5063110749185668,0.5247266692378231,1.1149372495002716,4999,True,4,0.5117560709245457,5
Delta,H1,TrendFollowing,"fast=50,slow=200",1.1645923943545489,0.5050895765472313,0.39066283216124503,1.0843547587196167,4999,True,5,0.6757935953407663,5
Delta,H1,VolatilityExpansion,"ema=20,mult=1.5",-0.028656118998918068,0.4894982497082847,-0.01681610041191617,0.9944320821421726,1743,True,4,0.15719480382987594,5
Delta,H1,VolatilityExpansion,"ema=50,mult=1.5",0.14876427413750115,0.4941022280471822,0.06753483543543674,1.017166466416452,3106,True,4,0.357719707512421,5
Delta,H1,VolatilityExpansion,"ema=50,mult=2.5",0.07244273901130227,0.4935064935064935,0.039477928584426676,1.0128515899489112,1963,True,5,0.2773978440044087,5
Delta,H1,VolatilityExpansion,"ema=50,mult=3.0",-0.119505912938913,0.4899598393574297,-0.07367294407512638,0.9734613768881147,1523,True,4,0.10195733364012571,5
Delta,H1,VolatilityExpansion,"ema=50,mult=3.5",-0.06484769346831565,0.483467381590706,-0.046559472039376645,0.9807968505425095,1141,True,5,0.14820752229438983,5
Delta,H4,MeanReversion,"window=20,z=1.5",0.16304548187138634,0.5248275862068965,0.05179329478994097,1.0193790865670078,1455,True,4,0.02460765126664055,5
Delta,H4,MeanReversion,"window=50,z=1.75",-0.375189790399175,0.49559859154929575,-0.13046214955610427,0.9467214979974248,1140,True,4,0.16513625361686435,5
Delta,H4,MeanReversion,"window=20,z=2.25",0.18535374479418953,0.5016611295681063,0.12180553267963576,1.1099491129486436,301,True,4,0.020333837014252065,5
Delta,H4,TrendFollowing,"fast=5,slow=20",2.5660852285526103,0.5058420628525383,0.44209537855789277,1.0942049126501123,4999,True,4,1.2097096128712357,5
Delta,H4,VolatilityExpansion,"ema=50,mult=3.0",0.5203623757537237,0.49134687735139204,0.14998531249244737,1.0631941644411456,1335,True,4,0.6025119155102325,5
Delta,M15,MeanReversion,"window=50,z=1.5",0.4608328941493831,0.5259938837920489,0.510836889105576,1.2327620857680393,1341,True,4,0.10527071844430169,5
Delta,M15,MeanReversion,"window=100,z=1.5",0.2401275902424438,0.5310509554140127,0.2995368125487243,1.130319043776974,1294,True,4,0.07731516736664501,5
Delta,M15,MeanReversion,"window=20,z=1.75",0.09454520758014129,0.5063437139561707,0.09809884834181978,1.0537598049690151,885,True,4,0.05527662719955573,5
Delta,M15,MeanReversion,"window=50,z=1.75",0.4381633874070293,0.5274212368728122,0.542619506005162,1.3100545457888368,873,True,4,0.12354727835589208,5
Delta,M15,MeanReversion,"window=20,z=2.0",0.14451101413403333,0.5108303249097473,0.17156286122464406,1.1234268470751534,562,True,4,0.05290906223264291,5
Delta,M15,MeanReversion,"window=50,z=2.0",0.21869354935893226,0.5148861646234676,0.38690164614263084,1.2251115630471199,581,True,4,0.11085353961584266,5
Delta,M15,MeanReversion,"window=20,z=2.25",0.23199021047719837,0.5300859598853869,0.39084851001297005,1.3396505144391344,352,True,4,0.050533191509335884,5
Delta,M15,MeanReversion,"window=50,z=2.25",0.11160369013991,0.5080213903743316,0.22656646445278847,1.1529359062605082,379,True,4,0.029972795114673545,5
Delta,M15,MeanReversion,"window=50,z=2.5",0.07569406472354023,0.5141700404858299,0.17175054991288896,1.1424781784341038,250,True,4,0.02804455143655793,5
Delta,M15,MeanReversion,"window=100,z=2.5",0.10908731156575568,0.5244444444444445,0.1977557032276473,1.2257557547572757,226,True,4,0.03936365571808953,5
Delta,M15,MeanReversion,"window=20,z=2.75",0.22915299878204698,0.56,0.5586080870608437,2.1281570340099467,125,True,5,0.058069024907593914,5
Devon,H1,MeanReversion,"window=50,z=2.0",-0.021825675206345818,0.5015822784810127,-0.02309125350907642,0.98728235185257,643,True,4,0.11864151864234285,5
Devon,H1,TrendFollowing,"fast=10,slow=30",0.664606936743548,0.5082805152320589,0.2550970924351782,1.0528290816906969,4999,True,4,0.2990179268914237,5
Devon,H1,TrendFollowing,"fast=13,slow=34",0.33972154727902637,0.5074626865671642,0.1303834008929694,1.0266599530007388,4999,True,4,0.28191517417915923,5
Devon,H4,TrendFollowing,"fast=13,slow=34",1.3735431010074968,0.5052652895909275,0.19790887534177962,1.0397452409790902,4999,True,4,0.8852843763287973,5
Devon,H4,TrendFollowing,"fast=34,slow=89",0.7901994128268192,0.5056703118671527,0.11385106511418873,1.0226740721455534,4999,True,4,1.094620493636596,5
Devon,H4,VolatilityExpansion,"ema=20,mult=2.5",0.33593299001853716,0.4866220735785953,0.11658669219885183,1.073788821109438,605,True,4,0.7372494293004027,5
Devon,M15,MeanReversion,"window=100,z=1.5",0.1988705723802222,0.5083948959032908,0.25197270380377784,1.0991199856761324,1560,True,4,0.020422101566480166,5
Devon,M15,MeanReversion,"window=100,z=2.0",0.17629795397906467,0.5322834645669291,0.38742253008419697,1.215305760951865,658,True,4,0.04747820103854894,5
Devon,M15,MeanReversion,"window=50,z=2.75",-0.005508146718060991,0.5036496350364964,-0.020788587406596188,0.9782941872626144,137,True,4,0.02106811404466835,5
DicksSporting,H1,MeanReversion,"window=20,z=1.5",0.5951836652588491,0.5077860528097495,0.3734010119940248,1.1483697277813545,1479,True,5,0.3125491230307553,5
DicksSporting,H1,MeanReversion,"window=20,z=1.75",0.5067270599657485,0.5151515151515151,0.4292460412286159,1.2015251131459768,924,True,5,0.296250212053375,5
DicksSporting,H1,MeanReversion,"window=50,z=1.75",-0.13346650618639733,0.4841802492809204,-0.08519221108163808,0.9607004774680771,1045,True,4,0.0835859041564666,5
DicksSporting,H1,MeanReversion,"window=20,z=2.75",0.1896559857113338,0.5638297872340425,0.409353905578291,1.7549171307725961,93,True,4,0.08224617453903826,5
DicksSporting,H4,MeanReversion,"window=50,z=2.0",1.1069404318843103,0.5320121951219512,0.40890718736460707,1.2655827316388257,658,True,4,0.27260156078515885,5
DicksSporting,H4,MeanReversion,"window=50,z=2.25",1.0357916241694878,0.5584045584045584,0.5319403276433559,1.5023865955486697,350,True,5,0.5112142503312487,5
DicksSporting,H4,MeanReversion,"window=50,z=2.5",0.42260351794069584,0.5238095238095238,0.3478467399605691,1.3532635332377965,209,True,4,0.1527652202777775,5
DicksSporting,H4,TrendFollowing,"fast=10,slow=30",-0.670480277792705,0.50210716435882,-0.09829670178861546,0.9803973208897614,4999,True,4,0.8863233233207316,5
DicksSporting,H4,TrendFollowing,"fast=13,slow=34",0.23702281020700466,0.5057194461167971,0.03474847859855623,1.0070229499685288,4999,True,4,0.9396736795793287,5
DicksSporting,H4,VolatilityExpansion,"ema=50,mult=2.0",-1.3549124474052308,0.4854503464203233,-0.28388551420142055,0.912847940165653,2170,True,4,0.9708047370660841,5
DicksSporting,M15,MeanReversion,"window=100,z=1.5",0.7526263754266005,0.5359116022099447,0.6435801932939903,1.351724306247999,1467,True,4,0.05479577257869883,5
DicksSporting,M15,MeanReversion,"window=20,z=1.75",0.3673388038301366,0.5522066738428417,0.42657469939537934,1.217521421015124,942,True,4,0.037473963508804164,5
DicksSporting,M15,MeanReversion,"window=50,z=1.75",0.4831683994450876,0.5561993047508691,0.6438325034183175,1.367581709581336,877,True,4,0.09816739974459943,5
DicksSporting,M15,MeanReversion,"window=100,z=1.75",0.5248543520292355,0.5499451152579583,0.5598405906379617,1.373517087242915,919,True,4,0.06733802176013282,5
DicksSporting,M15,MeanReversion,"window=20,z=2.0",0.2008027851726032,0.5619834710743802,0.26225819987152227,1.1581325973223693,614,True,4,0.0193212813992395,5
DicksSporting,M15,MeanReversion,"window=50,z=2.0",0.21708406290208182,0.5400372439478585,0.37591934973912966,1.2322814502967843,546,True,4,0.04587108575019161,5
DicksSporting,M15,MeanReversion,"window=100,z=2.0",0.12881228449917037,0.5276292335115864,0.21549207696933803,1.1307876535473753,565,True,4,0.06557429966768369,5
DicksSporting,M15,MeanReversion,"window=100,z=2.25",0.16175228302386158,0.5308988764044944,0.30537698692406456,1.245001786183377,357,True,4,0.051195304057769286,5
DicksSporting,M15,MeanReversion,"window=100,z=2.5",0.10246943971191702,0.5515695067264574,0.2444385609387904,1.234607457240368,224,True,4,0.05728655988132558,5
Discovery,H1,MeanReversion,"window=20,z=1.5",-0.1052911831564497,0.4939485627836611,-0.046298322781210266,0.9814294830278083,1387,True,4,0.14610273283668662,5
Discovery,H1,MeanReversion,"window=100,z=2.0",-0.2329270483659922,0.5057851239669422,-0.12755014908043139,0.9261535613664387,635,True,4,0.05092261356135075,5
Discovery,H1,MeanReversion,"window=50,z=2.5",-0.547062623455439,0.47804878048780486,-0.40331002580006553,0.6146345091783094,210,True,4,0.11638293904160668,5
Discovery,H1,TrendFollowing,"fast=34,slow=89",0.07033285726214666,0.49166138906480894,0.017354649665961702,1.0035870146996568,4999,True,4,0.43182891686227376,5
Discovery,H1,TrendFollowing,"fast=50,slow=200",-0.5821734316438518,0.48490605868693265,-0.14365723342312237,0.9707947806466427,4999,True,5,0.5499298411439368,5
Discovery,H4,MeanReversion,"window=100,z=1.5",-0.025779668392557298,0.508130081300813,-0.00647476408609461,0.9976732402932605,1492,True,4,0.1740495196033356,5
Discovery,H4,MeanReversion,"window=100,z=1.75",0.610915724451751,0.5179282868525896,0.1861717945419794,1.08425700393901,1013,True,4,0.2692755592767835,5
Discovery,H4,TrendFollowing,"fast=8,slow=21",1.9145407649853337,0.4944987775061125,0.284585616278975,1.0577652100133603,4999,True,4,0.9326985816451682,5
Discovery,M15,VolatilityExpansion,"ema=20,mult=1.5",-0.029773983106972657,0.48100450740502254,-0.018133197112682607,0.9920957933251836,1698,True,4,0.39708147671892824,5
Discovery,M15,VolatilityExpansion,"ema=50,mult=2.5",0.23814641576953166,0.49777777777777776,0.1460335409091331,1.0661524335631678,1722,True,4,0.44228775814300436,5
Discovery,M15,VolatilityExpansion,"ema=50,mult=3.0",0.2152555392008385,0.5061626951520132,0.13833242971162374,1.0737486957988465,1322,True,4,0.4014044472306646,5
Disney,H1,MeanReversion,"window=20,z=2.25",0.06452837884913143,0.5030674846625767,0.12422501418535442,1.0946147620590427,330,True,4,0.08881614775220437,5
Disney,H1,TrendFollowing,"fast=5,slow=20",0.6213576724156011,0.5004045307443366,0.3088518957586965,1.0688875802182578,4999,True,4,0.3147792935321446,5
Disney,H1,TrendFollowing,"fast=8,slow=21",0.5908659453013216,0.5048543689320388,0.29369036258267683,1.065396540912881,4999,True,4,0.34082247323830417,5
Disney,H1,TrendFollowing,"fast=21,slow=55",0.025037049895009433,0.4973705501618123,0.012442558657392936,1.0026869438647965,4999,True,4,0.4098863301881718,5
Disney,H1,TrendFollowing,"fast=34,slow=89",0.1407451625160463,0.4949433656957929,0.06994619624300794,1.0151989567255568,4999,True,4,0.45553053302869617,5
Disney,H1,VolatilityExpansion,"ema=20,mult=1.5",0.047135479954716786,0.4929742388758782,0.03738876257304374,1.0135707604378041,1721,True,4,0.016282816366815278,5
Disney,H1,VolatilityExpansion,"ema=50,mult=1.5",0.17312783803780085,0.4970039946737683,0.1078045762211282,1.0303627511521165,3036,True,4,0.27031095914759695,5
Disney,H1,VolatilityExpansion,"ema=50,mult=2.0",0.16052951439632146,0.4919254658385093,0.10640779152170182,1.03436185458343,2439,True,4,0.09099057389181286,5
Disney,H4,MeanReversion,"window=20,z=1.5",0.2625473281172773,0.5311594202898551,0.11485244026686922,1.0464021000253514,1387,True,5,0.4422900455246249,5
Disney,H4,MeanReversion,"window=20,z=1.75",0.09144809755317063,0.5272727272727272,0.049927307378040894,1.0250224974045,882,True,5,0.3110548420137015,5
Disney,H4,MeanReversion,"window=20,z=2.0",0.05895738939159301,0.49444444444444446,0.03929738056068966,1.0247911198019162,541,True,4,0.2266824462117356,5
Disney,H4,MeanReversion,"window=20,z=2.25",-0.03179202829501504,0.46258503401360546,-0.02772895427174581,0.9765728785982367,294,True,4,0.13764227308879895,5
Disney,H4,MeanReversion,"window=100,z=2.75",-0.005346545047811624,0.519774011299435,-0.007282968778723749,0.9932945222950037,176,True,4,0.06394362184243096,5
Disney,M15,MeanReversion,"window=20,z=1.5",0.09225694751160207,0.5052473763118441,0.17489969085182958,1.0714494317739247,1365,True,4,0.05678930330906762,5
Disney,M15,MeanReversion,"window=100,z=1.5",0.27878248064695366,0.5146115466856735,0.45008442908335494,1.2309543537382635,1435,True,4,0.10142826267830096,5
Disney,M15,MeanReversion,"window=20,z=1.75",0.1975371453477729,0.5249433106575964,0.4533981420913926,1.232402967308173,899,True,4,0.04138666009232861,5
Disney,M15,MeanReversion,"window=100,z=1.75",0.18313469803624283,0.5199600798403193,0.41686195935207626,1.2068273227976203,1027,True,4,0.0320003354276045,5
Disney,M15,MeanReversion,"window=20,z=2.0",0.12466773980524537,0.5245901639344263,0.33402602940787485,1.2207986338655694,563,True,4,0.06312743450663627,5
Disney,M15,MeanReversion,"window=50,z=2.0",0.0781183718157561,0.5298126064735945,0.232390544053796,1.1327274199410018,600,True,4,0.05186895780220879,5
Disney,M15,MeanReversion,"window=20,z=2.25",0.06976394434162958,0.5285285285285285,0.21778728380259793,1.1811087443026882,337,True,4,0.036443127989466584,5
Disney,M15,MeanReversion,"window=50,z=2.25",0.06995102098419403,0.5434782608695652,0.2310121845780982,1.1694747440140159,374,True,4,0.040346759097715124,5
Disney,M15,MeanReversion,"window=100,z=2.25",0.09879774581673617,0.5159090909090909,0.2688039092622417,1.2077802991223094,445,True,4,0.01027696097916353,5
Disney,M15,MeanReversion,"window=20,z=2.5",0.1144063924852804,0.5463414634146342,0.4024195293362326,1.5120930762594549,206,True,4,0.04876366967521972,5
Disney,M15,MeanReversion,"window=50,z=2.5",0.09029568717441205,0.5844748858447488,0.38470718344816446,1.3840293946806652,222,True,4,0.039672310655840426,5
Disney,M15,MeanReversion,"window=100,z=2.5",0.10617683027956626,0.5173611111111112,0.3225953246204206,1.3338508275845435,290,True,4,0.0329108603348397,5
Disney,M15,MeanReversion,"window=20,z=2.75",0.08978356136739285,0.5483870967741935,0.34347770366985475,1.5831742246345308,124,True,4,0.02571083334840385,5
Disney,M15,MeanReversion,"window=20,z=3.0",0.061824818615969224,0.6025641025641025,0.282591009380624,1.6298737443015257,77,True,5,0.025247967613941547,5
Disney,M15,MeanReversion,"window=20,z=3.25",0.06843204489496857,0.62,0.3611346354196357,2.1668886656122752,49,True,4,0.012341571257082129,5
Dominion,H1,MeanReversion,"window=20,z=1.5",0.12067144453444456,0.5073684210526316,0.11599612198644248,1.040817954762983,1444,True,4,0.0401967835895769,5
Dominion,H1,MeanReversion,"window=100,z=1.5",0.19978095719522326,0.5175070028011205,0.19563802987258783,1.070416629170689,1449,True,4,0.08275665270174237,5
Dominion,H1,MeanReversion,"window=20,z=1.75",-0.061196669390784386,0.5178764897074756,-0.06820581668136431,0.9708739916855929,933,True,4,0.0388560881379415,5
Dominion,H1,MeanReversion,"window=50,z=1.75",-0.012846249877756177,0.513255567338282,-0.015279087168444103,0.9936278766385327,950,True,4,0.05992848474428436,5
Dominion,H1,MeanReversion,"window=20,z=2.0",0.0769644268516122,0.5524861878453039,0.11275334255878003,1.0620726215096938,546,True,4,0.1019730903996704,5
Dominion,H1,MeanReversion,"window=50,z=2.25",-0.022661544435923164,0.5025906735751295,-0.037346721965458414,0.9760614880751258,388,True,4,0.10999868879683106,5
Dominion,H1,MeanReversion,"window=100,z=2.25",0.1256700033169731,0.518796992481203,0.21259119404706003,1.151249476739164,401,True,4,0.07042976249591881,5
Dominion,H1,MeanReversion,"window=50,z=2.5",0.01196693006383931,0.5088495575221239,0.02387538986942218,1.0201608714489057,227,True,4,0.11390506435783032,5
Dominion,H1,MeanReversion,"window=100,z=2.5",0.06094653801753014,0.5059760956175299,0.13454405840019093,1.1139853140684768,250,True,5,0.06908758912412294,5
Dominion,H4,MeanReversion,"window=20,z=1.5",0.9527757899565239,0.5270758122743683,0.5244500142763646,1.2103773351485043,1400,True,4,0.4695799084679574,5
Dominion,H4,MeanReversion,"window=50,z=1.5",1.1161152114161084,0.5291359678499665,0.5707242975833487,1.2346533085519698,1509,True,4,0.43413273815642095,5
Dominion,H4,MeanReversion,"window=20,z=1.75",0.48251712369858646,0.5106382978723404,0.32957285725529145,1.1606005159846668,902,True,4,0.27025737286155116,5
Dominion,H4,MeanReversion,"window=50,z=1.75",0.6238493319780062,0.5191364082433758,0.3889592799347039,1.1827094079313984,1029,True,4,0.2264324446514132,5
Dominion,H4,MeanReversion,"window=100,z=1.75",0.8961770828891983,0.5479313824419778,0.527507532954018,1.2773197456770808,998,True,4,0.3202069479195353,5
Dominion,H4,MeanReversion,"window=20,z=2.0",0.27018750409069026,0.5166340508806262,0.24276390235509485,1.1536087058271367,517,True,4,0.1869204900284681,5
Dominion,H4,MeanReversion,"window=50,z=2.0",0.4046529977658395,0.512781954887218,0.30239975648670436,1.1756958204692936,672,True,5,0.26565267976269225,5
Dominion,H4,MeanReversion,"window=100,z=2.0",0.7384866339764267,0.5571658615136876,0.507508264074711,1.3515212184401477,627,True,5,0.3787164240597378,5
Dominion,H4,MeanReversion,"window=50,z=2.25",0.5804529308651066,0.5398457583547558,0.5363320146255024,1.4810491150561835,393,True,4,0.2218036750606065,5
Dominion,H4,MeanReversion,"window=50,z=2.5",0.5858352632435812,0.5756097560975609,0.7065979483308493,2.0554424668444686,206,True,4,0.21583884432936462,5
Dominion,H4,MeanReversion,"window=50,z=2.75",0.36686301953601685,0.5384615384615384,0.5520963462948631,2.2296079999356646,104,True,4,0.17648331304988618,5
Dominion,M15,MeanReversion,"window=100,z=1.5",0.13688799551717712,0.49642857142857144,0.279668053716815,1.1112768040301828,1449,True,4,0.012245309383959735,5
Dominion,M15,MeanReversion,"window=100,z=1.75",0.14805182709279563,0.5144124168514412,0.3774298546835415,1.1831555264370073,932,True,5,0.060863561506288466,5
Dominion,M15,MeanReversion,"window=50,z=2.0",0.053974953159751426,0.5148861646234676,0.1313720406435389,1.085383787873207,583,True,4,0.03821133472717497,5
Dominion,M15,MeanReversion,"window=100,z=2.0",0.10690347582580195,0.4957410562180579,0.30934657998396214,1.1910890998901607,603,True,4,0.03422477974518423,5
Dominion,M15,MeanReversion,"window=50,z=2.25",0.09641005268334135,0.5427728613569321,0.2716385468635292,1.2522097988887475,342,True,4,0.02818636433067978,5
Dominion,M15,TrendFollowing,"fast=5,slow=20",0.24338607355436548,0.5127619838140693,0.2646700983058558,1.056079697315615,4998,True,4,0.1539545870825958,5
Dominion,M15,TrendFollowing,"fast=8,slow=21",0.19725927598042248,0.5069516497198588,0.2144992975010108,1.0452111525841954,4998,True,4,0.1643356613091116,5
Dominion,M15,TrendFollowing,"fast=13,slow=34",-0.018288449189134304,0.5081967213114754,-0.019885018958806174,0.995909393595707,4998,True,4,0.10424060964103199,5
Dominion,M15,TrendFollowing,"fast=21,slow=55",-0.11269012426657976,0.5034239468769455,-0.12253145371241501,0.9750577488419537,4998,True,4,0.01685465043849721,5
Dropbox,H1,MeanReversion,"window=20,z=1.5",0.12311083823510405,0.4887640449438202,0.1095835614953088,1.038065742830344,1481,True,4,0.2478808443933832,5
Dropbox,H1,MeanReversion,"window=100,z=1.5",0.1725968022423272,0.49902534113060426,0.14691263605498597,1.0502554227717296,1596,True,4,0.26258353223280617,5
Dropbox,H1,MeanReversion,"window=20,z=2.0",0.08998736089326265,0.5,0.12079976266791696,1.0670947177599779,536,True,4,0.12548926462488053,5
Dropbox,H1,MeanReversion,"window=50,z=2.0",-0.18469624871068357,0.47619047619047616,-0.23620533929186108,0.8926419493510539,716,True,4,0.07394992602139283,5
Dropbox,H1,MeanReversion,"window=20,z=2.25",0.023438356022723594,0.5272727272727272,0.0395125963125182,1.0303927437574014,278,True,4,0.06851114852710616,5
Dropbox,H1,MeanReversion,"window=50,z=2.5",-0.05602886779294225,0.5128205128205128,-0.11270042806595734,0.9025576026462184,201,True,4,0.060899465088322,5
Dropbox,H1,MeanReversion,"window=50,z=2.75",-0.07150816356106571,0.5092592592592593,-0.1626741785068807,0.8228238263564992,109,True,4,0.058782026995778835,5
Dropbox,H4,VolatilityExpansion,"ema=20,mult=2.0",-0.6776200138517786,0.46153846153846156,-0.4024467567378684,0.8340568781791726,696,True,4,0.22164036832520717,5
Dropbox,H4,VolatilityExpansion,"ema=50,mult=3.0",-0.5437515928985838,0.4808877928483354,-0.31010944784508504,0.8770019766450776,822,True,4,0.12031823916861573,5
Dropbox,M15,MeanReversion,"window=20,z=1.5",0.23917165674879504,0.5287528005974608,0.355710287381767,1.1451489080757031,1413,True,4,0.08261477556684382,5
Dropbox,M15,MeanReversion,"window=50,z=1.5",0.2095935315531552,0.5257142857142857,0.3310129048656781,1.1281786397192368,1487,True,4,0.05802950833901466,5
Dropbox,M15,MeanReversion,"window=20,z=1.75",0.15644644171457145,0.5322033898305085,0.27255686308083127,1.1327251231326159,931,True,5,0.08888859719548103,5
Dropbox,M15,MeanReversion,"window=50,z=1.75",0.211255611542575,0.5372972972972972,0.3884600965345951,1.192673946699914,983,True,5,0.06025565409183886,5
Dropbox,M15,MeanReversion,"window=20,z=2.0",0.21806936129108978,0.5509433962264151,0.4729851746331066,1.312902907572474,557,True,5,0.09029190396721276,5
Dropbox,M15,MeanReversion,"window=20,z=2.25",0.1670080070092843,0.5504587155963303,0.4205003487755336,1.3521879982583602,339,True,5,0.06666742435084327,5
Dropbox,M15,MeanReversion,"window=50,z=2.5",0.0449865879627791,0.5360824742268041,0.15050823339837976,1.1413630779304862,201,True,4,0.011926035753616948,5
Dropbox,M15,MeanReversion,"window=20,z=2.75",0.12912155574897433,0.5588235294117647,0.4780236311031198,1.9012472986689712,105,True,4,0.03776176416117627,5
Dropbox,M15,TrendFollowing,"fast=34,slow=89",-0.017653859148608952,0.5057890222984562,-0.015283498170129528,0.996878443974995,4999,True,4,0.07084441492322013,5
Dropbox,M15,TrendFollowing,"fast=50,slow=200",-0.11167248180867506,0.5025728987993139,-0.09668010969736249,0.9804168465093076,4999,True,4,0.04421835115581518,5
Duke,H1,VolatilityExpansion,"ema=20,mult=2.5",0.04540564856419782,0.5236907730673317,0.11165997517584861,1.071210738192814,408,True,5,0.148171060500082,5
Duke,H1,VolatilityExpansion,"ema=50,mult=2.5",-0.14631646752777472,0.4901675163874727,-0.19553968388191464,0.9350399242035244,1397,True,4,0.07379901924556331,5
Duke,H1,VolatilityExpansion,"ema=20,mult=3.0",0.0468497122248398,0.5141242937853108,0.16736906199129847,1.1703391816004987,178,True,5,0.08857176609950368,5
Duke,H1,VolatilityExpansion,"ema=50,mult=3.0",0.05439155504806015,0.5015706806282723,0.08904327980434748,1.0367447767530058,974,True,4,0.11069780465821688,5
Duke,H4,MeanReversion,"window=50,z=2.0",0.46921153834973406,0.5363214837712519,0.46551975018100683,1.2712783580695932,650,True,4,0.062051357806330865,5
Duke,H4,MeanReversion,"window=20,z=2.5",0.003739485814177379,0.5238095238095238,0.009605528530193657,1.0106728453339606,125,True,4,0.016180930665780746,5
Duke,H4,VolatilityExpansion,"ema=20,mult=2.0",-0.12893844781923236,0.4713896457765668,-0.11865682475844784,0.9444911126870966,741,True,4,0.10225307856246602,5
Duke,M15,MeanReversion,"window=50,z=1.5",0.1038302294644522,0.5104096709200806,0.27432334868583397,1.0992439704696757,1528,True,4,0.06877708553843487,5
Duke,M15,MeanReversion,"window=100,z=1.5",0.17373071826407493,0.5189786059351277,0.4966388910662751,1.1840708292164839,1489,True,5,0.06830200983280432,5
Duke,M15,MeanReversion,"window=50,z=1.75",0.10618257464432523,0.5122950819672131,0.32846258226921987,1.1497143353562223,999,True,4,0.03717119295262261,5
Duke,M15,MeanReversion,"window=100,z=1.75",0.139107091669309,0.5132275132275133,0.49171774254750505,1.223655499131066,972,True,5,0.055904815306055955,5
Duke,M15,MeanReversion,"window=50,z=2.0",0.09262879594692164,0.5158597662771286,0.3617955278042831,1.204746996907376,615,True,5,0.053389038213223494,5
Duke,M15,MeanReversion,"window=100,z=2.0",0.1279243996585384,0.5394045534150613,0.5274979489230545,1.3257612748926872,585,True,5,0.052680264090367634,5
Duke,M15,MeanReversion,"window=50,z=2.25",0.05471402026601535,0.515625,0.252276325195053,1.1762656497185664,391,True,4,0.032704328215277245,5
Duke,M15,MeanReversion,"window=50,z=2.5",0.056437581986999996,0.5165289256198347,0.3192255509611065,1.2870359598352927,246,True,4,0.02555880142994227,5
EQT,H1,MeanReversion,"window=50,z=1.75",0.2640288644851203,0.513771186440678,0.2275017051351278,1.0967394974035218,962,True,4,0.04306891706489091,5
EQT,H1,MeanReversion,"window=50,z=2.5",0.070004797144126,0.572139303482587,0.11452342503667232,1.1040957103445386,203,True,4,0.04275422017764352,5
EQT,H1,VolatilityExpansion,"ema=50,mult=2.5",-0.3462980024062069,0.48484848484848486,-0.25068162278423617,0.9168596345066807,1449,True,4,0.08764893232747317,5
EQT,H4,MeanReversion,"window=50,z=1.5",0.7413157246367338,0.519344262295082,0.1785812516953621,1.0610629888806422,1538,True,4,0.27618532419583397,5
EQT,H4,MeanReversion,"window=100,z=1.5",1.4272794014570682,0.5211970074812967,0.34443037458848885,1.117922793529472,1616,True,4,0.17668818192043134,5
EQT,H4,MeanReversion,"window=20,z=2.0",0.21434496603562514,0.5293040293040293,0.08740425960244246,1.0522010345708301,554,True,4,0.1549474851239896,5
EQT,H4,MeanReversion,"window=100,z=2.5",-0.14336110725179296,0.57,-0.09022240109778215,0.9189389426187182,202,True,4,0.14945934872219513,5
EQT,M15,MeanReversion,"window=20,z=1.75",0.30221298912954064,0.5383734249713631,0.3410496068066047,1.1913914374457784,890,True,4,0.10551853541813583,5
EQT,M15,MeanReversion,"window=20,z=2.0",0.29914987344429167,0.5182481751824818,0.43291041733498675,1.2912151840102026,557,True,4,0.0575054123872345,5
EQT,M15,MeanReversion,"window=100,z=2.0",0.130845665871408,0.4945226917057903,0.28400858996436834,1.1417315770126988,660,True,4,0.020255272572273886,5
EQT,M15,MeanReversion,"window=50,z=2.25",0.12889651434906158,0.518005540166205,0.3070576960887642,1.2095720954744151,371,True,4,0.03482603707189669,5
EQT,M15,MeanReversion,"window=20,z=2.5",0.21666427021523604,0.5638297872340425,0.4601291386589953,1.5854623110747361,190,True,4,0.06823743474090171,5
EXACT,H1,MeanReversion,"window=100,z=2.5",0.012866659765432109,0.5481481481481482,0.008842063474987302,1.008579937633351,273,True,4,0.04509807790124165,5
EXACT,H1,TrendFollowing,"fast=5,slow=20",-1.356083174320402,0.49655312246553124,-0.33588772324608335,0.9300888996807476,4999,True,4,0.38089840694047716,5
EXACT,H1,TrendFollowing,"fast=8,slow=21",-1.098101031729227,0.4977696674776967,-0.2719672611963196,0.9430098501582174,4999,True,4,0.3741302165656183,5
EXACT,H1,TrendFollowing,"fast=13,slow=34",-0.4032228479579564,0.49898621248986214,-0.09985373507832565,0.9786889349438572,4999,True,4,0.2987374215144113,5
EXACT,H1,TrendFollowing,"fast=21,slow=55",0.6486600107078053,0.4975669099756691,0.16063861554510883,1.0352630745441334,4999,True,4,0.5155760574513238,5
EXACT,H1,VolatilityExpansion,"ema=20,mult=1.5",-0.6806518855285822,0.468503937007874,-0.28785376168819043,0.8815996085075295,1284,True,4,0.5733200715976338,5
EXACT,H1,VolatilityExpansion,"ema=50,mult=1.5",-0.17578201225238488,0.4916244643552785,-0.06025472814859737,0.9823673678478284,2600,True,4,0.5429525626213414,5
EXACT,H1,VolatilityExpansion,"ema=50,mult=2.0",-0.06376628632646719,0.4841025641025641,-0.02377074888422729,0.9916728601555928,1973,True,4,0.6667058943346503,5
EXACT,H1,VolatilityExpansion,"ema=50,mult=3.0",-0.2931992033726045,0.47695202257761055,-0.15966845675712882,0.9281221272303782,1078,True,4,0.324348352362561,5
EXACT,H4,MeanReversion,"window=20,z=2.0",-0.03823756193961103,0.5009861932938856,-0.012573456801105753,0.9924708031490251,506,True,4,0.07676034460432835,5
EXACT,H4,TrendFollowing,"fast=10,slow=30",2.6263366939720227,0.5127586899738799,0.2730698084946673,1.056613972995201,4999,True,4,1.072276352078231,5
EXACT,H4,TrendFollowing,"fast=13,slow=34",3.0001148587950572,0.5147679324894515,0.31194696284616924,1.0649328191070322,4999,True,4,1.2559983257067877,5
EXACT,H4,TrendFollowing,"fast=21,slow=55",3.3651430393696957,0.5119549929676512,0.3499194318133604,1.0731221357485858,4999,True,4,1.605545099700365,5
EXACT,H4,TrendFollowing,"fast=34,slow=89",2.464179710935569,0.5141651597347799,0.25620521815958386,1.0530258006132533,4999,True,5,2.0879773886347714,5
EXACT,H4,TrendFollowing,"fast=50,slow=200",1.7902652464790911,0.5125577657223227,0.1861256653359407,1.038246754686199,4999,True,5,1.9244000127675784,5
EXACT,H4,VolatilityExpansion,"ema=20,mult=2.5",0.9587766896429423,0.5112612612612613,0.2919635615003549,1.2189807630284408,446,True,4,0.3474854857756371,5
EXACT,H4,VolatilityExpansion,"ema=20,mult=3.0",1.0731047467541643,0.5315315315315315,0.40898265325718514,1.5389492843093147,222,True,4,0.2979168938322555,5
EXACT,H4,VolatilityExpansion,"ema=50,mult=3.0",-0.1274916615117747,0.5011801730920535,-0.026008613110571892,0.9896517006890547,1279,True,4,0.4125957193955313,5
EXACT,M15,MeanReversion,"window=20,z=1.5",0.497299660190773,0.5475223395613322,0.46860164131458215,1.219847770996453,1285,True,5,0.18618312172816454,5
EXACT,M15,MeanReversion,"window=20,z=1.75",0.6153099665102411,0.5768261964735516,0.6718381834085175,1.4282815548435273,825,True,5,0.2388929977326446,5
EXACT,M15,MeanReversion,"window=50,z=1.75",0.35063168969077096,0.5335608646188851,0.3916433718875364,1.2228237818546988,921,True,4,0.1323577448798271,5
EXACT,M15,MeanReversion,"window=20,z=2.0",0.4261894509238887,0.5756385068762279,0.5158456364716741,1.4194904216986877,527,True,5,0.16458601324767053,5
EXACT,M15,MeanReversion,"window=50,z=2.0",0.31602891940230027,0.5476635514018692,0.4206294709478068,1.316273503884924,554,True,5,0.11434226406575287,5
EXACT,M15,MeanReversion,"window=20,z=2.25",0.33494587272482523,0.5792682926829268,0.44553764305497123,1.4773963719458962,337,True,5,0.16602157214313662,5
EXACT,M15,MeanReversion,"window=50,z=2.25",0.19900672539446507,0.5548780487804879,0.2964159794723778,1.2819136629047432,338,True,5,0.09399635862462974,5
EXACT,M15,MeanReversion,"window=20,z=2.5",0.19783184424727773,0.5833333333333334,0.29677741414385617,1.3886334513610314,208,True,5,0.15644598962229372,5
EXACT,M15,MeanReversion,"window=50,z=2.5",0.048669533327640346,0.5093457943925234,0.08074364816091047,1.0884637168734799,219,True,5,0.03935115556785573,5
EXACT,M15,MeanReversion,"window=100,z=2.5",-0.07251218426807082,0.5619834710743802,-0.07056196952124873,0.9030899603164334,252,True,4,0.015738782662371387,5
EXACT,M15,MeanReversion,"window=20,z=2.75",0.10624492536278873,0.6048387096774194,0.17556706740781214,1.293630789388609,125,True,4,0.08219094919282754,5
EXACT,M15,MeanReversion,"window=100,z=2.75",0.04869829754288557,0.5460122699386503,0.08201857299534972,1.106731915607702,169,True,4,0.016168052730553772,5
EXACT,M15,MeanReversion,"window=20,z=3.0",0.071210647367703,0.625,0.13221311480972323,1.3094278661007182,73,True,4,0.03479554791082151,5
Eaton,H1,MeanReversion,"window=50,z=1.75",0.06634825126924004,0.5133149678604224,0.061785171232950874,1.0256611387547547,1094,True,4,0.10172883935595656,5
Eaton,H1,MeanReversion,"window=20,z=2.0",0.2715344516430158,0.5227686703096539,0.3578732009110535,1.223548860754788,554,True,4,0.11276370533033675,5
Eaton,H1,MeanReversion,"window=20,z=2.25",0.16168961175456154,0.5295950155763239,0.2641550512171363,1.2104869897231014,324,True,4,0.08679803471233483,5
Eaton,H1,MeanReversion,"window=100,z=2.25",0.16390846451411079,0.5491071428571429,0.231831465607353,1.1611666097178455,450,True,4,0.048021973470319335,5
Eaton,H1,TrendFollowing,"fast=21,slow=55",-0.011679650703377287,0.5094415427882684,-0.0048814938255652834,0.9989958975406661,4999,True,4,0.2198807827526097,5
Eaton,H1,TrendFollowing,"fast=34,slow=89",0.14202327091744882,0.5112494977902772,0.05935884151131797,1.0122909814890388,4999,True,4,0.25598792740263554,5
Eaton,H1,TrendFollowing,"fast=50,slow=200",0.7397372118277893,0.5170751305745279,0.30923079317256175,1.065718067989879,4999,True,5,0.5083955194833556,5
Eaton,H4,MeanReversion,"window=20,z=1.5",0.24836959860900243,0.5177020708082832,0.10229051528111048,1.0377899309558705,1505,True,4,0.3439471570455289,5
Eaton,H4,MeanReversion,"window=50,z=1.5",1.0067480253105074,0.5215339233038349,0.37199123163724385,1.141964244883683,1707,True,5,0.5477098775237246,5
Eaton,H4,MeanReversion,"window=100,z=1.5",0.2221537759573905,0.5013579576317219,0.08281033318296321,1.0286889452118615,1850,True,5,0.16789276629277095,5
Eaton,H4,MeanReversion,"window=20,z=1.75",0.12825154757074497,0.518555667001003,0.06391915995037373,1.0291576121409582,1001,True,4,0.28691017339676583,5
Eaton,H4,MeanReversion,"window=50,z=1.75",0.9883824145064772,0.5335753176043557,0.43149149960266836,1.2210884463458527,1108,True,4,0.5742938350343,5
Eaton,H4,MeanReversion,"window=20,z=2.0",0.32558207787292714,0.5199306759098787,0.2044363008503704,1.1357080398592465,579,True,4,0.3954043335562778,5
Eaton,H4,MeanReversion,"window=50,z=2.0",1.0704277237909565,0.5514018691588785,0.54799132617169,1.416894997625265,643,True,4,0.566319872592769,5
Eaton,H4,MeanReversion,"window=20,z=2.25",0.0474878140774907,0.49836065573770494,0.034347545468060334,1.0312782399904603,306,True,4,0.193003591988964,5
Eaton,H4,MeanReversion,"window=50,z=2.5",0.40411616471245104,0.520618556701031,0.3761021518787334,1.5859696716380691,193,True,4,0.2797372683425152,5
Eaton,H4,MeanReversion,"window=20,z=2.75",0.2622624288364662,0.5230769230769231,0.28888566691148215,2.066809839155463,64,True,4,0.23348007268696314,5
Eaton,H4,TrendFollowing,"fast=8,slow=21",-0.05026492647056646,0.5087437185929649,-0.011212819045367323,0.9978138206289715,4999,True,5,0.7646871188325555,5
Eaton,H4,TrendFollowing,"fast=13,slow=34",-0.4398719129246301,0.5073366834170854,-0.09812601995378895,0.9810293215562486,4999,True,4,0.8636834904644801,5
Eaton,H4,TrendFollowing,"fast=34,slow=89",-0.09174826512588907,0.5129648241206031,-0.020466702437041375,0.9960131766606559,4999,True,4,0.3418806010409312,5
Eaton,H4,TrendFollowing,"fast=50,slow=200",-0.4291585325873607,0.5123618090452261,-0.09573600581140877,0.9814870884756028,4999,True,4,0.2488527150182971,5
Eaton,M15,MeanReversion,"window=20,z=1.5",0.2857010031361227,0.5300778485491862,0.3236333594038845,1.1477509223187017,1426,True,4,0.146682607115054,5
Eaton,M15,MeanReversion,"window=50,z=1.5",0.288543373926062,0.5143658023826209,0.36465068189495986,1.160646092335761,1442,True,4,0.18230742686701717,5
Eaton,M15,MeanReversion,"window=20,z=1.75",0.12497794580573496,0.5362162162162162,0.1754586709995803,1.0874664795250533,932,True,4,0.022094009989889973,5
Eaton,M15,MeanReversion,"window=100,z=1.75",0.21211839483336126,0.5185995623632386,0.36180789486199727,1.182119416765609,925,True,4,0.10154405695023616,5
Eaton,M15,MeanReversion,"window=20,z=2.0",0.07277853576208326,0.5477815699658704,0.11488212245223961,1.0717431765907937,589,True,4,0.014235604211263464,5
Eaton,M15,MeanReversion,"window=100,z=2.0",0.20510627243100732,0.5225806451612903,0.3926870645163152,1.253293991410199,627,True,5,0.07684486834974369,5
Eaton,M15,MeanReversion,"window=20,z=2.5",0.015920176128016772,0.5198412698412699,0.03109730260004663,1.0292270707382523,252,True,4,0.038227140096457335,5
Eaton,M15,MeanReversion,"window=20,z=2.75",0.034035775917287014,0.5182926829268293,0.09023122492751957,1.1010368744254972,164,True,4,0.04593252023267902,5
Eaton,M15,MeanReversion,"window=20,z=3.0",0.060638463216751703,0.5,0.18449025492181925,1.285461114949597,100,True,4,0.05589271884403468,5
Eaton,M15,MeanReversion,"window=50,z=3.0",0.023752172406771854,0.5725806451612904,0.08111778169638269,1.0915783878476306,125,True,4,0.034753294269694535,5
Eaton,M15,MeanReversion,"window=20,z=3.25",0.05955947345970192,0.5,0.20878204984815205,1.4430709471218088,64,True,4,0.041168265358880296,5
Eaton,M15,MeanReversion,"window=50,z=3.25",0.04958217169281409,0.6075949367088608,0.2119276822819339,1.3222967805823644,79,True,4,0.032717197274721666,5
Ebay,H1,MeanReversion,"window=20,z=1.5",0.5896465639956052,0.5071123755334281,0.44114117655437385,1.1996023289983533,1429,True,4,0.28546986935119534,5
Ebay,H1,MeanReversion,"window=20,z=1.75",0.30538566735312467,0.5021929824561403,0.2643074394817102,1.153021398896276,925,True,4,0.1600164041366835,5
Ebay,H1,MeanReversion,"window=100,z=1.75",0.026537211755424228,0.4823182711198428,0.026812165135680698,1.0111531937073157,1041,True,4,0.04866537288711548,5
Ebay,H1,MeanReversion,"window=20,z=2.5",0.07039413164816244,0.5374149659863946,0.17934105257643085,1.19184141407311,149,True,4,0.0212454064798282,5
Ebay,H1,VolatilityExpansion,"ema=50,mult=2.0",-0.33407997663070876,0.5033248081841433,-0.22640995364117708,0.9267304496246618,1997,True,4,0.053875997894660355,5
Ebay,H4,MeanReversion,"window=20,z=1.5",0.0416532875399348,0.5079037800687285,0.01861107517460848,1.0065045228658027,1473,True,4,0.3486740576790597,5
Ebay,H4,MeanReversion,"window=100,z=1.5",-0.12586524072788252,0.5098412698412699,-0.05103264301376905,0.9821987309464694,1595,True,5,0.2282582323565635,5
Ebay,H4,MeanReversion,"window=50,z=1.75",0.3843372971921949,0.5102230483271375,0.18431560162378138,1.0800623983875484,1091,True,4,0.21449011703674248,5
Ebay,H4,MeanReversion,"window=100,z=1.75",0.16374513594946616,0.5202156334231806,0.08026919775197236,1.0336997430235955,1126,True,5,0.44101478080739154,5
Ebay,H4,MeanReversion,"window=50,z=2.0",0.3382474194806532,0.5294117647058824,0.2147344995862437,1.117676102553056,691,True,4,0.23531776206022925,5
Ebay,H4,MeanReversion,"window=100,z=2.0",0.19359800650774062,0.5104022191400832,0.11235717751445161,1.0601632242421763,729,True,4,0.43050944543086245,5
Ebay,H4,MeanReversion,"window=100,z=2.25",-0.014690601581308416,0.5125284738041003,-0.011748626210726346,0.992531281712737,445,True,4,0.11289539790780312,5
Ebay,H4,MeanReversion,"window=50,z=2.5",0.2734642105831465,0.5534883720930233,0.35425558551575653,1.3564476870492335,218,True,4,0.13416658630978506,5
Ebay,H4,MeanReversion,"window=50,z=2.75",0.20207324711174757,0.5789473684210527,0.3397654941093828,1.5000097703328448,117,True,5,0.08647783806435017,5
Ebay,M15,MeanReversion,"window=20,z=1.5",0.0973521585178968,0.4782918149466192,0.14067386497259873,1.053701244610912,1432,True,4,0.04144151366235416,5
Ebay,M15,MeanReversion,"window=20,z=1.75",0.1461314470781654,0.49036402569593146,0.24016238789344022,1.1165672828270976,952,True,4,0.04276307659196055,5
Ebay,M15,MeanReversion,"window=100,z=2.25",0.0026169032089641275,0.4541387024608501,0.0074828704564021565,1.0048086152024174,454,True,4,0.028077325853191226,5
Ebay,M15,MeanReversion,"window=20,z=2.75",0.2513849794329105,0.5661764705882353,0.8128071085089406,2.5328813618845927,136,True,4,0.10459485908256516,5
Ebay,M15,MeanReversion,"window=50,z=2.75",0.09957937113879956,0.4755244755244755,0.34131405981826635,1.4721836732771487,144,True,4,0.017781849012820317,5
Ebay,M15,MeanReversion,"window=20,z=3.0",0.20873950546619524,0.6375,0.7709351571637295,3.2758415542852095,80,True,4,0.09513299392528574,5
Ebay,M15,VolatilityExpansion,"ema=50,mult=2.5",-0.11686924674920318,0.5201590005678591,-0.11606250918046712,0.9498018723602184,1800,True,4,0.0723319873669408,5
Ebay,M15,VolatilityExpansion,"ema=50,mult=3.0",-0.14591296717630908,0.5218033998521804,-0.15325792707588096,0.9211422446603731,1382,True,4,0.060454645028322984,5
Edison,H1,MeanReversion,"window=100,z=1.5",0.11009021269070152,0.5106796116504855,0.08779433667695634,1.0330170103126346,1571,True,4,0.08221284645366911,5
Edison,H1,MeanReversion,"window=100,z=2.5",-0.24454150291836085,0.44919786096256686,-0.337207964430137,0.6866889651144075,187,True,4,0.030188981315580787,5
Edison,H4,MeanReversion,"window=50,z=1.5",-0.01579910710703447,0.5180887372013652,-0.006312948120180261,0.9975845088209919,1473,True,4,0.04278893897417568,5
Edison,H4,MeanReversion,"window=50,z=2.5",-0.06293007103896153,0.484304932735426,-0.046069312192767504,0.9521989578263419,222,True,4,0.04267798882924423,5
Edison,H4,VolatilityExpansion,"ema=20,mult=1.5",0.13310761384492342,0.4908558888076079,0.052850868300686575,1.0214423322286008,1374,True,4,0.27429896172992385,5
Edison,H4,VolatilityExpansion,"ema=50,mult=2.5",0.19320918234141116,0.48771407297096053,0.07560391439148359,1.0312330621472745,1352,True,4,0.22328626837213472,5
Edison,M15,MeanReversion,"window=20,z=1.5",0.30815791704224593,0.5022354694485842,0.43191303185356517,1.1711480570979655,1388,True,4,0.12855338438308683,5
Edison,M15,MeanReversion,"window=50,z=1.5",0.2753739609570266,0.49297856614929786,0.40750362477455054,1.1606758209990227,1391,True,4,0.12530755801311022,5
Edison,M15,MeanReversion,"window=100,z=1.5",0.2452640226307119,0.49026676279740444,0.33270665970323327,1.138738104805102,1422,True,4,0.06912836675672096,5
Edison,M15,MeanReversion,"window=50,z=1.75",0.28987286331470163,0.505307855626327,0.4993429456213823,1.2407360117530726,964,True,5,0.14710914920238716,5
Edison,M15,MeanReversion,"window=100,z=1.75",0.14324709598739138,0.5059880239520959,0.2500370780657471,1.1098001602263885,1023,True,4,0.10691307761501978,5
Edison,M15,MeanReversion,"window=20,z=2.0",0.22187346883214887,0.5026737967914439,0.4345833027314157,1.2716841967934196,577,True,4,0.08227994964253993,5
Edison,M15,MeanReversion,"window=50,z=2.0",0.16616613402596114,0.5104669887278583,0.33452305291555745,1.1943700545157785,633,True,4,0.05792146935060993,5
Edison,M15,MeanReversion,"window=100,z=2.0",0.0979222334161447,0.5125,0.20320398547691298,1.109400977430875,650,True,4,0.07517500987843828,5
Edison,M15,MeanReversion,"window=20,z=2.25",0.20763726965407192,0.5112994350282486,0.500919286007582,1.3863580734778944,362,True,5,0.09233994493538644,5
Edison,M15,MeanReversion,"window=20,z=2.5",0.13405232066615325,0.5317073170731708,0.405465320421701,1.404446713631597,212,True,4,0.0562785595811075,5
Edison,M15,MeanReversion,"window=50,z=2.5",0.07371801366563335,0.5139442231075697,0.21607189968232923,1.1899406111097772,255,True,4,0.03746105925371712,5
Edwards,H1,MeanReversion,"window=50,z=1.5",0.24401326626464415,0.5127118644067796,0.21781722159087405,1.0805801710557492,1434,True,4,0.1659366267898491,5
Edwards,H1,MeanReversion,"window=100,z=2.0",-0.10671930688295828,0.4839650145772595,-0.11716460521114638,0.9411748320713359,689,True,4,0.08033815925597976,5
Edwards,H1,MeanReversion,"window=100,z=2.25",-0.06813223284365932,0.5057471264367817,-0.08918644814748773,0.9430447806903091,435,True,5,0.06555679522556113,5
Edwards,H4,MeanReversion,"window=50,z=1.5",0.4338389925679549,0.5041095890410959,0.17463434569772102,1.0661875721171568,1472,True,4,0.12833488774258173,5
Edwards,H4,MeanReversion,"window=50,z=2.25",-0.0844802428971918,0.5092348284960422,-0.061103375378099886,0.9582249017727015,378,True,4,0.1227880011176129,5
Edwards,H4,MeanReversion,"window=20,z=2.5",0.06162789918504741,0.5454545454545454,0.0769570912738648,1.0893014020564704,142,True,4,0.044896093695903416,5
Edwards,M15,MeanReversion,"window=20,z=1.5",0.3768072562704897,0.5202020202020202,0.6414444926313004,1.2541904713154082,1415,True,4,0.08329049864127047,5
Edwards,M15,MeanReversion,"window=100,z=1.75",0.23884516466002192,0.5148809523809523,0.4747742963306459,1.2482492264627445,1040,True,4,0.07954396854117829,5
Edwards,M15,MeanReversion,"window=20,z=2.25",0.2760851480963713,0.5415549597855228,0.7279956282182766,1.686899002551297,375,True,4,0.057147266389776186,5
Edwards,M15,MeanReversion,"window=20,z=2.5",0.23410245045982125,0.5594713656387665,0.6917332511259965,1.9260157858719333,228,True,4,0.07173719669690415,5
Edwards,M15,MeanReversion,"window=20,z=2.75",0.22182458061807253,0.608,0.7182106969988661,2.569751573835823,126,True,4,0.08278179091129889,5
Emerson,H1,MeanReversion,"window=20,z=1.75",0.04084737184007525,0.48770491803278687,0.05094770194710373,1.0214491150564204,986,True,4,0.08214122482727337,5
Emerson,H1,MeanReversion,"window=20,z=2.0",0.13907986766041414,0.5008517887563884,0.21180570021966216,1.1205708341222598,595,True,4,0.061848581954005555,5
Emerson,H1,MeanReversion,"window=20,z=2.25",0.11661007469505702,0.509090909090909,0.22345845389922298,1.176124886092626,335,True,4,0.06004891433439408,5
Emerson,H1,TrendFollowing,"fast=5,slow=20",0.1326747482660059,0.4942342706858183,0.06370201869544806,1.0139100163068582,4999,True,4,0.14075903324847983,5
Emerson,H1,TrendFollowing,"fast=10,slow=30",0.17191441361457638,0.5001011531458628,0.08254287432266023,1.0180611717154282,4999,True,4,0.20737201199131494,5
Emerson,H1,TrendFollowing,"fast=13,slow=34",0.34152651344060414,0.5011126846044912,0.16398685085695214,1.0362030205515513,4999,True,4,0.25859028404226425,5
Emerson,H1,TrendFollowing,"fast=34,slow=89",0.22957235187549874,0.5019219097713938,0.1102278865462189,1.0241919333976286,4999,True,4,0.32908139615710286,5
Emerson,H1,TrendFollowing,"fast=50,slow=200",0.14491730438897432,0.4990896216872345,0.06958022763966858,1.015203319484557,4999,True,4,0.45729918460535024,5
Emerson,H4,MeanReversion,"window=50,z=2.25",0.15052356441357329,0.5270935960591133,0.12618770973626614,1.0863139018070351,407,True,4,0.2412016205291979,5
Emerson,H4,MeanReversion,"window=50,z=3.0",-0.17664599980469653,0.46153846153846156,-0.28516384944898354,0.6310990687691985,77,True,4,0.07161298520471426,5
Emerson,M15,MeanReversion,"window=20,z=1.5",0.2477115115290024,0.5003436426116838,0.34553969837029874,1.1522084252870473,1479,True,5,0.09955530709913085,5
Emerson,M15,MeanReversion,"window=20,z=1.75",0.07264301532040451,0.5077720207253886,0.12485849675113035,1.0617982790339968,982,True,5,0.07750333787509145,5
Emerson,M15,MeanReversion,"window=50,z=1.75",0.20921601298435544,0.5072463768115942,0.4194407365337613,1.1981375753927017,1062,True,5,0.0633762028138084,5
Emerson,M15,MeanReversion,"window=20,z=2.0",0.049413387002447906,0.5124610591900312,0.09607996010503503,1.059466178712829,648,True,4,0.021687578815299924,5
Emerson,M15,MeanReversion,"window=20,z=2.25",0.050974126320175506,0.5122549019607843,0.13403126739316376,1.0909749165345362,411,True,4,0.07545683510382262,5
Emerson,M15,MeanReversion,"window=50,z=2.25",0.12791047804934297,0.5299334811529933,0.3710568117870188,1.2604252888303935,458,True,5,0.04721103002525906,5
Emerson,M15,MeanReversion,"window=20,z=2.5",0.0920379303622556,0.540650406504065,0.28518654401636545,1.2822473261825957,249,True,4,0.05881548870641273,5
Emerson,M15,MeanReversion,"window=50,z=2.5",0.10873499862660896,0.5354609929078015,0.36115254640449057,1.3350930199347149,285,True,4,0.053147146117837996,5
Emerson,M15,MeanReversion,"window=50,z=2.75",0.14242914231636028,0.5771428571428572,0.5619702178511523,1.802806203300779,174,True,5,0.06843963006403386,5
Emerson,M15,MeanReversion,"window=50,z=3.0",0.11004885447690005,0.5847457627118644,0.4829228402629849,1.9034867122668433,117,True,5,0.05322414360091443,5
Emerson,M15,MeanReversion,"window=100,z=3.0",0.07332930119394632,0.4961832061068702,0.3042106352817233,1.462543740990235,131,True,4,0.02731920972926294,5
Emerson,M15,MeanReversion,"window=50,z=3.25",0.09279341413975106,0.5921052631578947,0.45578061494360195,2.189259747194267,75,True,4,0.03991727891324126,5
Emerson,M15,MeanReversion,"window=100,z=3.25",0.11888537851931469,0.5581395348837209,0.5586713298149681,2.585699812456895,85,True,5,0.06888045305099966,5
Emerson,M15,MeanReversion,"window=50,z=3.5",0.09150352074930557,0.6122448979591837,0.5069759671621025,3.617647134057945,48,True,4,0.0549093020150061,5
Emerson,M15,MeanReversion,"window=100,z=3.5",0.09332532046530806,0.5869565217391305,0.4812336828949505,3.2451353211358103,45,True,4,0.06454269936886914,5
Emerson,M15,TrendFollowing,"fast=10,slow=30",0.011625712399161992,0.49643947100712105,0.008340730081577732,1.00211242543669,4999,True,5,0.11123042675367856,5
Emerson,M15,TrendFollowing,"fast=13,slow=34",0.18043556844927922,0.4950152594099695,0.12945565532950273,1.033296315515045,4999,True,4,0.16260901673968364,5
Emerson,M15,TrendFollowing,"fast=21,slow=55",0.048084213891523286,0.4899287894201424,0.03449752817780498,1.0087660761337256,4999,True,5,0.1471254735102725,5
EnergyTransfer,H1,MeanReversion,"window=20,z=1.5",0.36057749628244196,0.5238455715367146,0.36597660701156126,1.1581495021050532,1459,True,4,0.06655673341392421,5
EnergyTransfer,H4,MeanReversion,"window=20,z=2.0",0.003475064147686502,0.5204918032786885,0.00132806287699281,1.00100925383758,506,True,4,0.1375378672641826,5
EnergyTransfer,H4,MeanReversion,"window=50,z=2.0",0.18321379576306063,0.5311418685121108,0.06874056784676,1.0435005493847074,593,True,5,0.464596065623578,5
EnergyTransfer,H4,MeanReversion,"window=20,z=2.25",0.19646800062759562,0.53515625,0.11483899696489558,1.119997691480356,266,True,4,0.27507789375306335,5
EnergyTransfer,H4,MeanReversion,"window=50,z=2.25",0.2512407171277762,0.5492537313432836,0.11855725874698254,1.0993999700688164,344,True,4,0.3648683317515389,5
EnergyTransfer,H4,MeanReversion,"window=20,z=2.5",0.03008387571997362,0.5083333333333333,0.023427343582848877,1.0352687962496314,125,True,4,0.15889481359403024,5
EnergyTransfer,H4,MeanReversion,"window=100,z=2.5",0.4211187000677473,0.5594713656387665,0.24254319276129294,1.2537088573505355,233,True,4,0.03892413380533577,5
EnergyTransfer,M15,MeanReversion,"window=50,z=1.5",0.16857446591622338,0.5181674565560821,0.33910103231590805,1.141445508317702,1480,True,4,0.07945162713589027,5
EnergyTransfer,M15,MeanReversion,"window=50,z=2.0",0.11774142829026113,0.526595744680851,0.3189354601232307,1.220788344024147,636,True,4,0.03580305684478757,5
EnergyTransfer,M15,MeanReversion,"window=50,z=2.25",0.07338863001879714,0.5377906976744186,0.2195630274631332,1.2022908119293856,384,True,4,0.024398132404620743,5
EnterpriseProducts,H1,MeanReversion,"window=20,z=2.0",0.08821081497821581,0.49053030303030304,0.22139434018583007,1.130089516160978,555,True,4,0.02976384868773352,5
EnterpriseProducts,H4,MeanReversion,"window=20,z=1.75",0.5015796057148024,0.5430539609644087,0.24720532391726932,1.1335397312602729,882,True,4,0.19635824870426777,5
EnterpriseProducts,H4,MeanReversion,"window=50,z=1.75",0.7436847944577691,0.5374868004223865,0.3231356811169444,1.1763661187815813,971,True,5,0.1429179079377253,5
EnterpriseProducts,H4,MeanReversion,"window=100,z=1.75",0.7312814793337461,0.5205616850551655,0.2699802222982824,1.1516850257984248,1020,True,4,0.21787281316463658,5
EnterpriseProducts,H4,MeanReversion,"window=50,z=2.0",0.779733089387256,0.5548172757475083,0.48379716049752086,1.318873006605622,615,True,4,0.25851858357307744,5
EnterpriseProducts,H4,MeanReversion,"window=100,z=2.0",0.7834710973864122,0.5229357798165137,0.35367820542627604,1.2497684589279745,668,True,4,0.22823710825058785,5
EnterpriseProducts,H4,MeanReversion,"window=20,z=2.25",0.46533801341264625,0.5938697318007663,0.4038786534212745,1.484496405110122,264,True,4,0.1543572330341234,5
EnterpriseProducts,H4,MeanReversion,"window=50,z=2.25",0.5020705028659955,0.5532544378698225,0.3644284102936822,1.3420898830369339,343,True,4,0.20137036559789867,5
EnterpriseProducts,H4,MeanReversion,"window=50,z=2.5",0.41646708263966536,0.5780346820809249,0.3616083718105189,1.5525032173552247,175,True,5,0.21464301877915037,5
EnterpriseProducts,H4,MeanReversion,"window=100,z=3.0",0.420982245817074,0.6075949367088608,0.5014690716866939,2.4171673501052235,79,True,4,0.1836458166365903,5
EnterpriseProducts,H4,TrendFollowing,"fast=5,slow=20",-0.5709952582657023,0.49846782431052095,-0.12527456219079683,0.9737362035880288,4999,True,4,0.7687528287888167,5
EnterpriseProducts,M15,MeanReversion,"window=20,z=1.5",0.24204911862797962,0.5112,0.40519989862771677,1.2117858082542905,1366,True,4,0.14088128691254542,5
EnterpriseProducts,M15,MeanReversion,"window=50,z=1.5",0.28548102462709457,0.52906548933039,0.6083770432917126,1.2736754475641718,1505,True,5,0.1304239744039808,5
EnterpriseProducts,M15,MeanReversion,"window=100,z=1.5",0.14739753970951763,0.5131578947368421,0.375175662412418,1.1412410276021452,1598,True,4,0.03822903492941543,5
EnterpriseProducts,M15,MeanReversion,"window=20,z=1.75",0.22246862859460825,0.5187424425634825,0.40581042173130394,1.2827512704889832,903,True,4,0.10454355270646709,5
EnterpriseProducts,M15,MeanReversion,"window=50,z=1.75",0.2620257958758585,0.532871972318339,0.7697663781551131,1.4150281007669894,956,True,4,0.09227150648941718,5
EnterpriseProducts,M15,MeanReversion,"window=100,z=1.75",0.09812981441628721,0.5196599362380446,0.2821414717076446,1.1370585686534582,1034,True,4,0.03615778703718464,5
EnterpriseProducts,M15,MeanReversion,"window=20,z=2.0",0.1396637564947265,0.523719165085389,0.2749460083897915,1.2345856284951688,567,True,4,0.050244510551569865,5
EnterpriseProducts,M15,MeanReversion,"window=100,z=2.0",0.06172597700358984,0.5325131810193322,0.20543979803025125,1.136028993304485,620,True,4,0.017261544530211226,5
EnterpriseProducts,M15,MeanReversion,"window=50,z=2.25",0.1257612990453495,0.5296052631578947,0.5117308984224428,1.505843805121234,328,True,4,0.05791024390130173,5
EnterpriseProducts,M15,MeanReversion,"window=50,z=2.5",0.07272090709339851,0.5375722543352601,0.43564158482721643,1.5239547243475469,184,True,4,0.024112677269104377,5
EquityResidential,H1,MeanReversion,"window=50,z=1.5",0.09995959262930476,0.505003335557038,0.10523516520609823,1.0352379125918663,1527,True,4,0.04439375857912464,5
EquityResidential,H1,MeanReversion,"window=100,z=1.5",0.06670562110699474,0.5006849315068493,0.06987525655142104,1.0245142775463922,1496,True,4,0.0363270153422971,5
EquityResidential,H1,MeanReversion,"window=20,z=1.75",0.36757113303471234,0.5451428571428572,0.4930532609168657,1.2360088678421661,892,True,4,0.1006509915152004,5
EquityResidential,H1,MeanReversion,"window=20,z=2.0",0.23949838047682337,0.558,0.4191378994999294,1.2653463068237252,510,True,4,0.10192489772125546,5
EquityResidential,H1,MeanReversion,"window=20,z=2.25",0.11319965772271745,0.558303886925795,0.2569952914515407,1.204371497932433,288,True,4,0.030757911305561603,5
EquityResidential,H4,MeanReversion,"window=20,z=1.5",0.6649944019637447,0.5057627118644068,0.35167724295936376,1.1243701532230077,1488,True,4,0.2593875837270184,5
EquityResidential,H4,MeanReversion,"window=50,z=2.0",0.4364631329994436,0.50920245398773,0.3157928229035064,1.1759911831079803,659,True,4,0.16838156605210708,5
EquityResidential,H4,MeanReversion,"window=50,z=2.25",0.20757344904459396,0.5227882037533512,0.19129084025825088,1.1370499070005178,377,True,4,0.12614183960762027,5
EquityResidential,H4,TrendFollowing,"fast=34,slow=89",0.1601178618450637,0.5078692493946732,0.0434712347329579,1.0082062892085781,4999,True,5,0.4234183635722709,5
EquityResidential,H4,TrendFollowing,"fast=50,slow=200",0.4623528884552194,0.5092816787732042,0.12553005552017268,1.023881264500493,4999,True,4,0.10516633946035736,5
EquityResidential,H4,VolatilityExpansion,"ema=20,mult=2.5",-0.3830756869622869,0.42913385826771655,-0.3583539084431371,0.7316358259117285,255,True,4,0.035951682746918956,5
EquityResidential,M15,MeanReversion,"window=50,z=1.5",0.3524513980983752,0.5459377372817008,0.6763678634965816,1.272913466435808,1364,True,4,0.11644331179569845,5
EquityResidential,M15,MeanReversion,"window=20,z=1.75",0.33314437516278494,0.5631174533479693,0.6119941110264597,1.3355854400157539,940,True,4,0.035374577801001617,5
EquityResidential,M15,MeanReversion,"window=50,z=1.75",0.295531584799702,0.5476718403547672,0.7169169818646283,1.3469230338372575,931,True,4,0.09092823855967835,5
EquityResidential,M15,MeanReversion,"window=20,z=2.0",0.24932487373964807,0.5727109515260324,0.5236264599482391,1.378813483584763,575,True,4,0.06529186867288661,5
EquityResidential,M15,MeanReversion,"window=50,z=2.0",0.27229165292406277,0.5651438240270727,0.8201941391804878,1.5141682981685793,607,True,4,0.05862821002785279,5
EquityResidential,M15,MeanReversion,"window=20,z=2.25",0.20938039932420893,0.6125,0.7014291235938173,1.5951599228725197,330,True,5,0.06994536611635382,5
EquityResidential,M15,MeanReversion,"window=50,z=2.25",0.1704201757042948,0.5718232044198895,0.6585296505073642,1.5114656801868585,372,True,4,0.029755645125014385,5
EquityResidential,M15,MeanReversion,"window=20,z=2.5",0.13478282322418578,0.6270270270270271,0.5223752551495986,1.5655737094603885,191,True,4,0.026763941949079606,5
EquityResidential,M15,MeanReversion,"window=50,z=2.5",0.15670827354005135,0.6172248803827751,0.7410884705409617,1.8660318320451066,215,True,4,0.027155841825955873,5
EquityResidential,M15,MeanReversion,"window=50,z=2.75",0.09098461842909489,0.6220472440944882,0.5185874091200646,1.7383691747680863,130,True,5,0.01797011291820494,5
EquityResidential,M15,TrendFollowing,"fast=13,slow=34",-0.3236275105505563,0.49419328079635005,-0.3303013578773093,0.9368382692228889,4999,True,4,0.08985252777643771,5
Exelon,H1,MeanReversion,"window=20,z=1.5",0.32724879328475764,0.5156819839533188,0.40033659016658363,1.145428891929735,1407,True,4,0.1888774199697536,5
Exelon,H1,MeanReversion,"window=20,z=1.75",0.34705705343064985,0.5337995337995338,0.5661579515560154,1.2602525546635954,882,True,4,0.1425350148469725,5
Exelon,H1,MeanReversion,"window=50,z=1.75",0.17832326040438184,0.5046923879040668,0.230664111952336,1.1052046667273203,987,True,4,0.07424786967638419,5
Exelon,H1,MeanReversion,"window=100,z=1.75",0.0342759343141712,0.4922027290448343,0.043049903963186496,1.0182460696670228,1057,True,4,0.016726130565153707,5
Exelon,H1,MeanReversion,"window=20,z=2.0",0.18876494779608366,0.5221774193548387,0.3842477387684034,1.2272691068278105,508,True,4,0.07598697508925323,5
Exelon,H1,MeanReversion,"window=20,z=2.25",0.21025214615770238,0.55893536121673,0.5396753534469536,1.4801754430064222,266,True,4,0.09183630243272822,5
Exelon,H1,MeanReversion,"window=50,z=2.25",0.19188788168846038,0.5072046109510087,0.3940532594263962,1.3499333599017995,354,True,4,0.07384640097621398,5
Exelon,H1,MeanReversion,"window=50,z=2.5",0.10733040342642708,0.48484848484848486,0.32601127313931877,1.3416455026135943,201,True,4,0.04051820382596505,5
Exelon,H4,MeanReversion,"window=20,z=1.75",0.4228745473333204,0.5239154616240267,0.287417877255156,1.1389968748429629,916,True,4,0.19655365210758124,5
Exelon,H4,MeanReversion,"window=20,z=2.0",0.3096894273531251,0.5107212475633528,0.2613433856225619,1.1726898784083575,519,True,5,0.25277254357865575,5
Exelon,H4,MeanReversion,"window=20,z=2.25",0.05959119935620216,0.5181159420289855,0.0731907003605651,1.0574241888221936,279,True,4,0.13760099499964396,5
Exelon,M15,MeanReversion,"window=50,z=1.75",0.15639826816894997,0.5129068462401796,0.4326898122704369,1.2068117248499013,938,True,4,0.07247965377406862,5
Exelon,M15,MeanReversion,"window=100,z=2.75",0.03305417109781983,0.4948453608247423,0.2597358060569502,1.4063020638300796,103,True,4,0.020195688428743197,5
Expedia,H1,MeanReversion,"window=20,z=1.5",0.2730247503335408,0.513184584178499,0.1562601834004088,1.067616833710932,1481,True,5,0.25525534688503215,5
Expedia,H1,MeanReversion,"window=50,z=2.25",0.19803690533096852,0.5569948186528497,0.27436534511605787,1.1933864895364783,385,True,4,0.01727572512636244,5
Expedia,H1,TrendFollowing,"fast=50,slow=200",-0.17355958387722537,0.5040176777822418,-0.05413712341163827,0.9878076121867317,4999,True,4,0.4097385950037351,5
Expedia,H4,MeanReversion,"window=20,z=2.5",0.4180967425624106,0.5428571428571428,0.3541502339731719,1.6880341155313994,140,True,4,0.11537613380635503,5
Expedia,H4,TrendFollowing,"fast=50,slow=200",-0.4961891876748521,0.49317543155359295,-0.08096166580937657,0.9828346936940386,4999,True,5,1.3555995741841973,5
Expedia,M15,MeanReversion,"window=50,z=1.5",0.28404073080264947,0.5195607412491421,0.32607295917227513,1.130129458922449,1474,True,5,0.11403119707239673,5
Expedia,M15,MeanReversion,"window=100,z=1.5",-0.034356949724148156,0.5128378378378379,-0.029700578484155218,0.9856156233849396,1499,True,5,0.09865473071323261,5
Expedia,M15,MeanReversion,"window=100,z=1.75",-0.08787918838449471,0.5176125244618396,-0.0817965423528909,0.9508108466582782,1034,True,5,0.06866416534844855,5
Expedia,M15,MeanReversion,"window=100,z=2.0",0.021148403204085064,0.5284178187403994,0.021484917957729676,1.017492847322343,655,True,5,0.06890591455057571,5
Expeditors,H1,MeanReversion,"window=20,z=1.5",0.5594288260115371,0.5283812193412754,0.5759478063957147,1.2276949892542408,1437,True,4,0.21708906566838326,5
Expeditors,H1,MeanReversion,"window=50,z=1.5",0.6016831739007131,0.5132496513249651,0.5458379852727676,1.2350257507571964,1445,True,5,0.25007761730860867,5
Expeditors,H1,MeanReversion,"window=100,z=1.5",0.5179438010742065,0.504626334519573,0.46909624546322615,1.200083381484263,1421,True,4,0.17150803621903088,5
Expeditors,H1,MeanReversion,"window=20,z=1.75",0.376636526917823,0.5391498881431768,0.48844019642767567,1.2482430263312148,900,True,4,0.13165363611428038,5
Expeditors,H1,MeanReversion,"window=50,z=1.75",0.5042256300567739,0.5302226935312832,0.5552963195970465,1.3041647128226646,953,True,4,0.1517848829387729,5
Expeditors,H1,MeanReversion,"window=100,z=1.75",0.42405542596870016,0.49595959595959593,0.44347180174308787,1.228809511825503,1005,True,4,0.14178066710348636,5
Expeditors,H1,MeanReversion,"window=100,z=2.0",0.19023233688202945,0.48985959438377535,0.267790100614892,1.1528502961358917,654,True,4,0.09773906862441906,5
Expeditors,H1,MeanReversion,"window=20,z=2.5",0.07815387773177407,0.5477707006369427,0.20658122217261735,1.23690420101925,158,True,4,0.05247222193137613,5
Expeditors,H1,MeanReversion,"window=20,z=2.75",0.07084545941673936,0.5862068965517241,0.22528373934781387,1.3519944165322886,88,True,4,0.05031177607241766,5
Expeditors,H4,MeanReversion,"window=20,z=1.5",0.47160056861447974,0.5171448565430371,0.23673071040468155,1.08769681842067,1443,True,4,0.409280704688748,5
Expeditors,H4,MeanReversion,"window=50,z=1.5",0.42143716945093035,0.512280701754386,0.21388460429887082,1.078936732472104,1439,True,5,0.12529809755659893,5
Expeditors,H4,MeanReversion,"window=50,z=2.0",0.2982288363873694,0.4930232558139535,0.21073046851952665,1.1153241149785489,651,True,4,0.2419002896734519,5
Expeditors,H4,MeanReversion,"window=100,z=2.0",0.5425816814424331,0.5246913580246914,0.3777476715707315,1.2224473112036358,656,True,4,0.1443867012216583,5
Expeditors,H4,MeanReversion,"window=50,z=2.5",0.14197589141350098,0.46938775510204084,0.17214326669166083,1.1491401964746244,246,True,4,0.13354282534955186,5
Expeditors,H4,TrendFollowing,"fast=34,slow=89",-1.187880179015621,0.4990918264379415,-0.3484107464480871,0.9360237296487387,4999,True,4,0.5155185488663132,5
Expeditors,H4,TrendFollowing,"fast=50,slow=200",-1.0037191976756796,0.4980827447023209,-0.2943751961696963,0.9456727607494323,4999,True,4,0.5725129691407111,5
Expeditors,M15,MeanReversion,"window=20,z=1.5",0.4909619631666122,0.5467105263157894,0.7053687433302513,1.2959431690843461,1552,True,5,0.11656736506265164,5
Expeditors,M15,MeanReversion,"window=20,z=1.75",0.4001637721331107,0.5602409638554217,0.6525540655456077,1.3484715341545308,1016,True,5,0.13209693746430784,5
Expeditors,M15,MeanReversion,"window=50,z=1.75",0.18908364571782343,0.5500945179584121,0.36717579968775615,1.162240415023123,1081,True,4,0.06905767221572667,5
Expeditors,M15,MeanReversion,"window=20,z=2.0",0.24346687585305204,0.5607476635514018,0.45983911167427294,1.3068331806608764,653,True,4,0.07115720539864057,5
Expeditors,M15,MeanReversion,"window=20,z=2.25",0.2685165288625181,0.5925925925925926,0.6099205356728644,1.5504156061167012,413,True,5,0.0947166009871725,5
Expeditors,M15,MeanReversion,"window=20,z=2.5",0.14027682641602401,0.5622641509433962,0.3772702437459906,1.4060769893174105,272,True,5,0.07697657448922601,5
Expeditors,M15,TrendFollowing,"fast=5,slow=20",-0.04915880978747267,0.49795501022494887,-0.04358749789101921,0.9909951779497644,4999,True,5,0.17677688939524439,5
Expeditors,M15,TrendFollowing,"fast=8,slow=21",-0.02468018160990626,0.4983640081799591,-0.021883042630998814,0.9954689704207623,4999,True,5,0.22367697795274788,5
Expeditors,M15,TrendFollowing,"fast=10,slow=30",0.10545556137469969,0.5049079754601227,0.09350524357281546,1.01959463889572,4999,True,5,0.2397185138129454,5
Expeditors,M15,TrendFollowing,"fast=13,slow=34",-0.06956279254142039,0.5020449897750511,-0.06167927062813186,0.9872813815459007,4999,True,5,0.23498562208520424,5
Expeditors,M15,TrendFollowing,"fast=21,slow=55",-0.21749031777303296,0.4952965235173824,-0.1928550091205485,0.9607654088134359,4999,True,5,0.22165886824778136,5
Expeditors,M15,TrendFollowing,"fast=34,slow=89",-0.29771059234477626,0.49611451942740287,-0.26400569320721956,0.9466797274911192,4999,True,4,0.1290982238581937,5
ExxonMobil,H1,MeanReversion,"window=20,z=2.0",0.17747068444774827,0.5288270377733598,0.31148573136723723,1.2037891464671822,507,True,5,0.22146931033791495,5
ExxonMobil,H1,MeanReversion,"window=50,z=2.0",0.09063387987748361,0.5243506493506493,0.1645043858892006,1.0874884159256626,624,True,5,0.1450600852234044,5
ExxonMobil,H1,MeanReversion,"window=20,z=2.25",0.11445165614301578,0.5522388059701493,0.29793521536178685,1.2547021790125845,267,True,5,0.13080175767296187,5
ExxonMobil,H1,MeanReversion,"window=50,z=2.25",0.11776248648144927,0.5481927710843374,0.2603472112911786,1.2037999129691788,334,True,5,0.15272773895321312,5
ExxonMobil,H1,MeanReversion,"window=20,z=2.5",0.08276541517952918,0.5448275862068965,0.29231469695583884,1.3583614340068058,144,True,5,0.1028725056453681,5
ExxonMobil,H1,MeanReversion,"window=50,z=2.5",0.07706779505715189,0.5782312925170068,0.24711455714530242,1.2973867036457574,149,True,4,0.0855945231448858,5
ExxonMobil,H1,TrendFollowing,"fast=50,slow=200",-0.7895690043609431,0.4928210313447927,-0.4511119064549729,0.9182084021040777,4999,True,4,0.12061247291815758,5
ExxonMobil,H4,TrendFollowing,"fast=34,slow=89",-0.32460815462465886,0.5008067769261799,-0.0834368560554345,0.9839330824281441,4999,True,4,0.5865939301035917,5
ExxonMobil,H4,TrendFollowing,"fast=50,slow=200",-0.06025235840656418,0.5062525211778943,-0.015486980911999439,0.9969980889425518,4999,True,4,0.9585647581355888,5
ExxonMobil,M15,VolatilityExpansion,"ema=50,mult=2.5",-0.025656926984173323,0.49471565173628584,-0.03944209826711245,0.9865026630002385,2043,True,4,0.057655214187244064,5
Facebook,H1,MeanReversion,"window=20,z=1.5",0.5025140199719307,0.5335389360061681,0.44623239658255176,1.1802351164154947,1299,True,4,0.12419916122339991,5
Facebook,H1,MeanReversion,"window=100,z=1.5",0.3399040425568929,0.5244055068836045,0.2575404274034697,1.0945917995570904,1602,True,4,0.09539348577325513,5
Facebook,H1,MeanReversion,"window=50,z=2.0",0.37895195984918084,0.5321821036106751,0.40526493393237506,1.2569343397584456,638,True,5,0.20134216642737912,5
Facebook,H1,MeanReversion,"window=50,z=2.25",0.25628717803460155,0.5474254742547425,0.3630666767568414,1.2914050979341956,368,True,5,0.09472074455973589,5
Facebook,H1,MeanReversion,"window=100,z=2.25",0.25089127541285994,0.5398457583547558,0.327033375526526,1.2627772061555917,390,True,4,0.07227558626992925,5
Facebook,H1,MeanReversion,"window=50,z=2.5",0.24661756350369735,0.5781990521327014,0.4670941398686073,1.5200814472762942,210,True,4,0.08064065059276271,5
Facebook,H1,MeanReversion,"window=100,z=2.5",0.15562777657247495,0.5545851528384279,0.24642385132218902,1.2547704902003496,229,True,4,0.057702699460821294,5
Facebook,H1,MeanReversion,"window=20,z=2.75",0.08091065212843707,0.5408163265306123,0.18045022640329153,1.2789429867765074,97,True,4,0.012597670885061474,5
Facebook,H1,MeanReversion,"window=100,z=2.75",0.13354387602077444,0.5419847328244275,0.2838336372891807,1.3768135359637288,131,True,4,0.06071664269054866,5
Facebook,H4,MeanReversion,"window=20,z=1.5",0.7366953604088696,0.5301120448179272,0.24633682848036395,1.1117597522522142,1431,True,4,0.289318298395964,5
Facebook,H4,MeanReversion,"window=50,z=1.5",0.3337990461186989,0.5122249388753056,0.11467273657402845,1.0438415749168737,1641,True,4,0.37014449478193967,5
Facebook,H4,MeanReversion,"window=50,z=1.75",0.42002218104753064,0.5248419150858176,0.16274607202959626,1.0811608496154517,1110,True,5,0.583417359350783,5
Facebook,H4,MeanReversion,"window=20,z=2.0",0.5083667772870757,0.5377176015473888,0.308403830176885,1.2224040141565706,517,True,4,0.15439628955573692,5
Facebook,H4,MeanReversion,"window=50,z=2.0",0.9030066662417539,0.5391566265060241,0.46289326566524924,1.310593818089319,665,True,5,0.6784009422540906,5
Facebook,H4,MeanReversion,"window=100,z=2.0",0.25763966795834636,0.5136239782016349,0.10784621254108061,1.0664165498911837,738,True,4,0.28822257538543794,5
Facebook,H4,MeanReversion,"window=50,z=2.25",0.594255590357297,0.5348189415041783,0.3582829877371871,1.3636436459688162,359,True,5,0.550253598619678,5
Facebook,H4,MeanReversion,"window=20,z=2.5",0.17427810015210576,0.5524475524475524,0.24708403205955645,1.286893067076795,143,True,4,0.021629290432938264,5
Facebook,H4,MeanReversion,"window=50,z=2.5",0.037939597194109664,0.5369458128078818,0.03741863744207309,1.0351902093780583,203,True,4,0.1390243271905598,5
Facebook,M15,MeanReversion,"window=100,z=1.75",0.14201695723889451,0.5383597883597884,0.33991062747197986,1.1952500749955548,759,True,4,0.021467612145609327,5
Facebook,M15,MeanReversion,"window=100,z=2.5",0.0334082784157842,0.5420560747663551,0.11500149339581787,1.1218389084303122,213,True,5,0.01858746348375817,5
Facebook,M15,VolatilityExpansion,"ema=50,mult=2.5",-0.21406222527381613,0.4761111111111111,-0.30829296738363593,0.8715713155768223,1814,True,4,0.02626657197682769,5
Facebook,M15,VolatilityExpansion,"ema=50,mult=3.0",-0.08596335362811902,0.48258706467661694,-0.1747417846447905,0.9312767514571582,1419,True,4,0.06472713592860802,5
Facebook,M15,VolatilityExpansion,"ema=50,mult=3.5",0.0026164118531308844,0.4904030710172745,0.0059119635025668095,1.0028869043874902,1052,True,4,0.05754451970961261,5
Fastenal,H1,MeanReversion,"window=20,z=2.25",0.16493412972650034,0.5290102389078498,0.33453526543475554,1.289727817869493,299,True,4,0.04966975971093868,5
Fastenal,H4,TrendFollowing,"fast=5,slow=20",0.09628127628825756,0.5066006600660066,0.026500449537992583,1.0050943911827566,4999,True,4,0.13154468721478096,5
Fastenal,H4,TrendFollowing,"fast=10,slow=30",-0.1960116041030483,0.509075907590759,-0.05395045213747303,0.9897083069408779,4999,True,4,0.5029659238262421,5
Fastenal,H4,TrendFollowing,"fast=34,slow=89",-0.1892502523393499,0.5113448844884488,-0.05208942975084938,0.9900615511791014,4999,True,5,0.5500220097942294,5
Fastenal,H4,VolatilityExpansion,"ema=50,mult=1.5",-0.07862465809215202,0.509776039815144,-0.030799000037566106,0.9925640983990603,2909,True,4,0.2624845661784795,5
Fastenal,M15,MeanReversion,"window=50,z=2.5",0.02262856482365405,0.5063829787234042,0.09978188860259098,1.0843510002586128,244,True,4,0.02588976110345864,5
Fastenal,M15,MeanReversion,"window=100,z=2.5",0.06146339402034329,0.5287958115183246,0.26921936898792515,1.2890169119160675,200,True,4,0.018699168676383215,5
Fastenal,M15,VolatilityExpansion,"ema=20,mult=2.5",-0.12724002427220438,0.44988864142538976,-0.39040365916457553,0.7751272147176189,476,True,5,0.031865098814319426,5
Fedex,H1,MeanReversion,"window=20,z=1.75",0.2699824094334602,0.49356223175965663,0.3019501673341022,1.1497440021603471,933,True,4,0.056904428487985825,5
Fedex,H1,MeanReversion,"window=20,z=2.0",0.1733458860984708,0.49177330895795246,0.26447825686881216,1.1596013337508133,547,True,5,0.08341812338758525,5
Fedex,H1,MeanReversion,"window=20,z=2.25",0.09917410210963551,0.5136054421768708,0.17922449545889624,1.1493978551617148,293,True,4,0.04379586921250356,5
Fedex,H1,MeanReversion,"window=20,z=2.5",0.1526586243781215,0.563953488372093,0.33342036734868113,1.4055694011637978,171,True,4,0.037927384124212815,5
Fedex,H1,MeanReversion,"window=20,z=2.75",0.15031712873929337,0.5858585858585859,0.37645362131946314,1.658513178289313,98,True,4,0.049916099501839284,5
Fedex,H1,MeanReversion,"window=50,z=2.75",0.1454921187746956,0.5174825174825175,0.33230700574462374,1.445642085535504,142,True,4,0.026981585168806,5
Fedex,H1,MeanReversion,"window=100,z=2.75",0.13761060029003658,0.5227272727272727,0.35161739353122906,1.4965962373851305,132,True,5,0.0375526060997573,5
Fedex,H4,MeanReversion,"window=50,z=2.25",0.23029678615265148,0.5431472081218274,0.16966625284816894,1.125544211274935,394,True,5,0.28152041238821957,5
Fedex,H4,MeanReversion,"window=100,z=2.5",-0.323792267240012,0.48880597014925375,-0.23912583753722055,0.8157642823041196,267,True,4,0.04584686830180973,5
Fedex,H4,VolatilityExpansion,"ema=20,mult=2.0",0.06592624337284858,0.48824082784571965,0.03069120559712497,1.013356446884984,1064,True,4,0.11530028225871858,5
Fedex,H4,VolatilityExpansion,"ema=50,mult=2.0",0.21330980505354247,0.49018733273862625,0.06589899358391282,1.0209922986239741,2248,True,4,0.2889521607327691,5
Fedex,M15,MeanReversion,"window=50,z=1.5",0.11471112892552204,0.5111252383979656,0.1779226314141689,1.0621828104702322,1591,True,4,0.0476998539137965,5
Fedex,M15,MeanReversion,"window=100,z=2.0",0.131879058375995,0.5277777777777778,0.3424989726212077,1.1803703039757827,653,True,4,0.025550472128757384,5
Fedex,M15,MeanReversion,"window=50,z=2.25",0.20126465711389907,0.5628140703517588,0.5683571808143537,1.4269041382117449,399,True,5,0.06755852425697206,5
Fedex,M15,MeanReversion,"window=100,z=2.25",0.07937663267658357,0.522077922077922,0.24921987517591832,1.167919887589311,387,True,4,0.026194862013899534,5
Fedex,M15,MeanReversion,"window=50,z=2.5",0.1533488611484003,0.588477366255144,0.5476812647331208,1.5198585156860638,244,True,5,0.05557204485852352,5
Fedex,M15,MeanReversion,"window=20,z=2.75",-0.0467079989167426,0.5269461077844312,-0.14628520559144353,0.8628008602197536,168,True,4,0.010375752788579606,5
Fedex,M15,TrendFollowing,"fast=50,slow=200",0.025177050494741393,0.5011144883485309,0.019781805932774916,1.0043457754387348,4999,True,4,0.09804778417533033,5
FirstEnergy,H1,MeanReversion,"window=20,z=1.5",0.39648049796888873,0.5188953488372093,0.530922371919331,1.1922413501915308,1419,True,5,0.17902086130832007,5
FirstEnergy,H1,MeanReversion,"window=20,z=1.75",0.3081689992157016,0.5136094674556213,0.5103835411872248,1.239277710332749,870,True,4,0.10452801807229817,5
FirstEnergy,H1,MeanReversion,"window=50,z=2.0",0.27366888645483356,0.5231560891938251,0.5446631161368226,1.3266894036107086,600,True,4,0.08047787729121514,5
FirstEnergy,H1,MeanReversion,"window=100,z=2.0",0.12028429635114701,0.5064724919093851,0.2462104684628669,1.1265396687174647,633,True,5,0.07254865416568013,5
FirstEnergy,H1,MeanReversion,"window=20,z=2.25",0.16338920436151227,0.5622489959839357,0.4706499182328516,1.456772220141068,253,True,5,0.042700827185908286,5
FirstEnergy,H1,TrendFollowing,"fast=10,slow=30",0.06026231653190739,0.5040197897340755,0.04322824144465339,1.0078249894585296,4999,True,4,0.10031186917307033,5
FirstEnergy,H4,MeanReversion,"window=20,z=1.5",0.2862731799737541,0.48964088397790057,0.12877418497333035,1.0556456034909025,1474,True,4,0.237396857536613,5
FirstEnergy,H4,MeanReversion,"window=50,z=1.5",0.6557480047515285,0.4879163945133899,0.30336395738385086,1.1277155693306937,1558,True,4,0.23607580002686435,5
FirstEnergy,H4,MeanReversion,"window=100,z=1.5",0.8427175267965685,0.5045572916666666,0.37738846265041937,1.1708255149209905,1570,True,4,0.36450595665892427,5
FirstEnergy,H4,MeanReversion,"window=20,z=1.75",0.26846100268196604,0.49789915966386555,0.136701982767421,1.0774747191814844,969,True,4,0.34753700582172087,5
FirstEnergy,H4,MeanReversion,"window=100,z=1.75",0.6908284757412086,0.4990272373540856,0.35652005030522915,1.2059122831915066,1048,True,4,0.5389379964786387,5
FirstEnergy,H4,MeanReversion,"window=20,z=2.0",0.28332525341810966,0.5083798882681564,0.17111959353459888,1.1444807829076356,550,True,4,0.4171284439896098,5
FirstEnergy,H4,MeanReversion,"window=50,z=2.0",0.3057397624473823,0.5123558484349259,0.18163154135705764,1.1333939789907688,614,True,4,0.2030735705426311,5
FirstEnergy,H4,MeanReversion,"window=20,z=2.5",-0.15535430695273278,0.5238095238095238,-0.16329728640572325,0.7511899777489879,128,True,4,0.052837761949650286,5
FirstEnergy,M15,MeanReversion,"window=50,z=1.5",0.263290437839526,0.5202444614209321,0.6953844185562765,1.2807705811811836,1395,True,4,0.04100727556739048,5
FirstEnergy,M15,MeanReversion,"window=100,z=1.5",0.20985720261566643,0.5167364016736402,0.571261710763334,1.2094472367776505,1531,True,4,0.017791962741462775,5
FirstEnergy,M15,MeanReversion,"window=50,z=1.75",0.21227944972809543,0.5297691373025516,0.6946652121749403,1.3707977126926336,881,True,4,0.044051024470769584,5
FirstEnergy,M15,MeanReversion,"window=100,z=1.75",0.20165213195745757,0.5337690631808278,0.6716028897921323,1.3222364591416444,970,True,4,0.026804955876959302,5
FirstEnergy,M15,MeanReversion,"window=100,z=2.0",0.20396470394211408,0.5446265938069217,0.8952281923537923,1.6247795291366023,581,True,4,0.03913109958359218,5
FirstEnergy,M15,MeanReversion,"window=50,z=2.25",0.13748301457557444,0.5245901639344263,0.6919027508910723,1.6917249756937678,322,True,4,0.040965342592409804,5
FirstEnergy,M15,MeanReversion,"window=100,z=2.25",0.11983793173047674,0.5440251572327044,0.7229978194345087,1.6207748728077747,337,True,4,0.02483890790582044,5
FirstEnergy,M15,MeanReversion,"window=50,z=2.5",0.12008642897180355,0.5529411764705883,0.6923445420589815,2.0881152628413173,183,True,4,0.021551272626650242,5
FirstEnergy,M15,MeanReversion,"window=100,z=2.5",0.09262613214639936,0.5555555555555556,0.7404583788084153,2.028374265904534,177,True,5,0.03535100487719878,5
FirstEnergy,M15,MeanReversion,"window=100,z=2.75",0.06974426649789411,0.65625,0.8225865475433567,4.291342453488788,66,True,5,0.02706820705513835,5
FirstHorizon,H1,MeanReversion,"window=20,z=1.5",-0.3686593143639342,0.5287175452399685,-0.17251529414275993,0.9096150549292685,1329,True,4,0.13858117040934004,5
FirstHorizon,H1,MeanReversion,"window=20,z=1.75",0.08574422020154615,0.5270588235294118,0.07191959995584385,1.0343913075775988,883,True,4,0.1518278990342734,5
FirstHorizon,H1,MeanReversion,"window=100,z=2.75",-0.24230424427165254,0.5655737704918032,-0.14459549966975432,0.6814867068976352,122,True,4,0.07985201061316294,5
FirstHorizon,H4,MeanReversion,"window=20,z=1.5",0.19187840155950564,0.5220216606498195,0.05948526506694221,1.0249320469027965,1417,True,4,0.1939761316203239,5
FirstHorizon,H4,MeanReversion,"window=20,z=1.75",0.5649082387840672,0.5459641255605381,0.19731908883633792,1.1138289991727084,912,True,4,0.4252192773892046,5
FirstHorizon,H4,MeanReversion,"window=50,z=1.75",0.0069058586601986605,0.528747433264887,0.0025471288591068526,1.0012908425406206,1002,True,4,0.5563669010994264,5
FirstHorizon,H4,MeanReversion,"window=50,z=2.0",-0.5034537578804107,0.524671052631579,-0.21522912329531954,0.866276875534253,623,True,4,0.23838650833151187,5
FirstHorizon,H4,MeanReversion,"window=20,z=2.25",0.1725824357829422,0.5677655677655677,0.08810894681560062,1.1083511733876306,277,True,4,0.3024581386012023,5
FirstHorizon,H4,MeanReversion,"window=50,z=2.25",-0.4386579596805421,0.5251989389920424,-0.20509175092719842,0.831810432300101,382,True,4,0.1050272336600242,5
FirstHorizon,H4,MeanReversion,"window=20,z=2.5",0.09764955999368541,0.553030303030303,0.10713980346057964,1.1376408645449487,134,True,4,0.19649375648799972,5
FirstHorizon,H4,MeanReversion,"window=50,z=2.5",-0.1073911276242524,0.5330396475770925,-0.05574087736772714,0.9307605631877522,227,True,4,0.07331742196020719,5
FirstHorizon,H4,MeanReversion,"window=20,z=2.75",-0.008831797256620755,0.546875,-0.014128255035394827,0.9759393303428351,64,True,4,0.1407218802054685,5
FirstHorizon,M15,MeanReversion,"window=100,z=1.75",0.1334355663595196,0.5125523012552301,0.2144672388398283,1.1031239982580794,1041,True,4,0.10041691952655851,5
FirstHorizon,M15,MeanReversion,"window=50,z=2.25",0.10113400604398781,0.5482093663911846,0.20683546125994365,1.1698807238400033,387,True,5,0.09364808509039257,5
FirstHorizon,M15,MeanReversion,"window=100,z=2.25",0.18532014831120958,0.5409429280397022,0.415710865772854,1.3222677338109798,436,True,4,0.07980729399111097,5
FirstHorizon,M15,MeanReversion,"window=50,z=2.5",0.14933920509235366,0.5566037735849056,0.43864186327844,1.4684070652372871,223,True,4,0.04962786923788709,5
FirstHorizon,M15,MeanReversion,"window=100,z=2.5",0.11148187637664664,0.5447470817120622,0.29394083314855257,1.270492710743345,270,True,4,0.043261942243099316,5
FirstHorizon,M15,MeanReversion,"window=20,z=2.75",0.253157486033884,0.6111111111111112,0.6348211586782414,2.3373375535919965,127,True,4,0.07190565663451065,5
FirstHorizon,M15,MeanReversion,"window=50,z=2.75",0.18883101966094862,0.6220472440944882,0.6705670408746457,2.1623294546105227,130,True,4,0.04375999269745734,5
Fiserv,H1,MeanReversion,"window=20,z=1.5",0.27545831316114777,0.5006587615283268,0.2904673103121439,1.1094447160718175,1526,True,4,0.09454043768403986,5
Fiserv,H4,MeanReversion,"window=20,z=1.75",0.9564798464977817,0.510718789407314,0.6837757092522462,1.3692385418391262,797,True,4,0.30803393307482785,5
Fiserv,H4,MeanReversion,"window=100,z=2.25",0.5242284509346476,0.49502487562189057,0.4169723160683501,1.3371152835142284,404,True,4,0.10086657881523442,5
Fiserv,M15,MeanReversion,"window=50,z=1.5",0.3042936368136603,0.5248281130634072,0.41620850564247064,1.182505681378154,1336,True,4,0.03969920515147196,5
Fiserv,M15,MeanReversion,"window=100,z=1.5",0.27645795900734804,0.5159744408945687,0.3802140292434704,1.1716129028356879,1283,True,4,0.14272566496644512,5
Fiserv,M15,MeanReversion,"window=100,z=1.75",0.20271834071186556,0.5227817745803357,0.3195128603227266,1.1785261581231041,854,True,4,0.11371022752850157,5
Fiserv,M15,MeanReversion,"window=20,z=2.0",0.19415507156514067,0.5404929577464789,0.30214572956042074,1.2058445857540243,573,True,4,0.05412081885285125,5
Fiserv,M15,MeanReversion,"window=100,z=2.0",0.12353228023874863,0.5267857142857143,0.21750259171648836,1.1486804752571957,575,True,4,0.06333929399607119,5
Fiserv,M15,MeanReversion,"window=100,z=2.25",0.08013766875195238,0.5196629213483146,0.1605047040058945,1.1374540770726018,365,True,4,0.06021420124100574,5
Flex,H1,MeanReversion,"window=20,z=1.75",0.18130363679814832,0.5145945945945946,0.13359956472627155,1.0633110966929007,936,True,5,0.23761003640911016,5
Flex,H1,MeanReversion,"window=50,z=2.5",0.021426892595126423,0.5173745173745173,0.030971564757880144,1.02444197546886,263,True,4,0.04963032283735669,5
Flex,H1,MeanReversion,"window=100,z=2.5",-0.13015242352581213,0.4798657718120805,-0.14563656150418852,0.889516075651835,303,True,5,0.05056056772417117,5
Flex,H1,TrendFollowing,"fast=13,slow=34",-0.1517244305886235,0.5056294779938587,-0.04876300656918218,0.9895404063140689,4999,True,4,0.45248806785879414,5
Flex,H1,TrendFollowing,"fast=34,slow=89",0.09810220342422482,0.5025588536335721,0.03152916926456506,1.0068217231396899,4999,True,4,0.565438172487825,5
Flex,H1,VolatilityExpansion,"ema=50,mult=1.5",0.058598825141231825,0.5063157894736842,0.026137572199591654,1.0070102900764082,2915,True,4,0.19452554220765716,5
Flex,H4,MeanReversion,"window=100,z=1.5",1.3160943287445956,0.5266393442622951,0.343262199152957,1.1425831010645164,1501,True,4,0.477129633754659,5
Flex,H4,MeanReversion,"window=100,z=1.75",0.6848214820828402,0.5253731343283582,0.19705767090007417,1.1006216277141203,1024,True,4,0.23747110548742711,5
Flex,H4,MeanReversion,"window=50,z=2.0",0.3007869003825169,0.5158597662771286,0.12545784910131724,1.0734284583759537,614,True,4,0.1397380288813167,5
Flex,H4,MeanReversion,"window=20,z=2.25",0.1505002574276041,0.5,0.12356351497535316,1.0961799132120875,277,True,4,0.07698639254507655,5
Flex,H4,MeanReversion,"window=50,z=2.25",0.30197895330157043,0.5297450424929179,0.16667051420710519,1.1273614009181152,363,True,5,0.2531036898332233,5
Flex,M15,MeanReversion,"window=20,z=1.5",0.1276504333689088,0.5054864667154353,0.10658453675294288,1.0439829704122283,1398,True,4,0.1372411038025676,5
Flex,M15,MeanReversion,"window=50,z=1.5",0.38521460306627076,0.5162889518413598,0.42258836330307564,1.1652416776170842,1451,True,5,0.24660682829979896,5
Flex,M15,MeanReversion,"window=100,z=1.5",0.2695072925687858,0.5063206919494344,0.28908259685666354,1.1120603019423778,1548,True,5,0.17635442877297636,5
Flex,M15,MeanReversion,"window=20,z=1.75",0.10913951885596551,0.5104740904079382,0.11046382712859917,1.0529749917580393,928,True,5,0.17949561226983934,5
Flex,M15,MeanReversion,"window=50,z=1.75",0.35777637855719946,0.5168067226890757,0.463952470487543,1.2206863306698998,973,True,5,0.20397009054187432,5
Flex,M15,MeanReversion,"window=100,z=1.75",0.3340790105543019,0.511175898931001,0.4267943508289391,1.204629269493535,1053,True,5,0.14611680898473067,5
Flex,M15,MeanReversion,"window=20,z=2.0",0.16133033564740473,0.5304054054054054,0.18750281200230856,1.1112544790728767,608,True,5,0.21685973276388504,5
Flex,M15,MeanReversion,"window=50,z=2.0",0.349235216932403,0.5328947368421053,0.5138249999078094,1.3148694026340135,619,True,5,0.18701938913547955,5
Flex,M15,MeanReversion,"window=100,z=2.0",0.3911757308661781,0.5263929618768328,0.5495349853254882,1.3471649281756912,694,True,5,0.15627523208916605,5
Flex,M15,MeanReversion,"window=20,z=2.25",0.0061679095199506095,0.5175,0.008547157410826088,1.0055952131475563,410,True,5,0.141628527105084,5
Flex,M15,MeanReversion,"window=50,z=2.25",0.2521643006394373,0.5558659217877095,0.44109774088104475,1.3526692286742916,364,True,5,0.13556772533960926,5
Flex,M15,MeanReversion,"window=100,z=2.25",0.2505663208759661,0.5364077669902912,0.46498150377400255,1.3561948550087612,420,True,5,0.1449671812521135,5
Flex,M15,MeanReversion,"window=50,z=2.5",0.2612936433874725,0.5945945945945946,0.5587300402554511,1.605703842602524,224,True,5,0.12625876312706397,5
Flex,M15,MeanReversion,"window=50,z=2.75",0.22979635126204223,0.6212121212121212,0.5514490465079497,1.8039043131982404,132,True,4,0.09160577366174971,5
Flex,M15,MeanReversion,"window=20,z=3.0",0.20106526067005648,0.5714285714285714,0.5519476241538225,1.977208802197566,97,True,4,0.1159251806854269,5
Flex,M15,MeanReversion,"window=50,z=3.0",0.19322417533307779,0.6067415730337079,0.5048106015606644,1.890191349314648,89,True,4,0.0777757682931427,5
Ford,H1,MeanReversion,"window=100,z=2.0",0.24859485725181374,0.5427046263345195,0.3112349534719916,1.1787903308518743,607,True,5,0.05551326257479117,5
Ford,H1,MeanReversion,"window=100,z=2.25",0.12164102180284819,0.5356037151702786,0.18222247403221242,1.135181986395165,351,True,4,0.0468687913834831,5
Ford,H1,MeanReversion,"window=100,z=2.5",0.16140447003710334,0.546448087431694,0.3461403360603391,1.3545803308236575,201,True,4,0.03691987326020485,5
Ford,H4,MeanReversion,"window=50,z=1.75",0.5275383380960296,0.5097236438075742,0.21368178188287212,1.0997029489190628,1014,True,4,0.2324478379906768,5
Ford,H4,MeanReversion,"window=50,z=2.0",0.2151739205037837,0.5077452667814114,0.10821404694625303,1.0660354659309532,606,True,4,0.06495734471408665,5
Ford,H4,MeanReversion,"window=50,z=2.25",-0.02682958729965046,0.516320474777448,-0.016988306926963105,0.9870322376651289,352,True,4,0.05225513286697503,5
Ford,H4,TrendFollowing,"fast=5,slow=20",0.15210219776043588,0.48791254992642424,0.029146155730009768,1.0058957711177199,4999,True,4,1.3029549862237988,5
Ford,H4,TrendFollowing,"fast=8,slow=21",-0.08555386750968219,0.4895942821105739,-0.01639400027529445,0.9966989735464923,4999,True,4,1.2166563072833614,5
Ford,H4,TrendFollowing,"fast=21,slow=55",0.8663700253399923,0.49127601429472356,0.16602451991000255,1.0340535636242447,4999,True,4,1.3525401968282211,5
Ford,H4,TrendFollowing,"fast=34,slow=89",0.34916144207199407,0.5030481395837713,0.06690756062709631,1.0135860508461236,4999,True,5,1.3161086705169076,5
Ford,H4,VolatilityExpansion,"ema=50,mult=2.0",-0.13761488154579982,0.489047831917747,-0.03654955680877961,0.9892741187187651,2343,True,4,0.7874539625553424,5
Ford,H4,VolatilityExpansion,"ema=50,mult=2.5",-0.23702838895862566,0.4915919282511211,-0.0687466307200947,0.9773001028285931,1874,True,4,0.7490995553153423,5
Ford,H4,VolatilityExpansion,"ema=50,mult=3.0",-0.07464649983047911,0.49080206033848417,-0.0247618085648269,0.9906399552286843,1425,True,4,0.5604527392864944,5
Fortinet,H1,TrendFollowing,"fast=5,slow=20",-0.9206189463376317,0.5048543689320388,-0.2904076779012456,0.9308624179543747,4999,True,4,0.37273538136919193,5
Fortinet,H4,MeanReversion,"window=20,z=1.75",-0.04680244676329415,0.4892008639308855,-0.017987720948923997,0.9916755218275234,943,True,4,0.24507219416454795,5
Fortinet,H4,MeanReversion,"window=50,z=2.25",0.43961546431776,0.4961439588688946,0.29962455972327,1.214447191905968,394,True,4,0.3535411086963459,5
Fortinet,H4,MeanReversion,"window=20,z=2.5",-0.11240379368963216,0.46308724832214765,-0.10094501862483882,0.8965641611852139,152,True,4,0.08851491166989334,5
Fortinet,H4,MeanReversion,"window=50,z=2.5",0.2579504707195649,0.4976958525345622,0.2332260813210835,1.2176461933196754,220,True,5,0.24387788913379382,5
Fortinet,H4,MeanReversion,"window=20,z=2.75",0.03822306860331348,0.4864864864864865,0.045578064323693206,1.0690036586285776,76,True,4,0.10004607502727225,5
Fortinet,M15,MeanReversion,"window=20,z=1.5",0.10547518132598421,0.496783416726233,0.12053351738101097,1.0520957402930569,1428,True,4,0.2512860703802031,5
Fortinet,M15,MeanReversion,"window=50,z=1.5",0.13690788474776638,0.49890270665691294,0.2129966521546207,1.0810806829376147,1394,True,5,0.15467877423614884,5
Fortinet,M15,MeanReversion,"window=100,z=1.5",0.38309093864119725,0.5003767897513187,0.5936306647906697,1.2576238736997676,1354,True,4,0.12454503655676996,5
Fortinet,M15,MeanReversion,"window=20,z=1.75",0.002758391641203062,0.4874041621029573,0.0034502768272710706,1.001854256861194,932,True,4,0.1736836329940925,5
Fortinet,M15,MeanReversion,"window=50,z=1.75",0.05421289921228478,0.48717948717948717,0.09532206197474255,1.0444133754791125,914,True,4,0.09971845490691322,5
Fortinet,M15,MeanReversion,"window=100,z=1.75",0.22090390407335392,0.4939759036144578,0.3974876041831741,1.207586168229183,932,True,4,0.0938129084662992,5
Fortinet,M15,MeanReversion,"window=20,z=2.0",-0.10683788921951243,0.4741235392320534,-0.182432781931348,0.9010337781439626,610,True,4,0.05548074904398437,5
Fortinet,M15,MeanReversion,"window=50,z=2.0",0.14137635467414866,0.496415770609319,0.28688387085273953,1.1803036227500416,571,True,4,0.12004950193109809,5
Fortinet,M15,MeanReversion,"window=20,z=2.25",-0.06475893884305295,0.4727272727272727,-0.11927682156030077,0.9192117350419847,389,True,4,0.05909339807506642,5
Fortinet,M15,MeanReversion,"window=50,z=2.25",0.029206998039774223,0.5,0.07378863224534896,1.0543581532806685,356,True,4,0.0747093226878599,5
Fortinet,M15,MeanReversion,"window=50,z=2.5",0.006384890962082834,0.4977168949771689,0.017469789773649377,1.0159365960563271,223,True,4,0.0753098355878089,5
Fossil,H1,MeanReversion,"window=20,z=1.5",1.0945948799545304,0.528746465598492,0.2651217353228192,1.1099811765662362,1299,True,4,0.7204141202614421,5
Fossil,H1,MeanReversion,"window=50,z=1.5",2.255368563510191,0.5477651183172656,0.5384318725193925,1.2229130873277485,1404,True,4,0.5451399758020359,5
Fossil,H1,MeanReversion,"window=20,z=1.75",0.2481893022922459,0.5296610169491526,0.07167406163733153,1.0355153386151998,848,True,4,0.4875133472430725,5
Fossil,H1,MeanReversion,"window=50,z=1.75",1.463206121859097,0.5425383542538355,0.41418901680762527,1.2103613213801645,861,True,4,0.6706984168806619,5
Fossil,H1,MeanReversion,"window=100,z=1.75",0.40383588134668347,0.5229244114002478,0.0925666152076393,1.0468833932714425,965,True,4,0.1909712886961883,5
Fossil,H1,MeanReversion,"window=50,z=2.0",0.866158524863145,0.51931330472103,0.2786353142840409,1.1735493311453526,546,True,5,0.42784662127372886,5
Fossil,H1,MeanReversion,"window=100,z=2.0",0.8953639541912225,0.524904214559387,0.2844513023133014,1.1673694091509694,620,True,5,0.397323995175047,5
Fossil,H1,MeanReversion,"window=20,z=2.25",0.34084792977421874,0.5477941176470589,0.14545230205981693,1.119578775833085,314,True,4,0.4078200952222524,5
Fossil,H1,MeanReversion,"window=50,z=2.25",0.6441041611781636,0.535593220338983,0.2745046363422284,1.205528543052147,335,True,4,0.3216740290372725,5
Fossil,H1,MeanReversion,"window=100,z=2.25",0.8185185833426737,0.5306748466257669,0.3211029920278933,1.2465531254893665,377,True,4,0.6391208650860272,5
Fossil,H1,MeanReversion,"window=20,z=2.5",0.09645546517022308,0.5234899328859061,0.04669281538728796,1.0520833847901272,167,True,4,0.30593665064884923,5
Fossil,H1,MeanReversion,"window=50,z=2.75",-0.061207851068057706,0.4956521739130435,-0.03652186213568156,0.9611220122760546,127,True,4,0.13462663039877965,5
Fossil,H1,TrendFollowing,"fast=13,slow=34",0.7469062815405045,0.5109323950741392,0.09765908845191794,1.0206992136139652,4999,True,4,0.576825641624947,5
Fossil,H4,MeanReversion,"window=20,z=2.0",-0.10950281000549478,0.5237113402061856,-0.016804705424201555,0.9854447578226332,505,True,4,0.785079352022635,5
Fossil,H4,MeanReversion,"window=100,z=2.0",0.8985269676710695,0.5179856115107914,0.15128737137081838,1.1076871400738049,573,True,4,0.5766000553710645,5
Fossil,H4,VolatilityExpansion,"ema=50,mult=1.5",-0.4087986607723305,0.49223546406644997,-0.03824843860716354,0.9888750500960785,2897,True,4,0.22669341553966393,5
Fossil,M15,MeanReversion,"window=20,z=1.5",1.2575882502248577,0.5465498357064622,0.45174023392008755,1.2239036938273007,1265,True,4,0.41953296052455846,5
Fossil,M15,MeanReversion,"window=50,z=1.5",0.9518350722691206,0.5414847161572053,0.36221676036602357,1.176378762648411,1316,True,4,0.24317595544357806,5
Fossil,M15,MeanReversion,"window=100,z=1.5",0.7597965869041335,0.5235235235235235,0.2626483969234025,1.119828483883046,1392,True,4,0.4915147073931023,5
Fossil,M15,MeanReversion,"window=20,z=1.75",1.0254162542583103,0.5467741935483871,0.4131328742347601,1.2544137300550422,841,True,4,0.30315728777115003,5
Fossil,M15,MeanReversion,"window=100,z=1.75",0.5533606001174057,0.5552238805970149,0.22633832070018114,1.1273133282712546,920,True,4,0.22925035703830332,5
Fossil,M15,MeanReversion,"window=20,z=2.0",0.5797012774420196,0.5287081339712919,0.32183538765320346,1.2043762957862747,549,True,4,0.29173481016714975,5
Fossil,M15,MeanReversion,"window=50,z=2.0",0.3601945337711687,0.5452436194895591,0.16950647582227724,1.1246158300147358,579,True,4,0.14128097668121464,5
Fossil,M15,MeanReversion,"window=20,z=2.25",0.40277765765446305,0.5454545454545454,0.2665796188838138,1.2149216633381097,332,True,4,0.17217543930986223,5
Fossil,M15,MeanReversion,"window=50,z=2.25",0.7088114747782682,0.5571955719557196,0.5264611457121904,1.4422708287151578,360,True,5,0.38935494373472035,5
Fossil,M15,MeanReversion,"window=20,z=2.5",0.48712425049640573,0.5714285714285714,0.42804698943364244,1.522817211744289,187,True,4,0.08658553448212469,5
Fossil,M15,MeanReversion,"window=50,z=2.5",0.4356452551065144,0.5535714285714286,0.3927059987990417,1.4148562638543858,222,True,4,0.29428947290789365,5
