symbol,timeframe,strategy,params,total_return,win_rate,sharpe_ratio,profit_factor,num_trades,robust,oos_profitable_windows,total_oos_return,total_windows
AlphaBank,H1,TrendFollowing,"fast=5,slow=20",1.3230977578468643,0.5123224728487886,0.5323650535906772,1.1058882324186878,4999,True,5,0.4845098523918395,5
AlphaBank,H1,TrendFollowing,"fast=8,slow=21",1.4075228955193293,0.5114870509607352,0.5663765228291865,1.1130266594339537,4999,True,5,0.5411067853103365,5
AlphaBank,H1,TrendFollowing,"fast=13,slow=34",1.7061971334528352,0.514202172096909,0.6867660289351292,1.138673727650202,4999,True,4,0.583332198138491,5
AlphaBank,H1,TrendFollowing,"fast=21,slow=55",0.8542686503228847,0.5027151211361738,0.34361307782028133,1.0671086050415188,4999,True,4,0.5042335440180269,5
AlphaBank,H1,VolatilityExpansion,"ema=20,mult=1.5",1.0907838942856602,0.5286908077994429,0.7217994625896494,1.2385230820954198,1867,True,5,0.2614679858955461,5
AlphaBank,H1,VolatilityExpansion,"ema=50,mult=1.5",1.3321960664759565,0.5190890823844608,0.6492456411229683,1.172581885572808,3114,True,5,0.42509541129181316,5
AlphaBank,H1,VolatilityExpansion,"ema=20,mult=2.0",1.0610733197203963,0.5402504472271914,0.8396827043745961,1.380914677381939,1170,True,5,0.25157827624709983,5
AlphaBank,H1,VolatilityExpansion,"ema=50,mult=2.0",0.9309093611396866,0.5167701863354037,0.5131080344424747,1.1460092162333975,2519,True,4,0.34997750658788085,5
AlphaBank,H1,VolatilityExpansion,"ema=20,mult=2.5",0.5849398032095245,0.5307346326836582,0.5728894265582997,1.3326289198877732,699,True,5,0.20919393800057384,5
AlphaBank,H1,VolatilityExpansion,"ema=50,mult=2.5",0.6393458710841978,0.5149413020277481,0.3953908600181048,1.1265016984099236,1953,True,4,0.2851942200284673,5
AlphaBank,H1,VolatilityExpansion,"ema=20,mult=3.0",0.5169256453090264,0.5662983425414365,0.7396369347427318,1.5965118858422152,380,True,4,0.11596693863385676,5
AlphaBank,H1,VolatilityExpansion,"ema=50,mult=3.5",0.6135752799683564,0.5256166982922201,0.4962633811412828,1.2190540353964854,1100,True,4,0.17229416514882734,5
AlphaBank,H4,MeanReversion,"window=100,z=1.5",-1.5872509810025037,0.49235880398671095,-0.4710527248466277,0.8435292864463996,1540,True,4,0.20060895146457314,5
AlphaBank,H4,MeanReversion,"window=100,z=1.75",-1.059414036384526,0.4884836852207294,-0.37589222970084724,0.8482596950493005,1065,True,4,0.2852753383750136,5
AlphaBank,H4,VolatilityExpansion,"ema=20,mult=1.5",2.199183105643893,0.509760178471835,0.6067929104354596,1.224247626998781,1858,True,4,0.27902324580156057,5
AlphaBank,H4,VolatilityExpansion,"ema=20,mult=3.0",0.47306054721240387,0.5240793201133145,0.2284397415685373,1.1937249059133326,367,True,4,0.18990791869315038,5
AlphaBank,M15,VolatilityExpansion,"ema=20,mult=2.5",0.3666777086708257,0.5394896719319563,0.5514814878391775,1.3270656376892136,852,True,4,0.1405222431311105,5
AlphaBank,M15,VolatilityExpansion,"ema=20,mult=3.0",0.3837497290965257,0.5393053016453382,0.6570591413040738,1.53173398558339,564,True,4,0.17480242555410164,5
AlphaBank,M15,VolatilityExpansion,"ema=20,mult=3.5",0.2146238341245773,0.5379939209726444,0.5585607643960755,1.4894255529462526,335,True,4,0.12289521535679337,5
Ambev,H1,MeanReversion,"window=50,z=1.5",0.3451077477134059,0.5169230769230769,0.27801210800794446,1.1064825255308905,1535,True,5,0.1950171211827756,5
Ambev,H1,MeanReversion,"window=100,z=1.5",0.26497914755806706,0.5119047619047619,0.2143424379945437,1.0786335194806018,1564,True,4,0.20053059288841646,5
Ambev,H1,MeanReversion,"window=50,z=1.75",0.2973227690114173,0.5406626506024096,0.30147726947580317,1.137947319860974,1038,True,4,0.14516127307108506,5
Ambev,H1,MeanReversion,"window=100,z=1.75",0.5139356203539701,0.5338129496402878,0.4921266530502398,1.2342107686779331,1075,True,4,0.17325808524248343,5
Ambev,H1,MeanReversion,"window=50,z=2.0",0.4174739661740806,0.5490654205607477,0.5211023896678935,1.3193983100981204,643,True,4,0.11670457928390254,5
Ambev,H1,MeanReversion,"window=100,z=2.0",0.3285576313761015,0.5321888412017167,0.3680968069480172,1.2156221863985415,700,True,4,0.11782666262554187,5
Ambev,H1,MeanReversion,"window=50,z=2.25",0.4029503146434964,0.5746268656716418,0.6124142710977135,1.5261291352480706,397,True,4,0.08713935743651935,5
Ambev,H1,MeanReversion,"window=100,z=2.5",0.26483960585528066,0.5578947368421052,0.5063087556121141,1.481162902856384,275,True,4,0.06443279768118582,5
Ambev,H1,MeanReversion,"window=20,z=2.75",0.10674505613277163,0.5753424657534246,0.32154062579455284,1.4956288082150793,94,True,4,0.045595023717928895,5
Ambev,H1,MeanReversion,"window=100,z=2.75",0.19831544752846286,0.576271186440678,0.4570612782371159,1.5765001001777437,169,True,5,0.038428560988305493,5
Ambev,H1,MeanReversion,"window=50,z=3.0",0.11595160279523886,0.6031746031746031,0.366338817931955,1.648442281575397,87,True,4,0.010148078243098047,5
Ambev,H4,MeanReversion,"window=20,z=1.5",1.4249738035630921,0.5187207488299532,0.46858322570591415,1.1762171780134578,1437,True,4,0.6229402736792709,5
Ambev,H4,MeanReversion,"window=50,z=1.5",1.187654689560455,0.5199115044247787,0.35917543668395463,1.1306920664311348,1514,True,4,0.12664173942184476,5
Ambev,H4,MeanReversion,"window=20,z=1.75",0.8913391906656852,0.524390243902439,0.38812760081946757,1.1762118993167736,912,True,4,0.3625216394977394,5
Ambev,H4,MeanReversion,"window=20,z=2.0",0.550346274021418,0.5421166306695464,0.3289204190896641,1.2037011595822034,519,True,4,0.23683488554556553,5
Ambev,H4,MeanReversion,"window=50,z=2.0",0.9893206644799677,0.5288966725043783,0.46441138716883434,1.273899325146206,647,True,4,0.22100068874563727,5
Ambev,H4,MeanReversion,"window=50,z=2.25",0.5031887979633574,0.5222929936305732,0.34940194376426226,1.265819220849873,352,True,4,0.31023855804337275,5
Ambev,H4,MeanReversion,"window=20,z=2.5",0.08765291498342753,0.5299145299145299,0.10625790417232903,1.125033010907983,128,True,4,0.12064330618719521,5
Ambev,H4,MeanReversion,"window=50,z=2.5",0.2218708870801659,0.5113636363636364,0.19493192234337442,1.2025134893367162,196,True,4,0.24446503927223384,5
Ambev,M15,MeanReversion,"window=20,z=1.5",0.45472345763644284,0.5896328293736501,0.601459212700859,1.4046939643566891,1316,True,4,0.13871321061458475,5
Ambev,M15,MeanReversion,"window=50,z=1.5",0.3167843249480682,0.5532786885245902,0.48968520313914554,1.2768346642714046,1505,True,4,0.1724272137688001,5
Ambev,M15,MeanReversion,"window=20,z=1.75",0.4041452549763699,0.5981873111782477,0.6185753804060465,1.5206282141820262,891,True,4,0.13057595124237897,5
Ambev,M15,MeanReversion,"window=50,z=2.0",0.3779515876020695,0.6173913043478261,0.8135149917006236,1.860728877619791,613,True,4,0.16683836305600375,5
Ambev,M15,MeanReversion,"window=50,z=2.5",0.1713406762465034,0.5904761904761905,0.457091077367631,1.7389915164782503,255,True,4,0.12558065013145048,5
Ambev,M15,TrendFollowing,"fast=50,slow=200",-0.2770048663880903,0.48556430446194226,-0.22733650190257682,0.935910595569025,4998,True,4,0.14099501156996874,5
AmericanAirlines,H1,MeanReversion,"window=20,z=2.0",0.14683268551110473,0.553014553014553,0.10860053104279245,1.0810430848992103,495,True,4,0.13480611295241074,5
AmericanAirlines,H1,MeanReversion,"window=100,z=2.0",0.42205360378113765,0.5693215339233039,0.2967810091573354,1.1913148285289563,713,True,4,0.18584977687575488,5
AmericanAirlines,H1,MeanReversion,"window=20,z=2.25",0.09973927848878872,0.5709090909090909,0.08385317693562336,1.087629257869732,280,True,4,0.13354903218419345,5
AmericanAirlines,H1,MeanReversion,"window=50,z=2.25",0.263986170655897,0.5574229691876751,0.2571586793088817,1.2177312850704405,373,True,4,0.12356478121023973,5
AmericanAirlines,H1,MeanReversion,"window=20,z=2.5",0.15231975201326897,0.5882352941176471,0.145244900291113,1.2184518700077511,154,True,4,0.1679822302632097,5
AmericanAirlines,H1,MeanReversion,"window=50,z=2.5",0.21168593178511874,0.5825688073394495,0.302513388576149,1.3011118332509342,229,True,4,0.059165239373705436,5
AmericanAirlines,H1,TrendFollowing,"fast=5,slow=20",-1.198246125679212,0.4884161752316765,-0.3500166840880309,0.9297596027482914,4999,True,4,0.03319786258603996,5
AmericanAirlines,H1,TrendFollowing,"fast=8,slow=21",-0.2668435357801685,0.4938921651221567,-0.07792899403670453,0.9839188058333097,4999,True,4,0.297977647084784,5
AmericanAirlines,H1,TrendFollowing,"fast=10,slow=30",0.27675532987930007,0.493681550126369,0.08082370838427304,1.016956264776758,4999,True,4,0.513585253831384,5
AmericanAirlines,H1,TrendFollowing,"fast=13,slow=34",0.5607143662786246,0.497893850042123,0.16375778074678504,1.0346553470586666,4999,True,4,0.5569756231466009,5
AmericanAirlines,H4,MeanReversion,"window=20,z=2.25",0.23505186574500214,0.515748031496063,0.1293784031246529,1.1395637105687069,255,True,4,0.23998893862960446,5
AmericanAirlines,H4,MeanReversion,"window=20,z=2.5",0.333516762597027,0.49557522123893805,0.23699078500249227,1.5172640419292538,113,True,4,0.2735957370598753,5
AmericanAirlines,H4,TrendFollowing,"fast=5,slow=20",2.296523654290785,0.5128093790707773,0.33208813802345094,1.0700116172972316,4673,True,5,1.3103931887392661,5
AmericanAirlines,H4,TrendFollowing,"fast=8,slow=21",1.354519701136046,0.5121580547112462,0.19584197979779192,1.0407092272514888,4673,True,5,0.6592870637893815,5
AmericanAirlines,H4,TrendFollowing,"fast=13,slow=34",0.9901773160991394,0.5073816760746852,0.14315879907730283,1.0295971035284621,4673,True,4,0.8121470144191618,5
AmericanAirlines,H4,TrendFollowing,"fast=21,slow=55",0.01022363613014865,0.5019539730785931,0.0014780624931399324,1.0003011807286946,4673,True,4,0.818255330514581,5
AmericanAirlines,M15,MeanReversion,"window=20,z=1.5",0.20176978930782363,0.5128824476650563,0.20144240136807168,1.078419263548944,1368,True,5,0.18547957240494262,5
AmericanAirlines,M15,MeanReversion,"window=50,z=1.5",0.09089715185375635,0.5223642172523961,0.08203011425765205,1.033847970932987,1371,True,5,0.1866662409233063,5
AmericanAirlines,M15,MeanReversion,"window=100,z=1.5",0.41995546239404846,0.5241581259150805,0.3661664955994308,1.164935426538245,1519,True,5,0.34358264992861254,5
AmericanAirlines,M15,MeanReversion,"window=20,z=1.75",0.13746566344675337,0.516245487364621,0.15851598129318487,1.0753234449005393,905,True,5,0.21306423739907188,5
AmericanAirlines,M15,MeanReversion,"window=50,z=1.75",0.12402138834857412,0.5240963855421686,0.12618329897242178,1.065554314270486,912,True,5,0.18584202365525737,5
AmericanAirlines,M15,MeanReversion,"window=100,z=1.75",0.009783907980673523,0.5165775401069519,0.010850979591673929,1.0051173950623966,1034,True,5,0.13927993810581785,5
AmericanAirlines,M15,MeanReversion,"window=20,z=2.0",0.14277920572345726,0.5137111517367459,0.2062065469594238,1.1207201336834918,585,True,4,0.20565087443037045,5
AmericanAirlines,M15,MeanReversion,"window=50,z=2.0",0.17565953637495335,0.5261194029850746,0.21935297024478553,1.1402112481052042,586,True,4,0.13884004311975473,5
AmericanAirlines,M15,MeanReversion,"window=100,z=2.0",0.027639882970779794,0.5124378109452736,0.03511304728626616,1.0210130891787619,668,True,4,0.08632913731349678,5
AmericanAirlines,M15,MeanReversion,"window=20,z=2.25",0.11539025633203315,0.5233918128654971,0.19528208666319152,1.14900301459464,363,True,4,0.14587705559889763,5
AmericanAirlines,M15,MeanReversion,"window=50,z=2.25",0.112017888599661,0.5382436260623229,0.1837059555866701,1.1293775073147378,382,True,5,0.1534756893839031,5
AmericanAirlines,M15,MeanReversion,"window=100,z=2.25",0.19563327119424734,0.5521978021978022,0.27939389808264986,1.2404945936809402,396,True,5,0.12635340195591904,5
AmericanAirlines,M15,MeanReversion,"window=20,z=2.5",0.1184108812736363,0.5193370165745856,0.25079510234327146,1.27773531426495,194,True,4,0.09249146599242009,5
AmericanAirlines,M15,MeanReversion,"window=50,z=2.5",0.13494970131705009,0.5509259259259259,0.26005708650472703,1.236476843442763,234,True,5,0.1152182461839174,5
AmericanAirlines,M15,MeanReversion,"window=50,z=2.75",0.034170766871777225,0.5384615384615384,0.08424742749103635,1.0929437299535218,139,True,5,0.07368084397489383,5
AmericanElectric,H1,MeanReversion,"window=20,z=1.5",0.2943981622208025,0.5217993079584775,0.3378451528762212,1.1187403099679814,1465,True,4,0.10893154547273642,5
AmericanElectric,H1,MeanReversion,"window=20,z=1.75",0.1842190411192256,0.5258620689655172,0.2558360092337082,1.1113126429283722,939,True,4,0.0906792664483651,5
AmericanElectric,H4,MeanReversion,"window=100,z=1.5",0.4333618516731502,0.5210420841683366,0.24964887304491834,1.092075010984614,1509,True,4,0.12566821257995198,5
AmericanElectric,H4,MeanReversion,"window=20,z=1.75",0.20612355030389995,0.5068637803590285,0.15930620067559864,1.0703478657126118,954,True,4,0.033255586914220814,5
AmericanElectric,H4,MeanReversion,"window=100,z=1.75",0.27729404343165387,0.5240431795878312,0.1912577244852085,1.0844460448189146,1029,True,4,0.017104637072890228,5
AmericanElectric,H4,MeanReversion,"window=100,z=2.0",0.2972615747690627,0.5292307692307693,0.2617149496912365,1.1468316396264762,658,True,4,0.06177187102182169,5
AmericanElectric,H4,TrendFollowing,"fast=10,slow=30",0.3449801464951372,0.5008077544426495,0.1179635647355899,1.0225582928527428,4999,True,4,0.32027268116931984,5
AmericanElectric,M15,MeanReversion,"window=100,z=1.5",0.12867115423775322,0.5221112696148359,0.2763473532882447,1.1232662383474603,1438,True,4,0.011258547952944675,5
AmericanElectric,M15,MeanReversion,"window=50,z=2.25",0.11164268084305695,0.5837988826815642,0.4516285817739309,1.3581301559679422,364,True,4,0.03329591201753712,5
AmericanElectric,M15,MeanReversion,"window=50,z=2.5",0.07431807265382606,0.5866666666666667,0.34962636708422357,1.3418435784433898,230,True,4,0.01086792724306529,5
AnalogDevices,H4,MeanReversion,"window=50,z=1.5",1.113926031814898,0.5253772290809328,0.4479550980498762,1.179373504987051,1463,True,4,0.26304691077332376,5
AnalogDevices,H4,MeanReversion,"window=100,z=1.5",1.212981713233642,0.521923620933522,0.4942512581686918,1.2053765888113341,1417,True,4,0.37667070590025986,5
AnalogDevices,M15,MeanReversion,"window=50,z=2.0",0.1453259774419352,0.5141579731743666,0.24999103925379398,1.1541486689541705,673,True,4,0.031116243478517047,5
AnalogDevices,M15,MeanReversion,"window=50,z=2.25",0.13851885675531728,0.5614035087719298,0.33195561918663113,1.2424299648804915,400,True,4,0.02743874663347401,5
AnalogDevices,M15,MeanReversion,"window=50,z=2.5",0.07014283431385882,0.5483870967741935,0.19292219465322577,1.1753386455124077,248,True,4,0.027704714726900836,5
AnalogDevices,M15,MeanReversion,"window=100,z=2.5",0.11058081516163698,0.5257731958762887,0.24504235558791027,1.2498532456071507,291,True,4,0.06246467023328983,5
AnalogDevices,M15,MeanReversion,"window=20,z=2.75",0.15034850644731768,0.5592105263157895,0.31567176094387556,1.5444523879614744,152,True,5,0.026569407766110276,5
AnalogDevices,M15,MeanReversion,"window=20,z=3.0",0.15808450019067344,0.5913978494623656,0.3946105631523313,2.159466610726908,93,True,5,0.02559947319624123,5
AnalogDevices,M15,MeanReversion,"window=20,z=3.25",0.00014191263066909432,0.5416666666666666,0.0008566549991036014,1.001421160102985,48,True,4,0.017780046912495684,5
AnalogDevices,M15,TrendFollowing,"fast=10,slow=30",0.2944842358986245,0.4995964487489911,0.19647175893864707,1.0471166496973336,4999,True,5,0.24079506905819903,5
AppliedMaterials,H1,MeanReversion,"window=20,z=2.0",-0.20984648639145342,0.4601018675721562,-0.23413760271256379,0.885318628307539,589,True,4,0.059746719436237994,5
AppliedMaterials,H1,MeanReversion,"window=20,z=2.25",-0.2705130454181296,0.4298780487804878,-0.4262054330310787,0.7464243380095961,328,True,5,0.09718945434088189,5
AppliedMaterials,H1,MeanReversion,"window=20,z=2.5",-0.042434213027768064,0.44041450777202074,-0.08397378665048331,0.9271660666963957,192,True,5,0.11550034206621207,5
AppliedMaterials,H1,MeanReversion,"window=20,z=2.75",-0.04211488968415855,0.423728813559322,-0.11579318423554948,0.8852678981510321,117,True,4,0.08092685016620127,5
AppliedMaterials,H1,TrendFollowing,"fast=21,slow=55",0.1409273012478136,0.5078376205787781,0.04724234661548981,1.0097164569697419,4999,True,4,0.11614210156731175,5
AppliedMaterials,H4,MeanReversion,"window=50,z=1.5",1.3250070656762736,0.507501630789302,0.420157694695372,1.1583970257760747,1554,True,4,0.7985038978293892,5
AppliedMaterials,H4,MeanReversion,"window=50,z=1.75",0.6335569458006832,0.4980392156862745,0.24055919213623142,1.1066800624687703,1032,True,4,0.2753142108272246,5
AppliedMaterials,H4,MeanReversion,"window=100,z=2.0",0.8215452474709264,0.5397058823529411,0.3666926050106649,1.2173603850009296,686,True,4,0.32508211283758304,5
AppliedMaterials,H4,MeanReversion,"window=50,z=2.25",0.30592805269809153,0.4923469387755102,0.20862080846925507,1.1438624580770531,394,True,4,0.18737432214092042,5
AppliedMaterials,H4,MeanReversion,"window=100,z=2.25",0.3522161759174931,0.5160493827160494,0.19561467528937407,1.1452933623056392,409,True,4,0.21383344561091178,5
AppliedMaterials,M15,MeanReversion,"window=50,z=1.5",0.07847553424226539,0.49664879356568364,0.09680813861404518,1.036185335855535,1505,True,4,0.08214238765142046,5
AppliedMaterials,M15,MeanReversion,"window=50,z=2.5",0.03505216838094305,0.5247148288973384,0.10358127842694184,1.08025140529266,265,True,4,0.0494979055254422,5
AppliedMaterials,M15,TrendFollowing,"fast=5,slow=20",0.5129574917922125,0.5064698746461788,0.2886626360060059,1.0721177977004852,4999,True,4,0.15746605316934137,5
ArcherDaniels,H1,MeanReversion,"window=20,z=2.5",0.12897701813878182,0.554140127388535,0.2970306540092163,1.3595343792218353,158,True,4,0.047903011703166354,5
ArcherDaniels,H1,MeanReversion,"window=20,z=2.75",0.18342352981104804,0.6236559139784946,0.528406269816831,2.078479608591164,93,True,4,0.038039199358673836,5
ArcherDaniels,H1,TrendFollowing,"fast=10,slow=30",-0.14419857936521752,0.4985731757032206,-0.06636960062258475,0.9863059957507045,4999,True,4,0.023822065204742948,5
ArcherDaniels,H1,TrendFollowing,"fast=13,slow=34",-0.30708547685934795,0.5008153281695883,-0.14134515350625404,0.9710610560978922,4999,True,4,0.15281381593145804,5
ArcherDaniels,H1,TrendFollowing,"fast=21,slow=55",-0.5694306064767992,0.5016306563391765,-0.26212258480318795,0.9469935591458489,4999,True,4,0.11992118394070972,5
ArcherDaniels,H1,TrendFollowing,"fast=34,slow=89",-0.37360498338301873,0.5042804728903384,-0.17196599327006962,0.964902436006866,4999,True,4,0.19413944316832854,5
ArcherDaniels,H1,TrendFollowing,"fast=50,slow=200",-0.26338589786248,0.5024459845087648,-0.12122986197326993,0.9751279786180752,4999,True,4,0.22168570510360008,5
ArcherDaniels,H1,VolatilityExpansion,"ema=50,mult=1.5",0.07793307441813335,0.499213217938631,0.045732294498430165,1.0140097847223475,2585,True,4,0.09648586229468559,5
ArcherDaniels,H4,MeanReversion,"window=20,z=1.75",0.19863684538735915,0.512087912087912,0.13210189196687383,1.0577652115018783,914,True,4,0.012256560068677591,5
ArcherDaniels,H4,MeanReversion,"window=20,z=2.0",0.28095561254654133,0.5185873605947955,0.24311173290941474,1.1432752759297349,540,True,4,0.31336707774639794,5
ArcherDaniels,H4,MeanReversion,"window=20,z=2.25",0.025887241710167208,0.5033557046979866,0.028962168970423217,1.0218473961025634,297,True,4,0.15472661668575127,5
ArcherDaniels,H4,MeanReversion,"window=20,z=2.5",-0.029279290935240176,0.45394736842105265,-0.049605869417506346,0.9522544858895741,151,True,5,0.09938620742233462,5
ArcherDaniels,H4,TrendFollowing,"fast=21,slow=55",-0.7792103082627848,0.4933171324422843,-0.2112814088073322,0.9600041520229738,4999,True,4,0.623623651319574,5
ArcherDaniels,H4,TrendFollowing,"fast=34,slow=89",0.18441987972971852,0.49675982179019845,0.05000092212966114,1.0097060719751598,4999,True,4,0.7027825378430349,5
ArcherDaniels,H4,TrendFollowing,"fast=50,slow=200",0.06020378467450982,0.5036452004860267,0.016322705612100103,1.0031582192440347,4999,True,4,0.8886304194750997,5
AutomaticData,H1,MeanReversion,"window=20,z=1.75",0.03263488997389996,0.49056603773584906,0.04639498812603332,1.0216132448585,957,True,4,0.0486416755294421,5
AutomaticData,H1,MeanReversion,"window=100,z=1.75",0.2503758145251108,0.4871541501976285,0.35551867423458616,1.170624718187607,1015,True,4,0.05705447048158441,5
AutomaticData,H1,MeanReversion,"window=100,z=2.5",0.15106849971484027,0.5067873303167421,0.3864081903841551,1.4298649117172404,220,True,4,0.017726679514959875,5
AutomaticData,H4,MeanReversion,"window=20,z=2.0",0.24716595181840972,0.5008635578583766,0.21423501243447812,1.1374863177582082,581,True,4,0.20608152197861962,5
AutomaticData,H4,MeanReversion,"window=20,z=2.25",0.03353608089923166,0.494949494949495,0.04843042349762477,1.0360152310011823,299,True,5,0.16593428018620537,5
AutomaticData,H4,MeanReversion,"window=100,z=2.25",0.1209888236343617,0.48336594911937375,0.08908380416576261,1.0639095423354545,512,True,4,0.33438873632178945,5
AutomaticData,H4,MeanReversion,"window=20,z=2.5",0.02582542677343569,0.4931506849315068,0.0487814016528657,1.0527519723926242,148,True,4,0.08216867251217874,5
AutomaticData,H4,TrendFollowing,"fast=8,slow=21",-0.45701888385027245,0.4952706782048702,-0.13646934781175785,0.9726255338457792,4999,True,4,0.46454517568582565,5
AutomaticData,H4,TrendFollowing,"fast=10,slow=30",-0.042364325626702115,0.49627691688468506,-0.012649849408224018,0.9974305578155387,4999,True,4,0.31764484738657983,5
AutomaticData,H4,TrendFollowing,"fast=13,slow=34",-0.12333937124804395,0.49828939424431473,-0.03682882126758279,0.9925376583056197,4999,True,4,0.40887046904705215,5
AutomaticData,H4,VolatilityExpansion,"ema=50,mult=2.0",-0.17832598552131884,0.5098684210526315,-0.080036747761877,0.9741829005795898,2142,True,4,0.35640270810103836,5
AutomaticData,H4,VolatilityExpansion,"ema=20,mult=2.5",0.2566489016237028,0.5167364016736402,0.2681750128282821,1.1894745597064083,480,True,4,0.07875419108866144,5
AutomaticData,M15,MeanReversion,"window=50,z=2.5",0.08624253079362032,0.563265306122449,0.369782730069062,1.3418856400880708,244,True,4,0.013421930941999949,5
AutomaticData,M15,MeanReversion,"window=20,z=2.75",0.10384532317638284,0.5899280575539568,0.4709020841192872,1.6905403810175796,138,True,4,0.03727618564757529,5
AutomaticData,M15,TrendFollowing,"fast=8,slow=21",-0.18987555014907098,0.4971694298422968,-0.2210217955438917,0.9546912313588725,4999,True,4,0.0443066369577827,5
BallCorp,H1,TrendFollowing,"fast=5,slow=20",-0.014622680593345039,0.49867482161060145,-0.007046823000838249,0.9986071880017552,4999,True,4,0.08288093518014683,5
BallCorp,H1,TrendFollowing,"fast=8,slow=21",0.08938004285873957,0.5005096839959225,0.04307333356377708,1.008555837524464,4999,True,4,0.18052217463192732,5
BallCorp,H1,TrendFollowing,"fast=50,slow=200",0.22966616987860433,0.5041794087665648,0.11068121358225834,1.0221332329559105,4999,True,4,0.10721781062996383,5
BallCorp,H4,MeanReversion,"window=50,z=1.5",0.3809116855803769,0.49110546378653114,0.16582419174088892,1.059695408101967,1589,True,4,0.07559893329808054,5
BallCorp,H4,MeanReversion,"window=50,z=2.25",0.2516147135333878,0.49104859335038364,0.18637073068307855,1.1436036943961845,394,True,4,0.1953816547443984,5
BallCorp,H4,MeanReversion,"window=50,z=2.5",-0.025908750518873425,0.4732142857142857,-0.026120240708862555,0.977562404656104,224,True,4,0.08151272543946197,5
BallCorp,M15,MeanReversion,"window=20,z=1.5",0.28531255667322863,0.5418867924528302,0.4237240105098976,1.1737025709464648,1371,True,5,0.11974540451819005,5
BallCorp,M15,MeanReversion,"window=50,z=1.5",0.3282735481479455,0.5365168539325843,0.5151979091683859,1.2068624009989481,1468,True,4,0.17150316253518583,5
BallCorp,M15,MeanReversion,"window=100,z=1.5",0.1827000184443488,0.5152957171991842,0.3250944854781543,1.1150198206789395,1522,True,4,0.05292561789154815,5
BallCorp,M15,MeanReversion,"window=50,z=1.75",0.27463907106568985,0.538788522848034,0.49063044824028695,1.2469302011221362,971,True,4,0.1691578381449247,5
BallCorp,M15,MeanReversion,"window=20,z=2.0",0.11154061602528442,0.5505415162454874,0.2326525674916915,1.1353867207781587,575,True,4,0.03229024421629367,5
BallCorp,M15,MeanReversion,"window=50,z=2.0",0.24212681397949487,0.5385878489326765,0.49980238906152474,1.3219647124152687,627,True,4,0.12946095982466854,5
BallCorp,M15,MeanReversion,"window=50,z=2.25",0.16049428886123573,0.5552631578947368,0.43857040107331124,1.3224227008669462,388,True,5,0.07177870570601319,5
BallCorp,M15,MeanReversion,"window=50,z=2.5",0.15732468432490965,0.5581395348837209,0.5257846101945085,1.4788542919118346,265,True,5,0.06583990544500884,5
BallCorp,M15,MeanReversion,"window=50,z=2.75",0.1329884169751262,0.6012658227848101,0.523041942313394,1.6397050910906081,162,True,4,0.05495142291218946,5
BallCorp,M15,MeanReversion,"window=100,z=3.0",0.06882099715950774,0.5306122448979592,0.36123904900933873,1.5595253774030993,99,True,4,0.026700553669955274,5
BancoBradesco,H1,MeanReversion,"window=100,z=2.0",0.1015155186585569,0.4954128440366973,0.0816802914996169,1.0482848615734022,726,True,4,0.043026888566202515,5
BancoBradesco,H1,MeanReversion,"window=100,z=2.25",0.16586920415104245,0.49575070821529743,0.16175224275371097,1.1246971172137143,461,True,4,0.07556591467107532,5
BancoBradesco,H1,MeanReversion,"window=20,z=2.5",-0.07662901508050346,0.49612403100775193,-0.15869452863224912,0.8553666447669058,168,True,4,0.024318127797138933,5
BancoBradesco,H1,MeanReversion,"window=20,z=2.75",-0.02099823382818844,0.5180722891566265,-0.05161792678249454,0.9397651533032508,102,True,4,0.05074609418209142,5
BancoBradesco,H4,MeanReversion,"window=20,z=1.5",0.523967161146953,0.5107327905255367,0.128246568635579,1.047128759771522,1468,True,4,0.6511369595929078,5
BancoBradesco,H4,MeanReversion,"window=20,z=2.0",0.47421187953235777,0.5020242914979757,0.1881809749199142,1.1248778470749725,540,True,4,0.36154258358271896,5
BancoBradesco,H4,MeanReversion,"window=50,z=2.0",-0.7420572625234482,0.4609375,-0.2619590781507898,0.869621958974901,691,True,4,0.13707561166689564,5
BancoBradesco,H4,MeanReversion,"window=50,z=2.25",-0.9418509705047148,0.4426229508196721,-0.41775096767268993,0.7453480798961246,399,True,4,0.08856357703649853,5
BancoBradesco,H4,MeanReversion,"window=20,z=2.5",0.1594040803311274,0.42201834862385323,0.10017098425054972,1.1589509159770168,119,True,4,0.13002335481524496,5
BancoBradesco,H4,TrendFollowing,"fast=5,slow=20",1.0252689742270071,0.5036018336607727,0.14478276974583873,1.0273767036409385,4999,True,4,0.7520929986037124,5
BancoBradesco,H4,TrendFollowing,"fast=34,slow=89",0.19987587265148377,0.4996725605762934,0.028224227164709462,1.0052789074272617,4999,True,5,0.3786905186332854,5
BancoBradesco,M15,MeanReversion,"window=20,z=1.5",0.5919675955429107,0.5492753623188406,0.5553456090887102,1.412178688450452,1318,True,5,0.14070528036471097,5
BancoBradesco,M15,MeanReversion,"window=50,z=1.5",0.3240390688234298,0.5061898211829436,0.3176194421410532,1.2100018419753447,1407,True,4,0.12917177985046535,5
BancoBradesco,M15,MeanReversion,"window=20,z=1.75",0.576899232564583,0.563265306122449,0.5827123141711212,1.5898679934875612,879,True,5,0.11769413609001178,5
BancoBradesco,M15,MeanReversion,"window=100,z=2.75",-0.02256563128593192,0.4716981132075472,-0.09448756036876435,0.9092595772620969,175,True,4,0.02980323229367743,5
BancoBradesco,M15,TrendFollowing,"fast=50,slow=200",0.08853432747045198,0.5073300755219903,0.057556751428707725,1.0164979051115892,4999,True,4,0.20083408900597932,5
BerkshireHathaway,H1,MeanReversion,"window=20,z=1.5",0.12230928149183051,0.5090403337969402,0.1860950509299649,1.066534758852408,1446,True,5,0.21161896015923942,5
BerkshireHathaway,H1,MeanReversion,"window=50,z=1.5",0.030882781476610388,0.49724095646842426,0.04135350613951318,1.014239642123479,1640,True,5,0.16443600115242696,5
BerkshireHathaway,H1,MeanReversion,"window=100,z=1.5",0.09475176657859963,0.49555273189326554,0.12366358975612515,1.0453373687581555,1580,True,4,0.10334672968137548,5
BerkshireHathaway,H1,MeanReversion,"window=20,z=1.75",0.026914608227387782,0.5071350164654226,0.05687956977551442,1.0230158332926944,916,True,4,0.12179748435848925,5
BerkshireHathaway,H1,MeanReversion,"window=50,z=1.75",0.10618730411887145,0.510818438381938,0.17494769420297737,1.0768064875861658,1072,True,5,0.13861645749780316,5
BerkshireHathaway,H1,MeanReversion,"window=100,z=1.75",0.1006910526619067,0.509765625,0.16549382651365047,1.0745400091880435,1030,True,4,0.07512831004557907,5
BerkshireHathaway,H1,MeanReversion,"window=20,z=2.0",0.041219678060145926,0.5307262569832403,0.1111153394497311,1.0596667293919462,539,True,4,0.09027256486950985,5
BerkshireHathaway,H1,MeanReversion,"window=50,z=2.0",0.0739446347717918,0.5110456553755522,0.14351458153845673,1.081184943212106,684,True,5,0.13008931953384528,5
BerkshireHathaway,H1,MeanReversion,"window=100,z=2.0",0.1464336031089527,0.5262267343485617,0.2928651505178207,1.1804298921453693,592,True,5,0.07802810133558613,5
BerkshireHathaway,H1,MeanReversion,"window=20,z=2.25",0.010178343280855096,0.5405405405405406,0.03414687641569277,1.0243282644231952,296,True,4,0.04542277109905746,5
BerkshireHathaway,H1,MeanReversion,"window=50,z=2.25",0.08250148340543761,0.5173267326732673,0.19068716671452818,1.1539440092258404,405,True,5,0.10674647555752004,5
BerkshireHathaway,H1,MeanReversion,"window=100,z=2.25",-0.027750443524878987,0.5217391304347826,-0.07585626920989019,0.9461151311889888,322,True,5,0.03582576577126373,5
BerkshireHathaway,H1,MeanReversion,"window=20,z=2.5",0.0070567866449209316,0.543859649122807,0.03045802494912789,1.0290323502715348,171,True,4,0.05350070733808865,5
BerkshireHathaway,H1,MeanReversion,"window=50,z=2.5",0.026844936784955697,0.5238095238095238,0.0889394250511692,1.0889294836102417,209,True,4,0.0400906417654856,5
BerkshireHathaway,H1,MeanReversion,"window=100,z=2.5",-0.021275382718459412,0.5026178010471204,-0.0691041706738519,0.9337273980620984,190,True,4,0.01706227675370353,5
BerkshireHathaway,H1,MeanReversion,"window=20,z=2.75",0.003798676797553524,0.5357142857142857,0.0210370703131425,1.0299050613099563,84,True,4,0.031530658301915815,5
BerkshireHathaway,H4,MeanReversion,"window=50,z=2.5",-0.012278419150987152,0.49099099099099097,-0.022823924982004275,0.9813830126512014,222,True,4,0.08029643027545774,5
BerkshireHathaway,H4,MeanReversion,"window=50,z=2.75",-0.06321998325076339,0.4838709677419355,-0.15295809732557733,0.8390410278309101,124,True,4,0.07623013078014929,5
BerkshireHathaway,M15,MeanReversion,"window=100,z=1.5",0.16906126384089715,0.506079027355623,0.40051816620941255,1.2108438957078467,1322,True,4,0.03527355085040862,5
BerkshireHathaway,M15,MeanReversion,"window=100,z=1.75",0.10784549766210216,0.5005537098560354,0.28384769496554974,1.188332233686332,905,True,5,0.026393160644711977,5
BerkshireHathaway,M15,MeanReversion,"window=50,z=2.25",0.06544975373158979,0.5346260387811634,0.36037300512038917,1.2573973268504326,360,True,4,0.02593524138232972,5
BerkshireHathaway,M15,MeanReversion,"window=50,z=2.5",0.06515759162236845,0.5627906976744186,0.42912898067850974,1.4134183421315971,214,True,5,0.0258624751140627,5
BerkshireHathaway,M15,MeanReversion,"window=50,z=2.75",0.05061694429521546,0.5785714285714286,0.3759474760377941,1.4627027533747972,139,True,5,0.021723500722334754,5
BestBuy,H1,MeanReversion,"window=50,z=1.5",0.17278225917586054,0.4989802855200544,0.12167414090780691,1.0477842098656336,1483,True,4,0.14181368018647778,5
BestBuy,H1,MeanReversion,"window=50,z=1.75",-0.006127924824041675,0.49120992761116855,-0.005049055891324996,0.9975522630807656,973,True,4,0.06425630851495057,5
BestBuy,H1,MeanReversion,"window=20,z=2.0",0.0482992385627683,0.5165441176470589,0.051749004329804574,1.035201483549177,547,True,4,0.08120000742532019,5
BestBuy,H1,MeanReversion,"window=20,z=2.5",0.053328647863375434,0.5535714285714286,0.12154526365594649,1.1211956838641735,168,True,4,0.03720208779812728,5
BestBuy,H4,MeanReversion,"window=50,z=1.5",1.0473207558186732,0.5234270414993306,0.34011411485676746,1.1366841569466206,1507,True,4,0.32713843944972953,5
BestBuy,M15,MeanReversion,"window=100,z=1.75",0.30768634856677035,0.5332086061739943,0.4615213827003704,1.2163597102245607,1103,True,5,0.07691075607808406,5
BestBuy,M15,MeanReversion,"window=100,z=2.25",0.22499744216915085,0.5955056179775281,0.553220664479121,1.4460105472335218,366,True,4,0.010132137216587012,5
BestBuy,M15,MeanReversion,"window=20,z=2.75",0.07746601226174243,0.5116279069767442,0.1850206065286829,1.1901664969771126,176,True,4,0.03486297372759639,5
BestBuy,M15,MeanReversion,"window=20,z=3.0",0.09074337192896031,0.5137614678899083,0.25864896418822336,1.3726766437255664,108,True,4,0.02047899280964549,5
BestBuy,M15,VolatilityExpansion,"ema=20,mult=1.5",0.16802200495897923,0.5002946375957572,0.1589338697255697,1.0619667879227572,1737,True,4,0.1962961244948882,5
BestBuy,M15,VolatilityExpansion,"ema=50,mult=2.0",-0.07614531371138578,0.4944649446494465,-0.06587989384588808,0.9797934888090436,2508,True,4,0.06947756551930906,5
BostonProperties,H1,MeanReversion,"window=20,z=1.5",0.08508320286287996,0.5082555635319455,0.052599101359873605,1.0193339841561995,1406,True,4,0.09695741859214602,5
BostonProperties,H1,MeanReversion,"window=50,z=3.0",0.009062942440907662,0.5783132530120482,0.020439469984381915,1.02937659901029,83,True,4,0.03271917284154646,5
BostonProperties,H4,MeanReversion,"window=20,z=1.75",0.12605566719529104,0.49306296691568835,0.06520005424140544,1.0294968216992355,944,True,4,0.0756707154307692,5
BostonProperties,H4,MeanReversion,"window=50,z=1.75",0.025564095475416937,0.48884381338742394,0.011797863071616016,1.0052462616774678,993,True,4,0.126968728839138,5
BostonProperties,H4,MeanReversion,"window=50,z=2.25",0.05047221989537376,0.4839572192513369,0.03693402688650031,1.0272266236674976,378,True,5,0.14879178133476934,5
BostonProperties,H4,MeanReversion,"window=50,z=2.5",0.24130241308513167,0.5023696682464455,0.23472789086078352,1.2616727352733605,215,True,5,0.20812634224224158,5
BostonProperties,H4,MeanReversion,"window=100,z=2.5",0.19864053517863356,0.5198412698412699,0.13251692603527354,1.1308011926903168,253,True,4,0.12582974848420503,5
BostonProperties,M15,MeanReversion,"window=20,z=1.5",0.6845138697769609,0.5520984081041969,0.8874108154655916,1.367075182745687,1409,True,5,0.19038390386128656,5
BostonProperties,M15,MeanReversion,"window=50,z=1.5",0.27399065890127583,0.5090529247910863,0.38748947417157087,1.1363991189501157,1466,True,4,0.027469639398033374,5
BostonProperties,M15,MeanReversion,"window=20,z=1.75",0.6320643700574408,0.5693673695893452,0.9645233689664694,1.5214510217916146,916,True,5,0.22958528163538017,5
BostonProperties,M15,MeanReversion,"window=50,z=1.75",0.22195660982523124,0.5146771037181996,0.3658962289205288,1.1527744591521036,1046,True,4,0.04823779560684438,5
BostonProperties,M15,MeanReversion,"window=20,z=2.0",0.42840147876534784,0.5695488721804511,0.829211415967963,1.5713589844665927,541,True,5,0.16609366676941606,5
BostonProperties,M15,MeanReversion,"window=20,z=2.25",0.3168434616265289,0.6123778501628665,0.761735526707719,1.7249590531770538,314,True,5,0.11323980704673597,5
BostonProperties,M15,MeanReversion,"window=50,z=2.5",0.14255205509011382,0.5372549019607843,0.39277000614327007,1.342147344317136,262,True,5,0.037960711878664455,5
BostonProperties,M15,TrendFollowing,"fast=34,slow=89",0.19940925743089932,0.5055237315875614,0.14210520231615997,1.0287563209912065,4999,True,5,0.09552105094220209,5
BostonScientific,H1,MeanReversion,"window=50,z=1.5",0.2225465951578971,0.5224681421864521,0.23252423028267294,1.092623497285793,1512,True,4,0.06495257666029586,5
BostonScientific,H1,MeanReversion,"window=20,z=1.75",0.12014706608291603,0.5160550458715596,0.17125768754566587,1.0818451306944976,886,True,4,0.05434617901763461,5
BostonScientific,H1,MeanReversion,"window=20,z=2.0",0.17572883859364385,0.5305343511450382,0.336184335453031,1.2038110852920982,528,True,4,0.03622275450597534,5
BostonScientific,H1,MeanReversion,"window=20,z=2.25",0.09925878222604023,0.5337837837837838,0.24524329678949186,1.1972145134998287,297,True,4,0.02091763458793472,5
BostonScientific,H1,TrendFollowing,"fast=8,slow=21",0.20927246302134106,0.5078109149928992,0.1229020007302689,1.025268002403018,4999,True,4,0.1921089404754397,5
BostonScientific,H4,MeanReversion,"window=20,z=1.5",0.6515882134059402,0.513030528667163,0.3519768085493602,1.138887568313191,1364,True,5,0.3654126164733331,5
BostonScientific,H4,MeanReversion,"window=20,z=1.75",0.4326318118243596,0.5166475315729047,0.28484498898541577,1.1404683316481494,884,True,4,0.21330258129366564,5
BostonScientific,H4,MeanReversion,"window=50,z=2.0",0.5759059349247709,0.5301794453507341,0.42283329806160425,1.271611800009817,622,True,5,0.17833491030863657,5
BostonScientific,H4,MeanReversion,"window=20,z=2.5",0.13652718130644292,0.6030534351145038,0.20140290110565198,1.2767564472088873,132,True,4,0.059855358599044006,5
BostonScientific,H4,VolatilityExpansion,"ema=50,mult=2.0",-0.4881243260720214,0.500697350069735,-0.20267143112712724,0.9378848105116439,2193,True,4,0.17162593417857908,5
BostonScientific,M15,MeanReversion,"window=50,z=2.5",0.029435834856245346,0.5213675213675214,0.1136395993295099,1.096451571938185,236,True,4,0.031111324578007138,5
BostonScientific,M15,MeanReversion,"window=100,z=3.0",0.03985819605784813,0.5234375,0.2140627562411354,1.2605067849441631,130,True,4,0.03373048583843685,5
CHRobinson,H1,MeanReversion,"window=20,z=1.5",0.3755673836980723,0.5112168592794017,0.33045576231209106,1.1248061582483722,1487,True,4,0.107370750957267,5
CHRobinson,H1,MeanReversion,"window=50,z=1.5",0.4000794086464434,0.4866666666666667,0.25055655843326,1.1189894255928992,1516,True,4,0.09107205791261264,5
CHRobinson,H1,MeanReversion,"window=20,z=1.75",0.27653707707349207,0.519438444924406,0.2893031475031792,1.1431559023650266,934,True,4,0.14190493387076408,5
CHRobinson,H1,MeanReversion,"window=50,z=1.75",0.1352754162438744,0.4877571008814887,0.10544957067169963,1.0561000690102256,1031,True,5,0.04983046886740561,5
CHRobinson,H1,MeanReversion,"window=20,z=2.0",0.07340485626392912,0.5363128491620112,0.09349477264924065,1.0608541021963067,542,True,4,0.09516597951364836,5
CHRobinson,H4,MeanReversion,"window=100,z=2.0",0.7643105936152631,0.5039001560062403,0.5415101028753844,1.3501577892670742,644,True,4,0.20527397802956537,5
CHRobinson,H4,MeanReversion,"window=100,z=3.0",0.2654413620300087,0.5294117647058824,0.43806249426396915,1.8199312583694902,101,True,4,0.07644440452712775,5
CHRobinson,H4,MeanReversion,"window=100,z=3.25",0.2041154094371963,0.5303030303030303,0.3666524079632928,1.855975716206415,65,True,5,0.0731778492741183,5
CHRobinson,H4,TrendFollowing,"fast=21,slow=55",-0.9175964116970349,0.48797736916548795,-0.23030146464965792,0.9537727477964181,4999,True,4,0.40813447669121794,5
CHRobinson,H4,VolatilityExpansion,"ema=50,mult=1.5",-1.375807634073345,0.4806565064478312,-0.506931874431824,0.8701389068615769,2580,True,4,0.11436063544373076,5
CHRobinson,H4,VolatilityExpansion,"ema=20,mult=2.0",-0.30383493985704557,0.49238578680203043,-0.21315786242225995,0.9036760643473685,795,True,4,0.21798027374365225,5
CHRobinson,H4,VolatilityExpansion,"ema=20,mult=2.5",-0.04031925634350708,0.4889975550122249,-0.03971260158444642,0.9749119594906482,413,True,4,0.12047031947784081,5
CHRobinson,M15,MeanReversion,"window=20,z=1.75",0.35042860773148,0.5438401775804661,0.5270025385038177,1.276552403686842,917,True,4,0.03584787646720777,5
CHRobinson,M15,TrendFollowing,"fast=5,slow=20",-0.004493741542647589,0.5036585365853659,-0.002944780516537987,0.9992428484351764,4999,True,4,0.11195182097914014,5
CHRobinson,M15,TrendFollowing,"fast=8,slow=21",0.20931347334101447,0.5077235772357723,0.1371697141211556,1.0359141698458902,4999,True,4,0.1387616867037036,5
CHRobinson,M15,TrendFollowing,"fast=10,slow=30",0.2624689166024794,0.5065040650406504,0.17200782729319616,1.0452409313571753,4999,True,5,0.23956893519653666,5
CHRobinson,M15,TrendFollowing,"fast=13,slow=34",0.2888143041794571,0.5091463414634146,0.18927550188616563,1.0498952909388755,4999,True,4,0.19584985455181947,5
CHRobinson,M15,TrendFollowing,"fast=21,slow=55",0.2806247141283076,0.5142276422764228,0.1839076933413163,1.048446193501768,4999,True,5,0.2546757158891402,5
CHRobinson,M15,TrendFollowing,"fast=34,slow=89",0.2653234661341042,0.5140243902439025,0.17387876680305975,1.0457442147241354,4999,True,5,0.26252848242680926,5
CHRobinson,M15,TrendFollowing,"fast=50,slow=200",-0.11700511328886876,0.5123983739837399,-0.07667516894388686,0.9804708884048969,4999,True,4,0.19621916814358165,5
CabotOil&Gas,H1,MeanReversion,"window=20,z=1.5",0.4696201873689636,0.5128983308042488,0.4296474332376046,1.1621386738284472,1356,True,5,0.19295317350273367,5
CabotOil&Gas,H1,MeanReversion,"window=50,z=1.5",0.1642587483527005,0.5085714285714286,0.14672882247582245,1.0530082729340073,1443,True,5,0.19185389860738666,5
CabotOil&Gas,H1,MeanReversion,"window=100,z=1.5",0.4185985493093315,0.5154215215901302,0.34207029547891077,1.1298606986297315,1503,True,4,0.1570760903628079,5
CabotOil&Gas,H1,MeanReversion,"window=20,z=1.75",0.2710640469409594,0.5304878048780488,0.30312044492482215,1.1427802039868242,851,True,4,0.14465446338559462,5
CabotOil&Gas,H1,MeanReversion,"window=50,z=1.75",-0.0051054003090149624,0.5010752688172043,-0.005362770433606578,0.9976628481853396,958,True,5,0.08975376074273334,5
CabotOil&Gas,H1,MeanReversion,"window=100,z=1.75",0.0456624919702433,0.5076452599388379,0.04685903907764182,1.0199335734687645,1009,True,4,0.10824496534840089,5
CabotOil&Gas,H1,MeanReversion,"window=50,z=2.0",0.10501666248352692,0.5277280858676208,0.1370531129750396,1.0802169714773167,575,True,5,0.10681272163468758,5
CabotOil&Gas,H1,MeanReversion,"window=20,z=2.25",-0.07700480154606482,0.4924812030075188,-0.15771767344438845,0.8961969800621573,274,True,4,0.0179396833447516,5
CabotOil&Gas,H1,MeanReversion,"window=50,z=2.25",-0.046774402898542955,0.5263157894736842,-0.06932884297210165,0.9473204894673649,330,True,4,0.04275428137472348,5
CabotOil&Gas,H1,MeanReversion,"window=50,z=2.5",-0.04107527893883023,0.5025906735751295,-0.08616487556464472,0.9259023693497,198,True,4,0.04129617922432749,5
CabotOil&Gas,H4,MeanReversion,"window=50,z=1.5",1.1946047827400874,0.516248153618907,0.4402350547356346,1.1700747883005764,1391,True,5,0.3509013575648334,5
CabotOil&Gas,H4,MeanReversion,"window=100,z=1.5",1.4236564381273569,0.5305660377358491,0.5343724481636812,1.212938257608366,1351,True,4,0.22223200609877436,5
CabotOil&Gas,H4,MeanReversion,"window=50,z=1.75",0.8860552845683826,0.5208768267223383,0.39633188362358135,1.1814267653073511,984,True,4,0.22316733484797346,5
CabotOil&Gas,M15,VolatilityExpansion,"ema=20,mult=1.5",-0.12401770851271599,0.49743260590500643,-0.1740206018988803,0.9411450498704473,1668,True,4,0.059315635337804595,5
CabotOil&Gas,M15,VolatilityExpansion,"ema=20,mult=2.0",-0.1395664996792887,0.5106609808102346,-0.2510644957146415,0.8983163191071213,991,True,4,0.11624255592997546,5
CabotOil&Gas,M15,VolatilityExpansion,"ema=50,mult=3.0",-0.12196058458006132,0.4954356846473029,-0.20528525401393888,0.9222898315572126,1291,True,4,0.06312064647198756,5
CabotOil&Gas,M15,VolatilityExpansion,"ema=50,mult=3.5",-0.178588387729108,0.49138920780711826,-0.3654102020837723,0.8501354618223239,932,True,4,0.07515871372141014,5
CapitalOne,H1,MeanReversion,"window=100,z=1.75",0.03772037431595132,0.5091575091575091,0.03333186575562813,1.013445862493676,1102,True,5,0.10933826498544985,5
CapitalOne,H4,MeanReversion,"window=50,z=2.75",0.15369928616201067,0.5546218487394958,0.228518618606992,1.2857728557702195,121,True,4,0.09730149829231527,5
CapitalOne,H4,VolatilityExpansion,"ema=20,mult=1.5",0.11129232527064414,0.48872180451127817,0.032876635184055265,1.0117692837607881,1738,True,4,0.8186749970661157,5
CapitalOne,H4,VolatilityExpansion,"ema=20,mult=2.0",-0.11209140941854245,0.47714285714285715,-0.04235999067897835,0.9806958315645843,1056,True,4,0.48895545510203187,5
CapitalOne,H4,VolatilityExpansion,"ema=50,mult=3.0",-0.47152963141847537,0.46895424836601307,-0.16665546999159656,0.9315187398652869,1233,True,4,0.5303126459968595,5
CapitalOne,M15,MeanReversion,"window=20,z=1.75",0.195984778656485,0.523093447905478,0.2874407029658712,1.1497836186241615,935,True,4,0.1347480970040772,5
CapitalOne,M15,MeanReversion,"window=20,z=2.0",0.1432529116529646,0.5163398692810458,0.23529239705370733,1.149782295738371,613,True,4,0.112366828020671,5
CapitalOne,M15,MeanReversion,"window=20,z=2.5",0.11641460879737109,0.548936170212766,0.25701763288831553,1.2701221875986222,235,True,4,0.04057041785621851,5
CapitalOne,M15,MeanReversion,"window=20,z=2.75",0.07244111462031289,0.5422535211267606,0.17322171429017655,1.231647989527215,142,True,4,0.06474034889681668,5
CapriHoldings,H1,MeanReversion,"window=50,z=2.25",0.028263424312598984,0.5361111111111111,0.027652779315172547,1.0222119547037456,368,True,4,0.060268307731959125,5
CapriHoldings,H1,TrendFollowing,"fast=8,slow=21",0.6273422896675392,0.4947455182361426,0.13011151756016015,1.0398669305338195,4999,True,4,0.383454986828615,5
CapriHoldings,H1,TrendFollowing,"fast=10,slow=30",0.35194891690547936,0.4998969709458067,0.07299293261908416,1.0221719614439941,4999,True,4,0.31067873789067457,5
CapriHoldings,H1,TrendFollowing,"fast=13,slow=34",0.22074700456837426,0.4963939831032351,0.045781836823990577,1.013849311619888,4999,True,4,0.18733363015278992,5
CapriHoldings,H4,MeanReversion,"window=20,z=2.25",-0.15094947729874408,0.5144694533762058,-0.08773479683938759,0.932769489775832,313,True,4,0.05508396799440329,5
CapriHoldings,H4,MeanReversion,"window=50,z=2.25",-0.004334335706972947,0.5247252747252747,-0.0017639037664624428,0.9985411501927528,365,True,5,0.16122180723617308,5
CapriHoldings,H4,MeanReversion,"window=20,z=2.5",-0.07576617858961121,0.4863013698630137,-0.06586971267199614,0.9188331418718658,148,True,4,0.08754907270191126,5
CapriHoldings,H4,TrendFollowing,"fast=50,slow=200",-0.017076361053701472,0.5008061265618702,-0.002035521087970629,0.9995212690725768,4999,True,4,1.1876441356677754,5
CapriHoldings,M15,MeanReversion,"window=50,z=1.5",0.3491386408897399,0.5049961568024597,0.31268349005434,1.1160563526781608,1366,True,5,0.2726775195404616,5
CapriHoldings,M15,MeanReversion,"window=100,z=1.5",0.6195037930042782,0.5149617258176757,0.5283911092101843,1.202108874302547,1515,True,5,0.32994502576314055,5
CapriHoldings,M15,MeanReversion,"window=50,z=1.75",0.2317485928742743,0.5076923076923077,0.23502157664092868,1.103793012707475,950,True,4,0.179144926965618,5
CapriHoldings,M15,MeanReversion,"window=100,z=1.75",0.365661411877538,0.5209397344228804,0.3700724801364713,1.1651974353177657,1029,True,5,0.2938855865507045,5
CapriHoldings,M15,MeanReversion,"window=50,z=2.0",0.21403299168579137,0.5298245614035088,0.2696655155279053,1.1526531003591194,596,True,5,0.1992668063223475,5
CapriHoldings,M15,MeanReversion,"window=100,z=2.0",0.19829398059894865,0.5156482861400894,0.2526708508882532,1.1281036804198779,705,True,4,0.13058849629952762,5
CapriHoldings,M15,MeanReversion,"window=50,z=2.25",0.18887250590899107,0.5360230547550432,0.30713064573327503,1.222618261670474,362,True,5,0.20662673595922132,5
CapriHoldings,M15,MeanReversion,"window=20,z=2.5",0.07674000917852652,0.5073891625615764,0.12355588911966803,1.1110654472883894,211,True,5,0.13224147098542272,5
CapriHoldings,M15,MeanReversion,"window=50,z=2.5",0.1218345583528826,0.5481171548117155,0.22504731610369486,1.1985433621617885,249,True,4,0.1550599278043272,5
CapriHoldings,M15,MeanReversion,"window=20,z=2.75",0.09010553532543752,0.5206611570247934,0.17190640564156526,1.2179819016788924,127,True,4,0.12744967903911497,5
CharlesSchwab,H1,TrendFollowing,"fast=8,slow=21",0.22955256222900078,0.4976649746192893,0.09175341453621476,1.0205443998432762,4999,True,4,0.23336576964290467,5
CharlesSchwab,H1,TrendFollowing,"fast=21,slow=55",0.6015693800380918,0.5029441624365483,0.2404741462581458,1.0547504538546608,4999,True,5,0.28668723060354273,5
CharlesSchwab,H1,TrendFollowing,"fast=34,slow=89",0.7114641736759094,0.5110659898477158,0.284417017867491,1.0650777237043096,4999,True,5,0.3405134491474574,5
CharlesSchwab,H1,TrendFollowing,"fast=50,slow=200",0.4165806539234186,0.5072081218274112,0.1665159457661099,1.0375976274071883,4999,True,4,0.5044540687163771,5
CharlesSchwab,H1,VolatilityExpansion,"ema=50,mult=1.5",0.35735363540469434,0.502962704775183,0.17601450488513515,1.0537721731031684,2908,True,4,0.17107679880985116,5
CharlesSchwab,H1,VolatilityExpansion,"ema=50,mult=2.0",0.3420146478923366,0.5013368983957219,0.1796678652860362,1.063965408279741,2278,True,4,0.207830559565932,5
CharlesSchwab,H1,VolatilityExpansion,"ema=20,mult=3.5",0.21040671689637147,0.5273972602739726,0.28953064886090285,1.4431804690002423,145,True,4,0.02435730844108419,5
CharlesSchwab,M15,MeanReversion,"window=100,z=1.5",0.37652836921507904,0.5219672131147541,0.7318318235137079,1.3189973686813865,1567,True,4,0.020443488973141744,5
CharlesSchwab,M15,MeanReversion,"window=100,z=1.75",0.36578977610073116,0.5339506172839507,0.8944152620296305,1.5127427844479533,999,True,4,0.05505145041724646,5
CharlesSchwab,M15,MeanReversion,"window=100,z=2.0",0.2448853818339477,0.531986531986532,0.6787429149425233,1.5078758857642063,608,True,4,0.04797811728158119,5
CharlesSchwab,M15,MeanReversion,"window=20,z=2.5",0.008049920486973172,0.4803921568627451,0.02862458842872253,1.0264549960160374,206,True,4,0.014890812818268984,5
CharlesSchwab,M15,VolatilityExpansion,"ema=20,mult=1.5",-0.2373376683446251,0.4898373983739837,-0.3719839995470481,0.8589684607321618,1512,True,4,0.032206518451437405,5
CheckPoint,H1,MeanReversion,"window=20,z=1.5",0.9449359205046409,0.5420110192837465,0.9321945512395846,1.3678893035385709,1457,True,4,0.15982950168124743,5
CheckPoint,H1,MeanReversion,"window=100,z=1.5",0.24006185798361246,0.4993169398907104,0.2146987162642205,1.0796342281182099,1474,True,4,0.08075263904691976,5
CheckPoint,H1,MeanReversion,"window=100,z=1.75",0.3277891019128387,0.5024679170779862,0.36140138812460143,1.1566489189265234,1018,True,4,0.050177105519579435,5
CheckPoint,H1,MeanReversion,"window=20,z=2.0",0.42438304662059523,0.5609756097560976,0.6616146053197981,1.4286860586342196,534,True,4,0.11362416054349433,5
CheckPoint,H4,MeanReversion,"window=20,z=1.5",0.8858235957274058,0.5171428571428571,0.4764840845951786,1.182595627887832,1409,True,5,0.5074872962299855,5
CheckPoint,H4,MeanReversion,"window=20,z=1.75",0.4420992702109343,0.5040840140023337,0.2964342888383471,1.1427280651296892,862,True,4,0.13419392218778226,5
CheckPoint,H4,MeanReversion,"window=100,z=1.75",0.4650397493247844,0.5103448275862069,0.2738715876422821,1.1228615134956208,1017,True,4,0.10455455815140635,5
CheckPoint,H4,MeanReversion,"window=20,z=2.0",0.2903684016387321,0.5251937984496124,0.24404087543104433,1.150606827397556,518,True,4,0.17281431006521397,5
CheckPoint,H4,MeanReversion,"window=50,z=2.0",0.2265175061619905,0.509771986970684,0.18367556662827839,1.1001196123940304,614,True,4,0.165716092151874,5
CheckPoint,H4,MeanReversion,"window=50,z=2.25",0.03535577727555017,0.4896373056994819,0.033268188378439645,1.0219868669308627,386,True,4,0.10913291231398337,5
CheckPoint,H4,MeanReversion,"window=50,z=2.5",0.05515551247460926,0.5023041474654378,0.0700106609396243,1.060427333742649,217,True,4,0.07221119094850792,5
CheckPoint,H4,MeanReversion,"window=100,z=2.5",0.17453731219746005,0.5092936802973977,0.18300742196800523,1.15003135912635,269,True,5,0.09499533560588291,5
CheckPoint,H4,TrendFollowing,"fast=50,slow=200",-0.8337644357071468,0.5006041079339508,-0.23751975575173748,0.9550656859543092,4999,True,4,0.6641949009474871,5
CheckPoint,M15,MeanReversion,"window=20,z=1.5",0.5945053701401442,0.543939393939394,0.7794119559531764,1.3502023455234007,1368,True,5,0.1367658820784543,5
CheckPoint,M15,MeanReversion,"window=50,z=1.5",0.6102671229653504,0.5309168443496801,0.8091010011268356,1.3555018444848395,1477,True,4,0.14474299773896315,5
CheckPoint,M15,MeanReversion,"window=100,z=1.5",0.4107129424306274,0.5137481910274964,0.6275222614517465,1.2410622920749959,1438,True,5,0.09947023694326695,5
CheckPoint,M15,MeanReversion,"window=20,z=1.75",0.5201042861837207,0.5482062780269058,0.8229122030159902,1.4524765679523077,919,True,5,0.1707607652431239,5
CheckPoint,M15,MeanReversion,"window=50,z=1.75",0.47890880481432074,0.5508196721311476,0.7663329104330413,1.4244004590562926,948,True,4,0.17309001030452364,5
CheckPoint,M15,MeanReversion,"window=100,z=1.75",0.27713871972069537,0.5112540192926045,0.5009366914468243,1.2335148701688503,965,True,4,0.07907957307981828,5
CheckPoint,M15,MeanReversion,"window=20,z=2.0",0.3662766084521285,0.5613718411552346,0.7960892682487599,1.519251368953,568,True,5,0.12445458401639353,5
CheckPoint,M15,MeanReversion,"window=50,z=2.0",0.3629095425156773,0.5621716287215411,0.6487872804226285,1.480412457320448,591,True,4,0.12623018516602202,5
CheckPoint,M15,MeanReversion,"window=100,z=2.0",0.16509568624345983,0.5083333333333333,0.35264114317168593,1.2081406050702435,622,True,4,0.050176456258624436,5
CheckPoint,M15,MeanReversion,"window=20,z=2.25",0.288773387908028,0.5771604938271605,0.7667463078865424,1.6959646142849822,332,True,5,0.12019322736308391,5
CheckPoint,M15,MeanReversion,"window=50,z=2.25",0.21153529346629962,0.5714285714285714,0.5282308712227739,1.445108525700579,358,True,4,0.08426214011838062,5
CheckPoint,M15,MeanReversion,"window=100,z=2.25",0.15622546447035957,0.5417867435158501,0.3790061937132936,1.3104932194565473,359,True,4,0.04527716929880088,5
CheckPoint,M15,MeanReversion,"window=20,z=2.5",0.16083053089846966,0.5585106382978723,0.5110441165417727,1.598554986675057,190,True,5,0.08759724686095993,5
CheckPoint,M15,MeanReversion,"window=50,z=2.5",0.19931729128565745,0.5902439024390244,0.5807315082027313,1.7062982431893354,207,True,4,0.07332550715482478,5
CheckPoint,M15,MeanReversion,"window=20,z=2.75",0.09565944269525184,0.5643564356435643,0.3725094661553783,1.6312867716069845,102,True,4,0.047357892555600745,5
DentsplySirona,H1,MeanReversion,"window=50,z=1.5",0.39926833799872097,0.510726643598616,0.23243574134144904,1.097094044506531,1501,True,4,0.2771063413280256,5
DentsplySirona,H1,MeanReversion,"window=20,z=1.75",0.556596384391224,0.5296208530805687,0.3995069590918225,1.230041611269764,872,True,5,0.22155724225847306,5
DentsplySirona,H1,MeanReversion,"window=50,z=1.75",0.30208671093376693,0.5025125628140703,0.19168667456595156,1.1012368706722704,1025,True,4,0.2420650161415424,5
DentsplySirona,H1,MeanReversion,"window=50,z=2.0",0.22565925860972502,0.509090909090909,0.15855412143960498,1.108461977839971,680,True,4,0.20040412493963855,5
DentsplySirona,H1,MeanReversion,"window=20,z=2.5",-0.012140118376706588,0.48633879781420764,-0.0169801041977399,0.9830273033233574,184,True,4,0.07732152031771966,5
DentsplySirona,H1,MeanReversion,"window=20,z=2.75",-0.04125412107657045,0.5050505050505051,-0.07059469240021894,0.9083416172954996,100,True,4,0.020585236923175043,5
DentsplySirona,H4,TrendFollowing,"fast=5,slow=20",-1.3074680795279128,0.5003039513677812,-0.27906376849503406,0.9440173596240745,4999,True,5,1.0878628036661409,5
DentsplySirona,H4,TrendFollowing,"fast=8,slow=21",-0.676713584101975,0.500709219858156,-0.14442025941367206,0.9706281220590033,4999,True,4,1.0009035315751003,5
DentsplySirona,H4,TrendFollowing,"fast=34,slow=89",0.7602939670525323,0.5098277608915907,0.16225925790517595,1.0340618189631359,4999,True,4,0.9561750139983917,5
DentsplySirona,H4,TrendFollowing,"fast=50,slow=200",1.0750153030231508,0.5073961499493415,0.2294379549278156,1.048503548357307,4999,True,4,0.7000372970637375,5
DentsplySirona,H4,VolatilityExpansion,"ema=50,mult=2.0",-0.6440715001748202,0.49930651872399445,-0.21268412188809802,0.9386065935265698,2183,True,4,0.42024284090624586,5
DentsplySirona,H4,VolatilityExpansion,"ema=20,mult=2.5",-0.12909259169382914,0.48851774530271397,-0.08592772812123921,0.9491209301565086,484,True,4,0.22708273107469523,5
DentsplySirona,M15,MeanReversion,"window=20,z=1.5",0.17192548504094463,0.5220713073005093,0.1654293400598888,1.0714973320169408,1299,True,4,0.060214076681467166,5
DentsplySirona,M15,MeanReversion,"window=100,z=1.5",0.2334199869992628,0.5032444124008651,0.20668626882482868,1.0892528963019954,1540,True,4,0.18802378711274215,5
DentsplySirona,M15,MeanReversion,"window=20,z=1.75",0.2309253294801884,0.5168539325842697,0.26006241422390225,1.140059715167456,882,True,4,0.1141103510406285,5
DentsplySirona,M15,MeanReversion,"window=50,z=1.75",0.39839157437114725,0.5251396648044693,0.40037172482075617,1.2431521450215244,992,True,4,0.25050086281554707,5
DentsplySirona,M15,MeanReversion,"window=20,z=2.0",0.3101414206822001,0.5339805825242718,0.38940856025367765,1.2912853207583042,570,True,5,0.12030853126225882,5
DentsplySirona,M15,MeanReversion,"window=50,z=2.0",0.12209706887131688,0.5122377622377622,0.1769950190438149,1.1055266871271041,637,True,4,0.04781497498071474,5
DentsplySirona,M15,MeanReversion,"window=20,z=2.25",0.16201211100444168,0.5566666666666666,0.23055051803294796,1.226449422101166,329,True,4,0.10516091019046814,5
DentsplySirona,M15,MeanReversion,"window=50,z=2.25",0.1601852882103011,0.5591715976331361,0.2661213051268061,1.2191504622844085,371,True,4,0.04661873484585499,5
DentsplySirona,M15,MeanReversion,"window=20,z=2.5",0.08155893738016584,0.5706214689265536,0.12576501419893912,1.1585981694091565,188,True,4,0.07058556473160649,5
DentsplySirona,M15,MeanReversion,"window=50,z=2.5",0.10291360777052672,0.5656108597285068,0.1940442704581144,1.1963359177011812,235,True,4,0.037080072275919806,5
DentsplySirona,M15,MeanReversion,"window=20,z=2.75",0.12143807379188776,0.6036036036036037,0.2046231634032875,1.3711308065685626,116,True,4,0.07280229378865899,5
DiscoverFinancial,H1,MeanReversion,"window=50,z=1.5",0.03746582442282065,0.5,0.023745412741951827,1.0090497816327304,1503,True,4,0.15762543089728465,5
DiscoverFinancial,H1,MeanReversion,"window=100,z=1.75",-0.14050461300870554,0.506140350877193,-0.10376465563060121,0.9574595481990726,1144,True,4,0.0378205716435025,5
DiscoverFinancial,H1,MeanReversion,"window=100,z=2.0",-0.04055060005919109,0.5156445556946183,-0.03476087816782671,0.9827621468982527,801,True,4,0.05476432090784833,5
DiscoverFinancial,H4,TrendFollowing,"fast=5,slow=20",0.21242239684112219,0.4975767366720517,0.03849992143764188,1.00833723141204,4999,True,4,0.6444935563929509,5
DiscoverFinancial,H4,TrendFollowing,"fast=8,slow=21",-0.14191897957468635,0.49959612277867527,-0.02572167882056665,0.9944683773459596,4999,True,4,0.6266428292021805,5
DiscoverFinancial,H4,TrendFollowing,"fast=10,slow=30",-0.12112402714202575,0.4977786752827141,-0.0219527523521099,0.9952769949605791,4999,True,4,0.14118543648916415,5
DiscoverFinancial,H4,VolatilityExpansion,"ema=20,mult=3.0",0.17639621786812254,0.5031645569620253,0.10658706144030783,1.0934264733778785,319,True,4,0.07106967889957005,5
DiscoverFinancial,M15,VolatilityExpansion,"ema=20,mult=2.0",-0.01612701058791266,0.508994708994709,-0.019053811500351767,0.9907680091036033,949,True,4,0.07187517099684626,5
DiscoverFinancial,M15,VolatilityExpansion,"ema=20,mult=2.5",0.0645161864949535,0.5101663585951941,0.09123500603724276,1.0611862937198446,543,True,4,0.07743506402180012,5
DiscoverFinancial,M15,VolatilityExpansion,"ema=50,mult=3.5",-0.12185946115484614,0.49126413155190135,-0.15783906288713323,0.9283425895048035,977,True,4,0.10290609142044971,5
DollarGeneral,H1,MeanReversion,"window=20,z=2.25",0.27348888906848734,0.5303514376996805,0.2812994458943138,1.3241981860501926,313,True,4,0.08756866104042471,5
DollarGeneral,H1,TrendFollowing,"fast=50,slow=200",1.0528708470828674,0.5064490124949617,0.35882608226026985,1.0858794838377022,4999,True,5,0.9296806492715725,5
DollarGeneral,H1,VolatilityExpansion,"ema=20,mult=1.5",0.11461870651172801,0.5,0.08074985987781158,1.0270768455850825,1611,True,4,0.4564320786232716,5
DollarGeneral,H1,VolatilityExpansion,"ema=50,mult=1.5",0.07811969753992642,0.5015985790408526,0.03892552913654785,1.0107723367046846,2834,True,4,0.48111010214557515,5
DollarGeneral,H1,VolatilityExpansion,"ema=20,mult=2.0",0.07094820811938829,0.49038461538461536,0.06121639059282453,1.0266218876234516,944,True,4,0.2775894822903756,5
DollarGeneral,H1,VolatilityExpansion,"ema=50,mult=2.0",0.11449049271626832,0.5004578754578755,0.06265971862204038,1.0200918306783389,2200,True,4,0.4084872953578321,5
DollarGeneral,H1,VolatilityExpansion,"ema=50,mult=2.5",0.2901752916110337,0.5027455765710799,0.1877253627407743,1.0692035819932066,1653,True,4,0.3237501825340895,5
DollarGeneral,H1,VolatilityExpansion,"ema=50,mult=3.0",0.13014334400792227,0.508585445625511,0.10833915914175961,1.0410097686999407,1234,True,4,0.27070582652338504,5
DollarGeneral,H4,MeanReversion,"window=20,z=1.5",0.9218475096014952,0.5374823196605375,0.4429301936615883,1.173723832970619,1420,True,4,0.280324632054355,5
DollarGeneral,H4,MeanReversion,"window=20,z=1.75",0.763100424486027,0.5339168490153173,0.47843162470288286,1.237331508284929,919,True,4,0.23993910420685205,5
DollarGeneral,H4,MeanReversion,"window=20,z=2.25",0.2821672336278862,0.5306859205776173,0.33588936620264465,1.301248530967207,276,True,4,0.11916823473046323,5
DollarGeneral,H4,MeanReversion,"window=20,z=2.5",0.08588935770930539,0.5655737704918032,0.16465184248982556,1.2050612414633084,121,True,4,0.05912713595592123,5
DollarGeneral,H4,TrendFollowing,"fast=8,slow=21",0.14916209778225342,0.4980889157111245,0.034415293604262806,1.0072911199860148,4999,True,4,0.4431718472850048,5
DollarGeneral,H4,VolatilityExpansion,"ema=50,mult=1.5",-0.13436962617467152,0.49587073608617593,-0.04267440432128392,0.9881932422588964,2800,True,4,0.42800610399973016,5
DollarGeneral,M15,TrendFollowing,"fast=10,slow=30",0.10693494081832278,0.5012274959083469,0.07742319201584556,1.0173486032261703,4999,True,4,0.19609882606030238,5
DollarGeneral,M15,TrendFollowing,"fast=13,slow=34",0.16090419753749463,0.5036824877250409,0.11649984397669914,1.026219095588042,4999,True,4,0.23544112365263892,5
DollarGeneral,M15,TrendFollowing,"fast=21,slow=55",0.12485839308222124,0.5016366612111293,0.09040054680819383,1.0202859105223023,4999,True,5,0.25879512193058585,5
DollarGeneral,M15,TrendFollowing,"fast=34,slow=89",0.1522300916346847,0.5030687397708674,0.11021919926435181,1.024788144968491,4999,True,4,0.23260338855190954,5
DollarGeneral,M15,TrendFollowing,"fast=50,slow=200",0.08121794253156545,0.4971358428805237,0.0588032373607474,1.0131489727835257,4999,True,5,0.1831009282410817,5
DollarGeneral,M15,VolatilityExpansion,"ema=20,mult=1.5",-0.025903743513485233,0.505091649694501,-0.030169754024728854,0.9880723365654739,1506,True,4,0.22902338655408205,5
DollarGeneral,M15,VolatilityExpansion,"ema=50,mult=1.5",-0.15618219303857772,0.4946036471901749,-0.15455277295789357,0.9564639513260283,2741,True,4,0.19286214212521835,5
DollarGeneral,M15,VolatilityExpansion,"ema=20,mult=3.0",0.006993499228453937,0.5155038759689923,0.012463747776872532,1.012677573316505,259,True,4,0.11417546887528496,5
DollarGeneral,M15,VolatilityExpansion,"ema=20,mult=3.5",0.05147038657450764,0.5066666666666667,0.1370462103535832,1.1660604864321287,149,True,5,0.0742139409736835,5
DollarTree,H1,MeanReversion,"window=100,z=2.0",0.07889550042392823,0.4760522496371553,0.05498904095048238,1.0363039007004187,691,True,4,0.14816328276150081,5
DollarTree,H1,TrendFollowing,"fast=34,slow=89",1.362550078626409,0.5213451469995972,0.4518335749468192,1.1033669008739304,4999,True,4,0.5597984177659423,5
DollarTree,H1,TrendFollowing,"fast=50,slow=200",1.1584919917411067,0.5231574708014498,0.38412299991218163,1.0872114425084782,4999,True,4,0.6086301975348722,5
DollarTree,H4,MeanReversion,"window=20,z=2.25",0.4916710012404367,0.5243055555555556,0.3982008237725697,1.43276314320239,287,True,4,0.3150047648000166,5
DollarTree,H4,MeanReversion,"window=20,z=2.5",0.3989616905201909,0.5496688741721855,0.3952635006423972,1.7249714185611216,150,True,5,0.36816782592562414,5
DollarTree,H4,TrendFollowing,"fast=8,slow=21",1.3993552487462995,0.5168878166465621,0.27050159565965304,1.060856323032806,4999,True,4,1.5731905599254463,5
DollarTree,H4,TrendFollowing,"fast=10,slow=30",2.109520062298835,0.5197024527543225,0.40785498633915007,1.093179448226731,4999,True,5,2.109003293247324,5
DollarTree,H4,TrendFollowing,"fast=13,slow=34",1.6371959626240828,0.5172899075190993,0.31649421443261094,1.071569875937301,4999,True,5,1.8686027944952355,5
DollarTree,H4,TrendFollowing,"fast=21,slow=55",1.0331680160513579,0.5142742259750703,0.19970278355603313,1.0445763283603484,4999,True,4,1.3978719759732097,5
DollarTree,H4,TrendFollowing,"fast=34,slow=89",-0.19383672789023865,0.5052271813429835,-0.03746416652601717,0.991852520771762,4999,True,5,1.185993385338329,5
DollarTree,H4,TrendFollowing,"fast=50,slow=200",-0.6718500067068389,0.5016083634901488,-0.12985708641515953,0.9720412130266737,4999,True,4,0.5643873582950781,5
DollarTree,M15,MeanReversion,"window=50,z=1.5",0.19728340453723636,0.5,0.27311667319667227,1.1000556569728008,1445,True,4,0.042100865471781046,5
DollarTree,M15,MeanReversion,"window=20,z=2.25",-0.055294636624368176,0.4987146529562982,-0.11335934787221437,0.9301745617603713,390,True,4,0.02039351293567504,5
EOGResources,H1,MeanReversion,"window=20,z=1.75",0.20650897163766713,0.5156081808396125,0.25025327670313524,1.1096368299004247,937,True,4,0.03475457429461126,5
EOGResources,H1,MeanReversion,"window=20,z=2.25",0.1869846566262986,0.5429553264604811,0.3988498185110235,1.3136760529217109,295,True,4,0.038432905696737185,5
EOGResources,H1,MeanReversion,"window=50,z=2.75",0.08928683810724447,0.5423728813559322,0.3073467772452642,1.3762485520033152,118,True,4,0.04108661227021382,5
EOGResources,H1,TrendFollowing,"fast=8,slow=21",0.688009913253005,0.5076643807987091,0.33277173958259615,1.0658804383075484,4999,True,4,0.3178076393634808,5
EOGResources,H1,TrendFollowing,"fast=10,slow=30",0.3614124653140397,0.5052440500201695,0.17477760145468357,1.0340742679329504,4999,True,4,0.25017006136281816,5
EOGResources,H1,TrendFollowing,"fast=13,slow=34",0.29300175423216357,0.509076240419524,0.14169151521630816,1.0275356491995424,4999,True,4,0.3020720499764644,5
EOGResources,H4,MeanReversion,"window=20,z=2.0",0.12701691928173064,0.5364891518737672,0.07706168229411761,1.0468244417901371,511,True,4,0.22664127748547402,5
EOGResources,H4,MeanReversion,"window=50,z=2.0",0.6416983112769302,0.5058043117744611,0.3345917986795362,1.1995806002929086,603,True,4,0.23109039289590683,5
EOGResources,H4,MeanReversion,"window=20,z=2.25",0.09477834993965495,0.5241935483870968,0.08360202645863388,1.0759152278324202,250,True,4,0.13395288232585223,5
EOGResources,H4,MeanReversion,"window=50,z=2.5",0.2816149159050254,0.4947916666666667,0.2539924613101743,1.2566434829498057,192,True,4,0.05814536167640039,5
EOGResources,H4,MeanReversion,"window=100,z=2.5",0.5799028289385287,0.5198019801980198,0.4210589650703757,1.5188373724221438,202,True,4,0.183976329290221,5
EOGResources,H4,TrendFollowing,"fast=13,slow=34",0.2963516676550826,0.5024144869215291,0.05343521747070108,1.0107298825814315,4999,True,4,0.8087030532157558,5
EOGResources,H4,TrendFollowing,"fast=34,slow=89",-1.3356513477379934,0.4875251509054326,-0.240857871950123,0.9530283817097737,4999,True,4,0.33950122285283413,5
EOGResources,M15,MeanReversion,"window=50,z=1.5",0.2957508589853164,0.5460339943342776,0.5039156538162403,1.2030272261627017,1428,True,4,0.043159515713088625,5
EOGResources,M15,MeanReversion,"window=100,z=1.5",0.2883499806975752,0.5328467153284672,0.5023275703010025,1.198735379147493,1529,True,5,0.08878333897352575,5
EOGResources,M15,MeanReversion,"window=50,z=1.75",0.250999605911699,0.5407949790794979,0.5333735445918827,1.2460013203227813,967,True,4,0.055515192124609314,5
EOGResources,M15,MeanReversion,"window=100,z=1.75",0.15706383410537395,0.5481927710843374,0.3859281088166096,1.162901190798607,1010,True,5,0.09345682954374168,5
EOGResources,M15,MeanReversion,"window=50,z=2.0",0.23043198927032083,0.5590682196339434,0.5859423216089501,1.3510720723534848,607,True,4,0.039992221499895564,5
EOGResources,M15,MeanReversion,"window=100,z=2.0",0.09943154216262673,0.5384615384615384,0.2966085134888658,1.1596655786060486,630,True,5,0.04224420513616689,5
EOGResources,M15,MeanReversion,"window=100,z=2.25",0.04675402925620098,0.5301837270341208,0.16460452567710554,1.1110470016900473,385,True,4,0.03941157726135991,5
EOGResources,M15,MeanReversion,"window=20,z=2.5",0.09681737937979529,0.5267489711934157,0.29262150104665446,1.2644956779053904,244,True,4,0.025791449358327,5
ElectronicArts,H1,MeanReversion,"window=20,z=1.5",-0.08861103234283063,0.517363571934798,-0.10042332131772344,0.9622151273291513,1424,True,5,0.08971500472104388,5
ElectronicArts,H1,MeanReversion,"window=50,z=1.5",-0.2303104144134418,0.5112732095490716,-0.24249664876024332,0.9106415433423464,1530,True,4,0.06530242955594101,5
ElectronicArts,H1,MeanReversion,"window=50,z=1.75",-0.09768748564418706,0.5143422354104846,-0.13027679245311904,0.9432371043961298,1023,True,5,0.08466649448273267,5
ElectronicArts,H1,MeanReversion,"window=50,z=2.0",-0.08392794465519349,0.5178571428571429,-0.12849400932641625,0.9265365009906599,621,True,5,0.05732782896259914,5
ElectronicArts,H1,MeanReversion,"window=50,z=2.25",-0.10993559303406153,0.5135135135135135,-0.19932182314648483,0.8537694721480914,372,True,4,0.011826283514325686,5
ElectronicArts,H1,MeanReversion,"window=50,z=2.5",-0.08278255595622896,0.5518867924528302,-0.1754606809270687,0.8321403306233356,213,True,4,0.015352693201613588,5
ElectronicArts,H1,MeanReversion,"window=20,z=2.75",-0.02591466793136643,0.4803921568627451,-0.08334188434665253,0.8924251205004523,101,True,4,0.027976521937344345,5
ElectronicArts,H1,TrendFollowing,"fast=34,slow=89",0.1774209889436471,0.4983739837398374,0.09802723909326234,1.0232156594917183,4999,True,4,0.1567216978562188,5
ElectronicArts,H1,TrendFollowing,"fast=50,slow=200",0.06836876594969121,0.5065040650406504,0.03777395549589754,1.008882724177837,4999,True,4,0.224289033492184,5
ElectronicArts,H4,MeanReversion,"window=100,z=1.75",0.4692915971063851,0.5177713736791547,0.2438522831326422,1.1197023434208353,1051,True,4,0.2521045725808716,5
ElectronicArts,M15,MeanReversion,"window=20,z=1.5",0.24865776795462746,0.5600315955766193,0.5532701097206879,1.2549824917555146,1316,True,5,0.09705880689380453,5
ElectronicArts,M15,MeanReversion,"window=50,z=1.5",0.0880703981939337,0.5354046242774566,0.17300353656355147,1.0837765880091503,1439,True,4,0.03954839220280659,5
ElectronicArts,M15,MeanReversion,"window=20,z=1.75",0.15785303364751824,0.5639187574671446,0.40529918787611535,1.229240010200486,865,True,5,0.07440333008253974,5
ElectronicArts,M15,MeanReversion,"window=50,z=1.75",0.1099262851446936,0.5381263616557734,0.30802503618652083,1.1559468284245464,952,True,4,0.027975007325903523,5
ElectronicArts,M15,MeanReversion,"window=20,z=2.0",0.12250122220470905,0.5685557586837294,0.36410180574010415,1.2572543482833374,564,True,5,0.05792923504957925,5
ElectronicArts,M15,MeanReversion,"window=50,z=2.0",0.10733949890225647,0.5544388609715243,0.34501264064415965,1.221808272894847,617,True,4,0.03273521499523879,5
ElectronicArts,M15,MeanReversion,"window=20,z=2.25",0.08872263268555347,0.5669515669515669,0.319114952846488,1.2785475172645777,361,True,4,0.021791784034508765,5
ElectronicArts,M15,MeanReversion,"window=50,z=2.25",0.11336535229115041,0.5594936708860759,0.41693075087193865,1.3472989651933294,404,True,4,0.024365597267040906,5
ElectronicArts,M15,MeanReversion,"window=20,z=2.5",0.07667268351429246,0.6132075471698113,0.34605619800928206,1.3787895784547965,217,True,4,0.022788692124402377,5
ElectronicArts,M15,MeanReversion,"window=50,z=2.5",0.1070034333450689,0.5674603174603174,0.44744347499769527,1.492377253717071,257,True,4,0.017564314284615024,5
ElectronicArts,M15,MeanReversion,"window=50,z=3.0",0.09417407076821693,0.6407766990291263,0.5037228146309995,1.9598743149459918,105,True,4,0.01691994648462558,5
ElectronicArts,M15,TrendFollowing,"fast=34,slow=89",-0.10057293065352058,0.504817762882279,-0.09604536478487656,0.9720546868247221,4999,True,4,0.06912755190397835,5
EliLilly,H1,MeanReversion,"window=50,z=1.5",0.20186777803172629,0.500651890482399,0.13882383199550252,1.053392789087757,1533,True,4,0.21142848545411963,5
EliLilly,H1,MeanReversion,"window=50,z=1.75",0.23713233804064948,0.4944834503510532,0.21168939743728707,1.098690253535502,996,True,4,0.19651546185052948,5
EliLilly,H1,MeanReversion,"window=100,z=1.75",0.02231157259978145,0.4927536231884058,0.017448472853989948,1.0079754778227454,1034,True,4,0.11148126812834602,5
EliLilly,H1,MeanReversion,"window=50,z=2.0",-0.007253093886025241,0.4731182795698925,-0.00757950087317832,0.9958931110922544,650,True,4,0.08896017875895845,5
EliLilly,H1,MeanReversion,"window=100,z=2.0",0.21637865607367368,0.48859934853420195,0.20469439194696845,1.1271152581888233,613,True,4,0.09071233472870821,5
EliLilly,H1,MeanReversion,"window=50,z=2.5",0.1574105594574149,0.5,0.24004547124898834,1.2574347091195424,221,True,4,0.09091667294800809,5
EliLilly,M15,MeanReversion,"window=20,z=1.5",0.17154204664548345,0.5094066570188133,0.21559279025148093,1.0896424548491135,1387,True,5,0.12901028689125038,5
EliLilly,M15,MeanReversion,"window=50,z=1.5",-0.04090657331916303,0.4882471457353929,-0.05584568280415942,0.9799164393338751,1495,True,4,0.14413225817489206,5
EliLilly,M15,MeanReversion,"window=100,z=1.5",-0.3559179613228508,0.47434292866082606,-0.3507503609919168,0.8505825032371139,1607,True,4,0.08923628425070118,5
EliLilly,M15,MeanReversion,"window=20,z=1.75",0.21639515432892054,0.5112866817155757,0.3416323424037449,1.1747535862547298,888,True,4,0.054954544089256596,5
EliLilly,M15,MeanReversion,"window=50,z=1.75",0.07752522991232536,0.5061855670103093,0.11936689358881254,1.055502261789922,976,True,4,0.14192727574073338,5
EliLilly,M15,MeanReversion,"window=100,z=1.75",-0.19264130951622782,0.4672645739910314,-0.25598363726751605,0.8845382456457261,1119,True,5,0.09556990246094099,5
EliLilly,M15,MeanReversion,"window=50,z=2.0",0.0551708042024176,0.4945054945054945,0.09874078182735618,1.0558074968801572,640,True,4,0.10284863616035211,5
EliLilly,M15,MeanReversion,"window=100,z=2.0",-0.07747788423130542,0.47441217150760717,-0.13532726823213828,0.9292839207300306,725,True,4,0.07831992032351065,5
EliLilly,M15,MeanReversion,"window=50,z=2.25",0.045241920065416164,0.5012048192771085,0.10374574763396639,1.0677139871310664,414,True,4,0.09562514014989709,5
EliLilly,M15,MeanReversion,"window=100,z=2.75",0.056306086280664136,0.503030303030303,0.19616526618646712,1.2123835946686317,164,True,4,0.022238557228690947,5
EliLilly,M15,VolatilityExpansion,"ema=20,mult=3.5",-0.12491137849386225,0.4972067039106145,-0.3281220297233052,0.719187821697566,178,True,4,0.02507803892379179,5
FifthThird,H1,TrendFollowing,"fast=5,slow=20",0.08107819718184495,0.49157764995891534,0.03159516998777914,1.0068400528950068,4999,True,4,0.10270827077102007,5
FifthThird,H1,TrendFollowing,"fast=8,slow=21",0.42377437574622834,0.4969186524239934,0.16514824034141118,1.0362755372666532,4999,True,4,0.25174471846461954,5
FifthThird,H1,TrendFollowing,"fast=10,slow=30",0.357065138091721,0.4987674609695974,0.13914893600895417,1.0304781346840604,4999,True,4,0.20270181331056536,5
FifthThird,H1,VolatilityExpansion,"ema=20,mult=2.5",0.1779348979529668,0.4981684981684982,0.20627661644991216,1.133552457289169,559,True,4,0.06642391440416207,5
FifthThird,H1,VolatilityExpansion,"ema=20,mult=3.0",0.23133382762227717,0.5186440677966102,0.3085615491376432,1.3004575755521026,299,True,4,0.040248572993698106,5
FifthThird,H1,VolatilityExpansion,"ema=20,mult=3.5",0.16753551636088593,0.5064102564102564,0.24515327456017266,1.3405585582307995,157,True,4,0.050895771418129176,5
FifthThird,H4,TrendFollowing,"fast=5,slow=20",0.17343190742273684,0.49327902240325866,0.03388526416870283,1.00699897405977,4999,True,4,0.8584637794800714,5
FifthThird,H4,TrendFollowing,"fast=8,slow=21",0.12130880890159301,0.49368635437881875,0.02370138409181255,1.0048903641597386,4999,True,4,0.9867879363590706,5
FifthThird,H4,TrendFollowing,"fast=10,slow=30",0.09977254864952667,0.5028513238289206,0.01949361028121992,1.0040204201559635,4999,True,4,1.0761020886322274,5
FifthThird,H4,TrendFollowing,"fast=21,slow=55",0.41161407783510384,0.4991853360488798,0.080422335259887,1.0166912114296722,4999,True,5,1.0898082821112816,5
FifthThird,H4,TrendFollowing,"fast=34,slow=89",0.06028806366706019,0.49938900203665987,0.011779106286983376,1.0024274279802357,4999,True,4,1.1150591497160294,5
FifthThird,H4,TrendFollowing,"fast=50,slow=200",-0.0005065188363140294,0.5022403258655804,-9.896382805643834e-05,0.9999796305451638,4999,True,4,1.0323422302047032,5
FifthThird,H4,VolatilityExpansion,"ema=20,mult=1.5",-0.1384788974051825,0.4829647340107591,-0.04321628943568635,0.9844186073190334,1705,True,4,0.5200759796959378,5
FifthThird,H4,VolatilityExpansion,"ema=20,mult=2.0",0.6034569338702976,0.5055611729019212,0.22532239356805253,1.1170793241211259,1006,True,4,0.6525905889293789,5
FifthThird,H4,VolatilityExpansion,"ema=20,mult=2.5",0.18558499551724306,0.49633699633699635,0.08312816811206242,1.0587927923356006,551,True,4,0.40459769272103807,5
FifthThird,H4,VolatilityExpansion,"ema=50,mult=2.5",-0.07001671935493747,0.48286052009456265,-0.020444956854502986,0.9922659500402031,1719,True,5,1.0000073639409233,5
FifthThird,H4,VolatilityExpansion,"ema=50,mult=3.0",0.007850721322927301,0.4837925445705024,0.002554484883070278,1.0011640392025996,1256,True,4,0.7812907854319228,5
FifthThird,M15,MeanReversion,"window=20,z=1.5",-0.05608393327708605,0.5109204368174727,-0.08822999417477936,0.9645341345212775,1339,True,4,0.05919522853377679,5
FifthThird,M15,MeanReversion,"window=20,z=1.75",0.016560957724065517,0.5048076923076923,0.03032399819789813,1.015180647074776,862,True,4,0.028398741958736373,5
FifthThird,M15,MeanReversion,"window=20,z=2.0",0.11015958147623295,0.5154440154440154,0.23378406779285596,1.1635898786641594,534,True,4,0.04148351053806698,5
FifthThird,M15,MeanReversion,"window=50,z=2.0",-0.013700435461261207,0.486159169550173,-0.03888294245770417,0.9797405948883051,601,True,4,0.04774522670077885,5
FifthThird,M15,MeanReversion,"window=100,z=2.25",-0.07111968022716197,0.4838012958963283,-0.20563601402415413,0.8752345348329913,491,True,4,0.01767801372697808,5
FootLocker,H1,MeanReversion,"window=20,z=1.75",1.016174847386902,0.510662177328844,0.25089804790669457,1.301004370003091,908,True,4,0.2747205380878419,5
FootLocker,H1,MeanReversion,"window=50,z=1.75",0.1671915094695945,0.5040816326530613,0.07425717635337419,1.0416729209404514,1006,True,4,0.2573937364965656,5
FootLocker,H1,MeanReversion,"window=20,z=2.0",0.14239227557597856,0.508298755186722,0.12357894348865268,1.0752637336148205,492,True,4,0.08388538289498015,5
FootLocker,H1,MeanReversion,"window=50,z=2.25",0.3647116351323708,0.5680473372781065,0.19598827646455885,1.246298878593722,347,True,5,0.2328652020115085,5
FootLocker,H1,MeanReversion,"window=100,z=2.25",-0.1672220826882549,0.5011547344110855,-0.08675944390609949,0.9169609998772428,440,True,4,0.06271527889860462,5
FootLocker,H1,MeanReversion,"window=50,z=2.5",0.013553999906248282,0.5396825396825397,0.007987246283676174,1.0131216828542784,192,True,4,0.09004876007283591,5
FootLocker,H1,MeanReversion,"window=20,z=2.75",-0.005685344050585406,0.4810126582278481,-0.008402272665304479,0.9882280197607956,79,True,4,0.013190824199848405,5
FootLocker,H1,MeanReversion,"window=20,z=3.0",0.12018953572297164,0.5581395348837209,0.21230605273916328,1.5293128940771286,42,True,5,0.0631101616642118,5
FootLocker,H4,MeanReversion,"window=100,z=1.5",-0.2074199747775224,0.4935940660822657,-0.045174841650779465,0.9814936167798958,1500,True,4,0.10796221578904563,5
FootLocker,H4,TrendFollowing,"fast=34,slow=89",-0.1547675488136354,0.5043513458814005,-0.018804947140642212,0.9954612459070715,4999,True,4,0.9983743479060252,5
FootLocker,H4,TrendFollowing,"fast=50,slow=200",-1.5400500467755038,0.51183970856102,-0.18713581911393404,0.9557352167576914,4999,True,4,0.8808545581213587,5
FootLocker,H4,VolatilityExpansion,"ema=50,mult=3.5",-0.854208927855682,0.4896030245746692,-0.25366916595008226,0.8854360924617931,1074,True,4,0.8157763142383048,5
FootLocker,M15,MeanReversion,"window=20,z=1.5",1.5059268447118512,0.5223752151462995,0.38036677370317384,1.6266440417400452,1266,True,4,1.024956966332251,5
FootLocker,M15,MeanReversion,"window=50,z=1.5",1.3644234969891733,0.5254098360655738,0.343039631799438,1.5702994279669666,1365,True,5,1.0561948386566882,5
FootLocker,M15,MeanReversion,"window=50,z=1.75",0.5116323944685771,0.5094117647058823,0.47028578791818393,1.3149867724926172,929,True,4,0.27701997830402214,5
FootLocker,M15,MeanReversion,"window=50,z=2.0",0.24386537730028202,0.5018115942028986,0.32848358701922675,1.216870512683559,594,True,4,0.0962034119254861,5
FootLocker,M15,MeanReversion,"window=20,z=2.25",0.018149305753988876,0.5165165165165165,0.023296577037410893,1.018426341371016,352,True,4,0.04250142470089202,5
FootLocker,M15,MeanReversion,"window=20,z=3.25",0.12656874067024892,0.5434782608695652,0.36063144121352725,2.091955177869525,46,True,4,0.043389370855016596,5
FrasersGroup,H1,MeanReversion,"window=50,z=1.5",0.5042163047950443,0.5125368731563422,0.45532952392530524,1.1676252825772455,1443,True,5,0.19813393754662367,5
FrasersGroup,H1,MeanReversion,"window=100,z=1.5",0.6275763180917459,0.5162925416364953,0.517962503949124,1.2045813356594033,1486,True,4,0.14398335219583014,5
FrasersGroup,H1,MeanReversion,"window=20,z=1.75",0.3094596219485579,0.5230769230769231,0.32874164489741925,1.1570643987829545,886,True,4,0.14673975618138524,5
FrasersGroup,H1,MeanReversion,"window=50,z=1.75",0.3031483601598477,0.5176348547717843,0.31170581913233086,1.1340084403191542,1027,True,4,0.1453234984074262,5
FrasersGroup,H1,MeanReversion,"window=100,z=1.75",0.48462427016875853,0.5145728643216081,0.450255378319871,1.2130978164896038,1066,True,4,0.14044765930059278,5
FrasersGroup,H1,MeanReversion,"window=50,z=2.0",0.18986203591790174,0.5305466237942122,0.2317909032720427,1.1235821382296698,663,True,4,0.14304602881168005,5
FrasersGroup,H1,MeanReversion,"window=100,z=2.0",0.20267090195488757,0.510236220472441,0.23342718629640272,1.126178604835814,681,True,5,0.12711891947893839,5
FrasersGroup,H1,MeanReversion,"window=50,z=2.25",0.1984683042396591,0.5454545454545454,0.29623607495052634,1.2124819032064167,403,True,4,0.09034822689823363,5
FrasersGroup,H1,MeanReversion,"window=100,z=2.25",0.22891042870415335,0.511166253101737,0.3290224387161043,1.2239926015187959,432,True,5,0.1479741983357743,5
FrasersGroup,H4,MeanReversion,"window=20,z=1.5",1.3890989001856089,0.5294985250737463,0.42524365936194747,1.1877712539195633,1383,True,5,0.6851014004014029,5
FrasersGroup,H4,MeanReversion,"window=50,z=1.5",1.061436097295891,0.5325565455791638,0.3258458353440028,1.13937778070657,1495,True,4,0.7861808711327443,5
FrasersGroup,H4,MeanReversion,"window=50,z=1.75",0.9115066667009214,0.5404564315352697,0.3419390576165512,1.1754182062231813,984,True,4,0.7768352546092542,5
FrasersGroup,H4,MeanReversion,"window=100,z=2.0",-0.23294664901612205,0.5181058495821727,-0.0867692778821215,0.9504876311561279,737,True,4,0.4224873294505156,5
FrasersGroup,M15,MeanReversion,"window=20,z=1.5",0.9979829963347041,0.5396260017809439,1.169684651695853,1.6546471462715604,1359,True,5,0.3599290606501613,5
FrasersGroup,M15,MeanReversion,"window=50,z=1.5",0.5158938174789803,0.49876948318293685,0.6251473774978998,1.2797700568611268,1494,True,4,0.12067653696608527,5
FrasersGroup,M15,MeanReversion,"window=20,z=1.75",0.8662249272725827,0.5452091767881242,1.171992679654696,1.8688375362105285,900,True,5,0.2580947367358053,5
FrasersGroup,M15,MeanReversion,"window=50,z=1.75",0.5889731035844561,0.5161691542288557,0.7958314437083873,1.478360172333801,982,True,5,0.14179667361218562,5
FrasersGroup,M15,MeanReversion,"window=20,z=2.0",0.76529987917958,0.5733041575492341,1.2308161765659127,2.3377155953669457,543,True,5,0.20569814401735342,5
FrasersGroup,M15,MeanReversion,"window=50,z=2.0",0.4674877720563889,0.5208333333333334,0.7378947130049569,1.5699375222500085,634,True,5,0.15275100341890124,5
FrasersGroup,M15,MeanReversion,"window=100,z=2.0",0.24607885642638538,0.4975124378109453,0.3883306991187054,1.2400944194588714,730,True,4,0.035609123293373623,5
FrasersGroup,M15,MeanReversion,"window=20,z=2.25",0.5717821947347825,0.5952380952380952,1.1492993573643788,3.034719191805152,303,True,5,0.15699954469933064,5
FrasersGroup,M15,MeanReversion,"window=50,z=2.25",0.4169139717133644,0.5463258785942492,0.7132347758829175,1.7651954577043574,373,True,5,0.14285883823467516,5
FrasersGroup,M15,MeanReversion,"window=20,z=2.5",0.45975275717468334,0.6370370370370371,1.06860506693615,4.184323500765198,158,True,5,0.12655586609066094,5
FrasersGroup,M15,MeanReversion,"window=50,z=2.5",0.31612609880830855,0.5721925133689839,0.6171300430122317,1.8815204421767344,215,True,4,0.1537061789879267,5
GeneralDynamics,H1,MeanReversion,"window=20,z=2.25",0.09191334139820695,0.5435435435435435,0.20075227163579423,1.168595956983828,335,True,4,0.05490694771980176,5
GeneralDynamics,H1,MeanReversion,"window=20,z=2.5",0.04727944526801919,0.563953488372093,0.11817638424086477,1.1403723115379223,173,True,4,0.03444250446994657,5
GeneralDynamics,H1,VolatilityExpansion,"ema=20,mult=3.0",0.04998211888229087,0.47282608695652173,0.14071503329905696,1.1476769424503972,184,True,4,0.049772568639658066,5
GeneralDynamics,H4,MeanReversion,"window=20,z=1.5",0.4598514873033759,0.5171407731582787,0.267681979035703,1.0999764083570112,1375,True,5,0.3611256078084545,5
GeneralDynamics,H4,MeanReversion,"window=20,z=1.75",0.4954056371460097,0.5242937853107345,0.3635124565008495,1.1705263880726935,887,True,4,0.25496785974243474,5
GeneralDynamics,H4,MeanReversion,"window=20,z=2.0",0.28569546137360835,0.5271317829457365,0.29016816846260834,1.179577838449365,516,True,4,0.07094533236039746,5
GeneralDynamics,H4,MeanReversion,"window=50,z=2.0",-0.06095548037622989,0.5104477611940299,-0.05163092518912112,0.9746762450502415,671,True,4,0.0733608885608178,5
GeneralDynamics,H4,MeanReversion,"window=100,z=2.75",0.0470951448573691,0.5251396648044693,0.07039388431229279,1.0715117229918907,180,True,4,0.09233201826522908,5
GeneralDynamics,M15,MeanReversion,"window=50,z=1.5",0.3833021373633264,0.5275862068965518,0.8074499726180097,1.3653040331862654,1472,True,5,0.06909732498766041,5
GeneralDynamics,M15,MeanReversion,"window=50,z=1.75",0.2612809322979911,0.5295358649789029,0.6090645053529444,1.3530284201131644,961,True,5,0.0621990506403306,5
GeneralDynamics,M15,MeanReversion,"window=50,z=2.0",0.20980942985164386,0.5302013422818792,0.5579426131728087,1.4270846898535379,605,True,5,0.0724405031951082,5
GeneralDynamics,M15,MeanReversion,"window=20,z=2.25",0.24711035328417708,0.5580110497237569,0.8208527694559854,1.7961574213695117,365,True,4,0.039400106632474285,5
GeneralDynamics,M15,MeanReversion,"window=50,z=2.25",0.15491511191910634,0.5284974093264249,0.4596944780330416,1.4545535038329271,392,True,5,0.07488423272984368,5
GeneralDynamics,M15,MeanReversion,"window=100,z=2.25",0.19724448304388553,0.5850144092219021,0.7726716045752854,1.7371077617835367,348,True,4,0.010238278021047709,5
GeneralDynamics,M15,MeanReversion,"window=20,z=2.5",0.1530289047228598,0.5630630630630631,0.6314140751497709,1.7022799409151228,223,True,4,0.029211508673396724,5
GeneralDynamics,M15,MeanReversion,"window=50,z=2.5",0.13923212842788513,0.5545851528384279,0.4471328908157914,1.6467371054868563,232,True,4,0.047648985455963855,5
GeneralDynamics,M15,MeanReversion,"window=100,z=2.5",0.10821405282203578,0.5894736842105263,0.508550215344179,1.607851772243195,189,True,4,0.013420067636673694,5
GeneralMills,H1,MeanReversion,"window=20,z=1.5",0.1752941476928952,0.5025983667409057,0.2148207478164276,1.07737503055572,1372,True,4,0.061445041342588214,5
GeneralMills,H1,MeanReversion,"window=20,z=1.75",0.31408574281559554,0.5191193511008111,0.46473494325712483,1.2218394974045936,875,True,4,0.06785781890015907,5
GeneralMills,H1,MeanReversion,"window=20,z=2.0",0.19452763693393904,0.5077519379844961,0.35396502024034177,1.2166013064021703,522,True,4,0.023729452324883438,5
GeneralMills,H1,TrendFollowing,"fast=10,slow=30",-0.062432528542417765,0.4996934396076027,-0.04044874180261021,0.9923642128609775,4999,True,4,0.16674136601698264,5
GeneralMills,H1,TrendFollowing,"fast=13,slow=34",-0.14092666013666377,0.5001021867974658,-0.09130467753135177,0.9828463565114129,4999,True,4,0.2169948864949992,5
GeneralMills,H1,TrendFollowing,"fast=21,slow=55",0.20610062624640035,0.49928469241773965,0.13353261725629906,1.0256279070134036,4999,True,4,0.35030995477377547,5
GeneralMills,H1,TrendFollowing,"fast=34,slow=89",0.2433137517572178,0.49989781320253424,0.15764520149761901,1.03032539444542,4999,True,4,0.2762272891531562,5
GeneralMills,H1,TrendFollowing,"fast=50,slow=200",0.2711090683055549,0.501737175556918,0.1756561332808695,1.0338482917789729,4999,True,4,0.3082821088785902,5
GeneralMills,H1,VolatilityExpansion,"ema=50,mult=1.5",-0.22080890214206905,0.489704230625234,-0.19883477665141008,0.9517194976232217,2722,True,4,0.11760943444770788,5
GeneralMills,H1,VolatilityExpansion,"ema=20,mult=2.0",0.008251205179862331,0.5060532687651331,0.012859391761502307,1.0057866719246475,842,True,4,0.0756874685286889,5
GeneralMills,H1,VolatilityExpansion,"ema=20,mult=2.5",-0.009223963478324326,0.5155555555555555,-0.01736829398624892,0.9893775415016014,457,True,4,0.1306198968611202,5
GeneralMills,H1,VolatilityExpansion,"ema=50,mult=3.0",-0.03994373170396015,0.4866850321395776,-0.05677723370820445,0.9780301915099333,1108,True,4,0.10962158804100597,5
GeneralMills,H1,VolatilityExpansion,"ema=50,mult=3.5",-0.06126346155532625,0.4815825375170532,-0.10527594567139426,0.9505502686927356,744,True,4,0.11659811699885558,5
GeneralMills,H4,MeanReversion,"window=20,z=1.5",0.7961417966063496,0.5300859598853869,0.4658107163096567,1.1853140684061723,1406,True,4,0.2850230759905459,5
GeneralMills,H4,MeanReversion,"window=50,z=1.5",1.0711165853699138,0.515625,0.6117720578822738,1.238800390844758,1551,True,5,0.6451294059957683,5
GeneralMills,H4,MeanReversion,"window=100,z=1.5",0.978555130648251,0.5193704600484261,0.5300235036422551,1.196204430167338,1673,True,4,0.2644467921311946,5
GeneralMills,H4,MeanReversion,"window=20,z=1.75",0.6200820958499444,0.543859649122807,0.4409404153516377,1.2164220362552278,917,True,4,0.3641644145116938,5
GeneralMills,H4,MeanReversion,"window=50,z=1.75",0.6367273060425439,0.5256410256410257,0.44061070889931875,1.203780221933306,1026,True,4,0.3618114574344198,5
GeneralMills,H4,MeanReversion,"window=100,z=1.75",0.7799107775049868,0.5358166189111748,0.5349254243694616,1.2435309046178413,1059,True,5,0.2754311651132273,5
GeneralMills,H4,MeanReversion,"window=20,z=2.0",0.2657799412916326,0.5353901996370236,0.2502972101027756,1.1479017562650342,554,True,4,0.243309479066098,5
GeneralMills,H4,MeanReversion,"window=50,z=2.0",0.5888013916693071,0.5367047308319739,0.5239171768073295,1.3113599569026344,620,True,5,0.30874852076078874,5
GeneralMills,H4,MeanReversion,"window=100,z=2.0",0.7084139673045556,0.5331325301204819,0.5743791890068971,1.3426395292512574,670,True,5,0.34367563535458856,5
GeneralMills,H4,MeanReversion,"window=50,z=2.25",0.3177736459254509,0.5351351351351351,0.3487831294841512,1.2571716784265865,373,True,5,0.21504924897485878,5
GeneralMills,H4,MeanReversion,"window=100,z=2.25",0.5530603550668632,0.5404040404040404,0.588576474171774,1.4788909142808924,397,True,4,0.2040473793074129,5
GeneralMills,H4,MeanReversion,"window=50,z=2.75",0.16583082749563594,0.5422535211267606,0.27956575758321267,1.359125992556471,141,True,4,0.09191701967375476,5
GeneralMills,H4,VolatilityExpansion,"ema=20,mult=3.0",-0.07572725976479222,0.4583333333333333,-0.11778310530828039,0.9038119417343506,215,True,5,0.09816526550733584,5
GeneralMills,M15,MeanReversion,"window=50,z=1.75",0.08592147018868601,0.5135802469135803,0.23552675579561558,1.1068523435118018,846,True,4,0.014148111472592095,5
Gerdau,H1,MeanReversion,"window=20,z=1.5",0.5257310627713995,0.5079646017699115,0.39166865999712785,1.157694480239498,1432,True,4,0.10259099557739437,5
Gerdau,H1,MeanReversion,"window=20,z=1.75",0.06473370517109878,0.4978902953586498,0.06802048628208245,1.0301645427513029,909,True,4,0.05454948725170061,5
Gerdau,H1,MeanReversion,"window=50,z=1.75",0.4145467723736437,0.5032851511169514,0.3276158741825655,1.170274812719026,972,True,5,0.2757506740134601,5
Gerdau,H1,MeanReversion,"window=100,z=1.75",0.37708434175581773,0.5163043478260869,0.2860117318447241,1.156395184741907,949,True,5,0.306349050677336,5
Gerdau,H1,MeanReversion,"window=50,z=2.0",0.19529644109075983,0.49798387096774194,0.19649504789332986,1.1203583799539614,636,True,4,0.19529128453114697,5
Gerdau,H1,MeanReversion,"window=100,z=2.0",0.3313363572561684,0.5088495575221239,0.30894247446389755,1.218068145519091,578,True,5,0.2871597429629026,5
Gerdau,H1,TrendFollowing,"fast=8,slow=21",-0.024758983254547506,0.5037303833290455,-0.008905457568066032,0.998152132827369,4999,True,4,0.3424729304814371,5
Gerdau,H1,TrendFollowing,"fast=10,slow=30",-0.24979380454834776,0.5016722408026756,-0.08984873862950102,0.9815120915130516,4999,True,4,0.23139590986848635,5
Gerdau,H4,MeanReversion,"window=50,z=2.5",0.27730998922169725,0.5672514619883041,0.15982309383310675,1.1890872770620875,183,True,4,0.10672106505303525,5
Gerdau,M15,MeanReversion,"window=100,z=1.5",0.2876138597740431,0.519893899204244,0.3611047604577294,1.177915323522412,1471,True,4,0.10049660849048658,5
Gerdau,M15,MeanReversion,"window=20,z=1.75",0.3502510340360083,0.5521235521235521,0.4715248502910901,1.2857561939838111,897,True,4,0.1664083552575868,5
Gerdau,M15,MeanReversion,"window=100,z=1.75",0.19822731930811877,0.5151515151515151,0.3453594978210257,1.18153730612041,1008,True,4,0.0989123171700963,5
Gerdau,M15,MeanReversion,"window=20,z=2.0",0.40979492613507695,0.5765765765765766,0.6847028668793567,1.5909366105291713,541,True,5,0.1211864894504514,5
Gerdau,M15,MeanReversion,"window=100,z=2.0",0.1884204662273704,0.532033426183844,0.42424424518430887,1.275254866426315,667,True,4,0.04766568374028446,5
Gerdau,M15,MeanReversion,"window=20,z=2.25",0.3074529794529416,0.6079295154185022,0.6450601621370029,1.674514631619691,336,True,4,0.09338246208159584,5
Gerdau,M15,MeanReversion,"window=50,z=2.25",0.2027453900639754,0.5518867924528302,0.5040543181513972,1.4810664084771423,350,True,4,0.08947437007338954,5
Gerdau,M15,MeanReversion,"window=20,z=2.5",0.18455966605069896,0.5915492957746479,0.46139531961662056,1.624461982091713,200,True,4,0.08035515905337387,5
Gerdau,M15,MeanReversion,"window=20,z=2.75",0.1355963799329033,0.5784313725490197,0.46509873011937064,1.6788069467419495,138,True,4,0.0450735451191584,5
HPEnterprise,H1,TrendFollowing,"fast=10,slow=30",0.6741174524978364,0.5027391487568479,0.22511412245631282,1.051071411503014,4999,True,4,0.3576450916251974,5
HPEnterprise,H4,MeanReversion,"window=20,z=1.5",-0.06251719528190147,0.5089349535382416,-0.023268170096373112,0.9914646567109887,1456,True,4,0.18659255936407615,5
HPEnterprise,H4,MeanReversion,"window=20,z=2.0",0.10313221057638167,0.5229007633587787,0.06331200640897315,1.0396344447904053,543,True,4,0.19184893478949194,5
HPEnterprise,H4,TrendFollowing,"fast=5,slow=20",-0.5517003718504713,0.5007256894049347,-0.1099841690356402,0.9780714123352489,4999,True,4,0.6073429697369863,5
HPEnterprise,M15,MeanReversion,"window=50,z=1.5",0.1632938723180003,0.5258687258687259,0.2096141233512183,1.0806537468995687,1397,True,4,0.08836893732314921,5
HPEnterprise,M15,MeanReversion,"window=50,z=1.75",0.14583750580193433,0.5298759864712514,0.22081993765866498,1.1007705965322818,953,True,4,0.06744883831930881,5
HPEnterprise,M15,MeanReversion,"window=50,z=2.0",0.09992315247441208,0.5544041450777202,0.17270816793348287,1.096762416640393,617,True,4,0.04197807654646224,5
HPEnterprise,M15,MeanReversion,"window=20,z=2.25",0.19136147849967688,0.5619335347432024,0.25121651370779313,1.2671735290272501,344,True,4,0.04645012257272385,5
HartfordFinancial,H1,MeanReversion,"window=20,z=1.5",0.11466008279691597,0.49764309764309766,0.13409766162903367,1.049774649831801,1518,True,4,0.18134302279445225,5
HartfordFinancial,H1,MeanReversion,"window=50,z=1.5",0.24907004134200472,0.5182054616384916,0.30431169535668845,1.1089203803575582,1565,True,4,0.13584864907626681,5
HartfordFinancial,H1,MeanReversion,"window=100,z=1.5",0.1515115437733381,0.5102420856610801,0.17231321934978225,1.0612678271244016,1641,True,4,0.0456828545797795,5
HartfordFinancial,H1,MeanReversion,"window=20,z=1.75",0.08251385723377891,0.5056876938986556,0.12652237252246648,1.0558944536113908,989,True,4,0.14640157188090186,5
HartfordFinancial,H1,MeanReversion,"window=20,z=2.25",0.04479724494018833,0.5124223602484472,0.12637602638270057,1.0897703274637383,324,True,4,0.05829998176202711,5
HartfordFinancial,H1,MeanReversion,"window=100,z=2.5",0.05116466849657808,0.5102040816326531,0.1314993015317467,1.1575295153990812,198,True,4,0.030321059564424102,5
HartfordFinancial,H1,TrendFollowing,"fast=21,slow=55",-0.34002693346361756,0.5059971538930677,-0.20981982860394482,0.959444328139123,4999,True,4,0.07107113965614209,5
HartfordFinancial,H4,MeanReversion,"window=20,z=1.5",1.013538737630737,0.5421597633136095,0.40577294123494045,1.1969039977419544,1361,True,4,0.4536012035560393,5
HartfordFinancial,H4,MeanReversion,"window=20,z=1.75",0.8062670616394803,0.5502824858757062,0.3621701030857319,1.234094913059105,893,True,4,0.5049586999682986,5
HartfordFinancial,H4,MeanReversion,"window=20,z=2.0",0.22825428628795064,0.5322896281800391,0.15072445566887788,1.1119889252408326,517,True,4,0.2150717381732321,5
HartfordFinancial,H4,MeanReversion,"window=50,z=2.0",0.5596060576891769,0.5527950310559007,0.2790099413139476,1.2192694837159928,648,True,4,0.12537288655756673,5
HartfordFinancial,H4,MeanReversion,"window=20,z=2.25",0.3282955463790348,0.5292207792207793,0.27676494953347724,1.2947840916164801,310,True,4,0.335275052764341,5
HartfordFinancial,H4,MeanReversion,"window=50,z=2.25",0.6353878901929064,0.5573770491803278,0.4541261224369499,1.4814876035587692,370,True,5,0.40871375909280516,5
HartfordFinancial,H4,MeanReversion,"window=50,z=2.5",0.23110929858851592,0.5408163265306123,0.2125400055944339,1.3011329215922278,197,True,5,0.2040808568908482,5
HartfordFinancial,M15,TrendFollowing,"fast=5,slow=20",-0.24910524298822867,0.49673202614379086,-0.2646908972546649,0.9450716182772699,4998,True,4,0.022016900478519008,5
HealthpeakProperties,H1,MeanReversion,"window=20,z=1.5",0.17917148549808304,0.5095057034220533,0.17136588063032365,1.0609486297208062,1379,True,4,0.057328006220043415,5
HealthpeakProperties,H1,MeanReversion,"window=20,z=2.25",0.1604180286066199,0.5370370370370371,0.32794442035946664,1.2668212494533495,281,True,5,0.045491004329714424,5
HealthpeakProperties,H1,MeanReversion,"window=50,z=2.25",0.1804279403809842,0.5527065527065527,0.2804075185333143,1.21944594019673,369,True,5,0.11342440522499553,5
HealthpeakProperties,H1,MeanReversion,"window=20,z=2.75",0.1206737023916894,0.5384615384615384,0.4136194765183686,1.7705650706709768,78,True,5,0.04686833047939276,5
HealthpeakProperties,H1,TrendFollowing,"fast=5,slow=20",-0.07799228657878587,0.49790180444817456,-0.03860403142404413,0.992756314079997,4999,True,4,0.07098384253672851,5
HealthpeakProperties,H1,TrendFollowing,"fast=8,slow=21",0.1268464901127493,0.5016785564414603,0.06278582063567832,1.0118942584282988,4999,True,4,0.12613616274391493,5
HealthpeakProperties,H1,TrendFollowing,"fast=10,slow=30",0.27233311482846134,0.505035669324381,0.13480184525228187,1.0257117636842186,4999,True,4,0.22146057084777315,5
HealthpeakProperties,H1,TrendFollowing,"fast=13,slow=34",0.16057032089115775,0.49916072177926984,0.07947864280465815,1.0150803495270704,4999,True,4,0.055281374428277075,5
HealthpeakProperties,H4,MeanReversion,"window=20,z=2.0",-0.13879564848070058,0.501779359430605,-0.0854098407672167,0.9490048165461176,573,True,4,0.1663249720448884,5
HealthpeakProperties,H4,MeanReversion,"window=20,z=2.25",-0.18912146691461973,0.5035211267605634,-0.16007798042827348,0.8677552972967993,288,True,4,0.15788792897115222,5
HealthpeakProperties,H4,MeanReversion,"window=20,z=2.5",-0.056693191304995394,0.5079365079365079,-0.09658067203428869,0.8958625759118223,128,True,4,0.04932974515149002,5
HealthpeakProperties,H4,MeanReversion,"window=100,z=2.5",0.40491698448278624,0.554945054945055,0.27537204822703754,1.4206180493217992,185,True,4,0.12777018087046788,5
HealthpeakProperties,H4,TrendFollowing,"fast=5,slow=20",-0.2969049303319813,0.49520897043832823,-0.06727915605851603,0.9869912383718864,4999,True,4,0.7994527205834252,5
HealthpeakProperties,H4,TrendFollowing,"fast=8,slow=21",-0.3700441855348533,0.49745158002038736,-0.08385305098986759,0.983812610181657,4999,True,4,0.8184070750356407,5
HealthpeakProperties,H4,TrendFollowing,"fast=10,slow=30",-0.5019336249966979,0.4962283384301733,-0.11374090109999131,0.978106332510931,4999,True,4,0.6615145615096782,5
HealthpeakProperties,H4,TrendFollowing,"fast=13,slow=34",-0.8497326885141466,0.491131498470948,-0.19256329391687377,0.9632148318008732,4999,True,4,0.7737763127897737,5
HealthpeakProperties,H4,TrendFollowing,"fast=21,slow=55",-0.2409303782264457,0.5041794087665648,-0.054595061020935844,0.9894307787486077,4999,True,4,0.6630821414432972,5
HealthpeakProperties,H4,TrendFollowing,"fast=34,slow=89",-0.2738753860903542,0.5011213047910296,-0.06206053951130888,0.9879942108345727,4999,True,4,0.21115775885856625,5
HealthpeakProperties,M15,MeanReversion,"window=100,z=1.5",0.11510575028107961,0.5121759622937941,0.2383414576787239,1.0839753771440677,1425,True,4,0.0607691769937313,5
HealthpeakProperties,M15,TrendFollowing,"fast=10,slow=30",-0.07073267390235705,0.49875706214689264,-0.06391037713257292,0.9864279358685267,4999,True,4,0.030991509763436453,5
HealthpeakProperties,M15,VolatilityExpansion,"ema=20,mult=2.0",-0.018588550140486104,0.4815668202764977,-0.03156883179778865,0.9851807870102474,942,True,4,0.03961396720967725,5
HealthpeakProperties,M15,VolatilityExpansion,"ema=50,mult=3.0",0.027026713012677672,0.49877750611246946,0.04527845964540947,1.017801520587708,1360,True,4,0.023505761937343106,5
HealthpeakProperties,M15,VolatilityExpansion,"ema=50,mult=3.5",-0.002055279839211499,0.4778761061946903,-0.0037859132555052412,0.9982270031003455,998,True,5,0.04486274952122438,5
HenrySchein,H1,MeanReversion,"window=20,z=1.5",0.5068762663864792,0.5186751233262861,0.40534263504833906,1.167335263727127,1434,True,5,0.24245640130599821,5
HenrySchein,H1,MeanReversion,"window=50,z=1.5",0.6273768497833141,0.5266757865937073,0.48526105760746385,1.2037057144137233,1475,True,5,0.33069250815666906,5
HenrySchein,H1,MeanReversion,"window=100,z=1.5",0.407722662161328,0.514792899408284,0.30573387629318804,1.1232149458071896,1538,True,4,0.20943319999693522,5
HenrySchein,H1,MeanReversion,"window=20,z=1.75",0.5959491752419553,0.5302530253025303,0.6085902977926961,1.3214298849570494,919,True,5,0.18655787254976453,5
HenrySchein,H1,MeanReversion,"window=50,z=1.75",0.5087136099191416,0.537917087967644,0.4468954360761229,1.2349860843230456,997,True,5,0.24109071203966226,5
HenrySchein,H1,MeanReversion,"window=20,z=2.0",0.4102888976276783,0.5363636363636364,0.5517591325383844,1.3682483964788685,556,True,4,0.09871035186313537,5
HenrySchein,H1,MeanReversion,"window=50,z=2.0",0.4050814986223753,0.5548387096774193,0.4196980673458671,1.2920059239556512,624,True,5,0.19899679845034568,5
HenrySchein,H1,MeanReversion,"window=100,z=2.0",0.38746490128508115,0.533751962323391,0.37811702300120764,1.260045033022285,642,True,4,0.10606719862357405,5
HenrySchein,H1,MeanReversion,"window=50,z=2.25",0.3531000504265249,0.5528455284552846,0.5137619021542726,1.452316474001652,371,True,5,0.147293838481248,5
HenrySchein,H1,MeanReversion,"window=100,z=2.25",0.41372211892759914,0.5360824742268041,0.5324158564534107,1.4727509018510574,392,True,4,0.09975570814614543,5
HenrySchein,H1,MeanReversion,"window=20,z=2.5",0.09825480445482626,0.5187165775401069,0.206993064075553,1.202378504489057,187,True,4,0.017998262852979563,5
HenrySchein,H1,MeanReversion,"window=50,z=2.5",0.23870132300498215,0.5518867924528302,0.42903383379594695,1.4700781061212949,212,True,5,0.14209159414219197,5
HenrySchein,H1,MeanReversion,"window=100,z=2.5",0.23726099237619214,0.536036036036036,0.42823099674503434,1.466772224190765,226,True,4,0.055693724887601825,5
HenrySchein,H1,MeanReversion,"window=20,z=2.75",0.048167787530911554,0.5106382978723404,0.12397162489102845,1.1635150745500191,94,True,4,0.011891593443582038,5
HenrySchein,H4,MeanReversion,"window=50,z=1.5",0.725061240167831,0.5148583275742916,0.3247675775570476,1.124622517452072,1455,True,4,0.35579610088816693,5
HenrySchein,H4,MeanReversion,"window=50,z=1.75",0.21462603178075168,0.5105953582240161,0.1131475458791884,1.0508483759057592,996,True,4,0.3832207732847822,5
HenrySchein,H4,MeanReversion,"window=20,z=2.0",0.34673909604189057,0.5505154639175258,0.2509507535143264,1.1812268165493147,488,True,4,0.17873141222112554,5
HenrySchein,H4,MeanReversion,"window=20,z=2.25",0.2953194617616811,0.5419847328244275,0.26875672850808513,1.286516817688543,263,True,5,0.2727592414357809,5
HenrySchein,M15,MeanReversion,"window=50,z=1.5",0.5999720955049955,0.5443959243085881,0.8854944414862739,1.3662332672224928,1404,True,4,0.11573884136932333,5
HenrySchein,M15,MeanReversion,"window=100,z=2.0",0.22114591876380674,0.5206489675516224,0.4770337478868572,1.263256308492791,698,True,4,0.03529634644322688,5
HenrySchein,M15,MeanReversion,"window=100,z=2.25",0.22340445974109302,0.5454545454545454,0.5776707224194854,1.3948671544426545,475,True,4,0.023670292306607,5
HenrySchein,M15,MeanReversion,"window=50,z=2.5",0.2545516447567322,0.6096491228070176,0.7640447981426138,1.9174093283643312,231,True,4,0.08719127963162521,5
HenrySchein,M15,MeanReversion,"window=20,z=2.75",0.2013670515948378,0.6038961038961039,0.6397005248884096,1.8706479484407528,154,True,4,0.047758646724283094,5
HenrySchein,M15,MeanReversion,"window=20,z=3.0",0.1722960521609952,0.6404494382022472,0.6741146293648821,2.488028148671601,88,True,4,0.04918281557194071,5
HenrySchein,M15,TrendFollowing,"fast=5,slow=20",-0.8127280115524914,0.48346683097145204,-0.5694747834299247,0.8814905444223702,4999,True,4,0.18460534837560072,5
HenrySchein,M15,TrendFollowing,"fast=8,slow=21",-0.8795715628607247,0.48346683097145204,-0.6163796924475348,0.8723656476782474,4999,True,4,0.17936946161790068,5
HenrySchein,M15,TrendFollowing,"fast=10,slow=30",-0.7881613666119082,0.48942287944136376,-0.5522398869377423,0.8848665584085517,4999,True,4,0.06941686544370107,5
HenrySchein,M15,TrendFollowing,"fast=13,slow=34",-0.5664168277107614,0.4927089751489012,-0.39675437044802736,0.9158965266420939,4999,True,4,0.12813274046239376,5
IntuitiveSurgical,H1,MeanReversion,"window=100,z=1.5",0.17638470417150687,0.49870466321243523,0.11489849146435302,1.0526993583300657,1551,True,5,0.2159538139923486,5
IntuitiveSurgical,H1,MeanReversion,"window=100,z=1.75",0.02705163928263188,0.49303621169916434,0.020489291410060794,1.0109927178877836,1079,True,4,0.18131136732937614,5
IntuitiveSurgical,H4,TrendFollowing,"fast=8,slow=21",-0.398459783652928,0.508437123342708,-0.08817343666417403,0.9826306898671047,4999,True,4,0.15059281385858958,5
IntuitiveSurgical,H4,TrendFollowing,"fast=10,slow=30",0.8239607428079398,0.5158698272398554,0.1823399144559092,1.0369005289638706,4999,True,5,0.5679853931205913,5
IntuitiveSurgical,H4,TrendFollowing,"fast=13,slow=34",1.6120386188756124,0.5182804339092005,0.35680564081114957,1.0734909455911466,4999,True,5,0.9102017945273227,5
IntuitiveSurgical,H4,VolatilityExpansion,"ema=50,mult=1.5",-0.11052229550417092,0.5067437379576107,-0.03144241554741587,0.9919195982607173,3127,True,4,0.26707360919009226,5
IntuitiveSurgical,H4,VolatilityExpansion,"ema=50,mult=2.0",0.2997304308904235,0.5108870967741935,0.0960963655803047,1.0285634296904682,2492,True,4,0.0951493195020704,5
IntuitiveSurgical,H4,VolatilityExpansion,"ema=20,mult=3.0",-0.0744705843420187,0.5252918287937743,-0.09608399211935531,0.9251920208526951,256,True,4,0.01381572000969844,5
IntuitiveSurgical,H4,VolatilityExpansion,"ema=50,mult=3.5",-0.47085995487313137,0.5071138211382114,-0.26454987282035786,0.8853625570750417,989,True,4,0.07617981648327965,5
IntuitiveSurgical,M15,TrendFollowing,"fast=8,slow=21",0.2239680989913153,0.48711755233494364,0.14845060856683162,1.0400684367221185,4999,True,4,0.07195647626746182,5
IntuitiveSurgical,M15,TrendFollowing,"fast=10,slow=30",0.07480024080460601,0.4859098228663446,0.04957719372225303,1.0132057372994125,4999,True,4,0.08666730681576174,5
IntuitiveSurgical,M15,TrendFollowing,"fast=13,slow=34",-0.05742570077941633,0.4861111111111111,-0.03806136664135072,0.9899786502611082,4999,True,4,0.12301073490561598,5
IntuitiveSurgical,M15,TrendFollowing,"fast=21,slow=55",0.13166864266546652,0.5006038647342995,0.08727015521642144,1.0233629484008617,4999,True,4,0.19526090698889753,5
IntuitiveSurgical,M15,TrendFollowing,"fast=34,slow=89",-0.17668494838698257,0.4975845410628019,-0.11710844100393553,0.9694842834865264,4999,True,4,0.0770963905304547,5
IntuitiveSurgical,M15,VolatilityExpansion,"ema=50,mult=2.0",0.038867162520836884,0.4864738805970149,0.03565836979937811,1.0155166604795378,2155,True,4,0.05774095957367609,5
JBHunt,H1,MeanReversion,"window=100,z=2.0",0.2954616213325725,0.5280575539568345,0.29769333201331344,1.166206874725499,698,True,4,0.07826615396939984,5
JBHunt,H1,TrendFollowing,"fast=5,slow=20",-0.9229677451068863,0.4920603015075377,-0.37730939816056974,0.9254318214681558,4999,True,4,0.2634440803237119,5
JBHunt,H1,TrendFollowing,"fast=10,slow=30",-0.625280635621859,0.4968844221105528,-0.2555757854578348,0.9488675996959809,4999,True,4,0.32763883814456807,5
JBHunt,H1,TrendFollowing,"fast=13,slow=34",-0.40531892310536444,0.49909547738693466,-0.16565668498053387,0.9665541941113445,4999,True,5,0.42525170125852463,5
JBHunt,H1,TrendFollowing,"fast=21,slow=55",0.28255784089829117,0.5007035175879397,0.11548013757301957,1.0239969520182661,4999,True,4,0.33153781821315564,5
JBHunt,H1,TrendFollowing,"fast=34,slow=89",0.2158063473699059,0.4976884422110553,0.08819812537082605,1.0182761055850913,4999,True,5,0.4139358253719747,5
JBHunt,H1,VolatilityExpansion,"ema=50,mult=1.5",-0.2006342033533639,0.5015302218821729,-0.11545547298163913,0.9692765103845504,2629,True,4,0.1881955572401488,5
JBHunt,H4,MeanReversion,"window=20,z=2.25",0.3121192121298505,0.5435540069686411,0.3833336379573816,1.3004835354201651,286,True,4,0.17449809724667242,5
JBHunt,H4,MeanReversion,"window=50,z=2.5",0.21728795645890542,0.5526315789473685,0.23398024938808956,1.2101169814694441,227,True,4,0.056064764135245526,5
JBHunt,H4,MeanReversion,"window=20,z=2.75",0.10922061361357771,0.5522388059701493,0.2887352462599237,1.498660406473993,66,True,4,0.021173681288907065,5
JBHunt,H4,TrendFollowing,"fast=5,slow=20",-0.24317210155460012,0.4954755680675649,-0.0596767473805584,0.9887661630817844,4999,True,4,0.4375620964658622,5
JBHunt,H4,TrendFollowing,"fast=8,slow=21",0.06692534798600602,0.49929619947717674,0.016424009872149245,1.0031140598984116,4999,True,4,0.6673284760735938,5
JBHunt,H4,TrendFollowing,"fast=10,slow=30",0.3337191080231604,0.5005027146591594,0.08189835558603402,1.0156250518138845,4999,True,4,0.20972662197837466,5
JBHunt,H4,TrendFollowing,"fast=21,slow=55",0.2930072789410395,0.5001005429318319,0.07190700371267568,1.0137058217562265,4999,True,4,0.4059496680483834,5
JBHunt,H4,VolatilityExpansion,"ema=50,mult=2.0",-0.3965094257658015,0.4911392405063291,-0.16056834015095087,0.9537885973894115,1984,True,4,0.09286501549414972,5
JBHunt,M15,MeanReversion,"window=20,z=1.5",0.6584194278599547,0.5515536723163842,0.7573356864816715,1.319502944484275,1445,True,4,0.2268644382749757,5
JBHunt,M15,MeanReversion,"window=50,z=1.5",0.32693890216212185,0.5223021582733813,0.4180771347443498,1.159826993961689,1421,True,4,0.08801080323901811,5
JBHunt,M15,MeanReversion,"window=20,z=1.75",0.44246611730971186,0.5635964912280702,0.6112267074103412,1.3041673961017266,931,True,5,0.23219896303756382,5
JBHunt,M15,MeanReversion,"window=50,z=1.75",0.16392237727600412,0.5265901981230449,0.24502958551697315,1.107052067650611,979,True,5,0.1101044056104653,5
JBHunt,M15,MeanReversion,"window=20,z=2.0",0.16959869108308379,0.5467128027681661,0.27428973375204374,1.1575217776768292,589,True,5,0.12574126735987534,5
JBHunt,M15,MeanReversion,"window=50,z=2.0",0.2343179013302491,0.5387045813586098,0.41867967493655106,1.2354419744139913,647,True,5,0.11876212440868217,5
JBHunt,M15,MeanReversion,"window=20,z=2.25",-0.000449913188132256,0.5137362637362637,-0.0008926597536119761,0.9994137792711157,369,True,5,0.07683361996498106,5
JBHunt,M15,MeanReversion,"window=50,z=2.25",0.09536484797157674,0.5230769230769231,0.21183808478998914,1.1401694919648127,400,True,5,0.10532165368708402,5
JBHunt,M15,MeanReversion,"window=20,z=2.5",-0.05522399401229294,0.48535564853556484,-0.11917801548943201,0.9081784046044266,241,True,5,0.062319568447328555,5
JBHunt,M15,MeanReversion,"window=50,z=2.5",0.03605933374410675,0.5056603773584906,0.09378076149052911,1.071247994900231,270,True,4,0.06681471233680147,5
JBHunt,M15,MeanReversion,"window=50,z=2.75",0.015180442487203072,0.4883720930232558,0.044569017491606445,1.041014679361587,177,True,4,0.025775144887230317,5
JBHunt,M15,MeanReversion,"window=50,z=3.0",-0.02324611890216388,0.4583333333333333,-0.07735349791922237,0.9192060195307156,122,True,4,0.019983789077626546,5
JMSmucker,H1,TrendFollowing,"fast=8,slow=21",-0.12181592611178005,0.49919159256265155,-0.06593025683588283,0.9871760275577623,4999,True,4,0.0769662905441435,5
JMSmucker,H1,TrendFollowing,"fast=10,slow=30",-0.007494003153833639,0.4989894907033145,-0.004055933591837405,0.9992063049903418,4999,True,4,0.3162470395598853,5
JMSmucker,H1,TrendFollowing,"fast=13,slow=34",0.21747382711448549,0.4989894907033145,0.11770526451779155,1.0233105059148588,4999,True,4,0.2881723928031332,5
JMSmucker,H1,TrendFollowing,"fast=34,slow=89",-0.45825984598473835,0.49474535165723527,-0.2480514548603955,0.952596918999446,4999,True,4,0.14324132536156342,5
JMSmucker,H1,TrendFollowing,"fast=50,slow=200",-0.2767411972370458,0.49777687954729183,-0.149785613014212,0.9711021775399652,4999,True,4,0.2757388910858969,5
JMSmucker,H1,VolatilityExpansion,"ema=20,mult=2.0",0.01807909356647608,0.4866581956797967,0.024429870321566526,1.011054135698108,795,True,4,0.06963266086064324,5
JMSmucker,H1,VolatilityExpansion,"ema=20,mult=2.5",0.010635975846855272,0.4830097087378641,0.017777748800565547,1.0110916345284313,415,True,4,0.07031748294969276,5
JMSmucker,H1,VolatilityExpansion,"ema=50,mult=2.5",0.06788240161823322,0.49708879184861715,0.072656910347462,1.0253042660670866,1389,True,4,0.10439716065158666,5
JMSmucker,H1,VolatilityExpansion,"ema=50,mult=3.0",0.13982446331622167,0.5,0.1710552575117904,1.0721025670955726,995,True,4,0.11522228838115878,5
JMSmucker,H4,MeanReversion,"window=50,z=1.5",1.4241776532487649,0.5233050847457628,0.7660555833567011,1.3258163288100666,1422,True,4,0.5579789798693208,5
JMSmucker,H4,MeanReversion,"window=20,z=1.75",0.4517079495002915,0.5224534501642936,0.2965295147857185,1.145818502050722,913,True,4,0.18289275676979444,5
JMSmucker,H4,MeanReversion,"window=50,z=1.75",1.1790222110284456,0.5224839400428265,0.7646419124582883,1.4227434900006268,936,True,4,0.44982215879299403,5
JMSmucker,H4,MeanReversion,"window=50,z=2.0",0.8340229377536749,0.527027027027027,0.6245168544158427,1.4386675469562238,592,True,4,0.3319602498663268,5
JMSmucker,H4,MeanReversion,"window=50,z=2.25",0.5352627610785162,0.5290858725761773,0.5153982522274044,1.4693261824340114,360,True,4,0.3049319343204675,5
JMSmucker,H4,MeanReversion,"window=100,z=2.25",0.4498922002158816,0.5024509803921569,0.4105119110154637,1.3522965622499816,410,True,4,0.30083588920974225,5
JMSmucker,H4,MeanReversion,"window=50,z=2.5",0.33584885792060026,0.5124378109452736,0.3848470800670261,1.5143963072050655,200,True,4,0.258495770920824,5
JMSmucker,H4,MeanReversion,"window=100,z=2.5",0.40485702317101724,0.48872180451127817,0.43350608542272295,1.5134084536306927,268,True,4,0.26288115721526795,5
JMSmucker,H4,MeanReversion,"window=50,z=2.75",0.28870411042310995,0.5514018691588785,0.3770402274584812,1.778867290595902,106,True,5,0.23658767565583116,5
JMSmucker,M15,MeanReversion,"window=50,z=2.75",0.05150737921887516,0.5443037974683544,0.1757732513561727,1.199259424013173,159,True,4,0.011966073645535924,5
JMSmucker,M15,TrendFollowing,"fast=10,slow=30",-0.06163552242549042,0.497134670487106,-0.055923796696776565,0.9887552004769772,4999,True,4,0.07795732575515413,5
JMSmucker,M15,TrendFollowing,"fast=34,slow=89",-0.10779193868612558,0.49181334424887435,-0.09780417599841743,0.9804168655112412,4999,True,4,0.057264305913522606,5
JMSmucker,M15,VolatilityExpansion,"ema=50,mult=3.5",-0.04243448873452493,0.4626865671641791,-0.10113471616174625,0.9470795458155492,614,True,4,0.03818466195451986,5
JohnsonControls,H1,MeanReversion,"window=100,z=1.5",0.419415092906109,0.49228944246737844,0.3221033154706687,1.1259980807000374,1702,True,4,0.10314428181821123,5
JohnsonControls,H1,MeanReversion,"window=100,z=1.75",0.39683412486695435,0.5027322404371585,0.3814494582961399,1.1853781730747661,1108,True,4,0.032685060289230905,5
JohnsonControls,H1,MeanReversion,"window=20,z=2.0",0.1274198910360762,0.5242214532871973,0.18507023028499614,1.1025395726457874,578,True,4,0.10467569962047851,5
JohnsonControls,H1,MeanReversion,"window=100,z=2.0",0.06344039255093314,0.4874446085672083,0.07479556000469108,1.0422127476282796,684,True,4,0.010108473331423617,5
JohnsonControls,H1,MeanReversion,"window=50,z=2.5",0.15158407359247872,0.5391304347826087,0.3377316353769986,1.308877842792185,230,True,4,0.04269241215402353,5
JohnsonControls,H1,MeanReversion,"window=20,z=2.75",-0.021420724988302386,0.5106382978723404,-0.06007720023539933,0.9247213943872286,93,True,5,0.07320953365025085,5
JohnsonControls,H1,VolatilityExpansion,"ema=50,mult=2.0",0.03993412211406344,0.5145454545454545,0.02930519312804436,1.008742352898862,2222,True,4,0.21059351660877135,5
JohnsonControls,H1,VolatilityExpansion,"ema=50,mult=2.5",0.07629025088308783,0.5189283634245777,0.06704728150407309,1.0220870063163126,1736,True,4,0.2581389415034202,5
JohnsonControls,H1,VolatilityExpansion,"ema=50,mult=3.5",0.09656848448582167,0.517353579175705,0.12221679522219692,1.0546027788738035,932,True,4,0.15520529313619225,5
JohnsonControls,H4,MeanReversion,"window=20,z=1.5",0.34082734115957325,0.5,0.14909939114950432,1.0568456735885177,1440,True,4,0.42703174108760356,5
JohnsonControls,H4,MeanReversion,"window=50,z=1.5",0.46268235871837016,0.5067733990147784,0.19243636644842038,1.0694462008962644,1643,True,4,0.11712607007036624,5
JohnsonControls,H4,MeanReversion,"window=20,z=2.25",0.0028124118903668505,0.4864864864864865,0.0025266798874787277,1.0020697148784725,297,True,4,0.13904183545296922,5
JohnsonControls,H4,MeanReversion,"window=100,z=2.25",-0.0790759440137887,0.5375302663438256,-0.05676436729796148,0.9604411958855362,414,True,4,0.10953331314701498,5
JohnsonControls,H4,MeanReversion,"window=20,z=2.5",0.19230235894123793,0.55,0.21252208262835667,1.3102759641348294,140,True,4,0.18741596462654053,5
JohnsonControls,H4,MeanReversion,"window=50,z=2.5",0.13385468452370852,0.5545454545454546,0.1467052316023858,1.1510376096005386,220,True,4,0.12515510199216962,5
JohnsonControls,H4,MeanReversion,"window=20,z=2.75",0.24074862166515965,0.5846153846153846,0.5594435231304313,2.7387368215873864,64,True,4,0.060914107262903694,5
JohnsonControls,H4,TrendFollowing,"fast=5,slow=20",0.2323719591944201,0.5056795131845842,0.05851529686839234,1.0114413776042859,4999,True,4,0.2598791559447041,5
JohnsonControls,H4,TrendFollowing,"fast=34,slow=89",0.20962068425010483,0.5012170385395538,0.052786063727511136,1.010315387589004,4999,True,4,0.2091505431959969,5
JohnsonControls,M15,MeanReversion,"window=100,z=1.5",0.20101736188892882,0.49614576033637003,0.32282638890085125,1.1412215470824603,1458,True,5,0.1157612654371043,5
JohnsonControls,M15,MeanReversion,"window=20,z=1.75",0.10133829043746112,0.49841938883034775,0.15128063046032983,1.081040198016392,966,True,4,0.06594851843571403,5
JohnsonControls,M15,MeanReversion,"window=50,z=2.0",0.031571327037665964,0.481371087928465,0.07668226504097687,1.0396884808300324,683,True,4,0.012022225404454079,5
JohnsonControls,M15,MeanReversion,"window=20,z=2.5",0.01179287482299074,0.5204918032786885,0.03426277089462441,1.0273838394202757,247,True,4,0.07195490809194105,5
JohnsonControls,M15,VolatilityExpansion,"ema=20,mult=1.5",-0.013893941168315438,0.4921135646687697,-0.017799552239419432,0.9917809850694422,1297,True,4,0.05724716377879524,5
KLA,H1,MeanReversion,"window=20,z=1.5",0.3541246739145115,0.510786360473208,0.2331777096576363,1.0872450960272841,1440,True,5,0.35633980379358055,5
KLA,H1,MeanReversion,"window=50,z=1.5",0.32599238609671743,0.503957783641161,0.2045803054771663,1.0750556559409001,1519,True,4,0.2915528800477931,5
KLA,H1,TrendFollowing,"fast=50,slow=200",0.054099006349525136,0.5104208416833668,0.01828902389927212,1.003606757019693,4999,True,4,0.1455443517020335,5
KLA,H1,VolatilityExpansion,"ema=20,mult=3.5",0.19446667753172808,0.5900621118012422,0.3959950651466541,1.5170621166350506,160,True,4,0.16008265081689443,5
KLA,H4,MeanReversion,"window=50,z=1.5",1.4400538272065428,0.5035415325177076,0.4771708694935369,1.1799057028506248,1560,True,5,0.8638292460397821,5
KLA,H4,MeanReversion,"window=50,z=1.75",0.598600682718175,0.501460564751704,0.24218234125019444,1.1085376617834881,1033,True,5,0.32925587727899364,5
KLA,H4,MeanReversion,"window=100,z=1.75",0.8024005581954079,0.4935185185185185,0.3195608820919899,1.147368744368809,1084,True,4,0.20565203690037903,5
KLA,H4,MeanReversion,"window=50,z=2.0",0.6438770100596156,0.512937595129376,0.3274702685098623,1.1879048837933905,660,True,4,0.3757926906814629,5
KLA,H4,MeanReversion,"window=100,z=2.0",0.6511335637139749,0.5066469719350074,0.32993520155969597,1.1900709085149808,681,True,4,0.08341615773870747,5
KLA,H4,MeanReversion,"window=20,z=2.25",0.06069649682448486,0.4768211920529801,0.04912749323788924,1.040092254404547,303,True,4,0.08346250494729601,5
KLA,H4,MeanReversion,"window=20,z=2.5",0.03232804928521005,0.4722222222222222,0.04178909005291178,1.0455702026695914,143,True,4,0.0998322227152113,5
KLA,H4,MeanReversion,"window=50,z=2.5",-0.25028263045872656,0.4581497797356828,-0.27009720360303546,0.802337822801584,227,True,4,0.07076101933052437,5
KLA,H4,MeanReversion,"window=100,z=2.5",0.09223590788012581,0.5209302325581395,0.08573813839973052,1.079648655314307,216,True,4,0.14889166471264337,5
KLA,H4,VolatilityExpansion,"ema=20,mult=3.5",-0.008031343863459495,0.49122807017543857,-0.015228613604661653,0.9830085004004444,113,True,4,0.04189124432363367,5
KLA,M15,MeanReversion,"window=20,z=1.5",0.2740829391274129,0.5392516507703595,0.2600177836111301,1.1108784199908548,1375,True,4,0.1489132953002965,5
KLA,M15,MeanReversion,"window=20,z=1.75",0.21178455931388318,0.5373467112597548,0.22441059756469176,1.1187698321928132,907,True,4,0.09669458466720005,5
KinderMorgan,H1,MeanReversion,"window=50,z=1.5",-0.10579681197586477,0.51156271899089,-0.12129846484561534,0.9586280207062567,1531,True,4,0.040901218704299525,5
KinderMorgan,H1,MeanReversion,"window=50,z=1.75",-0.1370132256744815,0.5143464399574921,-0.1857983550227799,0.9224212055987937,1015,True,4,0.02118221774984097,5
KinderMorgan,H1,MeanReversion,"window=100,z=1.75",0.04338275589108842,0.5219251336898396,0.0635690810535509,1.0263951479505136,1005,True,4,0.08443861887667159,5
KinderMorgan,H1,MeanReversion,"window=50,z=2.0",-0.1344666110504683,0.5117845117845118,-0.2241907074751733,0.8839699010778641,635,True,4,0.04369589441041821,5
KinderMorgan,H1,MeanReversion,"window=20,z=2.25",0.06643462659982535,0.5274725274725275,0.18037372109240513,1.1381472726134796,295,True,4,0.045089603726748195,5
KinderMorgan,H1,VolatilityExpansion,"ema=20,mult=2.5",-0.036140170376200986,0.4676524953789279,-0.07738211528737117,0.9618912911445414,590,True,4,0.05914598200061527,5
KinderMorgan,H4,MeanReversion,"window=50,z=1.5",0.7612020833191552,0.5210027100271003,0.3478502085307292,1.1334600943385083,1518,True,4,0.09580461953502051,5
KinderMorgan,H4,MeanReversion,"window=50,z=2.0",0.12235258862895848,0.5288135593220339,0.09459653272116716,1.0519499666284367,611,True,4,0.04550712815723745,5
KinderMorgan,H4,MeanReversion,"window=100,z=2.0",0.6259852290597451,0.5424292845257903,0.3649659733080112,1.2400713560852183,616,True,4,0.0742326243094813,5
KinderMorgan,H4,MeanReversion,"window=50,z=2.25",0.29652008211412495,0.5495495495495496,0.3052495307463591,1.2380937004039991,340,True,4,0.1077106896460045,5
KinderMorgan,M15,MeanReversion,"window=100,z=1.5",0.16383191636531103,0.49750178443968596,0.33328624166384835,1.1258103987226464,1514,True,4,0.05749030905178665,5
KinderMorgan,M15,MeanReversion,"window=100,z=1.75",0.1683010505144401,0.509375,0.3990571945908009,1.188108569454992,1027,True,4,0.061890727161966086,5
KinderMorgan,M15,MeanReversion,"window=100,z=2.0",0.1471318911680859,0.5321252059308073,0.4700626551013619,1.2599736053896635,651,True,5,0.055407435382124115,5
KraftHeinz,H1,TrendFollowing,"fast=8,slow=21",-0.029508392333463584,0.4988577362409138,-0.018578243762599457,0.9964418406746839,4999,True,4,0.2456053332798087,5
KraftHeinz,H1,TrendFollowing,"fast=10,slow=30",-0.11936114642424234,0.4940809968847352,-0.07514959753948715,0.9856848310421996,4999,True,4,0.29970129115399113,5
KraftHeinz,H1,TrendFollowing,"fast=13,slow=34",-0.11561205379573503,0.4913811007268951,-0.07278912403988344,0.9861313476717175,4999,True,5,0.2978310257031196,5
KraftHeinz,H1,TrendFollowing,"fast=21,slow=55",0.10432148517967432,0.4992731048805815,0.06568047571555082,1.012681540217432,4999,True,4,0.31418070037460466,5
KraftHeinz,H1,TrendFollowing,"fast=34,slow=89",0.19549231790248478,0.5040498442367601,0.12308398905622159,1.023896882939182,4999,True,5,0.2236357243361764,5
KraftHeinz,H1,TrendFollowing,"fast=50,slow=200",0.2649454218556231,0.5090342679127726,0.16681657967720812,1.0325248621679766,4999,True,5,0.18231284181719465,5
KraftHeinz,H1,VolatilityExpansion,"ema=20,mult=1.5",-0.02568825320304091,0.49193548387096775,-0.027440925042362684,0.990927596537918,1670,True,4,0.1036202541048169,5
KraftHeinz,H1,VolatilityExpansion,"ema=50,mult=1.5",-0.02004770867618011,0.49129951869677896,-0.01638128019138965,0.9957657238176046,2807,True,4,0.18212190038855824,5
KraftHeinz,H1,VolatilityExpansion,"ema=20,mult=2.0",-0.0033336928464606785,0.49157894736842106,-0.004718568464234632,0.9979866269752129,983,True,4,0.1162036604616472,5
KraftHeinz,H4,MeanReversion,"window=20,z=1.5",0.11584482180037214,0.5107449856733525,0.062255609978715855,1.022106141690398,1415,True,4,0.23100404039749567,5
KraftHeinz,H4,MeanReversion,"window=50,z=1.75",0.05382126993403591,0.5148514851485149,0.03207562514091426,1.0133312180740355,1023,True,4,0.21647061602243767,5
KraftHeinz,H4,MeanReversion,"window=100,z=1.75",0.28912083938372224,0.5143120960295475,0.17054128268309648,1.0702810841110106,1101,True,4,0.08710901391480963,5
KraftHeinz,H4,MeanReversion,"window=50,z=2.25",0.19809351333868774,0.5382513661202186,0.18378172059685027,1.1297427050604059,372,True,4,0.15863825012600374,5
KraftHeinz,H4,MeanReversion,"window=20,z=2.5",0.1249035902961173,0.5302013422818792,0.21307059869975348,1.2348192211109497,151,True,4,0.05085978975013983,5
KraftHeinz,H4,MeanReversion,"window=50,z=2.5",0.05817950724112697,0.5117370892018779,0.0696501166071921,1.061323782956019,216,True,4,0.10167465174371781,5
KraftHeinz,H4,TrendFollowing,"fast=5,slow=20",0.43275630764684314,0.5011185682326622,0.11612235682896556,1.0246119157883065,4999,True,4,0.17386927201443458,5
KraftHeinz,H4,TrendFollowing,"fast=34,slow=89",0.5315276117136197,0.5011185682326622,0.14262779748563018,1.03031442645612,4999,True,4,0.2690134638221422,5
KraftHeinz,H4,VolatilityExpansion,"ema=50,mult=1.5",0.3628564134661355,0.49915397631133673,0.13117056066621563,1.0343044868689035,3007,True,4,0.2343041105111987,5
KraftHeinz,H4,VolatilityExpansion,"ema=20,mult=2.5",-0.24153912747923334,0.478584729981378,-0.18938154161056947,0.9001877247183004,546,True,4,0.10399776818724571,5
KraftHeinz,M15,MeanReversion,"window=50,z=2.5",0.06858200387417346,0.5348837209302325,0.3193122629729025,1.330480062845296,175,True,4,0.011551118796673365,5
KraftHeinz,M15,TrendFollowing,"fast=10,slow=30",-0.15763069535356444,0.4969378827646544,-0.17284265705647622,0.9666015384604417,4999,True,4,0.06320354917501136,5
KraftHeinz,M15,VolatilityExpansion,"ema=20,mult=2.5",-0.04447896910100835,0.5171790235081374,-0.12447569803842648,0.9371545544368193,586,True,4,0.0474864747160062,5
LBrands,H1,MeanReversion,"window=50,z=2.25",0.19745916294692079,0.520618556701031,0.2108515900262003,1.149701152193383,393,True,4,0.10806049074519464,5
LBrands,H1,MeanReversion,"window=50,z=2.5",0.17619429502772277,0.5492227979274611,0.24917386834530544,1.2521323405318692,195,True,5,0.060650453878219546,5
LBrands,H1,TrendFollowing,"fast=5,slow=20",1.649114695468576,0.5157142857142857,0.45599431974386995,1.0994970013710652,4999,True,4,0.8567760331096153,5
LBrands,H1,TrendFollowing,"fast=10,slow=30",1.2419251089188639,0.5165306122448979,0.34334159461096614,1.0740205547472237,4999,True,4,0.5911227316121046,5
LBrands,H1,VolatilityExpansion,"ema=50,mult=2.5",0.5084913198762611,0.5130970724191063,0.22064087245979613,1.0768434841289787,1985,True,4,0.14458142888221148,5
LBrands,H4,TrendFollowing,"fast=5,slow=20",-0.9481923788225872,0.49747627700383606,-0.12242749341217624,0.9742755651695615,4999,True,4,0.551970224274838,5
LBrands,H4,TrendFollowing,"fast=8,slow=21",-1.1695907591598884,0.49868766404199477,-0.1510160695493247,0.968364044006633,4999,True,5,0.8357014468787983,5
LBrands,H4,TrendFollowing,"fast=10,slow=30",-0.6041839464815627,0.49646678780537046,-0.0780088734466386,0.9835316560517181,4999,True,4,0.5691148472161011,5
LBrands,H4,TrendFollowing,"fast=13,slow=34",0.0887847066489762,0.4982838683626085,0.011463252459032994,1.0024430927678831,4999,True,4,0.8630941137571496,5
LBrands,H4,VolatilityExpansion,"ema=50,mult=1.5",0.46167365325204257,0.5022298456260721,0.07534778108295469,1.0214202963145564,2940,True,5,0.868132414194188,5
LBrands,H4,VolatilityExpansion,"ema=20,mult=2.0",0.20322511255752962,0.5,0.05098917923641761,1.0235885836779246,1143,True,4,0.7930474337874026,5
LBrands,H4,VolatilityExpansion,"ema=50,mult=2.0",0.7044504434338321,0.5010761945759793,0.1258038606778556,1.0409597737591425,2342,True,4,0.8736064946960338,5
LBrands,H4,VolatilityExpansion,"ema=50,mult=2.5",0.7998543335461358,0.5032537960954447,0.15324517986941952,1.0574921442739629,1859,True,5,0.9969268118853224,5
LBrands,H4,VolatilityExpansion,"ema=50,mult=3.0",0.7966442071594979,0.5057471264367817,0.16513963512415977,1.0714577069596207,1491,True,5,1.0525585194959695,5
LBrands,H4,VolatilityExpansion,"ema=50,mult=3.5",0.4330538088897383,0.5075154730327144,0.10506001948788325,1.0502804948445457,1139,True,4,0.656779214025737,5
LBrands,M15,TrendFollowing,"fast=5,slow=20",0.1366617604072785,0.49643306756189676,0.06171201879936952,1.0150289973488897,4999,True,4,0.2411628133296504,5
LBrands,M15,TrendFollowing,"fast=8,slow=21",-0.12684579712789457,0.4930759546789761,-0.05727938817766073,0.9862497172985292,4999,True,5,0.24197594464411298,5
LBrands,M15,TrendFollowing,"fast=10,slow=30",-0.0002514543686692461,0.502308015107008,-0.0001135477795819021,0.9999725536297404,4999,True,5,0.2732033679179424,5
LBrands,M15,TrendFollowing,"fast=13,slow=34",-0.047365042570967186,0.5033571128829207,-0.021388374855559958,0.9948433408715414,4999,True,4,0.18002562219230578,5
LBrands,M15,TrendFollowing,"fast=21,slow=55",0.24870050080888084,0.5115400755350399,0.11230704256598557,1.0275196835571918,4999,True,5,0.49431338664747826,5
LBrands,M15,TrendFollowing,"fast=34,slow=89",0.16525133632832734,0.5044062106588334,0.07462240472330811,1.0182016700807335,4999,True,4,0.38845752372274145,5
LBrands,M15,TrendFollowing,"fast=50,slow=200",0.1638808624056879,0.4995803608896349,0.0740035274770294,1.0180493564318573,4999,True,4,0.27086836294633754,5
LBrands,M15,VolatilityExpansion,"ema=20,mult=1.5",0.050094655572988755,0.49363507779349364,0.04272302378597992,1.0163844708282659,1473,True,5,0.2883060121405093,5
LBrands,M15,VolatilityExpansion,"ema=50,mult=1.5",0.12298943691766262,0.502330584438867,0.06817475582664385,1.0226773262251545,2919,True,5,0.3458018870234183,5
LBrands,M15,VolatilityExpansion,"ema=20,mult=2.0",0.028101056876139174,0.5054021608643458,0.030093943264112206,1.0146091183444976,861,True,5,0.20067281026106454,5
LBrands,M15,VolatilityExpansion,"ema=50,mult=2.0",-0.08375657087797539,0.4944171505136222,-0.06320156306909949,0.9810595161962629,2340,True,5,0.20378491682464894,5
LBrands,M15,VolatilityExpansion,"ema=20,mult=2.5",0.10577321075875001,0.5151515151515151,0.1370263515939923,1.0857854721563627,507,True,4,0.11453894362062389,5
LBrands,M15,VolatilityExpansion,"ema=50,mult=2.5",-0.09192313646979144,0.4899713467048711,-0.07584638983147765,0.9742580034385746,1821,True,5,0.2204809467640606,5
LBrands,M15,VolatilityExpansion,"ema=50,mult=3.0",-0.1208334686362228,0.4848012470771629,-0.10873130660684763,0.9571956848869924,1335,True,5,0.20167708869869494,5
LBrands,M15,VolatilityExpansion,"ema=50,mult=3.5",-0.07426246526659219,0.4923413566739606,-0.0789733017453911,0.9637870072152357,946,True,5,0.1935167515379851,5
LamResearch,H1,MeanReversion,"window=20,z=2.5",-0.19459172825170223,0.4666666666666667,-0.31778242122385203,0.7385113789453922,181,True,4,0.018081675014695375,5
LamResearch,H1,MeanReversion,"window=20,z=2.75",-0.1144227272706615,0.4528301886792453,-0.22265754531434534,0.7575400457021315,105,True,4,0.06206673749309666,5
LamResearch,H1,MeanReversion,"window=20,z=3.0",0.03173805865841495,0.4339622641509434,0.09655680386165688,1.1678099913219553,52,True,4,0.08517129984781346,5
LamResearch,H1,VolatilityExpansion,"ema=20,mult=2.5",0.4119287060801595,0.5547752808988764,0.37655013863852466,1.2074835411057951,714,True,4,0.084149973671795,5
LamResearch,H4,MeanReversion,"window=50,z=2.0",-0.06214978749875355,0.4801178203240059,-0.03176532697021333,0.984248393071407,695,True,4,0.08142329292274231,5
LamResearch,H4,TrendFollowing,"fast=21,slow=55",1.4005858006094998,0.5176085176085176,0.23895371989999278,1.046370057577411,4999,True,5,1.5897135534681432,5
LamResearch,H4,TrendFollowing,"fast=50,slow=200",2.3912223753932107,0.5178132678132679,0.4080546182354468,1.0804875736567063,4999,True,4,1.1882755522387916,5
LamResearch,H4,VolatilityExpansion,"ema=20,mult=1.5",-0.3958005940902284,0.5096463022508039,-0.11845846854445101,0.9651490572826862,1907,True,4,0.26169881978661824,5
LamResearch,H4,VolatilityExpansion,"ema=50,mult=1.5",-0.12446357431549127,0.5149152542372881,-0.028187283133181053,0.9931449011497484,3025,True,4,0.732919760152972,5
LamResearch,H4,VolatilityExpansion,"ema=50,mult=2.0",-0.29573437346604603,0.5158965663416702,-0.07630868285099104,0.9792269188739139,2418,True,4,0.32838585242052054,5
LamResearch,H4,VolatilityExpansion,"ema=20,mult=3.5",0.47270896269671325,0.6190476190476191,0.5106836659687295,1.7862037192311262,149,True,4,0.3015107807920795,5
LamResearch,M15,MeanReversion,"window=100,z=2.25",0.17671177763309986,0.5127478753541076,0.3199308418332516,1.2899008212719631,354,True,4,0.023887228296055052,5
LamResearch,M15,MeanReversion,"window=100,z=2.5",0.21907204628312316,0.5786516853932584,0.5159547080151218,1.757198034311574,179,True,4,0.017912031085736912,5
LamResearch,M15,MeanReversion,"window=50,z=2.75",0.009935922973757338,0.5163043478260869,0.0250814551518708,1.0225839050800487,185,True,4,0.048900152386602724,5
LockheedMartin,H1,TrendFollowing,"fast=5,slow=20",0.0010191872969015359,0.49729078868151716,0.0005883151998600001,1.0001303343075116,4999,True,4,0.14929118735319935,5
LockheedMartin,H1,TrendFollowing,"fast=10,slow=30",0.11770582313023892,0.4974914710014048,0.06794507687125204,1.0151654431783708,4999,True,4,0.1981373864033097,5
LockheedMartin,H4,MeanReversion,"window=100,z=2.25",0.11557865523929955,0.49044585987261147,0.09724334021184376,1.0708066720130098,474,True,4,0.16976695899676753,5
LockheedMartin,H4,TrendFollowing,"fast=21,slow=55",0.3893667267637525,0.5099297893681043,0.12153285392261183,1.0247144101092758,4999,True,4,0.705600729373663,5
LockheedMartin,H4,TrendFollowing,"fast=34,slow=89",-0.05299680164055787,0.5085255767301906,-0.016541390985659484,0.9966826877526078,4999,True,4,0.3176197438640971,5
LockheedMartin,H4,TrendFollowing,"fast=50,slow=200",-0.40866572142205626,0.5133400200601805,-0.12755701990699525,0.9747013542394269,4999,True,4,0.3013258694948424,5
LockheedMartin,H4,VolatilityExpansion,"ema=20,mult=3.5",0.09187636063788551,0.4742268041237113,0.16633885214665176,1.2512567301821838,96,True,4,0.09810922655582477,5
LockheedMartin,M15,MeanReversion,"window=20,z=1.75",0.23281183613134737,0.5193548387096775,0.4498968105792085,1.2447989725221469,933,True,5,0.15797811011592877,5
LockheedMartin,M15,MeanReversion,"window=20,z=2.0",0.2118230539001068,0.5278246205733558,0.4932616428549716,1.3332617311181614,594,True,4,0.0893687177779724,5
LockheedMartin,M15,MeanReversion,"window=50,z=2.0",0.38440742562256924,0.5594405594405595,0.8071649215280193,1.8038132891537328,575,True,5,0.1387842514194113,5
LockheedMartin,M15,MeanReversion,"window=20,z=2.25",0.25577469627073857,0.5434173669467787,0.7614889746571799,1.7141291237946326,358,True,4,0.06920234463064534,5
LockheedMartin,M15,MeanReversion,"window=50,z=2.25",0.32684059363842166,0.5601092896174863,0.7426641276649977,2.0574805100206626,367,True,4,0.1384741386283027,5
LockheedMartin,M15,MeanReversion,"window=20,z=2.5",0.21806970413160842,0.5972222222222222,0.7968265471041558,2.0370673381237,217,True,4,0.07541475626224459,5
LockheedMartin,M15,MeanReversion,"window=50,z=2.5",0.23389653884578998,0.5625,0.5622519686086294,2.0647860646939584,224,True,4,0.11905750856859443,5
LockheedMartin,M15,MeanReversion,"window=20,z=2.75",0.12742281053433302,0.5766423357664233,0.6444713711188678,1.9790626065507624,138,True,4,0.04726795897097602,5
LockheedMartin,M15,TrendFollowing,"fast=8,slow=21",0.11976850856195376,0.4919257165926524,0.10287435207274699,1.0257013248286406,4999,True,4,0.053221596265861315,5
LockheedMartin,M15,TrendFollowing,"fast=10,slow=30",-0.005000885138188194,0.4947517157852241,-0.0042953864813089085,0.9989410283867242,4999,True,4,0.09396728901652196,5
LockheedMartin,M15,VolatilityExpansion,"ema=50,mult=2.0",0.002675417403897984,0.4936655405405405,0.0028543762147572585,1.001088590274243,2385,True,4,0.1228589407070495,5
LockheedMartin,M15,VolatilityExpansion,"ema=50,mult=2.5",-0.014060301061696867,0.48946515397082657,-0.015851612117420127,0.9928855245385474,1866,True,4,0.08802985923917273,5
LundinEnergy,H1,MeanReversion,"window=50,z=1.75",0.5811060760586667,0.5332555425904317,0.3463812612424121,1.1583702776045743,961,True,4,0.21716387358687206,5
LundinEnergy,H1,MeanReversion,"window=100,z=2.0",0.4750147742831947,0.5284178187403994,0.3289024103040025,1.1631361907846276,734,True,4,0.10585156722477873,5
LundinEnergy,H1,TrendFollowing,"fast=5,slow=20",-1.1112593151147263,0.48798730734360835,-0.30581215285693353,0.9432958529130161,4999,True,4,0.17934641973670185,5
LundinEnergy,H4,MeanReversion,"window=20,z=1.5",-0.6266833022188519,0.5120056497175142,-0.17842656132884482,0.938439761693523,1456,True,4,0.049102604034456654,5
LundinEnergy,H4,MeanReversion,"window=50,z=1.5",-1.6898958188765174,0.5098814229249012,-0.2986863284813027,0.8564788215228619,1558,True,4,0.24760486637396995,5
LundinEnergy,H4,MeanReversion,"window=100,z=1.5",-0.16046093995256572,0.5037288135593221,-0.04684973364505312,0.9842069138275814,1522,True,4,0.2454882124685499,5
LundinEnergy,M15,MeanReversion,"window=20,z=1.5",2.28025217414151,0.645933014354067,1.9119420109326632,2.213865080183666,1172,True,4,0.4927335780000336,5
LundinEnergy,M15,MeanReversion,"window=50,z=1.5",1.5492773637446682,0.59192348565356,1.1094605634513248,1.5780198909559005,1335,True,5,0.5222250265921121,5
LundinEnergy,M15,MeanReversion,"window=100,z=1.5",1.3441535088690904,0.5792181069958847,0.9672206102736169,1.4699217644885885,1422,True,5,0.40972899143402464,5
LundinEnergy,M15,MeanReversion,"window=20,z=1.75",1.6407791107644432,0.6432432432432432,1.585344370793523,2.246755810514149,739,True,4,0.41821929745925157,5
LundinEnergy,M15,MeanReversion,"window=50,z=1.75",1.2758091172684223,0.6012084592145015,1.1488475247174608,1.6989797562352524,938,True,5,0.2595596931352787,5
LundinEnergy,M15,MeanReversion,"window=100,z=1.75",0.7417483926046521,0.5672514619883041,0.6533588856981366,1.350193570849279,980,True,4,0.1697611259382894,5
LundinEnergy,M15,MeanReversion,"window=20,z=2.0",1.1734286284781699,0.6753623188405797,1.3489195414421995,2.395880855767834,443,True,4,0.3164297680005771,5
LundinEnergy,M15,MeanReversion,"window=50,z=2.0",1.0495109296174159,0.6328828828828829,1.1272804858229706,1.9182604228478113,601,True,5,0.3013048594980253,5
LundinEnergy,M15,MeanReversion,"window=100,z=2.0",0.5877286201583275,0.5824847250509165,0.5935076419273171,1.3879205356581732,681,True,4,0.1259421429697637,5
LundinEnergy,M15,MeanReversion,"window=50,z=2.25",0.6554981019746988,0.6551724137931034,0.8584419516806903,1.9134964210689382,352,True,4,0.13801197149910005,5
LundinEnergy,M15,MeanReversion,"window=100,z=2.25",0.38465899046478913,0.5975232198142415,0.4412541203948867,1.3642674221461768,441,True,4,0.117174394030779,5
LundinEnergy,M15,MeanReversion,"window=50,z=2.5",0.49528782637216906,0.6607142857142857,0.7509920052769871,2.045651639826181,217,True,4,0.09752713134264568,5
LundinEnergy,M15,MeanReversion,"window=100,z=2.5",0.320525519394256,0.6150234741784038,0.4125764833631373,1.4419610723310536,276,True,4,0.10298938120912315,5
MarathonOil,H1,MeanReversion,"window=100,z=1.5",0.08369092207052575,0.512491559756921,0.04603399157345379,1.017331873125622,1522,True,4,0.23084816576975042,5
MarathonOil,H1,MeanReversion,"window=100,z=1.75",-0.05493729898958499,0.5241025641025641,-0.03731698486429282,0.983370258237314,1002,True,4,0.08167643082289522,5
MarathonOil,H4,MeanReversion,"window=20,z=1.5",-0.2966698825591778,0.5064562410329986,-0.06963112238830522,0.9726578754381998,1436,True,4,0.5480748993386059,5
MarathonOil,H4,MeanReversion,"window=50,z=1.5",-0.20745823371474326,0.5203252032520326,-0.04773748969155009,0.9823165631652467,1516,True,5,0.509498628418096,5
MarathonOil,H4,MeanReversion,"window=20,z=1.75",-0.489166503966318,0.5147392290249433,-0.14067208673995313,0.9291027457663942,907,True,4,0.2560938998361898,5
MarathonOil,H4,MeanReversion,"window=50,z=1.75",0.23264544099222262,0.5239043824701195,0.06820887048814206,1.0296897063770818,1034,True,5,0.3324854998412119,5
MarathonOil,H4,MeanReversion,"window=100,z=2.0",-0.5277676092324677,0.5082458770614693,-0.1647966199646912,0.9030752080183149,683,True,4,0.021570027864456165,5
MarathonOil,H4,MeanReversion,"window=50,z=2.25",0.12864187813789363,0.5308310991957105,0.06364896068396976,1.0453683727624725,386,True,4,0.29982434951563797,5
MarathonOil,M15,MeanReversion,"window=100,z=1.5",-0.1792283264437441,0.4983299933199733,-0.2783748423549492,0.8926538040978214,1633,True,4,0.017850828573911848,5
MarathonOil,M15,MeanReversion,"window=20,z=2.5",0.0913553271257812,0.5095541401273885,0.39214956857548056,1.5323744798684944,168,True,4,0.03463046109939216,5
MarathonOil,M15,MeanReversion,"window=20,z=2.75",0.06891743554314522,0.4880952380952381,0.3603888366922174,1.783500667894829,87,True,4,0.031309114582305564,5
MarathonOil,M15,TrendFollowing,"fast=8,slow=21",-0.015398278624903283,0.4952006980802792,-0.014972295472522691,0.9967706695233552,4999,True,4,0.0559191403031819,5
MarathonOil,M15,TrendFollowing,"fast=13,slow=34",0.38112215404000593,0.506544502617801,0.3706795335234073,1.0833965858007424,4999,True,4,0.12639539309347703,5
MarathonOil,M15,TrendFollowing,"fast=50,slow=200",0.21315805424029477,0.5095986038394416,0.207278757186326,1.0458012483606662,4999,True,4,0.16343825918025645,5
MarathonOil,M15,VolatilityExpansion,"ema=20,mult=1.5",0.00525308460838092,0.4926984126984127,0.007846011978248402,1.0029641709647745,1701,True,4,0.10190591346165523,5
MarathonOil,M15,VolatilityExpansion,"ema=50,mult=1.5",0.14184026147866657,0.5081792318634424,0.1710990464277752,1.0487433460965827,3070,True,4,0.09389705506008095,5
MarathonOil,M15,VolatilityExpansion,"ema=20,mult=2.5",0.029986180583254085,0.49473684210526314,0.05586723979950299,1.0404999952794007,610,True,4,0.09629684808595063,5
MarathonOil,M15,VolatilityExpansion,"ema=50,mult=3.0",0.14310720690877277,0.5055401662049861,0.22167239303790015,1.0946012559359442,1564,True,4,0.08912971886887033,5
MetsoOutotec,H1,MeanReversion,"window=20,z=2.5",0.012012490370547857,0.5161290322580645,0.031397930158457404,1.0331469177975274,157,True,4,0.02541610195683275,5
MetsoOutotec,H1,TrendFollowing,"fast=5,slow=20",0.33699293557902443,0.5044449038660327,0.15790437368770413,1.0332944505094885,4999,True,4,0.3326838957698025,5
MetsoOutotec,H1,TrendFollowing,"fast=8,slow=21",0.1029288062522613,0.5007235890014472,0.048227063011066496,1.010052989339864,4999,True,4,0.3389171132067862,5
MetsoOutotec,H1,TrendFollowing,"fast=10,slow=30",0.34535417814557334,0.5025842464337399,0.16182259331153442,1.034134629031821,4999,True,4,0.4120726374013012,5
MetsoOutotec,H1,TrendFollowing,"fast=13,slow=34",0.3608497048253423,0.5042381641513335,0.1690841378274806,1.0356935324746275,4999,True,4,0.30791034594218847,5
MetsoOutotec,H1,TrendFollowing,"fast=21,slow=55",0.15638286135099255,0.4972090138515609,0.07327328401916781,1.0153137873036344,4999,True,4,0.17090238527750412,5
MetsoOutotec,H1,TrendFollowing,"fast=34,slow=89",0.4117696412057894,0.4972090138515609,0.1929471116639319,1.0408331230904215,4999,True,4,0.24108170292120568,5
MetsoOutotec,H1,VolatilityExpansion,"ema=50,mult=1.5",0.3356262082627578,0.5024787535410765,0.19707184029231903,1.05603178697566,2917,True,4,0.23980226189884424,5
MetsoOutotec,H4,TrendFollowing,"fast=5,slow=20",2.4514083271716958,0.511854103343465,0.5412831142727801,1.1072931255589848,4999,True,4,0.3368090985868808,5
MetsoOutotec,H4,TrendFollowing,"fast=8,slow=21",1.9737738938127083,0.5100303951367782,0.4357299637733005,1.0854944101002224,4999,True,4,0.4409865009232965,5
MetsoOutotec,H4,TrendFollowing,"fast=10,slow=30",2.031472008029352,0.5150962512664641,0.4484774127196699,1.0881037100628146,4999,True,5,1.0190751630675583,5
MetsoOutotec,H4,TrendFollowing,"fast=13,slow=34",1.697105625804202,0.5130699088145897,0.3746159323647338,1.0730726198676204,4999,True,5,1.1638488412312045,5
MetsoOutotec,H4,TrendFollowing,"fast=21,slow=55",0.28826636423274055,0.505775075987842,0.06361417668523023,1.0120465666523457,4999,True,5,1.100931993535005,5
MetsoOutotec,H4,TrendFollowing,"fast=34,slow=89",0.3510325365922706,0.5067882472137791,0.07746561921241205,1.0146888107787078,4999,True,5,1.3342860425636869,5
MetsoOutotec,H4,VolatilityExpansion,"ema=50,mult=1.5",1.6327053359773946,0.51775956284153,0.4510704600981045,1.1186124124102592,2968,True,5,0.5214829922736105,5
MetsoOutotec,H4,VolatilityExpansion,"ema=50,mult=2.5",0.8447011133969244,0.5127478753541076,0.2860898373088325,1.0965030145843346,1790,True,4,0.14787996563739592,5
MetsoOutotec,M15,MeanReversion,"window=100,z=1.5",0.09113392073120297,0.5167130919220055,0.17199927706259852,1.0624392800286053,1573,True,4,0.09790780909015717,5
MicrochipTechnology,H1,VolatilityExpansion,"ema=20,mult=3.0",0.41337256820255586,0.563573883161512,0.4461425712897574,1.4136645085412856,291,True,4,0.24881804724405743,5
MicrochipTechnology,H1,VolatilityExpansion,"ema=20,mult=3.5",0.2109220108826727,0.5562913907284768,0.32541078807772206,1.4014350953392367,150,True,4,0.11349869360950882,5
MicrochipTechnology,H4,MeanReversion,"window=50,z=1.5",0.8873993958854083,0.5130039011703511,0.25799302237649197,1.0978876457392293,1556,True,4,0.18353876959029347,5
MicrochipTechnology,H4,MeanReversion,"window=50,z=1.75",0.7431809477877973,0.5275049115913556,0.2803622364781098,1.1251382178660962,1030,True,4,0.22746110764749627,5
MicrochipTechnology,H4,MeanReversion,"window=50,z=2.0",0.835349367671421,0.5365448504983389,0.3888805266059622,1.236681154215582,610,True,4,0.28485518333120274,5
MicrochipTechnology,H4,TrendFollowing,"fast=5,slow=20",0.21356462755278627,0.49716139497161393,0.038686986642536995,1.0074890645479138,4999,True,4,0.3131789768040725,5
MicrochipTechnology,H4,VolatilityExpansion,"ema=20,mult=3.5",0.06509535929712063,0.47863247863247865,0.058876907120190565,1.0747502243852485,120,True,4,0.17640698274571764,5
MicrochipTechnology,M15,MeanReversion,"window=20,z=1.5",0.5046358510030057,0.536697247706422,0.406382636023679,1.1915911829579442,1339,True,4,0.1807096425863738,5
MicrochipTechnology,M15,MeanReversion,"window=50,z=1.5",0.12111180507681152,0.5110098709187547,0.10849000964637354,1.045901098762143,1337,True,4,0.15897917035629827,5
MicrochipTechnology,M15,MeanReversion,"window=20,z=1.75",0.1754088295214793,0.5228070175438596,0.16070502737728942,1.0887305020696953,870,True,4,0.13192439508155263,5
MicrochipTechnology,M15,MeanReversion,"window=20,z=2.75",0.025306543966013395,0.4696969696969697,0.04398129321747217,1.056012139012506,132,True,4,0.04898139004206803,5
MicrochipTechnology,M15,VolatilityExpansion,"ema=20,mult=3.5",-0.00021805834767485432,0.5555555555555556,-0.00037313830200259146,0.9996184281677734,170,True,4,0.04048485233075172,5
MotorOil,H1,MeanReversion,"window=50,z=1.5",-0.3482504185591281,0.47804878048780486,-0.3205341399822587,0.8944809341264081,1585,True,4,0.05948996445710253,5
MotorOil,H1,MeanReversion,"window=50,z=1.75",-0.3185545735479598,0.4754601226993865,-0.36533034614543036,0.8586998029655112,1071,True,4,0.05968049707304468,5
MotorOil,H1,MeanReversion,"window=50,z=2.25",-0.29266463546275023,0.4588859416445623,-0.5130462478774781,0.7039537062327335,412,True,5,0.03875561244401082,5
MotorOil,H1,MeanReversion,"window=20,z=2.5",-0.04278102511053905,0.4722222222222222,-0.14720784114892704,0.8722216023709035,153,True,4,0.023815020960561206,5
MotorOil,H1,TrendFollowing,"fast=34,slow=89",-0.23032992307450428,0.5015398152221734,-0.12234873305108208,0.9771603746653978,4999,True,4,0.2750960193219021,5
MotorOil,H4,MeanReversion,"window=100,z=1.75",-0.2282215007015821,0.5068627450980392,-0.11063358696538123,0.9494321744570282,1063,True,4,0.05908344167273427,5
MotorOil,H4,TrendFollowing,"fast=5,slow=20",0.7649990457902028,0.5075917334458034,0.2138115441072945,1.042981305976762,4999,True,4,0.3872199865469057,5
MotorOil,M15,TrendFollowing,"fast=34,slow=89",0.3964019678210505,0.5160800202582932,0.3968286848681871,1.094004266405563,4999,True,4,0.07458200751966981,5
MotorOil,M15,VolatilityExpansion,"ema=50,mult=1.5",0.16235219661535794,0.5152568559289301,0.19799381032330363,1.0573470844526205,3251,True,4,0.09691383825470423,5
MotorOil,M15,VolatilityExpansion,"ema=20,mult=2.0",-0.02606282761485057,0.49624060150375937,-0.050289088897282584,0.9798915828669039,1301,True,5,0.09131949803061568,5
MotorOil,M15,VolatilityExpansion,"ema=50,mult=2.0",0.10895387385847732,0.5112851220635651,0.14023037314201198,1.0452265889406336,2741,True,4,0.06368673658340385,5
MotorOil,M15,VolatilityExpansion,"ema=20,mult=2.5",-0.02877950341550317,0.5007610350076104,-0.06353558552082782,0.9666571015473925,808,True,4,0.04692417300492313,5
MotorOil,M15,VolatilityExpansion,"ema=20,mult=3.0",0.01859506882358497,0.5049261083743842,0.051288108167709616,1.0337936559235779,482,True,5,0.05241794835562952,5
MotorOil,M15,VolatilityExpansion,"ema=20,mult=3.5",6.46405195992017e-05,0.5161290322580645,0.00020354908531360023,1.0001750565170997,290,True,4,0.04859174612919026,5
NatWest,H1,MeanReversion,"window=100,z=1.5",0.02751391708464712,0.5017835909631391,0.027739374212077613,1.0091571729965871,1759,True,4,0.09779152474437613,5
NatWest,H1,TrendFollowing,"fast=5,slow=20",0.37148634842344574,0.5039632874426366,0.21050164347430736,1.043197982030916,4999,True,4,0.22170439430304634,5
NatWest,H1,TrendFollowing,"fast=8,slow=21",0.43905997433404853,0.5052148518982061,0.24880072278055224,1.0512571076865467,4999,True,4,0.20874810969728586,5
NatWest,H1,TrendFollowing,"fast=13,slow=34",0.5324860613380585,0.5050062578222778,0.30175964201079586,1.062504798776316,4999,True,4,0.22389259687331298,5
NatWest,H1,TrendFollowing,"fast=50,slow=200",0.07593957933531026,0.5123070504797663,0.04302731322221511,1.0086813925296862,4999,True,5,0.38807617205365985,5
NatWest,H1,VolatilityExpansion,"ema=20,mult=1.5",0.3180416926551751,0.5021691973969631,0.29591954501479173,1.0959118749120922,1908,True,4,0.2365557843397692,5
NatWest,H1,VolatilityExpansion,"ema=50,mult=1.5",0.33456759890986676,0.5106171201061712,0.2371521413854613,1.0615194113525794,3143,True,4,0.23138850380811782,5
NatWest,H1,VolatilityExpansion,"ema=20,mult=2.0",0.24631419448568892,0.49784296807592754,0.28626480520454656,1.1174245805128484,1201,True,4,0.3180451358407399,5
NatWest,H1,VolatilityExpansion,"ema=50,mult=2.0",0.42070708224719355,0.5151637687019814,0.33269895236609665,1.096174098431457,2578,True,4,0.29294792853761065,5
NatWest,H1,VolatilityExpansion,"ema=20,mult=2.5",0.2145047801865556,0.4992526158445441,0.33429359539301257,1.1847573616904996,694,True,4,0.2726467435147134,5
NatWest,H1,VolatilityExpansion,"ema=50,mult=2.5",0.5083400696918281,0.525049115913556,0.4543105230209965,1.144960497926646,2128,True,4,0.33050038145227234,5
NatWest,H1,VolatilityExpansion,"ema=50,mult=3.0",0.4070455884611689,0.5264116575591985,0.4065709934433394,1.1457722838654105,1724,True,4,0.2640161079249217,5
NatWest,H1,VolatilityExpansion,"ema=50,mult=3.5",0.23822298715809698,0.5139103554868625,0.2717951890897225,1.1067967811904447,1362,True,4,0.27314912666217417,5
NatWest,H4,MeanReversion,"window=20,z=2.5",-0.058684569101872586,0.5153846153846153,-0.07816334441495401,0.9094805205890923,131,True,4,0.05041749616223434,5
NatWest,M15,MeanReversion,"window=20,z=1.5",0.024027389483243233,0.5129151291512916,0.050489467321800145,1.0191228078461976,1488,True,4,0.11501930408515426,5
NatWest,M15,MeanReversion,"window=50,z=1.5",-0.03339312367809022,0.4841795437821928,-0.08184847441238555,0.9732436017517095,1500,True,4,0.04832372037235633,5
NatWest,M15,MeanReversion,"window=100,z=1.5",-0.0335492283732427,0.4918588873812754,-0.0768097316681496,0.9755426219263893,1614,True,4,0.03984240892784563,5
NatWest,M15,MeanReversion,"window=20,z=1.75",0.03652168913906384,0.5189125295508275,0.08910568269967074,1.0446300871118166,925,True,4,0.09294011072999575,5
NatWest,M15,MeanReversion,"window=50,z=1.75",-0.0698037700582983,0.482646420824295,-0.20657543841689366,0.920239430790881,1025,True,4,0.04146452230491371,5
NatWest,M15,MeanReversion,"window=20,z=2.0",0.005952532279685507,0.5158102766798419,0.015947740597737927,1.0104488332311072,547,True,4,0.06981582550876786,5
NatWest,M15,MeanReversion,"window=50,z=2.0",-0.030255136320372356,0.4827586206896552,-0.11136719632436078,0.9446375106837399,648,True,4,0.05047661777369283,5
NatWest,M15,MeanReversion,"window=100,z=2.0",0.011220314491134475,0.4890190336749634,0.03603731302553992,1.0171982693949047,746,True,4,0.047935029713574884,5
NatWest,M15,MeanReversion,"window=20,z=2.25",-0.05274251166778665,0.4863013698630137,-0.16387493325435865,0.8658236437670909,311,True,4,0.022025803782562692,5
NatWest,M15,MeanReversion,"window=50,z=2.25",0.06441228701445845,0.5142045454545454,0.29021121196760363,1.2109274225510411,387,True,5,0.0576679343709815,5
NatWest,M15,MeanReversion,"window=50,z=2.5",0.06565605916542405,0.5333333333333333,0.3339346789129643,1.3290448490351134,229,True,5,0.04276331048649917,5
NationalGrid,H1,MeanReversion,"window=100,z=1.5",-0.18121225988783374,0.48830995323981297,-0.2327453294953128,0.9162578708832371,1598,True,4,0.04135384529823816,5
NationalGrid,H1,VolatilityExpansion,"ema=20,mult=2.5",0.29823693910440197,0.5459662288930581,0.5058030303542116,1.4378657866648015,560,True,4,0.040780315342337614,5
NationalGrid,H1,VolatilityExpansion,"ema=20,mult=3.0",0.18234192755890732,0.5291970802919708,0.34116603544067853,1.4566726136265915,286,True,4,0.014590905758211536,5
NationalGrid,H1,VolatilityExpansion,"ema=50,mult=3.0",0.20519369925481956,0.5155071248952221,0.28333760049264173,1.1310103615271412,1274,True,4,0.026058751999229024,5
NationalGrid,H4,VolatilityExpansion,"ema=20,mult=3.0",0.16116723280699785,0.5260115606936416,0.24290539812507012,1.3092402943240196,177,True,4,0.23916863083185802,5
NationalGrid,M15,MeanReversion,"window=50,z=1.5",0.08798539335905997,0.5131056393963463,0.2747759407378096,1.099331490199758,1471,True,4,0.030623732183389207,5
NationalGrid,M15,MeanReversion,"window=50,z=1.75",0.04846517211657486,0.5110851808634772,0.17397660709775883,1.0759403137589707,980,True,4,0.027726825014814493,5
NationalGrid,M15,MeanReversion,"window=50,z=2.0",0.037886639609960304,0.5202952029520295,0.17641323303336343,1.0930512846401148,618,True,4,0.02692496779784903,5
NokianTyres,H1,MeanReversion,"window=20,z=1.75",0.366148589354545,0.5205949656750573,0.33634756401716354,1.208757094719739,918,True,4,0.22990282249527783,5
NokianTyres,H1,MeanReversion,"window=20,z=2.0",0.31718859260769316,0.53125,0.33071350143315226,1.3055584010557473,533,True,4,0.20616762822757395,5
NokianTyres,H1,MeanReversion,"window=100,z=2.0",0.3174638485476272,0.5391705069124424,0.2866894071303195,1.2188259235570653,678,True,4,0.06161610525438155,5
NokianTyres,H1,MeanReversion,"window=20,z=2.5",0.16136772771218966,0.5666666666666667,0.3864111370132548,1.5184942274915882,154,True,4,0.03489925487520107,5
NokianTyres,H4,MeanReversion,"window=50,z=2.75",-0.029063498973415647,0.5,-0.03309709225416137,0.9600702898745936,118,True,4,0.06491243064226615,5
NokianTyres,M15,MeanReversion,"window=20,z=1.5",0.5305640573271833,0.5502222222222222,0.7816832755275144,1.3844270558571101,1296,True,5,0.17655710327996266,5
NokianTyres,M15,MeanReversion,"window=20,z=1.75",0.48545837201465225,0.5650929899856938,0.835334186414684,1.5552990235370088,809,True,5,0.14838698586540644,5
NokianTyres,M15,MeanReversion,"window=20,z=2.0",0.3516472418218879,0.5695364238410596,0.6840352886194225,1.5794036610662068,513,True,5,0.10844675103957191,5
NokianTyres,M15,MeanReversion,"window=50,z=2.0",0.23237851278740207,0.5257352941176471,0.4588043612730427,1.3154526165012301,616,True,4,0.05022672569176945,5
NokianTyres,M15,MeanReversion,"window=20,z=2.25",0.2577038866487539,0.5833333333333334,0.7008223143170011,1.668423948224372,314,True,4,0.0642208650300079,5
NokianTyres,M15,MeanReversion,"window=50,z=2.25",0.2473382257185076,0.5657492354740061,0.5474108332678798,1.5471830212562052,366,True,4,0.03984456794780944,5
NokianTyres,M15,MeanReversion,"window=20,z=2.5",0.19225337563129263,0.6011560693641619,0.6017807230263916,1.7027073965652,191,True,4,0.06960687155173007,5
NokianTyres,M15,MeanReversion,"window=50,z=2.5",0.130636839486861,0.5920398009950248,0.41569239189671897,1.4300117750712302,222,True,4,0.01844119224135976,5
NokianTyres,M15,MeanReversion,"window=20,z=2.75",0.10396162548813381,0.5904761904761905,0.4013271374260084,1.5777111539764144,117,True,4,0.04141694407982932,5
NokianTyres,M15,TrendFollowing,"fast=10,slow=30",0.22075667082431016,0.5021459227467812,0.18845335605030217,1.0430759635057603,4999,True,4,0.3247703036188714,5
NokianTyres,M15,TrendFollowing,"fast=13,slow=34",0.32235125281496646,0.5038149737720553,0.2752035685659861,1.0635296897182067,4999,True,4,0.35999711507203225,5
NokianTyres,M15,TrendFollowing,"fast=21,slow=55",0.3420054708572179,0.5081068192656175,0.2919886395433508,1.0675339822975625,4999,True,4,0.4442244945334408,5
NokianTyres,M15,TrendFollowing,"fast=34,slow=89",0.21253425298510986,0.5021459227467812,0.18143318945636625,1.0414382913393296,4999,True,4,0.3883087399314946,5
NokianTyres,M15,TrendFollowing,"fast=50,slow=200",0.3041362346656332,0.5085836909871244,0.2596484265309166,1.0598324392060474,4999,True,5,0.4264221597301656,5
NorfolkSouthern,H1,MeanReversion,"window=50,z=1.5",0.34573142642091637,0.5030100334448161,0.3133474974035691,1.1243658267967016,1499,True,4,0.0809100257029175,5
NorfolkSouthern,H1,MeanReversion,"window=20,z=1.75",0.4007949555696525,0.5422314911366006,0.5051817784645835,1.234880515360723,963,True,4,0.09452295401117772,5
NorfolkSouthern,H1,MeanReversion,"window=50,z=1.75",0.2811976554126383,0.49852507374631266,0.3326728061963722,1.1470841432283536,1020,True,4,0.08298404256985026,5
NorfolkSouthern,H1,MeanReversion,"window=100,z=1.75",0.13856527987109746,0.51363236587511,0.14872663673633396,1.0619248280264844,1142,True,4,0.11134057820483378,5
NorfolkSouthern,H1,MeanReversion,"window=50,z=2.0",0.1183702454606641,0.5061162079510704,0.17729655137159187,1.0928836939010236,657,True,4,0.06350004233058759,5
NorfolkSouthern,H1,MeanReversion,"window=100,z=2.0",0.10032022081613245,0.5168539325842697,0.13105153971440162,1.0691827557211684,715,True,4,0.05303183139948742,5
NorfolkSouthern,H1,MeanReversion,"window=50,z=2.5",0.12050697533529975,0.515748031496063,0.2626239424019762,1.2353608449897822,255,True,4,0.047780181949000355,5
NorfolkSouthern,H4,MeanReversion,"window=50,z=1.5",0.5114231101724518,0.5203562340966921,0.23468038427644478,1.0830742034464045,1575,True,4,0.13366107301571517,5
NorfolkSouthern,H4,MeanReversion,"window=20,z=1.75",0.5296954964477021,0.5176991150442478,0.32439839291658124,1.155900639016459,906,True,4,0.2375089852504514,5
NorfolkSouthern,H4,MeanReversion,"window=50,z=1.75",0.4180297610962468,0.5125482625482626,0.23936912491631415,1.1038611354494297,1039,True,5,0.2716173491688433,5
NorfolkSouthern,H4,MeanReversion,"window=20,z=2.5",-0.006633022163780478,0.48,-0.013728662173808937,0.9860725201776758,149,True,4,0.032932267156519424,5
NorfolkSouthern,H4,TrendFollowing,"fast=8,slow=21",0.3672578432115313,0.49097110754414125,0.09519174461319141,1.018454571050512,4999,True,4,0.9420791630286194,5
NorfolkSouthern,H4,TrendFollowing,"fast=10,slow=30",0.3407284776020404,0.4881621187800963,0.08831521940358619,1.0171100755793625,4999,True,4,0.7381417354273523,5
NorfolkSouthern,H4,TrendFollowing,"fast=13,slow=34",0.8403793476137406,0.49157303370786515,0.21783951610343993,1.0427367678226074,4999,True,4,0.6015672691701495,5
NorfolkSouthern,H4,TrendFollowing,"fast=34,slow=89",0.16645091675952617,0.4895666131621188,0.04314278661166356,1.0083221101053619,4999,True,4,0.5609941317022833,5
NorfolkSouthern,H4,VolatilityExpansion,"ema=20,mult=1.5",-0.4539351363408576,0.47956577266922096,-0.20759889008902024,0.9320483307630706,1570,True,4,0.17247593359437396,5
NorfolkSouthern,H4,VolatilityExpansion,"ema=20,mult=2.0",0.010706955726378697,0.49496080627099664,0.006479947050522178,1.0029402874703135,897,True,4,0.2591647720137634,5
NorfolkSouthern,M15,MeanReversion,"window=20,z=1.5",0.4852182998582344,0.5452586206896551,0.8288157422385243,1.385922492719829,1405,True,5,0.11006432831173585,5
NorfolkSouthern,M15,MeanReversion,"window=50,z=1.5",0.38206799286037274,0.5295389048991355,0.7709942947184562,1.3395517709371587,1408,True,5,0.07529513657379328,5
NorfolkSouthern,M15,MeanReversion,"window=20,z=1.75",0.42028273826309037,0.5544768069039914,0.8100673943247089,1.480252793550068,937,True,5,0.13093684674382577,5
NorfolkSouthern,M15,MeanReversion,"window=50,z=1.75",0.33315781171965864,0.5290948275862069,0.7414422217782562,1.4197316483374807,941,True,5,0.0714282122636054,5
NorfolkSouthern,M15,MeanReversion,"window=20,z=2.0",0.2969900740710556,0.5420875420875421,0.6477524206161185,1.4847725968450425,601,True,5,0.10134032109574365,5
NorfolkSouthern,M15,MeanReversion,"window=50,z=2.0",0.27138971557437486,0.54,0.6748497152116121,1.4834523589684259,609,True,4,0.06037353549669877,5
NorfolkSouthern,M15,MeanReversion,"window=50,z=2.25",0.1878696919612064,0.5478036175710594,0.5450248642385302,1.4781747531873417,394,True,4,0.053147111125003366,5
NorfolkSouthern,M15,MeanReversion,"window=20,z=2.5",0.1002109862269992,0.5517241379310345,0.35539375553857716,1.3814005095972925,232,True,4,0.019116420170286808,5
NorfolkSouthern,M15,MeanReversion,"window=50,z=2.5",0.1305280786500994,0.5335968379446641,0.4214762864873573,1.4653626761653764,257,True,4,0.03128086086831061,5
NorfolkSouthern,M15,MeanReversion,"window=50,z=2.75",0.07899541905994545,0.5568862275449101,0.286520151511805,1.4023879539229671,168,True,4,0.022592476394127536,5
NorfolkSouthern,M15,MeanReversion,"window=50,z=3.0",0.061241814448950604,0.5508474576271186,0.24005828309768804,1.4184220627662516,119,True,5,0.016170070728274588,5
NortonLifeLock,H1,VolatilityExpansion,"ema=20,mult=2.0",0.3177125800855757,0.5096056622851365,0.27187623652386145,1.1418029050179643,1011,True,4,0.08056823410446556,5
NortonLifeLock,H1,VolatilityExpansion,"ema=20,mult=2.5",0.01138435637976265,0.5098039215686274,0.015101891975700643,1.0081100901432507,571,True,4,0.010404095640149547,5
NortonLifeLock,H4,MeanReversion,"window=50,z=1.5",0.827956545619695,0.5168316831683168,0.2723529230405465,1.1237547028327952,1533,True,5,0.5517953321495137,5
NortonLifeLock,H4,MeanReversion,"window=100,z=1.5",1.7183828934008316,0.5020547945205479,0.49850221929854216,1.2791103576190122,1481,True,5,0.7365971910517891,5
NortonLifeLock,H4,MeanReversion,"window=50,z=1.75",0.8882334644404833,0.5287804878048781,0.33120771946319705,1.1950186943870602,1037,True,4,0.35788708937636604,5
NortonLifeLock,H4,MeanReversion,"window=100,z=1.75",1.0516904459960097,0.5099894847528917,0.40903207115882256,1.2616440796481345,967,True,4,0.2862656025790159,5
NortonLifeLock,H4,MeanReversion,"window=100,z=2.0",1.11682084294115,0.5157232704402516,0.475405619311867,1.4119745106954955,646,True,4,0.19399411329326666,5
NortonLifeLock,H4,MeanReversion,"window=20,z=2.25",0.5864122632616127,0.5230263157894737,0.3070692241789716,1.3981345114609671,307,True,4,0.028040506359174766,5
NortonLifeLock,H4,MeanReversion,"window=50,z=2.25",0.3847553656385675,0.5392670157068062,0.2689138322870617,1.2158184126628573,385,True,4,0.2191065694091161,5
NortonLifeLock,M15,MeanReversion,"window=20,z=1.75",0.059800917042200585,0.48032407407407407,0.09954708882291927,1.0546075812832512,930,True,4,0.04371596555560475,5
NortonLifeLock,M15,MeanReversion,"window=50,z=1.75",0.13787976468722307,0.5005537098560354,0.32497426624278575,1.1417094062563977,980,True,5,0.06285210550926124,5
NortonLifeLock,M15,MeanReversion,"window=20,z=2.0",0.05473349817983775,0.47102803738317756,0.12658105576927126,1.0783292709884962,575,True,4,0.04253092694435967,5
NortonLifeLock,M15,MeanReversion,"window=50,z=2.0",0.04120837490363782,0.4722222222222222,0.11332222242652756,1.0601857714821983,615,True,5,0.03412339157549482,5
NortonLifeLock,M15,MeanReversion,"window=50,z=2.25",0.030559941847209227,0.47411444141689374,0.10622445360871281,1.0686253072337488,386,True,4,0.037651447694884155,5
NortonLifeLock,M15,MeanReversion,"window=50,z=2.5",0.004140561850806135,0.4484304932735426,0.017911797269464524,1.014589256036487,236,True,5,0.038698407637861476,5
NortonLifeLock,M15,MeanReversion,"window=50,z=2.75",-0.019647120658409234,0.42657342657342656,-0.0979631312548621,0.9042245159542356,146,True,4,0.02489813509497163,5
NortonLifeLock,M15,TrendFollowing,"fast=5,slow=20",-0.10184663561994822,0.4989106753812636,-0.08814672251339233,0.9800955181357672,4999,True,4,0.027914421831714664,5
NortonLifeLock,M15,TrendFollowing,"fast=21,slow=55",-0.11082706975504941,0.5004357298474945,-0.09591942474074816,0.9783594102125744,4999,True,4,0.055154677711484634,5
NortonLifeLock,M15,TrendFollowing,"fast=34,slow=89",-0.12874724901994805,0.4915032679738562,-0.11142982400668748,0.9749041431750514,4999,True,5,0.10506043906441143,5
NortonLifeLock,M15,TrendFollowing,"fast=50,slow=200",-0.02329684249411279,0.4954248366013072,-0.020162770142446867,0.9954117440507627,4999,True,4,0.03459058914666935,5
NorwegianCruiseLine,H1,MeanReversion,"window=20,z=1.5",0.15698473812714075,0.4871589085072231,0.07822561787531802,1.031002901825317,1290,True,4,0.14135520276772007,5
NorwegianCruiseLine,H1,VolatilityExpansion,"ema=20,mult=3.0",0.4373819617225527,0.5648854961832062,0.39049489847003643,1.283635638934212,408,True,4,0.16228289469143142,5
NorwegianCruiseLine,H1,VolatilityExpansion,"ema=20,mult=3.5",0.42599411072682025,0.5945945945945946,0.4697236329934723,1.5060822919644892,229,True,4,0.12788331159571942,5
NorwegianCruiseLine,M15,TrendFollowing,"fast=10,slow=30",-1.1471825401541977,0.48068303094983994,-0.5230878261537097,0.8790952511941073,4999,True,4,0.07302745469469052,5
NorwegianCruiseLine,M15,VolatilityExpansion,"ema=20,mult=1.5",-0.18719498479073315,0.48820905035054174,-0.15394571959725495,0.9437174956741824,1658,True,4,0.06703666485961912,5
NorwegianCruiseLine,M15,VolatilityExpansion,"ema=50,mult=1.5",-0.23185292486762743,0.4781937475878039,-0.15698275202156084,0.9537497346009051,2757,True,4,0.11618131575572066,5
NorwegianCruiseLine,M15,VolatilityExpansion,"ema=20,mult=2.0",-0.052425692138497015,0.4930555555555556,-0.054490363101597085,0.9759066939782975,1073,True,4,0.20116820468019525,5
NorwegianCruiseLine,M15,VolatilityExpansion,"ema=20,mult=2.5",0.004729936364848419,0.5127055306427504,0.005547499575769571,1.0030639389709477,702,True,4,0.178673276876969,5
NorwegianCruiseLine,M15,VolatilityExpansion,"ema=20,mult=3.0",-0.09489764340929685,0.5035799522673031,-0.1339255979287736,0.9142212196487426,439,True,4,0.07941713601896316,5
NorwegianCruiseLine,M15,VolatilityExpansion,"ema=20,mult=3.5",-0.0037978067160295836,0.5135135135135135,-0.006155891268481526,0.9946130450040679,270,True,4,0.06607592846176313,5
NorwegianCruiseLine,M15,VolatilityExpansion,"ema=50,mult=3.5",-0.12987071422851426,0.48438978240302744,-0.13933309191665816,0.9400701137207513,1124,True,4,0.0638989592004715,5
OReilly,H1,MeanReversion,"window=20,z=1.75",0.18492512369088498,0.4793814432989691,0.27411660975604374,1.1159431961220796,986,True,4,0.08814947406023954,5
OReilly,H1,TrendFollowing,"fast=13,slow=34",-0.16794654108613905,0.5023340775319667,-0.10551530649559258,0.9806536433216478,4999,True,4,0.028380387263669316,5
OReilly,H4,MeanReversion,"window=20,z=1.5",0.22593624384873534,0.5135327635327636,0.13193399736023956,1.0458291344336113,1433,True,4,0.10699006205837136,5
OReilly,H4,MeanReversion,"window=20,z=2.25",0.25038444121999903,0.535593220338983,0.3306471443290531,1.2674999155772988,301,True,4,0.2061036758528476,5
OReilly,H4,MeanReversion,"window=50,z=2.25",-0.009683469263815248,0.48672566371681414,-0.009814652672975311,0.9929238418909332,346,True,4,0.046283012886729646,5
OReilly,H4,MeanReversion,"window=20,z=2.5",0.0394066141743985,0.5323741007194245,0.07615900648069893,1.080513686555703,141,True,4,0.07606515049746632,5
OReilly,H4,MeanReversion,"window=100,z=2.75",0.16793335655014863,0.5333333333333333,0.30112608997636914,1.357675873779055,150,True,4,0.07484180368259308,5
OReilly,H4,VolatilityExpansion,"ema=50,mult=2.0",0.21239768005336457,0.5033419023136246,0.09114112322920012,1.0314187671859363,1992,True,4,0.046253659752564125,5
OReilly,H4,VolatilityExpansion,"ema=20,mult=3.5",0.0414859827340065,0.5277777777777778,0.10030207722632206,1.1631809196303684,72,True,4,0.038375941627227794,5
OReilly,M15,TrendFollowing,"fast=5,slow=20",0.25535014607672035,0.5076131687242799,0.28161974726334654,1.0584619516426617,4999,True,4,0.12580277410556784,5
OReilly,M15,TrendFollowing,"fast=8,slow=21",0.09687582668177674,0.5094650205761316,0.10682770713796504,1.0217843500399135,4999,True,5,0.16743811023587774,5
OReilly,M15,TrendFollowing,"fast=10,slow=30",0.3435073176280462,0.511522633744856,0.3788945326959194,1.079447133368075,4999,True,5,0.27143093372881477,5
OReilly,M15,TrendFollowing,"fast=13,slow=34",0.26735083968683904,0.5113168724279835,0.2948594982681939,1.0612936919666087,4999,True,5,0.24644886441612512,5
OReilly,M15,TrendFollowing,"fast=21,slow=55",0.22712867707315698,0.5113168724279835,0.25048671159336294,1.0518332437521085,4999,True,5,0.1753586553232962,5
OReilly,M15,TrendFollowing,"fast=34,slow=89",0.1622120684852978,0.5123456790123457,0.1788831318052797,1.036746372104957,4999,True,4,0.14297428068450801,5
OReilly,M15,TrendFollowing,"fast=50,slow=200",0.04991561665654942,0.5139917695473251,0.05504244307791815,1.0111655111178839,4999,True,4,0.10200762700341692,5
OReilly,M15,VolatilityExpansion,"ema=50,mult=1.5",-0.027233020121216867,0.5068747677443329,-0.03881783173705725,0.9894744233709057,2763,True,4,0.08556439986132691,5
OReilly,M15,VolatilityExpansion,"ema=50,mult=2.0",0.02045787825312495,0.5136559655007187,0.03169801759025623,1.0100036553647511,2138,True,4,0.08749123347480281,5
OReilly,M15,VolatilityExpansion,"ema=50,mult=2.5",0.008165453371414944,0.5064350064350064,0.013836217721296453,1.0051973232646516,1589,True,5,0.1050214680955559,5
OilwellVarco,H1,MeanReversion,"window=100,z=1.75",0.18829803479111495,0.5027502750275028,0.13808981491093453,1.0629637038988347,944,True,4,0.05541974369739322,5
OilwellVarco,H1,MeanReversion,"window=100,z=2.0",0.007020036163664201,0.502495840266223,0.006391557465236624,1.0034144952740662,617,True,4,0.03324979240793424,5
OilwellVarco,H1,MeanReversion,"window=100,z=2.25",-0.04710553389816097,0.49104859335038364,-0.050945672525281566,0.9661666891662073,397,True,4,0.059138488115833665,5
OilwellVarco,M15,TrendFollowing,"fast=5,slow=20",-0.5215173768089693,0.4917151813703538,-0.2966655617261814,0.9370743777750065,4999,True,4,0.14168297551485187,5
OilwellVarco,M15,TrendFollowing,"fast=8,slow=21",-0.45655038111994417,0.4982086878638603,-0.25969843934639764,0.9446964550210022,4999,True,4,0.12571978688116348,5
PNCFinancial,H1,TrendFollowing,"fast=5,slow=20",0.3891495353017628,0.5001006238679815,0.18264762799660758,1.037311789197594,4999,True,5,0.3723790841702117,5
PNCFinancial,H1,TrendFollowing,"fast=8,slow=21",0.46047310780424533,0.49969812839605554,0.21612912627574704,1.0443017970227615,4999,True,5,0.44641658009221463,5
PNCFinancial,H1,TrendFollowing,"fast=10,slow=30",0.3767717542981551,0.49708190782853695,0.17683737423245613,1.0361035797557772,4999,True,4,0.12198220518303371,5
PNCFinancial,H4,TrendFollowing,"fast=5,slow=20",-0.14789227862590326,0.4986950411563943,-0.0362068850250415,0.9929487949127055,4999,True,4,0.742387141249444,5
PNCFinancial,H4,TrendFollowing,"fast=8,slow=21",-0.14458033498538814,0.4994980927524593,-0.03539605320303616,0.9931061574027676,4999,True,4,0.9063385597202278,5
PNCFinancial,H4,TrendFollowing,"fast=10,slow=30",-0.5552741931062971,0.5005019072475406,-0.1359464747834063,0.9737802828898907,4999,True,4,0.7685760784700109,5
PNCFinancial,H4,TrendFollowing,"fast=21,slow=55",0.35209824484103336,0.503111824934752,0.08620149484359378,1.0169898395078494,4999,True,4,1.0594824886378937,5
PNCFinancial,H4,TrendFollowing,"fast=34,slow=89",0.5239730716264254,0.49989961855049186,0.12828257933108064,1.0253886166734731,4999,True,4,0.8865360972228182,5
PNCFinancial,H4,VolatilityExpansion,"ema=20,mult=1.5",-0.13974206038805181,0.4764237599510104,-0.05930046755571125,0.9799286794327058,1636,True,4,0.4519147339630145,5
PNCFinancial,H4,VolatilityExpansion,"ema=50,mult=1.5",0.21649538149679837,0.49193259232699893,0.06993416066458898,1.018698565169325,2796,True,4,0.6596552740838466,5
PNCFinancial,H4,VolatilityExpansion,"ema=20,mult=2.0",-0.12728832947286373,0.4681528662420382,-0.06984246686629669,0.9694623927023863,942,True,4,0.275292717665919,5
PNCFinancial,H4,VolatilityExpansion,"ema=50,mult=2.0",0.08792430179692134,0.4904021937842779,0.03146484291550786,1.009521537211544,2193,True,4,0.5790302179622945,5
PNCFinancial,H4,VolatilityExpansion,"ema=20,mult=2.5",0.34048014732872456,0.49407114624505927,0.23292790342112876,1.1578428079170842,505,True,4,0.31100235412654786,5
PNCFinancial,H4,VolatilityExpansion,"ema=50,mult=2.5",0.11700709364757278,0.49356223175965663,0.04622228792343508,1.0164595464836552,1632,True,4,0.6083340155206266,5
PNCFinancial,H4,VolatilityExpansion,"ema=20,mult=3.0",0.16640437442484746,0.49615384615384617,0.16729554490289628,1.1534384112035447,259,True,4,0.19278671031753736,5
PNCFinancial,H4,VolatilityExpansion,"ema=50,mult=3.0",0.06247949113121665,0.4925249169435216,0.02955945261921492,1.0122571736989794,1204,True,4,0.339905142407967,5
PNCFinancial,H4,VolatilityExpansion,"ema=50,mult=3.5",-0.02777134782719959,0.4831591173054588,-0.015631609054841965,0.9924219529980942,861,True,4,0.3646086026701527,5
PNCFinancial,M15,MeanReversion,"window=20,z=1.5",0.26388274080837737,0.5302293259207783,0.4153385319374184,1.1734046846531279,1457,True,4,0.12814626801084905,5
PNCFinancial,M15,MeanReversion,"window=100,z=1.5",0.1619161645150271,0.5130890052356021,0.31671273723084997,1.1181171749972318,1549,True,4,0.08752391229354495,5
PNCFinancial,M15,MeanReversion,"window=50,z=1.75",0.2506909452309485,0.5265901981230449,0.6023542406958164,1.2830663980258297,978,True,4,0.07020171815107645,5
PNCFinancial,M15,MeanReversion,"window=100,z=1.75",0.05815734023225272,0.5069306930693069,0.13432083367544825,1.0611658809460418,1026,True,4,0.058653898534154814,5
PNCFinancial,M15,MeanReversion,"window=50,z=2.0",0.17501824547492995,0.5232,0.5223529044491446,1.3022943257817066,638,True,4,0.05119106379218752,5
PNCFinancial,M15,MeanReversion,"window=50,z=2.25",0.08983785068032812,0.5061728395061729,0.32391143267613276,1.2264914202570605,414,True,4,0.021153712619251697,5
PNCFinancial,M15,MeanReversion,"window=100,z=2.5",0.10263952219612227,0.5259259259259259,0.4959490023800511,1.443115472467965,273,True,4,0.014488949335890289,5
PiraeusBank,H1,MeanReversion,"window=100,z=2.25",-0.2053064061773726,0.44591029023746703,-0.2473923205092702,0.8405141810480568,387,True,4,0.02491811519800946,5
PiraeusBank,H1,MeanReversion,"window=50,z=2.5",-0.06096270012984051,0.48660714285714285,-0.11180296614406976,0.9153502021874829,229,True,4,0.06286457054638961,5
PiraeusBank,H1,MeanReversion,"window=50,z=2.75",-0.006646168215696413,0.5,-0.015576766703417252,0.9824613876161449,117,True,4,0.06299763143265691,5
PiraeusBank,H1,TrendFollowing,"fast=13,slow=34",1.200051793897737,0.5146356653518788,0.46814599681842123,1.0940338588781873,4999,True,4,0.290811823977013,5
PiraeusBank,H1,VolatilityExpansion,"ema=20,mult=1.5",0.8928535040851104,0.518993839835729,0.5533340182007802,1.1743988628915374,2016,True,4,0.07664801203492122,5
PiraeusBank,H4,MeanReversion,"window=100,z=1.75",-2.120624017720139,0.4655511811023622,-0.5469766155698583,0.7483919473678908,1045,True,4,0.08606189748010074,5
PiraeusBank,H4,MeanReversion,"window=100,z=2.0",-1.5159250288438568,0.46474358974358976,-0.47707443098331115,0.7257798420236017,642,True,4,0.1932329146553584,5
PiraeusBank,H4,VolatilityExpansion,"ema=20,mult=2.5",1.7856836283371116,0.5508819538670285,0.4513024049602195,1.330300257559329,752,True,5,0.16930755493899274,5
PiraeusBank,M15,MeanReversion,"window=100,z=2.25",-0.05995411961859798,0.5076923076923077,-0.13233747882389305,0.9104306057118343,405,True,4,0.0328754463707398,5
PiraeusBank,M15,TrendFollowing,"fast=13,slow=34",0.029398615316680532,0.5069281603069707,0.021188185554162357,1.0047809120055238,4999,True,4,0.0943277614093847,5
PiraeusBank,M15,TrendFollowing,"fast=21,slow=55",0.09557234567269379,0.5035173736943083,0.06888153864228982,1.015626410965341,4999,True,4,0.18062181790187237,5
PiraeusBank,M15,TrendFollowing,"fast=34,slow=89",0.31939978413658876,0.5139629076955873,0.23022198784733938,1.0531963780847355,4999,True,4,0.1875419240348568,5
PiraeusBank,M15,TrendFollowing,"fast=50,slow=200",0.4487319750303955,0.5139629076955873,0.32347720879840053,1.0755504882480311,4999,True,4,0.2155953856030377,5
PiraeusBank,M15,VolatilityExpansion,"ema=20,mult=2.0",0.04997114928831459,0.5041446872645065,0.061303607633802215,1.0247528235332664,1394,True,4,0.0691040526778105,5
PrudentialFinancial,H1,MeanReversion,"window=100,z=1.75",0.000669007113340836,0.5133587786259542,0.00069348457405202,1.0003354540859637,1060,True,4,0.04530115665647283,5
PrudentialFinancial,H1,MeanReversion,"window=20,z=2.75",0.01946976009620205,0.5346534653465347,0.05977369777352113,1.0832090766157447,101,True,4,0.022828401830635614,5
PrudentialFinancial,H4,MeanReversion,"window=50,z=2.0",0.45606861294025725,0.5524126455906821,0.3018723543352654,1.1799925787279983,605,True,4,0.0763706607366117,5
PrudentialFinancial,H4,MeanReversion,"window=20,z=2.5",0.09304753568586366,0.5390070921985816,0.13286889170390712,1.1547957778347,141,True,4,0.08863455781420182,5
PrudentialFinancial,H4,MeanReversion,"window=50,z=2.5",-0.009501616528030499,0.5144230769230769,-0.010774098326566117,0.9906162890642676,210,True,4,0.0737785289950964,5
PrudentialFinancial,M15,TrendFollowing,"fast=10,slow=30",-0.4260760542465061,0.4973447712418301,-0.3656478231158232,0.9180200767156853,4999,True,4,0.07316881785147333,5
PublicService,H1,MeanReversion,"window=20,z=1.5",0.4663811069975088,0.5291666666666667,0.5305404059916708,1.1951300398600164,1464,True,4,0.1359251197902851,5
PublicService,H1,MeanReversion,"window=20,z=1.75",0.2701394096877556,0.528281750266809,0.3687212935503319,1.1650348350074928,950,True,4,0.08581287570543139,5
PublicService,H1,MeanReversion,"window=20,z=2.5",0.07726678161118383,0.5310344827586206,0.21430425349678991,1.2619341187916284,146,True,4,0.06255119607649462,5
PublicService,H4,MeanReversion,"window=20,z=1.5",0.45736450084298585,0.5226504394861393,0.2596730315315949,1.0951616925495151,1494,True,4,0.1577385311047358,5
PublicService,H4,MeanReversion,"window=20,z=1.75",0.49008437808153227,0.5379609544468547,0.36201263830721875,1.1721242593342,929,True,4,0.26278501649986274,5
PublicService,H4,MeanReversion,"window=50,z=2.0",0.14982255165701353,0.5103011093502378,0.12612598233420277,1.0674610384921366,640,True,4,0.10149752618449992,5
PublicService,M15,MeanReversion,"window=100,z=1.5",0.36910378576456715,0.5193333333333333,0.7546375690797622,1.2971712745066395,1532,True,5,0.1499617421508137,5
PublicService,M15,MeanReversion,"window=20,z=1.75",0.20985669518963512,0.5099061522419187,0.40289293950691596,1.2008402539065748,980,True,4,0.07208046200544771,5
PublicService,M15,MeanReversion,"window=100,z=1.75",0.275817505476186,0.5102459016393442,0.7101482700111802,1.344241431121585,996,True,4,0.10269474632066034,5
PublicService,M15,MeanReversion,"window=50,z=2.0",0.2883049873434951,0.5278246205733558,0.7808174247244684,1.5768641219459902,604,True,4,0.06560395085383386,5
PublicService,M15,MeanReversion,"window=100,z=2.0",0.2319950815154419,0.5371900826446281,0.7455879831107041,1.4780004183592983,615,True,5,0.08436760350692785,5
PublicService,M15,MeanReversion,"window=50,z=2.25",0.18013868721878024,0.518918918918919,0.5824489066108689,1.5436881237051034,378,True,4,0.04376029944313464,5
PublicService,M15,MeanReversion,"window=100,z=2.25",0.11701824100666314,0.521613832853026,0.5308715145364076,1.4166552202836094,355,True,4,0.03624623333874366,5
PublicService,M15,MeanReversion,"window=50,z=2.5",0.1510867614514978,0.5181818181818182,0.5902905893764412,1.8634224715447796,225,True,5,0.039938964996395265,5
PublicService,M15,MeanReversion,"window=20,z=2.75",0.06499596462204937,0.4961832061068702,0.3007528609995015,1.3962866276413233,134,True,4,0.028890318720234398,5
PublicStorage,H1,MeanReversion,"window=100,z=1.5",0.16804615787795585,0.5038961038961038,0.16476459314810823,1.054885774544846,1546,True,4,0.12114121955728174,5
PublicStorage,H1,MeanReversion,"window=100,z=2.25",0.2142343402725544,0.554089709762533,0.36309306042894923,1.2912788022942954,378,True,4,0.057477062622753206,5
PublicStorage,H1,VolatilityExpansion,"ema=20,mult=3.0",0.13862833473199787,0.5263157894736842,0.3282442487384536,1.4111440399777928,172,True,4,0.012382834897846418,5
PublicStorage,H4,MeanReversion,"window=20,z=1.5",0.3365124374594831,0.508,0.18512696737083956,1.0643123486907953,1505,True,4,0.24477288309800316,5
PublicStorage,H4,MeanReversion,"window=50,z=2.0",0.18207110060984277,0.5129449838187702,0.1339647138469306,1.0774314562795893,619,True,4,0.14351137864466812,5
PublicStorage,H4,MeanReversion,"window=20,z=2.25",-0.1370590488798522,0.5062893081761006,-0.17108118869613595,0.8830170757840399,318,True,4,0.08681220608691209,5
PublicStorage,H4,MeanReversion,"window=50,z=2.25",0.173494716344185,0.5160349854227405,0.1686201531430983,1.1341709567037623,342,True,4,0.18554484212910238,5
PublicStorage,H4,MeanReversion,"window=20,z=2.5",0.09921379778719097,0.5298507462686567,0.2104607600677955,1.2531635193975532,133,True,4,0.06691609554090183,5
PublicStorage,H4,MeanReversion,"window=50,z=2.5",0.23179416445970247,0.5304878048780488,0.27823178582820773,1.361564205175182,163,True,5,0.20970603143952637,5
PublicStorage,H4,TrendFollowing,"fast=5,slow=20",-0.10647439546937965,0.5018050541516246,-0.03273572929261274,0.994038772446788,4999,True,4,0.3663718485097618,5
PublicStorage,H4,TrendFollowing,"fast=10,slow=30",-0.6512040107815857,0.4983955074207782,-0.20022925518343362,0.9640883788080317,4999,True,4,0.20414409784326448,5
PublicStorage,H4,TrendFollowing,"fast=13,slow=34",-0.7096755693769048,0.4989971921379864,-0.21821108255579372,0.9609268727560633,4999,True,4,0.4472065097790556,5
PublicStorage,M15,MeanReversion,"window=50,z=1.5",0.27780767611582935,0.5275322909585316,0.4730550103279004,1.1822096882943387,1510,True,5,0.10568226744240627,5
PublicStorage,M15,MeanReversion,"window=20,z=1.75",0.4337093714873551,0.5581896551724138,0.9026731370171307,1.480763621058011,950,True,4,0.13740178631526534,5
PublicStorage,M15,MeanReversion,"window=20,z=2.0",0.36249448742788404,0.584192439862543,0.8779615820013273,1.6076983647126073,596,True,5,0.1856390774752138,5
PublicStorage,M15,MeanReversion,"window=100,z=2.0",0.1410139849285711,0.5390749601275917,0.3260470889680309,1.206076645499052,647,True,4,0.07193499780912471,5
PublicStorage,M15,MeanReversion,"window=20,z=2.25",0.27894292303343016,0.6078431372549019,0.7698979642832049,1.7196899723946784,364,True,5,0.1592580774592267,5
PublicStorage,M15,MeanReversion,"window=50,z=2.25",0.15309017006022874,0.5318066157760815,0.4146148591334184,1.334091952976104,401,True,4,0.038574770244316325,5
PublicStorage,M15,MeanReversion,"window=100,z=2.25",0.10563736374506538,0.5647382920110193,0.27301413699202215,1.2328243924141915,379,True,4,0.061494259765078385,5
PublicStorage,M15,MeanReversion,"window=20,z=2.5",0.08232186031063327,0.5846153846153846,0.30615008861237836,1.347940460409998,200,True,4,0.049400367274124335,5
PublicStorage,M15,MeanReversion,"window=20,z=3.0",0.08208418561246889,0.5932203389830508,0.5924729596844415,2.8243024745811716,61,True,4,0.010286952894581813,5
PublicStorage,M15,TrendFollowing,"fast=21,slow=55",-0.16425904607156983,0.5009185548071035,-0.16676879457475766,0.9687947849385963,4999,True,4,0.07530698421596094,5
RaytheonTech,H1,MeanReversion,"window=20,z=2.0",0.2165603912734232,0.5223880597014925,0.3839624534207674,1.2698369143707957,477,True,4,0.07236073749168448,5
RaytheonTech,H1,TrendFollowing,"fast=10,slow=30",0.0010576744428747453,0.5051713648347191,0.0005434732218459308,1.0001260775093164,4999,True,4,0.3426985692278379,5
RaytheonTech,H1,TrendFollowing,"fast=13,slow=34",0.024472837323088914,0.5065909551815048,0.012575075443464659,1.0029213019386676,4999,True,4,0.3508487056073746,5
RaytheonTech,H1,TrendFollowing,"fast=21,slow=55",0.11926777125044263,0.5114581220847698,0.06128475867894094,1.0143179009618104,4999,True,4,0.3772226707823778,5
RaytheonTech,H1,TrendFollowing,"fast=34,slow=89",0.6193146091348469,0.5098357331170148,0.3182912956846566,1.0766482975769422,4999,True,4,0.23292025160426788,5
RaytheonTech,H1,TrendFollowing,"fast=50,slow=200",0.3303824095842982,0.5086189413911986,0.1697727157776455,1.0401709133223094,4999,True,4,0.3127714906048811,5
RaytheonTech,H1,VolatilityExpansion,"ema=50,mult=2.0",-0.09056825887676923,0.5092802172928927,-0.07989248764734083,0.9760213487867082,2243,True,4,0.16686070680881604,5
RaytheonTech,H4,MeanReversion,"window=20,z=1.75",0.18958891245411613,0.49437052200614123,0.10093248385641891,1.051201998557228,982,True,4,0.07656111004696697,5
RaytheonTech,H4,MeanReversion,"window=20,z=2.0",0.46396408956206026,0.5106761565836299,0.3373188190824181,1.2424954554112695,564,True,4,0.23893443504384915,5
RaytheonTech,H4,MeanReversion,"window=20,z=2.25",0.33207673307992347,0.50814332247557,0.292432350187758,1.307366708945917,308,True,4,0.15949603528787415,5
RaytheonTech,H4,MeanReversion,"window=50,z=2.5",0.27083307164861903,0.5263157894736842,0.26968880651316623,1.3057043947463296,248,True,4,0.06090992084337943,5
RaytheonTech,H4,TrendFollowing,"fast=8,slow=21",0.8091561071857057,0.5102739726027398,0.18753897643959228,1.0448492941408123,4999,True,4,0.8875092052059887,5
RaytheonTech,H4,TrendFollowing,"fast=13,slow=34",0.7316105336460116,0.5072522159548751,0.16956399618671916,1.0404641962641203,4999,True,4,0.9147194459689794,5
RaytheonTech,H4,TrendFollowing,"fast=34,slow=89",0.9214945312377515,0.508460918614021,0.21358019981875004,1.0512354149998424,4999,True,4,1.2602084873297745,5
RaytheonTech,H4,TrendFollowing,"fast=50,slow=200",0.566981221603518,0.5052377115229654,0.13140517575129904,1.0312166951172868,4999,True,4,0.7895904663730557,5
RaytheonTech,H4,VolatilityExpansion,"ema=50,mult=2.5",0.2966300575890657,0.49855741488747835,0.09247190319947338,1.0434979398089699,1745,True,4,0.675463283792526,5
RaytheonTech,M15,MeanReversion,"window=100,z=1.5",0.13853269868060403,0.5,0.2805001509194643,1.1011963771369742,1599,True,4,0.07119457595481471,5
RaytheonTech,M15,MeanReversion,"window=20,z=1.75",0.21090404460550394,0.5057471264367817,0.31041333397944004,1.206565174844443,971,True,4,0.01891111150927649,5
RaytheonTech,M15,MeanReversion,"window=50,z=1.75",0.13005552313817592,0.49345417925478346,0.29201191155392503,1.1389021805382098,1005,True,4,0.06790511822043255,5
RaytheonTech,M15,MeanReversion,"window=100,z=1.75",0.1110961399334498,0.49495875343721357,0.2654120026270411,1.11447501254643,1111,True,5,0.07514982268747028,5
RaytheonTech,M15,MeanReversion,"window=50,z=2.0",0.06958468956090624,0.47987616099071206,0.1767609307757558,1.1053104305713133,653,True,4,0.06515792687600053,5
RaytheonTech,M15,MeanReversion,"window=100,z=2.0",0.10018105761203766,0.502770083102493,0.284006569182009,1.1490342303485033,735,True,4,0.05194664465149601,5
RaytheonTech,M15,MeanReversion,"window=100,z=2.25",0.11649037239159055,0.5105882352941177,0.40027656840822534,1.2876079101582099,431,True,5,0.04999061721764575,5
RaytheonTech,M15,MeanReversion,"window=20,z=3.0",0.029797193980736214,0.5,0.16931831156090962,1.2507685281457837,84,True,4,0.015650736435626755,5
RaytheonTech,M15,TrendFollowing,"fast=10,slow=30",0.2571254441006633,0.5017301038062284,0.21956711932497258,1.0575908743540132,4999,True,4,0.057417857522647164,5
RaytheonTech,M15,VolatilityExpansion,"ema=20,mult=1.5",-0.06349904666364281,0.5056403450564034,-0.090933179517441,0.9624398199768701,1532,True,4,0.0401183851546415,5
ReckittBenckiser,H1,MeanReversion,"window=100,z=1.5",0.5726790598246938,0.5317109144542773,0.5406153285311404,1.3017255402591255,1425,True,4,0.06149138346498395,5
ReckittBenckiser,H1,MeanReversion,"window=100,z=1.75",0.3318389134873517,0.545929018789144,0.40742665670042066,1.2351920483371448,1002,True,4,0.03727163206991646,5
ReckittBenckiser,H1,MeanReversion,"window=100,z=2.0",0.17167984596147778,0.5523809523809524,0.23516489633746432,1.1702429361319024,657,True,4,0.023067885282770706,5
ReckittBenckiser,H1,MeanReversion,"window=100,z=2.25",0.09656280959806807,0.5885558583106267,0.14357466459420393,1.1390104535988088,381,True,4,0.011177209326554194,5
ReckittBenckiser,H1,TrendFollowing,"fast=50,slow=200",-0.1380859176329392,0.48885618166526495,-0.08593385000983339,0.9796966367352852,4999,True,4,0.16679382702878476,5
ReckittBenckiser,H1,VolatilityExpansion,"ema=50,mult=2.5",-0.3593208242080741,0.48067796610169494,-0.3550212181789241,0.8601736187717931,1540,True,4,0.07885334002218902,5
ReckittBenckiser,H1,VolatilityExpansion,"ema=20,mult=3.5",0.07074860197043487,0.42,0.12366982066806494,1.2328401657684496,104,True,4,0.10698313258131065,5
ReckittBenckiser,H4,MeanReversion,"window=20,z=1.5",0.5465792029390988,0.5306122448979592,0.3770992195391688,1.149787572733454,1396,True,4,0.2350199448892254,5
ReckittBenckiser,H4,MeanReversion,"window=20,z=1.75",0.3943055195861316,0.544,0.32269255280113585,1.160359241384563,893,True,4,0.20135654108064804,5
ReckittBenckiser,H4,MeanReversion,"window=50,z=1.75",0.5472672076920372,0.5265306122448979,0.4632551713783875,1.2149489717300077,1000,True,4,0.1541846736775374,5
ReckittBenckiser,H4,MeanReversion,"window=20,z=2.0",0.03016640618613453,0.533066132264529,0.035141217791672744,1.0199555686706538,510,True,4,0.08329863845089691,5
ReckittBenckiser,H4,MeanReversion,"window=20,z=2.25",0.08791594267607383,0.5412186379928315,0.134484592146031,1.1070007649336753,286,True,4,0.04861261272304662,5
ReckittBenckiser,H4,MeanReversion,"window=100,z=2.25",0.315678651998075,0.5682926829268292,0.4041563099764062,1.288504458562601,418,True,4,0.056755337456458,5
ReckittBenckiser,H4,MeanReversion,"window=20,z=2.5",0.052601240074736766,0.5724137931034483,0.10139915240567254,1.1154087186400161,149,True,4,0.06770974993919421,5
ReckittBenckiser,H4,MeanReversion,"window=50,z=2.5",0.21973536819157313,0.5951219512195122,0.38759146370943676,1.3908412597052715,207,True,4,0.05521721363052201,5
ReckittBenckiser,H4,MeanReversion,"window=50,z=2.75",0.15651394950177633,0.6019417475728155,0.3378609445922479,1.514025580358271,102,True,4,0.03665561779942361,5
ReckittBenckiser,M15,MeanReversion,"window=20,z=1.5",0.03872961269338038,0.5191387559808612,0.1249703433829907,1.0460785053355708,1388,True,4,0.021934462077514594,5
ReckittBenckiser,M15,MeanReversion,"window=20,z=2.75",0.021064602608996008,0.5116279069767442,0.20244414042475176,1.3007358824358943,90,True,4,0.01131019186418214,5
RegionsFinancial,H1,MeanReversion,"window=100,z=2.75",0.08525224236844786,0.569620253164557,0.17209632804689529,1.207023028979284,160,True,5,0.03181513623548904,5
RegionsFinancial,H1,TrendFollowing,"fast=5,slow=20",0.15902733403891045,0.49064536472566744,0.06170305507118773,1.0133349869398598,4999,True,4,0.11927267177000478,5
RegionsFinancial,H1,TrendFollowing,"fast=8,slow=21",0.14263009621870137,0.4988438091233971,0.05534079867123798,1.011951805701141,4999,True,4,0.20356967433343076,5
RegionsFinancial,H1,TrendFollowing,"fast=10,slow=30",0.5269859595998315,0.5087239857052764,0.20448746376263813,1.0448819863561312,4999,True,4,0.2981114472363884,5
RegionsFinancial,H1,TrendFollowing,"fast=13,slow=34",0.47726874987051227,0.5072524700441454,0.18519282803175938,1.0405618293105736,4999,True,4,0.20162475596813478,5
RegionsFinancial,H1,TrendFollowing,"fast=50,slow=200",0.5868603446021389,0.5034685726298087,0.22772518465730904,1.0501090894522749,4999,True,4,0.3407074986267382,5
RegionsFinancial,H4,MeanReversion,"window=100,z=2.25",-0.045087931838754924,0.5041095890410959,-0.025885629405786093,0.9810213361272814,372,True,4,0.07553430560655361,5
RegionsFinancial,H4,MeanReversion,"window=50,z=2.75",0.1654193021632946,0.5789473684210527,0.1894197663020798,1.2782531549602298,115,True,4,0.06171879823966819,5
RegionsFinancial,H4,TrendFollowing,"fast=5,slow=20",0.4816772852441248,0.506568144499179,0.09739478716649536,1.0195292549757817,4999,True,5,1.1440777329516774,5
RegionsFinancial,H4,TrendFollowing,"fast=8,slow=21",0.8259330339064112,0.5026683087027914,0.16700914222390797,1.0337221941916939,4999,True,5,1.402282504720917,5
RegionsFinancial,H4,TrendFollowing,"fast=10,slow=30",0.5457515516659525,0.5026683087027914,0.11035114538600797,1.0221558782391875,4999,True,4,1.165605548444719,5
RegionsFinancial,H4,TrendFollowing,"fast=13,slow=34",0.8017170483648942,0.5028735632183908,0.16211199072371826,1.0327173004882566,4999,True,4,0.9993050545546709,5
RegionsFinancial,H4,TrendFollowing,"fast=21,slow=55",0.6724384104924529,0.5069786535303776,0.1359689729917026,1.0273693670177906,4999,True,4,1.1104224282040889,5
RegionsFinancial,H4,TrendFollowing,"fast=34,slow=89",-0.1294511213952344,0.5028735632183908,-0.02617446288609058,0.9948157258361727,4999,True,4,1.041622019040493,5
RegionsFinancial,H4,VolatilityExpansion,"ema=20,mult=1.5",0.986223447902516,0.5005988023952096,0.31272871523891793,1.1144941198578797,1705,True,4,0.6699303333868103,5
RegionsFinancial,H4,VolatilityExpansion,"ema=50,mult=1.5",0.5513307639044963,0.4984204984204984,0.14118133538326727,1.0376928995076882,2913,True,4,1.0262891228883946,5
RegionsFinancial,H4,VolatilityExpansion,"ema=50,mult=2.0",0.13544787511288892,0.4926042133572389,0.038641443113727816,1.011595309346193,2283,True,4,0.68441797193495,5
RegionsFinancial,M15,MeanReversion,"window=20,z=2.0",0.05399326115597525,0.5134099616858238,0.09093871032991187,1.0674278735426568,572,True,4,0.054852732312932084,5
RegionsFinancial,M15,MeanReversion,"window=20,z=2.25",0.07392203680431364,0.5148514851485149,0.15223231165526568,1.1465848347783045,336,True,5,0.07821427831673111,5
RegionsFinancial,M15,MeanReversion,"window=50,z=2.25",0.09373572671975039,0.5368098159509203,0.3221283827734779,1.2532986164854707,367,True,5,0.0649894832484309,5
RegionsFinancial,M15,MeanReversion,"window=20,z=2.5",0.028927228687086748,0.49390243902439024,0.07910712776029297,1.1022280880597433,178,True,4,0.030148727641036044,5
RegionsFinancial,M15,MeanReversion,"window=100,z=2.75",0.06461908667857963,0.5637583892617449,0.2908272647217579,1.3641434780091655,155,True,4,0.03475164163214228,5
RioTinto,H1,MeanReversion,"window=20,z=1.5",0.23291400939802653,0.5349702380952381,0.33016191832493563,1.1278929826589381,1378,True,5,0.1400950743840753,5
RioTinto,H1,MeanReversion,"window=20,z=1.75",0.18629089412886912,0.5415244596131968,0.34191546308454857,1.1631439361577154,902,True,5,0.10801070322822681,5
RioTinto,H1,MeanReversion,"window=50,z=2.0",0.16800105802536336,0.5380875202593193,0.3476509868761446,1.2059304244860183,637,True,4,0.07565052821728324,5
RioTinto,H1,MeanReversion,"window=50,z=2.25",0.14272524849606016,0.5576407506702413,0.3928996573976072,1.2980227747595254,385,True,5,0.05692593417394698,5
RioTinto,H1,TrendFollowing,"fast=21,slow=55",-0.05067954232660876,0.49518146401476315,-0.03125692168528973,0.9935076042612958,4999,True,4,0.21528925108220687,5
RioTinto,H1,TrendFollowing,"fast=34,slow=89",-0.012714737343260896,0.4968218166905885,-0.007841878775788465,0.9983671846076685,4999,True,4,0.27047709203448633,5
RioTinto,H1,TrendFollowing,"fast=50,slow=200",0.288350590547484,0.4982571252819356,0.17785283164939572,1.0377596718558189,4999,True,5,0.2745216548231322,5
RioTinto,H4,MeanReversion,"window=50,z=1.5",0.2991536113182447,0.5117162761241292,0.15327858623384605,1.0500698628489695,1585,True,4,0.3673941922714027,5
RioTinto,H4,MeanReversion,"window=20,z=1.75",0.5576146782436627,0.5317982456140351,0.396797764343777,1.1772387930433208,916,True,4,0.06668088474951595,5
RioTinto,H4,MeanReversion,"window=50,z=1.75",0.18104190471513426,0.5140712945590994,0.11037291561760504,1.0447702168000468,1070,True,4,0.13621338137276373,5
RioTinto,H4,MeanReversion,"window=20,z=2.0",0.516876041309426,0.5232774674115456,0.48875168932688406,1.3025777222575445,538,True,4,0.07348165885545632,5
RioTinto,H4,MeanReversion,"window=20,z=2.25",0.3632738031333318,0.5185185185185185,0.47162420025314955,1.4033176324770023,298,True,4,0.09313437566645832,5
RioTinto,H4,MeanReversion,"window=50,z=2.75",0.13088614093475914,0.5255474452554745,0.21296620741439307,1.257839369285189,136,True,4,0.05141055449213261,5
RioTinto,H4,TrendFollowing,"fast=8,slow=21",0.14657381911000733,0.49727767695099817,0.042265009523953886,1.0077236847015747,4999,True,5,0.2532193484545182,5
RioTinto,H4,TrendFollowing,"fast=10,slow=30",-0.05058593554017776,0.500302480338778,-0.014586563847930565,0.997348157357777,4999,True,4,0.27865155370177574,5
RioTinto,H4,TrendFollowing,"fast=21,slow=55",-0.16880818485505167,0.5037305908449284,-0.04867641328732781,0.9911779853946272,4999,True,5,0.6795391008447342,5
RioTinto,H4,TrendFollowing,"fast=34,slow=89",-0.49861152648115314,0.5023190159306312,-0.14378154910281585,0.9741649127182241,4999,True,5,0.9065042308495561,5
RioTinto,H4,TrendFollowing,"fast=50,slow=200",-0.8747678400997908,0.5045372050816697,-0.25227294650703547,0.9551121632519224,4999,True,5,0.9446111105033725,5
RioTinto,H4,VolatilityExpansion,"ema=50,mult=2.5",-0.4124984570380893,0.4872773536895674,-0.2095830646276139,0.934823917523915,1578,True,4,0.19823771291243264,5
RioTinto,M15,MeanReversion,"window=100,z=1.5",0.040183999735235454,0.49629130141604855,0.09688545555921445,1.03682765533771,1550,True,4,0.044800601799660056,5
RioTinto,M15,MeanReversion,"window=20,z=1.75",0.09675178544851126,0.5176589303733602,0.25451837732273924,1.1225667988515977,1021,True,4,0.10137174687946782,5
RioTinto,M15,MeanReversion,"window=50,z=1.75",0.14065028467867646,0.5141414141414141,0.37270392303070027,1.1996908332933103,1033,True,5,0.06172410741828804,5
RioTinto,M15,MeanReversion,"window=20,z=2.0",0.009134782015963738,0.48580441640378547,0.0317090488649302,1.0173792878033046,656,True,4,0.04880460032619249,5
RioTinto,M15,MeanReversion,"window=50,z=2.0",0.15504927439986615,0.5302325581395348,0.4550942429478414,1.3261976861961324,665,True,5,0.04488006692704127,5
RioTinto,M15,MeanReversion,"window=100,z=2.0",0.07079643106264721,0.5120481927710844,0.2409431869146701,1.1403759851777724,694,True,4,0.03772806569188203,5
RioTinto,M15,MeanReversion,"window=20,z=2.25",0.04822018223975555,0.5240641711229946,0.213425857942397,1.159032699223916,383,True,4,0.06233864613063922,5
RioTinto,M15,MeanReversion,"window=50,z=2.25",0.1455436728042826,0.548926014319809,0.6355604810012787,1.5062213933479,431,True,4,0.0522493746479602,5
RioTinto,M15,MeanReversion,"window=20,z=2.5",0.07606146455379326,0.5707547169811321,0.43352951813227086,1.480144945146588,213,True,4,0.04397271204051845,5
RioTinto,M15,MeanReversion,"window=50,z=2.5",0.0796712678808178,0.5461538461538461,0.41500314706149866,1.389772627957694,269,True,4,0.04230150875771421,5
RioTinto,M15,MeanReversion,"window=20,z=2.75",0.039926864089233516,0.5153846153846153,0.28479741649698914,1.3755702440644748,131,True,4,0.016597667716122477,5
RioTinto,M15,TrendFollowing,"fast=50,slow=200",0.0536180896163434,0.5086947412528808,0.06813478799208975,1.015515033657875,4999,True,4,0.11522798138126955,5
RobertHalf,H1,MeanReversion,"window=20,z=1.5",0.5418970086516056,0.520891364902507,0.47779695801428357,1.1708053036822779,1458,True,5,0.40085783900726835,5
RobertHalf,H1,MeanReversion,"window=100,z=1.5",0.10799789653599068,0.4790665751544269,0.08274801208560068,1.0295649955298445,1478,True,4,0.23951701993937402,5
RobertHalf,H1,MeanReversion,"window=20,z=1.75",0.3466382688621229,0.5353319057815846,0.3564785731909463,1.156621434284496,943,True,4,0.3042623067214053,5
RobertHalf,H1,MeanReversion,"window=20,z=2.0",0.20103015680362224,0.5350089766606823,0.24834432766210507,1.1395012572998124,561,True,4,0.23118053073216005,5
RobertHalf,H1,MeanReversion,"window=50,z=2.0",0.25223229897323196,0.528125,0.2943262882762817,1.1570445121074073,646,True,4,0.20383266525490285,5
RobertHalf,H1,MeanReversion,"window=100,z=2.0",0.11557561849757059,0.49038461538461536,0.1288330540084773,1.06941010090691,631,True,4,0.1390197786169195,5
RobertHalf,H1,MeanReversion,"window=20,z=2.25",0.24488074563637163,0.5609756097560976,0.3662494452598293,1.2864835712160823,331,True,4,0.13662612740359292,5
RobertHalf,H1,MeanReversion,"window=50,z=2.25",-0.005774849236211854,0.5103626943005182,-0.008217861225287759,0.9946523758221593,388,True,4,0.09910586666619281,5
RobertHalf,H1,MeanReversion,"window=100,z=2.25",0.11154681570816771,0.4895287958115183,0.14796420204927616,1.1044714827068869,384,True,4,0.08438909690121965,5
RobertHalf,H4,MeanReversion,"window=20,z=2.0",0.038330771674095154,0.4782608695652174,0.025949814088706117,1.0140671687509348,576,True,4,0.09909953201610688,5
RobertHalf,H4,MeanReversion,"window=20,z=2.25",0.028212820350440038,0.4852459016393443,0.028964932549674863,1.020964236865927,306,True,4,0.07706162318411458,5
RobertHalf,H4,TrendFollowing,"fast=5,slow=20",-0.010011295072291815,0.5024164317358034,-0.002258192223774927,0.999556378936383,4999,True,4,0.7540895240640545,5
RobertHalf,H4,TrendFollowing,"fast=10,slow=30",-0.34361860166175984,0.4993958920660491,-0.07750906270601039,0.9848852726154783,4999,True,4,0.5652933190253536,5
RobertHalf,H4,TrendFollowing,"fast=50,slow=200",0.46922455068154434,0.5136931131695529,0.10584272763106133,1.0210154455844196,4999,True,4,1.0541923401563413,5
RobertHalf,H4,VolatilityExpansion,"ema=20,mult=2.0",0.1948578695176153,0.5435684647302904,0.09889440990618005,1.0437771751822882,968,True,4,0.19675780095286854,5
RobertHalf,M15,MeanReversion,"window=100,z=1.5",0.33517969800691805,0.5173913043478261,0.3864453467074111,1.1465091782398267,1431,True,5,0.13346862678436333,5
RobertHalf,M15,MeanReversion,"window=20,z=1.75",0.2694663842837356,0.5121107266435986,0.32308294170772206,1.1516517302660627,893,True,5,0.1362907389579895,5
RobertHalf,M15,MeanReversion,"window=100,z=1.75",0.23794035754081644,0.5172054223149114,0.3070465022549278,1.140679318316764,990,True,4,0.09213799956722013,5
RobertHalf,M15,MeanReversion,"window=20,z=2.0",0.17717509509193452,0.5097001763668431,0.25655927119401495,1.1418037844714433,580,True,5,0.1317358221094923,5
RobertHalf,M15,MeanReversion,"window=20,z=2.25",0.157436259475344,0.5286103542234333,0.2608159508693077,1.180873232227693,377,True,5,0.0978897614680102,5
RobertHalf,M15,MeanReversion,"window=20,z=2.5",0.18754732959411258,0.5506607929515418,0.35189930838962125,1.334501105044648,234,True,4,0.10251055862933889,5
RobertHalf,M15,MeanReversion,"window=50,z=2.5",0.1556705123934563,0.5215686274509804,0.33395076116870787,1.2911445839228235,264,True,4,0.06021905078393919,5
RobertHalf,M15,MeanReversion,"window=20,z=2.75",0.19936042815814858,0.5664335664335665,0.4320464704709974,1.582577614278326,147,True,4,0.07669130939313495,5
RobertHalf,M15,MeanReversion,"window=50,z=2.75",0.11952257751554052,0.5229885057471264,0.2884025647104202,1.3100910253341287,180,True,4,0.035485806206108195,5
RobertHalf,M15,MeanReversion,"window=20,z=3.0",0.14896437987651345,0.5392156862745098,0.3477414254802529,1.5558982819023626,102,True,4,0.04394845508870093,5
RossStores,H1,TrendFollowing,"fast=8,slow=21",-0.18350647619115468,0.4952477249747219,-0.09865586286162922,0.9796156156869451,4999,True,4,0.22210511587939674,5
RossStores,H1,TrendFollowing,"fast=50,slow=200",0.42039701553563713,0.5019211324570273,0.22603035526439352,1.048319525529713,4999,True,5,0.23678423053341024,5
RossStores,H1,VolatilityExpansion,"ema=50,mult=3.5",-0.016042665865345196,0.5006257822277848,-0.026640223267381215,0.9881034507084471,806,True,4,0.08240119434373894,5
RossStores,H4,MeanReversion,"window=20,z=1.75",0.28649401803919583,0.518348623853211,0.16268646970234935,1.0806595510625434,876,True,4,0.23197437923433395,5
RossStores,H4,MeanReversion,"window=20,z=2.0",0.19843232200018857,0.507380073800738,0.1467309287360302,1.0902627797047997,543,True,4,0.07882864191733752,5
RossStores,H4,TrendFollowing,"fast=10,slow=30",0.316784974846845,0.5028191703584374,0.07239445939474849,1.0152445820016023,4999,True,5,0.922536175165352,5
RossStores,H4,TrendFollowing,"fast=13,slow=34",-0.05185194014749572,0.50463149416029,-0.011849536681714944,0.9975266773030217,4999,True,4,0.9658987869910043,5
RossStores,H4,TrendFollowing,"fast=34,slow=89",-0.5341052742042505,0.5024164317358034,-0.12206072484885966,0.9748130237282877,4999,True,4,0.836683330732872,5
RossStores,H4,TrendFollowing,"fast=50,slow=200",-0.7751549102498867,0.5052356020942408,-0.17715433617856036,0.9636523540782983,4999,True,5,1.0582874370060025,5
RossStores,H4,VolatilityExpansion,"ema=20,mult=1.5",-0.4391224035491348,0.48899266177451634,-0.18780361241949006,0.9331231941266629,1509,True,4,0.1604306620989231,5
RossStores,H4,VolatilityExpansion,"ema=50,mult=1.5",-0.48036893365511735,0.5023406553835074,-0.148466923851888,0.9589693043713265,2799,True,4,0.5598261986091131,5
RossStores,H4,VolatilityExpansion,"ema=50,mult=3.0",-0.4963827014716745,0.5042301184433164,-0.23057632360333702,0.9030676928510528,1192,True,4,0.27173560152263354,5
RossStores,H4,VolatilityExpansion,"ema=50,mult=3.5",-0.4472478319958012,0.5054151624548736,-0.24355864115168024,0.8787934241749861,841,True,4,0.18613928893260867,5
RoyalMail,H1,MeanReversion,"window=20,z=1.5",0.4688106831672344,0.5761024182076814,0.4469212451217077,1.2265979148769361,1618,True,5,0.18293421594294013,5
RoyalMail,H1,MeanReversion,"window=20,z=1.75",0.4329053918782898,0.5768421052631579,0.4957339198777058,1.3165714477730126,1204,True,4,0.11164626548207157,5
RoyalMail,H1,MeanReversion,"window=20,z=2.0",0.26855152394346626,0.5714285714285714,0.35586211690293906,1.286234978171426,926,True,4,0.0315987114649775,5
RoyalMail,H1,MeanReversion,"window=50,z=2.25",0.2009428462068451,0.538135593220339,0.2681188021082662,1.2581895670666203,675,True,4,0.03587564677123889,5
RoyalMail,H1,MeanReversion,"window=50,z=2.5",0.17390973930210374,0.5602409638554217,0.3161007104883062,1.335352213458612,548,True,4,0.03573461247963006,5
RoyalMail,H1,MeanReversion,"window=100,z=2.5",-0.021393098728355375,0.5094339622641509,-0.031103725340604724,0.9719191491649447,477,True,4,0.03447767038982685,5
RoyalMail,H1,MeanReversion,"window=100,z=3.0",0.011289727706300545,0.5569620253164557,0.027716221021374946,1.038720517893698,253,True,4,0.05360851142799494,5
RoyalMail,H1,TrendFollowing,"fast=13,slow=34",0.2738216048809171,0.5057142857142857,0.138702543286786,1.035994296821617,4999,True,4,0.4917518584079139,5
RoyalMail,H1,TrendFollowing,"fast=21,slow=55",-0.022985370608992084,0.5065306122448979,-0.011642647803593921,0.9970363500522049,4999,True,4,0.3866065137693864,5
RoyalMail,H1,TrendFollowing,"fast=34,slow=89",0.43004356321957327,0.5085714285714286,0.2178479526177844,1.0571163887420079,4999,True,4,0.390842696147498,5
RoyalMail,H4,MeanReversion,"window=20,z=1.75",0.7253615127581734,0.5136186770428015,0.30290681898223476,1.1652179916030747,995,True,4,0.3261539082392456,5
RoyalMail,H4,MeanReversion,"window=20,z=2.0",0.6078099289945301,0.5386266094420601,0.36585775051078073,1.2370948617833477,628,True,5,0.41370044427876584,5
RoyalMail,H4,MeanReversion,"window=50,z=2.0",-0.14709949348063023,0.4931506849315068,-0.07542222402676622,0.9615950758408917,696,True,4,0.11495265231909668,5
RoyalMail,H4,MeanReversion,"window=20,z=2.25",0.3800966600585892,0.5461254612546126,0.28980389372769655,1.24533872309605,399,True,4,0.202502730130096,5
RoyalMail,H4,MeanReversion,"window=50,z=2.5",0.05140963800880738,0.49056603773584906,0.04262653498238776,1.0372741568475452,260,True,4,0.20748581897180707,5
RoyalMail,H4,MeanReversion,"window=100,z=3.25",0.02656696635581801,0.4794520547945205,0.040427266055539465,1.0558717412204155,82,True,4,0.03558355314964645,5
RoyalMail,H4,MeanReversion,"window=100,z=3.5",-0.09946338445201608,0.4489795918367347,-0.19636667539101565,0.7184601580381926,56,True,4,0.03220340017256773,5
ScottishMortgage,H1,TrendFollowing,"fast=5,slow=20",-0.10614237922166592,0.4995280792826805,-0.06181993646796301,0.9869953604286581,4999,True,4,0.1386056864122195,5
ScottishMortgage,H1,TrendFollowing,"fast=34,slow=89",0.4702620082181045,0.512977819726286,0.2739308845060786,1.0597257966311862,4999,True,4,0.22439460752764584,5
ScottishMortgage,H1,TrendFollowing,"fast=50,slow=200",0.39954552405224086,0.5141576215195847,0.2327284023018722,1.0505175654130663,4999,True,4,0.11793207836900088,5
ScottishMortgage,H1,VolatilityExpansion,"ema=20,mult=1.5",-0.22140162565876553,0.4846098783106657,-0.21806234426292645,0.9235121293380639,1643,True,5,0.15962860593002048,5
ScottishMortgage,H1,VolatilityExpansion,"ema=20,mult=2.0",-0.2386929316796902,0.48363636363636364,-0.28532714799387693,0.8706760862080482,956,True,4,0.04331829490438188,5
ScottishMortgage,H4,MeanReversion,"window=100,z=2.25",0.7702161466449455,0.5061728395061729,0.5715993946342555,1.4824277759017919,431,True,4,0.18580049745425053,5
ScottishMortgage,H4,MeanReversion,"window=50,z=3.0",0.04757962560712714,0.4927536231884058,0.09973505777244396,1.1623097831998732,72,True,4,0.03431297864166183,5
ScottishMortgage,H4,TrendFollowing,"fast=5,slow=20",0.8470491132723053,0.5048915355168013,0.22601986899216725,1.043353489280943,4999,True,4,0.2021931279679694,5
ScottishMortgage,H4,TrendFollowing,"fast=8,slow=21",1.1083486371856919,0.5108464483198639,0.2957643154927531,1.057109148987008,4999,True,4,0.42616495167364365,5
ScottishMortgage,H4,TrendFollowing,"fast=13,slow=34",0.9309330296236931,0.5187154402381965,0.2484080230054513,1.0477493199857193,4999,True,4,0.277898993336243,5
ScottishMortgage,H4,TrendFollowing,"fast=34,slow=89",1.0071605755620445,0.5287111867290515,0.2687540160316853,1.0517603630980081,4999,True,5,0.7752007698488557,5
ScottishMortgage,H4,TrendFollowing,"fast=50,slow=200",0.126454625599701,0.5208421948107188,0.03373880559311667,1.0063549839263626,4999,True,4,0.6552812377127686,5
ScottishMortgage,H4,VolatilityExpansion,"ema=50,mult=1.5",0.8433840846886536,0.5196491228070176,0.27018950741156444,1.069114652484271,3024,True,4,0.394215607462189,5
ScottishMortgage,H4,VolatilityExpansion,"ema=50,mult=2.0",0.06973346184064011,0.5074561403508772,0.02470153726303745,1.0068929352095664,2416,True,4,0.2159460135527007,5
ScottishMortgage,H4,VolatilityExpansion,"ema=50,mult=2.5",-0.040278357495491024,0.508,-0.016089315112658042,0.9948550832740548,1846,True,4,0.16788269429126934,5
ScottishMortgage,M15,VolatilityExpansion,"ema=20,mult=1.5",0.05244679041305822,0.49465899753492193,0.14690803879166164,1.051905701004696,1803,True,5,0.08366556833082062,5
ScottishMortgage,M15,VolatilityExpansion,"ema=20,mult=2.0",0.07497274485572969,0.5012626262626263,0.24134074048608867,1.1111838374917804,1162,True,4,0.05348101492498991,5
SevernTrent,H1,MeanReversion,"window=20,z=1.5",0.11509143698932678,0.5075642965204236,0.1561895225871466,1.053363931379643,1396,True,5,0.11260225755627551,5
SevernTrent,H1,MeanReversion,"window=20,z=2.0",-0.06723036972262375,0.4897579143389199,-0.14726172713020297,0.9256242034227185,564,True,4,0.02047213890564037,5
SevernTrent,H1,MeanReversion,"window=100,z=2.0",0.3086955789201007,0.5483333333333333,0.49867034418020767,1.3082709365676348,628,True,4,0.05338046180524192,5
SevernTrent,H4,MeanReversion,"window=20,z=1.75",0.5549472525715534,0.5257731958762887,0.4640071706650576,1.2200072757240927,892,True,4,0.21105436014505763,5
SevernTrent,H4,MeanReversion,"window=20,z=2.75",0.08219555165404402,0.5254237288135594,0.2496321125889038,1.4628833074449479,59,True,4,0.07667405523205018,5
SevernTrent,M15,TrendFollowing,"fast=50,slow=200",-0.007843879302398604,0.5057316250842886,-0.012649395289275719,0.9976230855372352,4999,True,5,0.08455536563825583,5
SevernTrent,M15,VolatilityExpansion,"ema=20,mult=1.5",-0.0901257037413179,0.48957632817753866,-0.22769153319343563,0.927671005929191,1645,True,4,0.06650839559388244,5
SevernTrent,M15,VolatilityExpansion,"ema=50,mult=1.5",-0.18289862014684366,0.48717948717948717,-0.3837208655969427,0.9062449860996437,2750,True,4,0.04127888836144944,5
SevernTrent,M15,VolatilityExpansion,"ema=20,mult=2.0",0.021964048911852663,0.5033185840707964,0.06948120531500585,1.029185822375737,989,True,4,0.06024327936701668,5
SevernTrent,M15,VolatilityExpansion,"ema=50,mult=2.0",-0.1896879169156105,0.4843260188087774,-0.4354438400060307,0.8809326760176632,2145,True,4,0.01796993707127814,5
SevernTrent,M15,VolatilityExpansion,"ema=20,mult=3.0",0.04503807444431118,0.5230769230769231,0.24506928859869173,1.2042267724036186,279,True,4,0.0166046274315933,5
SiriusXM,H1,MeanReversion,"window=20,z=2.0",0.213700690751074,0.5187637969094923,0.13419023126823038,1.1003498956992448,506,True,4,0.2565199298277966,5
SiriusXM,H1,MeanReversion,"window=50,z=2.0",-0.27243780023003195,0.4677685950413223,-0.1372724548230379,0.9119185604278822,656,True,4,0.11546442068267782,5
SiriusXM,H1,MeanReversion,"window=100,z=2.0",-0.6470052921789845,0.45396825396825397,-0.3131388981850388,0.814970301748832,695,True,4,0.07619096488451282,5
SiriusXM,H1,MeanReversion,"window=20,z=2.5",-0.06893364069966745,0.5149253731343284,-0.05836037435180417,0.9157079156529904,142,True,4,0.15292455297390228,5
SiriusXM,H1,MeanReversion,"window=100,z=2.5",-0.0005529478325360104,0.4840182648401826,-0.0003309335806391035,0.9996043688997132,242,True,4,0.11555888108455159,5
SiriusXM,H1,TrendFollowing,"fast=5,slow=20",0.7460038045190074,0.5060854171276831,0.19289079924749813,1.0412539790306194,4999,True,4,0.3238282635859798,5
SiriusXM,H1,TrendFollowing,"fast=8,slow=21",0.3506066319440405,0.5036512502766098,0.09064954199779882,1.0191788548905016,4999,True,4,0.39229603262032275,5
SiriusXM,H4,MeanReversion,"window=20,z=1.5",-0.4946235605205296,0.5079605761940864,-0.14679362510669153,0.9398917785997574,1424,True,4,0.09612345509325826,5
SiriusXM,H4,MeanReversion,"window=50,z=1.5",-0.8248049982070221,0.4809559372666169,-0.2488820135746212,0.8989263790202975,1456,True,4,0.33262978926249365,5
SiriusXM,H4,MeanReversion,"window=100,z=1.5",-0.5030454173384331,0.4802527646129542,-0.14660473348989134,0.9372218625907768,1390,True,4,0.08590817237201909,5
SiriusXM,H4,MeanReversion,"window=50,z=1.75",-0.37208539216298864,0.48859934853420195,-0.12595248966723224,0.9342858435581374,1002,True,4,0.3682906009884348,5
SiriusXM,H4,MeanReversion,"window=50,z=2.0",-0.2274456007795047,0.5025817555938038,-0.08651020077106826,0.9394632485369229,636,True,4,0.2582415965527979,5
SiriusXM,H4,MeanReversion,"window=50,z=2.25",-0.2808743559305178,0.49122807017543857,-0.12042289364421363,0.8826577000137917,371,True,4,0.05073358986622667,5
SiriusXM,H4,MeanReversion,"window=100,z=2.25",-0.3638908124244017,0.491183879093199,-0.14301402897058482,0.8781913395583981,435,True,4,0.10232997375385156,5
SiriusXM,M15,VolatilityExpansion,"ema=20,mult=3.5",0.03070696426888453,0.54375,0.0677470451712884,1.074695542403654,169,True,4,0.05769083202254144,5
Smith&Nephew,H1,MeanReversion,"window=50,z=1.5",0.21022468601260014,0.5246031746031746,0.23024032231188923,1.0949673287782276,1453,True,4,0.011330079765116241,5
Smith&Nephew,H1,MeanReversion,"window=100,z=2.0",-0.12461596246575524,0.4925925925925926,-0.1745128287550789,0.8965335023341364,613,True,4,0.026922740615642704,5
Smith&Nephew,H1,MeanReversion,"window=50,z=2.25",-0.06608428868932115,0.5041782729805014,-0.13049961632221574,0.9141801013268647,414,True,4,0.024721292670448647,5
Smith&Nephew,H1,MeanReversion,"window=100,z=2.25",0.012648583351977272,0.5053191489361702,0.024384886927272625,1.0158964124340133,424,True,5,0.073867072000392,5
Smith&Nephew,H1,MeanReversion,"window=50,z=2.5",0.007643424074003757,0.5309734513274337,0.017103775101873227,1.0152547607470017,252,True,4,0.04537491659720916,5
Smith&Nephew,H1,MeanReversion,"window=100,z=2.5",0.014831486669056315,0.5146443514644351,0.032766990720820156,1.02730556575995,265,True,4,0.03637743619318068,5
Smith&Nephew,H1,MeanReversion,"window=100,z=2.75",0.006973834263472756,0.5029239766081871,0.016991796158300314,1.0166686180650204,185,True,4,0.03631020180265043,5
Smith&Nephew,H1,TrendFollowing,"fast=5,slow=20",-0.2698986694262361,0.5025498377375985,-0.15064344455834,0.9645359640916941,4998,True,4,0.10103510441317032,5
Smith&Nephew,H1,TrendFollowing,"fast=50,slow=200",0.3806300418495202,0.5,0.21245741765772422,1.0522468474805093,4998,True,4,0.1441810526836389,5
Smith&Nephew,H4,MeanReversion,"window=20,z=1.5",0.1150721928891052,0.5095057034220533,0.0701185553738478,1.024755809816788,1371,True,4,0.1666246050799718,5
Smith&Nephew,H4,MeanReversion,"window=50,z=1.5",0.16592866539843965,0.5141818181818182,0.0910998228106104,1.0332074906025865,1426,True,4,0.27683243637235233,5
Smith&Nephew,H4,MeanReversion,"window=100,z=1.5",0.29459376599361653,0.5067712045616536,0.15707126623094578,1.057992610708724,1462,True,4,0.3259182164940295,5
Smith&Nephew,H4,MeanReversion,"window=50,z=1.75",0.3292841599211057,0.5118279569892473,0.21857851926522895,1.0970497599380995,967,True,4,0.22737579144819964,5
Smith&Nephew,H4,MeanReversion,"window=100,z=1.75",0.3333812474275565,0.5074468085106383,0.20470721789941596,1.0936246737763973,973,True,4,0.23211589517635467,5
Smith&Nephew,H4,MeanReversion,"window=50,z=2.0",0.38398390512663627,0.5146804835924007,0.33645747473553334,1.1904148173951028,599,True,4,0.20371907263014444,5
Smith&Nephew,H4,MeanReversion,"window=100,z=2.0",0.07069797044091863,0.47955974842767296,0.048693869924871847,1.0265657050175971,656,True,4,0.14765582107482778,5
Smith&Nephew,H4,MeanReversion,"window=20,z=2.25",0.11898897148286058,0.5060975609756098,0.1361217567680604,1.0966132992038684,339,True,4,0.03798168711008909,5
Smith&Nephew,H4,MeanReversion,"window=50,z=2.25",0.27445649166238284,0.4931129476584022,0.2782506008211344,1.1998585529696617,376,True,5,0.124381991880824,5
Smith&Nephew,H4,MeanReversion,"window=100,z=2.25",-0.06109122060777805,0.4719626168224299,-0.05306410133963228,0.9667938590561522,441,True,5,0.16972993974187645,5
Smith&Nephew,H4,MeanReversion,"window=20,z=2.5",-0.046290939610991955,0.5029239766081871,-0.07128238780519916,0.9346836951998893,178,True,4,0.034858888021775836,5
Smith&Nephew,H4,MeanReversion,"window=20,z=2.75",0.11744404612677117,0.5494505494505495,0.24795873856615044,1.3912069656323538,93,True,5,0.10317123860187916,5
Smith&Nephew,M15,MeanReversion,"window=20,z=1.5",-0.12488395041011813,0.522181146025878,-0.16831533854849084,0.8931662940477152,1363,True,4,0.07386794367924876,5
Smith&Nephew,M15,MeanReversion,"window=50,z=1.5",-0.13500348781347482,0.5213442325158947,-0.18189552877687967,0.8867693158191892,1398,True,4,0.04984911802506453,5
Smith&Nephew,M15,MeanReversion,"window=20,z=1.75",0.04609297319299466,0.5403556771545828,0.08078163414221746,1.0616892681865138,896,True,5,0.07052044582528738,5
Smith&Nephew,M15,MeanReversion,"window=50,z=1.75",-0.047577467305118915,0.5276705276705277,-0.08336140509757575,0.9428531972293925,970,True,4,0.04052004944768872,5
Smith&Nephew,M15,MeanReversion,"window=20,z=2.0",0.004539846552190974,0.5227722772277228,0.008197601827965797,1.00783616046241,606,True,4,0.05190398803684604,5
Smith&Nephew,M15,MeanReversion,"window=50,z=2.0",0.02831525480645325,0.5203094777562862,0.10067627630352145,1.054640212923085,614,True,4,0.03266817154559809,5
Smith&Nephew,M15,MeanReversion,"window=20,z=2.25",0.038998880514165446,0.5050167224080268,0.17413070712169187,1.1314448363476026,358,True,4,0.010835835512297942,5
Smith&Nephew,M15,MeanReversion,"window=100,z=2.25",0.007413089221630198,0.4919786096256685,0.028893881804427608,1.0185217165994946,442,True,4,0.012303426138254192,5
Smith&Nephew,M15,MeanReversion,"window=20,z=2.5",0.04108886293669767,0.5460122699386503,0.2154995350258554,1.2381919620980384,198,True,4,0.013922292003219483,5
Smith&Nephew,M15,TrendFollowing,"fast=13,slow=34",0.271812661961056,0.49603174603174605,0.29421714263654164,1.0830896472667204,4999,True,4,0.0896579977094869,5
SmithsGroup,H1,MeanReversion,"window=100,z=1.5",0.09420750342145268,0.5194099378881988,0.12339391056944642,1.0488997126884583,1425,True,4,0.018291608552156613,5
SmithsGroup,H1,MeanReversion,"window=100,z=1.75",0.14536290458596335,0.5155555555555555,0.21851582683092766,1.107074675604683,982,True,4,0.05292345711003943,5
SmithsGroup,H1,MeanReversion,"window=100,z=2.0",0.09494472049750813,0.5151006711409396,0.16247900835174997,1.0991730551188497,646,True,4,0.04077770202781472,5
SmithsGroup,H1,TrendFollowing,"fast=5,slow=20",-0.05656538009368528,0.4948151487826871,-0.037964165645847474,0.9910950875854724,4999,True,4,0.21497524022306258,5
SmithsGroup,H1,TrendFollowing,"fast=8,slow=21",0.05775793189863643,0.5013525698827773,0.038764558066595185,1.009175217936421,4999,True,4,0.24073566529949375,5
SmithsGroup,H4,MeanReversion,"window=20,z=1.5",0.2353747100973621,0.5033015407190022,0.13771674524173894,1.0536599756257339,1442,True,4,0.12362913830847189,5
SmithsGroup,H4,MeanReversion,"window=50,z=1.5",0.08694427478567146,0.5133928571428571,0.04844414081646282,1.01904831448451,1414,True,5,0.30688811334600796,5
SmithsGroup,H4,MeanReversion,"window=100,z=1.5",0.2442807319472492,0.5192307692307693,0.13482482500951096,1.0547787074311357,1425,True,4,0.15721140852230642,5
SmithsGroup,H4,MeanReversion,"window=50,z=1.75",0.1872560331564651,0.5174353205849269,0.13228646792127519,1.0618944129184162,936,True,4,0.23020851037751422,5
SmithsGroup,H4,MeanReversion,"window=100,z=1.75",-0.2118256235409962,0.5055187637969095,-0.1279603295433108,0.9382229740770837,958,True,4,0.14553593835623913,5
SmithsGroup,H4,MeanReversion,"window=50,z=2.0",0.16080114685025615,0.4956521739130435,0.14766546588448712,1.0839544507430894,601,True,5,0.23599317150569643,5
SmithsGroup,H4,MeanReversion,"window=100,z=2.0",-0.3840167696376,0.49324324324324326,-0.2588177274757537,0.8505255370987602,625,True,4,0.08150989678459275,5
SmithsGroup,H4,MeanReversion,"window=50,z=2.25",0.10686069091808503,0.4858757062146893,0.11921630293413654,1.0868826452577376,371,True,4,0.13584695377580847,5
SmithsGroup,H4,MeanReversion,"window=100,z=2.25",-0.22911119045010053,0.4931506849315068,-0.18222950670235621,0.8683628606042746,389,True,5,0.08180972755099447,5
SmithsGroup,H4,MeanReversion,"window=50,z=2.5",0.20606296826861548,0.5186915887850467,0.2836759227522868,1.286885266493004,224,True,4,0.09399759991012879,5
SmithsGroup,M15,MeanReversion,"window=20,z=1.5",0.19836289140308383,0.5283582089552239,0.49757711309607705,1.2466864937711133,1379,True,4,0.07528501783647434,5
SmithsGroup,M15,MeanReversion,"window=20,z=1.75",0.07981670458592294,0.5255813953488372,0.2662486055839868,1.145038542618283,886,True,4,0.014790204155325948,5
SmithsGroup,M15,MeanReversion,"window=50,z=1.75",0.10218352207334624,0.5323529411764706,0.37289621003884005,1.1823525887970856,924,True,4,0.067901833447513,5
SmithsGroup,M15,MeanReversion,"window=100,z=1.75",0.07507675785895651,0.52734375,0.26075846389772483,1.1194416950389678,1074,True,4,0.03284530408503761,5
SmithsGroup,M15,MeanReversion,"window=100,z=2.0",0.06200706604925854,0.521484375,0.24689250649441866,1.141200927098595,710,True,4,0.024307454630187575,5
SmurfitKappa,H1,MeanReversion,"window=20,z=1.5",0.30436107638735155,0.519298245614035,0.24369618059856024,1.0989896821674143,1486,True,4,0.15416128676197527,5
SmurfitKappa,H1,MeanReversion,"window=20,z=2.0",-0.01698816446453333,0.5008880994671403,-0.02567942745598001,0.9861481903596672,581,True,5,0.07366474775184872,5
SmurfitKappa,H1,MeanReversion,"window=100,z=2.25",-0.17595601854907594,0.46916299559471364,-0.24204887991812568,0.8613367731105336,467,True,4,0.03871626426856423,5
SmurfitKappa,H1,MeanReversion,"window=100,z=3.0",-0.03328361662455004,0.48214285714285715,-0.08052088671047487,0.9029180583491756,112,True,4,0.05183127737072435,5
SmurfitKappa,H1,TrendFollowing,"fast=10,slow=30",0.7079665028021558,0.5102768456375839,0.3166425097955398,1.0675303607228708,4999,True,4,0.45417838081234485,5
SmurfitKappa,H1,TrendFollowing,"fast=13,slow=34",0.3847409250866103,0.509018456375839,0.17205369762603034,1.036141892386671,4999,True,4,0.34820154735007003,5
SmurfitKappa,H1,VolatilityExpansion,"ema=50,mult=2.0",0.05042603829410408,0.5084396871140388,0.032017486926204985,1.0091813577400635,2553,True,4,0.13344223694894675,5
SmurfitKappa,H1,VolatilityExpansion,"ema=20,mult=3.0",0.21117464332875158,0.5333333333333333,0.34195440933405846,1.2594921820700509,353,True,4,0.06882036703839522,5
SmurfitKappa,H4,MeanReversion,"window=50,z=1.5",0.6897223434757842,0.5234584450402144,0.31132970168406454,1.106019236918149,1530,True,4,0.3097296269399429,5
SmurfitKappa,H4,MeanReversion,"window=20,z=1.75",0.5631620256778098,0.5326576576576577,0.3349452956546057,1.1482196514500018,909,True,4,0.28170293205463204,5
SmurfitKappa,H4,MeanReversion,"window=50,z=1.75",0.447256324542214,0.519,0.24639018080943284,1.1007251162592757,1024,True,4,0.3398011804579095,5
SmurfitKappa,H4,MeanReversion,"window=20,z=2.0",-0.0104030212774755,0.510556621880998,-0.008221818042358853,0.9956304489777305,535,True,4,0.13079451603308212,5
SmurfitKappa,H4,MeanReversion,"window=50,z=2.0",0.1246494036325081,0.5167173252279635,0.08525657259479047,1.0411012521927319,673,True,4,0.27159032750887424,5
SmurfitKappa,H4,MeanReversion,"window=50,z=2.25",-0.0019563714205410587,0.5023923444976076,-0.0016551751064562154,0.9990158978937878,423,True,4,0.10651952510181895,5
SmurfitKappa,H4,MeanReversion,"window=100,z=2.5",-0.08596778962135887,0.4956521739130435,-0.08479293667334113,0.9309890865046634,231,True,4,0.09599312634193635,5
SmurfitKappa,M15,MeanReversion,"window=20,z=1.75",0.21167660235054697,0.521551724137931,0.32208392113990464,1.153595990388153,1008,True,4,0.07747733193439754,5
SmurfitKappa,M15,MeanReversion,"window=20,z=2.75",0.06955613998535204,0.5151515151515151,0.2234218876559946,1.2720898883681835,139,True,4,0.03209916516478484,5
SouthwesternEnergy,H1,MeanReversion,"window=20,z=1.5",0.30236591566031945,0.5129007036747459,0.14392894562245664,1.0535424221699459,1409,True,4,0.13773966003359284,5
SouthwesternEnergy,H1,MeanReversion,"window=20,z=1.75",-0.020618894841572977,0.5191122071516646,-0.01219629466460723,0.994495192746836,890,True,4,0.13530722091485226,5
SouthwesternEnergy,H1,MeanReversion,"window=20,z=2.0",0.05563542609420513,0.5,0.04486312841683395,1.0262111460869476,532,True,4,0.08878888077254765,5
SouthwesternEnergy,H4,MeanReversion,"window=100,z=2.0",0.9304630035314776,0.5307262569832403,0.30499444551266963,1.177512085008263,548,True,4,0.19450931730274923,5
SouthwesternEnergy,H4,MeanReversion,"window=100,z=2.25",0.47840083999136507,0.5257731958762887,0.2146885137437515,1.16433307731229,296,True,4,0.2429900117393765,5
SouthwesternEnergy,H4,VolatilityExpansion,"ema=20,mult=2.5",0.1976195207427478,0.4883720930232558,0.08180652341138561,1.055882226008034,350,True,4,0.31777584349907795,5
StJames,H1,TrendFollowing,"fast=21,slow=55",0.43240403938270267,0.5028467319517195,0.15431864498621614,1.0391802954692113,4999,True,4,0.5562204616478317,5
StJames,H1,TrendFollowing,"fast=34,slow=89",0.3981079690882463,0.5080847187428832,0.1420778587868902,1.0360167529448228,4999,True,4,0.39120037526296847,5
StJames,H1,TrendFollowing,"fast=50,slow=200",0.5871900967265464,0.5099066271919837,0.20956787337758565,1.0535812639660915,4999,True,4,0.6644332809955398,5
StJames,H1,VolatilityExpansion,"ema=20,mult=1.5",0.18675032995053054,0.5019206145966709,0.09391637314293089,1.0446071629073876,1775,True,4,0.4031025699321904,5
StJames,H1,VolatilityExpansion,"ema=50,mult=1.5",0.22905466453585888,0.49636988918609093,0.1008102899434262,1.0339663990008796,2968,True,4,0.6050707197154148,5
StJames,H1,VolatilityExpansion,"ema=50,mult=2.0",0.45296073851744534,0.5092198581560283,0.20896619441823866,1.083004886476876,2401,True,4,0.5917688218024509,5
StJames,H1,VolatilityExpansion,"ema=50,mult=2.5",0.38158664771267004,0.5068330362448009,0.1830339796121324,1.084847619281926,1925,True,4,0.5779740987454158,5
StJames,H1,VolatilityExpansion,"ema=50,mult=3.0",0.379655821045623,0.5054517133956387,0.19805524829433968,1.110253439150272,1467,True,4,0.582558679316549,5
StJames,H1,VolatilityExpansion,"ema=50,mult=3.5",0.4292519075607296,0.521875,0.2326377577419465,1.1612508148665202,1103,True,4,0.5627820285862699,5
StJames,H4,MeanReversion,"window=20,z=1.5",-0.04119014728844561,0.512372634643377,-0.015845850749579816,0.9933704013775814,1432,True,4,0.3301485914851988,5
StJames,H4,MeanReversion,"window=50,z=1.5",-0.504630884406303,0.49272486772486773,-0.1721221435189081,0.9317309135925761,1587,True,4,0.35560778816604677,5
StJames,H4,MeanReversion,"window=100,z=1.5",-0.26857566675577305,0.4956405097250168,-0.08967329578025177,0.9638928775143667,1580,True,4,0.37261244255287107,5
StJames,H4,MeanReversion,"window=50,z=1.75",-0.678304991729064,0.4914772727272727,-0.2763718376810179,0.8706086976624661,1105,True,5,0.44867019306581135,5
StJames,H4,MeanReversion,"window=100,z=1.75",-0.2717221052255382,0.49613899613899615,-0.09810193048607459,0.9508230389677671,1092,True,4,0.3966467420353649,5
StJames,H4,MeanReversion,"window=50,z=2.0",-0.0721060616014999,0.49777117384843983,-0.04276674854075747,0.9774619026074877,699,True,5,0.4020053935106168,5
StJames,H4,MeanReversion,"window=100,z=2.0",0.07618949098093442,0.4978038067349927,0.04223933670735225,1.0221038152020752,711,True,4,0.1650538323874421,5
StJames,H4,MeanReversion,"window=50,z=2.25",0.29382375714151465,0.5346062052505967,0.2052468956168488,1.156947071880291,431,True,4,0.19887619016118496,5
StJames,H4,MeanReversion,"window=100,z=2.25",-0.032260295225840396,0.4988814317673378,-0.02148572196674653,0.9862864565102917,463,True,4,0.08712774118570854,5
StJames,H4,MeanReversion,"window=50,z=2.5",-0.011707364153037636,0.49099099099099097,-0.009774648644556398,0.990058788829061,229,True,4,0.10874709927071657,5
StJames,H4,MeanReversion,"window=100,z=2.5",-0.0122654569021039,0.5,-0.009799438241758485,0.9920543697901679,303,True,4,0.06400446215604971,5
StJames,M15,MeanReversion,"window=20,z=1.5",0.04549083730949355,0.5131914893617021,0.07815716073981567,1.0304831776453434,1381,True,5,0.08694767599037478,5
StJames,M15,MeanReversion,"window=20,z=1.75",-0.048299630871236565,0.532520325203252,-0.09933710272090118,0.9531504573118729,865,True,4,0.04660853846537194,5
StJames,M15,TrendFollowing,"fast=34,slow=89",-0.10939711531914509,0.49665711556829034,-0.11010322508450511,0.9778454633406495,4998,True,5,0.20966740155816466,5
StJames,M15,TrendFollowing,"fast=50,slow=200",-0.24233886215722977,0.5016714422158548,-0.2439259816781029,0.9515746597748245,4998,True,5,0.26506189070417496,5
StandardLife,H1,MeanReversion,"window=20,z=1.5",1.0528194415555883,0.61212976022567,0.7306813654883331,1.392617826186095,1319,True,5,0.4850241813029992,5
StandardLife,H1,MeanReversion,"window=50,z=1.5",0.3131046739759059,0.5549872122762148,0.20107777224328607,1.0927551216138591,1443,True,5,0.3240813120355671,5
StandardLife,H1,MeanReversion,"window=100,z=1.5",0.3059577097208833,0.5337349397590362,0.19109840528437777,1.0842054138023483,1503,True,4,0.17092426946773331,5
StandardLife,H1,MeanReversion,"window=20,z=1.75",1.0015597733524957,0.6438053097345132,0.8090998222331807,1.6284516845238097,834,True,5,0.44997791605731796,5
StandardLife,H1,MeanReversion,"window=50,z=1.75",0.34211387374211666,0.572992700729927,0.2520308637123747,1.1462226170018368,1003,True,5,0.339496343781007,5
StandardLife,H1,MeanReversion,"window=100,z=1.75",0.25378842545985614,0.5371329879101899,0.187200594498295,1.0994380480048096,1058,True,4,0.11691377398799618,5
StandardLife,H1,MeanReversion,"window=20,z=2.0",0.5440228556312378,0.6405693950177936,0.5015714739058325,1.494360278156905,495,True,5,0.26763930614665954,5
StandardLife,H1,MeanReversion,"window=50,z=2.0",0.11957959624362469,0.5552407932011332,0.09742918516935233,1.070146703491065,663,True,5,0.17786641555632277,5
StandardLife,H1,MeanReversion,"window=50,z=2.25",0.0764007375582405,0.5714285714285714,0.07203981863512283,1.068919832107919,413,True,4,0.0991086814808182,5
StandardLife,H1,MeanReversion,"window=50,z=2.5",0.20200690814663014,0.6201550387596899,0.23033597614033513,1.330703815256272,235,True,4,0.09663316100863828,5
StandardLife,H1,TrendFollowing,"fast=34,slow=89",0.49980973859710764,0.505720823798627,0.20824904449276105,1.0466009692171536,4999,True,4,0.19388363460925095,5
StandardLife,H1,TrendFollowing,"fast=50,slow=200",0.3441807512426982,0.5087719298245614,0.14339870512548938,1.031859377493875,4999,True,4,0.2056001270184309,5
StandardLife,H4,MeanReversion,"window=20,z=1.5",-0.6914514319876807,0.4925241864555849,-0.3069260999411593,0.8987830432479893,1434,True,4,0.07984909620093927,5
StandardLife,H4,MeanReversion,"window=50,z=1.5",-0.6332726277748029,0.4886914378029079,-0.26380059213892987,0.9141294636772431,1551,True,4,0.28391875145680834,5
StandardLife,H4,MeanReversion,"window=100,z=1.5",-0.7095886022606804,0.48671875,-0.2810601151679792,0.9091735361559776,1601,True,4,0.19916531618983002,5
StandardLife,H4,MeanReversion,"window=50,z=1.75",-0.8501167381761414,0.47017543859649125,-0.4257913099408246,0.8406940860990781,1053,True,4,0.15083072473499737,5
StandardLife,H4,MeanReversion,"window=20,z=2.0",-0.2792832767780249,0.4892241379310345,-0.19243278375902514,0.9016122343727977,581,True,5,0.12001293210748076,5
StandardLife,H4,MeanReversion,"window=50,z=2.0",-0.4221804618030184,0.46654275092936803,-0.2709642248993838,0.8723189963231726,671,True,5,0.12535713058620646,5
StandardLife,H4,MeanReversion,"window=100,z=2.0",-0.6504778977038904,0.4864406779661017,-0.3615621698952103,0.8381592345852686,726,True,4,0.06180146438907186,5
StandardLife,H4,MeanReversion,"window=50,z=2.25",-0.2998119449772544,0.47230320699708456,-0.2295565801472496,0.862803196627872,417,True,4,0.06999396493995713,5
StandardLife,H4,MeanReversion,"window=50,z=3.0",-0.06543441009532325,0.47368421052631576,-0.10550695818741045,0.8363278632827211,69,True,4,0.07644060124833996,5
StandardLife,H4,TrendFollowing,"fast=50,slow=200",-0.9605349374018399,0.505011565150347,-0.2372398219725354,0.9561590204451046,4999,True,4,0.2438842231302959,5
StandardLife,M15,MeanReversion,"window=20,z=1.5",1.31519568905958,0.7494736842105263,2.1377483136448863,2.8382528923501127,1279,True,5,0.42755092501326364,5
StandardLife,M15,MeanReversion,"window=50,z=1.5",1.1058359187952314,0.7053941908713693,1.822943915862877,2.3265286604583513,1370,True,5,0.30281814338305857,5
StandardLife,M15,MeanReversion,"window=100,z=1.5",0.8359045386090098,0.6576763485477178,1.3707934442186864,1.8592808594397272,1403,True,4,0.097782389392008,5
StandardLife,M15,MeanReversion,"window=20,z=1.75",1.0106560193075165,0.7699386503067485,1.9018194805043596,3.2087670936059087,844,True,5,0.3067200139056486,5
StandardLife,M15,MeanReversion,"window=50,z=1.75",0.9078015942905339,0.7476923076923077,1.8028829524825758,2.851488267235357,882,True,5,0.2952220859469752,5
StandardLife,M15,MeanReversion,"window=100,z=1.75",0.6348682099859437,0.6759259259259259,1.2329829158991161,2.0050488983756116,956,True,4,0.11686899686523045,5
StandardLife,M15,MeanReversion,"window=20,z=2.0",0.8543544645254265,0.8148148148148148,1.8880543577554245,4.695366374772787,529,True,4,0.2631929673394344,5
StandardLife,M15,MeanReversion,"window=50,z=2.0",0.6134737417109822,0.765,1.5177211391949519,3.1766734987075367,506,True,5,0.17484740082447192,5
StandardLife,M15,MeanReversion,"window=100,z=2.0",0.4576930667702056,0.6651162790697674,1.1141574385251214,2.158133026147151,592,True,4,0.09241652682966373,5
StandardLife,M15,TrendFollowing,"fast=50,slow=200",-0.07236331751245839,0.49695863746958635,-0.06478668634205947,0.9845779903087736,4998,True,4,0.07597874591905163,5
StateStreet,H1,MeanReversion,"window=20,z=2.25",0.15867594806226848,0.5754716981132075,0.2766920272825276,1.2339358177621236,322,True,4,0.10931969192402291,5
StateStreet,H1,MeanReversion,"window=50,z=2.25",0.043317495741742484,0.5326876513317191,0.07984955840018489,1.051853816987352,418,True,5,0.06088632575491648,5
StateStreet,H1,MeanReversion,"window=100,z=2.25",0.0683922040755035,0.5408163265306123,0.11289295207523213,1.0785356572671048,398,True,4,0.06507312702786627,5
StateStreet,H1,MeanReversion,"window=20,z=2.5",0.10921646939244312,0.5906432748538012,0.23665590357208885,1.300480277905169,171,True,4,0.0668136566784091,5
StateStreet,H1,MeanReversion,"window=100,z=2.5",0.048155260041168324,0.5502008032128514,0.09368993221424991,1.0827506482914515,254,True,4,0.03385982114455377,5
StateStreet,H1,MeanReversion,"window=20,z=2.75",0.08119347192276816,0.6666666666666666,0.22208362644888693,1.4567669648909012,81,True,4,0.07054669970850858,5
StateStreet,H4,MeanReversion,"window=50,z=2.25",-0.10855646780842698,0.5412087912087912,-0.08486582619979081,0.9433986899666783,364,True,4,0.25429255082299773,5
StateStreet,H4,MeanReversion,"window=20,z=2.5",0.03524561361642542,0.514792899408284,0.053693219146372075,1.0514589473790832,168,True,4,0.10487411516843548,5
StateStreet,H4,VolatilityExpansion,"ema=20,mult=1.5",0.5809422075677168,0.47747220596840256,0.2087973942727441,1.0713179586923396,1719,True,4,0.3346999167851471,5
StateStreet,M15,MeanReversion,"window=50,z=1.5",0.2914736748996467,0.5366713681241185,0.5001139662148768,1.2046326298187002,1445,True,4,0.037989969450017425,5
StateStreet,M15,MeanReversion,"window=20,z=1.75",0.21118564665744055,0.5326315789473685,0.38923738375729655,1.1882584444431854,967,True,4,0.12157372293609969,5
StateStreet,M15,MeanReversion,"window=50,z=1.75",0.2081464030555954,0.5354166666666667,0.4501093469497416,1.2083690309129413,982,True,4,0.031106531254261882,5
StateStreet,M15,MeanReversion,"window=20,z=2.0",0.24727072796641547,0.5435483870967742,0.5653071808710604,1.3389084650775767,630,True,5,0.13336828937112133,5
StateStreet,M15,MeanReversion,"window=100,z=2.0",0.1905182745038395,0.5442670537010159,0.4830625105912988,1.294190139997965,701,True,4,0.03895709431189198,5
StateStreet,M15,MeanReversion,"window=20,z=2.25",0.16324615533471298,0.5570291777188329,0.43568225497532975,1.3323844055459464,383,True,5,0.10328468498986221,5
StateStreet,M15,MeanReversion,"window=100,z=2.25",0.15572727631214767,0.535796766743649,0.4361191406968313,1.3492919138742283,444,True,5,0.03835089337719777,5
StateStreet,M15,MeanReversion,"window=20,z=2.5",0.1634876605352863,0.5806451612903226,0.5018594635057005,1.5120679775117052,253,True,4,0.08181016157128063,5
StateStreet,M15,MeanReversion,"window=50,z=2.5",0.16549075590478524,0.5954545454545455,0.7447235700698625,1.8401291547354992,223,True,4,0.04393722205012762,5
SynchronyFinancial,H4,MeanReversion,"window=20,z=2.0",-0.10210953691370306,0.5230769230769231,-0.05331127782089909,0.9688469438101038,589,True,4,0.25192675842135703,5
SynchronyFinancial,H4,TrendFollowing,"fast=13,slow=34",0.9566068662546797,0.4924643584521385,0.17269745595953845,1.0366828089481421,4998,True,4,1.2162717641769012,5
SynchronyFinancial,H4,TrendFollowing,"fast=21,slow=55",1.614510456352325,0.49368635437881875,0.29150152309984717,1.0627022457670996,4998,True,4,1.425673623948529,5
SynchronyFinancial,H4,TrendFollowing,"fast=34,slow=89",1.6290022270595035,0.5006109979633401,0.2941189215724137,1.063282866398772,4998,True,4,1.2319596684279515,5
SynchronyFinancial,H4,TrendFollowing,"fast=50,slow=200",0.8458770098442244,0.5032586558044807,0.15270528266785924,1.032367954307884,4998,True,5,1.2984620954253483,5
SynchronyFinancial,H4,VolatilityExpansion,"ema=20,mult=1.5",-0.26635220294920425,0.4726277372262774,-0.07521081671547995,0.9726768594832329,1659,True,4,0.5096009789405878,5
SynchronyFinancial,H4,VolatilityExpansion,"ema=50,mult=1.5",-0.14057845644848155,0.484525447042641,-0.03193326942987606,0.991109334684284,2953,True,4,0.7623070454856322,5
SynchronyFinancial,H4,VolatilityExpansion,"ema=50,mult=2.0",-0.21801628838730036,0.4858125537403267,-0.05316719821977742,0.9831518286338544,2357,True,4,0.7843692452919168,5
SynchronyFinancial,H4,VolatilityExpansion,"ema=20,mult=2.5",-0.055597841370541023,0.45857418111753373,-0.025082479497206326,0.9834582282935752,525,True,4,0.09838668371502202,5
SynchronyFinancial,H4,VolatilityExpansion,"ema=50,mult=2.5",0.03657629471804713,0.4825097168239867,0.009475356732908067,1.003540418046688,1824,True,4,0.7338340693888074,5
SynchronyFinancial,H4,VolatilityExpansion,"ema=50,mult=3.0",0.2110233350587427,0.4800301431801055,0.0651627656194453,1.028053983977618,1340,True,4,0.8061925068302943,5
SynchronyFinancial,H4,VolatilityExpansion,"ema=50,mult=3.5",-0.24262101998778773,0.4578313253012048,-0.08951780693613043,0.9550705038437265,923,True,4,0.5313626123356325,5
SynchronyFinancial,M15,MeanReversion,"window=20,z=1.75",0.18873912569167417,0.5269662921348315,0.23315749414362966,1.12797655452831,901,True,4,0.05540517473582052,5
SynchronyFinancial,M15,MeanReversion,"window=20,z=2.0",0.1458665123795656,0.5510204081632653,0.20171696777624742,1.135965394390089,593,True,4,0.0332418036531853,5
SynchronyFinancial,M15,MeanReversion,"window=50,z=2.5",0.12348502940023598,0.5425531914893617,0.32202401920098667,1.2792613943141853,283,True,4,0.08284858924359295,5
SynchronyFinancial,M15,MeanReversion,"window=20,z=2.75",0.0352855346594233,0.5523255813953488,0.08197712001084737,1.0913148326770457,172,True,4,0.045938023321016264,5
TaylorWimpey,H1,MeanReversion,"window=20,z=1.5",0.4436580034495138,0.5435855263157895,0.4551337762474616,1.1986429619810297,1337,True,4,0.21494048290109702,5
TaylorWimpey,H1,MeanReversion,"window=20,z=1.75",0.317768818977753,0.5339308578745199,0.45193834573095976,1.2321276914367794,867,True,5,0.1764108585143308,5
TaylorWimpey,H1,MeanReversion,"window=20,z=2.0",0.2341950540529415,0.5324384787472036,0.4470546282963329,1.305777756126034,496,True,4,0.16166370712018496,5
TaylorWimpey,H1,MeanReversion,"window=100,z=2.0",0.06288549012402422,0.4991735537190083,0.0960178186446017,1.0514662070141159,654,True,4,0.12412064957374147,5
TaylorWimpey,H1,MeanReversion,"window=20,z=2.25",0.2603329408961822,0.592,0.6894152621378444,1.7354375535383766,279,True,4,0.09284907766009065,5
TaylorWimpey,H1,MeanReversion,"window=50,z=2.25",0.17579747280163427,0.5238095238095238,0.3419747140415646,1.2769008073531438,365,True,5,0.08024569057220887,5
TaylorWimpey,H1,MeanReversion,"window=100,z=2.25",0.04296313777557703,0.48787061994609165,0.0824700204820178,1.0560956001575565,397,True,4,0.07494226314354968,5
TaylorWimpey,H1,MeanReversion,"window=20,z=2.5",0.1786822459350753,0.5736434108527132,0.5700622283278365,1.945620345977708,144,True,4,0.08134354990241643,5
TaylorWimpey,H4,MeanReversion,"window=100,z=1.5",-0.47202883493550274,0.5030940594059405,-0.18140631954219538,0.9382575651903337,1680,True,4,0.05111544223489928,5
TaylorWimpey,H4,MeanReversion,"window=50,z=1.75",-0.6772997563278133,0.4954954954954955,-0.2940513539473403,0.881821387526586,1154,True,4,0.21022307977817467,5
TaylorWimpey,H4,MeanReversion,"window=100,z=1.75",0.008488038382650775,0.516728624535316,0.00371217572092585,1.0016055866166018,1114,True,4,0.05519088187040766,5
TaylorWimpey,H4,MeanReversion,"window=100,z=2.0",0.054880105947155866,0.5021961932650073,0.027601929752432593,1.015616569450971,707,True,4,0.10024181508621866,5
TaylorWimpey,H4,MeanReversion,"window=50,z=2.25",-0.25408680120767946,0.5122549019607843,-0.1673868440452157,0.8877961116528489,425,True,4,0.22532313571017915,5
TaylorWimpey,H4,MeanReversion,"window=100,z=2.25",-0.05824050319242857,0.5024875621890548,-0.03324773794108188,0.9752272693180775,416,True,4,0.10748069030349128,5
TaylorWimpey,H4,MeanReversion,"window=50,z=2.5",0.0833199444024455,0.5245901639344263,0.08205846884699801,1.0693139815365955,255,True,4,0.14327002965284685,5
TaylorWimpey,H4,TrendFollowing,"fast=34,slow=89",0.2628012014487776,0.5061266874350987,0.0639840082183686,1.0124227237980377,4999,True,4,0.2943606934321136,5
TaylorWimpey,M15,MeanReversion,"window=50,z=1.5",0.19060851520452915,0.5197978096040438,0.35536136914752087,1.1415922169846622,1491,True,4,0.09496541781479872,5
TaylorWimpey,M15,MeanReversion,"window=50,z=1.75",0.23101356252943495,0.5424164524421594,0.4981327538827593,1.2699185573171858,995,True,5,0.11041682929994434,5
TaylorWimpey,M15,MeanReversion,"window=100,z=1.75",0.2566401955282934,0.5464632454923717,0.5967153008663558,1.3448669226923295,920,True,4,0.10041574449896018,5
TaylorWimpey,M15,MeanReversion,"window=50,z=2.0",0.09357698839307105,0.5427974947807933,0.22797379233734855,1.1575064092858696,610,True,4,0.036604981321043395,5
TaylorWimpey,M15,MeanReversion,"window=100,z=2.0",0.191951103193847,0.5456674473067916,0.6620367236090202,1.4435111636084281,547,True,4,0.08112673560035688,5
TaylorWimpey,M15,MeanReversion,"window=100,z=2.25",0.13801833575458633,0.5581395348837209,0.5636460456863243,1.5048307376905745,328,True,4,0.07323408681576093,5
TaylorWimpey,M15,MeanReversion,"window=50,z=2.5",0.08042103530753497,0.5864197530864198,0.33673363173454757,1.3810998134603507,203,True,4,0.02186524019815006,5
TexasInstruments,H1,TrendFollowing,"fast=50,slow=200",-0.3578564839930599,0.49909255898366606,-0.15634174036972512,0.9682636290450186,4999,True,4,0.2415925831147704,5
TexasInstruments,H4,MeanReversion,"window=20,z=1.5",1.2806023456064195,0.5068890500362582,0.6072051813556041,1.2469227054113883,1395,True,4,0.3388957454989715,5
TexasInstruments,H4,MeanReversion,"window=20,z=1.75",0.641044270663955,0.4972129319955407,0.37740635861988325,1.1889955538233086,903,True,4,0.5011705399541649,5
TexasInstruments,H4,MeanReversion,"window=50,z=1.75",0.9705912667478647,0.506268081002893,0.5065120545593621,1.2416974567614618,1040,True,4,0.3157339627321891,5
TexasInstruments,H4,MeanReversion,"window=20,z=2.0",0.3823322149516568,0.49625468164794007,0.2778456078861464,1.1825521511348278,536,True,4,0.27724200968035195,5
TexasInstruments,H4,MeanReversion,"window=20,z=2.25",-0.1566101793154291,0.4767025089605735,-0.15345702827888894,0.8765256806508005,280,True,4,0.11742170258700824,5
TexasInstruments,H4,MeanReversion,"window=100,z=2.25",0.26233048694120653,0.4714285714285714,0.19623024382141985,1.156120624905399,420,True,4,0.10209395258923892,5
TexasInstruments,H4,MeanReversion,"window=50,z=2.5",0.2160766814279197,0.5025380710659898,0.2519820313152613,1.2675747682173502,197,True,4,0.08979452484196626,5
TexasInstruments,H4,MeanReversion,"window=100,z=2.5",0.35615713685566763,0.5127118644067796,0.326609985540552,1.3876317834299217,235,True,4,0.08432588180448097,5
TexasInstruments,H4,TrendFollowing,"fast=13,slow=34",-0.9885692280898154,0.5016161616161616,-0.24681253404995931,0.9541026575382662,4999,True,4,0.21316651812196608,5
TexasInstruments,M15,MeanReversion,"window=50,z=2.75",0.052862120106788923,0.509090909090909,0.19912485785133072,1.2083424327726222,165,True,4,0.016068952706092654,5
TexasInstruments,M15,TrendFollowing,"fast=21,slow=55",0.023209501932056398,0.5050586806960745,0.01419779950458727,1.0037638793675416,4999,True,4,0.2314753399832985,5
TexasInstruments,M15,TrendFollowing,"fast=50,slow=200",0.5396081189233677,0.5117361392148928,0.3301622756942979,1.0913324005981586,4999,True,4,0.20260216150987098,5
TexasInstruments,M15,VolatilityExpansion,"ema=20,mult=2.5",-0.10143262131178643,0.5186567164179104,-0.1846282376497486,0.8889450919352819,537,True,4,0.0800263235993891,5
TexasInstruments,M15,VolatilityExpansion,"ema=20,mult=3.0",-0.08967488948644298,0.5272727272727272,-0.1984164257961696,0.8553459822691374,330,True,4,0.06577617663785562,5
TexasInstruments,M15,VolatilityExpansion,"ema=20,mult=3.5",-0.049971243771374185,0.5314009661835749,-0.1384861725647294,0.8737096256453624,207,True,4,0.029282700336435652,5
TractorSupply,H1,TrendFollowing,"fast=21,slow=55",-0.40547555883502584,0.5033598045204642,-0.20867487180556168,0.962308861869976,4999,True,4,0.09278824818389098,5
TractorSupply,H4,MeanReversion,"window=20,z=1.5",0.526191122343736,0.5084269662921348,0.24976061839154043,1.0880400294370975,1445,True,4,0.41967802000360666,5
TractorSupply,H4,MeanReversion,"window=100,z=1.5",0.486484838118764,0.49434187016081,0.20322980651531847,1.0721403374916898,1713,True,4,0.12765151701403143,5
TractorSupply,H4,MeanReversion,"window=20,z=1.75",0.41198185720909464,0.5086580086580087,0.24285164002824947,1.1047066496515903,938,True,4,0.3220973203233469,5
TractorSupply,H4,MeanReversion,"window=50,z=1.75",1.0474085627816563,0.5303643724696356,0.592837659202745,1.2769678446961392,1004,True,5,0.4010836681314358,5
TractorSupply,H4,MeanReversion,"window=100,z=1.75",0.760876001541989,0.5175202156334232,0.4023251193666788,1.1730361806008687,1129,True,5,0.2393685711692286,5
TractorSupply,H4,MeanReversion,"window=20,z=2.0",0.31194613855732456,0.5165441176470589,0.24761431199895106,1.1417424651138188,550,True,4,0.18558806526722638,5
TractorSupply,H4,MeanReversion,"window=50,z=2.0",0.4090633892984862,0.5154109589041096,0.2967566850749033,1.1732383162055773,592,True,4,0.28029705497045876,5
TractorSupply,H4,MeanReversion,"window=100,z=2.0",0.3874362291202116,0.527736131934033,0.24524465998756123,1.1390691371391366,674,True,4,0.16465269808305572,5
TractorSupply,H4,MeanReversion,"window=20,z=2.25",0.225948812085774,0.5289855072463768,0.2664706343047365,1.2163583440299301,279,True,5,0.16732474062805103,5
TractorSupply,H4,MeanReversion,"window=50,z=2.25",0.45223746719767866,0.5165165165165165,0.40717908837187816,1.3380167102667042,338,True,4,0.24200218257688022,5
TractorSupply,H4,MeanReversion,"window=100,z=2.25",0.3473274726479406,0.5376044568245125,0.2850070055985605,1.2355835977096277,363,True,4,0.18971513879211221,5
TractorSupply,H4,MeanReversion,"window=20,z=2.5",0.03690706769146568,0.5071428571428571,0.0608857849579494,1.0635840923571929,141,True,4,0.05106947359678782,5
TractorSupply,H4,TrendFollowing,"fast=21,slow=55",0.0682831988111452,0.5142214037241661,0.016577882325795937,1.0032145901873868,4999,True,4,0.6257395006839908,5
TractorSupply,H4,TrendFollowing,"fast=34,slow=89",0.3882130196735416,0.5148352772662165,0.09425246353341207,1.0184147056011825,4999,True,4,0.4388817296167302,5
TractorSupply,M15,MeanReversion,"window=50,z=2.0",0.16892306617810682,0.5274914089347079,0.3894910288529475,1.2324362386887044,595,True,4,0.04229928921310844,5
TractorSupply,M15,MeanReversion,"window=100,z=2.75",0.06119220038308637,0.5193798449612403,0.22400475223544256,1.2940834457132693,135,True,4,0.02396340362089122,5
TravelersCompanies,H1,MeanReversion,"window=20,z=1.5",0.23532629096166202,0.5091649694501018,0.2898988083592814,1.1058642230015359,1485,True,4,0.24451532548151178,5
TravelersCompanies,H1,MeanReversion,"window=50,z=1.5",0.2738374781087761,0.5013003901170351,0.330773329305466,1.1166792336129638,1545,True,4,0.13905477396675847,5
TravelersCompanies,H1,MeanReversion,"window=50,z=1.75",0.13626286884389016,0.5028571428571429,0.20397176704116493,1.0852323979741778,1055,True,4,0.07343540494303502,5
TravelersCompanies,H1,MeanReversion,"window=100,z=2.0",0.10438910330348261,0.5089163237311386,0.1817486662839236,1.093879042840067,731,True,4,0.019458522664701938,5
TravelersCompanies,H1,MeanReversion,"window=20,z=2.5",0.006515000078705979,0.5081967213114754,0.02072423054364593,1.0187829604283278,182,True,4,0.042923813859988,5
TravelersCompanies,H1,TrendFollowing,"fast=10,slow=30",-0.3918751506727798,0.488643216080402,-0.23591747577892583,0.9537016504793574,4999,True,4,0.2079173212167953,5
TravelersCompanies,H1,TrendFollowing,"fast=13,slow=34",-0.11382092544680655,0.4958793969849246,-0.06851577622119243,0.9863279822411121,4999,True,4,0.2544635283729053,5
TravelersCompanies,H1,TrendFollowing,"fast=21,slow=55",-0.1765230920134806,0.4964824120603015,-0.10626143621940555,0.9788758320748882,4999,True,4,0.23434783285680316,5
TravelersCompanies,H1,TrendFollowing,"fast=34,slow=89",-0.03430863431624198,0.5007035175879397,-0.02065229036450528,0.9958591180078411,4999,True,5,0.14704215724217584,5
TravelersCompanies,H4,MeanReversion,"window=20,z=2.0",0.17039352303835997,0.5263157894736842,0.15805758543445417,1.0972013161252447,552,True,4,0.16763875965503405,5
TravelersCompanies,H4,MeanReversion,"window=50,z=2.0",0.24967288065637372,0.4984375,0.17400492858652894,1.104839521253788,642,True,4,0.04251066103053325,5
TravelersCompanies,H4,MeanReversion,"window=50,z=2.25",0.2138460251149823,0.5038961038961038,0.19775769671465843,1.1487304759913275,387,True,4,0.0375022956757981,5
TravelersCompanies,H4,MeanReversion,"window=20,z=2.5",0.12183596423360765,0.5617283950617284,0.2234897164958455,1.2500283097552192,161,True,4,0.0876460553627676,5
TravelersCompanies,H4,MeanReversion,"window=50,z=2.5",0.16313418564965176,0.4880382775119617,0.1918915383709331,1.1959828215314392,210,True,5,0.1202264788944376,5
TravelersCompanies,H4,MeanReversion,"window=20,z=2.75",0.19218762863014294,0.6292134831460674,0.5099022722218409,1.9814727637926448,88,True,4,0.07740594687189883,5
TravelersCompanies,H4,MeanReversion,"window=50,z=3.0",0.18350878145180394,0.5652173913043478,0.356005486442842,1.7233721520241982,68,True,4,0.07927305457757516,5
TravelersCompanies,H4,TrendFollowing,"fast=34,slow=89",-0.36893960476384846,0.5029180921714631,-0.11185151580161454,0.9779498191377879,4999,True,4,0.2318197206164978,5
TravelersCompanies,M15,MeanReversion,"window=50,z=1.5",0.26092929702826784,0.5343988881167477,0.568079889018269,1.2161610297790124,1462,True,4,0.0318698397210011,5
TravelersCompanies,M15,MeanReversion,"window=20,z=2.0",0.23375404494619367,0.5483870967741935,0.6324351476583189,1.378428344637348,659,True,4,0.022340194253703816,5
TravelersCompanies,M15,MeanReversion,"window=100,z=2.25",0.08928461096564344,0.526829268292683,0.3361376223930299,1.226257262760573,415,True,5,0.0175902533568163,5
TravelersCompanies,M15,MeanReversion,"window=100,z=2.5",0.06456207098003419,0.5137254901960784,0.30777094805470573,1.262535231277741,256,True,4,0.014942751190592629,5
TravelersCompanies,M15,TrendFollowing,"fast=13,slow=34",-0.30737567103430297,0.49065420560747663,-0.3299830991535052,0.9335036846141749,4999,True,4,0.04921753209781743,5
Trip,H1,MeanReversion,"window=20,z=1.5",-0.08290976068938882,0.4950900163666121,-0.06232523330764056,0.9739397272007451,1248,True,4,0.16408715290809728,5
Trip,H1,MeanReversion,"window=50,z=1.5",0.47725917477474655,0.5115107913669065,0.3114322049035748,1.1362514698907873,1423,True,4,0.2968015325296145,5
Trip,H1,MeanReversion,"window=20,z=1.75",-0.26870857538894033,0.4962311557788945,-0.27621143725219965,0.8776306730121054,817,True,4,0.021686646509633478,5
Trip,H1,MeanReversion,"window=100,z=1.75",0.1733758654593619,0.5103734439834025,0.12370807322394038,1.0655172210099342,990,True,4,0.0706243447710394,5
Trip,H1,MeanReversion,"window=20,z=2.25",0.1320679741338583,0.5448504983388704,0.21342940261781107,1.1708738647870798,306,True,4,0.08470323379387423,5
Trip,H1,MeanReversion,"window=50,z=2.5",-0.016812394729006308,0.5064377682403434,-0.03758555438377471,0.9710511702900543,239,True,4,0.09419488807524168,5
Trip,H1,MeanReversion,"window=50,z=2.75",-0.031126029525196053,0.5,-0.08222503222216314,0.9206417105189766,144,True,4,0.08132196441666695,5
Trip,H4,MeanReversion,"window=20,z=1.5",0.3898004984398984,0.5196733481811433,0.1115652430092452,1.0464660234888004,1365,True,4,0.5965466229476447,5
Trip,H4,MeanReversion,"window=50,z=1.5",1.016269114885877,0.5134751773049645,0.26932220803543827,1.1151502610479382,1422,True,5,0.6199866635044075,5
Trip,H4,MeanReversion,"window=100,z=1.5",0.5677424353361372,0.4943502824858757,0.14247807538623591,1.0588295483911279,1430,True,4,0.021438924545366556,5
Trip,H4,MeanReversion,"window=50,z=1.75",0.9651454464002385,0.5148110316649642,0.30842786733332034,1.1619966205958985,984,True,4,0.7137437836616748,5
Trip,H4,MeanReversion,"window=100,z=1.75",1.1090800686896092,0.5182926829268293,0.33765671823229376,1.1748020133726853,992,True,4,0.36159765680871714,5
Trip,H4,MeanReversion,"window=20,z=2.0",1.167349631005139,0.5523012552301255,0.6830895281485374,1.55750704386061,485,True,4,0.46769740362864554,5
Trip,H4,MeanReversion,"window=50,z=2.0",0.7342875355872619,0.5149501661129569,0.33630520410335396,1.210275787974986,604,True,4,0.4449509839303464,5
Trip,H4,MeanReversion,"window=100,z=2.0",1.1547164793153382,0.5275080906148867,0.4105701573565319,1.282949257646256,622,True,5,0.7502375511138774,5
Trip,H4,MeanReversion,"window=20,z=2.25",0.688261752071077,0.569672131147541,0.5491976899723386,1.6794617007010528,247,True,4,0.2575674120499929,5
Trip,H4,MeanReversion,"window=100,z=2.25",0.7584296899448586,0.5065616797900262,0.33408233146178484,1.2986976164967865,384,True,4,0.3957984168957468,5
Trip,H4,MeanReversion,"window=50,z=2.5",0.32119982836900296,0.5315315315315315,0.210500927318991,1.2258014622009834,223,True,5,0.2374279838347617,5
Trip,H4,MeanReversion,"window=50,z=2.75",0.36828717879990736,0.6074766355140186,0.40044233064342777,1.7299044540283286,107,True,4,0.05648527715163687,5
Trip,H4,TrendFollowing,"fast=5,slow=20",-1.4115230141334814,0.494024711363176,-0.2194086187828963,0.9558859149178961,4999,True,5,0.7614721930904694,5
Trip,M15,MeanReversion,"window=20,z=1.5",0.416889162305931,0.5325396825396825,0.5343440241701919,1.2772113266940202,1305,True,4,0.11068482602770224,5
Trip,M15,MeanReversion,"window=50,z=1.5",0.3800185402772349,0.5134511913912375,0.6233604415781917,1.2866191666873525,1342,True,5,0.13485199961596794,5
Trip,M15,MeanReversion,"window=100,z=1.5",0.18649879914501755,0.5057034220532319,0.33018542129517364,1.1386493822791006,1373,True,4,0.07493840774248828,5
Trip,M15,MeanReversion,"window=20,z=1.75",0.38049352892876764,0.5396270396270396,0.6130373585112783,1.3761273082473409,888,True,4,0.10823171702963907,5
Trip,M15,MeanReversion,"window=50,z=1.75",0.23397527078489166,0.5183129855715871,0.4426828519563753,1.236287315615986,924,True,5,0.08783876980899163,5
Trip,M15,MeanReversion,"window=20,z=2.0",0.33410728442533966,0.5480427046263345,0.5907814146378035,1.4661837524739112,582,True,4,0.13130123097768676,5
Trip,M15,MeanReversion,"window=20,z=2.25",0.2979197308346865,0.5315068493150685,0.6149576852680838,1.6265750550015876,375,True,5,0.15753052636270337,5
Trip,M15,MeanReversion,"window=50,z=2.25",0.19318480265767735,0.5609137055837563,0.5325120266816884,1.4831751155389903,406,True,4,0.047909331653282594,5
Trip,M15,MeanReversion,"window=20,z=2.5",0.26214550059333264,0.548936170212766,0.6339525546600168,1.9286957339229829,241,True,5,0.11938630636560843,5
Trip,M15,MeanReversion,"window=50,z=2.5",0.10722836601374519,0.5370370370370371,0.3194186566282483,1.3446131701861224,275,True,4,0.029948383408117785,5
Trip,M15,MeanReversion,"window=20,z=2.75",0.1812931832112814,0.535031847133758,0.48343299487156355,1.8511191504014313,158,True,4,0.06337166489918322,5
Trip,M15,MeanReversion,"window=50,z=2.75",0.06505084122641924,0.5469613259668509,0.21188956307337237,1.287543838029445,185,True,4,0.022066124935612885,5
TruistFinancial,H1,MeanReversion,"window=100,z=1.5",0.01741923615562979,0.5139664804469274,0.013392472149999666,1.0050522534627417,1467,True,4,0.1224047223218151,5
TruistFinancial,H1,MeanReversion,"window=100,z=2.0",0.02596757073594358,0.5281065088757396,0.02799561904145324,1.0155500648263849,693,True,4,0.0413557692700629,5
TruistFinancial,H1,VolatilityExpansion,"ema=20,mult=3.5",0.05917207050931861,0.5246913580246914,0.0863690054424398,1.1121095468968425,164,True,4,0.05469247043204439,5
TruistFinancial,H4,MeanReversion,"window=20,z=2.5",0.015159274993654104,0.5244755244755245,0.021382343135638842,1.023371935111526,145,True,4,0.03725576677776443,5
TruistFinancial,H4,TrendFollowing,"fast=5,slow=20",-0.06856329016474738,0.5053654585948573,-0.014462494601611546,0.9970468233988008,4999,True,5,0.8689384681685225,5
TruistFinancial,H4,TrendFollowing,"fast=8,slow=21",-0.5200958776869719,0.5005061753391374,-0.10970973460979606,0.9778140317894234,4999,True,4,0.6778130542358555,5
TruistFinancial,H4,TrendFollowing,"fast=21,slow=55",-0.5606106551676243,0.49888641425389757,-0.11825643431447108,0.9761064214861145,4999,True,4,0.9322588026883066,5
TruistFinancial,H4,VolatilityExpansion,"ema=20,mult=2.0",0.3113981171370366,0.49208025343189016,0.12648676134123588,1.0633235818436388,960,True,4,0.3993639841432798,5
TruistFinancial,H4,VolatilityExpansion,"ema=50,mult=2.0",-0.5788265022929867,0.5004743833017078,-0.1702594369769954,0.9455967218111635,2139,True,4,0.48233523586920113,5
TruistFinancial,H4,VolatilityExpansion,"ema=20,mult=2.5",0.5421500094884822,0.5138888888888888,0.27545277732898127,1.2082629277223995,507,True,4,0.4875268332591691,5
TruistFinancial,H4,VolatilityExpansion,"ema=50,mult=2.5",-0.11775859202517869,0.49423076923076925,-0.03784679044017448,0.985448251642865,1583,True,4,0.7051697160785428,5
TruistFinancial,H4,VolatilityExpansion,"ema=50,mult=3.0",-0.2726978553682874,0.488245931283906,-0.09694658338891815,0.9553913855407614,1122,True,4,0.5767244540985016,5
TruistFinancial,M15,MeanReversion,"window=20,z=1.5",0.04467427726053863,0.49885057471264366,0.0700135599235642,1.0295376160543108,1374,True,4,0.06866937492704017,5
TruistFinancial,M15,MeanReversion,"window=50,z=1.75",0.12497502279676309,0.5177383592017738,0.30832368007961386,1.1413064330442657,944,True,4,0.03621246971812475,5
TruistFinancial,M15,MeanReversion,"window=100,z=2.0",0.1551967291913492,0.5176110260336907,0.3929060975960163,1.2501979420251532,682,True,4,0.020587490081792947,5
TruistFinancial,M15,MeanReversion,"window=50,z=2.5",0.08099304878278268,0.5605381165919282,0.3842668718429614,1.3706206984598688,230,True,4,0.015913359294285057,5
USBancorp,H1,MeanReversion,"window=100,z=1.75",-0.26092675400831034,0.513184584178499,-0.23966892394070521,0.8947406893346087,1009,True,4,0.019316306868865207,5
USBancorp,H1,TrendFollowing,"fast=8,slow=21",0.019216643864616856,0.49242424242424243,0.008122431478204274,1.0016830200606133,4999,True,4,0.2388393727439867,5
USBancorp,H1,TrendFollowing,"fast=50,slow=200",0.5078877579381553,0.49774774774774777,0.21469203114105398,1.0454541926856267,4999,True,4,0.10390931902220635,5
USBancorp,H4,MeanReversion,"window=50,z=2.5",-0.1371710332102516,0.4959677419354839,-0.13950087723619695,0.8865343817353609,249,True,4,0.04275301990603464,5
USBancorp,H4,VolatilityExpansion,"ema=20,mult=1.5",0.1335450610606871,0.49816176470588236,0.052535604737261286,1.0185737742253567,1660,True,4,0.7220214536830273,5
USBancorp,H4,VolatilityExpansion,"ema=50,mult=2.0",-0.37069257058476324,0.49207828518173347,-0.12907094878720915,0.9612322792735689,2181,True,4,0.5428325517758747,5
USBancorp,M15,MeanReversion,"window=100,z=2.0",0.05670217454232218,0.481994459833795,0.1450937548892006,1.0797004667387835,758,True,4,0.011116391296787875,5
USBancorp,M15,MeanReversion,"window=50,z=2.5",0.04724625033557972,0.5144230769230769,0.20292181277629998,1.1974602536592427,212,True,4,0.01281911732497798,5
USBancorp,M15,MeanReversion,"window=50,z=3.0",0.039625960979249086,0.5581395348837209,0.2389410296796038,1.3819649875846538,89,True,4,0.014270287660363867,5
USBancorp,M15,VolatilityExpansion,"ema=20,mult=2.0",0.0337607738397413,0.49631966351209256,0.06408065052785886,1.0304868951474881,984,True,4,0.025852422883956616,5
UltaBeauty,H1,MeanReversion,"window=50,z=2.25",-0.03257842696223956,0.47453703703703703,-0.045694928639326365,0.9725054198630042,432,True,4,0.049414774460749156,5
UltaBeauty,H1,MeanReversion,"window=100,z=2.25",-0.00411764723445307,0.46924829157175396,-0.004981308351221606,0.9966928264972628,440,True,4,0.07093811932016414,5
UltaBeauty,H1,TrendFollowing,"fast=5,slow=20",0.15935864131540933,0.5038167938931297,0.05991951310337162,1.013010176664795,4999,True,4,0.20787955388438673,5
UltaBeauty,H1,TrendFollowing,"fast=21,slow=55",0.8489728166956572,0.5072318200080354,0.31927961298187674,1.0713185125230598,4999,True,4,0.6133041287132579,5
UltaBeauty,H1,TrendFollowing,"fast=34,slow=89",0.638726789074286,0.5112494977902772,0.2401897172177701,1.0531869682703028,4999,True,4,0.5355998631291159,5
UltaBeauty,H1,VolatilityExpansion,"ema=50,mult=1.5",0.31447935550950534,0.5103983080719069,0.15689040740700722,1.0453437473803284,2850,True,4,0.08605328140950752,5
UltaBeauty,H4,MeanReversion,"window=20,z=2.0",0.0746801930682569,0.5277777777777778,0.04712796872329324,1.027866563963972,540,True,4,0.08848189203651435,5
UltaBeauty,H4,MeanReversion,"window=20,z=2.25",0.28736921140151106,0.5272108843537415,0.27161411744332853,1.228043766449738,294,True,5,0.2753668035973157,5
UltaBeauty,H4,MeanReversion,"window=20,z=2.5",0.2500190162756303,0.539568345323741,0.39044319012832873,1.5402116888036488,139,True,5,0.1925749162760062,5
UltaBeauty,H4,MeanReversion,"window=50,z=2.5",0.23161492505131664,0.5,0.22086122083749174,1.22473346582562,219,True,4,0.25766026452348256,5
UltaBeauty,H4,MeanReversion,"window=20,z=2.75",0.015266006359092588,0.453125,0.03988921440078622,1.062373333529132,63,True,4,0.054318129596188425,5
UltaBeauty,M15,MeanReversion,"window=20,z=1.5",0.48739390485607503,0.5327743902439024,0.620989836931577,1.2596889949624104,1330,True,4,0.21844729874361435,5
UltaBeauty,M15,MeanReversion,"window=50,z=1.5",0.3970867511389701,0.5184397163120568,0.5167911979374352,1.2093992303462888,1428,True,4,0.13801902762306506,5
UltaBeauty,M15,MeanReversion,"window=20,z=1.75",0.29037008950133936,0.5432525951557093,0.42672615426869986,1.2105248505893547,878,True,4,0.15679262593193943,5
UltaBeauty,M15,MeanReversion,"window=50,z=1.75",0.28898705583714235,0.5204741379310345,0.4401084672374073,1.218209674292457,935,True,4,0.0855677818346976,5
UltaBeauty,M15,MeanReversion,"window=20,z=2.0",0.1722518823561453,0.5482695810564663,0.27921482834886885,1.169269757758434,553,True,4,0.07268811425393573,5
UltaBeauty,M15,MeanReversion,"window=50,z=2.0",0.18679432201009072,0.5401709401709401,0.34231210703210646,1.2087411156132184,588,True,4,0.057182494473262735,5
UltaBeauty,M15,MeanReversion,"window=20,z=2.25",0.04460689664750439,0.5287356321839081,0.08224582170775223,1.0609150244973113,349,True,4,0.038558408424230084,5
UltaBeauty,M15,MeanReversion,"window=50,z=2.75",0.11900878080579891,0.5877862595419847,0.40693684636028465,1.6117938988481397,133,True,4,0.03214998984229489,5
UnderArmour,H1,TrendFollowing,"fast=5,slow=20",-0.8304833545684753,0.4867621527777778,-0.21326008070381822,0.9558352212615738,4999,True,4,0.49236333373238683,5
UnderArmour,H1,VolatilityExpansion,"ema=50,mult=3.0",-0.6521453736951786,0.4908657664813344,-0.3310417536172601,0.8779896445682064,1350,True,4,0.1650887071815662,5
UnderArmour,H4,MeanReversion,"window=50,z=2.0",-0.28215079938135257,0.5085910652920962,-0.10787232481165644,0.9408025099817182,604,True,4,0.055528821263697514,5
UnderArmour,H4,TrendFollowing,"fast=5,slow=20",0.9068428405640014,0.49223441706357424,0.12493548244347241,1.0258568912510182,4999,True,4,1.1810362151780147,5
UnderArmour,H4,TrendFollowing,"fast=10,slow=30",0.06626340286068033,0.4920273348519362,0.009128809066395217,1.0018670006641839,4999,True,4,0.30546003808765476,5
UnderArmour,H4,VolatilityExpansion,"ema=20,mult=2.0",0.1250650502061461,0.5032080659945004,0.0367937802729242,1.0154808427403064,1131,True,4,0.36204250427785745,5
UnderArmour,M15,MeanReversion,"window=100,z=1.5",0.3463002596594337,0.5205855443732845,0.24394268817512826,1.1321019289924703,1411,True,4,0.06845176119285923,5
UnderArmour,M15,TrendFollowing,"fast=50,slow=200",0.13920049805953927,0.5052603892688059,0.06014380971211255,1.0149749826222048,4999,True,4,0.2439600674651674,5
UnionPacific,H1,MeanReversion,"window=50,z=1.5",0.09623338153755989,0.4963934426229508,0.11472607706572528,1.0400323406791459,1529,True,4,0.03936891391552044,5
UnionPacific,H1,MeanReversion,"window=100,z=1.5",0.029330676974527292,0.4919678714859438,0.03487341444214789,1.0123157973523742,1502,True,4,0.011945107239886954,5
UnionPacific,H1,MeanReversion,"window=100,z=1.75",0.059418234887533505,0.49577464788732395,0.08723392929839924,1.0354153632342071,1069,True,4,0.06839945340589959,5
UnionPacific,H1,MeanReversion,"window=20,z=2.0",0.182866657680273,0.527336860670194,0.3322384512770067,1.2062144387187956,567,True,4,0.04293772911882254,5
UnionPacific,H1,MeanReversion,"window=100,z=2.0",0.07248275890242817,0.5178571428571429,0.1315582182340599,1.0681494058655654,674,True,4,0.04000206226517722,5
UnionPacific,H1,MeanReversion,"window=20,z=2.25",0.15350741059209239,0.5620915032679739,0.3363695778666484,1.3058340315387251,306,True,4,0.033023668648411664,5
UnionPacific,H1,MeanReversion,"window=20,z=2.5",0.1767526958257234,0.575,0.5547822084153693,1.7903333888134936,160,True,4,0.047219576294524446,5
UnionPacific,H4,TrendFollowing,"fast=5,slow=20",-0.3670545156275751,0.4920603015075377,-0.1014659872298953,0.9803375164769614,4999,True,4,0.8305356940797605,5
UnionPacific,H4,TrendFollowing,"fast=8,slow=21",-0.6303312758771638,0.4966834170854271,-0.17425131541821953,0.9664706669646416,4999,True,4,0.7506856431042633,5
UnionPacific,H4,TrendFollowing,"fast=10,slow=30",-0.4968004022856152,0.49809045226130655,-0.13733436843040484,0.9734794134765689,4999,True,4,0.5560787753230939,5
UnionPacific,H4,TrendFollowing,"fast=34,slow=89",-0.8325013946731703,0.4966834170854271,-0.23015035988026158,0.955953432896295,4999,True,4,0.284342017479139,5
UnionPacific,H4,VolatilityExpansion,"ema=50,mult=1.5",-1.0446143081985286,0.4765892653216597,-0.37949051297631686,0.899226859484668,2640,True,4,0.38645940046598637,5
UnionPacific,H4,VolatilityExpansion,"ema=20,mult=2.5",-0.12698445239145562,0.48008849557522126,-0.11798137945333957,0.9297154833465309,454,True,4,0.09427780323006041,5
UnionPacific,M15,MeanReversion,"window=50,z=2.25",0.05878496190336491,0.5458937198067633,0.20633043392906722,1.1390941945754447,417,True,4,0.03535613813148708,5
UnionPacific,M15,MeanReversion,"window=100,z=2.25",0.04909097615711833,0.5165394402035624,0.18688491044881947,1.1295897948490978,394,True,4,0.011648513254056359,5
UnionPacific,M15,MeanReversion,"window=100,z=2.5",0.09257619576145204,0.5531914893617021,0.4388386072997219,1.4569362476636383,235,True,5,0.03832159760441023,5
UnionPacific,M15,MeanReversion,"window=50,z=2.75",0.06770002235039208,0.5469613259668509,0.3269222718525335,1.3607027066313477,180,True,4,0.015436526923816363,5
UnionPacific,M15,MeanReversion,"window=100,z=3.0",0.03649758971182482,0.5875,0.3048361322717715,1.5264753458951612,79,True,4,0.019738983526477516,5
UnionPacific,M15,TrendFollowing,"fast=5,slow=20",0.1250078172253023,0.48964256701868397,0.13800389970704702,1.030275841307003,4999,True,4,0.09956424094352267,5
UnitedAirlines,H1,TrendFollowing,"fast=8,slow=21",-0.22815389059442326,0.49605183235472766,-0.06452771949769653,0.9867619426640731,4999,True,4,0.5817734512018956,5
UnitedAirlines,H1,TrendFollowing,"fast=10,slow=30",0.4275033777560201,0.49645677262603766,0.12091133029770945,1.0252857832653404,4999,True,5,0.7112311908834398,5
UnitedAirlines,H1,TrendFollowing,"fast=13,slow=34",1.1094688180244425,0.4980765337112776,0.3138447195513072,1.0669731111889487,4999,True,4,0.560973962825818,5
UnitedAirlines,H1,TrendFollowing,"fast=21,slow=55",1.2861800585399958,0.49402713099817774,0.36385696723730765,1.0780566112519736,4999,True,4,0.7028862958476115,5
UnitedAirlines,H1,VolatilityExpansion,"ema=20,mult=2.0",-0.40298804048566084,0.4719211822660099,-0.2516088740400058,0.8996195829440697,1029,True,4,0.20146189289774308,5
UnitedAirlines,H1,VolatilityExpansion,"ema=50,mult=2.0",0.10007013564944445,0.4881656804733728,0.04112438283481111,1.0119083645425109,2392,True,4,0.4871473007154392,5
UnitedAirlines,H1,VolatilityExpansion,"ema=50,mult=2.5",-0.1676911693755806,0.4898962315674495,-0.0762004224380941,0.9751018364110884,1852,True,4,0.4368529972754771,5
UnitedAirlines,H1,VolatilityExpansion,"ema=50,mult=3.0",-0.24752748999078233,0.48523206751054854,-0.13186549562480526,0.9523022565454763,1439,True,4,0.30339111609682734,5
UnitedAirlines,H1,VolatilityExpansion,"ema=50,mult=3.5",-0.5423876447957281,0.4755859375,-0.3426154142618661,0.8623448811660323,1039,True,4,0.22222839641563852,5
UnitedAirlines,H4,MeanReversion,"window=50,z=1.75",-0.1448023613398257,0.49806201550387597,-0.04147246369079962,0.9805103654336592,1036,True,4,0.20543946907272914,5
UnitedAirlines,H4,MeanReversion,"window=50,z=2.0",0.2536503376000976,0.4909090909090909,0.10144540197866084,1.0567940760096144,661,True,4,0.20432295212837404,5
UnitedAirlines,H4,MeanReversion,"window=50,z=2.25",-0.16332946911824875,0.5012919896640827,-0.07993050321733385,0.9435374318857854,387,True,4,0.12222958046772803,5
UnitedAirlines,H4,MeanReversion,"window=100,z=2.25",-0.11689080716533107,0.49033816425120774,-0.049219529764258245,0.9649239109569056,413,True,4,0.17167568841888925,5
UnitedAirlines,H4,MeanReversion,"window=20,z=2.5",-0.020099076304168406,0.5102040816326531,-0.02299864092761245,0.9755757539255466,147,True,4,0.010999498183376533,5
UnitedAirlines,H4,TrendFollowing,"fast=5,slow=20",2.332184132678428,0.4989927477840451,0.325821884421519,1.0710793359407382,4999,True,5,1.571406107235197,5
UnitedAirlines,M15,MeanReversion,"window=50,z=1.5",0.4347088220337654,0.5113386978785662,0.39662909216282294,1.169187042787021,1381,True,4,0.16422425450526357,5
UnitedAirlines,M15,MeanReversion,"window=100,z=1.5",0.20188738102558534,0.5153461812990721,0.19473935653311314,1.0791674447844308,1413,True,5,0.13267916006394231,5
UnitedAirlines,M15,MeanReversion,"window=50,z=1.75",0.30724210757045234,0.5194805194805194,0.3318918920827008,1.1656205095625107,934,True,4,0.10003862516571527,5
UnitedAirlines,M15,MeanReversion,"window=20,z=2.0",0.33351410620323574,0.519327731092437,0.36946092984673123,1.2444257420986053,602,True,4,0.1445368119872279,5
UnitedAirlines,M15,MeanReversion,"window=50,z=2.0",0.29120398918033474,0.5364238410596026,0.40475167019997943,1.2469623135519021,611,True,4,0.09253110597039349,5
UnitedAirlines,M15,MeanReversion,"window=50,z=2.25",0.2438803395004464,0.5483028720626631,0.38613656516920236,1.3081270162018015,386,True,4,0.05109019225582345,5
UnitedAirlines,M15,MeanReversion,"window=100,z=2.25",0.2413705813196556,0.5428571428571428,0.3318716712803261,1.276306993515988,421,True,4,0.1193539731157428,5
UnitedAirlines,M15,MeanReversion,"window=100,z=2.5",0.13299605827838568,0.53125,0.21094838305698643,1.2227064054805512,256,True,4,0.0392805737234847,5
UnitedAirlines,M15,MeanReversion,"window=100,z=2.75",0.09012038046468884,0.5308641975308642,0.1544878330010196,1.2010679770517922,161,True,4,0.0378924341898893,5
UnitedUtilities,H1,MeanReversion,"window=20,z=1.5",0.1655349650767407,0.5082612116443745,0.20461006527821748,1.0746490290223012,1433,True,5,0.1343784016093159,5
UnitedUtilities,H1,MeanReversion,"window=100,z=1.5",0.11209999051952702,0.5056433408577878,0.12527045981798035,1.046387048351015,1503,True,4,0.031918529975973,5
UnitedUtilities,H1,MeanReversion,"window=20,z=1.75",0.24347812920879097,0.525609756097561,0.35017072308552166,1.1699106689402572,924,True,4,0.15836420286189135,5
UnitedUtilities,H1,MeanReversion,"window=20,z=2.0",0.1978908678239023,0.5370370370370371,0.39767423017434417,1.2445980396585903,551,True,4,0.09079728990394953,5
UnitedUtilities,H4,MeanReversion,"window=100,z=1.5",0.6521182985715571,0.5106227106227106,0.42689849055812584,1.1499030184554047,1452,True,5,0.19353905335019228,5
UnitedUtilities,H4,MeanReversion,"window=20,z=1.75",0.6854864393845665,0.5417156286721504,0.5412158238610325,1.2610983053042752,902,True,5,0.23194838895670722,5
UnitedUtilities,H4,MeanReversion,"window=100,z=1.75",0.25447992399154307,0.5090137857900318,0.20315381844757868,1.0825788750734486,1003,True,4,0.08007832787255498,5
UnitedUtilities,H4,MeanReversion,"window=20,z=2.0",0.5112964146849789,0.5684210526315789,0.5506946135571227,1.3758246774651504,505,True,5,0.23587476221704184,5
UnitedUtilities,H4,MeanReversion,"window=100,z=2.0",0.38449488763611495,0.5301003344481605,0.36681930428674664,1.199427489214312,631,True,4,0.14199103158147985,5
UnitedUtilities,H4,MeanReversion,"window=20,z=2.25",0.34257077120568025,0.5756302521008403,0.5451600048860538,1.53082791267812,250,True,4,0.14634496272139652,5
UnitedUtilities,H4,MeanReversion,"window=20,z=2.5",0.14928544714315295,0.5537190082644629,0.3269776990278205,1.4305062119532357,125,True,4,0.024690991288445763,5
UnitedUtilities,M15,TrendFollowing,"fast=34,slow=89",0.08396558405467824,0.5121887287024902,0.12549809393383585,1.024589131585305,4999,True,4,0.070260947181786,5
UnitedUtilities,M15,TrendFollowing,"fast=50,slow=200",0.004990648692779098,0.5030144167758847,0.007458977383666983,1.0014447928756764,4999,True,5,0.11256576426772325,5
UnitedUtilities,M15,VolatilityExpansion,"ema=20,mult=2.0",-0.015361296536716695,0.4752475247524752,-0.04649801926797612,0.9813464414030004,1009,True,4,0.08997596069431735,5
UnitedUtilities,M15,VolatilityExpansion,"ema=50,mult=3.0",-0.11916949262612264,0.4749763928234183,-0.3246649726494059,0.8867615956475792,1349,True,4,0.023544440000481837,5
UnitedUtilities,M15,VolatilityExpansion,"ema=50,mult=3.5",-0.05145381129779503,0.46900269541778977,-0.16752378001137438,0.9292514943404606,931,True,4,0.019505341827745104,5
ViacomCBS,H1,MeanReversion,"window=20,z=1.5",-0.7284894173778186,0.48693054518297235,-0.3409949500132657,0.8716549766147125,1420,True,4,0.21719324681098562,5
ViacomCBS,H4,MeanReversion,"window=20,z=1.5",-0.6478129547293056,0.5010645848119234,-0.16953296481019117,0.9347983424807454,1425,True,4,0.04887717569142247,5
ViacomCBS,H4,MeanReversion,"window=50,z=1.5",-0.28823137610632743,0.4963648380700595,-0.07618290536605755,0.9722153389542713,1530,True,4,0.16659138498883996,5
ViacomCBS,H4,MeanReversion,"window=50,z=1.75",0.33036586808026125,0.5104685942173479,0.11132397204903083,1.0497707355141968,1016,True,4,0.5681131405843224,5
ViacomCBS,H4,MeanReversion,"window=50,z=2.0",0.1225201395990857,0.5090016366612111,0.0528809273099233,1.0301402976100162,619,True,4,0.30090488599725995,5
ViacomCBS,H4,MeanReversion,"window=50,z=2.25",0.3334472218808462,0.4971751412429379,0.1738663183391548,1.1352297086391225,357,True,4,0.12719634076941322,5
ViacomCBS,H4,MeanReversion,"window=50,z=2.5",0.5275132578406222,0.5221674876847291,0.32886688416381693,1.3942647635386631,203,True,4,0.07877037225860661,5
ViacomCBS,H4,MeanReversion,"window=100,z=2.5",0.22480558568160225,0.4898785425101215,0.14509123993846673,1.1313364727201605,249,True,5,0.2046629710851714,5
ViacomCBS,H4,TrendFollowing,"fast=13,slow=34",1.0060871371492297,0.5114674243961843,0.14527375971543866,1.0321707291293645,4999,True,4,1.4803100643426161,5
ViacomCBS,M15,TrendFollowing,"fast=21,slow=55",0.16171544225355883,0.5062413314840499,0.0776678495366544,1.0183405630251356,4999,True,4,0.09673623042216517,5
VistryGroup,H1,MeanReversion,"window=50,z=1.5",-0.3203529724154852,0.48569482288828336,-0.162002196469188,0.9285872380158279,1527,True,4,0.1341211870752781,5
VistryGroup,H1,MeanReversion,"window=100,z=1.5",0.19741706984256857,0.5019669551534225,0.10291920448712802,1.05353156742671,1342,True,5,0.30163478488256656,5
VistryGroup,H1,MeanReversion,"window=50,z=1.75",-0.25718509171419845,0.48971596474045054,-0.14043445228917836,0.9212868292405225,1061,True,4,0.1025453687670943,5
VistryGroup,H1,MeanReversion,"window=100,z=1.75",0.014960807353622596,0.4970202622169249,0.008725563482753574,1.0057174696644118,881,True,5,0.19143158964415863,5
VistryGroup,H1,MeanReversion,"window=20,z=2.0",0.15936305619512836,0.5245579567779961,0.19329346309775491,1.1151981353188753,523,True,4,0.08331695792118665,5
VistryGroup,H1,MeanReversion,"window=20,z=2.25",0.08751878950481429,0.5152542372881356,0.14024868392148815,1.111132122177611,303,True,4,0.07111734554656979,5
VistryGroup,H1,MeanReversion,"window=100,z=2.25",-0.12730331183364918,0.49157303370786515,-0.0835047361637736,0.9032754742232708,370,True,4,0.08758056671443937,5
VistryGroup,H1,VolatilityExpansion,"ema=20,mult=2.5",0.03519972111867253,0.5081632653061224,0.033293956518803486,1.0213850352082012,505,True,4,0.12212236606958704,5
VistryGroup,H1,VolatilityExpansion,"ema=20,mult=3.0",0.13433522638588902,0.5020242914979757,0.15209059249366394,1.1535788224511139,254,True,4,0.14062268905791975,5
VistryGroup,H4,MeanReversion,"window=50,z=1.5",-0.5873177198534228,0.49320388349514566,-0.17752822636512153,0.936283941347867,1576,True,5,0.46156562140554314,5
VistryGroup,H4,MeanReversion,"window=100,z=1.5",-0.653844530909421,0.48674521354933725,-0.2114491643549517,0.9194789444403136,1385,True,4,0.25537015495275683,5
VistryGroup,H4,MeanReversion,"window=20,z=1.75",-0.2844212119692989,0.4983853606027987,-0.1100860325919652,0.9490009673135914,953,True,4,0.23339057317200407,5
VistryGroup,H4,MeanReversion,"window=50,z=1.75",-0.3481406196068254,0.499063670411985,-0.12352265526143807,0.9457654650064776,1088,True,5,0.454386464352741,5
VistryGroup,H4,MeanReversion,"window=100,z=1.75",-0.32626321110065326,0.4925373134328358,-0.12011029881569822,0.9428300636520852,952,True,5,0.38767712612927085,5
VistryGroup,H4,MeanReversion,"window=20,z=2.0",-0.14029813582523587,0.5070671378091873,-0.06262036626437115,0.9610592478754757,581,True,4,0.30267386890800696,5
VistryGroup,H4,MeanReversion,"window=50,z=2.0",-0.08420295003318135,0.5214814814814814,-0.03535345408497305,0.9798424726393958,690,True,5,0.5240888864677014,5
VistryGroup,H4,MeanReversion,"window=100,z=2.0",-0.34314016123468916,0.48484848484848486,-0.13951655405980376,0.916522109886688,636,True,5,0.4089577327014904,5
VistryGroup,H4,MeanReversion,"window=50,z=2.25",0.6034478355608627,0.5341772151898734,0.40100696995143525,1.2826324359382213,401,True,5,0.4988307285894993,5
VistryGroup,H4,MeanReversion,"window=100,z=2.25",-0.39818057512676097,0.48614609571788414,-0.1783313325669036,0.8662106459425185,402,True,4,0.29520828156648493,5
VistryGroup,H4,MeanReversion,"window=20,z=2.5",0.028377234410303598,0.5159235668789809,0.027779520216587677,1.0294646097287474,160,True,4,0.09882431759961263,5
VistryGroup,H4,MeanReversion,"window=50,z=2.5",0.40826575104232443,0.5687203791469194,0.34736634635234725,1.3427495299070458,213,True,5,0.22921130946777935,5
VistryGroup,H4,MeanReversion,"window=100,z=2.5",-0.2578689308182084,0.49019607843137253,-0.13584220600172497,0.8710958586211164,257,True,4,0.23801048605179265,5
VistryGroup,H4,MeanReversion,"window=50,z=2.75",0.043764972045844064,0.512,0.04612787206269544,1.0521659952578073,127,True,4,0.13889659035515112,5
VistryGroup,M15,MeanReversion,"window=20,z=1.5",0.17227761341230652,0.540500736377025,0.23272552843504124,1.084613981962227,1419,True,5,0.04298192532328882,5
VistryGroup,M15,TrendFollowing,"fast=13,slow=34",0.2294132411919675,0.4997892962494732,0.18872162110467836,1.0354179840199498,4999,True,4,0.22021583699192981,5
VistryGroup,M15,TrendFollowing,"fast=21,slow=55",0.28878597568084696,0.5056890012642224,0.2375730764889886,1.0447895253406114,4999,True,4,0.20955732829996165,5
VistryGroup,M15,TrendFollowing,"fast=34,slow=89",0.2576347433066618,0.5056890012642224,0.21194131469823096,1.0398618016996624,4999,True,5,0.3116458387807257,5
VistryGroup,M15,TrendFollowing,"fast=50,slow=200",-0.20634959572332046,0.49557522123893805,-0.16974654302634318,0.9691794302812045,4999,True,5,0.1968578407574051,5
VistryGroup,M15,VolatilityExpansion,"ema=50,mult=3.0",-0.011321668552020436,0.4958371877890842,-0.017149063652449895,0.9933501961955198,1122,True,4,0.08944948758775428,5
VistryGroup,M15,VolatilityExpansion,"ema=50,mult=3.5",-0.008107902997676941,0.4880503144654088,-0.014484677992404426,0.9934109559646609,822,True,4,0.0390697756116507,5
Webuild,H1,MeanReversion,"window=50,z=1.5",0.31827132239973277,0.5170940170940171,0.25974533242801007,1.101034310422028,1511,True,4,0.1708110484228439,5
Webuild,H1,MeanReversion,"window=50,z=1.75",0.15064252405246792,0.5120087336244541,0.14777739766060433,1.0706364584505756,990,True,5,0.09285461625612768,5
Webuild,H1,MeanReversion,"window=100,z=1.75",0.018680973074670537,0.4943502824858757,0.01585550385660305,1.0069783176825338,1148,True,4,0.11652318722104871,5
Webuild,H1,MeanReversion,"window=20,z=2.0",0.17054748587055757,0.516,0.2191484118785759,1.1510804198918416,531,True,5,0.08966589972462358,5
Webuild,H1,MeanReversion,"window=50,z=2.0",0.14311766704993945,0.515625,0.16362346672747854,1.1039949837038074,623,True,4,0.08467918182216028,5
Webuild,H1,MeanReversion,"window=100,z=2.0",0.08606467923180205,0.4964336661911555,0.08728692950048132,1.0495458441442902,751,True,5,0.18458214369095127,5
Webuild,H1,MeanReversion,"window=50,z=2.25",0.09279046541177272,0.5129682997118156,0.1218299912987566,1.1052720230068465,376,True,4,0.10717030858460219,5
Webuild,H1,MeanReversion,"window=20,z=2.75",0.0579495625413875,0.5128205128205128,0.1994782509067549,1.3145191867568726,79,True,4,0.054166963195123374,5
Webuild,H4,MeanReversion,"window=50,z=1.5",0.8486915818447648,0.5249818971759594,0.2845695675068734,1.1095197746276553,1418,True,4,0.6283385472790265,5
Webuild,H4,MeanReversion,"window=20,z=1.75",0.6259053683348423,0.5202780996523755,0.262218996156508,1.1300297307161171,881,True,4,0.22245963320683915,5
Webuild,H4,MeanReversion,"window=50,z=1.75",0.6110826941501956,0.5256544502617801,0.22531557579731398,1.1061354739796416,984,True,4,0.4894725169353098,5
Webuild,H4,MeanReversion,"window=50,z=2.0",0.24646288844661401,0.5152487961476726,0.10385808292410963,1.0599750624319844,642,True,4,0.28981537333760465,5
Webuild,H4,MeanReversion,"window=50,z=2.25",0.32222656389701676,0.5236907730673317,0.1478476595429531,1.1093965629954794,412,True,4,0.08925668026411371,5
Webuild,H4,MeanReversion,"window=100,z=2.25",0.4556070893707679,0.5311778290993071,0.20660168468337642,1.147615635439687,441,True,4,0.31850008519912276,5
Webuild,H4,MeanReversion,"window=100,z=2.5",-0.010203866687941376,0.4794520547945205,-0.004913943624599212,0.9960289416191422,296,True,4,0.23607091348922282,5
Webuild,M15,MeanReversion,"window=100,z=1.5",0.3202022558615616,0.5187207488299532,0.562863255577399,1.2186592607034132,1426,True,4,0.05972243596717097,5
Webuild,M15,MeanReversion,"window=50,z=1.75",0.24189212356743484,0.5514250309789344,0.504431013274702,1.245157004793765,898,True,4,0.04306709921467544,5
Webuild,M15,MeanReversion,"window=100,z=1.75",0.2581697261936252,0.5380047505938242,0.5622464848308464,1.269683092346032,935,True,4,0.043049270664022754,5
Webuild,M15,MeanReversion,"window=50,z=2.0",0.19766775346664445,0.5685071574642127,0.4977983257829224,1.319123877784399,544,True,4,0.04281435087746066,5
WesternDigital,H1,MeanReversion,"window=20,z=2.0",-0.008705606164340685,0.498134328358209,-0.007037224708149993,0.995580331565539,538,True,4,0.09443437274170197,5
WesternDigital,H1,MeanReversion,"window=50,z=2.0",-0.050228429190287915,0.4935064935064935,-0.039463911443563635,0.9782622208481864,696,True,4,0.15227224384389149,5
WesternDigital,H1,MeanReversion,"window=100,z=2.0",-0.3539885446079143,0.46134020618556704,-0.22492848675078378,0.8835895258865221,782,True,4,0.09029503019619511,5
WesternDigital,H1,MeanReversion,"window=100,z=2.25",-0.16917986421919995,0.4461839530332681,-0.13915008894414355,0.9114398566205133,516,True,4,0.1588391812487605,5
WesternDigital,H1,MeanReversion,"window=100,z=2.75",-0.05133911587059592,0.4744897959183674,-0.05454445745722813,0.940500659180963,196,True,4,0.056351357451459916,5
WesternDigital,H1,TrendFollowing,"fast=8,slow=21",0.9579560217664513,0.5131578947368421,0.2502357431450141,1.0577927124475859,4999,True,4,0.2947841836929461,5
WesternDigital,H1,TrendFollowing,"fast=10,slow=30",0.6915275769924758,0.512753036437247,0.18062898103713793,1.0413866870856223,4999,True,4,0.42171782256363954,5
WesternDigital,H1,TrendFollowing,"fast=13,slow=34",1.3049969635682923,0.5137651821862348,0.3409254820025007,1.0795622979036952,4999,True,4,0.43819262471654685,5
WesternDigital,H4,MeanReversion,"window=20,z=2.25",-0.03883124596948839,0.5127272727272727,-0.02730142996008404,0.9786865671924898,274,True,4,0.10753063245627881,5
WesternDigital,H4,MeanReversion,"window=20,z=2.5",0.24592843670037068,0.503448275862069,0.23886092014415986,1.3137670465822513,144,True,4,0.16767823652466585,5
WesternDigital,H4,MeanReversion,"window=50,z=3.0",-0.0019189701441743034,0.4691358024691358,-0.0022233654494124115,0.9964945010355838,80,True,4,0.2026824919469531,5
WesternDigital,H4,TrendFollowing,"fast=5,slow=20",1.1318782151283973,0.4995972613773661,0.1680110579018866,1.0334836852695461,4999,True,4,1.602864915970209,5
WesternDigital,H4,VolatilityExpansion,"ema=20,mult=2.5",0.843407039093054,0.513262599469496,0.34197725605362084,1.1769584292594002,759,True,5,0.6113838602665264,5
WesternDigital,H4,VolatilityExpansion,"ema=50,mult=3.5",0.8023560531915918,0.5224123879380603,0.24416502700858198,1.1000401975653398,1235,True,4,0.8712823323397633,5
WesternDigital,M15,MeanReversion,"window=20,z=1.5",0.5710739377358937,0.5132877752467729,0.39948994420995587,1.1846784534138515,1328,True,4,0.17656741574002155,5
WesternDigital,M15,MeanReversion,"window=20,z=1.75",0.32109217721248884,0.5158264947245017,0.27166607087841493,1.1457547623701143,860,True,4,0.03132268637449298,5
WesternDigital,M15,MeanReversion,"window=20,z=2.0",0.25982379781058584,0.5414364640883977,0.24432700520263945,1.1651286439380444,546,True,4,0.11746733529524367,5
WesternDigital,M15,MeanReversion,"window=20,z=2.5",0.03149924113446145,0.5256410256410257,0.03765640337116488,1.0342418621588854,235,True,4,0.021953042238414433,5
WesternDigital,M15,MeanReversion,"window=20,z=3.0",0.20159821686650892,0.6063829787234043,0.3554368564228745,1.6409130963857788,94,True,4,0.03945455120168917,5
WesternDigital,M15,TrendFollowing,"fast=8,slow=21",0.07028523477052306,0.5050895765472313,0.028708254434314396,1.006819559311042,4999,True,4,0.24866544375524813,5
WesternDigital,M15,TrendFollowing,"fast=13,slow=34",0.28455886681296894,0.5140472312703583,0.11623200852371757,1.0278998919039906,4999,True,4,0.37301256593399856,5
WesternDigital,M15,TrendFollowing,"fast=21,slow=55",0.2554750251430996,0.5154723127035831,0.10435176809392731,1.0250126716267405,4999,True,4,0.2462758707862135,5
WesternDigital,M15,TrendFollowing,"fast=50,slow=200",1.2197296571619378,0.5230048859934854,0.49844768779279836,1.1253357661964924,4999,True,5,0.47100349571639855,5
WynnResorts,H1,TrendFollowing,"fast=5,slow=20",0.23489238190568407,0.49818401937046003,0.08667180450200729,1.017848386569632,4999,True,5,0.6235164378411858,5
WynnResorts,H1,TrendFollowing,"fast=8,slow=21",0.40098200886504376,0.4989911218724778,0.1479606352724174,1.0306622544561599,4999,True,4,0.46458610082555174,5
WynnResorts,H1,TrendFollowing,"fast=10,slow=30",0.5363164574249615,0.5016142050040355,0.19790524769309048,1.0412243061629458,4999,True,4,0.597854706124957,5
WynnResorts,H1,TrendFollowing,"fast=13,slow=34",0.35800426337878943,0.5034301856335754,0.13210086784148925,1.0273309258396015,4999,True,4,0.42829539401509387,5
WynnResorts,H4,TrendFollowing,"fast=34,slow=89",-1.3863304775339025,0.49306811332127787,-0.2070352561687241,0.9583863968067495,4999,True,4,0.42879639462038,5
WynnResorts,H4,TrendFollowing,"fast=50,slow=200",-0.606868800478391,0.4982921438617641,-0.09062384535810014,0.9815679370904914,4999,True,4,0.5695730109157969,5
WynnResorts,H4,VolatilityExpansion,"ema=20,mult=2.5",-0.6103276899685894,0.4781818181818182,-0.2682447723239986,0.8552888423232765,552,True,4,0.15685128157414974,5
WynnResorts,M15,MeanReversion,"window=50,z=1.75",0.16317447752995085,0.5239064089521872,0.24532210253366582,1.1073458942772418,997,True,4,0.027353656059685205,5
WynnResorts,M15,MeanReversion,"window=20,z=2.0",0.14553045707990553,0.5074626865671642,0.24589026565031172,1.1378301796230696,607,True,4,0.05962073635804499,5
WynnResorts,M15,MeanReversion,"window=50,z=2.0",0.1520169806004329,0.528,0.2735771495115862,1.1507004923849817,633,True,4,0.05119284156808668,5
WynnResorts,M15,MeanReversion,"window=20,z=2.25",0.11000215822164228,0.5286458333333334,0.21551991745805293,1.1534609438796302,387,True,4,0.065199094723697,5
WynnResorts,M15,MeanReversion,"window=50,z=2.25",0.059131090022375155,0.5217391304347826,0.12044369996186517,1.0788864264394713,419,True,4,0.017706239624766695,5
WynnResorts,M15,MeanReversion,"window=20,z=2.5",0.0515137885361342,0.5217391304347826,0.11762674141907474,1.105272152999949,232,True,4,0.029359155816111482,5
WynnResorts,M15,MeanReversion,"window=20,z=2.75",0.032336519858977675,0.5136986301369864,0.08443120437030538,1.0975964801179943,145,True,5,0.033156242968011784,5
WynnResorts,M15,TrendFollowing,"fast=8,slow=21",0.26338342349593646,0.4971475142624287,0.16870895913060163,1.037120828272986,4999,True,4,0.054201598740208246,5
WynnResorts,M15,TrendFollowing,"fast=10,slow=30",0.13366048217667248,0.49511002444987773,0.08561197545230428,1.0186672433810908,4999,True,4,0.08901110402865142,5
WynnResorts,M15,TrendFollowing,"fast=34,slow=89",0.41140224997664454,0.5122249388753056,0.2635431261300959,1.0585935346332092,4999,True,4,0.09705835302182231,5
WynnResorts,M15,TrendFollowing,"fast=50,slow=200",0.18159999606699606,0.5050937245313774,0.11631953935555622,1.0254477452471726,4999,True,4,0.07245068202963667,5
