symbol,timeframe,strategy,params,total_return,win_rate,sharpe_ratio,profit_factor,num_trades,robust,oos_profitable_windows,total_oos_return,total_windows
ACS,H4,MeanReversion,"window=100,z=1.5",-0.34177903585612346,0.4953271028037383,-0.14573485036532907,0.9445000498111212,1658,True,4,0.15714808383509804,5
ACS,H4,VolatilityExpansion,"ema=20,mult=2.0",0.653505431612457,0.5129533678756477,0.33676191322705645,1.1754377898422965,994,True,4,0.2075635844894962,5
ACS,H4,VolatilityExpansion,"ema=50,mult=3.0",0.48667848224395993,0.5162569389373514,0.22441709267425647,1.1031759339084457,1306,True,4,0.020160476794926385,5
ACS,H4,VolatilityExpansion,"ema=50,mult=3.5",0.6589813970513098,0.5242195909580194,0.3240521637638166,1.1866630321465454,958,True,4,0.11772273613402984,5
ACS,M15,VolatilityExpansion,"ema=20,mult=1.5",0.04673120097932759,0.5139318885448917,0.08502036763270454,1.0272313335846963,1920,True,4,0.11784055050118969,5
ACS,M15,VolatilityExpansion,"ema=20,mult=2.0",0.08736401733886112,0.5224450811843362,0.1871160372346296,1.0761461254117117,1239,True,5,0.12847612712633338,5
ACS,M15,VolatilityExpansion,"ema=20,mult=2.5",0.10286895401244911,0.536697247706422,0.2656134925800601,1.1427945717988408,750,True,5,0.08433012359905279,5
ACS,M15,VolatilityExpansion,"ema=50,mult=2.5",0.18338105964581541,0.530729465824239,0.33106287662458916,1.1046088890412826,2091,True,5,0.16662339447655572,5
ACS,M15,VolatilityExpansion,"ema=20,mult=3.0",0.08541444478178062,0.5413533834586466,0.27239865649110556,1.1861228330142353,451,True,5,0.09848826258145216,5
ACS,M15,VolatilityExpansion,"ema=50,mult=3.0",0.16270776855736324,0.5369843527738265,0.3180572607954742,1.1137092052446131,1687,True,4,0.156908962534819,5
ACS,M15,VolatilityExpansion,"ema=20,mult=3.5",0.05151435620499911,0.5688888888888889,0.2105400931556121,1.194964477599286,251,True,5,0.07576881411136616,5
ACS,M15,VolatilityExpansion,"ema=50,mult=3.5",0.05770321682911672,0.5383275261324042,0.12713841115119537,1.048348290671779,1372,True,4,0.1056989173784535,5
ASM,H1,MeanReversion,"window=20,z=2.0",-0.06798860865557976,0.5076335877862596,-0.06853538595454196,0.9570572603809956,536,True,4,0.16878586259597084,5
ASM,H1,TrendFollowing,"fast=8,slow=21",-0.026505941720209147,0.5007209062821834,-0.009764763681958197,0.9979150187852919,4999,True,4,0.1243227110213474,5
ASM,H1,TrendFollowing,"fast=10,slow=30",0.2655593541227781,0.5089598352214212,0.09783365286253998,1.0211318808054681,4999,True,4,0.30397528186455136,5
ASM,H1,TrendFollowing,"fast=13,slow=34",0.2675302829456947,0.5085478887744593,0.0985597827099092,1.0212903869871608,4999,True,4,0.3408414607481407,5
ASM,H1,TrendFollowing,"fast=21,slow=55",0.5025120953636089,0.5157569515962925,0.18513753426431312,1.0403679702431632,4999,True,4,0.028355131490317875,5
ASM,H4,TrendFollowing,"fast=5,slow=20",1.3321578414957616,0.5010109179134654,0.25648219581775306,1.0493463159576326,4999,True,5,0.8251784722138535,5
ASM,H4,TrendFollowing,"fast=8,slow=21",1.6089998140907023,0.5006065507480792,0.3098015214846837,1.0599083823697184,4999,True,5,1.2291010130364168,5
ASM,H4,TrendFollowing,"fast=10,slow=30",2.055278098888105,0.5034371209057824,0.3957768645002856,1.0771659087085055,4999,True,5,1.1379022372904415,5
ASM,H4,TrendFollowing,"fast=13,slow=34",2.2512343544658986,0.5093004448038819,0.43353831831108175,1.0848352091217186,4999,True,4,1.0232230744675495,5
ASM,H4,TrendFollowing,"fast=21,slow=55",1.3245682248438846,0.5099069955519612,0.2550205781341151,1.0490582823222725,4999,True,4,0.6347699584858997,5
ASM,H4,TrendFollowing,"fast=34,slow=89",1.216400724289209,0.5050545895673272,0.2341902352185932,1.044961998442184,4999,True,4,0.5854644674297651,5
ASM,H4,VolatilityExpansion,"ema=20,mult=1.5",1.2834349434964962,0.5056242969628797,0.4003977969358894,1.1324508120499535,1791,True,4,0.4547462979911775,5
ASM,H4,VolatilityExpansion,"ema=50,mult=1.5",1.736666788767935,0.5066971577915714,0.4239683026727519,1.1068284591558069,3089,True,4,0.5974299768059811,5
ASM,H4,VolatilityExpansion,"ema=50,mult=2.0",1.2933051400264126,0.5009932459276917,0.34162142183713773,1.0948897212675437,2542,True,4,0.5681840178897181,5
ASM,H4,VolatilityExpansion,"ema=20,mult=2.5",0.6738022340145766,0.5284900284900285,0.32971444218688595,1.176428570433975,706,True,4,0.320372595175059,5
ASM,M15,TrendFollowing,"fast=5,slow=20",0.40738958292628424,0.49255635899617184,0.3205464205515439,1.0733643641393804,4998,True,5,0.42439071787401006,5
ASM,M15,TrendFollowing,"fast=8,slow=21",0.22191145785509658,0.48851552530837944,0.17458159886690935,1.0393062659562966,4998,True,4,0.2735321924686771,5
ASM,M15,VolatilityExpansion,"ema=20,mult=2.0",0.20681011397796578,0.4932821497120921,0.2776459192617212,1.14609660729933,1090,True,4,0.10647186978508705,5
Acciona,H1,MeanReversion,"window=20,z=1.5",0.17292716796265972,0.4910313901345291,0.1677514296235287,1.0611344036704913,1455,True,4,0.10509486172151639,5
Acciona,H1,MeanReversion,"window=50,z=2.25",0.003245728426660266,0.46060606060606063,0.005176579448937988,1.0039321121955458,363,True,4,0.03052934821346709,5
Acciona,H1,MeanReversion,"window=20,z=2.5",0.01365479661912683,0.49295774647887325,0.03641375716099507,1.0367642241776551,149,True,4,0.01600429917077506,5
Acciona,H1,MeanReversion,"window=50,z=2.5",-0.10364035196619348,0.41935483870967744,-0.19076854904507634,0.8179044372190417,205,True,4,0.050389863045333994,5
Acciona,H4,MeanReversion,"window=20,z=1.5",-0.16361008667133936,0.49628127112914133,-0.08321274069254828,0.9730408950817641,1521,True,5,0.37564544384610776,5
Acciona,H4,MeanReversion,"window=100,z=1.5",0.152692315547452,0.4909431605246721,0.06738537467697234,1.0229119901806587,1656,True,5,0.24028075549220207,5
Acciona,H4,MeanReversion,"window=20,z=1.75",-0.14311033785345728,0.49538461538461537,-0.09442009184558976,0.9633792713574533,1003,True,5,0.215821170883849,5
Acciona,H4,MeanReversion,"window=100,z=1.75",0.17411780443473024,0.49499545040946313,0.08840993866392716,1.0373644633435661,1134,True,4,0.1698673597565783,5
Acciona,H4,MeanReversion,"window=20,z=2.0",-0.024813194351941625,0.49475524475524474,-0.02102124388415049,0.9891699053832977,589,True,5,0.21798666240082176,5
Acciona,H4,MeanReversion,"window=20,z=2.25",0.19093126377904646,0.5392491467576792,0.220896752120978,1.1758136931740717,295,True,5,0.2569736773275082,5
Acciona,H4,MeanReversion,"window=50,z=2.25",-0.18925712750102175,0.48866498740554154,-0.15362237015640837,0.9022955507186312,406,True,5,0.08067389876776065,5
Acciona,H4,MeanReversion,"window=100,z=2.25",0.33323986954095186,0.5240384615384616,0.2672960309534222,1.1938394544686979,429,True,4,0.13789962391005284,5
Acciona,H4,MeanReversion,"window=20,z=2.5",0.020627349718257637,0.5135135135135135,0.03052077705810973,1.032757325722348,149,True,4,0.08032042853894339,5
Acciona,H4,MeanReversion,"window=50,z=2.5",-0.06553801878674193,0.5047169811320755,-0.06666512904978227,0.9394863993858587,217,True,4,0.11208012651183863,5
Acciona,H4,MeanReversion,"window=50,z=2.75",0.012126589707770696,0.5272727272727272,0.014754689175500301,1.0202228530415836,112,True,4,0.16051174452545414,5
Acciona,H4,TrendFollowing,"fast=13,slow=34",-0.31578860871571857,0.5016467682173734,-0.08714114508902229,0.9840529743738473,4999,True,4,0.3411518852735077,5
Acciona,H4,TrendFollowing,"fast=34,slow=89",-0.1158032394891294,0.5111156854672705,-0.03195522256694462,0.9941223667745231,4999,True,4,0.0746471665101941,5
Acciona,M15,MeanReversion,"window=100,z=1.75",0.11329559649843235,0.5122994652406417,0.26907946315545955,1.1171497101424992,1050,True,4,0.02699821069397723,5
Acciona,M15,MeanReversion,"window=50,z=2.75",0.04986938651390138,0.5255474452554745,0.2813205800927913,1.3411822505743032,149,True,4,0.02178371496259579,5
Acciona,M15,TrendFollowing,"fast=5,slow=20",0.05494051363719288,0.4990736452061139,0.06141453590892508,1.0124903603090616,4998,True,4,0.057490174244752335,5
Acciona,M15,TrendFollowing,"fast=10,slow=30",0.06547271554498801,0.4993052339045855,0.07318805048071562,1.0149026279724613,4998,True,4,0.1563527727896138,5
Acciona,M15,TrendFollowing,"fast=13,slow=34",0.17935739032907894,0.4990736452061139,0.2005068118147297,1.041360659956104,4998,True,4,0.1600036865977953,5
Acciona,M15,TrendFollowing,"fast=21,slow=55",-0.13013940598257656,0.49328392774432606,-0.14547965702033214,0.9710232936661176,4998,True,5,0.20360441923601325,5
Acciona,M15,TrendFollowing,"fast=34,slow=89",0.017703776120896353,0.5027790643816582,0.01978980226257247,1.0040078713681255,4998,True,5,0.17882200106808976,5
Acciona,M15,TrendFollowing,"fast=50,slow=200",0.1395189922241652,0.5094951366373321,0.15596584523062185,1.0320266244404932,4998,True,4,0.180444538827485,5
Acciona,M15,VolatilityExpansion,"ema=50,mult=1.5",0.08086830659572908,0.4966789667896679,0.10755871182365585,1.028812183289263,3118,True,4,0.1194306190190868,5
Acciona,M15,VolatilityExpansion,"ema=50,mult=2.0",0.0011203067880645179,0.4988323213451658,0.0016356339287152903,1.0004900350578647,2456,True,4,0.08393493299735477,5
Acerinox,H1,VolatilityExpansion,"ema=20,mult=1.5",0.13722778624333687,0.5018203883495146,0.13073510211851933,1.0441204625279112,1797,True,4,0.08343227063163372,5
Acerinox,H1,VolatilityExpansion,"ema=50,mult=1.5",0.1664946477710535,0.5191912268677176,0.1210192439260157,1.0317250931371829,3196,True,4,0.12875370546762288,5
Acerinox,H1,VolatilityExpansion,"ema=20,mult=2.5",0.13644257465615206,0.5172981878088962,0.19900473023567103,1.1169621971857373,653,True,4,0.04437090325027071,5
Acerinox,H1,VolatilityExpansion,"ema=20,mult=3.5",0.17170999301400125,0.5644171779141104,0.35950360169613255,1.5445958992228217,173,True,4,0.016813506856377503,5
Acerinox,H4,MeanReversion,"window=50,z=2.0",0.06966180793297583,0.49420289855072463,0.04845676382053686,1.024272476699387,705,True,4,0.08812335749140243,5
Acerinox,H4,MeanReversion,"window=50,z=2.25",-0.056201275127898964,0.49264705882352944,-0.04826744532723292,0.9695240670598633,415,True,4,0.04736295483667996,5
Acerinox,H4,VolatilityExpansion,"ema=20,mult=3.5",0.11753888016478342,0.5657894736842105,0.1748797993226035,1.3252616450454902,76,True,4,0.033729948930952935,5
Acerinox,M15,MeanReversion,"window=20,z=1.5",0.0314897185216777,0.5082417582417582,0.07041698125754974,1.0256059683445524,1344,True,4,0.08311287697616265,5
Acerinox,M15,MeanReversion,"window=20,z=1.75",0.07343634739557203,0.518970189701897,0.19289993003123979,1.0877728485021092,893,True,4,0.06645419214669901,5
Acerinox,M15,MeanReversion,"window=20,z=2.0",0.024307240372262395,0.5166666666666667,0.07497144897357429,1.0411936630388294,569,True,5,0.07224943910038684,5
Acerinox,M15,MeanReversion,"window=20,z=2.25",0.026006500721435732,0.53,0.0960103716258989,1.0679991344813546,355,True,5,0.055780853625240545,5
Acerinox,M15,MeanReversion,"window=20,z=2.5",0.024249432358229628,0.563953488372093,0.10710136556177191,1.1028380509512528,209,True,4,0.04250760472926629,5
Acerinox,M15,MeanReversion,"window=20,z=2.75",0.021467433369589783,0.5684210526315789,0.13828292483080654,1.1746173532245365,112,True,4,0.028746712680413622,5
Aegon,H1,MeanReversion,"window=100,z=1.5",-0.19267298127008192,0.4977462974887315,-0.20302825960099635,0.9259728801836683,1613,True,4,0.08528765245985304,5
Aegon,H1,MeanReversion,"window=100,z=1.75",-0.18829305947707786,0.5033621517771374,-0.2232086999121918,0.8999104111384987,1081,True,4,0.04871991152972388,5
Aegon,H1,MeanReversion,"window=20,z=2.75",-0.0133226352785617,0.39361702127659576,-0.06095379916946638,0.9234737473685626,95,True,4,0.020439309742337097,5
Aegon,H1,MeanReversion,"window=50,z=2.75",0.042352464358937914,0.5307692307692308,0.12763689129136985,1.1594987889412482,132,True,4,0.03807968659618599,5
Aegon,H1,MeanReversion,"window=50,z=3.0",0.03946460628345316,0.4857142857142857,0.1472036439020444,1.2464976355180417,70,True,4,0.030102348123269285,5
Aegon,H4,MeanReversion,"window=100,z=1.5",-0.8566500421002141,0.49456869009584664,-0.33283304400150515,0.8801199434424316,1593,True,4,0.22238391213349096,5
Aegon,H4,MeanReversion,"window=50,z=2.0",-0.309488135182746,0.47653958944281527,-0.18463297545004523,0.9006837279658529,691,True,4,0.06008903367366536,5
Aegon,H4,MeanReversion,"window=20,z=2.5",-0.09207762666765451,0.4523809523809524,-0.11556737372369279,0.8914528223967986,169,True,4,0.03732882185259834,5
Aegon,M15,MeanReversion,"window=50,z=1.5",-0.08287377885746094,0.5,-0.21694369493057244,0.9223558705151612,1467,True,4,0.03385887576911861,5
Aegon,M15,MeanReversion,"window=20,z=1.75",0.015276281294213101,0.5152582159624414,0.05001333033051969,1.0212786542939858,921,True,4,0.017528062195646066,5
Aegon,M15,MeanReversion,"window=20,z=2.0",0.09120546736073065,0.5525291828793775,0.37700978419927733,1.232513284087746,557,True,5,0.06535038711633878,5
Aegon,M15,MeanReversion,"window=100,z=2.0",-0.03253982015893975,0.5034965034965035,-0.11381965944512733,0.9371866377665795,619,True,4,0.013235939996515844,5
Aegon,M15,MeanReversion,"window=20,z=2.25",0.06079368816178221,0.5654952076677316,0.3401860401060778,1.2588266878154495,333,True,5,0.06141175774586205,5
Aegon,M15,MeanReversion,"window=20,z=2.5",0.041202311823829496,0.5591397849462365,0.29018883886560864,1.2947288509228756,200,True,4,0.03485987087982456,5
Aegon,M15,MeanReversion,"window=50,z=2.5",0.012025501430476537,0.4864864864864865,0.08053400214560015,1.0660699319233438,244,True,4,0.028764634562728708,5
Aena,H1,MeanReversion,"window=20,z=1.75",0.29218563959615784,0.524609843937575,0.4925708733310355,1.278664591191223,919,True,5,0.05296132257378905,5
Aena,H1,TrendFollowing,"fast=13,slow=34",0.10590208100615506,0.5149911816578483,0.07871808155712273,1.016170484719597,4999,True,4,0.0955711694937823,5
Aena,H1,TrendFollowing,"fast=21,slow=55",0.1347577061509071,0.5169753086419753,0.10016752055238079,1.020621961423274,4999,True,5,0.2133799099549124,5
Aena,H1,TrendFollowing,"fast=34,slow=89",0.21503193279489063,0.5141093474426808,0.15984153596755202,1.0331096857907625,4999,True,4,0.13226551755697613,5
Aena,H1,VolatilityExpansion,"ema=20,mult=3.0",-0.15987986501100215,0.45726495726495725,-0.4249444963937957,0.6683244938722601,257,True,4,0.03157677650397106,5
Aena,H4,MeanReversion,"window=50,z=1.5",0.32117473841713085,0.5059288537549407,0.16587581354185899,1.060435352979217,1559,True,4,0.018841978695797734,5
Aena,H4,MeanReversion,"window=100,z=1.5",-0.03062985092564563,0.5014858841010401,-0.015579151610602736,0.9940331061055517,1391,True,4,0.08695666463439122,5
Aena,H4,MeanReversion,"window=20,z=1.75",0.4811447323600656,0.5338983050847458,0.34308345319551486,1.1581369952968192,969,True,4,0.15488028456395575,5
Aena,H4,MeanReversion,"window=20,z=2.0",0.37304377592274884,0.5480225988700564,0.3366199998552748,1.214242821692789,544,True,4,0.21623965102892406,5
Aena,H4,MeanReversion,"window=20,z=2.25",0.2949063514083632,0.5667870036101083,0.39894769157607285,1.3576539141361892,282,True,4,0.14372747989068657,5
Aena,H4,TrendFollowing,"fast=5,slow=20",0.3869479845921714,0.499279983542481,0.11401049496781,1.0232535352844352,4999,True,4,0.28614206436817213,5
Aena,H4,TrendFollowing,"fast=10,slow=30",0.0005225128623772557,0.5021600493725571,0.00015394940872012482,1.0000310398642724,4999,True,4,0.3050308668699274,5
Aena,H4,TrendFollowing,"fast=21,slow=55",-1.0514868621728954,0.4970170746759926,-0.3098615050811305,0.9394291238393975,4999,True,4,0.1418581102412585,5
Aena,M15,MeanReversion,"window=50,z=1.5",0.12368776627111577,0.5314197051978278,0.3051003209533753,1.1297014054233234,1437,True,4,0.037386466874183455,5
Aena,M15,MeanReversion,"window=20,z=2.0",0.10782050122316433,0.5452793834296724,0.44455451110502237,1.2690354781802031,577,True,4,0.030785405809493183,5
Aena,M15,MeanReversion,"window=20,z=2.25",0.08226713185942158,0.5503355704697986,0.4246213889863551,1.3514817770115402,338,True,4,0.020020975146387565,5
Aena,M15,MeanReversion,"window=50,z=3.0",0.005964938039436318,0.5161290322580645,0.05262502476601055,1.085479692352868,64,True,4,0.015163906678710148,5
Aena,M15,TrendFollowing,"fast=10,slow=30",-0.1741545178444046,0.48652352672453175,-0.2739530150035663,0.9465200633142613,4998,True,4,0.02663804614442078,5
Aena,M15,TrendFollowing,"fast=21,slow=55",0.06616298855651492,0.5025125628140703,0.10406414314084508,1.0210959604551175,4998,True,4,0.03390190506886748,5
Aena,M15,TrendFollowing,"fast=34,slow=89",0.044871583919303015,0.5038830516217451,0.07057523910620388,1.0142588313105947,4998,True,4,0.08496395683358371,5
Aena,M15,TrendFollowing,"fast=50,slow=200",0.1437331674413489,0.5077661032434901,0.22608810424002765,1.0464029295637491,4998,True,4,0.05248252279578958,5
Aena,M15,VolatilityExpansion,"ema=20,mult=3.0",-0.017106246231794575,0.5,-0.08432685339168829,0.9385921977973458,287,True,4,0.01051694657379254,5
Aker,H1,MeanReversion,"window=20,z=1.5",-0.19857584013445917,0.4793028322440087,-0.2151825870980994,0.9258838649490245,1435,True,5,0.14747517939795574,5
Aker,H1,MeanReversion,"window=100,z=2.25",-0.09728796341302759,0.5042016806722689,-0.17573239274413666,0.8809794682166701,374,True,4,0.03553349439771347,5
Aker,H1,TrendFollowing,"fast=5,slow=20",0.13823333305479946,0.5051116211141248,0.07559127236065,1.0148523233873608,4999,True,4,0.24690902368150391,5
Aker,H1,TrendFollowing,"fast=8,slow=21",0.18906766229489802,0.508449822658043,0.10339044826968082,1.0203697883557132,4999,True,4,0.25886424785001316,5
Aker,H1,TrendFollowing,"fast=10,slow=30",0.1576097898684402,0.508449822658043,0.08618735306795541,1.0169518506422244,4999,True,4,0.013338676908760894,5
Aker,H4,MeanReversion,"window=100,z=1.75",-0.7602852625238975,0.47725072604065827,-0.3551604803416146,0.8512180551092391,1049,True,4,0.12949191163098683,5
Aker,M15,MeanReversion,"window=20,z=1.5",0.2507255624296141,0.5401284109149278,0.4102155807656306,1.186154915684381,1343,True,4,0.14045374742127015,5
Aker,M15,MeanReversion,"window=50,z=1.5",0.05659053419051763,0.5207860922146637,0.10348909968000998,1.0404187957994087,1446,True,4,0.12231240854837522,5
Aker,M15,MeanReversion,"window=100,z=1.5",0.13366702906689487,0.5134390075809786,0.23690300095627523,1.0916789339261121,1573,True,4,0.09371929224256703,5
Aker,M15,MeanReversion,"window=20,z=1.75",0.11821330246633688,0.5366748166259169,0.21717224227918647,1.1216248146609038,880,True,4,0.09323268942234997,5
Aker,M15,MeanReversion,"window=50,z=1.75",0.05963390052874651,0.5212649945474372,0.11860022710259856,1.0578456091483321,988,True,4,0.1198356151203599,5
Aker,M15,MeanReversion,"window=50,z=2.0",0.07211634182425297,0.5218120805369127,0.1840577494090909,1.106315369843145,641,True,5,0.07136638589640676,5
Aker,M15,TrendFollowing,"fast=50,slow=200",0.02695216273716783,0.5092348284960422,0.0258818008490433,1.0058108903563125,4999,True,4,0.13965633213820872,5
Almirall,H1,MeanReversion,"window=20,z=1.5",1.098563105214351,0.5716753022452504,1.0206054315525037,1.4891366225073077,1285,True,4,0.3075368646070621,5
Almirall,H1,MeanReversion,"window=50,z=1.5",1.006564436216145,0.5455241009946442,0.8403482125218334,1.3810856346698204,1475,True,5,0.2557119765894419,5
Almirall,H1,MeanReversion,"window=100,z=1.5",0.6907257336271148,0.5177195685670262,0.5760019840190643,1.2485184504087394,1462,True,5,0.23413106401884554,5
Almirall,H1,MeanReversion,"window=20,z=1.75",0.7266108735521228,0.585464333781965,0.7990897736141738,1.4941856974546535,823,True,4,0.24854640178709264,5
Almirall,H1,MeanReversion,"window=50,z=1.75",0.7087315376117371,0.540268456375839,0.7299972944889307,1.3841102883110092,1010,True,5,0.27450730874280305,5
Almirall,H1,MeanReversion,"window=100,z=1.75",0.5958753004106857,0.5220338983050847,0.5625219602017548,1.3075161149427783,999,True,5,0.19439480356839767,5
Almirall,H1,MeanReversion,"window=20,z=2.0",0.6608090179441909,0.6107226107226107,0.9484837378811936,1.8055907467021006,478,True,4,0.21987377579060896,5
Almirall,H1,MeanReversion,"window=50,z=2.0",0.6045591380384606,0.5606837606837607,0.7717632158898547,1.5044248950716193,647,True,5,0.31760672828159486,5
Almirall,H1,MeanReversion,"window=100,z=2.0",0.58888187159975,0.5406779661016949,0.6196689919080779,1.4494589568934888,651,True,5,0.19726738074012418,5
Almirall,H1,MeanReversion,"window=20,z=2.25",0.36267631191996286,0.6097560975609756,0.6149777819903263,1.6497450608143818,264,True,4,0.16180632178278476,5
Almirall,H1,MeanReversion,"window=50,z=2.25",0.5868413415286708,0.5971428571428572,0.8691485657975142,1.802986500665476,387,True,5,0.30063710195175,5
Almirall,H1,MeanReversion,"window=100,z=2.25",0.3670224295175746,0.5370843989769821,0.5462575102070076,1.4194230423056788,424,True,4,0.1286394932289241,5
Almirall,H1,MeanReversion,"window=50,z=2.5",0.49412080429490957,0.6443298969072165,0.9622843164866368,2.4228735521629727,210,True,4,0.25997652934004933,5
Almirall,H1,MeanReversion,"window=100,z=2.5",0.35072297251558726,0.5938864628820961,0.5926642077811649,1.6319092542283258,242,True,4,0.1764843685362656,5
Almirall,H4,MeanReversion,"window=20,z=1.5",0.6957499616277966,0.5101302460202605,0.3501661011682734,1.1234508242998367,1436,True,5,0.5705958766097398,5
Almirall,H4,MeanReversion,"window=50,z=1.5",0.8279866761595736,0.5238439306358381,0.3837740003020937,1.1385283276416904,1436,True,4,0.38703689186916845,5
Almirall,H4,MeanReversion,"window=100,z=1.5",0.8641110501595761,0.5197984161267099,0.412305628856368,1.1485888897083174,1442,True,4,0.2721279612464924,5
Almirall,H4,MeanReversion,"window=20,z=1.75",0.6604788259466194,0.5251396648044693,0.40307193011290415,1.179524347682654,938,True,4,0.5101259949736588,5
Almirall,H4,MeanReversion,"window=50,z=1.75",0.6974956911009667,0.521511017838405,0.3763221769019041,1.1647598191095323,993,True,4,0.32202667714059907,5
Almirall,H4,MeanReversion,"window=20,z=2.0",0.5499253678243833,0.5135135135135135,0.40346212290559635,1.2352233750513997,578,True,4,0.3015618447074804,5
Almirall,H4,MeanReversion,"window=50,z=2.0",0.5822816743512558,0.5325542570951586,0.36936440249657443,1.2140644437752275,622,True,4,0.21164079471271835,5
Almirall,H4,MeanReversion,"window=20,z=2.25",0.5523578077672354,0.5232198142414861,0.5356148326415373,1.419946510119782,336,True,4,0.27554402041891013,5
Almirall,H4,MeanReversion,"window=50,z=2.25",0.5859928389985882,0.5300546448087432,0.4645568425660394,1.359649282224897,382,True,5,0.21427856333343043,5
Almirall,H4,MeanReversion,"window=50,z=2.5",0.3339492816895808,0.5431472081218274,0.3289865908419613,1.3445258762993655,205,True,4,0.15003926698452164,5
Almirall,H4,TrendFollowing,"fast=34,slow=89",-1.0954092344591373,0.4919674525349468,-0.3012842845331094,0.9462297314131509,4999,True,4,0.4713003290045391,5
Almirall,H4,TrendFollowing,"fast=50,slow=200",-0.3473135144448427,0.49634884206133945,-0.09551056322753412,0.982632567337118,4999,True,5,0.5148849188087613,5
Almirall,M15,MeanReversion,"window=20,z=1.5",0.6210379003709091,0.5813106796116505,1.1261537838285054,1.5607844214385505,1304,True,4,0.09659064305354015,5
Almirall,M15,MeanReversion,"window=100,z=1.5",0.3286064355491124,0.5477941176470589,0.5966400620838511,1.2710008287015282,1323,True,5,0.0757205216147665,5
Almirall,M15,MeanReversion,"window=20,z=1.75",0.393353792680355,0.5914742451154529,0.8565465002929147,1.5082170202711462,877,True,4,0.050063867691645836,5
Almirall,M15,MeanReversion,"window=20,z=2.0",0.3092947943747111,0.6059782608695652,0.8182504607153268,1.6225827371852009,558,True,4,0.05353193343346763,5
Amadeus,H1,MeanReversion,"window=50,z=1.5",0.0952264652031587,0.5203197868087941,0.10661722331206025,1.039276883449453,1570,True,4,0.062036263003538594,5
Amadeus,H1,MeanReversion,"window=100,z=1.75",0.193293479079664,0.5171026156941649,0.24935543908068844,1.1223512732304588,1047,True,4,0.08517370267262936,5
Amadeus,H1,MeanReversion,"window=100,z=2.0",0.08795243661159713,0.5288611544461779,0.12778314550741332,1.0809927829390884,669,True,4,0.09220966513615358,5
Amadeus,H1,MeanReversion,"window=50,z=2.25",0.15447858881195453,0.5072463768115942,0.38255932595819747,1.3025692340441672,355,True,4,0.07991108915255163,5
Amadeus,H4,MeanReversion,"window=100,z=1.5",0.13557316203614256,0.5119047619047619,0.06187132097028667,1.0225549296777068,1542,True,4,0.2113355321254261,5
Amadeus,H4,MeanReversion,"window=100,z=1.75",0.18191913733578657,0.517,0.10111857750344466,1.0448650699016195,1020,True,4,0.11207748552556163,5
Amadeus,M15,MeanReversion,"window=20,z=1.75",0.0881454974958501,0.5121951219512195,0.2428355798371009,1.1164300347310305,968,True,4,0.012901633230470333,5
Amadeus,M15,MeanReversion,"window=100,z=2.75",0.04542061522251284,0.5922330097087378,0.35455572158239096,1.5242992186420568,107,True,4,0.02797704153434022,5
Arcadis,H1,MeanReversion,"window=20,z=1.5",0.17071303609337318,0.5003739715781601,0.1822383199353988,1.070083789016321,1462,True,5,0.241065707960454,5
Arcadis,H1,MeanReversion,"window=50,z=1.5",0.28708953379538915,0.5051405071967101,0.2909426015400055,1.110082636662239,1608,True,5,0.25528560519528487,5
Arcadis,H1,MeanReversion,"window=20,z=1.75",0.1516887560411102,0.49588719153936545,0.1850956959415358,1.0937879473493841,933,True,4,0.15287219681306619,5
Arcadis,H1,MeanReversion,"window=50,z=1.75",0.13079011872476254,0.5076923076923077,0.15974400625118546,1.0699302515977462,1071,True,5,0.2579614213581155,5
Arcadis,H1,MeanReversion,"window=20,z=2.0",-0.013156061904575744,0.48526522593320237,-0.020951234107327806,0.9877921993379541,555,True,5,0.08781800982564303,5
Arcadis,H1,MeanReversion,"window=50,z=2.0",0.020470253985533038,0.5057096247960848,0.03191720728060345,1.0164034286972403,670,True,5,0.11262282538073365,5
Arcadis,H1,MeanReversion,"window=20,z=2.25",-0.046468017096438996,0.47653429602888087,-0.09330972663792382,0.9275164398235899,300,True,4,0.057087291511703775,5
Arcadis,H1,MeanReversion,"window=50,z=2.25",0.0497816842374067,0.5251396648044693,0.09247721148020588,1.0643474862409517,392,True,4,0.09008600100712572,5
Arcadis,H1,MeanReversion,"window=100,z=2.25",0.09168120725066653,0.5141509433962265,0.16789709900134125,1.108436858867269,479,True,4,0.08367399320650104,5
Arcadis,H1,MeanReversion,"window=20,z=2.5",0.10471230831569123,0.5100671140939598,0.2721965094270929,1.3437859059748858,158,True,4,0.04079898365759349,5
Arcadis,H1,MeanReversion,"window=50,z=2.5",0.06323114240242,0.5240384615384616,0.14892926302701745,1.1434146997820107,225,True,4,0.07749550174606523,5
Arcadis,H1,MeanReversion,"window=20,z=2.75",0.11306304200950368,0.5324675324675324,0.33909866214324424,1.6842292380768202,80,True,4,0.0633022781592667,5
Arcadis,H4,MeanReversion,"window=100,z=1.5",-0.5965000702591905,0.4732965009208103,-0.2666616354899688,0.9123667397790217,1704,True,4,0.2922416209689307,5
Arcadis,H4,MeanReversion,"window=20,z=2.25",0.026502780015159044,0.49127906976744184,0.02582286915574295,1.0180884486419954,358,True,4,0.049167703302670174,5
Arcadis,H4,MeanReversion,"window=100,z=2.25",0.06983272300254773,0.48523206751054854,0.05776637283983885,1.036280282462871,494,True,4,0.15449285424050352,5
Arcadis,H4,MeanReversion,"window=20,z=2.5",-0.0015290471094800973,0.4971751412429379,-0.002186897594370858,0.9979500770502012,180,True,4,0.054247694301754246,5
Arcadis,H4,MeanReversion,"window=50,z=2.5",-0.07148142455688145,0.4818181818181818,-0.08914346314786058,0.9296484339842709,233,True,4,0.09431801926174554,5
Arcadis,H4,MeanReversion,"window=100,z=2.5",0.2682012401918693,0.5083333333333333,0.341058056826796,1.3171975397884286,249,True,4,0.18514979864867376,5
Arcadis,M15,MeanReversion,"window=20,z=1.5",0.07532609298909843,0.4917043740573152,0.12627214891320349,1.0492964519219146,1473,True,4,0.14480599835822827,5
Arcadis,M15,MeanReversion,"window=100,z=1.5",0.09444088372672743,0.5026022304832714,0.1563105833660373,1.0642738493734722,1521,True,4,0.05880561402663553,5
Arcadis,M15,MeanReversion,"window=50,z=1.75",0.01600448668842447,0.4909478168264111,0.03146765119402103,1.014765106203406,1039,True,5,0.10987336971848483,5
Arcadis,M15,MeanReversion,"window=20,z=2.0",0.08493838465166792,0.49007936507936506,0.20719206867431203,1.1322674768708827,558,True,4,0.0908749020343399,5
Arcadis,M15,MeanReversion,"window=50,z=2.0",0.029115056109126902,0.48936170212765956,0.06297564973544535,1.0402153314859195,627,True,4,0.099828560505977,5
Arcadis,M15,MeanReversion,"window=20,z=2.25",0.16047913893250199,0.4937106918238994,0.45196637848428134,1.4116141423411839,347,True,5,0.15349918468799517,5
Arcadis,M15,MeanReversion,"window=50,z=2.25",0.09215812667992107,0.503125,0.27926464707688176,1.241298616743706,352,True,4,0.11169405517112219,5
Arcadis,M15,MeanReversion,"window=20,z=2.5",0.14457233393152047,0.4945054945054945,0.4590463745051616,1.6029752330665208,198,True,5,0.13645311161773865,5
Arcadis,M15,MeanReversion,"window=50,z=2.5",0.10986395510211855,0.5029940119760479,0.4246012135829596,1.6266809233149213,184,True,4,0.06422816779032858,5
Arcadis,M15,MeanReversion,"window=50,z=2.75",0.10487313007386656,0.5,0.44323860877257987,2.0902230205895984,94,True,4,0.06490953864242999,5
ArcelorMittal,H1,MeanReversion,"window=50,z=1.5",-0.04470751369940473,0.5289906943450251,-0.03850771045878305,0.9852880982885963,1446,True,4,0.02759621448156302,5
ArcelorMittal,H1,TrendFollowing,"fast=5,slow=20",-0.25212503803284836,0.4949075036374974,-0.12009958041962768,0.9750591241000004,4999,True,4,0.07324015723103461,5
ArcelorMittal,H1,TrendFollowing,"fast=8,slow=21",0.02973805097518656,0.5017667844522968,0.014165299351121447,1.0029833586526267,4999,True,4,0.19129185686102068,5
ArcelorMittal,H1,TrendFollowing,"fast=13,slow=34",0.125541436597008,0.5036374974017875,0.05980028563855012,1.0126552904495003,4999,True,4,0.2626712816598722,5
ArcelorMittal,H1,VolatilityExpansion,"ema=20,mult=2.0",0.1539202675026332,0.5061963775023832,0.14803890689592064,1.064659221524596,1087,True,4,0.14018890310972276,5
ArcelorMittal,H1,VolatilityExpansion,"ema=20,mult=3.5",0.12071266698663863,0.4918918918918919,0.22733302846685424,1.2608953097844833,191,True,5,0.11526649520438836,5
ArcelorMittal,H1,VolatilityExpansion,"ema=50,mult=3.5",-0.07480322823135177,0.4826216484607746,-0.07345553433165933,0.9674087742419801,1040,True,4,0.05740067560354867,5
ArcelorMittal,H4,MeanReversion,"window=100,z=1.75",-0.38433081440437866,0.5052132701421801,-0.16032908021497685,0.9338577873884262,1065,True,5,0.26585555805234895,5
ArcelorMittal,H4,MeanReversion,"window=100,z=2.0",-0.12910294304047687,0.4970588235294118,-0.06956757219260437,0.9650285116092644,687,True,5,0.3259107175569511,5
ArcelorMittal,H4,MeanReversion,"window=100,z=2.25",-0.06099186906711451,0.4782608695652174,-0.03825611714177951,0.9748757256110807,418,True,4,0.19110294067191635,5
ArcelorMittal,H4,MeanReversion,"window=100,z=2.75",0.024282478435510457,0.4954954954954955,0.031378099154197245,1.0407456605660854,113,True,4,0.04335640010950981,5
ArcelorMittal,H4,MeanReversion,"window=100,z=3.0",0.061706487905144214,0.5192307692307693,0.10883484449706654,1.2426783194810325,54,True,4,0.07831148127525878,5
ArcelorMittal,M15,VolatilityExpansion,"ema=50,mult=2.0",-0.17094206656302846,0.4813591316658801,-0.24212994562357487,0.9290845662870589,2258,True,4,0.04674291578867684,5
ArcelorMittal,M15,VolatilityExpansion,"ema=50,mult=3.0",0.016174225041895807,0.4934747145187602,0.02991470062801721,1.0115481636814245,1291,True,5,0.06086421803700093,5
AstraZeneca,H1,MeanReversion,"window=100,z=1.75",-0.0010352036411618304,0.5122470713525027,-0.00139859703354694,0.9993553594468769,981,True,4,0.03520924477022014,5
AstraZeneca,H1,MeanReversion,"window=50,z=2.0",-0.0978719076350466,0.4983277591973244,-0.1594088718680632,0.9089568411677811,618,True,4,0.07976454157410784,5
AstraZeneca,H1,MeanReversion,"window=100,z=2.0",-0.13832817341145698,0.4920353982300885,-0.26853987618345726,0.8689998763711259,587,True,5,0.03892002093057556,5
AstraZeneca,H1,MeanReversion,"window=50,z=2.25",0.044639777824429405,0.5224719101123596,0.09153715080905159,1.073341085544724,366,True,4,0.14068713983756576,5
AstraZeneca,H1,MeanReversion,"window=100,z=2.25",-0.11065762874559826,0.4819277108433735,-0.2488058937354165,0.8422714491442473,341,True,4,0.03990156643879683,5
AstraZeneca,H4,MeanReversion,"window=20,z=1.75",-0.11780662545948162,0.5028058361391695,-0.09385928976336153,0.9608306056829065,903,True,4,0.07240306060885049,5
AstraZeneca,M15,MeanReversion,"window=50,z=1.5",-0.04781470812090849,0.498093058733791,-0.10563985284069968,0.9598985016386112,1428,True,5,0.05337819981027947,5
AstraZeneca,M15,MeanReversion,"window=100,z=1.5",-0.009119197940155699,0.4928571428571429,-0.018203192249990015,0.9924943158320985,1531,True,4,0.07951810837346274,5
AstraZeneca,M15,MeanReversion,"window=50,z=1.75",-0.04083489389421724,0.5017064846416383,-0.10518842514657475,0.9511623644914936,952,True,4,0.05069465357333014,5
AstraZeneca,M15,MeanReversion,"window=100,z=1.75",-0.02704204042896008,0.49562363238512036,-0.059725388368425746,0.9683825999081527,984,True,4,0.08717003601582751,5
AstraZeneca,M15,MeanReversion,"window=50,z=2.0",0.015979353977993438,0.5155963302752293,0.047873791167127665,1.029421837797846,584,True,5,0.05568479560316508,5
AstraZeneca,M15,MeanReversion,"window=100,z=2.25",-0.03282226337647365,0.4924924924924925,-0.11865154366172503,0.9098052651559481,358,True,4,0.023158027668011116,5
AstraZeneca,M15,TrendFollowing,"fast=5,slow=20",0.1131291832925777,0.5069521077024939,0.14317345291525274,1.0306566207989332,4999,True,4,0.05153113866523318,5
AstraZeneca,M15,VolatilityExpansion,"ema=20,mult=3.5",0.04136845424347746,0.5036496350364964,0.22244080263397567,1.2387832666850482,145,True,4,0.04067902280813518,5
Autoliv,H1,MeanReversion,"window=20,z=1.5",0.447203006716707,0.5255140898705255,0.439591239832968,1.1863321584861029,1408,True,4,0.19118253115815365,5
Autoliv,H1,MeanReversion,"window=50,z=1.5",0.5117603570856769,0.5163249810174639,0.4686894415260309,1.1982776369691297,1405,True,4,0.027303656173730317,5
Autoliv,H1,MeanReversion,"window=20,z=1.75",0.31406786308818657,0.5307599517490953,0.38438283196903317,1.2044513778812198,883,True,4,0.0648221596248898,5
Autoliv,H4,MeanReversion,"window=20,z=1.75",0.7508231070755309,0.5242290748898678,0.42321123567646235,1.1968149614582515,919,True,4,0.14186894939880845,5
Autoliv,H4,MeanReversion,"window=20,z=2.0",0.4457823727769634,0.5264116575591985,0.3229002112126264,1.1897553362267181,558,True,4,0.15206099822110675,5
Autoliv,H4,MeanReversion,"window=100,z=2.25",0.44757916040633283,0.5432098765432098,0.38864967233835185,1.2785153018791937,412,True,4,0.07490814936545864,5
Autoliv,H4,MeanReversion,"window=50,z=2.5",0.20549966428121325,0.5492957746478874,0.216020098761454,1.2051701426631183,215,True,4,0.03639500333404411,5
Autoliv,H4,MeanReversion,"window=100,z=2.75",0.37167723178408374,0.5669291338582677,0.56028536017174,1.8384121373229652,127,True,4,0.037761182202547205,5
Autoliv,M15,MeanReversion,"window=20,z=2.5",0.09099758625491172,0.527363184079602,0.40415571967559244,1.407915359769796,233,True,4,0.05098342821045143,5
Autoliv,M15,MeanReversion,"window=20,z=2.75",0.08220788858121297,0.5396825396825397,0.44446836620707336,1.6021596998317185,144,True,4,0.0445934358372142,5
Autoliv,M15,MeanReversion,"window=20,z=3.0",0.07867000459418605,0.5616438356164384,0.5086637459297366,2.0893369055771607,84,True,4,0.040090914212732254,5
Autoliv,M15,TrendFollowing,"fast=50,slow=200",-0.2804237526365658,0.49373979314099076,-0.3393469285805241,0.9311876736864527,4999,True,4,0.0184482568130111,5
Autoliv,M15,VolatilityExpansion,"ema=50,mult=3.0",-0.038836497952739246,0.4797238999137187,-0.0891963447101653,0.9681468871614304,1597,True,4,0.0660610863562916,5
Autoliv,M15,VolatilityExpansion,"ema=50,mult=3.5",-0.04321929076401654,0.4766050054406964,-0.10985771542157614,0.9556117190748253,1274,True,4,0.06261672742594238,5
BAM,H1,MeanReversion,"window=20,z=1.5",0.33592199202419737,0.5208695652173913,0.22802411130008035,1.0981985594866794,1441,True,4,0.23299848320481442,5
BAM,H1,MeanReversion,"window=50,z=1.5",0.11228509158564248,0.5032918800292612,0.07549707634161198,1.0281130819246276,1750,True,4,0.21053512987009348,5
BAM,H1,MeanReversion,"window=20,z=1.75",0.3873263563483317,0.5329744279946165,0.3141372222412026,1.1765485774625741,930,True,5,0.32110215502447936,5
BAM,H1,MeanReversion,"window=50,z=1.75",0.1837367421162972,0.5167410714285714,0.14047580575533727,1.0675781371834536,1135,True,4,0.23532417616200252,5
BAM,H1,MeanReversion,"window=100,z=1.75",0.2993772788586454,0.5094972067039106,0.2605045780745737,1.1146869748699586,1125,True,4,0.16983953102250116,5
BAM,H1,MeanReversion,"window=20,z=2.0",0.28572215718221605,0.5364806866952789,0.2746170346886909,1.2074475364854673,568,True,5,0.1736290723168319,5
BAM,H1,MeanReversion,"window=50,z=2.0",0.5649804925153358,0.5490196078431373,0.6030059500302817,1.371009407967389,695,True,4,0.15620812260228245,5
BAM,H1,MeanReversion,"window=20,z=2.25",0.38761122228893696,0.5551330798479087,0.6069622835676347,1.5798344486100786,325,True,5,0.16520231663196117,5
BAM,H1,MeanReversion,"window=20,z=2.5",0.3019022073316109,0.5547945205479452,0.6070650614730336,1.9052516939057833,171,True,4,0.11844337681983708,5
BAM,H1,TrendFollowing,"fast=21,slow=55",0.6432104769748215,0.5158523908523909,0.24521763604103997,1.057205874990378,4998,True,4,0.0491118399026399,5
BAM,H4,TrendFollowing,"fast=21,slow=55",0.23268931639854729,0.504293893129771,0.046707631834785227,1.0092735005556133,4999,True,4,0.112563225828884,5
BAM,M15,MeanReversion,"window=50,z=1.5",0.4684397686916877,0.5337370242214533,0.5808309374888764,1.2485556590147993,1441,True,4,0.14125099203380875,5
BAM,M15,MeanReversion,"window=100,z=1.5",0.36270933753873347,0.5217391304347826,0.4458664943994261,1.1810126397252412,1534,True,4,0.09070169084819013,5
BAM,M15,MeanReversion,"window=20,z=1.75",0.5082324866236915,0.5644504748982361,0.7059935947468493,1.411294049446198,905,True,4,0.0980681535946144,5
BAM,M15,MeanReversion,"window=50,z=1.75",0.40344314470069664,0.535,0.5653136176558716,1.3031499451578108,966,True,4,0.14019896371040086,5
BAM,M15,MeanReversion,"window=50,z=2.0",0.4539960660318265,0.5485611510791367,0.6978595186442316,1.491957837576033,663,True,4,0.1797697242788986,5
BAM,M15,MeanReversion,"window=50,z=2.25",0.4252818883214696,0.554016620498615,0.7131689403203959,1.6933561505835233,430,True,5,0.14495158268521768,5
BAM,M15,MeanReversion,"window=20,z=2.5",0.23101836236339646,0.5808080808080808,0.5169431828677707,1.6031673663881705,231,True,4,0.10230563825385242,5
BAM,M15,MeanReversion,"window=50,z=2.5",0.32866306144012425,0.5580357142857143,0.6216285674020977,1.8135775728451238,262,True,5,0.12814708110652706,5
BAM,M15,MeanReversion,"window=20,z=2.75",0.16740550300795298,0.5619834710743802,0.45094102097490973,1.6719949167787889,139,True,4,0.07755924675304571,5
BAM,M15,TrendFollowing,"fast=13,slow=34",0.2391816599792519,0.5027537372147916,0.1655627338835112,1.0381349590567235,4998,True,4,0.27313142012230673,5
BBVA,H1,MeanReversion,"window=100,z=2.5",0.08342746780460197,0.5347826086956522,0.21829819661134436,1.2009902765325842,239,True,4,0.07507063836909933,5
BBVA,H1,TrendFollowing,"fast=5,slow=20",0.5470457232217834,0.5188267110463907,0.2895722402407275,1.0606863005052187,4999,True,5,0.6300041878016585,5
BBVA,H1,TrendFollowing,"fast=8,slow=21",0.5832945317935263,0.5169544414395673,0.3087671570562755,1.0648379123554947,4999,True,5,0.5614269944085792,5
BBVA,H1,TrendFollowing,"fast=10,slow=30",0.7179109440525848,0.517162471395881,0.38006342260951903,1.0804031818130826,4999,True,5,0.5159046404527061,5
BBVA,H1,TrendFollowing,"fast=13,slow=34",0.7067750274367173,0.5173705013521948,0.3741647454522924,1.079106673192867,4999,True,5,0.6032502043378569,5
BBVA,H1,TrendFollowing,"fast=21,slow=55",0.2793582668040817,0.512169752444352,0.14785683657274065,1.0305370869725594,4999,True,5,0.5595320533834784,5
BBVA,H1,TrendFollowing,"fast=34,slow=89",0.7102459523487841,0.515082171832744,0.3760032720733551,1.0795106052181163,4999,True,4,0.5708407003279581,5
BBVA,H1,VolatilityExpansion,"ema=20,mult=1.5",0.23199831924850078,0.5083648138154344,0.19188828852553497,1.0635820584587994,1925,True,5,0.19597997812977186,5
BBVA,H1,VolatilityExpansion,"ema=50,mult=1.5",0.4135516192075578,0.5233375959079284,0.2644450895566663,1.069579899424343,3263,True,5,0.47377118226095927,5
BBVA,H1,VolatilityExpansion,"ema=20,mult=2.0",0.49614470123025156,0.5266222961730449,0.5297797326066301,1.2313901156360054,1253,True,4,0.21722475438263322,5
BBVA,H1,VolatilityExpansion,"ema=50,mult=2.0",0.33600127016323145,0.5187739463601533,0.2349165331156973,1.0680360488884202,2718,True,4,0.41118330319095886,5
BBVA,H1,VolatilityExpansion,"ema=50,mult=2.5",0.32226502021199355,0.5186232909005186,0.2521124722800469,1.0815546755045702,2203,True,4,0.27633087089984876,5
BBVA,H1,VolatilityExpansion,"ema=50,mult=3.0",0.5069604390240895,0.5162625665286813,0.46946068815585196,1.1710435983823273,1755,True,4,0.27330165339811285,5
BBVA,H4,MeanReversion,"window=20,z=2.5",-0.360329484872709,0.47305389221556887,-0.48601847418522437,0.6105506929300278,169,True,4,0.07678233548792257,5
BBVA,H4,MeanReversion,"window=100,z=2.5",-0.015485191192905146,0.5086206896551724,-0.011662401953127214,0.9884524673611614,233,True,4,0.14757885689035233,5
BBVA,M15,MeanReversion,"window=20,z=1.5",-0.12109266401207364,0.506079027355623,-0.1947807077282606,0.9165064504800701,1418,True,4,0.01409663679140849,5
BBVA,M15,MeanReversion,"window=20,z=1.75",-0.0649719050284181,0.5228365384615384,-0.11681672645121666,0.9323310709715985,893,True,4,0.05330777640361273,5
BBVA,M15,MeanReversion,"window=50,z=2.0",-0.03209279922021757,0.5025295109612141,-0.08254295623644181,0.9510010617619091,636,True,4,0.015486939538505995,5
BBVA,M15,MeanReversion,"window=50,z=2.25",-0.05185241671930063,0.4904109589041096,-0.14703734222732745,0.8852796892920601,387,True,4,0.021213660902011156,5
BBVA,M15,MeanReversion,"window=100,z=2.5",0.07260381901592439,0.5305164319248826,0.37447615736651524,1.3991326371745862,230,True,4,0.021116477053991,5
BBVA,M15,MeanReversion,"window=50,z=2.75",-0.047937927418995385,0.5112781954887218,-0.15867269312989643,0.7849922393218125,137,True,4,0.018569242005359254,5
BBVA,M15,TrendFollowing,"fast=5,slow=20",0.32194867119839843,0.5094501718213058,0.3546257072260872,1.0773713273103407,4999,True,4,0.057140071084041955,5
BBVA,M15,TrendFollowing,"fast=8,slow=21",0.1614852845513738,0.5030068728522337,0.17784244789915682,1.0380743281845386,4999,True,4,0.0829186373921158,5
BBVA,M15,TrendFollowing,"fast=10,slow=30",0.01999373788201597,0.5064432989690721,0.022017582334808963,1.0046366994761553,4999,True,4,0.1705026578169082,5
BBVA,M15,TrendFollowing,"fast=13,slow=34",0.09642252048062716,0.5109536082474226,0.10618505940575931,1.0225610546480692,4999,True,4,0.19767277307474318,5
BBVA,M15,TrendFollowing,"fast=21,slow=55",0.12826209258208288,0.5120274914089347,0.14125074049879827,1.0301231216700764,4999,True,5,0.1361331668896737,5
BBVA,M15,TrendFollowing,"fast=34,slow=89",0.020070503490664637,0.510094501718213,0.02210211862260641,1.0046545434344194,4999,True,4,0.14151056894283287,5
BBVA,M15,TrendFollowing,"fast=50,slow=200",0.3230204824836779,0.5197594501718213,0.3558068970832728,1.0776389061767464,4999,True,4,0.1366448874656352,5
BW,H1,MeanReversion,"window=100,z=1.5",0.19486523364899833,0.4908747640025173,0.11063305976994581,1.0389697882309816,1677,True,4,0.30407699714871805,5
BW,H1,MeanReversion,"window=100,z=1.75",-0.10613907395959343,0.4899713467048711,-0.07203556826146636,0.9691586311434199,1097,True,4,0.17390965865318941,5
BW,H1,MeanReversion,"window=50,z=2.0",-0.10836210269882485,0.4725274725274725,-0.10576741408865485,0.9457863921220265,664,True,4,0.08112388584439723,5
BW,H1,TrendFollowing,"fast=5,slow=20",1.1900269504472378,0.5032804232804233,0.3795510628715901,1.0817892125450297,4999,True,4,0.480898251921275,5
BW,H1,TrendFollowing,"fast=8,slow=21",0.9284383632546414,0.502010582010582,0.2960860267433135,1.063242019149592,4999,True,4,0.43204300607821566,5
BW,H4,MeanReversion,"window=50,z=1.75",-0.38285050218780114,0.5009191176470589,-0.1413803360759803,0.9470879642213844,1109,True,5,0.2666419280189035,5
BW,H4,TrendFollowing,"fast=13,slow=34",0.8936477141868888,0.5114895363151416,0.15895866390834,1.0297852388588191,4999,True,4,0.2833027273014832,5
BW,H4,TrendFollowing,"fast=21,slow=55",0.6123547473919506,0.508822322527698,0.10892044130086224,1.020314527449892,4999,True,4,0.2617024011042002,5
BW,M15,MeanReversion,"window=20,z=1.5",0.4375198537789332,0.5302402651201326,0.4939589936488886,1.2243801122369484,1341,True,4,0.10320715715270223,5
BW,M15,MeanReversion,"window=20,z=1.75",0.2875769539193098,0.5242839352428393,0.3537883485000107,1.198825907199585,885,True,4,0.1229470848571621,5
BW,M15,MeanReversion,"window=50,z=1.75",0.2171343366654075,0.5273189326556544,0.32778468040046466,1.1700133764933576,899,True,4,0.08792276743618965,5
BW,M15,MeanReversion,"window=50,z=2.0",0.1981470021285614,0.5342465753424658,0.3672400970108035,1.2420914103920693,564,True,5,0.12888991422597718,5
BW,M15,MeanReversion,"window=50,z=2.25",0.21513047223570758,0.543859649122807,0.44668149346099134,1.387547909130282,367,True,5,0.12108267514926296,5
BW,M15,MeanReversion,"window=50,z=2.5",0.055306842190345984,0.5131578947368421,0.16117573076209307,1.1372436746322625,240,True,4,0.04888150047105799,5
BW,M15,MeanReversion,"window=50,z=2.75",-0.000759044857714164,0.4875,-0.002417852348080844,0.9976610551214219,169,True,4,0.04197857824453677,5
BW,M15,MeanReversion,"window=100,z=2.75",0.014148560579184566,0.5106382978723404,0.042382006734306546,1.053012768792619,154,True,4,0.03514975118859609,5
Bakkafrost,H1,TrendFollowing,"fast=34,slow=89",-0.08568474906008927,0.5071100415663968,-0.041373901566349146,0.9915696644341847,4999,True,4,0.09025147727815108,5
Bakkafrost,H1,VolatilityExpansion,"ema=20,mult=2.0",-0.20287016287366266,0.4955257270693512,-0.22111725896998344,0.910583064303099,970,True,4,0.017591855718628757,5
Bakkafrost,H4,MeanReversion,"window=20,z=1.5",0.4982209725036413,0.5,0.24085772894793064,1.0907294462772779,1442,True,4,0.14415373168744283,5
Bakkafrost,H4,MeanReversion,"window=50,z=1.5",0.4851261927463184,0.4823695345557123,0.2347856454283978,1.0889078800004013,1461,True,5,0.14258411274097083,5
Bakkafrost,H4,MeanReversion,"window=100,z=1.5",-0.27662039702329067,0.4696969696969697,-0.13836545761206048,0.9538249063679807,1572,True,4,0.07248435516522544,5
Bakkafrost,H4,MeanReversion,"window=20,z=1.75",0.17811091295716397,0.5022172949002217,0.11506832139382489,1.0497702522390977,932,True,4,0.16312995149067733,5
Bakkafrost,H4,MeanReversion,"window=50,z=1.75",0.3403950015301431,0.4714434060228453,0.1862266830556539,1.0874101856332585,989,True,4,0.08411699159317321,5
Bakkafrost,H4,MeanReversion,"window=100,z=1.75",0.029179175885068576,0.47047434656340753,0.01659297357710017,1.0069578042578167,1072,True,4,0.1107977748706902,5
Bakkafrost,H4,MeanReversion,"window=100,z=2.0",0.15419528926534198,0.4666666666666667,0.11498792507428876,1.05877197650958,668,True,4,0.032332802212880596,5
Bakkafrost,H4,MeanReversion,"window=100,z=2.25",0.05630229663148656,0.45539906103286387,0.05069641779983124,1.031288699729888,435,True,4,0.032067695576513455,5
Bakkafrost,H4,MeanReversion,"window=100,z=2.5",-0.061792963365850495,0.4618320610687023,-0.07577524146071613,0.9447144323387918,267,True,4,0.027955450759689637,5
Bakkafrost,H4,MeanReversion,"window=50,z=3.0",0.017794919324888747,0.4507042253521127,0.037491063325743104,1.0591148459829929,72,True,4,0.03772927851895047,5
Bakkafrost,M15,MeanReversion,"window=50,z=1.5",0.20992574013063947,0.5394032134659525,0.3535901777227222,1.1289357617711755,1455,True,4,0.08522307561111386,5
Bakkafrost,M15,MeanReversion,"window=50,z=1.75",0.18592808851442544,0.5588235294117647,0.3683286316749741,1.165493382188115,973,True,4,0.050632120757399535,5
Bakkafrost,M15,MeanReversion,"window=50,z=2.25",0.023333685760967282,0.5343915343915344,0.05877845181355044,1.0396768923873838,412,True,4,0.026551948791696645,5
Bakkafrost,M15,TrendFollowing,"fast=10,slow=30",-0.20440703838406493,0.4925809352517986,-0.17787913559052873,0.9627003497679589,4999,True,4,0.09966114204295695,5
Bakkafrost,M15,TrendFollowing,"fast=13,slow=34",-0.12888839598446256,0.49550359712230213,-0.11215704439686795,0.976317613005587,4999,True,4,0.12510135642680797,5
Bakkafrost,M15,TrendFollowing,"fast=21,slow=55",-0.017664380522732004,0.5004496402877698,-0.015370942965019077,0.9967207791793861,4999,True,4,0.09183702413039585,5
Bakkafrost,M15,TrendFollowing,"fast=34,slow=89",0.01681422448280767,0.4993255395683453,0.014631165458075098,1.0031314191115424,4999,True,4,0.09104427648142943,5
Bankinter,H1,TrendFollowing,"fast=10,slow=30",-0.019833953207702426,0.5082480684902903,-0.011462009064584775,0.9977171134978317,4999,True,4,0.026622908426815695,5
Bankinter,H1,TrendFollowing,"fast=21,slow=55",0.6686414182931167,0.5105449989559407,0.38652122633606173,1.0801356910990059,4999,True,4,0.25210966951590374,5
Bankinter,H1,TrendFollowing,"fast=34,slow=89",0.2079497776792999,0.4984339110461474,0.12017724883047792,1.0242529339356503,4999,True,4,0.2831277756101074,5
Bankinter,H1,TrendFollowing,"fast=50,slow=200",-0.15678885682804677,0.4986427229066611,-0.09060947614152502,0.9820947393110417,4999,True,5,0.41115726006500375,5
Bankinter,H1,VolatilityExpansion,"ema=50,mult=1.5",-0.030537280029389824,0.5068306010928961,-0.02199747981297097,0.9941958970010129,3057,True,4,0.05650578465500955,5
Bankinter,H1,VolatilityExpansion,"ema=20,mult=3.5",0.058439828801304605,0.5086206896551724,0.18827911593002059,1.246100801643663,118,True,4,0.03559399647223138,5
Bankinter,M15,MeanReversion,"window=100,z=2.0",0.09625775523610192,0.5370967741935484,0.353054376575126,1.189542193395861,655,True,5,0.04569601932213907,5
Bankinter,M15,MeanReversion,"window=100,z=2.25",0.08022738297358711,0.5597667638483965,0.3670866363665047,1.2882308256279358,361,True,4,0.0405479043016298,5
Bankinter,M15,MeanReversion,"window=20,z=2.75",0.011241549262961725,0.5862068965517241,0.06478930341826052,1.1023164024093,93,True,4,0.017168472517536282,5
Bankinter,M15,MeanReversion,"window=50,z=2.75",0.019915583441656892,0.5565217391304348,0.12501469543613994,1.1504479438016062,121,True,4,0.01645017434367435,5
Bankinter,M15,TrendFollowing,"fast=5,slow=20",-0.10748878618138258,0.4965941551307405,-0.13147475456125948,0.9737570479608989,4999,True,4,0.07930020863256526,5
Bankinter,M15,TrendFollowing,"fast=8,slow=21",-0.03692293490861853,0.5018677213799165,-0.04516086847813213,0.9909070868816268,4999,True,5,0.1195530807903441,5
Bankinter,M15,TrendFollowing,"fast=10,slow=30",-0.028073470130017708,0.5025269171610635,-0.034336927181795464,0.9930788793524263,4999,True,4,0.09913489823868404,5
Bankinter,M15,TrendFollowing,"fast=13,slow=34",-0.12132482938266864,0.4979125466930345,-0.14839968584846522,0.9704289796800737,4999,True,4,0.13054742727848467,5
Bankinter,M15,VolatilityExpansion,"ema=20,mult=1.5",-0.05596061923004714,0.47903430749682335,-0.1069434702484291,0.963604073656698,1695,True,4,0.019680474644885204,5
Betsson,H1,MeanReversion,"window=20,z=1.5",0.6909296832887507,0.5375766871165644,0.6822363535051799,1.306878852471448,1398,True,5,0.13223569953073777,5
Betsson,H1,MeanReversion,"window=20,z=1.75",0.6173065161979381,0.5556858147713951,0.6991614326568559,1.428202591047655,911,True,5,0.18986006098934194,5
Betsson,H1,MeanReversion,"window=50,z=1.75",0.4474051247590448,0.5286885245901639,0.5395813492620364,1.2548531847886715,1047,True,4,0.044449233711178815,5
Betsson,H1,MeanReversion,"window=20,z=2.25",0.3612952300711575,0.60062893081761,0.7062576394240637,1.754054428995287,328,True,4,0.07230028011380296,5
Betsson,H4,MeanReversion,"window=20,z=1.5",0.5740564269330344,0.5153461812990721,0.22220894458945278,1.0859207756204727,1460,True,4,0.27060230982410693,5
Betsson,H4,MeanReversion,"window=20,z=2.0",0.8051640815387203,0.5587703435804702,0.5139083899717772,1.3481536124416353,580,True,4,0.3301117266843969,5
Betsson,H4,MeanReversion,"window=50,z=2.0",0.4200776890951716,0.5316666666666666,0.23723160802583454,1.1431869047408436,618,True,4,0.29509185651552217,5
Betsson,H4,MeanReversion,"window=20,z=2.25",0.6914298892087842,0.5559006211180124,0.5457849481550653,1.5315380195831652,334,True,4,0.2815766062034516,5
Betsson,H4,MeanReversion,"window=20,z=2.5",0.24184805418150757,0.5449101796407185,0.3079386378626975,1.3368948380728138,171,True,5,0.25593284660347215,5
Betsson,H4,MeanReversion,"window=50,z=2.5",-0.032308932749781416,0.5,-0.03165282851460732,0.974213774324761,221,True,5,0.09873698032519285,5
Betsson,H4,TrendFollowing,"fast=50,slow=200",-0.06893996945323533,0.5146722164412071,-0.015938733168065364,0.9968387316094375,4999,True,4,0.6685962736139672,5
Betsson,H4,VolatilityExpansion,"ema=50,mult=1.5",-0.06962949762412396,0.5020224719101124,-0.023837177157714353,0.9932448028394087,2317,True,4,0.10145345649044457,5
Betsson,M15,MeanReversion,"window=20,z=1.75",0.27261960958646514,0.547683923705722,0.6318676248876113,1.4034946180710501,890,True,4,0.012638172147471316,5
Betsson,M15,MeanReversion,"window=20,z=2.0",0.2308151220209269,0.5775280898876405,0.722527946835501,1.5955029180936975,526,True,4,0.0626548622978268,5
Betsson,M15,MeanReversion,"window=20,z=2.25",0.17394981371373652,0.5896551724137931,0.606679970245122,1.6276712605191572,328,True,4,0.046641803529531844,5
Betsson,M15,MeanReversion,"window=20,z=2.5",0.07248232041512837,0.5737704918032787,0.29925114826432714,1.3434808274802954,205,True,4,0.02922706769903527,5
BillerudKorsnas,H1,MeanReversion,"window=20,z=1.5",0.45699496904998615,0.5304347826086957,0.46706473362992035,1.1840275259812922,1374,True,5,0.3612733068456192,5
BillerudKorsnas,H1,MeanReversion,"window=50,z=1.5",0.03051845780271878,0.5083081570996979,0.025988788829356648,1.0098871579432984,1447,True,4,0.19832026099305067,5
BillerudKorsnas,H1,MeanReversion,"window=20,z=1.75",0.2098075768310539,0.528976572133169,0.26004206806689595,1.1235601036377088,871,True,4,0.1628937983996258,5
BillerudKorsnas,H1,MeanReversion,"window=50,z=1.75",0.02453678253448499,0.5101822079314041,0.023164392181447824,1.0107963921667635,1013,True,4,0.20436219127072486,5
BillerudKorsnas,H1,MeanReversion,"window=50,z=2.0",-0.06675349753012971,0.5090016366612111,-0.08685744503222118,0.955988050419549,655,True,4,0.1087429460733147,5
BillerudKorsnas,H1,MeanReversion,"window=20,z=2.25",0.05915040943956573,0.5527272727272727,0.10125326744196557,1.0813399588702426,294,True,4,0.08045691242998854,5
BillerudKorsnas,H1,MeanReversion,"window=50,z=2.25",-0.06446693295402439,0.49066666666666664,-0.10008606343798418,0.9349969513628288,396,True,4,0.08028280008186539,5
BillerudKorsnas,H1,TrendFollowing,"fast=50,slow=200",0.04614516928262902,0.5023944275141489,0.022157538861622302,1.0045776161963333,4999,True,4,0.31734852174502004,5
BillerudKorsnas,M15,MeanReversion,"window=20,z=2.5",0.08390315123234549,0.5859872611464968,0.37828692887654114,1.4514189545260126,165,True,4,0.026993235892098233,5
BillerudKorsnas,M15,MeanReversion,"window=20,z=2.75",0.05261926750141621,0.5921052631578947,0.33688303534255054,1.5965380204874875,81,True,4,0.047079944265797646,5
BillerudKorsnas,M15,TrendFollowing,"fast=10,slow=30",0.1266153133681861,0.49825621948384097,0.1299118368582393,1.027831207548073,4999,True,5,0.2357854092896532,5
BillerudKorsnas,M15,TrendFollowing,"fast=13,slow=34",0.22125792188092908,0.5008137642408742,0.22703415271466892,1.0491457181208497,4999,True,4,0.19612022830578457,5
BillerudKorsnas,M15,TrendFollowing,"fast=21,slow=55",0.16862721066721897,0.49825621948384097,0.17302202876024345,1.0372377458779345,4999,True,5,0.16166869648705107,5
BillerudKorsnas,M15,VolatilityExpansion,"ema=50,mult=3.0",-0.026635569018284566,0.4943917169974116,-0.05395346906270404,0.9798727757330762,1334,True,4,0.05005362466954322,5
Boliden,H1,MeanReversion,"window=20,z=2.0",0.037620578436874164,0.5052192066805845,0.06947495001021207,1.0408744726878936,486,True,4,0.018744511010727494,5
Boliden,H1,MeanReversion,"window=20,z=2.25",0.050694944556577526,0.5258964143426295,0.11919917551548091,1.0973414872493807,254,True,4,0.022512869666405977,5
Boliden,H1,TrendFollowing,"fast=50,slow=200",0.5564380136712261,0.5029977258631383,0.25940222857711426,1.055076207842059,4999,True,4,0.5925714278914268,5
Boliden,H1,VolatilityExpansion,"ema=20,mult=3.0",0.12428983825217266,0.5155440414507773,0.24451237757466202,1.1676757721578996,395,True,4,0.05828315380595206,5
Boliden,H4,TrendFollowing,"fast=21,slow=55",0.186330064097189,0.5002025931928687,0.045739668148800774,1.0084569275562478,4999,True,4,0.5863782905284597,5
Boliden,H4,TrendFollowing,"fast=34,slow=89",0.6774893388766179,0.5046596434359806,0.16631620902794847,1.0310956759277736,4999,True,5,1.0059811691191864,5
Boliden,H4,TrendFollowing,"fast=50,slow=200",-0.020906802747597153,0.5038492706645057,-0.005132109539445999,0.9990555485483598,4999,True,4,0.8491943269902124,5
Boliden,M15,MeanReversion,"window=20,z=1.5",-0.18444296891082024,0.48947368421052634,-0.34115370013277985,0.8767450926992686,1420,True,4,0.06825668598806478,5
Boliden,M15,MeanReversion,"window=50,z=1.5",-0.06180991736301977,0.4944485566247224,-0.11650651649733555,0.954913120828988,1448,True,5,0.15224307820660465,5
Boliden,M15,MeanReversion,"window=100,z=1.5",0.10050970146954674,0.49428208386277,0.1695272498571517,1.0679103429083325,1678,True,4,0.09234655463678676,5
Boliden,M15,MeanReversion,"window=20,z=1.75",-0.11098280393817461,0.48558758314855877,-0.24369103642471973,0.8901973638496844,965,True,4,0.09339481106097491,5
Boliden,M15,MeanReversion,"window=50,z=1.75",0.03619553275120713,0.5157303370786517,0.09909192825825423,1.042417895064862,952,True,5,0.07281875105125624,5
Boliden,M15,MeanReversion,"window=100,z=1.75",0.0839174661799521,0.5131578947368421,0.16276645750974766,1.085924646787536,1047,True,4,0.08435645136132208,5
Boliden,M15,MeanReversion,"window=20,z=2.0",-0.07896640911124242,0.47627416520210897,-0.21871953167401445,0.8794533657830862,610,True,5,0.08943856292682884,5
Boliden,M15,MeanReversion,"window=50,z=2.0",-0.04265993565980164,0.48677248677248675,-0.14076035036863263,0.9292146700020505,610,True,4,0.028137089793945358,5
Boliden,M15,MeanReversion,"window=100,z=2.0",0.11558318666151246,0.5124555160142349,0.2749655467251154,1.2050650672432108,590,True,4,0.09144172584358812,5
Boliden,M15,MeanReversion,"window=20,z=2.25",-0.002389023748228025,0.47774480712166173,-0.008038112192518173,0.9936675573076968,363,True,5,0.08690260027086594,5
Boliden,M15,MeanReversion,"window=20,z=2.5",-0.03301415412547826,0.47058823529411764,-0.15494060109841482,0.8674719865142511,217,True,4,0.010366207315220421,5
Boliden,M15,MeanReversion,"window=100,z=2.5",0.018374710046031306,0.48598130841121495,0.08931900732992973,1.0752801549227948,226,True,4,0.02019721979738276,5
Boliden,M15,TrendFollowing,"fast=50,slow=200",0.2048056012546643,0.5135309278350515,0.21346360140762025,1.0474393896338496,4999,True,4,0.17123486356816386,5
Boliden,M15,VolatilityExpansion,"ema=20,mult=3.5",0.04474027602507824,0.5543071161048689,0.21441206179330757,1.167438836548278,279,True,4,0.015204672006213671,5
Caixabank,H1,MeanReversion,"window=100,z=2.0",-0.36595297937808635,0.47036082474226804,-0.445175878078396,0.7881487543769977,810,True,4,0.06370691628690572,5
Caixabank,H1,MeanReversion,"window=20,z=2.25",0.015134391614222364,0.5052264808362369,0.036678259316797114,1.0278236721640088,295,True,4,0.03229074062793158,5
Caixabank,H1,MeanReversion,"window=20,z=2.5",0.10694278511158073,0.5496688741721855,0.3423033252607991,1.4285388237697976,154,True,4,0.040758757966382286,5
Caixabank,H1,MeanReversion,"window=100,z=2.5",-0.16584937316815151,0.4725274725274725,-0.29598092098831275,0.7696012067849627,281,True,4,0.0362152851234081,5
Caixabank,H1,TrendFollowing,"fast=8,slow=21",0.06938004450800794,0.50997920997921,0.03896239256013385,1.0078551992848348,4999,True,5,0.17188688450119038,5
Caixabank,H1,TrendFollowing,"fast=10,slow=30",0.1566045251955941,0.5112266112266112,0.0879469349741803,1.017818728043899,4999,True,5,0.2367287924914251,5
Caixabank,H1,TrendFollowing,"fast=13,slow=34",0.3027775930407204,0.5124740124740125,0.17004285438060682,1.0347394372265282,4999,True,5,0.3232820405661566,5
Caixabank,H1,TrendFollowing,"fast=21,slow=55",0.4745178212892498,0.517047817047817,0.26651611472905806,1.0549859364253094,4999,True,5,0.3296634428123303,5
Caixabank,H1,TrendFollowing,"fast=34,slow=89",0.08286171275286658,0.5095634095634095,0.04653347732173127,1.0093887574110172,4999,True,4,0.3221620043043344,5
Caixabank,H1,TrendFollowing,"fast=50,slow=200",0.21950664041672807,0.512058212058212,0.12327371807357644,1.0250655356088454,4999,True,5,0.4217704579384455,5
Caixabank,H1,VolatilityExpansion,"ema=50,mult=1.5",-0.02708809931353251,0.5118924508790073,-0.01884715952361729,0.9949440023186759,3019,True,4,0.05667646520772229,5
Caixabank,M15,MeanReversion,"window=20,z=2.5",0.06807869642147268,0.6211180124223602,0.3816028930448527,1.4447128005119227,169,True,4,0.021025533845469457,5
Caixabank,M15,TrendFollowing,"fast=5,slow=20",-0.12482709833525907,0.49487836107554417,-0.1572797852024935,0.9697491722505753,4999,True,4,0.030517171529104714,5
Castellum,H1,MeanReversion,"window=20,z=1.5",0.19169432339587134,0.5083459787556904,0.20671750851728599,1.0784564769879423,1380,True,5,0.23050304224199425,5
Castellum,H1,MeanReversion,"window=50,z=1.5",0.25821524343781477,0.5173144876325089,0.2547471066562387,1.095462104402276,1488,True,4,0.12120060668553323,5
Castellum,H1,MeanReversion,"window=20,z=1.75",0.15150063544028247,0.507177033492823,0.20756887136464755,1.0978313755721425,876,True,5,0.1714187510130798,5
Castellum,H1,MeanReversion,"window=20,z=2.0",-0.022085824197804804,0.4989339019189765,-0.04202185959128871,0.9762909207802717,495,True,4,0.10251560317861197,5
Castellum,H1,MeanReversion,"window=50,z=2.25",0.0054968082130312235,0.5141242937853108,0.010532059031922225,1.007501603781308,369,True,4,0.026435772529979418,5
Castellum,H4,MeanReversion,"window=20,z=1.5",-0.032398543567855764,0.4919463087248322,-0.015812154709114512,0.9948728145093739,1513,True,4,0.35607188824956537,5
Castellum,H4,MeanReversion,"window=50,z=1.5",-0.21098317459204807,0.5012919896640827,-0.09505576888655354,0.9689797177868097,1575,True,4,0.3258248359891994,5
Castellum,H4,MeanReversion,"window=50,z=1.75",-0.3180807118898088,0.4947569113441373,-0.16886541417512918,0.9341969674065226,1066,True,4,0.12037905533904403,5
Castellum,H4,MeanReversion,"window=50,z=2.0",-0.4192848404286277,0.4788135593220339,-0.28884157142025413,0.8724341700765177,716,True,4,0.11957460583871682,5
Castellum,H4,MeanReversion,"window=100,z=2.0",-0.23587684872279402,0.48840579710144927,-0.14355649332922651,0.9293345874496447,700,True,4,0.1386886080053037,5
Castellum,H4,MeanReversion,"window=100,z=2.25",-0.5112155620886646,0.45662100456621,-0.36600979491494606,0.7847949845334393,442,True,4,0.10829640094586246,5
Castellum,M15,MeanReversion,"window=20,z=1.5",0.269003050647456,0.5390127388535032,0.6345473632249803,1.2498023750607217,1390,True,4,0.04980849746410798,5
Castellum,M15,MeanReversion,"window=50,z=1.5",0.27576976446778856,0.5172672672672672,0.6727555319956916,1.254846029099919,1502,True,4,0.06998476607582493,5
Castellum,M15,MeanReversion,"window=50,z=1.75",0.2391237235111704,0.5333333333333333,0.7424578081300387,1.3483974165648729,981,True,4,0.09730762453459973,5
Castellum,M15,MeanReversion,"window=50,z=2.0",0.17840081334501656,0.5294117647058824,0.6524394967313878,1.402414060230714,599,True,4,0.07174933951296125,5
Castellum,M15,MeanReversion,"window=100,z=2.0",0.19794606546410443,0.5417348608837971,0.7361663645258665,1.427835219232153,674,True,4,0.05993399354506934,5
Castellum,M15,MeanReversion,"window=20,z=2.25",0.1473029177966596,0.596958174904943,0.7636748504722547,1.7723877311490936,295,True,4,0.053270620771017074,5
Castellum,M15,MeanReversion,"window=50,z=2.25",0.0960106848292992,0.5379746835443038,0.4585446216921568,1.3715891957120883,346,True,4,0.027474425433221428,5
Castellum,M15,MeanReversion,"window=20,z=2.5",0.12496446112985915,0.6739130434782609,0.81342844600764,2.4443665845598264,156,True,4,0.05545772208409283,5
Cellnex,H1,VolatilityExpansion,"ema=50,mult=3.0",0.11333806783625067,0.5257009345794392,0.1390239199224306,1.0504471702169802,1341,True,4,0.11187050319670677,5
Cellnex,H1,VolatilityExpansion,"ema=20,mult=3.5",0.1631300854808303,0.5625,0.5630526983355753,1.7164690334611006,163,True,5,0.052739990096422606,5
Cellnex,H4,MeanReversion,"window=20,z=1.75",-0.40654000287147873,0.4923580786026201,-0.2624834947658627,0.8965086581949094,929,True,4,0.07623015608880457,5
Cellnex,H4,MeanReversion,"window=20,z=2.5",0.2135863890510894,0.552,0.3495312196537099,1.499819656704835,129,True,4,0.06748735741436085,5
Cellnex,H4,VolatilityExpansion,"ema=50,mult=1.5",-0.06687286872067477,0.5091240875912408,-0.024831798367303436,0.9938532341699233,2791,True,4,0.13377692918584927,5
Cellnex,H4,VolatilityExpansion,"ema=50,mult=2.0",0.03729419839040249,0.5063589260480452,0.01526960675734934,1.0043707125929064,2164,True,4,0.10572527254229103,5
Cellnex,M15,MeanReversion,"window=100,z=1.75",0.063766445514429,0.5024248302618817,0.17303147885224085,1.0683407502326656,1108,True,4,0.017373477977951746,5
Cellnex,M15,MeanReversion,"window=100,z=2.25",0.052572498067978146,0.5101449275362319,0.2283864689817488,1.1541328489528777,375,True,4,0.03310888369388809,5
Cellnex,M15,MeanReversion,"window=50,z=2.75",0.044869868483534026,0.5645161290322581,0.2744354678844472,1.3354996164206323,135,True,4,0.03228636012380315,5
Cellnex,M15,TrendFollowing,"fast=5,slow=20",-0.004414397171825679,0.49498910675381264,-0.005821987117303389,0.9989040927779459,4999,True,4,0.07670541596000724,5
Cellnex,M15,TrendFollowing,"fast=8,slow=21",0.09351110560234355,0.4982570806100218,0.12333209452360784,1.0235004908127614,4999,True,4,0.07390128677565355,5
DNB,H1,MeanReversion,"window=20,z=1.5",0.2451328582016994,0.4883177570093458,0.3372905962533402,1.1667001697767794,1380,True,4,0.1962322965416119,5
DNB,H1,MeanReversion,"window=100,z=1.5",0.20733479349978223,0.49133749133749133,0.23491263470766965,1.1129250883356112,1563,True,5,0.2163075250265034,5
DNB,H1,MeanReversion,"window=20,z=1.75",0.1834729141710224,0.49764150943396224,0.3251190938552162,1.187575724671155,913,True,5,0.10484470910896604,5
DNB,H1,MeanReversion,"window=100,z=1.75",0.3381171052276082,0.5040485829959515,0.44091824916664707,1.2847390782128976,1067,True,5,0.2138057213748803,5
DNB,H1,MeanReversion,"window=20,z=2.0",0.17244796263610973,0.5070140280561122,0.36963989639929806,1.3179592338883368,534,True,4,0.06580931431575154,5
DNB,H1,MeanReversion,"window=100,z=2.0",0.05651120006542687,0.500763358778626,0.11163480579425601,1.067421511103714,701,True,4,0.06621060085292907,5
DNB,H1,MeanReversion,"window=20,z=2.25",0.16883539631970135,0.5311355311355311,0.4000547358127332,1.5995704132432964,293,True,4,0.04405541029408433,5
DNB,H1,MeanReversion,"window=20,z=2.5",0.08964526380838922,0.5032679738562091,0.22453576394823346,1.463470502275527,162,True,4,0.023493456763547416,5
DNB,H1,MeanReversion,"window=100,z=2.5",-0.02088343527785219,0.5234042553191489,-0.05483617453757777,0.9462501337712302,248,True,4,0.03670879947166428,5
DNB,H4,MeanReversion,"window=50,z=2.0",0.13687799302090486,0.5238805970149254,0.12212637080321846,1.0743067803786162,687,True,4,0.02537375637423267,5
DNB,H4,MeanReversion,"window=100,z=2.0",-0.04448974884574586,0.4930555555555556,-0.03530296213342401,0.979374713151923,745,True,4,0.1407348187135049,5
DNB,H4,MeanReversion,"window=20,z=2.25",-0.3128923935430624,0.4713375796178344,-0.37815941874521997,0.7152493135954916,322,True,4,0.011671795639463522,5
DNB,H4,MeanReversion,"window=50,z=2.25",0.14643744264886882,0.5378590078328982,0.18899430590011163,1.1456090959493679,394,True,4,0.010464598010186732,5
DNO,H1,MeanReversion,"window=20,z=2.0",0.16973417916054423,0.5498839907192575,0.2368771873402712,1.1634373023665159,474,True,4,0.0920635823802114,5
DNO,H1,TrendFollowing,"fast=50,slow=200",-1.1563542991015103,0.5041648399824639,-0.44656058465868703,0.9083252555850037,4996,True,4,0.2065453245800335,5
DNO,H4,MeanReversion,"window=100,z=2.25",-0.07873819687399375,0.4930875576036866,-0.04810300478918657,0.9705512260087461,444,True,5,0.14716978268769132,5
DNO,H4,VolatilityExpansion,"ema=20,mult=2.0",0.9644825510970702,0.5065645514223195,0.3433810610248797,1.1751118366332427,938,True,4,0.2505222127877481,5
DNO,H4,VolatilityExpansion,"ema=20,mult=2.5",0.4879009536668515,0.5198329853862212,0.22783944411889326,1.1543142392827566,492,True,4,0.2728289301424458,5
DNO,M15,MeanReversion,"window=20,z=2.25",0.2567940138587288,0.56,0.5488246015921999,1.4504678833158626,354,True,4,0.07461356253776863,5
DNO,M15,TrendFollowing,"fast=10,slow=30",0.34355102692078987,0.5141719372218319,0.23340243332094213,1.0536760383666144,4999,True,4,0.17739885107804154,5
DNO,M15,TrendFollowing,"fast=13,slow=34",0.4524599762637108,0.5158116654954322,0.3074176414083547,1.0712984547062,4999,True,4,0.22280715032728415,5
DNO,M15,TrendFollowing,"fast=21,slow=55",0.2668404291798959,0.518388381353947,0.18127884819625906,1.0414425101255742,4999,True,5,0.2732811829840147,5
DNO,M15,TrendFollowing,"fast=34,slow=89",0.14374314977850788,0.5137034434293746,0.09764782104975382,1.022113112232675,4999,True,5,0.19792918385879932,5
DNO,M15,VolatilityExpansion,"ema=20,mult=2.5",-0.2531549660131768,0.4592198581560284,-0.4745043796315033,0.7728944833858815,625,True,4,0.038843393800096826,5
EDP,H1,MeanReversion,"window=20,z=1.5",0.1673547139117808,0.5147275405007363,0.17785894455632342,1.0687483026595495,1394,True,4,0.2509349806130907,5
EDP,H1,MeanReversion,"window=20,z=1.75",0.32305045910802277,0.5386416861826698,0.4204363903075099,1.227507409911193,878,True,5,0.2735182811795339,5
EDP,H1,MeanReversion,"window=20,z=2.0",0.21465228275669856,0.5376782077393075,0.335241809026872,1.249501688576997,502,True,5,0.14972861741180588,5
EDP,H1,MeanReversion,"window=20,z=2.25",0.122917867397768,0.5229007633587787,0.2847204459542245,1.2660514080488676,267,True,4,0.08046160468915464,5
EDP,H1,MeanReversion,"window=20,z=2.5",0.1331860908279765,0.5666666666666667,0.4383752822126863,1.6154712389915358,153,True,4,0.04611916594217136,5
EDP,M15,MeanReversion,"window=20,z=1.5",0.21062608960033724,0.5253267973856209,0.4888738766724363,1.2163348181417415,1307,True,5,0.0786904421209631,5
EDP,M15,MeanReversion,"window=20,z=1.75",0.08591408853226212,0.515451174289246,0.24210750304166095,1.126662205149547,861,True,4,0.021115199803297235,5
EDP,M15,MeanReversion,"window=50,z=1.75",0.167461861347884,0.5231788079470199,0.49029659286578414,1.2478651011088044,977,True,4,0.04729134833728621,5
EDP,M15,MeanReversion,"window=20,z=2.0",0.08485931349698073,0.5271629778672032,0.3047140979302675,1.2001784690133377,528,True,4,0.04080758895824366,5
EDP,M15,MeanReversion,"window=50,z=2.0",0.11310673388544201,0.5412667946257198,0.4037313543883249,1.2848724129829705,559,True,4,0.029167780987707892,5
EDP,M15,MeanReversion,"window=20,z=2.25",0.09938124775391877,0.54,0.4300639166911711,1.3966825768531363,316,True,4,0.047228444876095454,5
EDP,M15,MeanReversion,"window=50,z=2.25",0.0749733603763062,0.5591054313099042,0.31144742197984354,1.2999989155215719,332,True,5,0.02584827588352534,5
EDP,M15,MeanReversion,"window=100,z=2.25",0.12644766092063853,0.5347043701799485,0.5147127767006954,1.441473469183159,417,True,4,0.027424932137525282,5
EbroFoods,H1,MeanReversion,"window=20,z=1.5",1.7981516298581854,0.6322722283205269,2.308654314878229,2.981119220960028,1134,True,4,0.4386910013684665,5
EbroFoods,H1,MeanReversion,"window=50,z=1.5",1.5231823679841998,0.5932521087160263,1.916075944721886,2.2715865206468675,1366,True,4,0.4108754883944691,5
EbroFoods,H1,MeanReversion,"window=100,z=1.5",1.1756362047316753,0.5702702702702702,1.5002375420944096,1.8494233028198768,1415,True,5,0.22407159998938475,5
EbroFoods,H1,MeanReversion,"window=20,z=1.75",1.5179925318512946,0.6600660066006601,2.159756715675953,3.691059999370625,742,True,5,0.4061722291494346,5
EbroFoods,H1,MeanReversion,"window=50,z=1.75",1.3191176789153434,0.6152796725784447,1.89668376528302,2.7447282437757354,919,True,4,0.3533303456253448,5
EbroFoods,H1,MeanReversion,"window=100,z=1.75",1.0861087774019662,0.607661822985469,1.5727404575373278,2.237555057257567,950,True,5,0.22178532754886204,5
EbroFoods,H1,MeanReversion,"window=20,z=2.0",1.4195175752317337,0.7128463476070529,2.197587929413778,6.076660844757235,473,True,5,0.41903088939956157,5
EbroFoods,H1,MeanReversion,"window=50,z=2.0",1.093667805244273,0.621505376344086,1.7811738779308406,3.522851786105734,588,True,5,0.30139066606151577,5
EbroFoods,H1,MeanReversion,"window=100,z=2.0",0.8798504305871708,0.6282051282051282,1.4773685632427729,2.7475767708398635,592,True,5,0.16575513700640832,5
EbroFoods,H1,MeanReversion,"window=20,z=2.25",1.1328675584001084,0.7478260869565218,1.9352781460472568,8.947323529370898,278,True,5,0.33605528771489723,5
EbroFoods,H1,MeanReversion,"window=50,z=2.25",0.9102845892709269,0.6610738255033557,1.6324607887564215,4.451428860887211,361,True,5,0.24006361265308995,5
EbroFoods,H1,MeanReversion,"window=100,z=2.25",0.7506805150649478,0.688212927756654,1.47711777051292,4.495733023325383,325,True,5,0.16777497127061713,5
EbroFoods,H1,MeanReversion,"window=20,z=2.5",0.9729763801568138,0.7987012987012987,1.788694755213186,15.245090380031527,173,True,4,0.2555641372106542,5
EbroFoods,H1,MeanReversion,"window=20,z=2.75",0.7415447461085941,0.8020833333333334,1.4787650697270203,15.506167906633918,103,True,4,0.2197515763149802,5
EbroFoods,H4,MeanReversion,"window=20,z=1.5",3.839115571198926,0.6382592928377153,2.551203708095031,2.7428553786905874,1202,True,5,1.4433960713792149,5
EbroFoods,H4,MeanReversion,"window=50,z=1.5",3.0898520103196,0.5894476504534213,2.0324372050359387,2.146474186504906,1320,True,5,1.1160210509002493,5
EbroFoods,H4,MeanReversion,"window=100,z=1.5",2.784519047411661,0.5730071033938438,1.902755904061328,1.9676150313090828,1376,True,5,0.8729105454777955,5
EbroFoods,H4,MeanReversion,"window=20,z=1.75",2.7653149198281604,0.6570188133140377,2.1836528822077264,3.0671526688879966,749,True,5,1.0025684193684379,5
EbroFoods,H4,MeanReversion,"window=50,z=1.75",2.571504381658003,0.6139705882352942,2.0579110355043664,2.579727222255089,878,True,5,0.8763424027168454,5
EbroFoods,H4,MeanReversion,"window=100,z=1.75",2.101139177976669,0.5781990521327014,1.7324505774402994,2.12695671996312,906,True,5,0.5966761427817038,5
EbroFoods,H4,MeanReversion,"window=20,z=2.0",2.2453715945483355,0.6851441241685144,2.029073821672833,3.8025168535572154,480,True,5,0.8758823000914461,5
EbroFoods,H4,MeanReversion,"window=50,z=2.0",2.032712759352309,0.6450381679389313,1.9597571009065788,3.081685218249631,553,True,5,0.6109914063824352,5
EbroFoods,H4,MeanReversion,"window=100,z=2.0",1.6075433335853135,0.6076190476190476,1.6498284874616875,2.5070706853763594,563,True,5,0.33216302705319667,5
EbroFoods,H4,MeanReversion,"window=20,z=2.25",1.611293241408739,0.6992481203007519,1.7339039218866712,4.683023895599365,277,True,5,0.6062119275486281,5
EbroFoods,H4,MeanReversion,"window=50,z=2.25",1.1666636814280857,0.6451612903225806,1.481833254506113,2.992639206831031,329,True,5,0.3370862042015348,5
EbroFoods,H4,MeanReversion,"window=100,z=2.25",1.094306080150227,0.6061538461538462,1.3663398752461353,2.657026229705079,341,True,4,0.23461788236014258,5
EbroFoods,H4,MeanReversion,"window=20,z=2.5",1.0489128049051797,0.6950354609929078,1.4371643892464114,6.7571159994539,144,True,5,0.3632331432253467,5
EbroFoods,H4,MeanReversion,"window=50,z=2.5",0.9321657580553199,0.7021276595744681,1.3937982437429681,4.081619994987738,201,True,4,0.26044472369605054,5
EbroFoods,H4,MeanReversion,"window=100,z=2.5",0.6770363396639233,0.5952380952380952,1.009892501085773,2.4525201831119303,218,True,4,0.11721682207740503,5
EbroFoods,M15,MeanReversion,"window=20,z=1.5",0.8243415215284852,0.6581920903954802,1.954730233447225,2.5906575223954262,1187,True,5,0.26164167246310455,5
EbroFoods,M15,MeanReversion,"window=50,z=1.5",0.7244929735537079,0.6338235294117647,1.7995398512499905,2.45526845035724,1167,True,5,0.17673461733797513,5
EbroFoods,M15,MeanReversion,"window=100,z=1.5",0.58502225294397,0.5976095617529881,1.4385011719055918,1.947712684572109,1387,True,5,0.11517884136314105,5
EbroFoods,M15,MeanReversion,"window=20,z=1.75",0.7402217126388336,0.6910229645093946,1.9477641337642175,3.3560785289456003,783,True,5,0.25647084314867796,5
EbroFoods,M15,MeanReversion,"window=50,z=1.75",0.5972809419178553,0.6278586278586279,1.6428257638545951,2.7141737825349264,803,True,5,0.13146123863552184,5
EbroFoods,M15,MeanReversion,"window=100,z=1.75",0.5047374529867888,0.6076923076923076,1.4080527655139559,2.26207139593569,936,True,4,0.07721728513270143,5
EbroFoods,M15,MeanReversion,"window=20,z=2.0",0.5959478925854276,0.7337461300309598,1.760585804373847,3.9625105472903637,515,True,5,0.17119129690991786,5
EbroFoods,M15,MeanReversion,"window=50,z=2.0",0.4992945544737165,0.6568047337278107,1.50690002774541,3.131003829828308,553,True,5,0.11011188844488873,5
EbroFoods,M15,MeanReversion,"window=100,z=2.0",0.4391777057961046,0.6210826210826211,1.34533030925984,2.7104727044312678,580,True,4,0.05804423672379211,5
EbroFoods,M15,MeanReversion,"window=20,z=2.25",0.4704227731735534,0.7477477477477478,1.500191091409304,4.327724467063101,335,True,5,0.13847282246070824,5
EbroFoods,M15,MeanReversion,"window=50,z=2.25",0.42987736747719973,0.6960352422907489,1.4569673738722018,4.166583596310768,350,True,5,0.09528021892568272,5
EbroFoods,M15,MeanReversion,"window=20,z=2.5",0.3652727458263504,0.8,1.3722341610391688,6.915602333877217,192,True,4,0.10216954021003022,5
EbroFoods,M15,MeanReversion,"window=20,z=2.75",0.2539424902296197,0.7792207792207793,1.0601251449147449,7.809010473814915,114,True,4,0.06968004226548041,5
Electrolux,H1,MeanReversion,"window=50,z=1.75",0.1248793984095733,0.4883227176220807,0.09549955180364166,1.0449950317282455,970,True,4,0.16265203131399142,5
Electrolux,H1,MeanReversion,"window=50,z=2.0",-0.0046716973151008645,0.4866220735785953,-0.005042387484480552,0.9974553112771094,617,True,4,0.0830215945352748,5
Electrolux,H1,MeanReversion,"window=20,z=2.25",0.07912151161211434,0.512280701754386,0.1338482239262928,1.1034948754810154,296,True,4,0.020926932791666464,5
Electrolux,H4,MeanReversion,"window=50,z=2.0",-0.3294049135399022,0.4917541229385307,-0.1600834723726986,0.9123256290721973,678,True,4,0.06574161142988977,5
Electrolux,H4,VolatilityExpansion,"ema=50,mult=1.5",0.07630702380029908,0.5007072135785007,0.02141881138622641,1.0057632922987807,2877,True,4,0.15779460004327495,5
Elekta,H1,MeanReversion,"window=100,z=1.5",0.10996940946077494,0.489193083573487,0.09814087611139717,1.0369330239203196,1495,True,4,0.07211316360674103,5
Elekta,H1,MeanReversion,"window=100,z=1.75",-0.0562507251133989,0.47876857749469215,-0.059435348019475844,0.9731493881115229,1022,True,4,0.0744617903295236,5
Elekta,H1,MeanReversion,"window=100,z=2.0",-0.050976796937094226,0.47386172006745364,-0.06936356099656593,0.9609009315780952,633,True,4,0.05661943196834174,5
Elekta,H1,MeanReversion,"window=100,z=2.25",-0.11896548048037403,0.4880239520958084,-0.18896035756206767,0.863245850618493,355,True,4,0.029775785448433068,5
Elekta,H4,MeanReversion,"window=100,z=2.75",0.0837739319003391,0.5391304347826087,0.11490607906572847,1.154963171034633,117,True,4,0.10764102131943765,5
Elekta,H4,TrendFollowing,"fast=5,slow=20",-0.30608543949399514,0.4960098219766728,-0.07210211819221232,0.9856854577838402,4999,True,4,0.2953114884659295,5
Elekta,H4,VolatilityExpansion,"ema=50,mult=1.5",-0.00932278658849095,0.49869936826458566,-0.002981363558974611,0.999214136299065,2759,True,4,0.3889462120473628,5
Elekta,M15,MeanReversion,"window=100,z=1.5",-0.2999265036392852,0.496783416726233,-0.35931325128541436,0.8477691132914619,1575,True,4,0.018174163311309388,5
Elekta,M15,MeanReversion,"window=20,z=1.75",0.1330281635849332,0.5283251231527094,0.2753231721104506,1.1337280785495027,894,True,4,0.038830238311375,5
Elekta,M15,MeanReversion,"window=100,z=1.75",-0.08292048481786762,0.5216450216450217,-0.11649322691022174,0.9357599960408628,1041,True,4,0.026835357548023353,5
Elekta,M15,MeanReversion,"window=100,z=2.0",0.011240218197172247,0.5225694444444444,0.025523834378846096,1.0139390632331575,634,True,4,0.01518665414292597,5
Elekta,M15,MeanReversion,"window=100,z=2.25",0.053017434303518796,0.5264623955431755,0.13410229959203956,1.0967876614287866,391,True,4,0.037367719018971846,5
Elekta,M15,TrendFollowing,"fast=8,slow=21",0.566518090650282,0.4997720018239854,0.47366953837009595,1.1169084741206308,4999,True,4,0.08216308349750112,5
Enagas,H1,MeanReversion,"window=20,z=1.5",0.057923510286895796,0.5114083398898505,0.09630476291544765,1.0346606161460812,1392,True,5,0.10545811407853334,5
Enagas,H1,MeanReversion,"window=50,z=1.75",0.012465823722343727,0.4932692307692308,0.022537862331474024,1.0087714114539374,1131,True,4,0.0626925876421055,5
Enagas,H1,MeanReversion,"window=100,z=1.75",0.09160408304908862,0.5020833333333333,0.16627030722670796,1.070500665039311,1046,True,4,0.033374271921239984,5
Enagas,H1,MeanReversion,"window=100,z=2.25",-0.007159558838517821,0.46987951807228917,-0.018806706457406095,0.9879095325136154,450,True,5,0.03486583768459539,5
Enagas,H4,MeanReversion,"window=20,z=1.5",0.5528860575651086,0.5137034434293746,0.38698429395531997,1.142001422003711,1465,True,4,0.2529531467571895,5
Enagas,H4,MeanReversion,"window=50,z=1.5",0.3282479764443379,0.5084415584415585,0.20320754042854391,1.0724844087613228,1600,True,5,0.41419089205875215,5
Enagas,H4,MeanReversion,"window=100,z=1.5",0.16061890413238722,0.5028717294192725,0.10257812070369435,1.0355597928272784,1635,True,4,0.21535271559447455,5
Enagas,H4,MeanReversion,"window=20,z=1.75",0.6298214131843531,0.5303514376996805,0.5241911374856408,1.2544498375651028,961,True,5,0.2992527694072731,5
Enagas,H4,MeanReversion,"window=50,z=1.75",0.5950582464926312,0.521484375,0.4272371803457937,1.204579832528514,1057,True,4,0.299294923198584,5
Enagas,H4,MeanReversion,"window=100,z=1.75",0.16740109181997043,0.4991119005328597,0.120404924428176,1.0512038549025755,1176,True,4,0.16151765513704186,5
Enagas,H4,MeanReversion,"window=50,z=2.0",0.5796590627196762,0.5132605304212169,0.5110205488491244,1.3341849874712588,660,True,5,0.32461801186400385,5
Enagas,H4,MeanReversion,"window=100,z=2.0",0.09529751556528965,0.5025974025974026,0.07701452700764103,1.0410967150781136,808,True,4,0.17063022106463288,5
Enagas,H4,MeanReversion,"window=20,z=2.25",0.19019336876099835,0.5625,0.2551578023689898,1.222688028245771,299,True,4,0.07361143839043605,5
Enagas,H4,MeanReversion,"window=50,z=2.25",0.28562586181330674,0.5089514066496164,0.3640263204901748,1.281401830340459,401,True,5,0.1489277427295861,5
Enagas,H4,MeanReversion,"window=100,z=2.25",0.15357601723801795,0.5200845665961945,0.1638980907217671,1.1119633194787797,499,True,4,0.13242615913874822,5
Enagas,H4,MeanReversion,"window=20,z=2.5",0.08758538808493443,0.5642857142857143,0.18530871554205483,1.214732794280421,144,True,4,0.04097412687617985,5
Enagas,H4,MeanReversion,"window=50,z=2.5",0.13552171145705594,0.5229357798165137,0.24677151908421358,1.2405719165220814,224,True,4,0.06188129108792417,5
Enagas,H4,MeanReversion,"window=100,z=2.5",0.0438278558144789,0.5265151515151515,0.055122441065134996,1.052021223323391,276,True,4,0.14483176929567065,5
Enagas,M15,MeanReversion,"window=50,z=1.5",0.19728948642340183,0.5343873517786562,0.7179469621206426,1.269103923452599,1436,True,4,0.03852944443912332,5
Enagas,M15,MeanReversion,"window=20,z=1.75",0.06618748641601147,0.5143212951432129,0.26391749937659414,1.1245090345620647,908,True,4,0.01376356852454419,5
Enagas,M15,MeanReversion,"window=50,z=1.75",0.13129049780390956,0.5299760191846523,0.5793125857213812,1.265729376447932,942,True,4,0.027350125653972768,5
Enagas,M15,MeanReversion,"window=50,z=2.0",0.12193279071289387,0.5534351145038168,0.6329378182838056,1.389634961080927,584,True,4,0.032172366352452686,5
Enagas,M15,MeanReversion,"window=20,z=2.25",0.008930459842778848,0.5291970802919708,0.05130216283036626,1.0437634383875862,303,True,4,0.022524686538865968,5
Enagas,M15,MeanReversion,"window=50,z=2.25",0.0855799011798195,0.5602605863192183,0.561046047320912,1.4495478758291256,350,True,4,0.042010760832549066,5
Enagas,M15,MeanReversion,"window=100,z=2.25",0.07261270547281617,0.5474006116207951,0.436968823283201,1.3338201583254308,364,True,4,0.023837240688148964,5
Enagas,M15,MeanReversion,"window=20,z=2.5",-0.01591941412643616,0.5106382978723404,-0.10367835285876452,0.8749075820465991,150,True,4,0.02829623189906949,5
Enagas,M15,MeanReversion,"window=100,z=2.5",0.04810618317891169,0.5735294117647058,0.3641800382743245,1.3462273512268286,224,True,4,0.02830740011776156,5
Enagas,M15,MeanReversion,"window=100,z=2.75",0.05373649012993109,0.5877862595419847,0.4661008032478173,1.621361866589668,143,True,4,0.03741106901353297,5
Endesa,H1,MeanReversion,"window=50,z=1.5",0.0062746210932743685,0.48152866242038217,0.009075418940385917,1.002928863378812,1660,True,5,0.1849188444915122,5
Endesa,H1,MeanReversion,"window=100,z=1.5",0.07812059375840952,0.4777777777777778,0.10385681682929551,1.0334280988802782,1816,True,4,0.0806208444479698,5
Endesa,H1,MeanReversion,"window=50,z=1.75",0.02174243225260264,0.47718631178707227,0.03704122827069523,1.0147230100633744,1115,True,4,0.13637627200353508,5
Endesa,H1,MeanReversion,"window=50,z=2.0",0.13041488332759887,0.5,0.2908739074558325,1.1522480118928082,662,True,5,0.17430535552768567,5
Endesa,H1,MeanReversion,"window=100,z=2.0",0.14162183890147173,0.48829953198127923,0.2777626404602799,1.1560070742668394,681,True,4,0.05647105630669247,5
Endesa,H1,MeanReversion,"window=50,z=2.25",0.10935125009450397,0.5171428571428571,0.33606093180571145,1.2398576916953286,364,True,5,0.06476746492490415,5
Endesa,H1,MeanReversion,"window=100,z=2.25",0.242574573765155,0.5294117647058824,0.574358793384794,1.508537347291558,370,True,4,0.10911384900638421,5
Endesa,H1,MeanReversion,"window=50,z=2.5",0.03395570034036133,0.5209580838323353,0.14479375169155123,1.13508639961494,172,True,4,0.049409381644985095,5
Endesa,H4,MeanReversion,"window=20,z=1.5",0.024318479968012063,0.4951321279554937,0.01609834699322119,1.0056072016066477,1480,True,4,0.17133845582954432,5
Endesa,H4,MeanReversion,"window=50,z=1.5",-0.10940856648439379,0.4766101694915254,-0.07083207430318049,0.9759069675083106,1521,True,4,0.013774543065046552,5
Endesa,H4,MeanReversion,"window=50,z=1.75",-0.07827344042093143,0.4819512195121951,-0.05771622334593097,0.9761195522375484,1051,True,4,0.1368662061274344,5
Endesa,H4,MeanReversion,"window=20,z=2.0",0.20273607810669336,0.49909255898366606,0.23754087740887594,1.132288026767856,565,True,4,0.1374894905497217,5
Endesa,H4,MeanReversion,"window=100,z=2.0",-0.0802792003216215,0.46390374331550804,-0.06965865768279353,0.9657234060360189,772,True,4,0.1449205678278933,5
Endesa,H4,MeanReversion,"window=50,z=2.5",0.24565626550988373,0.5294117647058824,0.42317624675308646,1.4610713536032152,208,True,5,0.15883580593246838,5
Endesa,M15,VolatilityExpansion,"ema=20,mult=1.5",-0.004653086187031308,0.4967447916666667,-0.013285298261550803,0.9957150487089681,1697,True,4,0.05749100024735987,5
Endesa,M15,VolatilityExpansion,"ema=20,mult=2.0",-0.03377119831716591,0.5005291005291005,-0.12588826907044987,0.9515721844295416,1037,True,4,0.030810847289721055,5
Endesa,M15,VolatilityExpansion,"ema=20,mult=3.5",0.010046959593428606,0.5222929936305732,0.08807194021263866,1.086961461802641,169,True,4,0.02449705512064493,5
Endesa,M15,VolatilityExpansion,"ema=50,mult=3.5",0.027901727459499703,0.5334846765039728,0.1109396577699027,1.0478233996469046,978,True,4,0.03879686292200557,5
Equinor,H1,MeanReversion,"window=20,z=1.75",0.02181308777470925,0.4938956714761376,0.030535599026604576,1.0137587998417708,926,True,4,0.06515732903830651,5
Equinor,H1,MeanReversion,"window=50,z=2.75",-0.02460057604850152,0.536,-0.10140177512873365,0.8973710517995654,128,True,5,0.0379528007174581,5
Equinor,H1,MeanReversion,"window=100,z=2.75",0.031276807488466285,0.496,0.09839517584956112,1.1281534056681195,126,True,4,0.018965532690489173,5
Equinor,H1,TrendFollowing,"fast=5,slow=20",0.11287472360631923,0.5043298969072165,0.06201664574724914,1.0126233865039982,4999,True,4,0.21795291740485445,5
Equinor,H4,MeanReversion,"window=20,z=1.5",0.19040045409629436,0.49411764705882355,0.09535035793828306,1.0349425091907247,1372,True,4,0.2896347969607561,5
Equinor,H4,MeanReversion,"window=50,z=1.5",0.3701986836700555,0.49460188933873145,0.18870670974022577,1.0638751503585495,1499,True,4,0.27904702574952667,5
Equinor,H4,MeanReversion,"window=100,z=1.5",0.5166053213828096,0.5037037037037037,0.24100985541900427,1.087266693904566,1501,True,5,0.26999026163176154,5
Equinor,H4,MeanReversion,"window=20,z=1.75",0.08688473695306376,0.49325842696629213,0.051855372815388635,1.0240050484229803,898,True,4,0.21661619571425894,5
Equinor,H4,MeanReversion,"window=50,z=1.75",0.10374275698635749,0.4869816779170685,0.06271251566339818,1.0244531059464355,1050,True,5,0.2082276496951012,5
Equinor,H4,MeanReversion,"window=100,z=1.75",0.10230427159983102,0.4914914914914915,0.06156208248036423,1.0252373145617673,1010,True,4,0.16913472731266743,5
Equinor,H4,MeanReversion,"window=50,z=2.0",0.2729068842029053,0.501466275659824,0.19715300424406032,1.09841120356471,691,True,5,0.3330857559756779,5
Equinor,H4,MeanReversion,"window=100,z=2.0",0.1033086232005519,0.48955223880597015,0.07562236628513792,1.0378747083089506,679,True,4,0.13186587595528576,5
Equinor,H4,MeanReversion,"window=50,z=2.25",0.1310940840943512,0.51,0.12659326829444512,1.0814986353702858,402,True,5,0.24683884303316905,5
Equinor,H4,MeanReversion,"window=100,z=2.25",0.12954269895800619,0.5012165450121655,0.1171883727598169,1.075390650781776,414,True,4,0.1455039494050402,5
Equinor,H4,MeanReversion,"window=50,z=2.5",0.015615504538969094,0.5181818181818182,0.02272438387775949,1.0184178814884193,220,True,4,0.07755214386218046,5
Equinor,H4,MeanReversion,"window=20,z=2.75",0.03512668989148837,0.4098360655737705,0.09809724399672774,1.1702233138375033,61,True,4,0.02294562808183731,5
Equinor,M15,MeanReversion,"window=50,z=2.0",0.08492650108586919,0.5204778156996587,0.25659025729688734,1.1521448711018856,655,True,4,0.018418419596808677,5
Equinor,M15,MeanReversion,"window=50,z=2.5",0.07881899681972693,0.5564853556485355,0.35388088034066384,1.3527674222804424,259,True,4,0.030474439825274202,5
Equinor,M15,TrendFollowing,"fast=5,slow=20",0.0441342334886593,0.49034575662325997,0.045755741440012494,1.0105327841775367,4999,True,4,0.21641216351141612,5
Equinor,M15,TrendFollowing,"fast=8,slow=21",-0.0918091621056728,0.4921418949259093,-0.09518358030774117,0.9784391853141521,4999,True,4,0.12216631925920518,5
Equinor,M15,TrendFollowing,"fast=34,slow=89",-0.24842595945086143,0.48989672204759765,-0.2575860611631026,0.9427122337461569,4999,True,4,0.03999527669880554,5
Equinor,M15,TrendFollowing,"fast=50,slow=200",-0.3539835937875343,0.4921418949259093,-0.36708568240982664,0.919351893110465,4999,True,4,0.06947803332754232,5
Ericsson,H1,MeanReversion,"window=100,z=1.5",-0.043459270719838905,0.505851755526658,-0.0382722513455397,0.9840337697479793,1605,True,4,0.05564737402128139,5
Ericsson,H1,VolatilityExpansion,"ema=20,mult=2.0",0.12999776046784495,0.5045965270684372,0.11966598993255038,1.0721600688012851,1020,True,5,0.12699436808346698,5
Ericsson,H1,VolatilityExpansion,"ema=20,mult=2.5",0.22324825164051976,0.4982142857142857,0.28146491973751125,1.2108807831191608,580,True,4,0.07954339261742782,5
Ericsson,H4,MeanReversion,"window=20,z=1.5",-0.08802687137827792,0.512743628185907,-0.0427157933070938,0.9833720633785582,1358,True,5,0.3093099643584045,5
Ericsson,H4,MeanReversion,"window=50,z=1.5",0.21244905851147433,0.5129958960328317,0.10668261285633085,1.0401654815699253,1488,True,5,0.31079720288801693,5
Ericsson,H4,MeanReversion,"window=20,z=1.75",0.1031645974583012,0.5176738882554162,0.06089661498666379,1.0302255707765902,892,True,4,0.19784755468027326,5
Ericsson,H4,MeanReversion,"window=50,z=1.75",0.24819141930633515,0.5197505197505198,0.15476256728249393,1.0697599865925755,980,True,4,0.2813681205933539,5
Ericsson,H4,MeanReversion,"window=20,z=2.0",0.00917046783842268,0.5226860254083484,0.0070608200745974565,1.0040355913266106,560,True,4,0.07073777982718699,5
Ericsson,H4,MeanReversion,"window=50,z=2.25",0.10495784865036628,0.5335120643431636,0.10426715307963336,1.0705123153966418,379,True,4,0.09844954174266529,5
Ericsson,H4,TrendFollowing,"fast=50,slow=200",-0.49892558817786115,0.4944094328115471,-0.14132532189803246,0.971474390081716,4999,True,4,0.32607545706572816,5
Ericsson,M15,MeanReversion,"window=100,z=2.0",-0.06253287766198368,0.5286195286195287,-0.2159687951093117,0.8853542493905167,632,True,4,0.011401664594470895,5
Ericsson,M15,MeanReversion,"window=50,z=2.25",-0.04726271090682532,0.5076923076923077,-0.18168017573041687,0.8704750204616113,353,True,4,0.02738462073016157,5
Ericsson,M15,MeanReversion,"window=100,z=2.25",-0.07296221409384884,0.5197889182058048,-0.2817691609931206,0.8147190655666541,404,True,4,0.023740585853207152,5
Ericsson,M15,MeanReversion,"window=100,z=2.5",-0.03498995859347709,0.5289256198347108,-0.14828273277460233,0.8709864910595005,252,True,5,0.03871009739364839,5
Ericsson,M15,MeanReversion,"window=100,z=2.75",-0.04445628823135794,0.512987012987013,-0.2044678488236579,0.7820500899530125,158,True,4,0.03383033737406549,5
Ericsson,M15,TrendFollowing,"fast=5,slow=20",-0.18879363480766365,0.4837158469945355,-0.22238328537655574,0.9463509091637907,4999,True,4,0.061032371215542836,5
Ericsson,M15,TrendFollowing,"fast=10,slow=30",-0.16246498771368867,0.48918032786885246,-0.19136544389007007,0.9536593106584101,4999,True,4,0.03679956554885988,5
Ericsson,M15,VolatilityExpansion,"ema=50,mult=2.0",-0.026427989692352605,0.48691358024691356,-0.03944156065533338,0.9841754349481737,2185,True,4,0.06105501091692345,5
Essity,H1,TrendFollowing,"fast=5,slow=20",0.5994709927155218,0.510221465076661,0.5108315841971188,1.1031147688871306,4999,True,4,0.14037120236878087,5
Essity,H1,TrendFollowing,"fast=8,slow=21",0.46619636636174755,0.5119250425894378,0.3971820247930002,1.0792815079086122,4999,True,4,0.07983338155957331,5
Essity,H1,VolatilityExpansion,"ema=20,mult=3.0",0.004115608820122629,0.49794238683127573,0.014418703686650073,1.0116902085116848,257,True,4,0.037911782655862925,5
Essity,H4,MeanReversion,"window=100,z=2.0",-0.0032826964628551725,0.5084507042253521,-0.003414964492584788,0.9984071519173552,723,True,4,0.03562657635881061,5
Essity,H4,MeanReversion,"window=100,z=2.25",0.12711974538491122,0.5167037861915368,0.16984119109502638,1.1046115180341958,456,True,4,0.07827469519951236,5
Essity,M15,MeanReversion,"window=100,z=1.75",0.08463630758416174,0.5121212121212121,0.3027479883315497,1.1401047735059127,1133,True,4,0.023916283325532195,5
Essity,M15,MeanReversion,"window=20,z=2.0",-0.005999504100626996,0.5059288537549407,-0.02792603597605589,0.9827242176953939,567,True,4,0.013324693412609667,5
Essity,M15,MeanReversion,"window=20,z=2.25",-0.02381590406857348,0.5051546391752577,-0.126792891317487,0.8923885105177908,323,True,4,0.013605966163630967,5
Essity,M15,MeanReversion,"window=50,z=2.25",0.041885155703510146,0.5,0.27149604382333553,1.2147259522890093,368,True,5,0.02654136693093878,5
Essity,M15,MeanReversion,"window=100,z=2.5",0.004146685852269294,0.49122807017543857,0.021934227515883635,1.0301979523160978,198,True,4,0.011988451211852658,5
Essity,M15,TrendFollowing,"fast=5,slow=20",0.1267725395066691,0.5086569957884886,0.2438465123042494,1.0498613506285122,4999,True,4,0.076942668171612,5
Essity,M15,TrendFollowing,"fast=8,slow=21",0.15031630201068158,0.5093589143659335,0.2891467030795253,1.0593964380225684,4999,True,4,0.07417689556985019,5
Essity,M15,TrendFollowing,"fast=10,slow=30",0.23434957216545105,0.5121665886757136,0.4508991714674663,1.0941649800813522,4999,True,4,0.08606351649393817,5
Essity,M15,TrendFollowing,"fast=21,slow=55",0.21592895492854336,0.5133364529714554,0.4154317572498809,1.0864434023986367,4999,True,4,0.08019896870484933,5
Eurocommercial,H1,MeanReversion,"window=20,z=1.5",2.552623476056665,0.6113402061855671,2.268659030197671,2.6215490412034175,1270,True,5,0.5859258493272851,5
Eurocommercial,H1,MeanReversion,"window=50,z=1.5",1.9876695383597096,0.5658492279745686,1.7581609602809196,1.9833044147682177,1432,True,5,0.46941002888658956,5
Eurocommercial,H1,MeanReversion,"window=100,z=1.5",1.5874838267717042,0.5416666666666666,1.3523185248842426,1.6597202916925615,1523,True,4,0.3110838905279708,5
Eurocommercial,H1,MeanReversion,"window=20,z=1.75",2.0269078899339976,0.6310679611650486,2.0565572380968073,3.04644129667733,789,True,5,0.49703122647945985,5
Eurocommercial,H1,MeanReversion,"window=50,z=1.75",1.5590931525171705,0.5729166666666666,1.5668420220161736,2.0869212092711704,992,True,5,0.3227612398500408,5
Eurocommercial,H1,MeanReversion,"window=20,z=2.0",1.431764556318711,0.639686684073107,1.7628684862859252,3.3716331043219356,473,True,5,0.32851122740771155,5
Eurocommercial,H1,MeanReversion,"window=50,z=2.0",1.1252117534017874,0.587991718426501,1.3747797761337515,2.2844989123319,618,True,5,0.21210892128249492,5
Eurocommercial,H1,MeanReversion,"window=100,z=2.0",0.8666523258537292,0.5553398058252427,1.0502591804170227,1.7938261636544008,650,True,5,0.2517571678407926,5
Eurocommercial,H1,MeanReversion,"window=20,z=2.25",1.1907194749982355,0.6697674418604651,1.7076097657779414,5.479722486575183,260,True,5,0.2710927833716188,5
Eurocommercial,H1,MeanReversion,"window=50,z=2.25",0.8578957901652751,0.6192170818505338,1.2457260833596144,2.7148472555485967,357,True,4,0.17266642518000774,5
Eurocommercial,H1,MeanReversion,"window=100,z=2.25",0.5709752070116946,0.5570469798657718,0.8195826174277577,1.8152500411985073,371,True,4,0.12527425259695046,5
Eurocommercial,H1,TrendFollowing,"fast=50,slow=200",-0.5120954847256189,0.49922077922077923,-0.2492216264091107,0.9509514828248918,4999,True,4,0.13150282583726403,5
Eurocommercial,H4,MeanReversion,"window=20,z=1.5",1.0157618910338946,0.5150454863540938,0.3523166986668427,1.1400806514573105,1500,True,5,1.092728079886641,5
Eurocommercial,H4,MeanReversion,"window=50,z=1.5",1.2116163958788935,0.5110812625923439,0.4021131019731652,1.1599429727317871,1571,True,5,1.197233735891595,5
Eurocommercial,H4,MeanReversion,"window=100,z=1.5",0.823664389761839,0.5205128205128206,0.26611154217121874,1.099178252759345,1636,True,4,0.5489184040083525,5
Eurocommercial,H4,MeanReversion,"window=20,z=1.75",0.3560180470973242,0.5226781857451404,0.14076860745590847,1.0703255976390447,975,True,4,0.6063008392762211,5
Eurocommercial,H4,MeanReversion,"window=50,z=1.75",0.1330291108228231,0.499031007751938,0.05259734877160252,1.0235417793224286,1089,True,5,0.5583751422498888,5
Eurocommercial,H4,MeanReversion,"window=100,z=1.75",0.4511298049675906,0.5290909090909091,0.1679982761048302,1.0740136721951863,1151,True,4,0.46471563959691053,5
Eurocommercial,H4,MeanReversion,"window=20,z=2.0",0.22706352152165876,0.523725834797891,0.11577583170119662,1.0740212191989735,592,True,5,0.42098900098587566,5
Eurocommercial,H4,MeanReversion,"window=50,z=2.0",-0.0033622210871829816,0.5074626865671642,-0.0016778506023349834,0.9990930788571538,699,True,5,0.28092964631290285,5
Eurocommercial,H4,MeanReversion,"window=100,z=2.0",0.0705329485880134,0.5288184438040345,0.02980952535798297,1.0166074037646442,729,True,4,0.2552648521109767,5
Eurocommercial,H4,MeanReversion,"window=20,z=2.25",0.43971328579981983,0.5451612903225806,0.3159643425783476,1.2972057395399486,319,True,5,0.17391069134631854,5
Eurocommercial,H4,MeanReversion,"window=100,z=2.25",-0.02977162591343674,0.5320088300220751,-0.01405074622619445,0.9903252637689075,472,True,4,0.2905750398408158,5
Eurocommercial,H4,MeanReversion,"window=50,z=2.5",0.11251321418953575,0.5364806866952789,0.09361942451249838,1.0853552995694724,241,True,5,0.15440278301398025,5
Eurocommercial,H4,MeanReversion,"window=100,z=2.5",-0.2102279851487726,0.5410447761194029,-0.12220146967279329,0.8895325513668563,276,True,4,0.2292892758184052,5
Eurocommercial,H4,TrendFollowing,"fast=50,slow=200",0.0021880502928689483,0.49894112664125373,0.00045210823443573737,1.0000893333426004,4999,True,5,0.5681198120671795,5
Eurocommercial,M15,MeanReversion,"window=20,z=1.5",0.9416767389460875,0.6057553956834533,1.4690066101855919,2.0520123357698243,1277,True,5,0.308911858257659,5
Eurocommercial,M15,MeanReversion,"window=50,z=1.5",0.762183784570245,0.5897058823529412,1.176224785596647,1.7880674269643577,1321,True,5,0.1962108811437988,5
Eurocommercial,M15,MeanReversion,"window=100,z=1.5",0.7126935340416151,0.5698324022346368,1.133482000082256,1.7071603924900132,1418,True,4,0.12951006410076316,5
Eurocommercial,M15,MeanReversion,"window=20,z=1.75",0.9181000792309262,0.6518987341772152,1.550397571271815,2.604242196114613,836,True,5,0.3220860977591672,5
Eurocommercial,M15,MeanReversion,"window=50,z=1.75",0.7743483662241578,0.6012396694214877,1.307863207350056,2.1917449292515214,877,True,5,0.1846462287591295,5
Eurocommercial,M15,MeanReversion,"window=100,z=1.75",0.7357999774381183,0.6042884990253411,1.2796901063883537,2.079218466358674,954,True,4,0.1302192418742738,5
Eurocommercial,M15,MeanReversion,"window=20,z=2.0",0.830286066769521,0.6577380952380952,1.5053444922494514,3.1196233798078166,549,True,5,0.3249620398020091,5
Eurocommercial,M15,MeanReversion,"window=50,z=2.0",0.7327012889749231,0.6369230769230769,1.3989642624622534,2.8043859665896385,551,True,5,0.23460380736908637,5
Eurocommercial,M15,MeanReversion,"window=100,z=2.0",0.7005272557880733,0.636094674556213,1.3831475178419839,2.7559966000954237,585,True,4,0.11926077942609448,5
Eurocommercial,M15,MeanReversion,"window=20,z=2.25",0.6863737400987675,0.6962616822429907,1.4058936775596231,4.087797713459138,340,True,5,0.24653899908379306,5
Eurocommercial,M15,MeanReversion,"window=50,z=2.25",0.6475433233261275,0.6884422110552764,1.3704064349717924,3.8825722642106983,328,True,5,0.19418653228706717,5
Eurocommercial,M15,MeanReversion,"window=100,z=2.25",0.5907625958026643,0.6347826086956522,1.2921283470327802,3.1646484085056814,386,True,4,0.11032727380228846,5
Eurocommercial,M15,MeanReversion,"window=20,z=2.5",0.5479684056226792,0.6785714285714286,1.1809200078284166,4.136170261486574,213,True,5,0.2047651155661021,5
Eurocommercial,M15,MeanReversion,"window=50,z=2.5",0.5858063102761012,0.7058823529411765,1.3094854733028491,4.943835399268228,204,True,5,0.15934716571689533,5
Eurocommercial,M15,MeanReversion,"window=100,z=2.5",0.5015117391561855,0.6535947712418301,1.2161412001416134,3.878011596975232,246,True,4,0.078696609718513,5
Eurocommercial,M15,MeanReversion,"window=20,z=2.75",0.435927844540161,0.7333333333333333,1.0466137000036666,4.76236703940787,129,True,5,0.1228595376611249,5
Eurocommercial,M15,MeanReversion,"window=100,z=2.75",0.42226574248458926,0.69,1.161701797595149,4.9995091110614425,144,True,4,0.08397560320394004,5
Fabege,H1,MeanReversion,"window=20,z=1.5",0.30038566024895785,0.5158301158301158,0.3136870636017762,1.118324534887964,1372,True,4,0.305104718755391,5
Fabege,H1,MeanReversion,"window=20,z=1.75",0.27888370662012163,0.5320197044334976,0.3592193277935755,1.173973110554905,865,True,4,0.18306631115664784,5
Fabege,H1,MeanReversion,"window=20,z=2.0",0.13570906726118503,0.5162689804772235,0.21134291982273656,1.134583146597164,485,True,4,0.16764739512307658,5
Fabege,H4,MeanReversion,"window=50,z=1.5",-0.07922989535033542,0.4959946595460614,-0.037083703486331394,0.9880445755165462,1514,True,5,0.2878377269774923,5
Fabege,H4,MeanReversion,"window=100,z=1.5",-0.0024872919638413427,0.49927745664739887,-0.0011298252898018302,0.9996063201145308,1403,True,5,0.23697474644479122,5
Fabege,H4,MeanReversion,"window=100,z=1.75",0.44797894037944075,0.5107991360691144,0.25021874177854825,1.1116179854042527,936,True,5,0.33002685693081324,5
Fabege,H4,MeanReversion,"window=100,z=2.0",0.040834723133116424,0.4958263772954925,0.027682009229682183,1.0149145538663722,602,True,4,0.10765285101474531,5
Fabege,M15,MeanReversion,"window=20,z=2.25",0.2067020669027423,0.5734265734265734,0.8383608692421128,1.8222821134208202,326,True,4,0.04479431793604649,5
Fabege,M15,MeanReversion,"window=50,z=2.25",0.1950551472362161,0.5897435897435898,0.765084234124643,1.791975131344783,314,True,4,0.0720456625441448,5
Fabege,M15,MeanReversion,"window=20,z=2.5",0.12268272075073305,0.5761589403973509,0.612788792506574,1.8409556520290145,173,True,4,0.030437516727505387,5
Ferrovial,H1,MeanReversion,"window=20,z=1.5",0.28686405530342407,0.5241691842900302,0.43224138641784193,1.160314875286838,1399,True,4,0.1340511916137731,5
Ferrovial,H1,MeanReversion,"window=100,z=1.5",0.07641009256751419,0.5046787273861509,0.09366213259913635,1.032438017908888,1690,True,4,0.14136498072290238,5
Ferrovial,H1,MeanReversion,"window=20,z=1.75",0.30876698558059523,0.5365269461077844,0.5687668836788041,1.276929295672894,880,True,5,0.1529439359295638,5
Ferrovial,H1,MeanReversion,"window=100,z=1.75",-0.022166764823020157,0.5072727272727273,-0.03145907951229292,0.9869546906540279,1164,True,5,0.11911317161094437,5
Ferrovial,H1,MeanReversion,"window=20,z=2.0",0.11173645027575652,0.5212121212121212,0.2672531606999554,1.1565590156144405,516,True,4,0.0827080865610692,5
Ferrovial,H1,MeanReversion,"window=100,z=2.0",-0.10046358424373847,0.5,-0.16663890465675307,0.9107174740402797,705,True,4,0.07621752726465958,5
Ferrovial,H1,MeanReversion,"window=20,z=2.25",0.12751010407655972,0.5408805031446541,0.381552441358421,1.3062534511386927,326,True,5,0.06107531036075564,5
Ferrovial,H1,MeanReversion,"window=50,z=2.25",0.11591108740969258,0.5161290322580645,0.31326770468749204,1.2343892796063332,363,True,4,0.057372387174882356,5
Ferrovial,H1,MeanReversion,"window=100,z=2.25",0.04091138336987832,0.5142857142857142,0.08620853096716398,1.0654349230855389,403,True,4,0.07478269908150703,5
Ferrovial,H1,MeanReversion,"window=20,z=2.5",0.032524783608842034,0.49375,0.1256343100375302,1.1348806265091769,164,True,4,0.04140750814342198,5
Ferrovial,H4,MeanReversion,"window=20,z=1.5",0.09619799913134075,0.5123287671232877,0.06475624600180474,1.0221123021985983,1492,True,4,0.22320960431993153,5
Ferrovial,H4,MeanReversion,"window=50,z=1.5",-0.19805047848918356,0.5070876288659794,-0.12277666212966162,0.9595326655118881,1604,True,4,0.11568292972321792,5
Ferrovial,H4,MeanReversion,"window=20,z=1.75",0.12425721425743252,0.519650655021834,0.10453387341649135,1.0457274547159408,930,True,4,0.21648704496857019,5
Ferrovial,H4,MeanReversion,"window=20,z=2.0",0.2005684269836483,0.5402750491159135,0.23040897705142166,1.1396593550548597,517,True,4,0.2447497788502726,5
Ferrovial,H4,MeanReversion,"window=20,z=2.25",0.128188104934299,0.5687022900763359,0.2378400221801539,1.1841794275960005,265,True,4,0.06966307937648564,5
Ferrovial,H4,TrendFollowing,"fast=21,slow=55",-0.6682475208663956,0.5018480492813142,-0.2344017937189049,0.9570014344000367,4999,True,4,0.22568988604904705,5
Ferrovial,H4,TrendFollowing,"fast=50,slow=200",-0.3958730156336874,0.5069815195071868,-0.13885091315577341,0.9743022553753585,4999,True,4,0.35906200756145723,5
Fugro,H1,MeanReversion,"window=20,z=2.0",-0.06118442863277185,0.5104166666666666,-0.09941356321218098,0.9461944041327006,530,True,4,0.06508399236857199,5
Fugro,H1,MeanReversion,"window=20,z=2.25",-0.03660260092396439,0.5263157894736842,-0.07608936161430284,0.9452658940568355,288,True,4,0.060304546919895285,5
Fugro,H1,TrendFollowing,"fast=5,slow=20",0.3633577090879061,0.5026595744680851,0.15461520466627973,1.0357593263020595,4999,True,5,0.38501502074083505,5
Fugro,H1,TrendFollowing,"fast=8,slow=21",0.6997075856476216,0.5086436170212766,0.29777635493785426,1.0700195884409194,4999,True,5,0.5578396532942894,5
Fugro,H1,TrendFollowing,"fast=10,slow=30",0.1874668108857731,0.5042109929078015,0.07976770433626398,1.0182909677682197,4999,True,5,0.47665815405691025,5
Fugro,H1,TrendFollowing,"fast=13,slow=34",0.3509343003836547,0.5106382978723404,0.14932834588577604,1.0345155944703228,4999,True,5,0.4790275425603331,5
Fugro,H1,TrendFollowing,"fast=21,slow=55",0.38506184481395533,0.5070921985815603,0.1638516590264986,1.0379358227051936,4999,True,4,0.28832227035462654,5
Fugro,H4,MeanReversion,"window=50,z=1.5",-0.6514504874493758,0.4927055702917772,-0.17711784742639933,0.9318885409932771,1580,True,4,0.4316880034114091,5
Fugro,H4,MeanReversion,"window=100,z=1.5",-0.04979148882952911,0.5023664638269101,-0.013936576933628752,0.9945211980741983,1547,True,4,0.5675586738303513,5
Fugro,H4,MeanReversion,"window=50,z=1.75",-0.8146754543910908,0.49852507374631266,-0.25967272914739825,0.8824003051463882,1059,True,4,0.5146658948559024,5
Fugro,H4,MeanReversion,"window=100,z=1.75",-0.07746198194907161,0.5068205666316894,-0.025028984945529135,0.9878217839174701,994,True,5,0.5804010770769658,5
Fugro,H4,MeanReversion,"window=100,z=2.0",-0.07174012808211638,0.5058626465661642,-0.026187632793332763,0.9835518202989512,621,True,5,0.38468553190515686,5
Fugro,H4,MeanReversion,"window=50,z=2.25",-0.3234422880199894,0.468384074941452,-0.16390711916450673,0.8921275255547229,438,True,4,0.1910349605484909,5
Fugro,H4,MeanReversion,"window=100,z=2.25",-0.08144675975645799,0.5,-0.03432213781209122,0.9731145043277935,400,True,5,0.3555160820428356,5
Fugro,H4,MeanReversion,"window=100,z=2.5",-0.3746773474956646,0.47257383966244726,-0.173135081941148,0.8352748113011467,240,True,4,0.25721239020770514,5
Fugro,M15,MeanReversion,"window=20,z=1.5",0.22772647109998512,0.5533890436397401,0.27014148908016405,1.1443869820737025,1326,True,4,0.16415138080821423,5
Fugro,M15,MeanReversion,"window=50,z=1.5",0.12387310835137333,0.5403225806451613,0.12245597481669797,1.072525555287431,1402,True,5,0.11698868334450596,5
Fugro,M15,MeanReversion,"window=100,z=1.5",0.27479781280519866,0.5431893687707641,0.32391652648679947,1.1612763999985298,1487,True,5,0.1300078342498039,5
Fugro,M15,MeanReversion,"window=20,z=1.75",0.35516463942953536,0.55359565807327,0.6696791320319951,1.3703234603872108,887,True,4,0.1528333152889334,5
Fugro,M15,MeanReversion,"window=100,z=1.75",0.14522538778552796,0.537712895377129,0.1839183675076775,1.1144536653184067,1001,True,5,0.07550661702738115,5
Fugro,M15,MeanReversion,"window=20,z=2.0",0.08886422372512992,0.5251641137855579,0.21217556864282772,1.1305871479861231,541,True,4,0.07393760588178655,5
Fugro,M15,MeanReversion,"window=50,z=2.0",0.08849287519951587,0.5429141716566867,0.1251749245699123,1.1081183468999987,619,True,4,0.0875352779450077,5
Fugro,M15,MeanReversion,"window=100,z=2.0",0.22217641039638258,0.5571955719557196,0.302128395478767,1.2624342860718987,641,True,4,0.0999512263628708,5
Fugro,M15,MeanReversion,"window=20,z=2.25",0.14180427525632255,0.5592592592592592,0.41142679397978116,1.3830581943487539,324,True,4,0.09638115929857527,5
Fugro,M15,MeanReversion,"window=50,z=2.25",0.23779990734901446,0.5935251798561151,0.6194588257837347,1.6736371089900037,339,True,4,0.05664355835470125,5
Fugro,M15,MeanReversion,"window=100,z=2.25",0.14770513521978146,0.5576923076923077,0.2131461404533425,1.2397012703520283,422,True,4,0.0727094299504848,5
Fugro,M15,MeanReversion,"window=20,z=2.5",0.06806871659308666,0.5163398692810458,0.2471024197203185,1.3029702056360446,176,True,5,0.048919682834459355,5
Fugro,M15,MeanReversion,"window=50,z=2.5",0.19613244895887905,0.6134969325153374,0.5871271411738378,1.9558387936046278,199,True,4,0.0806545271357404,5
Fugro,M15,MeanReversion,"window=100,z=2.5",0.23035874042750193,0.5613207547169812,0.5848149456479326,1.7648877075115972,245,True,5,0.06567632648174693,5
Fugro,M15,MeanReversion,"window=20,z=2.75",0.10988388517444392,0.5697674418604651,0.4513871833616707,1.9623051403058138,99,True,4,0.03393229827580502,5
Fugro,M15,MeanReversion,"window=100,z=2.75",0.17701296941473876,0.624,0.5321791547805709,1.9789236755811455,135,True,5,0.0740764354514939,5
Getinge,H1,MeanReversion,"window=100,z=3.0",-0.04172041020517758,0.5175438596491229,-0.10189635217009807,0.8842775077380504,115,True,5,0.035579807690987786,5
Getinge,H1,TrendFollowing,"fast=10,slow=30",-0.34397174058034363,0.49088241458813664,-0.16665907759807747,0.9637322403366901,4999,True,4,0.05313194291305223,5
Getinge,H1,TrendFollowing,"fast=21,slow=55",-0.4711336784091268,0.4875288199538881,-0.2282818231709932,0.9506553150530807,4999,True,4,0.08073008736052845,5
Getinge,H4,MeanReversion,"window=20,z=1.5",-0.22200778402007693,0.4881450488145049,-0.10316355484566493,0.9645503118585481,1459,True,4,0.03777704261479531,5
Getinge,H4,MeanReversion,"window=20,z=2.5",0.004877836493345167,0.4797297297297297,0.0062692316966791095,1.0066021860607492,148,True,4,0.044468162879774065,5
Getinge,H4,MeanReversion,"window=50,z=2.5",-0.2721549994225618,0.5162790697674419,-0.20205249608378034,0.8252573146912761,217,True,4,0.08126370761244428,5
Getinge,H4,MeanReversion,"window=50,z=2.75",-0.07246014598882944,0.536,-0.07635346161837482,0.9179487743787889,126,True,4,0.06873961242552096,5
Getinge,H4,MeanReversion,"window=100,z=2.75",-0.2591394090765037,0.47435897435897434,-0.19770328521060987,0.7983845268002759,159,True,5,0.0689518825558969,5
Getinge,M15,MeanReversion,"window=20,z=2.0",0.038029635067995615,0.5282651072124757,0.11857480255524282,1.072790296556202,546,True,4,0.02676848681710231,5
Getinge,M15,TrendFollowing,"fast=10,slow=30",0.0617791820525303,0.4967481498093743,0.06889597464419123,1.0153519516930027,4999,True,4,0.05508463313403267,5
Getinge,M15,TrendFollowing,"fast=13,slow=34",0.037279093311563316,0.49495402556627044,0.04157329375484876,1.0092356348519735,4999,True,5,0.08150951923306238,5
Getinge,M15,TrendFollowing,"fast=21,slow=55",0.177270340089969,0.5010091948867459,0.19770486970745818,1.0446924972583707,4999,True,4,0.11313625281203521,5
Gjensidige,H1,MeanReversion,"window=100,z=2.5",0.0364020518644812,0.5365853658536586,0.09084668525970546,1.0786958872748862,271,True,4,0.01762718600746105,5
Gjensidige,H1,TrendFollowing,"fast=5,slow=20",0.21121950379378363,0.5067174205105239,0.1437802720776667,1.032373797914365,4999,True,4,0.198463324033181,5
Gjensidige,H1,TrendFollowing,"fast=8,slow=21",0.36843136457519354,0.5040304523063144,0.2508177537766229,1.0571584420807714,4999,True,5,0.19049952121207014,5
Gjensidige,H1,TrendFollowing,"fast=10,slow=30",0.32120923478079555,0.5011195700850873,0.21866370108435634,1.0496505299264232,4999,True,4,0.2027735871521672,5
Gjensidige,H1,TrendFollowing,"fast=21,slow=55",0.35991713193249963,0.49686520376175547,0.24502010518689396,1.05580069051259,4999,True,4,0.1606881072819153,5
Gjensidige,H1,TrendFollowing,"fast=34,slow=89",0.18966734206971103,0.4982086878638603,0.12910836780448184,1.0290225438987868,4999,True,4,0.15549566055079644,5
Gjensidige,H1,TrendFollowing,"fast=50,slow=200",0.05009807939300481,0.5015673981191222,0.034101190869733365,1.0075849207561836,4999,True,4,0.2315932618533596,5
Gjensidige,H1,VolatilityExpansion,"ema=50,mult=1.5",0.013297064165297856,0.497638939338903,0.011468354901732283,1.0031779422036264,3100,True,4,0.10887396026040896,5
Gjensidige,H1,VolatilityExpansion,"ema=50,mult=2.0",0.08858919245853125,0.4986888111888112,0.0814929215159929,1.0254594103277812,2575,True,5,0.13465331157079585,5
Gjensidige,H4,MeanReversion,"window=20,z=1.5",0.6469224543420964,0.5096227867590454,0.4807472664592674,1.1960021229566435,1364,True,4,0.16679192560872902,5
Gjensidige,H4,MeanReversion,"window=50,z=1.5",0.387151921196647,0.503216583273767,0.24653438862751442,1.1000954007917438,1472,True,4,0.2383020859130811,5
Gjensidige,H4,MeanReversion,"window=100,z=1.5",0.3602554273449793,0.5047272727272727,0.24281041169296527,1.0967659518487045,1454,True,4,0.21861268876220008,5
Gjensidige,H4,MeanReversion,"window=20,z=1.75",0.6472706530630112,0.5146198830409356,0.5596020049610343,1.2941084253685906,898,True,4,0.1972647786591708,5
Gjensidige,H4,MeanReversion,"window=50,z=1.75",0.5597569792803561,0.5037837837837837,0.4281865130804001,1.2216943151353545,974,True,4,0.18108508560555236,5
Gjensidige,H4,MeanReversion,"window=20,z=2.0",0.6345694865958238,0.5355086372360844,0.6844932978165219,1.5091153219162372,550,True,4,0.19457453671587255,5
Gjensidige,H4,MeanReversion,"window=50,z=2.0",0.6784227307290803,0.5132450331125827,0.6396662168852086,1.4289518684513065,631,True,4,0.2307533587691225,5
Gjensidige,H4,MeanReversion,"window=20,z=2.25",0.42016776322716665,0.5413793103448276,0.5971012804541521,1.610595045482306,302,True,4,0.0944929903207462,5
Gjensidige,H4,MeanReversion,"window=50,z=2.25",0.3875510084193623,0.515625,0.47323631844219965,1.365006193538418,400,True,4,0.10272548190795028,5
Gjensidige,H4,MeanReversion,"window=20,z=2.5",0.12377144527037909,0.5576923076923077,0.2444806695596502,1.292446885527277,157,True,4,0.012256026024773492,5
Gjensidige,H4,MeanReversion,"window=50,z=2.75",0.34660394358511126,0.6015037593984962,0.729403022675229,2.277637877494126,135,True,4,0.05325550459648176,5
Gjensidige,H4,TrendFollowing,"fast=5,slow=20",-0.36577137193328413,0.5069767441860465,-0.14500129379809448,0.9709174767670655,4999,True,4,0.10597707777663556,5
Gjensidige,H4,TrendFollowing,"fast=50,slow=200",-0.48232645438440824,0.5033826638477801,-0.19121265767273252,0.9618270491955772,4999,True,4,0.010193138879102559,5
Gjensidige,M15,MeanReversion,"window=20,z=1.75",0.2122928523868628,0.5527369826435247,0.5540814212264088,1.3307631322541305,912,True,4,0.061865027049196164,5
Gjensidige,M15,MeanReversion,"window=20,z=2.75",0.025737819312866228,0.5585585585585585,0.18131254948828288,1.2125977585299288,117,True,4,0.013210687717159386,5
Gjensidige,M15,TrendFollowing,"fast=5,slow=20",-0.10113968962212472,0.49522334107926674,-0.13008368956022198,0.9704637393811042,4999,True,5,0.0670385317335277,5
Gjensidige,M15,TrendFollowing,"fast=8,slow=21",-0.11976829631656616,0.49315775884327395,-0.1540454832504194,0.9651184281008155,4999,True,5,0.03497584680332977,5
Gjensidige,M15,TrendFollowing,"fast=13,slow=34",0.08396855135094328,0.5009036922282468,0.10799741457378548,1.0252029077919917,4999,True,4,0.08807567301716579,5
Gjensidige,M15,TrendFollowing,"fast=21,slow=55",0.24402652264618319,0.5003872966692486,0.3139124857926308,1.0750464766304366,4999,True,4,0.06474628912584313,5
Gjensidige,M15,TrendFollowing,"fast=34,slow=89",0.16695966064001666,0.4990963077717532,0.21475235929143993,1.050744449524938,4999,True,4,0.03288060956482297,5
Gjensidige,M15,TrendFollowing,"fast=50,slow=200",0.18365485823961525,0.495997934417764,0.23623114694894332,1.0559606389720728,4999,True,4,0.04430053114846044,5
Gjensidige,M15,VolatilityExpansion,"ema=50,mult=1.5",-0.03587280003869997,0.4900990099009901,-0.05221004340659921,0.9839559084887213,3076,True,5,0.0994373063220837,5
Gjensidige,M15,VolatilityExpansion,"ema=50,mult=2.5",0.010852797203821707,0.4902769593400118,0.021533635032932857,1.0069377000428847,2132,True,5,0.09262232672171222,5
Gjensidige,M15,VolatilityExpansion,"ema=50,mult=3.0",-0.0015648413068907185,0.4817465998568361,-0.0033385715588948005,0.9988069148389155,1738,True,4,0.06666723233793148,5
Grifols,H1,TrendFollowing,"fast=5,slow=20",1.0236144046597504,0.5117574257425742,0.2670702258052414,1.0723355373394254,4999,True,4,0.7752486701222029,5
Grifols,H1,TrendFollowing,"fast=8,slow=21",1.2282601286629244,0.5181518151815182,0.3204840927145576,1.0874293791358765,4999,True,4,0.8603816229401876,5
Grifols,H1,TrendFollowing,"fast=10,slow=30",1.218024436532016,0.5136138613861386,0.3178122669061025,1.086669214138964,4999,True,4,0.7780076891321183,5
Grifols,H1,TrendFollowing,"fast=13,slow=34",0.8492935104882778,0.5125825082508251,0.22157856026680003,1.0596494388053386,4999,True,4,0.5244475508433245,5
Grifols,H1,TrendFollowing,"fast=21,slow=55",1.1185676902727022,0.5123762376237624,0.29185241392416567,1.0793116729779104,4999,True,4,0.6383649390385769,5
Grifols,H1,TrendFollowing,"fast=34,slow=89",-0.33859959925531113,0.503506600660066,-0.08833255327260858,0.9771710502963544,4999,True,5,0.6179303519753597,5
Grifols,H1,VolatilityExpansion,"ema=20,mult=1.5",0.5952124349534126,0.510446075663467,0.19802619542587133,1.0998998681828838,1821,True,4,0.5059850448981801,5
Grifols,H1,VolatilityExpansion,"ema=50,mult=1.5",0.9074484163487091,0.5117433013562686,0.26534911479920814,1.0975883273198446,3114,True,4,0.4840553721475125,5
Grifols,H1,VolatilityExpansion,"ema=20,mult=2.0",-0.0494276222822122,0.500945179584121,-0.019876243729887725,0.9882934566555306,1086,True,4,0.23684259341649228,5
Grifols,H1,VolatilityExpansion,"ema=50,mult=2.0",0.6143835641294528,0.5094572368421053,0.18759683715042844,1.0778809827353315,2501,True,4,0.35485127327881316,5
Grifols,H1,VolatilityExpansion,"ema=50,mult=2.5",0.10665288996379418,0.5010570824524313,0.034055940269560124,1.0160062455270336,1943,True,4,0.07618681591045495,5
Grifols,H4,TrendFollowing,"fast=10,slow=30",0.788215146969865,0.5106729009961374,0.14970796337232173,1.032854788301267,4999,True,4,0.44198603253496116,5
Grifols,H4,VolatilityExpansion,"ema=50,mult=2.0",0.3969171899092112,0.5088888888888888,0.10914645852743343,1.0350767838396262,2285,True,4,0.35843625384631483,5
Grifols,M15,MeanReversion,"window=50,z=1.5",0.1170601360634852,0.5154394299287411,0.18121895920081238,1.0816146843654486,1381,True,4,0.025333578734876183,5
Grifols,M15,TrendFollowing,"fast=21,slow=55",0.0931498136139175,0.49988940499889406,0.09239201468205012,1.0196711697658236,4999,True,4,0.0697267517812119,5
Grifols,M15,TrendFollowing,"fast=34,slow=89",0.15669765920151657,0.5047555850475558,0.1554276994151483,1.0333146011620502,4999,True,4,0.0504334104687989,5
Grifols,M15,VolatilityExpansion,"ema=50,mult=2.0",-0.014550615338979167,0.4990403071017274,-0.01876174413280997,0.9939362095564463,2280,True,4,0.07326061612050672,5
Grifols,M15,VolatilityExpansion,"ema=50,mult=2.5",-0.055650850049586476,0.4879372738238842,-0.0923890081103464,0.9713058732363887,1799,True,4,0.06211307226060847,5
H&M,H1,MeanReversion,"window=50,z=1.5",-0.22322073595517045,0.4892367906066536,-0.22536040611634348,0.9246888099527232,1593,True,4,0.09133674064879549,5
H&M,H1,MeanReversion,"window=50,z=2.75",0.07597281833100489,0.5619047619047619,0.2895098477672,1.406596571893896,109,True,4,0.026443772830979317,5
H&M,H4,MeanReversion,"window=100,z=1.5",-0.4036671212075025,0.5069348127600555,-0.17866742846147138,0.9358961043989995,1449,True,4,0.2302974755724999,5
H&M,H4,MeanReversion,"window=100,z=1.75",-0.616836432233384,0.5015290519877675,-0.3128996817472061,0.8661755943131694,986,True,4,0.09750614271051072,5
H&M,H4,MeanReversion,"window=100,z=2.25",-0.43443837174572264,0.49783549783549785,-0.32230977673759675,0.8123818876243404,464,True,4,0.02873903989001969,5
H&M,H4,MeanReversion,"window=20,z=2.5",0.06148902191421968,0.5038167938931297,0.09610404172003068,1.1092743849689801,132,True,4,0.07925013061512431,5
H&M,M15,MeanReversion,"window=50,z=2.25",-0.14798763225775724,0.4509283819628647,-0.5453597801327574,0.695493153147159,404,True,4,0.016324896724916216,5
H&M,M15,TrendFollowing,"fast=5,slow=20",0.2911691167271093,0.5229821860567407,0.32641758644621816,1.0779732966514504,4999,True,4,0.24380444701448567,5
H&M,M15,TrendFollowing,"fast=8,slow=21",0.5134090967464178,0.5315592698482516,0.5758184382739499,1.1417045319685457,4999,True,4,0.23754420693743772,5
H&M,M15,TrendFollowing,"fast=10,slow=30",0.463487759723457,0.5295799428194414,0.5197654558170384,1.1270505985349095,4999,True,4,0.15866260486737638,5
H&M,M15,TrendFollowing,"fast=13,slow=34",0.519377102319539,0.5251814383109743,0.5825208698661661,1.1434699062505675,4999,True,4,0.1380209228823256,5
H&M,M15,TrendFollowing,"fast=21,slow=55",0.6966677945902353,0.5210028590279305,0.78178672378558,1.197274362159655,4999,True,5,0.19128293559335485,5
H&M,M15,VolatilityExpansion,"ema=50,mult=1.5",0.49899323124637673,0.5320533680442564,0.8160433847322608,1.2090307616842761,3380,True,4,0.11539117898858497,5
H&M,M15,VolatilityExpansion,"ema=20,mult=2.0",0.2394127032727924,0.5271828665568369,0.5566268548161301,1.2326337453836598,1316,True,4,0.048731074212615466,5
H&M,M15,VolatilityExpansion,"ema=50,mult=2.0",0.4214382983019793,0.5330278732340588,0.7304754254105222,1.2036244881596436,2877,True,4,0.06275556327547005,5
H&M,M15,VolatilityExpansion,"ema=50,mult=3.0",0.3759680118059965,0.537559936068194,0.7252237240652356,1.2465238642808127,2067,True,4,0.08403253397543686,5
Heineken,H1,VolatilityExpansion,"ema=20,mult=2.0",0.3131511412197374,0.5184834123222749,0.5181056826665019,1.2303579061808718,1097,True,4,0.16833414288248782,5
Heineken,H1,VolatilityExpansion,"ema=50,mult=2.0",0.2092331200904357,0.5075659316904453,0.23279895729373895,1.068047196391462,2414,True,4,0.061736241465145336,5
Heineken,H4,MeanReversion,"window=20,z=1.5",-0.010747254037486331,0.4989106753812636,-0.007077497965312162,0.9972719409083095,1408,True,5,0.26296325766011786,5
Heineken,H4,MeanReversion,"window=20,z=1.75",-0.05167356344250362,0.4813979706877114,-0.044949519442413925,0.9799416086699615,906,True,4,0.12854727963967527,5
Heineken,H4,MeanReversion,"window=50,z=1.75",0.027847852391259642,0.48767967145790553,0.02093663535283431,1.0096855299509675,995,True,4,0.12211955242444328,5
Heineken,H4,MeanReversion,"window=20,z=2.25",-0.056596893333052956,0.46357615894039733,-0.08982358445463316,0.9392795764403102,305,True,4,0.08012259117128984,5
Heineken,M15,MeanReversion,"window=100,z=2.0",0.006655773420534694,0.5157728706624606,0.022296197903218115,1.0122504245134971,676,True,4,0.026993544724789764,5
Heineken,M15,TrendFollowing,"fast=10,slow=30",0.208374905832033,0.49758666081614744,0.30954725907778147,1.0637059151568833,4999,True,4,0.08028100121583237,5
Heineken,M15,TrendFollowing,"fast=34,slow=89",0.1719444964797212,0.508117595436595,0.25541328065159075,1.0522770165613502,4999,True,4,0.032826995510813584,5
Heineken,M15,VolatilityExpansion,"ema=20,mult=1.5",0.1060321282111929,0.49060272197018795,0.24318309933929966,1.0872066377036522,1661,True,4,0.054962821120119076,5
Hexagon,H1,MeanReversion,"window=20,z=1.75",-0.022296522729959523,0.516497461928934,-0.03387072179076112,0.9849278096673343,833,True,4,0.011620677488641817,5
Hexagon,H1,TrendFollowing,"fast=50,slow=200",-0.029557083756211355,0.502729945401092,-0.015289275405152463,0.9966698889025809,4999,True,4,0.3580674987290393,5
Hexagon,H1,VolatilityExpansion,"ema=20,mult=2.0",0.17970691127198402,0.4945273631840796,0.2183458653230621,1.0935854765647013,1057,True,4,0.13490564653454307,5
Hexagon,H1,VolatilityExpansion,"ema=50,mult=2.5",-0.059301035458312,0.48313321898227557,-0.04708980906772916,0.9830676113082476,1833,True,4,0.09848610830381299,5
Hexagon,H4,MeanReversion,"window=100,z=1.5",0.2342206470002971,0.5185659411011524,0.10835719303281179,1.0384027075762121,1597,True,4,0.283157986274173,5
Hexagon,H4,MeanReversion,"window=100,z=1.75",0.11097790265357166,0.5103383458646616,0.06652257471023908,1.026902874344833,1088,True,4,0.10977429406012318,5
Hexagon,H4,MeanReversion,"window=50,z=2.0",0.34093181995153965,0.5158959537572254,0.27361538420202286,1.1371020893413806,702,True,4,0.10115704773378298,5
Hexagon,H4,MeanReversion,"window=20,z=2.25",-0.003554367066342712,0.4967741935483871,-0.004574245000075338,0.996934404956026,316,True,4,0.13952957234904861,5
Hexagon,H4,MeanReversion,"window=50,z=2.5",0.043696685961130854,0.4831932773109244,0.060964488967501194,1.0492666245256717,242,True,4,0.0851683796460404,5
Hexagon,H4,MeanReversion,"window=50,z=2.75",0.10027387331777271,0.47761194029850745,0.18669589461109865,1.2120171005519875,134,True,4,0.07562203655425259,5
Hexagon,M15,MeanReversion,"window=100,z=1.5",-0.1196813376045267,0.49405646359583955,-0.26249240681596603,0.9104681519568578,1475,True,4,0.010441609818729769,5
Hexagon,M15,MeanReversion,"window=100,z=1.75",-0.13627703984142703,0.4883966244725738,-0.34527805316117666,0.8630940630050679,1033,True,4,0.014830959059921822,5
Hexagon,M15,MeanReversion,"window=100,z=2.0",-0.07969410883276429,0.4968152866242038,-0.251969455493203,0.8827484468105586,686,True,4,0.024944337060061827,5
Hexagon,M15,TrendFollowing,"fast=13,slow=34",0.12846195963295293,0.49701129067965466,0.15411206968321894,1.0329023800685584,4999,True,4,0.06340415648885211,5
Hexagon,M15,TrendFollowing,"fast=21,slow=55",0.03897223627842161,0.49833960593314147,0.04675185551523469,1.0098686843472153,4999,True,4,0.060682223631578935,5
Hexagon,M15,VolatilityExpansion,"ema=50,mult=1.5",0.10799045719140121,0.49551569506726456,0.16968535508540877,1.0456728721666118,2938,True,4,0.04567520528722657,5
Holmen,H1,MeanReversion,"window=50,z=1.5",0.34463871568954296,0.5282012195121951,0.447533431393814,1.1765226347127749,1397,True,4,0.15204605465254994,5
Holmen,H1,MeanReversion,"window=100,z=1.5",0.43147929944429675,0.5230885692657078,0.530428445271907,1.2137109976856464,1403,True,4,0.13966168279291336,5
Holmen,H1,MeanReversion,"window=50,z=1.75",0.26139589542190833,0.5229050279329609,0.3949989168592007,1.1941698043186317,951,True,4,0.08883855940840668,5
Holmen,H1,MeanReversion,"window=100,z=1.75",0.42584733605611824,0.5469107551487414,0.640828153982208,1.3334690046678526,915,True,5,0.1036940881422711,5
Holmen,H1,MeanReversion,"window=50,z=2.0",0.3322557151673132,0.5462794918330308,0.6207187176651299,1.437814657697456,587,True,4,0.08297310693761495,5
Holmen,H1,MeanReversion,"window=100,z=2.0",0.22626110393815446,0.5345132743362832,0.4550473103266215,1.2681656083413433,593,True,4,0.07441405680896163,5
Holmen,H1,MeanReversion,"window=20,z=2.25",0.10744833724232827,0.5238095238095238,0.2958287342873659,1.27196418269882,282,True,4,0.10815719905650778,5
Holmen,H1,MeanReversion,"window=20,z=2.5",0.12015154454013854,0.524822695035461,0.38856337195868895,1.587301755735764,147,True,4,0.08228228133620952,5
Holmen,H1,MeanReversion,"window=100,z=2.5",0.07442612570329277,0.5222672064777328,0.22695961501212822,1.205410796054918,261,True,4,0.039514846638846746,5
Holmen,H4,MeanReversion,"window=20,z=1.5",1.0680616759081563,0.5290697674418605,0.6379923201366436,1.247343979199844,1413,True,5,0.6178331601835844,5
Holmen,H4,MeanReversion,"window=100,z=1.5",0.4831937491833669,0.5147247119078106,0.2852183216207449,1.0971149594138199,1603,True,4,0.32033889144023464,5
Holmen,H4,MeanReversion,"window=20,z=1.75",0.5084606276273551,0.5134831460674157,0.37886904944326744,1.178506732008393,915,True,5,0.3670883727811115,5
Holmen,H4,MeanReversion,"window=50,z=1.75",0.714975584915877,0.5301085883514314,0.5277579580288,1.234347546885305,1038,True,4,0.19454337032798552,5
Holmen,H4,MeanReversion,"window=100,z=1.75",0.524414575900884,0.5218945487042002,0.3611422955448568,1.149817492194286,1146,True,4,0.31338355543764895,5
Holmen,H4,MeanReversion,"window=20,z=2.0",0.2987763166097873,0.5058365758754864,0.2758396689170857,1.1766969046150948,529,True,5,0.23710054043048157,5
Holmen,H4,MeanReversion,"window=100,z=2.0",0.15837975089475698,0.5132867132867133,0.1331921652885926,1.0676403969061345,735,True,4,0.1939945674469683,5
Holmen,H4,MeanReversion,"window=20,z=2.25",0.12218071848020973,0.5179856115107914,0.15407699650702256,1.131300324608007,289,True,4,0.18523454903971626,5
Holmen,H4,MeanReversion,"window=20,z=2.5",0.21756766387887205,0.5,0.4238984217753595,1.5377819729773765,152,True,4,0.13086095377128837,5
Holmen,H4,MeanReversion,"window=20,z=2.75",0.14079160156211024,0.5072463768115942,0.4097609930943094,1.8356580320027283,69,True,4,0.05523677537790539,5
Holmen,H4,MeanReversion,"window=50,z=2.75",0.11704992400688863,0.5339805825242718,0.2530325260982511,1.3784546764607861,103,True,4,0.04545875594310611,5
Holmen,M15,MeanReversion,"window=20,z=1.5",0.23759271092653278,0.5361596009975063,0.5943507473312759,1.242279577914037,1385,True,4,0.0772718614869401,5
Holmen,M15,MeanReversion,"window=20,z=2.0",0.13931370190545334,0.55,0.5290253043661093,1.3346301848552455,575,True,4,0.048464770074093666,5
Holmen,M15,MeanReversion,"window=20,z=2.25",0.13833566861140378,0.5770609318996416,0.6486073236376313,1.6267677870232022,320,True,4,0.04743047828007885,5
Holmen,M15,MeanReversion,"window=20,z=2.5",0.09827207432432683,0.5974025974025974,0.5933143001132762,1.8147029556060323,165,True,5,0.03908576038520417,5
Hufvudstaden,H1,MeanReversion,"window=20,z=1.5",0.9033739320464865,0.5561139028475712,1.039179506526852,1.4840675626884838,1319,True,5,0.3397819396399875,5
Hufvudstaden,H1,MeanReversion,"window=50,z=1.5",0.6906572882992769,0.5403535741737125,0.7450748301089958,1.310160750043372,1444,True,5,0.24191573295435365,5
Hufvudstaden,H1,MeanReversion,"window=100,z=1.5",0.7857318591058918,0.5408906882591094,0.8372830624909597,1.3731149021736395,1379,True,4,0.1758143041254021,5
Hufvudstaden,H1,MeanReversion,"window=20,z=1.75",0.7908028375470195,0.5606860158311345,1.0937178496809954,1.6822501354874255,836,True,5,0.22636550199042105,5
Hufvudstaden,H1,MeanReversion,"window=50,z=1.75",0.5431272659609818,0.5490196078431373,0.7511438883143842,1.378864900538315,952,True,5,0.19562205913010755,5
Hufvudstaden,H1,MeanReversion,"window=20,z=2.0",0.5370791860792353,0.5582959641255605,0.9137526317022063,1.7253270421454194,494,True,4,0.15110338571189275,5
Hufvudstaden,H1,MeanReversion,"window=50,z=2.0",0.38014545262241284,0.5349264705882353,0.6389580651576248,1.4110103677204253,593,True,5,0.13758368968448975,5
Hufvudstaden,H1,MeanReversion,"window=100,z=2.0",0.42920310667277495,0.551094890510949,0.6434939170415408,1.4222395171117175,596,True,4,0.11641136763180815,5
Hufvudstaden,H1,MeanReversion,"window=20,z=2.25",0.41101282427251107,0.5933609958506224,0.9242875907562959,2.0814468496466443,263,True,5,0.13222478719544006,5
Hufvudstaden,H1,MeanReversion,"window=50,z=2.25",0.3861577608837419,0.5626911314984709,0.7653295125374325,1.7162657789430011,348,True,4,0.1582364512955482,5
Hufvudstaden,H1,MeanReversion,"window=20,z=2.5",0.29035157872807715,0.625,0.8542843311903378,2.6154345335422877,137,True,5,0.07481468857963691,5
Hufvudstaden,H4,MeanReversion,"window=20,z=1.5",0.3738353970210023,0.5087336244541485,0.20248754559235743,1.0736701158429436,1425,True,4,0.18909678375349692,5
Hufvudstaden,H4,MeanReversion,"window=50,z=1.5",0.5401077438650541,0.5267919276270007,0.2705834302493211,1.0994821894587676,1491,True,4,0.24259431852499103,5
Hufvudstaden,H4,MeanReversion,"window=100,z=1.5",0.5717274896183857,0.5104942450914015,0.2830716302916085,1.1042502437141366,1537,True,5,0.34885859179622325,5
Hufvudstaden,H4,MeanReversion,"window=20,z=1.75",0.7388368524814599,0.5432525951557093,0.5327886111098282,1.2519422503999391,895,True,4,0.32034147566003035,5
Hufvudstaden,H4,MeanReversion,"window=50,z=1.75",0.30691467170445785,0.525987525987526,0.17594095658040063,1.0800946862276288,1000,True,4,0.09117749382690388,5
Hufvudstaden,H4,MeanReversion,"window=100,z=1.75",0.46648746925948936,0.5221987315010571,0.26748885930632466,1.1271814366223034,982,True,5,0.1453057466669797,5
Hufvudstaden,H4,MeanReversion,"window=20,z=2.0",0.8181518717531532,0.5674603174603174,0.7973505337222654,1.5438953514685063,518,True,5,0.27275091151642417,5
Hufvudstaden,H4,MeanReversion,"window=50,z=2.0",0.1866851737066787,0.5329949238578681,0.12360640944511044,1.0735852309858358,612,True,4,0.09222401189298801,5
Hufvudstaden,H4,MeanReversion,"window=100,z=2.0",0.21392553453114993,0.523102310231023,0.13998683138520637,1.0844265499747914,627,True,4,0.07704769293404334,5
Hufvudstaden,H4,MeanReversion,"window=20,z=2.25",0.26684584994657223,0.5492424242424242,0.34210264557365777,1.3023455072395427,272,True,4,0.1345868730587988,5
Hufvudstaden,M15,MeanReversion,"window=20,z=1.5",0.637411829855775,0.6018329938900203,1.48081516988309,1.8249199529852564,1266,True,5,0.2774355722277482,5
Hufvudstaden,M15,MeanReversion,"window=50,z=1.5",0.48157289718368723,0.558983666061706,1.135079358311073,1.5236945309217795,1478,True,4,0.19863104023557676,5
Hufvudstaden,M15,MeanReversion,"window=100,z=1.5",0.40966720855718375,0.5576756287944492,0.938184980195717,1.4074682365981002,1534,True,4,0.07425990327440968,5
Hufvudstaden,M15,MeanReversion,"window=20,z=1.75",0.44909213322794994,0.6091772151898734,1.2547343329273302,1.8837096356440612,809,True,5,0.190802407788223,5
Hufvudstaden,M15,MeanReversion,"window=50,z=1.75",0.39987147827907177,0.5679676985195155,1.0654658741074892,1.6416583211781366,991,True,5,0.17423468788575713,5
Hufvudstaden,M15,MeanReversion,"window=100,z=1.75",0.3767005633406837,0.582312925170068,1.0216346277775787,1.6069880517467006,970,True,4,0.07572537118257261,5
Hufvudstaden,M15,MeanReversion,"window=50,z=2.0",0.3374352669887487,0.5958333333333333,1.0434330633910034,1.8349126543780476,632,True,5,0.17439418800829187,5
Hufvudstaden,M15,MeanReversion,"window=100,z=2.0",0.2864981260542536,0.5778251599147122,0.8987325373514964,1.7088346262888658,623,True,4,0.06167331657182862,5
Hufvudstaden,M15,MeanReversion,"window=20,z=2.25",0.21585428595577816,0.6144578313253012,0.8772428103864838,2.0759206072958913,305,True,4,0.11510373808574648,5
Hufvudstaden,M15,MeanReversion,"window=50,z=2.25",0.24618727704918553,0.6033898305084746,0.8509881948681632,1.9237128819990577,383,True,5,0.15391817823021625,5
Hufvudstaden,M15,MeanReversion,"window=100,z=2.25",0.23246152951062715,0.610738255033557,0.8151437409257758,1.8561894350696566,380,True,5,0.057368069823588996,5
Husqvarna,H1,MeanReversion,"window=20,z=2.0",0.053260833676294195,0.482421875,0.06296822828194953,1.0450463169324393,527,True,4,0.06603371834120719,5
Husqvarna,H1,MeanReversion,"window=20,z=2.25",0.05839849625456506,0.48226950354609927,0.07933276900863394,1.0843015823893751,292,True,4,0.12622638853026147,5
Husqvarna,H1,MeanReversion,"window=100,z=2.25",0.243036605780116,0.5137614678899083,0.41111469254586863,1.3460582817540203,334,True,4,0.09104050135704667,5
Husqvarna,H1,MeanReversion,"window=20,z=2.5",-0.015494120083133223,0.47333333333333333,-0.041173658770350265,0.9607218579123253,153,True,4,0.0715970992168301,5
Husqvarna,H1,TrendFollowing,"fast=34,slow=89",-0.3279365412208328,0.5010330578512396,-0.1517069852512902,0.9688022249597198,4999,True,4,0.11070812093477345,5
Husqvarna,H4,MeanReversion,"window=20,z=1.5",0.6021550533382114,0.5244658855961406,0.2768575755724638,1.1000028383602118,1463,True,4,0.31270573862930395,5
Husqvarna,H4,MeanReversion,"window=20,z=1.75",0.26446604801990325,0.52,0.15231605286334507,1.067401532593759,932,True,4,0.26274041507762413,5
Husqvarna,H4,MeanReversion,"window=50,z=2.25",-0.061644617558319625,0.5039164490861618,-0.05467992552738082,0.9662292094816023,385,True,4,0.09757974025502325,5
Husqvarna,H4,MeanReversion,"window=100,z=2.25",0.14539234849849614,0.5421052631578948,0.11461142503877796,1.0778386549362957,384,True,4,0.17679918971092956,5
Husqvarna,H4,MeanReversion,"window=20,z=2.5",0.1988203064649361,0.504,0.3435369647917088,1.4887659809504106,125,True,4,0.10254455084446001,5
Husqvarna,H4,VolatilityExpansion,"ema=50,mult=3.0",0.04811598057148292,0.5034782608695653,0.022397345098677454,1.0090144343693717,1164,True,4,0.0723120129156668,5
Husqvarna,H4,VolatilityExpansion,"ema=50,mult=3.5",0.08630606175687328,0.5057915057915058,0.04573163165976236,1.023058811891162,786,True,4,0.07339127642766075,5
Husqvarna,M15,MeanReversion,"window=20,z=1.5",0.2217594975943743,0.5218068535825545,0.41518877864923903,1.157409523186009,1379,True,4,0.040194668578418025,5
Husqvarna,M15,MeanReversion,"window=20,z=2.5",0.12682991397448629,0.5845410628019324,0.4812796634604407,1.482642273554398,214,True,5,0.04284385364592358,5
Husqvarna,M15,MeanReversion,"window=20,z=2.75",0.11885131562399986,0.6190476190476191,0.5397791738283572,1.7789818564347648,128,True,4,0.0370437246919193,5
Husqvarna,M15,VolatilityExpansion,"ema=50,mult=2.0",-0.17216114578313413,0.497443049744305,-0.2363473780886875,0.9264127660641396,2318,True,4,0.03090684419947687,5
IAG,H1,MeanReversion,"window=20,z=2.5",0.11098556659609482,0.5174825174825175,0.3618708498345281,1.4363375653994712,147,True,4,0.0693879879620064,5
IAG,H1,TrendFollowing,"fast=5,slow=20",0.6857367306059984,0.5139583333333333,0.3214020920240793,1.068960577372016,4999,True,4,0.2619707529716421,5
IAG,H1,TrendFollowing,"fast=8,slow=21",0.7705456697361347,0.5166666666666667,0.36117115311008013,1.0778211804134994,4999,True,4,0.215399177802993,5
IAG,H1,TrendFollowing,"fast=13,slow=34",0.8593906948541269,0.521875,0.4028401423057745,1.087185226462689,4999,True,4,0.14021723707148903,5
IAG,H1,TrendFollowing,"fast=34,slow=89",0.8511032071426575,0.52125,0.39895290909977793,1.0863081779525179,4999,True,4,0.1584156927609991,5
IAG,H1,VolatilityExpansion,"ema=50,mult=1.5",0.7932741646641103,0.5325443786982249,0.4484748111225196,1.1263039168575122,3153,True,4,0.31189302844327926,5
IAG,H1,VolatilityExpansion,"ema=50,mult=2.0",0.4516451605326889,0.5289912629070691,0.2776368232089635,1.0841065010559554,2613,True,4,0.23266985177413524,5
IAG,H1,VolatilityExpansion,"ema=50,mult=2.5",0.40030122856580364,0.5275049115913556,0.2883556752937453,1.0936223616633154,2115,True,5,0.16791973974718255,5
IAG,H1,VolatilityExpansion,"ema=50,mult=3.0",0.37984776747767846,0.5293390982087709,0.30354453563036005,1.1105864767473685,1684,True,4,0.13825756260124822,5
IAG,H1,VolatilityExpansion,"ema=50,mult=3.5",0.3251389894257478,0.52734375,0.291606683649811,1.1210955741306416,1336,True,4,0.1069204856710646,5
IAG,H4,TrendFollowing,"fast=8,slow=21",3.638571600814826,0.5148797390949857,0.6155614527354406,1.1358936457218878,4999,True,4,0.9113197646233949,5
IAG,H4,TrendFollowing,"fast=21,slow=55",1.2558038383847245,0.5173257236037505,0.21231213272434232,1.0449038205045302,4999,True,4,0.42484898349571076,5
IAG,H4,VolatilityExpansion,"ema=20,mult=1.5",2.124824942829008,0.5184344866704481,0.515272579347041,1.2032790730729566,1798,True,4,0.4570086832548965,5
IAG,H4,VolatilityExpansion,"ema=50,mult=1.5",2.2443240943450995,0.5195286195286195,0.4547051853403275,1.1343196360135426,3034,True,4,0.393650608713107,5
IAG,H4,VolatilityExpansion,"ema=20,mult=2.0",1.230598844513087,0.5103510351035103,0.40100670034746955,1.1823178074764857,1132,True,4,0.462528106142143,5
IAG,H4,VolatilityExpansion,"ema=50,mult=2.0",2.1989581588216676,0.5240912933220625,0.5146007695102045,1.1637130695236275,2420,True,4,0.23289750818062127,5
IAG,H4,VolatilityExpansion,"ema=20,mult=2.5",1.345723336774243,0.5326251896813353,0.5196657090453408,1.334206979094223,667,True,4,0.3354300164717624,5
IAG,H4,VolatilityExpansion,"ema=50,mult=2.5",1.5571817608812624,0.5189274447949527,0.38223019260496754,1.1356357277504785,1947,True,5,0.44926398047053073,5
IAG,H4,VolatilityExpansion,"ema=50,mult=3.0",1.5976065159189132,0.5180887372013652,0.4326093386951137,1.1787246927663706,1501,True,4,0.36770060462553955,5
IAG,M15,MeanReversion,"window=100,z=2.75",-0.01686341842278949,0.5507246376811594,-0.044414588827982694,0.9275329567007325,139,True,4,0.012966464010166767,5
IAG,M15,TrendFollowing,"fast=8,slow=21",-0.19569731210285035,0.4952561669829222,-0.19452094973948342,0.9594531095119824,4999,True,4,0.06748654776521346,5
IAG,M15,VolatilityExpansion,"ema=20,mult=2.0",-0.190678942503541,0.46886446886446886,-0.4262115466407163,0.8206809527615323,847,True,4,0.04413749393142763,5
IAG,M15,VolatilityExpansion,"ema=20,mult=2.5",-0.09032034733484484,0.46924829157175396,-0.2556014172935568,0.8489403210764908,454,True,4,0.04064895697300441,5
IAG,M15,VolatilityExpansion,"ema=50,mult=3.0",0.010119782764376528,0.5023169601482854,0.02184571543922378,1.0088353291898966,1125,True,5,0.04454939442466932,5
IAG,M15,VolatilityExpansion,"ema=50,mult=3.5",-0.046865017383782015,0.49293966623876767,-0.1131509835747268,0.9472819705852012,808,True,4,0.04601561522124398,5
ING,H1,TrendFollowing,"fast=5,slow=20",0.18631540193577334,0.5059304703476483,0.11721563322537078,1.025698971473801,4999,True,5,0.28896280040929545,5
ING,H1,TrendFollowing,"fast=8,slow=21",0.6358537374422604,0.5124744376278119,0.4001475149195126,1.0905110869732573,4999,True,5,0.35855982179317514,5
ING,H1,TrendFollowing,"fast=10,slow=30",0.5938372408088217,0.5137014314928425,0.37369104512688534,1.0842781881389092,4999,True,4,0.5109133006071882,5
ING,H1,TrendFollowing,"fast=13,slow=34",0.6003540367046267,0.5134969325153375,0.3777942575567363,1.085242479881616,4999,True,4,0.4212617785221553,5
ING,H1,TrendFollowing,"fast=21,slow=55",0.6857430813231218,0.5208588957055215,0.4315656162066242,1.0979604587193597,4999,True,5,0.4438346041775203,5
ING,H1,TrendFollowing,"fast=34,slow=89",0.6343217448005369,0.5165644171779141,0.3991828100028696,1.0902831701622282,4999,True,4,0.31545716945801616,5
ING,H1,TrendFollowing,"fast=50,slow=200",0.31879544102112445,0.5241308793456033,0.20057264917552958,1.0443777547498618,4999,True,5,0.4135284221549409,5
ING,H1,VolatilityExpansion,"ema=50,mult=1.5",0.4304440286436275,0.5143669087464477,0.3486237693687999,1.096740700010677,3237,True,4,0.30219439337636556,5
ING,H1,VolatilityExpansion,"ema=50,mult=2.0",0.30931149540453096,0.5155829165063486,0.2718538886240577,1.0837076375448313,2660,True,4,0.3275730910112523,5
ING,H1,VolatilityExpansion,"ema=50,mult=2.5",0.33869662746359563,0.5167058823529411,0.3141243487712997,1.1111155424483212,2174,True,4,0.2551513989808166,5
ING,H4,MeanReversion,"window=100,z=1.75",-1.3101099102518243,0.47508038585209006,-0.5656535579564225,0.7808003704071959,1255,True,4,0.13868693147989997,5
ING,H4,MeanReversion,"window=100,z=2.75",0.020540991904062555,0.45454545454545453,0.024988035244680854,1.026775688729904,142,True,4,0.06729940715965343,5
ING,H4,MeanReversion,"window=100,z=3.0",0.09627951340224183,0.4606741573033708,0.13932669740075523,1.2040032961359577,88,True,4,0.10633998055324845,5
ING,H4,TrendFollowing,"fast=5,slow=20",1.4868095108005386,0.5129032258064516,0.37202966075322424,1.0776476252392138,4999,True,4,0.5993923336670653,5
ING,H4,TrendFollowing,"fast=8,slow=21",0.311695936886879,0.509475806451613,0.07797212341973375,1.015793490918561,4999,True,4,0.4106597930002013,5
ING,M15,MeanReversion,"window=50,z=1.5",-0.016348527072921115,0.5051903114186851,-0.04360484541330335,0.9850219458538485,1548,True,4,0.02927083029004318,5
ING,M15,MeanReversion,"window=50,z=1.75",-0.015051630079123579,0.502970297029703,-0.04818332437701063,0.9805192218401536,1078,True,5,0.05162102683048164,5
ING,M15,MeanReversion,"window=50,z=2.25",0.03220868253944997,0.5261780104712042,0.1438618748389459,1.1018072265567707,403,True,5,0.059506916320279046,5
ING,M15,MeanReversion,"window=20,z=2.5",0.04059372441378417,0.55,0.2065187370265067,1.217280754441806,188,True,4,0.02841865633141183,5
ING,M15,MeanReversion,"window=50,z=2.5",0.0881248151296753,0.5754716981132075,0.5076541283350263,1.5812842240638627,223,True,4,0.04388550219078746,5
ING,M15,MeanReversion,"window=20,z=2.75",0.07520407576321975,0.6153846153846154,0.5114517604239822,1.9130892718878931,108,True,5,0.03693693398061104,5
ING,M15,MeanReversion,"window=50,z=2.75",0.0550397450628205,0.5811965811965812,0.3718838388548534,1.5440889618848919,122,True,4,0.027594271501783396,5
ING,M15,TrendFollowing,"fast=21,slow=55",0.10046782569257018,0.5021431633090442,0.1499617351162535,1.031004328785384,4998,True,4,0.0952052121092406,5
ING,M15,TrendFollowing,"fast=34,slow=89",0.3371263555049764,0.5156450921560223,0.5034369727313954,1.1079800916795997,4998,True,5,0.13541488389923706,5
ING,M15,TrendFollowing,"fast=50,slow=200",0.2811074883402256,0.5154307758251179,0.4197186464549265,1.0892369233632637,4998,True,4,0.13502668825862196,5
ING,M15,VolatilityExpansion,"ema=50,mult=2.5",0.07716740579750814,0.5071350164654226,0.19415581985271851,1.0607976741241654,1963,True,4,0.0339975116806982,5
Iberdola,H1,MeanReversion,"window=20,z=1.5",0.1951636764291711,0.5261248185776488,0.3411240909553798,1.125492249777218,1461,True,4,0.07629608705142199,5
Iberdola,H1,MeanReversion,"window=100,z=2.25",0.08981167622511721,0.5159090909090909,0.26525197903200687,1.1805988159657597,466,True,4,0.08815366886325637,5
Iberdola,H1,MeanReversion,"window=100,z=2.5",0.08022902405368282,0.5338983050847458,0.298093856854188,1.3227561024274415,246,True,4,0.06931659510184063,5
Iberdola,H4,MeanReversion,"window=20,z=1.75",-0.19217705625148884,0.4961165048543689,-0.18612548946279428,0.9315741329391453,1062,True,4,0.03146527220244233,5
Iberdola,H4,MeanReversion,"window=20,z=2.0",-0.09016152774760344,0.4957983193277311,-0.11201731635456448,0.9445745139601404,612,True,5,0.12100542499745559,5
Iberdola,H4,MeanReversion,"window=50,z=2.0",-0.053057275342735966,0.5063829787234042,-0.054492543405679786,0.9740294345814794,733,True,5,0.16696107174509411,5
Iberdola,H4,MeanReversion,"window=20,z=2.25",-0.12780361797789275,0.47941176470588237,-0.219433679865147,0.8665781330476884,345,True,4,0.060208070386631674,5
Iberdola,H4,MeanReversion,"window=50,z=2.25",-0.05951283686739872,0.5073529411764706,-0.07690187406262308,0.9518882861365386,424,True,5,0.09908608214549408,5
Iberdola,H4,MeanReversion,"window=100,z=2.25",-0.11624792406640494,0.49230769230769234,-0.14631976779422773,0.9211728098475076,539,True,4,0.11473712986322693,5
Iberdola,H4,MeanReversion,"window=100,z=2.5",-0.01978800470358555,0.5098814229249012,-0.031491184905476276,0.9742676009150001,258,True,4,0.06729855275231034,5
Iberdola,H4,VolatilityExpansion,"ema=50,mult=2.5",0.5235772330846511,0.5286624203821656,0.36677519481601184,1.1297013615438725,1620,True,5,0.1994785159320145,5
Iberdola,H4,VolatilityExpansion,"ema=50,mult=3.0",0.5618472910890507,0.536047497879559,0.4555750003820312,1.190744326563904,1216,True,4,0.10905655124161895,5
Iberdola,M15,MeanReversion,"window=20,z=1.5",0.11681545078021771,0.5315747402078337,0.38541177623557016,1.1579793196673471,1397,True,4,0.0644966738632986,5
Iberdola,M15,MeanReversion,"window=50,z=1.5",0.12929157413337633,0.5226244343891403,0.424805974233705,1.1726226208827117,1481,True,4,0.048496449980471645,5
Iberdola,M15,MeanReversion,"window=20,z=1.75",0.1133113345515725,0.535024154589372,0.44122249094978716,1.2350073691040082,917,True,4,0.033411839658737286,5
Iberdola,M15,MeanReversion,"window=50,z=1.75",0.12227629871107859,0.5374149659863946,0.5428435219174824,1.2509540721042693,986,True,4,0.023575257010621353,5
Iberdola,M15,MeanReversion,"window=50,z=2.0",0.05880004541910566,0.53584229390681,0.32703043427706274,1.183852282221916,628,True,4,0.014023961962739695,5
Inditex,H1,TrendFollowing,"fast=5,slow=20",0.6374565921097617,0.5180647840531561,0.40708777013929526,1.0877088305181497,4999,True,4,0.3263073839305446,5
Inditex,H1,TrendFollowing,"fast=10,slow=30",0.6118618725653096,0.5159883720930233,0.39073254960636833,1.084039228443508,4999,True,4,0.3613206914205913,5
Inditex,H1,TrendFollowing,"fast=21,slow=55",0.5875378254943853,0.5159883720930233,0.3751904518374102,1.0805637425475525,4999,True,4,0.3707280381202829,5
Inditex,H1,TrendFollowing,"fast=34,slow=89",0.026477297466715566,0.5170265780730897,0.016903185496711392,1.0034961087506111,4999,True,4,0.2031111990159904,5
Inditex,H1,VolatilityExpansion,"ema=20,mult=1.5",0.3896472637117122,0.532033426183844,0.38847106618124616,1.140061264863458,1861,True,5,0.27381943130396313,5
Inditex,H1,VolatilityExpansion,"ema=50,mult=1.5",0.39677158631166276,0.5266844563042028,0.3389447005373722,1.0880126450095535,3122,True,4,0.2837221012588018,5
Inditex,H1,VolatilityExpansion,"ema=20,mult=2.0",0.2599897097572028,0.5390693590869183,0.33081697522913184,1.1472981931838002,1173,True,5,0.27426039127497426,5
Inditex,H1,VolatilityExpansion,"ema=50,mult=2.0",0.2083042734497612,0.5247967479674797,0.1980499347081014,1.0558561617717614,2566,True,5,0.2153196692475683,5
Inditex,H1,VolatilityExpansion,"ema=20,mult=2.5",0.14627939642922272,0.5391304347826087,0.22670695512730987,1.131471257226388,708,True,5,0.15556747761518197,5
Inditex,H1,VolatilityExpansion,"ema=50,mult=2.5",0.2249953624444222,0.5309017223910841,0.2349232636215936,1.0755432486994119,2051,True,5,0.238811226354969,5
Inditex,H1,VolatilityExpansion,"ema=50,mult=3.0",0.30503710064395684,0.5421764327108821,0.3492577239902037,1.1330406855983446,1615,True,5,0.2551420819393454,5
Inditex,H1,VolatilityExpansion,"ema=20,mult=3.5",0.034402702624601655,0.5867346938775511,0.09254266412044512,1.099964440085124,203,True,4,0.08613200317080483,5
Inditex,H1,VolatilityExpansion,"ema=50,mult=3.5",0.2513224448789694,0.5472013366750209,0.3112123600770231,1.138823532520464,1239,True,5,0.1956509959508873,5
Inditex,H4,MeanReversion,"window=50,z=1.5",-0.2053993036351246,0.48148148148148145,-0.11780292883632805,0.961787461840665,1508,True,4,0.20774159434920958,5
Inditex,H4,MeanReversion,"window=50,z=2.25",-0.04626141728191302,0.4903047091412742,-0.05354083966392948,0.9661975278222826,369,True,4,0.024521833290678918,5
Inditex,H4,MeanReversion,"window=100,z=2.25",-0.06390760679238394,0.46346555323590816,-0.06058333114290016,0.9659011586157714,485,True,4,0.05260656920624529,5
Inditex,H4,MeanReversion,"window=50,z=2.5",0.03294239514463204,0.49099099099099097,0.05262188692184235,1.0421414775687134,225,True,5,0.04526023566554516,5
Inditex,H4,TrendFollowing,"fast=34,slow=89",0.16139787538707429,0.5091537835638731,0.05041819357109196,1.0094508683293588,4999,True,4,0.2045840207538535,5
Inditex,M15,TrendFollowing,"fast=5,slow=20",0.15551630783067827,0.5070270270270271,0.19090158738269702,1.0451266007621842,4999,True,4,0.07087001636973711,5
Inditex,M15,TrendFollowing,"fast=21,slow=55",0.333400256891514,0.5096216216216216,0.40936669849724944,1.0993066418797846,4999,True,4,0.07184656129591116,5
Industrivarden,H1,MeanReversion,"window=20,z=2.25",-0.003919212665763672,0.5131086142322098,-0.015218239562516498,0.9892150293610275,288,True,4,0.020900624234407306,5
Industrivarden,H1,TrendFollowing,"fast=10,slow=30",0.4290851073321458,0.5086338797814207,0.34815558958322596,1.0726392960403281,4999,True,4,0.15621269019855533,5
Industrivarden,H1,TrendFollowing,"fast=13,slow=34",0.410869820161921,0.5095081967213114,0.33336921428868593,1.0694485748913953,4999,True,4,0.13738694464990087,5
Industrivarden,H1,TrendFollowing,"fast=21,slow=55",0.43912566847044143,0.5145355191256831,0.35630646386101483,1.0744022832294218,4999,True,4,0.22104184892222867,5
Industrivarden,H1,TrendFollowing,"fast=34,slow=89",0.2577185690304922,0.5090710382513661,0.2090782567413136,1.043005065376565,4999,True,4,0.2258786469211188,5
Industrivarden,H1,TrendFollowing,"fast=50,slow=200",-0.05431035092381542,0.5038251366120219,-0.04405647731736191,0.9911672729090534,4999,True,4,0.22826637136521943,5
Industrivarden,H1,VolatilityExpansion,"ema=20,mult=1.5",0.15098111369898126,0.4978328173374613,0.1919178746117848,1.0700403925196698,1788,True,4,0.1471673511455991,5
Industrivarden,H1,VolatilityExpansion,"ema=50,mult=1.5",0.24826569140108434,0.5099857346647646,0.24690898388987656,1.0673749575579028,3088,True,4,0.15462659533948764,5
Industrivarden,H1,VolatilityExpansion,"ema=20,mult=2.0",0.21559258894035727,0.5,0.3548789506692266,1.1640348715512638,1133,True,4,0.13657441624007804,5
Industrivarden,H1,VolatilityExpansion,"ema=50,mult=2.0",0.19258960367848776,0.5099480968858131,0.20631768526846123,1.0628484047485098,2551,True,4,0.12736719367141458,5
Industrivarden,H1,VolatilityExpansion,"ema=20,mult=2.5",0.1533283004142615,0.5017182130584192,0.3077262828252817,1.1988606689450036,640,True,4,0.08316839334070525,5
Industrivarden,H1,VolatilityExpansion,"ema=50,mult=3.0",0.12350488985140573,0.5014367816091954,0.1577476413298144,1.065487253721865,1539,True,4,0.05665367892480133,5
Industrivarden,H1,VolatilityExpansion,"ema=50,mult=3.5",0.09018627479490948,0.5043227665706052,0.13293367264604017,1.064696046828243,1151,True,4,0.07135073662501945,5
Industrivarden,H4,MeanReversion,"window=100,z=1.75",0.12733573262492748,0.48073394495412847,0.10126428774188811,1.0409713283864752,1132,True,5,0.324638582663075,5
Industrivarden,H4,MeanReversion,"window=100,z=2.0",-0.12375995768573411,0.47717231222385864,-0.12365902586710086,0.9396881653258784,705,True,5,0.20303041366807284,5
Industrivarden,H4,MeanReversion,"window=20,z=2.25",0.044666382434962015,0.47619047619047616,0.075306744512301,1.0592457677830707,283,True,4,0.05832095042190455,5
Industrivarden,H4,MeanReversion,"window=50,z=2.25",-0.08902062109091069,0.48872180451127817,-0.11790220371855809,0.9276316590693232,415,True,4,0.021034799527291925,5
Industrivarden,H4,MeanReversion,"window=100,z=2.25",0.07927454744161289,0.5,0.1073493244067802,1.0751035684863162,375,True,5,0.17100610683923245,5
Industrivarden,H4,MeanReversion,"window=20,z=2.5",0.1994107071286998,0.536,0.493923799890841,1.8022102045955217,128,True,5,0.10442094299504834,5
Industrivarden,H4,MeanReversion,"window=50,z=2.5",0.002540843110468316,0.5162790697674419,0.004584088977315657,1.0040228566618385,224,True,4,0.07015567104704534,5
Industrivarden,H4,MeanReversion,"window=100,z=2.5",-0.07951802044801637,0.45555555555555555,-0.13838108602351526,0.8783653855061787,187,True,5,0.11004808590251935,5
Industrivarden,H4,MeanReversion,"window=20,z=2.75",0.07468263167965161,0.4807692307692308,0.24501505994733125,1.5881806980812396,52,True,4,0.06221603180993773,5
Industrivarden,H4,MeanReversion,"window=50,z=2.75",0.09724462966186498,0.5185185185185185,0.2642295994839923,1.3850748729170979,108,True,4,0.09076950212007873,5
Industrivarden,H4,MeanReversion,"window=100,z=2.75",-0.06860997616983378,0.45054945054945056,-0.1597164469269487,0.8050268983987633,97,True,4,0.02328596235042535,5
Industrivarden,H4,VolatilityExpansion,"ema=20,mult=2.0",0.08019593275581738,0.4906284454244763,0.06480088520847356,1.029226591430983,954,True,4,0.0766747423140739,5
Industrivarden,M15,TrendFollowing,"fast=5,slow=20",0.05833689524177854,0.5027693856998993,0.10857726311869512,1.022175808109779,4998,True,5,0.11242228015100408,5
Industrivarden,M15,TrendFollowing,"fast=8,slow=21",0.06140506886929742,0.5027693856998993,0.11428806985526106,1.023355743770267,4998,True,5,0.13141091585970865,5
Industrivarden,M15,TrendFollowing,"fast=10,slow=30",0.00614373995351547,0.5022658610271903,0.011434530991407881,1.002312500932256,4998,True,5,0.14606457279342344,5
Industrivarden,M15,TrendFollowing,"fast=13,slow=34",0.046377910244803755,0.5055387713997986,0.08631832722926047,1.0175898155524048,4998,True,5,0.15826990239117034,5
Industrivarden,M15,TrendFollowing,"fast=50,slow=200",-0.12656403461469357,0.5057905337361531,-0.23558278782640177,0.9535221653256585,4998,True,4,0.026024820133775273,5
Industrivarden,M15,VolatilityExpansion,"ema=20,mult=1.5",0.04576706620159787,0.4927169094363521,0.13211823531022476,1.0419212140699656,1956,True,4,0.062152170631434855,5
Industrivarden,M15,VolatilityExpansion,"ema=50,mult=1.5",0.0027918595582665517,0.49564528899445764,0.006259074243529582,1.0016190637274542,3178,True,5,0.0779726458238883,5
Industrivarden,M15,VolatilityExpansion,"ema=20,mult=2.0",0.027027733535461396,0.4955044955044955,0.09586823066375032,1.037361594375327,1235,True,4,0.01943832449031402,5
Industrivarden,M15,VolatilityExpansion,"ema=50,mult=2.0",0.04547819206038084,0.4983261597321856,0.11815248097752444,1.032689320108143,2634,True,4,0.05856304943496771,5
Industrivarden,M15,VolatilityExpansion,"ema=20,mult=2.5",0.0662359695777004,0.5198170731707317,0.28120688331712246,1.1414391808493305,792,True,4,0.038139260211283,5
Industrivarden,M15,VolatilityExpansion,"ema=50,mult=2.5",0.022228256884369912,0.5035971223021583,0.06764834762246923,1.0201703406720406,2102,True,4,0.058285384297755316,5
Industrivarden,M15,VolatilityExpansion,"ema=50,mult=3.5",0.027509812785640686,0.5099904852521409,0.10268254177552334,1.039562071794768,1322,True,4,0.040404431247555106,5
Inmobiliaria,H1,MeanReversion,"window=50,z=1.5",0.1585671074173306,0.49388048956083513,0.17661431797086216,1.0615223793595299,1575,True,4,0.0963385433035191,5
Inmobiliaria,H1,MeanReversion,"window=100,z=1.75",0.33198048268854863,0.5025853154084798,0.41476701265983684,1.1938201219606428,1080,True,4,0.12152295076360131,5
Inmobiliaria,H1,MeanReversion,"window=20,z=2.0",0.09795954595118783,0.486815415821501,0.16884218761222305,1.1024455398632194,543,True,4,0.06040870924426356,5
Inmobiliaria,H1,MeanReversion,"window=20,z=2.5",0.07581110211234898,0.5407407407407407,0.3080091724459427,1.351454681188254,143,True,4,0.03978850926546351,5
Inmobiliaria,H4,MeanReversion,"window=20,z=1.5",0.43658679456877725,0.5162925416364953,0.21287988795772045,1.0795126707181821,1441,True,4,0.3614251355910256,5
Inmobiliaria,H4,MeanReversion,"window=50,z=1.5",0.07714021241466418,0.5019659239842726,0.03651970835069427,1.0125860109538007,1596,True,4,0.21326953527865222,5
Inmobiliaria,H4,MeanReversion,"window=20,z=1.75",0.7635463700606963,0.5295454545454545,0.4837955250567634,1.237287479124335,919,True,5,0.2502443151046313,5
Inmobiliaria,H4,MeanReversion,"window=50,z=2.25",0.035699823031715594,0.5459770114942529,0.03033009604506822,1.021662882292442,358,True,4,0.0928299379638815,5
Inmobiliaria,H4,MeanReversion,"window=100,z=2.5",-0.06691614991053807,0.5668202764976958,-0.0652228772600447,0.9416759741940829,223,True,4,0.09028486377421563,5
Inmobiliaria,H4,VolatilityExpansion,"ema=50,mult=3.5",0.14030475533876807,0.49453978159126366,0.0778523903130378,1.046433800927261,667,True,4,0.04403567103896877,5
Inmobiliaria,M15,MeanReversion,"window=20,z=1.5",0.21228799734364034,0.5337837837837838,0.5519969775851622,1.2397272296872455,1345,True,4,0.0713265998315662,5
Inmobiliaria,M15,MeanReversion,"window=50,z=1.5",0.20305005047476177,0.5332661290322581,0.554784230156676,1.2470563747742776,1337,True,4,0.08049815771981583,5
Inmobiliaria,M15,MeanReversion,"window=100,z=1.5",0.21073812990822238,0.5182413470533208,0.5473475708867612,1.2330265088053907,1389,True,4,0.0739413446034487,5
Inmobiliaria,M15,MeanReversion,"window=50,z=1.75",0.14998237242817003,0.5333333333333333,0.46192110405956716,1.2659355930403826,877,True,4,0.07370296847232338,5
Inmobiliaria,M15,MeanReversion,"window=100,z=1.75",0.1752307653327091,0.5271002710027101,0.5158060942970901,1.276086431831637,944,True,4,0.07052161110945965,5
Inmobiliaria,M15,MeanReversion,"window=100,z=2.0",0.143563301406883,0.5360824742268041,0.4592189983058639,1.320412033078417,614,True,4,0.06486283570479479,5
IntrumJustitia,H1,MeanReversion,"window=100,z=2.25",0.1668329441250741,0.526431718061674,0.09850908014049745,1.0675383717047546,465,True,4,0.18731973734276686,5
IntrumJustitia,H1,MeanReversion,"window=100,z=2.5",0.027649008308058387,0.5344827586206896,0.025398124544293126,1.021828131925135,240,True,4,0.2209397921397681,5
IntrumJustitia,H1,MeanReversion,"window=100,z=2.75",0.039758712038291066,0.5338983050847458,0.04572133667205959,1.0556022894720403,121,True,4,0.1050585863843595,5
IntrumJustitia,H1,TrendFollowing,"fast=8,slow=21",0.7738968922100998,0.49494741183749225,0.14275431527468624,1.0324141362889936,4999,True,4,0.7487587782350892,5
IntrumJustitia,H1,TrendFollowing,"fast=10,slow=30",1.210054486280799,0.49927820169107034,0.22322171810309493,1.0511494991739525,4999,True,4,1.2186636530315482,5
IntrumJustitia,H1,TrendFollowing,"fast=13,slow=34",1.6980966296431719,0.4996906578676016,0.3132820785893574,1.0725273508864022,4999,True,4,1.3072111247594052,5
IntrumJustitia,H1,VolatilityExpansion,"ema=20,mult=1.5",0.7680850619441559,0.48679514632405424,0.23895064391230447,1.0999789988048827,1439,True,4,0.34995310845507765,5
IntrumJustitia,H4,MeanReversion,"window=20,z=1.75",0.5058638582671549,0.5168918918918919,0.16930345039544994,1.0882799382523656,906,True,5,0.2826494449392588,5
IntrumJustitia,H4,MeanReversion,"window=20,z=2.0",0.857907831997736,0.5352380952380953,0.3848600818398586,1.269680651904222,536,True,4,0.12935897063155244,5
IntrumJustitia,H4,MeanReversion,"window=50,z=2.25",0.07738055989696913,0.5380952380952381,0.03329637942116438,1.0239236420015212,423,True,4,0.17623195351812238,5
IntrumJustitia,H4,TrendFollowing,"fast=5,slow=20",1.8618351545872918,0.49612876935615324,0.262328873045608,1.0586392844511288,4999,True,4,1.261756502965913,5
IntrumJustitia,H4,TrendFollowing,"fast=8,slow=21",1.9406752360103605,0.4965362673186634,0.27344051343212855,1.0611983669931995,4999,True,5,1.1206781498841374,5
IntrumJustitia,H4,TrendFollowing,"fast=10,slow=30",1.8595546438421375,0.4997962510187449,0.26200746601133906,1.0585653555548096,4999,True,4,0.7065661821714382,5
IntrumJustitia,H4,TrendFollowing,"fast=13,slow=34",2.118713799265234,0.5061124694376528,0.2985345900900754,1.0670008209634436,4999,True,4,0.6441761690941796,5
IntrumJustitia,H4,TrendFollowing,"fast=50,slow=200",0.9674907597167115,0.5028524857375714,0.13630393770735796,1.0300483330186185,4999,True,4,0.6954887349973136,5
IntrumJustitia,M15,MeanReversion,"window=20,z=1.5",0.2607060468975826,0.5341002465078061,0.22241749458609889,1.09265362897257,1267,True,5,0.2941110336400441,5
IntrumJustitia,M15,MeanReversion,"window=50,z=1.5",-0.019948676736931126,0.5212933753943217,-0.017770588399074513,0.9928192606097029,1324,True,4,0.12468584499757751,5
IntrumJustitia,M15,MeanReversion,"window=20,z=1.75",0.4024495256539877,0.5451174289245982,0.41066764747721757,1.2148519940902254,833,True,5,0.26763836082313974,5
IntrumJustitia,M15,MeanReversion,"window=20,z=2.0",0.34761080449267967,0.5551470588235294,0.41300370843634227,1.2679642566505025,557,True,4,0.28459622156925934,5
IntrumJustitia,M15,MeanReversion,"window=20,z=2.25",0.3367051749312888,0.5653495440729484,0.4628304836758484,1.4102933696097268,337,True,4,0.21026807609941645,5
IntrumJustitia,M15,MeanReversion,"window=20,z=2.5",0.3075318975323027,0.5773195876288659,0.4982873730263298,1.60275508466072,200,True,5,0.16809439092852818,5
IntrumJustitia,M15,MeanReversion,"window=20,z=2.75",0.30202277117866727,0.5871559633027523,0.5790819494496976,2.0508092093923844,112,True,5,0.13405007880125952,5
IntrumJustitia,M15,MeanReversion,"window=50,z=2.75",-0.041849824444358585,0.49693251533742333,-0.08712047317564378,0.912440136930414,164,True,4,0.06497523087934076,5
IntrumJustitia,M15,MeanReversion,"window=50,z=3.0",-0.04085942997003433,0.4731182795698925,-0.09556857192392935,0.8683538208830017,93,True,4,0.06663518050590378,5
IntrumJustitia,M15,TrendFollowing,"fast=34,slow=89",0.1608516302648304,0.49968280820469446,0.08653987794312806,1.0181457975327113,4999,True,4,0.18396425724920595,5
IntrumJustitia,M15,TrendFollowing,"fast=50,slow=200",0.4807788026588691,0.5075068724888983,0.2586945857537301,1.055233757932488,4999,True,4,0.25966369566029845,5
Investor,H1,TrendFollowing,"fast=5,slow=20",-0.05860793682085852,0.5023755422433381,-0.045147707464495264,0.9906237795045041,4999,True,4,0.013852799939568783,5
Investor,H1,VolatilityExpansion,"ema=20,mult=3.0",0.03742080602279918,0.5123674911660777,0.11256160004459395,1.0962115965643149,287,True,5,0.07658220171030439,5
Investor,H1,VolatilityExpansion,"ema=20,mult=3.5",0.05378298387294378,0.5454545454545454,0.22006615112190636,1.3331848145747807,124,True,5,0.06652047451946264,5
Investor,H4,MeanReversion,"window=50,z=2.5",0.07688142375791673,0.5555555555555556,0.13292226092210355,1.130461903811837,229,True,4,0.012404243078517951,5
Investor,M15,TrendFollowing,"fast=5,slow=20",0.16972670184822214,0.505433624547198,0.3096376131693255,1.0634838650775607,4999,True,5,0.17636227419479045,5
Investor,M15,TrendFollowing,"fast=8,slow=21",0.11392702507411079,0.5024504581291285,0.20781883193059505,1.0421726927861084,4999,True,4,0.16260986637505914,5
Investor,M15,TrendFollowing,"fast=10,slow=30",0.10216474993599889,0.5033027913914341,0.1863596686736341,1.037736464051496,4999,True,5,0.15131256685712902,5
Investor,M15,TrendFollowing,"fast=13,slow=34",-0.011331689898430475,0.4984018751331771,-0.020668833755012158,0.9959003606937331,4999,True,4,0.14471365213287368,5
Investor,M15,TrendFollowing,"fast=21,slow=55",-0.08363577876484951,0.4964841252929896,-0.15255733232755136,0.970132447247555,4999,True,4,0.10399212719481732,5
Investor,M15,VolatilityExpansion,"ema=20,mult=1.5",-0.022141441199565848,0.48902439024390243,-0.0686599452495574,0.9784057942563632,1745,True,5,0.07460317980193065,5
Investor,M15,VolatilityExpansion,"ema=50,mult=1.5",-0.00594271047731465,0.4950359465936323,-0.014044134406461267,0.9965203009712298,3107,True,5,0.14958699453051894,5
Investor,M15,VolatilityExpansion,"ema=20,mult=2.0",-0.04764384468561078,0.48303393213572854,-0.18909109213908876,0.9266695579636994,1067,True,4,0.027102652593793075,5
Investor,M15,VolatilityExpansion,"ema=50,mult=2.0",0.002786464891708862,0.4966130397967824,0.007202059827646643,1.0020270344790012,2513,True,5,0.12233760218983136,5
Investor,M15,VolatilityExpansion,"ema=50,mult=2.5",-0.03780255402051691,0.49154391707583195,-0.1064192586116415,0.9659625524237884,1951,True,5,0.07517038026469325,5
Investor,M15,VolatilityExpansion,"ema=50,mult=3.0",-0.01427410859918743,0.49746192893401014,-0.04989278695908792,0.9825959180322392,1471,True,5,0.05246373151343198,5
Investor,M15,VolatilityExpansion,"ema=50,mult=3.5",-0.03167899773055871,0.483743842364532,-0.1352283184766038,0.9476197496439747,1086,True,4,0.02285599115280912,5
KPN,H1,VolatilityExpansion,"ema=20,mult=1.5",0.11490296353795038,0.5171767645221736,0.21856602256195548,1.0690406630170983,1681,True,4,0.049592593457688294,5
KPN,H1,VolatilityExpansion,"ema=20,mult=2.0",0.13369701650728194,0.5160621761658031,0.3122569328254542,1.1321880472859123,1006,True,4,0.03165864227762072,5
KPN,H4,MeanReversion,"window=20,z=2.0",0.21987113931996838,0.5257352941176471,0.25703366798779764,1.1525450630680407,558,True,4,0.06983031718035537,5
KPN,H4,TrendFollowing,"fast=50,slow=200",0.025270514747070982,0.5057424118129614,0.010597624331226404,1.002075607838918,4999,True,4,0.05706895084716512,5
KPN,H4,VolatilityExpansion,"ema=20,mult=1.5",-0.19978247092441348,0.4912536443148688,-0.13738408014843106,0.9497816693595792,1403,True,4,0.08018926605640253,5
KPN,H4,VolatilityExpansion,"ema=20,mult=2.0",-0.1040586328845271,0.49595687331536387,-0.08903199297267532,0.9547518484299693,759,True,4,0.06620026532494117,5
KPN,M15,VolatilityExpansion,"ema=50,mult=1.5",-0.022916524025344387,0.5031376891842008,-0.06220747526659113,0.9855942910721142,3002,True,4,0.04080199468156509,5
KPN,M15,VolatilityExpansion,"ema=50,mult=2.0",0.015445086922416196,0.5096241979835013,0.04706473352566689,1.012157229900561,2402,True,4,0.028039602057284174,5
Kinnevik,H1,MeanReversion,"window=20,z=2.0",0.09972610914906799,0.4968944099378882,0.15449791821589723,1.0917086690552522,492,True,4,0.04526071946582244,5
Kinnevik,H1,TrendFollowing,"fast=10,slow=30",-0.44960675496531777,0.4968074150360453,-0.17761974634188957,0.9634684313339047,4999,True,4,0.13801513653467967,5
Kinnevik,H1,TrendFollowing,"fast=50,slow=200",-1.001450917067656,0.4875386199794027,-0.39572712870862325,0.9204141011763428,4999,True,4,0.2836402650456792,5
Kinnevik,H1,VolatilityExpansion,"ema=20,mult=2.5",0.3171725808508925,0.5385934819897084,0.3660409398319322,1.2232530296117743,591,True,4,0.07503917839002539,5
Kinnevik,H4,MeanReversion,"window=20,z=2.5",0.09407583003128983,0.5294117647058824,0.11741437214105307,1.120908326598583,171,True,4,0.08086659283643272,5
Kinnevik,H4,VolatilityExpansion,"ema=20,mult=2.5",-0.18361751673856508,0.5171288743882545,-0.10980900797740052,0.9448590560385092,621,True,5,0.302185800990058,5
Kinnevik,H4,VolatilityExpansion,"ema=20,mult=3.0",0.08194539083327868,0.5377358490566038,0.060283930338594874,1.0449074819002433,324,True,5,0.3644029368475773,5
Kinnevik,M15,MeanReversion,"window=20,z=1.5",0.22234908905595074,0.5281743050338091,0.39837876722298976,1.1582954277266837,1399,True,5,0.13819932935734058,5
Kinnevik,M15,MeanReversion,"window=50,z=1.75",0.04635493879581842,0.5188053097345132,0.10229484858946798,1.0450838496787864,948,True,4,0.01276523141961361,5
Kinnevik,M15,MeanReversion,"window=100,z=1.75",0.03376789379241174,0.4930966469428008,0.07461303815969828,1.030192771836736,1061,True,4,0.06381540689955711,5
Kinnevik,M15,MeanReversion,"window=20,z=2.0",0.1095504740202391,0.5853174603174603,0.2949416565251218,1.192975340684462,528,True,5,0.10811606866804313,5
Kinnevik,M15,MeanReversion,"window=20,z=2.25",0.06653376609546158,0.5612244897959183,0.2219843100118679,1.189410410615985,307,True,5,0.06017058729175628,5
Kinnevik,M15,MeanReversion,"window=20,z=2.5",0.03733264823905469,0.5822784810126582,0.16582083561294506,1.1875206248119508,162,True,4,0.05228931639795997,5
Loomis,H1,MeanReversion,"window=50,z=1.5",0.15267980178991702,0.5053995680345572,0.1443177333108779,1.0605110787974024,1537,True,4,0.10622218445577647,5
Loomis,H1,MeanReversion,"window=100,z=1.5",-0.01587585231263322,0.5003641660597232,-0.015458680486674054,0.9938553904694765,1516,True,4,0.05649918944705046,5
Loomis,H1,MeanReversion,"window=50,z=1.75",0.012571824700750023,0.49074074074074076,0.013010166721543648,1.0065468724524222,1074,True,4,0.056355967204664625,5
Loomis,H1,MeanReversion,"window=50,z=2.0",0.1510292870779939,0.4967741935483871,0.2213976215013571,1.131494076430014,683,True,4,0.1416767112285776,5
Loomis,H1,MeanReversion,"window=50,z=2.25",0.05399704500634939,0.49870801033591733,0.10365130645322904,1.0715281366718579,422,True,5,0.12370777809244937,5
Loomis,H4,MeanReversion,"window=20,z=1.5",0.029212859589251128,0.494592645998558,0.013843029502656128,1.0051734942634234,1430,True,4,0.17898554438789538,5
Loomis,H4,MeanReversion,"window=50,z=2.5",0.4563781853652864,0.5260416666666666,0.5218775083423212,1.6516830861604435,196,True,4,0.04043315844108397,5
Loomis,H4,MeanReversion,"window=100,z=2.5",-0.26050000173335297,0.4883720930232558,-0.19134190187665015,0.8434086150263618,264,True,4,0.0593335199875501,5
Loomis,H4,TrendFollowing,"fast=13,slow=34",-0.8751977950836745,0.5003102378490176,-0.21967845638401465,0.9555270592135172,4999,True,4,0.0483760215808825,5
Loomis,M15,MeanReversion,"window=20,z=1.5",0.14541625269121972,0.5360995850622406,0.333484380674855,1.1379250052554013,1399,True,4,0.05490064640374481,5
Loomis,M15,MeanReversion,"window=50,z=1.5",0.2183073280481026,0.5253419147224457,0.5054037359872747,1.2156360402298199,1467,True,5,0.09717126360933293,5
Loomis,M15,MeanReversion,"window=20,z=1.75",0.1162713682554819,0.546284224250326,0.34243313569972345,1.1751340690268832,896,True,4,0.05525932435884162,5
Loomis,M15,MeanReversion,"window=50,z=1.75",0.22359217563769862,0.535031847133758,0.6157291604802008,1.3447427566228896,931,True,5,0.06893078539442987,5
Loomis,M15,MeanReversion,"window=50,z=2.0",0.13033886134658257,0.5432595573440644,0.42042463442536604,1.291205304134278,595,True,4,0.04102474693830538,5
Mapfre,H1,TrendFollowing,"fast=8,slow=21",0.15395159753481846,0.515970515970516,0.11366275438896045,1.0229232009531601,4999,True,4,0.17446715784943145,5
Mapfre,H1,TrendFollowing,"fast=10,slow=30",0.34585254709920643,0.5242349787804333,0.25537008367381486,1.0522434098041633,4999,True,4,0.1797502136893403,5
Mapfre,H1,TrendFollowing,"fast=13,slow=34",0.3804162357105705,0.5249050703596159,0.28089879745004565,1.057614899169981,4999,True,4,0.23501308070326798,5
Mapfre,H1,TrendFollowing,"fast=34,slow=89",0.29571476827410237,0.5208845208845209,0.21834182702930316,1.044501234375269,4999,True,4,0.2520904275843874,5
Mapfre,H1,VolatilityExpansion,"ema=20,mult=1.5",0.21252415063275443,0.5162876459741856,0.2510401532454048,1.0873535768616898,1818,True,4,0.16960664883155718,5
Mapfre,H1,VolatilityExpansion,"ema=50,mult=1.5",0.2662702332937177,0.5256084271703596,0.2393543524231858,1.0655848322238621,3062,True,4,0.14572421062439833,5
Mapfre,H1,VolatilityExpansion,"ema=50,mult=2.0",0.29440073035721537,0.5295964125560538,0.29307923965986965,1.0912342131605852,2489,True,4,0.18426243976425116,5
Mapfre,H1,VolatilityExpansion,"ema=50,mult=2.5",0.2608661484038569,0.5306818181818181,0.28901411995700976,1.101541015276311,1966,True,4,0.1885956603455441,5
Mapfre,H1,VolatilityExpansion,"ema=50,mult=3.5",0.2559101020746185,0.5300859598853869,0.39232104438929677,1.170239622842047,1169,True,4,0.154842700552421,5
Mapfre,H4,MeanReversion,"window=50,z=1.5",-0.3238845389280899,0.48462064251537934,-0.16768085075094447,0.9375149645412726,1532,True,5,0.17177491196889705,5
Mapfre,H4,MeanReversion,"window=50,z=2.0",-0.12447945727078502,0.49348534201954397,-0.10786755392729548,0.9439786762343564,648,True,4,0.06147507807473407,5
Mapfre,M15,MeanReversion,"window=20,z=1.5",0.006044385397240837,0.5060144346431436,0.016240306511415902,1.0056302259359067,1448,True,4,0.0538937571805298,5
Mapfre,M15,MeanReversion,"window=50,z=1.5",0.09540072024676438,0.5182978723404256,0.2765561610743432,1.100852848003856,1363,True,4,0.07633032578308308,5
Mapfre,M15,MeanReversion,"window=100,z=1.5",0.06614766307238018,0.5078125,0.17903965956061424,1.063424962172535,1497,True,4,0.14172672558275257,5
Mapfre,M15,MeanReversion,"window=20,z=1.75",0.043117082199137347,0.5121654501216545,0.13850610882063377,1.0602545644516532,962,True,4,0.04650662418720053,5
Mapfre,M15,MeanReversion,"window=50,z=1.75",0.019069478616390856,0.5095541401273885,0.06896247702480938,1.0288592056292,915,True,4,0.041898307267642765,5
Mapfre,M15,MeanReversion,"window=100,z=1.75",0.05617333228297061,0.4994192799070848,0.1875481192408876,1.0798728504475392,1011,True,4,0.08491923591367345,5
Mapfre,M15,MeanReversion,"window=50,z=2.0",0.03882936691716399,0.5205761316872428,0.16967658400946733,1.0920500412158236,569,True,4,0.0342814107029219,5
Mapfre,M15,MeanReversion,"window=100,z=2.0",0.0729093559049685,0.5088062622309197,0.2852457658812936,1.1655350221297396,608,True,4,0.040288513168009965,5
Mapfre,M15,MeanReversion,"window=20,z=2.25",0.036171617616269525,0.5083612040133779,0.185612390648024,1.1351473852344003,353,True,4,0.049985476731596146,5
Mapfre,M15,MeanReversion,"window=50,z=2.25",0.022284237500896475,0.5221843003412969,0.12030493663477444,1.084318407499787,339,True,4,0.016025842957556713,5
Mapfre,M15,MeanReversion,"window=50,z=2.5",0.009500129332535079,0.5251396648044693,0.0626341110991783,1.0540811726493324,203,True,4,0.022788308774915778,5
Moncler,H1,MeanReversion,"window=50,z=2.25",0.12101037008613269,0.5487179487179488,0.21992045698995613,1.1562053132218753,399,True,4,0.02677024521653526,5
Moncler,H1,MeanReversion,"window=50,z=2.5",0.03685732165552602,0.5252100840336135,0.09361546024109413,1.073490480942603,244,True,4,0.06439111201534109,5
Moncler,H1,TrendFollowing,"fast=8,slow=21",-0.22335037452407325,0.4932809592722762,-0.10702921079392283,0.9779861165949155,4999,True,4,0.1536566536248095,5
Moncler,H1,TrendFollowing,"fast=13,slow=34",-0.3020830965531627,0.49369443870167457,-0.14476055850089486,0.9703411310046843,4999,True,4,0.24619618524838904,5
Moncler,H1,TrendFollowing,"fast=21,slow=55",0.14102684330096737,0.49865619185445526,0.06757895724816812,1.0141540657977381,4999,True,4,0.4967465969633508,5
Moncler,H1,TrendFollowing,"fast=34,slow=89",0.3958750388566026,0.5096133967335125,0.1897120431500588,1.040246441396918,4999,True,4,0.41968694331766077,5
Moncler,H1,TrendFollowing,"fast=50,slow=200",0.208391607186879,0.5106470953070085,0.0998606949185871,1.020986029224906,4999,True,4,0.26851487234693383,5
Moncler,H1,VolatilityExpansion,"ema=20,mult=2.5",-0.13201228487783256,0.4767225325884544,-0.21291414750840154,0.888876734910818,553,True,4,0.020079176310659586,5
Moncler,H4,MeanReversion,"window=50,z=1.75",0.004105289531119105,0.4825174825174825,0.0021567260477487415,1.0008934824026934,1018,True,4,0.24556492749798242,5
Moncler,H4,MeanReversion,"window=50,z=2.0",0.1374257713239888,0.4955357142857143,0.09437829597257051,1.0471711412170515,682,True,4,0.1841589322847954,5
Moncler,H4,MeanReversion,"window=100,z=2.0",0.32038540292722306,0.4849726775956284,0.20046056191570735,1.102063631008845,748,True,4,0.08058021626631395,5
Moncler,H4,MeanReversion,"window=100,z=2.25",0.29999346316714237,0.4878048780487805,0.254147010199685,1.169970695987097,459,True,4,0.12972951928718002,5
Moncler,H4,TrendFollowing,"fast=34,slow=89",0.6818211436612417,0.5170870626525631,0.17496975892160646,1.0329672435547737,4999,True,5,0.634552868864764,5
Moncler,M15,VolatilityExpansion,"ema=50,mult=3.5",0.0269771497700404,0.5193312434691745,0.06310430494808818,1.0254399994417025,1023,True,4,0.04799357255103065,5
Mota-Engil,H1,MeanReversion,"window=20,z=1.5",1.6011513259379386,0.5588470776621297,0.9582132200328309,1.4091826747394416,1322,True,4,0.5279306318352744,5
Mota-Engil,H1,MeanReversion,"window=20,z=1.75",0.9178044119777369,0.5571065989847716,0.6497756264283814,1.3455003765960054,833,True,4,0.2832286013435965,5
Mota-Engil,H1,MeanReversion,"window=20,z=2.0",0.8101902083685947,0.5878661087866108,0.6966968831413903,1.5007268496661086,501,True,4,0.2571252107556876,5
Mota-Engil,H1,MeanReversion,"window=50,z=2.75",0.1908393371769853,0.5915492957746479,0.3034061722316264,1.3967598461955173,147,True,4,0.1515432582018751,5
Mota-Engil,H1,MeanReversion,"window=100,z=2.75",0.24498844416664856,0.6013986013986014,0.3728339995831058,1.5112515614798516,148,True,4,0.16822513681290197,5
Mota-Engil,H1,TrendFollowing,"fast=21,slow=55",0.6771539617534789,0.49989313955973497,0.21906840950996231,1.042458340429814,4999,True,4,0.2017648967726644,5
Mota-Engil,H1,TrendFollowing,"fast=34,slow=89",0.946456247494846,0.5114340671083565,0.3062191300274999,1.0598492005671711,4999,True,4,0.3436209632699827,5
Mota-Engil,H1,TrendFollowing,"fast=50,slow=200",0.6861620303773609,0.5052361615729857,0.22198320703007443,1.043035310326167,4999,True,4,0.35968270777807043,5
Mota-Engil,H4,TrendFollowing,"fast=5,slow=20",-0.1804210222245417,0.49906269527181835,-0.03287630426970165,0.9940601094501776,4998,True,4,0.2866850747375368,5
Mota-Engil,H4,TrendFollowing,"fast=8,slow=21",0.8945973344553335,0.5013538846073735,0.16302170244911515,1.029982858021856,4998,True,4,0.5534852509007839,5
Mota-Engil,M15,MeanReversion,"window=20,z=1.5",0.2953900523523333,0.5392712550607287,0.34164046783983515,1.12503054290328,1352,True,4,0.19933114803155894,5
Mota-Engil,M15,MeanReversion,"window=50,z=1.5",0.3659346083136783,0.5247148288973384,0.43162710585894887,1.1520117667584262,1442,True,5,0.25911522850260826,5
Mota-Engil,M15,MeanReversion,"window=20,z=1.75",0.29490075903817714,0.5481120584652862,0.42647177979832324,1.194357058969637,894,True,4,0.2385745266146876,5
Mota-Engil,M15,MeanReversion,"window=50,z=1.75",0.38381320281813136,0.5370985603543743,0.5339642871665047,1.2367230254091577,990,True,5,0.20134383961512425,5
Mota-Engil,M15,MeanReversion,"window=20,z=2.0",0.2691029891191825,0.5504950495049505,0.4837697643349086,1.2911061834302373,540,True,5,0.2044339257444071,5
Mota-Engil,M15,MeanReversion,"window=50,z=2.0",0.17490003134732846,0.5328836424957841,0.29459121868084764,1.1532821226180499,641,True,5,0.10669639740840331,5
Mota-Engil,M15,MeanReversion,"window=100,z=2.0",0.24742212628097937,0.5313001605136437,0.409664245911427,1.2139274250993406,680,True,5,0.11024205019276523,5
Mota-Engil,M15,MeanReversion,"window=20,z=2.25",0.053340881521047656,0.5032467532467533,0.11973349043764055,1.0868679371600836,327,True,4,0.11003839470842813,5
Mota-Engil,M15,MeanReversion,"window=50,z=2.25",0.19792798005240564,0.5542857142857143,0.40710875885944486,1.2918091474835323,372,True,5,0.09407399760633406,5
Mota-Engil,M15,MeanReversion,"window=100,z=2.25",0.13880778567881735,0.5274151436031331,0.2975435617431221,1.1934628911569467,417,True,4,0.030769316582920037,5
Mota-Engil,M15,MeanReversion,"window=20,z=2.5",0.12000638159396826,0.5333333333333333,0.32868821843351936,1.3567842088994682,187,True,4,0.09712672619882756,5
Mota-Engil,M15,MeanReversion,"window=50,z=2.5",0.1023812869198979,0.5424528301886793,0.2702851169711649,1.2339964106143317,220,True,5,0.09757956660740985,5
Mota-Engil,M15,MeanReversion,"window=100,z=2.5",0.10378289277740838,0.5607476635514018,0.28476543033047774,1.2482042244199467,227,True,4,0.051433606030145906,5
Mowi,H1,MeanReversion,"window=100,z=2.25",0.06654479245294809,0.4935064935064935,0.14713844152400318,1.1085724749309334,409,True,4,0.02562969088429512,5
Mowi,H1,TrendFollowing,"fast=21,slow=55",-0.046909636536753285,0.5011719582356702,-0.030679971873918754,0.9939297253817452,4999,True,4,0.01932003912254643,5
Mowi,H1,VolatilityExpansion,"ema=20,mult=1.5",-0.061503833411509,0.491183879093199,-0.06919206860335596,0.9770153884788668,1688,True,4,0.11225876858880124,5
Mowi,H4,TrendFollowing,"fast=5,slow=20",0.024475598534660192,0.4983559391697493,0.007595030592214763,1.0015041951766304,4999,True,4,0.2625054240189286,5
Mowi,M15,MeanReversion,"window=50,z=1.5",0.04439218251132915,0.5321805955811719,0.09728012107100954,1.0398847447489612,1293,True,4,0.03814454690168767,5
Mowi,M15,MeanReversion,"window=50,z=1.75",0.1042322066089163,0.5449438202247191,0.2960393683933288,1.1388305916061872,863,True,4,0.0459308491978091,5
Mowi,M15,MeanReversion,"window=100,z=1.75",0.1902289639914293,0.5447570332480819,0.5185203624574286,1.2509254833059056,973,True,4,0.026134468729978377,5
Mowi,M15,MeanReversion,"window=50,z=2.0",0.1085397673387033,0.5470459518599562,0.3715280445041655,1.2169171880188439,559,True,5,0.06610221573639186,5
Mowi,M15,MeanReversion,"window=50,z=2.25",0.06477402077042926,0.5331125827814569,0.2466036101302579,1.173928953142071,360,True,4,0.03732321426937557,5
NOS,H1,MeanReversion,"window=20,z=1.5",1.4227931832445904,0.5725338491295938,1.5527417521689224,1.9518754177147652,1267,True,5,0.4698659701581782,5
NOS,H1,MeanReversion,"window=100,z=1.5",0.41897076259897703,0.5119402985074627,0.41904339212834557,1.1720777543635923,1637,True,4,0.06299988079918772,5
NOS,H1,MeanReversion,"window=20,z=1.75",1.2650648931053081,0.5963855421686747,1.673903568852665,2.5254618842568317,800,True,5,0.34589686990627855,5
NOS,H1,MeanReversion,"window=50,z=1.75",0.7472709155086169,0.5345413363533409,0.8860990804002014,1.491907556089139,1071,True,5,0.19574118901906257,5
NOS,H1,MeanReversion,"window=20,z=2.0",1.1597155455341746,0.6446700507614214,1.7194122263585787,3.653585615977619,469,True,5,0.3107866642493913,5
NOS,H1,MeanReversion,"window=50,z=2.0",0.7069448554603052,0.5671902268760908,0.9757346281951733,1.7376110886351324,697,True,4,0.0796681303621738,5
NOS,H1,MeanReversion,"window=20,z=2.25",0.9353527212130892,0.6666666666666666,1.511076977290843,4.1344243325734595,271,True,5,0.2565503605583699,5
NOS,H1,MeanReversion,"window=50,z=2.25",0.6645680522229053,0.5955056179775281,1.0513508453772935,2.1744866251332375,426,True,5,0.12010640733618327,5
NOS,H1,MeanReversion,"window=20,z=2.5",0.7532761306003001,0.7253521126760564,1.3864699692878344,5.439338549720615,156,True,4,0.2214337976910543,5
NOS,H1,MeanReversion,"window=50,z=2.5",0.571002616585084,0.631578947368421,1.03118226584011,2.864077689970875,243,True,4,0.10863487902734303,5
NOS,H1,MeanReversion,"window=100,z=2.5",0.20138311906133233,0.5157894736842106,0.4116897847440226,1.3624855120160404,333,True,4,0.02407151233689986,5
NOS,H1,TrendFollowing,"fast=21,slow=55",0.4051100563107197,0.5082872928176796,0.2486485470523903,1.0578192969966378,4999,True,5,0.34292230832816795,5
NOS,H1,TrendFollowing,"fast=34,slow=89",0.22202349792004128,0.49949773982923157,0.13626193908133225,1.0312796003063944,4999,True,5,0.4397841922326401,5
NOS,H1,TrendFollowing,"fast=50,slow=200",-0.059062351990929685,0.49472626820693116,-0.03624695196082342,0.9918406067141352,4999,True,5,0.3557510602172985,5
NOS,H4,MeanReversion,"window=20,z=1.5",1.663454498053221,0.5433962264150943,0.8564825026793794,1.3696872521209795,1402,True,5,0.6783998495457845,5
NOS,H4,MeanReversion,"window=20,z=1.75",1.7859861300633773,0.5771971496437055,1.1072281512710278,1.680974995060932,895,True,5,0.6336885628183896,5
NOS,H4,MeanReversion,"window=50,z=1.75",1.1637092805352667,0.5397784491440081,0.7292222147212009,1.3493346148329288,1052,True,4,0.4613969555160773,5
NOS,H4,MeanReversion,"window=20,z=2.0",1.5169528042100136,0.60546875,1.1562667684178618,2.005648404833026,543,True,5,0.5704640584860815,5
NOS,H4,MeanReversion,"window=20,z=2.25",1.034882233301993,0.627906976744186,1.0384482247767186,2.1716505127046752,315,True,5,0.4009007766855579,5
NOS,H4,MeanReversion,"window=50,z=2.25",0.6767778309611404,0.5739795918367347,0.6455677673900817,1.5280472275613155,416,True,4,0.2924746939236954,5
NOS,H4,MeanReversion,"window=20,z=2.5",0.8994347700000472,0.6892655367231638,1.1654662358026144,3.11785150346372,184,True,4,0.3272449570847107,5
NOS,H4,MeanReversion,"window=50,z=2.5",0.5291182703358693,0.5929203539823009,0.6684284928524115,1.8307785761494084,240,True,5,0.234694757053026,5
NOS,H4,MeanReversion,"window=100,z=2.5",0.11881053528380703,0.5309090909090909,0.15095584158347555,1.1148658551412178,285,True,4,0.11239227820855091,5
NOS,H4,MeanReversion,"window=50,z=2.75",0.3124554267178944,0.6466165413533834,0.4989519539787685,1.7758001317662515,138,True,4,0.11363444646399112,5
NOS,H4,TrendFollowing,"fast=10,slow=30",0.006534724501459088,0.5004264392324094,0.0019960399911350866,1.0003926396674496,4999,True,4,0.2698209650266409,5
NOS,H4,TrendFollowing,"fast=13,slow=34",-0.3071406973734203,0.49829424307036246,-0.09381815843726204,0.9817177014295286,4999,True,4,0.22298162742210115,5
NOS,H4,TrendFollowing,"fast=34,slow=89",-0.012988375395758478,0.5066098081023455,-0.003967316037398349,0.9992200494416386,4999,True,4,0.20489974234631492,5
NOS,H4,TrendFollowing,"fast=50,slow=200",-0.7207844814721103,0.5076759061833689,-0.2201857255030821,0.9576176587369817,4999,True,4,0.4420496474633079,5
NOS,M15,MeanReversion,"window=20,z=1.5",0.6316481393190844,0.5870445344129555,1.200686194084615,1.8368715132831916,1236,True,5,0.20285046893492098,5
NOS,M15,MeanReversion,"window=50,z=1.5",0.6365458468767621,0.5862068965517241,1.2034772678405965,1.788521989043319,1379,True,5,0.1740922762547158,5
NOS,M15,MeanReversion,"window=20,z=1.75",0.5221707491332906,0.5942857142857143,1.121643051120922,1.9830032934536268,844,True,5,0.15173017034493885,5
NOS,M15,MeanReversion,"window=50,z=1.75",0.6311483056287697,0.599644128113879,1.3690227856023807,2.2502218079461835,925,True,4,0.18367557238939647,5
NOS,M15,MeanReversion,"window=20,z=2.0",0.4526714877931951,0.6147058823529412,1.122270736957183,2.3535673869986673,541,True,5,0.12237357284525752,5
NOS,M15,MeanReversion,"window=50,z=2.0",0.5350444260405887,0.6223404255319149,1.2803028086103116,2.647236833009226,598,True,4,0.13892046333671837,5
NOS,M15,MeanReversion,"window=20,z=2.25",0.4294561014253504,0.6543778801843319,1.1866589694929963,3.358847800483005,325,True,5,0.1542389865720225,5
NOS,M15,MeanReversion,"window=50,z=2.25",0.4513051431444718,0.6493506493506493,1.1598657805255705,3.181482157144034,352,True,5,0.14205221325033557,5
NOS,M15,MeanReversion,"window=100,z=2.25",0.37982446564219763,0.6434108527131783,1.0358658701911663,2.4988171772653196,411,True,4,0.07532337677449974,5
NOS,M15,MeanReversion,"window=20,z=2.5",0.3794710748744956,0.6564885496183206,1.109945391215418,4.338878594385687,185,True,5,0.1453362276462956,5
NOS,M15,MeanReversion,"window=50,z=2.5",0.37834864860512907,0.6736111111111112,1.0372197381726047,3.7405031862674356,205,True,5,0.12324056315407927,5
NOS,M15,MeanReversion,"window=100,z=2.5",0.3455208343268116,0.6707317073170732,1.0236126521244806,3.258003947141764,245,True,4,0.07194728021019847,5
NOS,M15,MeanReversion,"window=20,z=2.75",0.3309727056387103,0.7045454545454546,1.065570612301859,6.3106214146096,120,True,4,0.14486636762979266,5
NOS,M15,MeanReversion,"window=50,z=2.75",0.29652650769806344,0.6914893617021277,0.9265484445643318,4.268588047919061,125,True,5,0.08142803371734919,5
NaturgyEnergy,H1,MeanReversion,"window=50,z=1.5",0.14051676076811137,0.49263622974963184,0.17479237649555796,1.0700719908816514,1567,True,4,0.11029283889408137,5
NaturgyEnergy,H1,MeanReversion,"window=20,z=1.75",-0.003522153355258628,0.49287410926365793,-0.005185159300823969,0.9972853833811609,951,True,4,0.10212907752251221,5
NaturgyEnergy,H1,MeanReversion,"window=100,z=1.75",0.13829228923740977,0.5056053811659192,0.19419521775832177,1.097089211900303,1012,True,4,0.14191579721161574,5
NaturgyEnergy,H1,MeanReversion,"window=20,z=2.0",0.05608167660280472,0.4931237721021611,0.09873365679596444,1.069304229833323,578,True,4,0.11672688607699966,5
NaturgyEnergy,H1,MeanReversion,"window=50,z=2.0",0.03710761321646505,0.5200729927007299,0.06983421477593382,1.0425432649101845,628,True,4,0.04948383215061436,5
NaturgyEnergy,H4,MeanReversion,"window=20,z=1.75",0.4477504486842233,0.5294117647058824,0.3386141312871304,1.164780002002265,910,True,4,0.13841898425020094,5
NaturgyEnergy,H4,MeanReversion,"window=50,z=2.0",0.42893027347654855,0.5506993006993007,0.41940975517502166,1.2505018375094368,596,True,4,0.10978437192234547,5
NaturgyEnergy,H4,MeanReversion,"window=20,z=2.25",0.22130767294466547,0.528169014084507,0.27799890462663124,1.2460885425169552,299,True,4,0.043431866015367304,5
NaturgyEnergy,H4,MeanReversion,"window=50,z=2.25",0.2456868749084311,0.5393258426966292,0.29151030539881084,1.2210175285058795,368,True,4,0.10232216905237423,5
NaturgyEnergy,H4,MeanReversion,"window=100,z=2.25",0.17997385224170692,0.530562347188264,0.17777827838526042,1.1301369676975508,429,True,4,0.11217314697689984,5
NaturgyEnergy,M15,MeanReversion,"window=50,z=1.75",-0.05762335804435037,0.4759556103575832,-0.1596288236060564,0.9164172841161039,1101,True,5,0.0327305799105414,5
NaturgyEnergy,M15,MeanReversion,"window=100,z=1.75",-0.054446214097416124,0.4779582366589327,-0.1512197847700717,0.9226998907784298,1189,True,4,0.02648505045318017,5
NaturgyEnergy,M15,MeanReversion,"window=50,z=2.0",-0.057507037510822645,0.48154981549815495,-0.27097744235197474,0.8782024478775484,715,True,5,0.02968554374781396,5
NaturgyEnergy,M15,MeanReversion,"window=50,z=2.25",-0.05831196168220476,0.46301369863013697,-0.33620238920856704,0.8220461559772266,466,True,4,0.013080847840474474,5
Navigator,H1,MeanReversion,"window=20,z=1.5",1.1141176412842992,0.5655806182121972,1.2633865042661412,1.6543197038741257,1298,True,4,0.3373633167829624,5
Navigator,H1,MeanReversion,"window=50,z=1.5",1.123002059974815,0.5431098010316876,1.179942131912894,1.5741823637580477,1481,True,4,0.29556691259118095,5
Navigator,H1,MeanReversion,"window=20,z=1.75",0.8783537005375673,0.5809399477806788,1.1877141043509387,1.7972114233522292,830,True,4,0.2877053300949699,5
Navigator,H1,MeanReversion,"window=50,z=2.0",0.9726072375663476,0.5910714285714286,1.4117737115968865,2.4579913647280165,604,True,5,0.22737225970255281,5
Navigator,H1,MeanReversion,"window=50,z=2.25",0.5818939161798331,0.590625,1.0966174155883648,2.3779411339810714,345,True,4,0.1478160796279867,5
Navigator,H1,MeanReversion,"window=100,z=2.25",0.5557550544890193,0.5477386934673367,0.9699809672620221,2.066891944012607,433,True,4,0.05850847587757746,5
Navigator,H1,MeanReversion,"window=20,z=2.5",0.370128392679809,0.6411764705882353,0.915179239416328,2.5596595716247568,180,True,4,0.07192426476358948,5
Navigator,H1,MeanReversion,"window=50,z=2.5",0.41360227881357814,0.5693069306930693,0.87740117360145,2.3118756526904822,216,True,5,0.1394556224790937,5
Navigator,H1,MeanReversion,"window=100,z=2.5",0.45266781333665895,0.5633187772925764,0.9031003513367016,2.548510037399524,250,True,4,0.06975364553883334,5
Navigator,H1,MeanReversion,"window=20,z=2.75",0.3032412007274915,0.6504854368932039,0.8764133256045111,3.4295136191941613,108,True,4,0.08980342989457502,5
Navigator,H1,MeanReversion,"window=50,z=2.75",0.3524635753410259,0.5658914728682171,0.8430269280548431,2.8603718592968326,137,True,5,0.106800935886039,5
Navigator,H4,MeanReversion,"window=20,z=1.5",1.7292326758986105,0.5381263616557734,0.8342518073900197,1.3485859583175088,1426,True,5,1.248007613183188,5
Navigator,H4,MeanReversion,"window=50,z=1.5",0.6630975983628182,0.5007122507122507,0.32288928813066253,1.12040062551578,1451,True,4,0.4793878568857748,5
Navigator,H4,MeanReversion,"window=20,z=1.75",1.2305609708390746,0.5451428571428572,0.7176526132460718,1.3863653798624078,906,True,5,0.9410428298661754,5
Navigator,H4,MeanReversion,"window=50,z=1.75",0.49522447187304675,0.49646107178968657,0.27803650528999996,1.1235597246437197,1021,True,4,0.496155290953873,5
Navigator,H4,MeanReversion,"window=20,z=2.0",1.3242596965123896,0.5753176043557169,0.8993438148125684,1.688513214185531,567,True,5,0.8722574878820161,5
Navigator,H4,MeanReversion,"window=50,z=2.0",0.6655583980001395,0.5038759689922481,0.4562739134378347,1.266918229759438,670,True,4,0.4616226193770553,5
Navigator,H4,MeanReversion,"window=100,z=2.0",0.4406974418871411,0.5071428571428571,0.28826236977436537,1.160900730679514,719,True,4,0.3056580723214939,5
Navigator,H4,MeanReversion,"window=20,z=2.25",0.7944617067361611,0.5878594249201278,0.6619518355457558,1.6738019505498882,323,True,4,0.49050526658324656,5
Navigator,H4,MeanReversion,"window=50,z=2.25",0.4795096351493524,0.507537688442211,0.3847080676980254,1.2883147171763214,415,True,5,0.43415936104165553,5
Navigator,H4,MeanReversion,"window=50,z=2.5",0.2667706304048203,0.5040650406504065,0.28056659052211996,1.2608358695489759,254,True,4,0.1596795057809649,5
Navigator,H4,MeanReversion,"window=50,z=3.0",0.09289129943218533,0.4805194805194805,0.19206268306296492,1.288408431739306,79,True,4,0.05587471229366281,5
Navigator,M15,MeanReversion,"window=20,z=1.5",0.6083136983540459,0.571290944123314,1.2272840210332776,1.7298494699761964,1294,True,5,0.18099931552782667,5
Navigator,M15,MeanReversion,"window=50,z=1.5",0.4445246866570367,0.552,0.8859479986103858,1.4644195542540053,1403,True,4,0.16434700263897872,5
Navigator,M15,MeanReversion,"window=20,z=1.75",0.5103146669972604,0.593974175035868,1.1392342117024663,1.8832039880457943,862,True,5,0.1691887725420982,5
Navigator,M15,MeanReversion,"window=50,z=1.75",0.3646016092177917,0.5535006605019815,0.8317240089451412,1.547679386665834,928,True,5,0.12513805698790248,5
Navigator,M15,MeanReversion,"window=100,z=1.75",0.22820994052077392,0.5325153374233129,0.5239892399679446,1.3045017180057308,995,True,4,0.08240166310505459,5
Navigator,M15,MeanReversion,"window=20,z=2.0",0.4449995305752509,0.6216814159292036,1.0849138708059292,2.155186889875828,543,True,5,0.15457496480072097,5
Navigator,M15,MeanReversion,"window=50,z=2.0",0.34263543502477234,0.5595238095238095,0.8746318974563979,1.7589788454897064,596,True,5,0.1533014920984127,5
Navigator,M15,MeanReversion,"window=20,z=2.25",0.356316735033688,0.6410256410256411,1.0122718366048564,2.57070687231365,324,True,4,0.10823383325315461,5
Navigator,M15,MeanReversion,"window=50,z=2.25",0.18702825438188164,0.5644171779141104,0.6111767512062565,1.590490977896459,367,True,5,0.08290502136972688,5
Navigator,M15,MeanReversion,"window=20,z=2.5",0.24094216394585088,0.6858974358974359,0.8199465025089087,2.8092373836887994,184,True,5,0.08827508342516621,5
Navigator,M15,MeanReversion,"window=50,z=2.5",0.13363539610088015,0.5735294117647058,0.4891180577752389,1.6111111440565398,225,True,5,0.07233774555048123,5
Navigator,M15,TrendFollowing,"fast=5,slow=20",-0.5107765489445543,0.46784396415392726,-0.6169737502843397,0.8639432559411571,4999,True,5,0.08595905341777721,5
Navigator,M15,TrendFollowing,"fast=8,slow=21",-0.2657478636742415,0.4728518713758566,-0.3208236558650841,0.9268240648841728,4999,True,4,0.1253924337168788,5
Navigator,M15,TrendFollowing,"fast=13,slow=34",-0.11008400406010443,0.4918292040063258,-0.13287624409174156,0.9690235555717598,4999,True,4,0.03376520782666548,5
Navigator,M15,TrendFollowing,"fast=21,slow=55",-0.09765673363635663,0.4992092778070638,-0.1178751011702902,0.9724723238915643,4999,True,4,0.08918992179552543,5
NorskHydro,H1,MeanReversion,"window=20,z=1.5",-0.050166926640131226,0.48892284186401835,-0.046476827370743094,0.9830527983934346,1359,True,4,0.0983706111242112,5
NorskHydro,H1,MeanReversion,"window=50,z=1.5",0.20741332568375537,0.49857752489331436,0.1824459961822757,1.0676376846144953,1441,True,4,0.16116653782911305,5
NorskHydro,H1,MeanReversion,"window=20,z=1.75",-0.0038603617856812766,0.5,-0.004697338531842726,0.9979079914549355,861,True,4,0.09831002440271874,5
NorskHydro,H1,MeanReversion,"window=50,z=1.75",0.061453360252304634,0.4900314795383001,0.06522534209769902,1.0286879383678051,982,True,4,0.10595158069118926,5
NorskHydro,H1,MeanReversion,"window=100,z=2.0",0.17569441668067787,0.5096153846153846,0.25258219280296107,1.138279747627904,645,True,4,0.029393768369242235,5
NorskHydro,H1,MeanReversion,"window=20,z=2.25",-0.042223541005098064,0.5113636363636364,-0.08504304317722694,0.9341718103732215,273,True,4,0.07475449784365473,5
NorskHydro,H4,MeanReversion,"window=20,z=1.5",0.14815776545601478,0.48068669527896996,0.06698023128145214,1.023511982921203,1422,True,4,0.36746394419608697,5
NorskHydro,H4,MeanReversion,"window=50,z=1.5",0.19508795813656565,0.47941567065073043,0.08800261136747764,1.0292211672215545,1535,True,5,0.31876438735082135,5
NorskHydro,H4,MeanReversion,"window=100,z=1.5",-0.1436220085520249,0.48193508879363134,-0.059170264863300334,0.9813764857783015,1664,True,4,0.38919355464126115,5
NorskHydro,H4,MeanReversion,"window=50,z=1.75",-0.0465051109796204,0.46707193515704154,-0.025168540721932753,0.9900000192385823,1009,True,4,0.20856670577234682,5
NorskHydro,H4,MeanReversion,"window=100,z=1.75",-0.37509250007901274,0.47602131438721135,-0.1843605951840377,0.9318997732792031,1148,True,4,0.1299560122580138,5
NorskHydro,H4,MeanReversion,"window=100,z=2.0",0.08638935161207562,0.4801641586867305,0.04904584870287978,1.0239521289288818,745,True,4,0.08478752116206345,5
NorskHydro,H4,MeanReversion,"window=50,z=2.25",-0.09004468803695709,0.4776536312849162,-0.08475794871976831,0.9443686597599734,365,True,4,0.11095769090305374,5
NorskHydro,H4,MeanReversion,"window=50,z=2.5",-0.08875329067999527,0.4631578947368421,-0.11137742786942662,0.8999269990633503,195,True,4,0.10074314261967121,5
NorskHydro,M15,TrendFollowing,"fast=5,slow=20",0.033214264936755944,0.4914409534127844,0.037579956284313404,1.0076575084128852,4999,True,4,0.1879051960974909,5
NorskHydro,M15,TrendFollowing,"fast=8,slow=21",-0.08397580146258576,0.49014084507042255,-0.09501503790911135,0.9808975364773547,4999,True,4,0.11010266570277216,5
NorskHydro,M15,VolatilityExpansion,"ema=20,mult=2.0",-0.011320738612423997,0.4847161572052402,-0.026773869258061262,0.9885017130399368,994,True,4,0.04027328080152426,5
OCI,H1,MeanReversion,"window=20,z=1.5",0.6570486812190375,0.537156704361874,0.3387697001344729,1.2368803640131172,1375,True,4,0.09097608734313323,5
OCI,H1,MeanReversion,"window=50,z=2.0",0.7449256528438268,0.5627450980392157,0.41484900847329526,1.5831954822634706,550,True,4,0.07830620342215633,5
OCI,H4,MeanReversion,"window=50,z=1.5",-0.06198193024296994,0.4781439139206456,-0.019065296363976855,0.992473505579003,1526,True,4,0.5150684674520066,5
OCI,H4,MeanReversion,"window=20,z=1.75",0.31449406031725957,0.5016574585635359,0.11613958378556632,1.0611864974007144,922,True,4,0.4280456675631009,5
OCI,H4,MeanReversion,"window=100,z=1.75",-0.30937644558367505,0.46611053180396245,-0.10323784077930613,0.9482021038637766,982,True,5,0.28596462427690295,5
OCI,H4,MeanReversion,"window=20,z=2.0",-0.008008944730119483,0.4896810506566604,-0.0035312053407276353,0.9975487428333817,543,True,4,0.23890765925308632,5
OCI,H4,MeanReversion,"window=100,z=2.0",-0.19728938445327449,0.46412213740458014,-0.06996125632698065,0.9559675071897177,669,True,5,0.2649701564200718,5
OCI,H4,MeanReversion,"window=50,z=2.25",-0.17043609044390584,0.4550408719346049,-0.10278870018956617,0.9314357972178784,378,True,4,0.04899938763740219,5
OCI,H4,MeanReversion,"window=100,z=2.25",-0.552686895911498,0.4569377990430622,-0.27471348547060076,0.8262980267376335,431,True,5,0.2507638025925718,5
OCI,H4,MeanReversion,"window=20,z=2.75",0.22953083630355098,0.5844155844155844,0.30279512929675956,1.5241119171384558,80,True,4,0.09936507675170225,5
OCI,M15,MeanReversion,"window=20,z=1.5",0.542080637144776,0.5641646489104116,0.30101932541739723,1.3497804227015244,1295,True,4,0.07504487946464433,5
OCI,M15,MeanReversion,"window=50,z=1.5",0.532450656236448,0.5517633674630261,0.3001420735912393,1.3311115593017224,1377,True,4,0.045217768396451974,5
OCI,M15,MeanReversion,"window=50,z=2.0",0.47265888302248793,0.5367647058823529,0.28252339394368114,1.623989827900831,597,True,4,0.01999931456584214,5
OCI,M15,MeanReversion,"window=100,z=2.25",0.030429094473617968,0.5316901408450704,0.06423377677813585,1.0505663640196814,414,True,4,0.028581923621174288,5
Orkla,H1,MeanReversion,"window=20,z=2.5",-0.004290842592235999,0.5652173913043478,-0.019784588941634297,0.9792824006591113,157,True,4,0.02302771814128013,5
Orkla,H1,TrendFollowing,"fast=8,slow=21",0.18674858747626344,0.510024780355936,0.13528309297798566,1.0322536167077803,4999,True,4,0.08931721636220835,5
Orkla,H1,TrendFollowing,"fast=10,slow=30",-0.02979557438720659,0.5113764361342644,-0.021583535649380106,0.9949484270992957,4999,True,4,0.11178572059784131,5
Orkla,H1,TrendFollowing,"fast=13,slow=34",-0.04894705775993191,0.5125028159495382,-0.03545668264081143,0.9917149152218432,4999,True,4,0.1635388428310397,5
Orkla,H1,VolatilityExpansion,"ema=20,mult=3.0",0.04471485567283329,0.5121951219512195,0.12822738443303563,1.0872282746685453,403,True,4,0.04643834547574632,5
Orkla,H4,MeanReversion,"window=20,z=2.0",0.26874182228247956,0.528046421663443,0.39045969839022254,1.2456797075702553,531,True,4,0.0675441982424152,5
Orkla,H4,VolatilityExpansion,"ema=20,mult=3.0",-0.22282563661718635,0.4721030042918455,-0.4057993754169317,0.7030705373569689,247,True,4,0.03457499807934705,5
Orkla,H4,VolatilityExpansion,"ema=20,mult=3.5",-0.029702287330456878,0.5,-0.08464837127758978,0.9079831706270762,122,True,4,0.07544457997516107,5
Orkla,M15,MeanReversion,"window=50,z=1.5",0.06495779515001143,0.5100200400801603,0.21143391909481937,1.0810808586545195,1470,True,4,0.044371445962138156,5
Orkla,M15,MeanReversion,"window=100,z=1.5",0.05235821326250245,0.5046040515653776,0.16858844430191247,1.060551667296552,1604,True,5,0.05439661102772464,5
Orkla,M15,MeanReversion,"window=20,z=1.75",0.0722426375103068,0.5298621745788668,0.23939833670123808,1.1215128602327615,913,True,4,0.05188142866711842,5
Orkla,M15,MeanReversion,"window=100,z=1.75",0.07511218671562114,0.5108108108108108,0.28399949525193546,1.1292992803762572,1089,True,5,0.03582008678115978,5
Orkla,M15,TrendFollowing,"fast=50,slow=200",0.029482718342953018,0.50749850029994,0.045313580968402455,1.0106463207473957,4999,True,4,0.058466246132167554,5
PGS,H1,TrendFollowing,"fast=5,slow=20",1.0829292266065143,0.5044934640522876,0.1743053908260399,1.0402235470749557,4999,True,4,0.4902465548490915,5
PGS,H1,TrendFollowing,"fast=8,slow=21",1.403415272854278,0.5063316993464052,0.22589922224024495,1.0524395688868393,4999,True,4,0.5103101015918305,5
PGS,H1,TrendFollowing,"fast=10,slow=30",0.6168025110562689,0.5073529411764706,0.09927483803414557,1.0227134460590754,4999,True,4,0.5430374230804464,5
PGS,H1,TrendFollowing,"fast=13,slow=34",-0.00300959071800333,0.5040849673202614,-0.0004843864647471514,0.9998904238152551,4999,True,4,0.38307285816100145,5
PGS,H1,VolatilityExpansion,"ema=50,mult=1.5",-0.37190569623972625,0.4949892627057981,-0.07741295475320097,0.9764244533684463,2854,True,4,0.26594166954013765,5
PGS,H1,VolatilityExpansion,"ema=20,mult=2.0",0.5998782083291734,0.49434389140271495,0.1937346492396183,1.10956341026795,897,True,4,0.06169975919336079,5
PGS,H1,VolatilityExpansion,"ema=50,mult=2.0",0.2850562899226948,0.5013824884792627,0.06435751095399131,1.023289460006092,2217,True,4,0.4991342297188044,5
PGS,H1,VolatilityExpansion,"ema=50,mult=2.5",0.47638487656919826,0.5088902513795218,0.1221282771238597,1.051890811052285,1665,True,5,0.5327388873473597,5
PGS,H1,VolatilityExpansion,"ema=50,mult=3.0",0.7597864319128347,0.5104953820319059,0.22291491763506277,1.1130864756440944,1218,True,5,0.4317650711415023,5
PGS,H1,VolatilityExpansion,"ema=50,mult=3.5",0.38460060778337923,0.521889400921659,0.12497969694607562,1.0750123515734993,885,True,5,0.23712796992312524,5
PGS,H4,MeanReversion,"window=50,z=2.0",-0.09049230964067945,0.4858420268256334,-0.02353407331319197,0.9862936564324583,676,True,5,0.7943169322138748,5
PGS,H4,MeanReversion,"window=100,z=2.0",-0.8279738468936855,0.5008291873963516,-0.18713574912915837,0.8768720670692206,608,True,4,0.12378117070843464,5
PGS,H4,MeanReversion,"window=50,z=2.25",-0.27595864911259715,0.4729064039408867,-0.08250737813180883,0.9376268865915897,410,True,5,0.512248688587388,5
PGS,H4,MeanReversion,"window=50,z=2.5",-0.4468686223474927,0.45121951219512196,-0.14556164686744266,0.860067422460667,248,True,4,0.49821608885800617,5
PGS,H4,TrendFollowing,"fast=5,slow=20",4.07832784377471,0.5114488348530901,0.4245486916377214,1.093248416709092,4999,True,4,2.8029502297640825,5
PGS,H4,TrendFollowing,"fast=8,slow=21",2.167528369191875,0.5078014184397163,0.22557903080031622,1.0484997232828184,4999,True,4,2.553456920723032,5
PGS,H4,TrendFollowing,"fast=21,slow=55",2.075176187024248,0.5013171225937183,0.21596593486243765,1.046385362683599,4999,True,4,2.1251658439254326,5
PGS,H4,TrendFollowing,"fast=34,slow=89",-0.2293756124913532,0.49625126646403245,-0.023869197384760298,0.9950016224730385,4999,True,4,1.110630670683039,5
PGS,H4,TrendFollowing,"fast=50,slow=200",0.033953257953914795,0.4998986828774063,0.003533227054550366,1.0007420123016493,4999,True,5,2.8160332812928237,5
PGS,H4,VolatilityExpansion,"ema=50,mult=1.5",1.5722048386957224,0.5075571177504393,0.20923582305104318,1.0603296868888856,2879,True,4,1.901311931000619,5
PGS,H4,VolatilityExpansion,"ema=50,mult=2.0",1.1428483318850957,0.509838216003498,0.1713766797656291,1.0549699047895327,2315,True,4,1.788412988076844,5
PGS,H4,VolatilityExpansion,"ema=50,mult=3.0",0.8198862155593166,0.5048387096774194,0.14929732382522184,1.067544367389887,1251,True,4,1.4390069490949766,5
PGS,M15,MeanReversion,"window=100,z=1.5",0.06709206121947853,0.5016181229773463,0.0678874693810704,1.0249729536449226,1607,True,4,0.09622279418060742,5
PGS,M15,MeanReversion,"window=20,z=2.25",-0.03287842207182956,0.5132743362831859,-0.06145775076553372,0.9573852192009533,349,True,5,0.06974388181645053,5
PGS,M15,MeanReversion,"window=50,z=2.25",0.023151795680565357,0.5264550264550265,0.04418373900079986,1.02967827366173,388,True,4,0.03162662200580635,5
PGS,M15,MeanReversion,"window=20,z=2.5",-0.0976465937173806,0.49214659685863876,-0.23596367896188428,0.8027485915274797,195,True,4,0.04310891305138931,5
PGS,M15,MeanReversion,"window=50,z=2.5",-0.002258382912119994,0.5058823529411764,-0.005040245760389573,0.9959847025130716,261,True,4,0.030612935571453948,5
PGS,M15,MeanReversion,"window=50,z=2.75",-0.030338215242574074,0.5,-0.08052952858164067,0.9254108200101494,173,True,4,0.02338839494728051,5
Philips,H1,MeanReversion,"window=50,z=1.5",0.14214897096707246,0.5115143056524774,0.14056380201564228,1.053786007523998,1510,True,4,0.07891442977207563,5
Philips,H1,MeanReversion,"window=50,z=1.75",0.046050245415208635,0.507201646090535,0.053506685763717254,1.0244456497787662,1030,True,4,0.03952492207728742,5
Philips,H1,MeanReversion,"window=50,z=2.0",0.0611398712752419,0.5218855218855218,0.08187572286345171,1.050066161621115,629,True,4,0.08937601312189491,5
Philips,H1,MeanReversion,"window=100,z=2.25",0.04836708851188953,0.4904632152588556,0.06392412512850451,1.0505392746072395,384,True,4,0.015702649501815436,5
Philips,H1,MeanReversion,"window=50,z=2.5",0.06852238951520417,0.5625,0.13014616144333224,1.156806043950045,197,True,5,0.05366986668956275,5
Philips,H1,MeanReversion,"window=100,z=3.0",-0.05176299914351046,0.4523809523809524,-0.08695061339826653,0.8953766222875403,127,True,4,0.06178093379163785,5
Philips,H1,VolatilityExpansion,"ema=50,mult=1.5",0.17306671391717565,0.4988155668358714,0.08323222937518865,1.0318486376840217,3110,True,4,0.120904143456258,5
Philips,H4,MeanReversion,"window=20,z=1.5",0.5881732996384172,0.5126536514822849,0.2856501706391029,1.1168769207013671,1400,True,4,0.3599821635238042,5
Philips,H4,MeanReversion,"window=50,z=1.5",0.13932561956367506,0.5048209366391184,0.05287705064863248,1.0242668617431676,1469,True,5,0.3372336594968912,5
Philips,H4,MeanReversion,"window=100,z=1.5",0.07929986194803718,0.5206220419202163,0.028407710013677253,1.0128557846655082,1490,True,5,0.30354323426557195,5
Philips,H4,MeanReversion,"window=20,z=1.75",0.6819471400370114,0.52479815455594,0.4091398772321555,1.2203655496587078,879,True,5,0.3234397845924304,5
Philips,H4,MeanReversion,"window=50,z=1.75",0.3987421323830035,0.5024342745861733,0.22343320244243417,1.1019861019671915,1039,True,4,0.21640183139743885,5
Philips,H4,MeanReversion,"window=20,z=2.0",0.4734741217897167,0.5236220472440944,0.40272295361835037,1.2629858434727468,514,True,4,0.21609097096810725,5
Philips,H4,MeanReversion,"window=100,z=2.0",0.293786277354136,0.5142857142857142,0.19093769842671027,1.1133369744141886,633,True,4,0.07509507197663778,5
Philips,H4,MeanReversion,"window=100,z=2.25",0.4165000439607224,0.5170603674540682,0.39037317947442957,1.287649906445155,383,True,4,0.13562501898582502,5
Philips,H4,MeanReversion,"window=100,z=2.5",0.2290372359414805,0.5152838427947598,0.25682727501926766,1.2354959104360506,230,True,4,0.08625328249271569,5
Philips,H4,MeanReversion,"window=100,z=2.75",0.28617270290541996,0.524822695035461,0.38804266827289785,1.4952834720944432,140,True,4,0.10599671468102112,5
Philips,H4,VolatilityExpansion,"ema=20,mult=3.5",-0.013002615699180597,0.5,-0.017671344626104788,0.9806218830719653,131,True,4,0.04471411702012307,5
Philips,M15,MeanReversion,"window=20,z=1.5",0.1294717771229923,0.5159533073929962,0.2580469885106313,1.1158562191772246,1414,True,4,0.048102038473396225,5
Philips,M15,TrendFollowing,"fast=10,slow=30",0.07514403869038289,0.5001131477709889,0.07906082858772037,1.019917432526348,4999,True,4,0.17615347834508877,5
Philips,M15,TrendFollowing,"fast=13,slow=34",0.12923071262754593,0.5032812853586784,0.1359700052181286,1.0345007711469538,4999,True,4,0.18167205139061104,5
Philips,M15,TrendFollowing,"fast=21,slow=55",0.4983305624409534,0.5041864675265897,0.5245851740248312,1.1399339510133866,4999,True,4,0.19703835699744598,5
Philips,M15,TrendFollowing,"fast=34,slow=89",0.3648446371439428,0.5078071961982349,0.38396924384155856,1.1005655929942582,4999,True,5,0.22167744058431993,5
Philips,M15,TrendFollowing,"fast=50,slow=200",0.09889131112711846,0.5028286942747228,0.10404684282483716,1.0262945606016713,4999,True,4,0.19999148713787374,5
Philips,M15,VolatilityExpansion,"ema=50,mult=1.5",0.093658555385429,0.5021246458923513,0.11304198589819318,1.0377261905915047,3180,True,5,0.13755434465256833,5
PostNL,H1,MeanReversion,"window=20,z=1.5",1.2927888774952807,0.6020942408376964,0.8496123256624772,1.486102996913367,1271,True,5,0.428062245659125,5
PostNL,H1,MeanReversion,"window=50,z=1.5",0.8373576481328049,0.5598086124401914,0.548915267780387,1.2645892742249967,1384,True,4,0.2667903979775763,5
PostNL,H1,MeanReversion,"window=100,z=1.5",0.9289216114379102,0.569620253164557,0.6373351479569945,1.2967837966772677,1394,True,5,0.4047932607770274,5
PostNL,H1,MeanReversion,"window=20,z=1.75",1.052659039339008,0.6195372750642674,0.7925970538294725,1.5940103613024539,842,True,5,0.3436825343809987,5
PostNL,H1,TrendFollowing,"fast=50,slow=200",-0.25370055733619445,0.491725768321513,-0.0962194249327914,0.9784017666270862,4999,True,4,0.1892660742255663,5
PostNL,H4,MeanReversion,"window=50,z=1.5",1.3336853785313627,0.5470692717584369,0.5174921446499103,1.20152454368351,1461,True,4,0.34076568541161345,5
PostNL,H4,MeanReversion,"window=100,z=1.5",0.03991946715107508,0.5070052539404554,0.014908044273432857,1.005388426972577,1479,True,4,0.3252249027575793,5
PostNL,H4,MeanReversion,"window=50,z=2.0",0.3976462421971184,0.5381263616557734,0.22895824454546487,1.1347035569907276,590,True,4,0.011778410845170395,5
PostNL,M15,MeanReversion,"window=20,z=1.5",1.9195638668610704,0.7655367231638418,2.047230192356549,2.9841055908057905,1224,True,5,0.43195435445422636,5
PostNL,M15,MeanReversion,"window=20,z=1.75",1.5294219947427274,0.7790262172284644,1.883654397490945,3.2481748808663995,896,True,4,0.32304273541091977,5
PostNL,M15,MeanReversion,"window=20,z=2.0",1.2111443394612698,0.7864077669902912,1.6526525118961517,3.289147615313191,671,True,4,0.20494138561777475,5
PostNL,M15,MeanReversion,"window=20,z=2.25",0.8699888440495656,0.795774647887324,1.3792517265928457,3.3788908128074358,506,True,5,0.16749004587673755,5
PostNL,M15,MeanReversion,"window=20,z=2.5",0.5165012378549664,0.7448979591836735,0.9778751238649119,2.744148784262606,377,True,5,0.09650211871494618,5
PostNL,M15,MeanReversion,"window=20,z=2.75",0.3997269187291479,0.7468354430379747,0.8538753860147639,2.632123282415334,313,True,5,0.09591771397291937,5
PostNL,M15,MeanReversion,"window=20,z=3.0",0.2520866016851837,0.7068965517241379,0.6102750793587065,2.2210423547893057,261,True,4,0.08319895155403023,5
PostNL,M15,TrendFollowing,"fast=50,slow=200",-0.10758632027514503,0.4956293706293706,-0.06193606427655167,0.9829224585515706,4991,True,4,0.09586799644904498,5
Prysmian,H1,MeanReversion,"window=20,z=1.5",0.13790946177235164,0.5108777194298575,0.1346372273717494,1.0490010368102918,1371,True,4,0.0451756310872411,5
Prysmian,H1,MeanReversion,"window=100,z=1.5",-0.08398518066055882,0.5008998200359928,-0.06342076320173456,0.9781322632671934,1713,True,4,0.15685080824190034,5
Prysmian,H1,MeanReversion,"window=100,z=2.0",0.04383484813047245,0.5149359886201992,0.0592042430118937,1.027943745642957,723,True,4,0.06722644008087086,5
Prysmian,H1,MeanReversion,"window=20,z=2.25",0.10662947376725695,0.5268817204301075,0.22929157511069784,1.1771232857695983,282,True,4,0.045798917981556664,5
Prysmian,H1,MeanReversion,"window=20,z=2.5",0.030257126948393887,0.5424836601307189,0.0790273987512074,1.079089296002428,154,True,4,0.019310260435085325,5
Prysmian,H4,MeanReversion,"window=50,z=1.5",1.0690166496993525,0.5090118085767558,0.48285165273397906,1.1686839844333108,1635,True,4,0.32353951491812993,5
Prysmian,H4,MeanReversion,"window=100,z=1.5",0.39072589282071013,0.48890221955608876,0.16990090688357706,1.0566101647693467,1692,True,4,0.23571446402942375,5
Prysmian,H4,MeanReversion,"window=50,z=1.75",0.5435186036266472,0.5036764705882353,0.30436982020024445,1.1245254293857805,1104,True,4,0.10347472553941905,5
Prysmian,H4,MeanReversion,"window=100,z=1.75",0.45971946466418634,0.4957410562180579,0.23125392291926403,1.0944686992289918,1187,True,4,0.13046276521443323,5
Prysmian,H4,MeanReversion,"window=20,z=2.25",0.04605249880610329,0.4891304347826087,0.057831149205312876,1.0415115597636821,278,True,4,0.02964822770108777,5
Prysmian,H4,TrendFollowing,"fast=50,slow=200",-0.08745324558276457,0.5116751269035533,-0.02316497458130914,0.9957709580793072,4999,True,4,0.26551910994331107,5
Prysmian,M15,TrendFollowing,"fast=5,slow=20",-0.18855932304417455,0.4977654820174505,-0.17283533451237104,0.9651786703605371,4999,True,4,0.07653604390824753,5
Prysmian,M15,VolatilityExpansion,"ema=20,mult=2.0",0.054143685191800905,0.5046153846153846,0.09826061162895863,1.041559504506439,1025,True,5,0.09248767290711335,5
Prysmian,M15,VolatilityExpansion,"ema=20,mult=2.5",0.024779596068722487,0.5101289134438306,0.05542806394105846,1.0312402949824446,567,True,4,0.01426021740021155,5
Prysmian,M15,VolatilityExpansion,"ema=50,mult=3.0",-0.1311325135957494,0.4883346741753821,-0.23049585434397563,0.9175299124410504,1313,True,4,0.015253827142023613,5
Recordati,H1,MeanReversion,"window=20,z=1.5",0.08357397965891311,0.5023847376788553,0.1131605670352681,1.0398712615642147,1392,True,5,0.11429919502217989,5
Recordati,H1,MeanReversion,"window=20,z=1.75",0.054090955059582724,0.5048309178743962,0.0872993841242685,1.0381121294649616,911,True,5,0.11170582885876912,5
Recordati,H1,MeanReversion,"window=100,z=2.75",0.000592926962954432,0.46703296703296704,0.0017943933737563816,1.0016963763709865,189,True,4,0.017224668131376353,5
Recordati,H1,TrendFollowing,"fast=8,slow=21",-0.022456820585267767,0.5049988891357476,-0.015800346764982126,0.9969356392297265,4999,True,4,0.09062074734247638,5
Recordati,H4,MeanReversion,"window=20,z=1.5",0.5310321886414404,0.5072046109510087,0.32137392855440206,1.118930817815598,1436,True,4,0.23976157924761932,5
Recordati,H4,MeanReversion,"window=100,z=1.5",0.5443530127625313,0.49712643678160917,0.30473892421908244,1.1162412290630912,1447,True,4,0.07819363442101157,5
Recordati,H4,MeanReversion,"window=20,z=1.75",0.3685805817728163,0.5098901098901099,0.26917807470345995,1.1215982291704938,929,True,4,0.16142801215249092,5
Recordati,H4,MeanReversion,"window=50,z=2.5",0.17599603290641053,0.45794392523364486,0.21131884091436257,1.2173805508104167,216,True,5,0.054902547475324304,5
Recordati,H4,MeanReversion,"window=50,z=2.75",0.1965457093901315,0.46153846153846156,0.2591031063934887,1.3692123934686036,130,True,4,0.05423775946898357,5
Recordati,M15,MeanReversion,"window=20,z=1.5",0.20143565673623853,0.5290322580645161,0.5054322472151113,1.2128278127174708,1372,True,4,0.07277046491943395,5
Recordati,M15,MeanReversion,"window=20,z=1.75",0.15776258800107912,0.5221606648199446,0.49708676308410893,1.254957766399474,907,True,4,0.058455414120572424,5
Recordati,M15,MeanReversion,"window=20,z=2.0",0.13171803652629543,0.5247747747747747,0.476994172731937,1.3368383771546792,555,True,4,0.056265781744109344,5
Recordati,M15,MeanReversion,"window=100,z=2.0",0.09207860674733925,0.5366336633663367,0.30275906423514165,1.1823671883618088,636,True,4,0.03777631500945611,5
Recordati,M15,MeanReversion,"window=20,z=2.25",0.08429930792448281,0.524904214559387,0.3647761975087718,1.370238475570706,322,True,5,0.04330898754098411,5
Recordati,M15,MeanReversion,"window=100,z=2.25",0.08257299522926498,0.5619047619047619,0.3260624684657942,1.2582820250470073,385,True,4,0.01937847571571394,5
Recordati,M15,MeanReversion,"window=20,z=2.5",0.03733800979592439,0.5384615384615384,0.26742854020287227,1.2885101052687435,174,True,4,0.02206502983877956,5
Recordati,M15,MeanReversion,"window=50,z=2.5",0.09251909823306503,0.5859872611464968,0.5273578350797461,1.6602184945031364,183,True,4,0.04021820326237935,5
Recordati,M15,MeanReversion,"window=100,z=2.5",0.07715631340483242,0.5652173913043478,0.3569890723906155,1.391108344841533,248,True,4,0.02914829208677816,5
Recordati,M15,MeanReversion,"window=20,z=2.75",0.019060245628196082,0.5569620253164557,0.1684475071768149,1.2506359603135653,92,True,4,0.019111391864823468,5
Recordati,M15,MeanReversion,"window=100,z=2.75",0.037618348761222165,0.5573770491803278,0.20487293279544633,1.296909341688408,142,True,4,0.02328494154323535,5
Recordati,M15,TrendFollowing,"fast=34,slow=89",-0.008787430855285883,0.5052659294365456,-0.013002412999377096,0.9974317578520807,4999,True,4,0.07807068927747995,5
Relx,H1,MeanReversion,"window=20,z=1.75",-0.4313043393173732,0.47734806629834253,-0.7049270836674328,0.720869306292363,957,True,4,0.03634526963820328,5
Relx,H1,MeanReversion,"window=20,z=2.0",-0.1953584704140432,0.49382716049382713,-0.4086044416690853,0.7853934210640544,600,True,5,0.0440121722673773,5
Relx,H1,MeanReversion,"window=100,z=2.25",-0.03796717105277703,0.4872448979591837,-0.08166152578154365,0.9378975298444986,422,True,4,0.0283437766076855,5
Relx,H1,MeanReversion,"window=100,z=2.5",0.0002485665111643387,0.5023696682464455,0.000596562021315646,1.0006703714756489,228,True,4,0.03757909276235738,5
Relx,H4,MeanReversion,"window=20,z=1.5",0.04081269505308471,0.5133653187114462,0.02929659107917027,1.0097669869475712,1499,True,4,0.10906899060328434,5
Relx,H4,MeanReversion,"window=50,z=1.5",0.017915835707090433,0.5038363171355499,0.0126143271319552,1.0039704827462368,1604,True,5,0.1810081963201864,5
Relx,H4,MeanReversion,"window=50,z=1.75",0.261246214487186,0.5161290322580645,0.22587139034942894,1.0889669836466456,1082,True,4,0.24352122592671555,5
Relx,H4,MeanReversion,"window=100,z=1.75",0.05160968030621771,0.5116079105760963,0.04080643478543783,1.0155135467618144,1190,True,4,0.11816037192263051,5
Relx,H4,MeanReversion,"window=20,z=2.0",-0.016369568386130018,0.5070422535211268,-0.018150448979306934,0.9907956050512947,584,True,4,0.08161373197526756,5
Relx,H4,MeanReversion,"window=50,z=2.0",0.23667241948183515,0.5212298682284041,0.26055149991774024,1.1284473616788446,700,True,5,0.24616972517161595,5
Relx,H4,MeanReversion,"window=50,z=2.25",0.09087462273420632,0.5271867612293144,0.1274819843615821,1.078360469081593,434,True,5,0.1129367489498817,5
Relx,H4,MeanReversion,"window=50,z=2.5",0.07155846943243893,0.543859649122807,0.1294794894233249,1.1104760761400931,235,True,5,0.051900838758857315,5
Relx,H4,MeanReversion,"window=100,z=2.5",0.1306071933427424,0.5609756097560976,0.22987925588693137,1.1924580447637678,253,True,4,0.04876851146047256,5
Relx,H4,TrendFollowing,"fast=50,slow=200",-0.39267445964033787,0.5117283950617284,-0.15362142947392793,0.9721370589108492,4999,True,4,0.2881165808331779,5
Relx,H4,VolatilityExpansion,"ema=20,mult=2.0",0.321511198363419,0.5039637599093998,0.24735650223699232,1.1218621782981963,908,True,4,0.02906030496932044,5
Relx,M15,MeanReversion,"window=100,z=1.75",-0.0704251867999951,0.5121668597914253,-0.2094859802658457,0.9169996682030314,980,True,4,0.035669698734040356,5
Relx,M15,MeanReversion,"window=100,z=2.25",-0.09333668840457221,0.48705882352941177,-0.35865195193502536,0.8092447709959265,481,True,4,0.030789506706563996,5
Relx,M15,MeanReversion,"window=20,z=2.5",0.0037205255688536054,0.50920245398773,0.021400037598616226,1.0195040383029208,180,True,4,0.020440317830029087,5
Repsol,H1,VolatilityExpansion,"ema=50,mult=1.5",0.4960313378016151,0.5198653198653199,0.39037604354484684,1.1029100038746922,3121,True,4,0.15688687764130305,5
Repsol,H1,VolatilityExpansion,"ema=20,mult=2.0",0.2845118079233766,0.5299065420560748,0.37175009490874056,1.1611331531492146,1121,True,4,0.08453606271914893,5
Repsol,H1,VolatilityExpansion,"ema=50,mult=2.0",0.3159531719814762,0.5119496855345912,0.2718819216827651,1.0795378126852362,2509,True,5,0.09672413145210856,5
Repsol,H4,MeanReversion,"window=100,z=2.25",-0.18936598813674055,0.47002398081534774,-0.17682100158245687,0.8964902719732325,420,True,5,0.14866255363266212,5
Repsol,H4,MeanReversion,"window=20,z=2.5",-0.11882655584083257,0.47297297297297297,-0.15724827913902445,0.8313566623609971,148,True,4,0.059071474298407645,5
Repsol,H4,MeanReversion,"window=50,z=2.75",-0.1930152239192503,0.43636363636363634,-0.3095448795089118,0.6712076341589698,109,True,4,0.03407412570493529,5
Repsol,H4,TrendFollowing,"fast=10,slow=30",1.5561553764444374,0.5134091832588379,0.41540380546487826,1.0805825291156386,4999,True,4,0.4441678600162413,5
Repsol,H4,TrendFollowing,"fast=13,slow=34",0.8662281257596097,0.508126777732629,0.2311783592308945,1.0440687537772109,4999,True,4,0.2683513089360481,5
Repsol,H4,TrendFollowing,"fast=50,slow=200",0.3548459839650854,0.5050792360828932,0.09469269179949037,1.0178207288574175,4999,True,4,0.4374621639077696,5
Repsol,M15,MeanReversion,"window=100,z=1.5",-0.16483133500764613,0.47848426461143223,-0.37818470143479455,0.8845008690789575,1746,True,4,0.02848161291000839,5
Repsol,M15,MeanReversion,"window=100,z=1.75",-0.05217297011188249,0.49417040358744396,-0.14290092767062268,0.9468989923437842,1246,True,4,0.028935901994535662,5
Repsol,M15,MeanReversion,"window=100,z=2.0",-0.024388156906213543,0.49442896935933145,-0.08178179325829806,0.9620370492105739,809,True,4,0.033206400170247785,5
Repsol,M15,MeanReversion,"window=20,z=2.25",0.02167917821482568,0.5238095238095238,0.10517195714145787,1.0726847546291742,325,True,4,0.01255588544633568,5
Repsol,M15,MeanReversion,"window=20,z=2.5",0.03472785173125259,0.5235294117647059,0.22157810271269646,1.2127121296887027,182,True,4,0.028858522520998187,5
Repsol,M15,MeanReversion,"window=20,z=2.75",0.03710147107955453,0.5531914893617021,0.308909894766934,1.425669403861901,102,True,4,0.025312970031638127,5
Repsol,M15,TrendFollowing,"fast=13,slow=34",0.26968704055704473,0.5109975560986447,0.3404410678977736,1.0731657029060724,4999,True,4,0.03427308957238784,5
SBM,H1,MeanReversion,"window=20,z=1.5",0.29551649745573516,0.5129240710823909,0.35497571451997423,1.1349721298309152,1365,True,4,0.1224825765779477,5
SBM,H1,MeanReversion,"window=20,z=1.75",0.4018153065744351,0.53,0.5882085653045807,1.2994290499925663,885,True,4,0.14703269375871741,5
SBM,H1,MeanReversion,"window=20,z=2.0",0.23265036577646414,0.5020161290322581,0.40401234917781226,1.2639073818058915,545,True,4,0.09197603921618958,5
SBM,H1,MeanReversion,"window=50,z=2.0",0.22255747265499215,0.5223880597014925,0.3343281785208999,1.1903031171445881,660,True,5,0.06999935869165375,5
SBM,H1,MeanReversion,"window=100,z=2.0",0.1363815968196629,0.549520766773163,0.18796508450705232,1.102914144178271,676,True,4,0.038818211071305786,5
SBM,H1,MeanReversion,"window=20,z=2.25",0.12402125032729472,0.5107142857142857,0.28929851215578134,1.2464348666884022,306,True,4,0.02941508323935582,5
SBM,H1,MeanReversion,"window=50,z=2.25",0.11095892750349334,0.5113636363636364,0.20481500952251006,1.1504615715496744,384,True,4,0.058775970402494715,5
SBM,H1,MeanReversion,"window=50,z=2.5",0.14880993378162355,0.5240384615384616,0.3198821706628212,1.3388133725198195,228,True,4,0.09019581011607036,5
SBM,H1,MeanReversion,"window=100,z=2.5",0.05407061421071491,0.5238095238095238,0.09173323993527797,1.07899453756286,271,True,4,0.05482197269134714,5
SBM,H1,MeanReversion,"window=50,z=2.75",0.13668975858733678,0.5203252032520326,0.37666774187124474,1.5503066420946083,133,True,4,0.051860218712196704,5
SBM,H1,MeanReversion,"window=100,z=2.75",0.08623728539862774,0.5286624203821656,0.177907330118278,1.1965342142902047,170,True,4,0.048785101307941336,5
SBM,H1,TrendFollowing,"fast=8,slow=21",0.10925724318075625,0.50033017829628,0.060738847324919014,1.0130038596352073,4999,True,4,0.44417254663873296,5
SBM,H1,TrendFollowing,"fast=10,slow=30",0.10988442042224722,0.5025313669381466,0.061087516065012566,1.0130789947833854,4999,True,4,0.2501526268254235,5
SBM,H4,MeanReversion,"window=50,z=1.5",0.43225510804453526,0.5153494448073155,0.21007287919714757,1.0725393111415558,1584,True,5,0.2785492261455651,5
SBM,H4,MeanReversion,"window=100,z=1.5",0.25446977744788135,0.5057971014492754,0.12170424915054376,1.0457099004748598,1441,True,5,0.28142984045358077,5
SBM,H4,MeanReversion,"window=50,z=1.75",0.0923655289446329,0.5216515609264853,0.05743473366372497,1.0230613195445704,1024,True,4,0.13782260237097244,5
SBM,H4,MeanReversion,"window=100,z=1.75",0.004043717325423635,0.4947257383966245,0.002266878477233907,1.001001995300262,990,True,5,0.179429995259888,5
SBM,H4,MeanReversion,"window=20,z=2.25",0.15743838512254493,0.5472972972972973,0.1831533522663356,1.1349223464710687,305,True,4,0.12737483243945324,5
SBM,H4,MeanReversion,"window=50,z=2.75",-0.07925660484356545,0.4966442953020134,-0.1163194101733609,0.8863195543909727,150,True,5,0.08384382351136832,5
SBM,H4,MeanReversion,"window=50,z=3.0",-0.05120676187998696,0.4819277108433735,-0.08487719304161531,0.8844313574454771,83,True,4,0.08206874017631904,5
SBM,M15,MeanReversion,"window=20,z=1.5",0.2659944911739238,0.5404411764705882,0.576144677543581,1.248123854882381,1377,True,4,0.11661855677981658,5
SBM,M15,MeanReversion,"window=50,z=1.5",0.17123854619956158,0.5412757973733584,0.4151446104588697,1.1661408884876292,1381,True,4,0.05305818111421923,5
SBM,M15,MeanReversion,"window=20,z=1.75",0.16838614437561994,0.5364511691884457,0.45565066532295884,1.2301244329627712,920,True,4,0.1161479884551303,5
SBM,M15,MeanReversion,"window=50,z=1.75",0.11233065855333524,0.5364145658263305,0.30577415247249073,1.1516422847865808,908,True,4,0.022747315431368098,5
SBM,M15,MeanReversion,"window=100,z=1.75",0.19607175367308405,0.53,0.4935857621369544,1.2472298220339493,1017,True,4,0.06800807476224979,5
SBM,M15,MeanReversion,"window=20,z=2.0",0.141237882896045,0.5349344978165939,0.4639847756803005,1.3094909143985303,577,True,4,0.09951020484818207,5
SBM,M15,MeanReversion,"window=50,z=2.0",0.10396947369073328,0.5278350515463918,0.31776892051662786,1.1958811183379174,609,True,4,0.018824223275132557,5
SBM,M15,MeanReversion,"window=100,z=2.0",0.13460267067966125,0.5257142857142857,0.404699616899576,1.2530623744770046,664,True,4,0.0593581759636892,5
SBM,M15,MeanReversion,"window=50,z=2.25",0.04712292944529617,0.5271565495207667,0.1735878235585746,1.1318831546510544,398,True,4,0.01584970636786709,5
SBM,M15,MeanReversion,"window=100,z=2.25",0.08877588528084446,0.5043227665706052,0.2945819676160964,1.2304273295704462,428,True,4,0.03960224566789616,5
STMicroelectronics,H1,MeanReversion,"window=20,z=1.75",-0.08200499055009614,0.5133876600698487,-0.08287709077637286,0.9615311234136397,871,True,4,0.09605436892177632,5
STMicroelectronics,H1,MeanReversion,"window=20,z=2.5",-0.039507652471365784,0.46357615894039733,-0.1112612895694938,0.8952249874569129,153,True,4,0.021869992170971964,5
STMicroelectronics,H1,TrendFollowing,"fast=10,slow=30",0.7272255564269272,0.5095918367346939,0.2860958880383673,1.0625723582912414,4999,True,4,0.6586728636034035,5
STMicroelectronics,H1,TrendFollowing,"fast=13,slow=34",0.7169463566955332,0.5108163265306123,0.28205068917027226,1.06166064165406,4999,True,4,0.7618583826171376,5
STMicroelectronics,H1,TrendFollowing,"fast=21,slow=55",0.6683546743068871,0.5083673469387755,0.26292901475167896,1.0573616761173845,4999,True,4,0.7235996444844331,5
STMicroelectronics,H1,VolatilityExpansion,"ema=20,mult=1.5",0.7833638564180054,0.5098369870713885,0.48394823272751447,1.1813985328293832,1808,True,4,0.3057191296713363,5
STMicroelectronics,H1,VolatilityExpansion,"ema=50,mult=1.5",0.6647798750134508,0.5077666551605109,0.3132340306968957,1.0925979082379746,2951,True,4,0.5172056448499713,5
STMicroelectronics,H1,VolatilityExpansion,"ema=50,mult=2.0",0.8744107259990794,0.5185341196293176,0.45465487590498743,1.152772312297514,2416,True,4,0.47965830430666845,5
STMicroelectronics,H1,VolatilityExpansion,"ema=20,mult=2.5",0.49094144902436776,0.539454806312769,0.47643206488277334,1.2776128022687163,707,True,4,0.19123717155586806,5
STMicroelectronics,H1,VolatilityExpansion,"ema=50,mult=2.5",1.0134680437912906,0.5296502787633046,0.6100245134216563,1.2213168796520153,2011,True,4,0.36440452647241117,5
STMicroelectronics,H1,VolatilityExpansion,"ema=20,mult=3.0",0.2981836451780855,0.538083538083538,0.38292980378610514,1.2880274008731787,416,True,4,0.1207730819198175,5
STMicroelectronics,H1,VolatilityExpansion,"ema=50,mult=3.0",0.9507285482440054,0.5368620037807184,0.667003608291514,1.2640828549833993,1620,True,4,0.4100848122863078,5
STMicroelectronics,H1,VolatilityExpansion,"ema=50,mult=3.5",0.8521859439551549,0.5372297838270617,0.6400272269567019,1.2896144352527563,1275,True,4,0.29242058474139554,5
STMicroelectronics,H4,TrendFollowing,"fast=8,slow=21",0.06791487208620228,0.5038321903993546,0.015073376184985634,1.0028118887994442,4999,True,4,0.4287030631503308,5
STMicroelectronics,H4,TrendFollowing,"fast=13,slow=34",0.15540166437341874,0.5042355788624445,0.03449071092587674,1.0064457905662034,4999,True,4,0.30201657790253433,5
STMicroelectronics,H4,VolatilityExpansion,"ema=20,mult=1.5",1.5397194880683014,0.5291850220264317,0.5592629767193664,1.185216563638768,1828,True,4,0.5243624374332913,5
STMicroelectronics,H4,VolatilityExpansion,"ema=50,mult=1.5",0.22570376237117828,0.5131804176651832,0.0636628914330396,1.016059914143998,2942,True,4,0.4848709473325391,5
STMicroelectronics,H4,VolatilityExpansion,"ema=20,mult=2.0",1.0880580113992198,0.5343511450381679,0.49427021885970607,1.2026223669399854,1184,True,4,0.27261780720786244,5
STMicroelectronics,H4,VolatilityExpansion,"ema=50,mult=2.0",0.8568194199143504,0.5177215189873418,0.26693505577414717,1.0782571721098901,2385,True,4,0.6363075144064206,5
STMicroelectronics,H4,VolatilityExpansion,"ema=20,mult=2.5",0.6931051958662692,0.5172413793103449,0.3907860315772308,1.2175652799428784,669,True,4,0.018493940955929045,5
STMicroelectronics,H4,VolatilityExpansion,"ema=50,mult=2.5",0.9626073950639162,0.5302547770700637,0.3354821799399343,1.1127252331463715,1896,True,4,0.5837826643037919,5
STMicroelectronics,H4,VolatilityExpansion,"ema=20,mult=3.0",0.5678832076614094,0.5253731343283582,0.45522140910954634,1.3730085734881232,334,True,4,0.20915843819301638,5
STMicroelectronics,H4,VolatilityExpansion,"ema=50,mult=3.0",0.8612060549462937,0.532608695652174,0.3362887095500321,1.1294021554276348,1480,True,4,0.45529634894478754,5
STMicroelectronics,H4,VolatilityExpansion,"ema=20,mult=3.5",0.1985639320925504,0.5136612021857924,0.21194380043092143,1.2169137998861,182,True,4,0.21057138224323546,5
STMicroelectronics,H4,VolatilityExpansion,"ema=50,mult=3.5",0.3912348300626338,0.5291396854764108,0.17682262358760692,1.0769700685684258,1086,True,4,0.27057860666001243,5
STMicroelectronics,M15,MeanReversion,"window=100,z=1.5",-0.06966008887756159,0.4948944860449285,-0.09561179894426736,0.963940773691791,1526,True,5,0.12951332219780753,5
STMicroelectronics,M15,MeanReversion,"window=100,z=1.75",-0.05791813316445715,0.49613899613899615,-0.08685784436515885,0.9603172725336077,1070,True,5,0.11524660384292884,5
STMicroelectronics,M15,MeanReversion,"window=50,z=2.0",0.1192175797407049,0.5096774193548387,0.2983039538196184,1.1632931836918468,638,True,4,0.058454424042482134,5
STMicroelectronics,M15,MeanReversion,"window=100,z=2.0",-0.024356986377382484,0.49416909620991256,-0.047751541086005066,0.9736681630738239,704,True,4,0.11713637803394328,5
Sacyr,H1,MeanReversion,"window=20,z=1.75",-0.03907782602668264,0.4994124559341951,-0.06257284336416731,0.9733503119042539,930,True,4,0.023609132931670107,5
Sacyr,H1,MeanReversion,"window=50,z=2.5",0.01997040061551103,0.5369458128078818,0.058949613089046164,1.051309190929635,214,True,4,0.016927852562555357,5
Sacyr,H4,MeanReversion,"window=20,z=1.5",-0.03095402202297115,0.5054794520547945,-0.015240640805484016,0.9946356684564714,1525,True,4,0.27077237729200143,5
Sacyr,H4,MeanReversion,"window=50,z=1.5",0.10233531943155583,0.504231311706629,0.04954029063182686,1.0180392803397265,1498,True,5,0.4132718161235289,5
Sacyr,H4,MeanReversion,"window=100,z=1.5",-0.22537282450233465,0.5010366275051832,-0.0973736696365642,0.9643248250795721,1528,True,4,0.3239252861607058,5
Sacyr,H4,MeanReversion,"window=50,z=1.75",0.12472722146275506,0.5089005235602094,0.0692755637493914,1.0316405495280636,1005,True,4,0.31677394079184595,5
Sacyr,H4,MeanReversion,"window=100,z=1.75",-0.4449041901297368,0.5080971659919028,-0.22494482710378685,0.9035933381310746,1039,True,4,0.1041775647772819,5
Sacyr,H4,MeanReversion,"window=20,z=2.0",0.46417549857547225,0.533678756476684,0.37644094435694664,1.2256710184783925,600,True,4,0.2795601788120273,5
Sacyr,H4,MeanReversion,"window=50,z=2.25",-0.14075049754325442,0.5048231511254019,-0.11423291450282727,0.9110064214019006,321,True,4,0.13522748590706812,5
Sacyr,M15,TrendFollowing,"fast=5,slow=20",0.20335154786994247,0.5010541110330288,0.2892906438118519,1.0590843375532113,4999,True,4,0.1199232135824162,5
Sacyr,M15,TrendFollowing,"fast=8,slow=21",0.241975983996915,0.5036308268915437,0.3442620690390315,1.0707035037317079,4999,True,4,0.11148458707130238,5
Sacyr,M15,TrendFollowing,"fast=10,slow=30",0.36988053545174016,0.5080815179198875,0.5263988779675024,1.1101342282307771,4999,True,4,0.14814195501996674,5
Sacyr,M15,TrendFollowing,"fast=13,slow=34",0.39051165320436343,0.5045678144764582,0.5557952896176709,1.116635520302946,4999,True,4,0.14961396839370034,5
Sacyr,M15,TrendFollowing,"fast=34,slow=89",0.13723237020379042,0.5055048020613727,0.195210958481031,1.0394938727176188,4999,True,4,0.11242853054950186,5
Sacyr,M15,TrendFollowing,"fast=50,slow=200",0.0828119614441688,0.5059732958538299,0.11779309095700687,1.023647139406045,4999,True,4,0.08736560689427919,5
Sacyr,M15,VolatilityExpansion,"ema=20,mult=1.5",0.08966503398436954,0.4934742075823493,0.2000261914462497,1.0646630613538988,1862,True,5,0.06004954964985365,5
Sacyr,M15,VolatilityExpansion,"ema=20,mult=2.0",0.006699736104230358,0.48823529411764705,0.01861017802677673,1.0072133576785074,1175,True,4,0.02699589760413279,5
Sacyr,M15,VolatilityExpansion,"ema=50,mult=2.0",0.038238540060281045,0.4968888888888889,0.07924864935720567,1.0206227801603245,2628,True,4,0.07188879881266019,5
Sacyr,M15,VolatilityExpansion,"ema=50,mult=2.5",-0.013334825750743962,0.4890878567431449,-0.0305252633267439,0.9913094257168317,2089,True,4,0.058326487026409635,5
Saipem,H1,TrendFollowing,"fast=13,slow=34",1.0026041145021618,0.5068377866610562,0.43326819300198494,1.0898112419719963,4999,True,4,0.5576780934105814,5
Saipem,H1,TrendFollowing,"fast=21,slow=55",0.9463494152470668,0.5120976225541763,0.4089415114103212,1.0845590060693162,4999,True,4,0.6132636213845111,5
Saipem,H1,TrendFollowing,"fast=34,slow=89",0.4737677967500711,0.5087313275825794,0.20467614777361506,1.041457200803291,4999,True,4,0.6815041815330596,5
Saipem,H1,TrendFollowing,"fast=50,slow=200",0.2547405740157347,0.5003155901535872,0.11004597301335013,1.0220795654601684,4999,True,4,0.7796827637700399,5
Saipem,H1,VolatilityExpansion,"ema=20,mult=1.5",0.38086599830318546,0.5008976660682226,0.26321464453068943,1.0912513850981467,1753,True,4,0.20817941231688242,5
Saipem,H1,VolatilityExpansion,"ema=50,mult=1.5",0.9090768688537623,0.5103448275862069,0.47715890486105444,1.126311708666497,3200,True,4,0.4828835519537592,5
Saipem,H1,VolatilityExpansion,"ema=20,mult=2.0",0.24700725236434795,0.5067497403946002,0.21992588968278312,1.099530622575407,1012,True,4,0.16433082604044613,5
Saipem,H1,VolatilityExpansion,"ema=50,mult=2.0",0.9172528554649697,0.5118236472945892,0.5306675532999728,1.1574947564639253,2621,True,4,0.4361874513290118,5
Saipem,H1,VolatilityExpansion,"ema=50,mult=3.0",0.44151127954615343,0.5107604017216643,0.31458629894888723,1.125541517746937,1470,True,4,0.37322987280156195,5
Saipem,H1,VolatilityExpansion,"ema=50,mult=3.5",0.5276489924528108,0.5225933202357563,0.4099080592332697,1.2042683604607607,1075,True,4,0.3563699771902833,5
Saipem,H4,MeanReversion,"window=20,z=2.5",0.9881794096495189,0.525974025974026,0.2846274909728918,2.1098094896472688,156,True,4,0.08549799157785376,5
Saipem,H4,TrendFollowing,"fast=5,slow=20",2.7596865278331344,0.5077677841373671,0.33279035892068093,1.098746237304223,4999,True,5,1.037956873872583,5
Saipem,H4,TrendFollowing,"fast=8,slow=21",2.2998494316542333,0.5016353229762878,0.2773200242530327,1.0816210049637835,4999,True,4,0.7947287911834298,5
Saipem,H4,TrendFollowing,"fast=13,slow=34",1.7252361504851017,0.4981602616516762,0.20801822831776606,1.0606101352770094,4999,True,4,0.3369673957769812,5
Saipem,H4,VolatilityExpansion,"ema=50,mult=2.0",2.8677492914965677,0.5065160729800173,0.38093843785177994,1.1925292252450432,2353,True,4,0.2206874786834575,5
Saipem,H4,VolatilityExpansion,"ema=50,mult=2.5",2.5517080640659997,0.5078651685393258,0.3473042908480565,1.2070645107341968,1812,True,4,0.26489225816444706,5
Saipem,H4,VolatilityExpansion,"ema=20,mult=3.0",1.6835565796890588,0.5510204081632653,0.25394291245658684,1.3894551328908753,344,True,4,0.15124326103205554,5
Salmar,H1,MeanReversion,"window=20,z=1.5",-0.08060019034612886,0.5058548009367682,-0.08599597158971752,0.9695950477181559,1360,True,4,0.08657182959522369,5
Salmar,H1,MeanReversion,"window=20,z=1.75",-0.004506268391979318,0.515802781289507,-0.0058281449874639036,0.9973568062817496,846,True,4,0.05765157240510632,5
Salmar,H1,TrendFollowing,"fast=10,slow=30",0.5474967721120851,0.5079844626672422,0.2855873609318897,1.0584272695937729,4999,True,4,0.11879118195091987,5
Salmar,H1,TrendFollowing,"fast=13,slow=34",0.7845065487375051,0.5179110919292188,0.40928708366970834,1.0847925958408493,4999,True,4,0.17965607778476922,5
Salmar,H1,TrendFollowing,"fast=21,slow=55",0.6586704285104719,0.5153215364695727,0.34360306909110006,1.0707108616171497,4999,True,4,0.3140090119517508,5
Salmar,H1,TrendFollowing,"fast=34,slow=89",0.5694552005838083,0.5133793698748381,0.29704533438554304,1.0608418960943524,4999,True,4,0.27010679238152757,5
Salmar,H1,TrendFollowing,"fast=50,slow=200",0.17007825926304654,0.5004315925766076,0.08870390132101126,1.0177919557712334,4999,True,4,0.1839784841332791,5
Salmar,H4,TrendFollowing,"fast=13,slow=34",0.21927841843356422,0.5032921810699589,0.05713932141395554,1.011489834114459,4999,True,4,0.021894416297556507,5
Salmar,M15,MeanReversion,"window=50,z=1.5",0.028870011133597218,0.5157977883096366,0.05261836385968398,1.0184329625764614,1457,True,4,0.04903332578321462,5
Salmar,M15,TrendFollowing,"fast=13,slow=34",0.2875464771394354,0.5058713010803194,0.2935883644772734,1.060415440312844,4999,True,4,0.08453816007070747,5
Salmar,M15,TrendFollowing,"fast=21,slow=55",0.4354300627199852,0.5108031939877877,0.4446776281349887,1.092930509233379,4999,True,4,0.1516741599432515,5
Salmar,M15,TrendFollowing,"fast=34,slow=89",0.22558976941658115,0.5096289337717238,0.2303146831805834,1.0470914144512873,4999,True,5,0.16253340848142972,5
Salvatore,H1,MeanReversion,"window=50,z=1.5",0.5360711584385615,0.5080831408775982,0.3366071869568176,1.1438257558100102,1374,True,4,0.22110742813682038,5
Salvatore,H1,MeanReversion,"window=100,z=1.5",0.428744509828868,0.4982155603140614,0.2760664655127293,1.108193170541729,1478,True,4,0.29139641291051754,5
Salvatore,H1,MeanReversion,"window=100,z=1.75",0.30126707511829387,0.4984126984126984,0.22306770778995672,1.1074205011029998,995,True,4,0.19683603120052262,5
Salvatore,H1,MeanReversion,"window=100,z=2.0",0.21023189516673046,0.506578947368421,0.2014098807412072,1.1163115372881443,643,True,4,0.19461280180712048,5
Salvatore,H1,MeanReversion,"window=50,z=2.25",0.3952827004365399,0.532051282051282,0.46539104597921926,1.437074468493695,331,True,4,0.08855248447860375,5
Salvatore,H1,MeanReversion,"window=100,z=2.25",0.1521252539926511,0.5095890410958904,0.18845080817919457,1.13902732457423,389,True,4,0.09742601785453675,5
Salvatore,H1,MeanReversion,"window=100,z=2.5",0.17416725680104606,0.5362318840579711,0.25900230583410905,1.274601741272726,217,True,4,0.09083783893715558,5
Salvatore,H4,MeanReversion,"window=20,z=1.5",0.34391073093769875,0.5169555388093444,0.12851966313280405,1.048565982850861,1354,True,4,0.13509298683734838,5
Salvatore,H4,MeanReversion,"window=50,z=1.5",0.7299659214517501,0.5268361581920904,0.2647864369061821,1.0972425505000716,1453,True,4,0.4012270631489079,5
Salvatore,H4,MeanReversion,"window=50,z=1.75",0.35022085637658706,0.5196599362380446,0.1505788771796201,1.067657182588083,964,True,4,0.38554694256223443,5
Salvatore,H4,MeanReversion,"window=100,z=1.75",0.5468330804936725,0.5216494845360825,0.22699436782549856,1.1009522109608052,995,True,5,0.363261172935452,5
Salvatore,H4,MeanReversion,"window=50,z=2.0",0.032245373540152666,0.525,0.016914631295117746,1.0092423728461801,613,True,4,0.2522518491198763,5
Salvatore,H4,MeanReversion,"window=100,z=2.0",0.3986735388676784,0.5279503105590062,0.19288976603498476,1.1057413968114673,657,True,4,0.13613790551689464,5
Salvatore,H4,MeanReversion,"window=20,z=2.75",-0.04430034781518144,0.4878048780487805,-0.06860122959017215,0.9072810225251212,82,True,4,0.17775662478403265,5
Salvatore,H4,TrendFollowing,"fast=21,slow=55",-0.029531501643254687,0.49846090703878515,-0.006308205518705764,0.9987972234427808,4999,True,4,0.8104746549207775,5
Salvatore,H4,TrendFollowing,"fast=34,slow=89",1.1264069497732234,0.5083111019905602,0.240638711005212,1.046982944576356,4999,True,5,1.0525752147009173,5
Salvatore,H4,TrendFollowing,"fast=50,slow=200",0.760177085555649,0.5081058895957316,0.16238943457761312,1.0314669920875685,4999,True,4,0.8424860353722903,5
Salvatore,M15,MeanReversion,"window=100,z=2.5",0.08933293089379435,0.5526315789473685,0.189294949738804,1.1804845864941735,235,True,4,0.02054993543708028,5
Santander,H1,MeanReversion,"window=50,z=2.25",0.03156871666002059,0.4988179669030733,0.049150659655500174,1.0374389971839533,430,True,4,0.04638616268736906,5
Santander,H1,TrendFollowing,"fast=10,slow=30",0.43457697120902183,0.5078651685393258,0.2325027666535854,1.048623839696409,4999,True,4,0.4392624159403643,5
Santander,H1,TrendFollowing,"fast=13,slow=34",0.6406632378623859,0.5117466802860061,0.34280401008738265,1.0725184528824387,4999,True,4,0.39013699347254993,5
Santander,H1,TrendFollowing,"fast=21,slow=55",0.45360419554955855,0.5064351378958121,0.24268484032560103,1.0508068346985417,4999,True,4,0.35948747551472715,5
Santander,H1,TrendFollowing,"fast=34,slow=89",0.4072210357721736,0.5105209397344229,0.21786423407278344,1.0454934226202786,4999,True,4,0.47424173712228856,5
Santander,H4,TrendFollowing,"fast=5,slow=20",1.5422860907913556,0.5117171717171717,0.38958538873447246,1.0741389555108023,4999,True,4,0.6128700443979839,5
Santander,H4,TrendFollowing,"fast=8,slow=21",0.9166909489163113,0.5060606060606061,0.2315133714958602,1.0434133033488626,4999,True,4,0.5077471114877,5
Santander,H4,TrendFollowing,"fast=10,slow=30",0.10653144338422571,0.5026262626262626,0.02690205036657053,1.004950226605508,4999,True,4,0.04065628161576973,5
Santander,H4,TrendFollowing,"fast=13,slow=34",0.44373455778537974,0.5078787878787879,0.11205752374428189,1.0207819540691045,4999,True,4,0.020020596431602367,5
Santander,H4,TrendFollowing,"fast=21,slow=55",0.11659277747086594,0.5103030303030303,0.029442815786286037,1.0054190162092307,4999,True,4,0.501513858352329,5
Santander,H4,TrendFollowing,"fast=34,slow=89",-0.4348142063280216,0.503030303030303,-0.1098047336380519,0.9800463315990027,4999,True,4,0.34466447025737457,5
Santander,H4,TrendFollowing,"fast=50,slow=200",0.26830989340231737,0.5143434343434343,0.06775597355451302,1.0125146703613168,4999,True,4,0.15947657533784432,5
Santander,M15,MeanReversion,"window=20,z=1.5",-0.06516221683899237,0.49067431850789095,-0.13437597754946273,0.9525161232750701,1423,True,4,0.045489499115137444,5
Santander,M15,MeanReversion,"window=50,z=1.5",0.13466917956187108,0.496617050067659,0.3001306139120915,1.1058154274034502,1515,True,5,0.11533528500766177,5
Santander,M15,MeanReversion,"window=20,z=1.75",-0.025650055536481364,0.48427672955974843,-0.060423137859202204,0.9734908745049201,973,True,4,0.04621879395286177,5
Santander,M15,MeanReversion,"window=50,z=1.75",0.14523083026922412,0.502079002079002,0.4022673599691826,1.178053911452656,985,True,5,0.07213046882165941,5
Santander,M15,MeanReversion,"window=20,z=2.0",0.062038503017431856,0.49032258064516127,0.16790605373677592,1.1004323844872514,630,True,5,0.06714358721342994,5
Santander,M15,MeanReversion,"window=50,z=2.0",0.10320555666282782,0.5052447552447552,0.34988908826282367,1.199195333693371,585,True,5,0.051601434066119056,5
Santander,M15,MeanReversion,"window=50,z=2.25",0.12290370359265201,0.5086705202312138,0.48166814033080096,1.3839842267631386,354,True,4,0.0588800501195309,5
Santander,M15,MeanReversion,"window=100,z=2.25",0.0736691729184572,0.5071225071225072,0.30660008106838155,1.2241262283623497,360,True,4,0.046146986942419366,5
Santander,M15,MeanReversion,"window=50,z=2.5",0.061638774870211965,0.5120772946859904,0.3105095189154548,1.304376228868683,210,True,4,0.0392920367075108,5
Santander,M15,MeanReversion,"window=100,z=2.5",0.06039330902173956,0.5159574468085106,0.3033453297402423,1.327435336857227,191,True,4,0.027010585667188947,5
Schibsted,H1,MeanReversion,"window=100,z=1.5",0.17093449319500842,0.49927536231884057,0.1170635932699899,1.055164013789722,1450,True,5,0.10841920884336975,5
Schibsted,H1,MeanReversion,"window=100,z=1.75",-0.10871799014526817,0.4865979381443299,-0.09756094129401005,0.9537603054118504,1015,True,4,0.06425045435293408,5
Schibsted,H1,MeanReversion,"window=100,z=2.0",-0.13811840896696204,0.4895833333333333,-0.14225424693502942,0.9168550501015587,697,True,4,0.04931291271372151,5
Schibsted,H1,MeanReversion,"window=20,z=2.25",0.12093019944614081,0.5673758865248227,0.2608117935066309,1.2058888230664375,292,True,4,0.11448170510902422,5
Schibsted,H1,MeanReversion,"window=100,z=2.25",-0.06939415979680796,0.4895591647331787,-0.11705442070790745,0.9321156701464826,443,True,5,0.06370959554308897,5
Schibsted,H1,MeanReversion,"window=20,z=2.5",0.04071775164044378,0.5761589403973509,0.11892555630113001,1.1195176299607674,154,True,4,0.04238712853278859,5
Schibsted,H1,MeanReversion,"window=100,z=2.5",-0.03657058328502327,0.4867924528301887,-0.07650652130101707,0.9445336839023001,269,True,4,0.046359411876910506,5
Schibsted,H4,MeanReversion,"window=20,z=1.5",-0.4281720873275824,0.48088139987038236,-0.1773877897559353,0.9378197841465313,1580,True,4,0.2038732220996604,5
Schibsted,H4,TrendFollowing,"fast=13,slow=34",1.1967288571167864,0.5039046444718455,0.2722231353854348,1.0575018685513713,4999,True,4,0.23346368074757662,5
Schibsted,H4,TrendFollowing,"fast=21,slow=55",1.649131770600897,0.5055487053020962,0.37518204914514874,1.0801101696670559,4999,True,4,0.44642325503031766,5
Schibsted,H4,TrendFollowing,"fast=34,slow=89",1.7696331656816118,0.5061652281134402,0.40261348737241,1.086216125665677,4999,True,4,0.11951411432723458,5
Schibsted,H4,VolatilityExpansion,"ema=50,mult=2.0",0.7698720833733735,0.5099457504520796,0.2534154165058496,1.0808574106337665,2274,True,4,0.08101624461069112,5
Schibsted,H4,VolatilityExpansion,"ema=50,mult=2.5",0.5544454029174333,0.5104529616724739,0.20682681335813843,1.0756325267135505,1769,True,4,0.015816851306484137,5
Schibsted,M15,MeanReversion,"window=100,z=1.75",0.20180187954172646,0.5128733264675592,0.3681239611281845,1.1607308890228856,1082,True,4,0.10562634474497257,5
Schibsted,M15,MeanReversion,"window=50,z=2.0",0.2869234767657016,0.562152133580705,0.6434705609464051,1.4085918888725006,594,True,4,0.10068294345560269,5
Schibsted,M15,MeanReversion,"window=100,z=2.5",0.12302794905271941,0.5677655677655677,0.3766079460252361,1.321537266061162,294,True,4,0.01938689987840625,5
Schibsted,M15,MeanReversion,"window=100,z=2.75",0.11870108708908766,0.5914634146341463,0.43397430490134614,1.5404618685202578,178,True,4,0.04226435666112849,5
Semapa,H1,MeanReversion,"window=20,z=1.5",3.8662310161253153,0.6655665566556656,2.7608811634275483,3.500549267335498,1118,True,5,1.0248491913821316,5
Semapa,H1,MeanReversion,"window=50,z=1.5",3.7502115895066273,0.6350574712643678,2.2313510812810087,2.7936556887251047,1280,True,5,1.0225353530437542,5
Semapa,H1,MeanReversion,"window=100,z=1.5",2.873272970672402,0.5795918367346938,1.6695384731678753,1.991703337792277,1503,True,5,0.5364106616773198,5
Semapa,H1,MeanReversion,"window=20,z=1.75",2.9490721424763366,0.6929530201342282,2.5314565838132714,4.272207224369762,713,True,5,0.7403875175207951,5
Semapa,H1,MeanReversion,"window=50,z=1.75",2.5890044580678775,0.6504297994269341,2.0247013432401966,2.864076976885608,858,True,5,0.5887551039828909,5
Semapa,H1,MeanReversion,"window=100,z=1.75",2.4156752614518484,0.5969976905311778,1.5720151458591958,2.245648096258617,1051,True,5,0.5194237495240862,5
Semapa,H1,MeanReversion,"window=20,z=2.0",1.9349556328670954,0.7052341597796143,2.0983886253181927,4.655315137631703,423,True,5,0.5152032725168146,5
Semapa,H1,MeanReversion,"window=50,z=2.0",1.7128878518192834,0.6697892271662763,1.5879714771093512,2.924911102767914,521,True,5,0.35694976904168074,5
Semapa,H1,MeanReversion,"window=20,z=2.25",1.1829578660687183,0.7104072398190046,1.6035271538984721,4.752286654152306,252,True,4,0.32056697986528193,5
Semapa,H1,MeanReversion,"window=20,z=2.5",0.7707681077813683,0.75,1.2487637659918633,5.611660601094022,138,True,4,0.1899621226932382,5
Semapa,H4,MeanReversion,"window=20,z=1.5",5.778030755358241,0.6471615720524018,2.0463861309456965,2.4909793377119778,1249,True,5,2.331041924966489,5
Semapa,H4,MeanReversion,"window=50,z=1.5",3.4257496349495016,0.5821114369501467,1.2399764528006005,1.5568361525004475,1477,True,5,1.2236891786486561,5
Semapa,H4,MeanReversion,"window=100,z=1.5",1.9845358675164044,0.5502318392581144,0.7824867402476496,1.3134401159494007,1401,True,4,0.504832478578397,5
Semapa,H4,MeanReversion,"window=20,z=1.75",4.187645393598198,0.6617250673854448,1.8961662927628289,2.8554861550015174,806,True,5,1.6427830583541407,5
Semapa,H4,MeanReversion,"window=50,z=1.75",2.3915131066983903,0.5864583333333333,1.1003969378426006,1.5623183048653893,1038,True,5,0.9215240657360666,5
Semapa,H4,MeanReversion,"window=20,z=2.0",2.7692863928186777,0.7066974595842956,1.7828690531984015,3.1945144522405227,466,True,5,1.1180757930089846,5
Semapa,H4,MeanReversion,"window=50,z=2.0",1.9553778137171296,0.5897435897435898,1.0744892698181814,1.7446757385765044,672,True,4,0.6966579638145207,5
Semapa,H4,MeanReversion,"window=100,z=2.0",1.411926291422283,0.5705128205128205,0.7331244872480882,1.4456616619091178,664,True,4,0.25972090822936356,5
Semapa,H4,MeanReversion,"window=20,z=2.25",1.8161801103349822,0.7165991902834008,1.369055829012703,3.3894020153008393,266,True,5,0.8129712032809254,5
Semapa,H4,MeanReversion,"window=50,z=2.25",1.4323821949561895,0.590027700831025,0.9516518329669793,1.9532395832481368,386,True,4,0.4457163867071008,5
Semapa,H4,MeanReversion,"window=20,z=2.5",0.9436778649370671,0.6940298507462687,0.8732539581484,2.831883901825554,143,True,4,0.5001997216811344,5
Semapa,H4,MeanReversion,"window=50,z=2.5",1.4127634675261196,0.6333333333333333,1.069979227747695,2.589782856241312,253,True,5,0.5261408975419157,5
Semapa,H4,MeanReversion,"window=50,z=2.75",1.0871677182861443,0.6620689655172414,0.9286746680322623,2.971877236562394,150,True,4,0.4132388867578102,5
Semapa,H4,MeanReversion,"window=50,z=3.0",0.6480079302642727,0.6703296703296703,0.6515393355881557,2.560965443501501,93,True,4,0.3031038848293799,5
Semapa,H4,MeanReversion,"window=100,z=3.0",0.7742704551001629,0.6382978723404256,0.7801072065119387,3.2809449157544717,98,True,4,0.2773860544367187,5
Semapa,M15,MeanReversion,"window=20,z=1.5",1.7226191075156474,0.685,1.876034172927506,3.087891895814727,1080,True,5,0.5403406528066164,5
Semapa,M15,MeanReversion,"window=50,z=1.5",1.6489722734521777,0.6913996627318718,1.7703598314472824,2.8233194741589593,1173,True,5,0.32326817243995276,5
Semapa,M15,MeanReversion,"window=100,z=1.5",1.517447026106614,0.6691394658753709,1.5890021398496645,2.3817899645725356,1313,True,5,0.2753769536260614,5
Semapa,M15,MeanReversion,"window=20,z=1.75",1.4087495365062774,0.7108433734939759,1.6399702933597278,3.252331649141238,720,True,5,0.45177277844080066,5
Semapa,M15,MeanReversion,"window=50,z=1.75",1.2840699027255056,0.7201017811704835,1.5137047826944112,2.9971754847945205,727,True,5,0.33164737393173616,5
Semapa,M15,MeanReversion,"window=100,z=1.75",1.160230089264587,0.6652719665271967,1.3040233142522768,2.3281357285290962,924,True,5,0.21022886552006115,5
Semapa,M15,MeanReversion,"window=20,z=2.0",1.048758868347736,0.710801393728223,1.3372881888354582,3.1850540758960597,478,True,5,0.38773237424872575,5
Semapa,M15,MeanReversion,"window=50,z=2.0",1.01389971142844,0.725,1.3382595772393382,3.1524248421514383,481,True,5,0.3273898600975912,5
Semapa,M15,MeanReversion,"window=100,z=2.0",0.8570591625375934,0.6933333333333334,1.093584942462828,2.4646063310099255,553,True,5,0.19129240008989812,5
Semapa,M15,MeanReversion,"window=20,z=2.25",0.7149241655494701,0.7005347593582888,1.1043668089060954,3.116236026063621,302,True,4,0.25175724398931043,5
Semapa,M15,MeanReversion,"window=50,z=2.25",0.7398078175718342,0.7112299465240641,1.059015843320496,2.9558912968613393,317,True,4,0.26181124409200307,5
Semapa,M15,MeanReversion,"window=100,z=2.25",0.5760304780190122,0.7015706806282722,0.8533231245774054,2.3793201272582114,307,True,5,0.169059650010274,5
Semapa,M15,MeanReversion,"window=20,z=2.5",0.4451541965749293,0.6967213114754098,0.7747366065199419,2.6389893297871576,196,True,4,0.14918213634750577,5
Semapa,M15,MeanReversion,"window=50,z=2.5",0.6531872986776974,0.7323943661971831,0.9696524953382325,3.030832076742881,223,True,4,0.23183221983280566,5
Semapa,M15,MeanReversion,"window=100,z=2.5",0.44873924070213667,0.6940298507462687,0.7000874287277358,2.292537783289426,193,True,4,0.13317641592025664,5
Semapa,M15,MeanReversion,"window=50,z=2.75",0.5010412140020234,0.7604166666666666,0.8019766144882734,2.929876382893046,145,True,4,0.1728583820785281,5
Snam,H1,MeanReversion,"window=20,z=1.5",0.10133890937711565,0.5071806500377929,0.18783008386679514,1.0665310897017701,1383,True,4,0.07985392028976168,5
Snam,H1,MeanReversion,"window=20,z=1.75",0.04522814097905559,0.48951048951048953,0.1092309169895491,1.0452316396241625,899,True,4,0.039494253651683464,5
Snam,H4,MeanReversion,"window=20,z=1.5",0.17191811398969958,0.504054054054054,0.12738365270191343,1.043068440930281,1512,True,4,0.26223230903955785,5
Snam,H4,MeanReversion,"window=50,z=1.5",0.12369923967745311,0.49279899812147776,0.08751614044522846,1.0295159488134493,1630,True,4,0.15536557779321458,5
Snam,H4,MeanReversion,"window=100,z=1.5",0.008526406216653792,0.48065173116089616,0.005924564225528531,1.002128853554843,1500,True,4,0.1236798864155817,5
Snam,H4,MeanReversion,"window=100,z=1.75",0.03726121451692199,0.4787430683918669,0.030438641118976602,1.0126765955770736,1103,True,4,0.08524020445977876,5
Snam,H4,MeanReversion,"window=20,z=2.25",0.15128274847275103,0.5180327868852459,0.2255522383322284,1.1713979454725516,311,True,4,0.0740369574375177,5
Snam,H4,MeanReversion,"window=50,z=2.25",0.20745777530657772,0.5330073349633252,0.26521703662731494,1.1951304382938357,416,True,4,0.03508924925641743,5
Snam,H4,MeanReversion,"window=100,z=2.25",0.15005913462484255,0.5326633165829145,0.16835277440658575,1.1291456351437703,400,True,4,0.02545945294973473,5
Snam,H4,MeanReversion,"window=20,z=2.5",0.07944350126054422,0.5153374233128835,0.1738262571334196,1.1712209266173785,163,True,4,0.1027902132498757,5
Snam,M15,MeanReversion,"window=20,z=1.75",0.06468304443556705,0.5220048899755502,0.3028024997236846,1.1303424395879678,920,True,4,0.02513802547781019,5
Snam,M15,MeanReversion,"window=50,z=2.0",0.05980425114351051,0.5306859205776173,0.33959127115712706,1.1829212936750486,619,True,4,0.023184767869493417,5
Snam,M15,MeanReversion,"window=50,z=2.5",0.040128656316838485,0.5683060109289617,0.39052269524568645,1.3954741849026355,197,True,4,0.01059793557588562,5
Snam,M15,TrendFollowing,"fast=34,slow=89",-0.0353360857915489,0.5006999533364442,-0.07238907692077941,0.986204026927749,4999,True,4,0.0309758481587753,5
Snam,M15,TrendFollowing,"fast=50,slow=200",0.011693535625180718,0.5023331777881475,0.023955013470868973,1.0046077115006167,4999,True,4,0.06808767087024259,5
Sonae,H1,MeanReversion,"window=20,z=1.5",1.0389535583377114,0.5902293120638086,1.2835660120698862,1.7055423626260096,1227,True,5,0.4138793645632254,5
Sonae,H1,MeanReversion,"window=50,z=1.5",0.6408415021638214,0.5389072847682119,0.7460221851375755,1.32900850021269,1502,True,5,0.281182365907404,5
Sonae,H1,MeanReversion,"window=100,z=1.5",0.4963802254092399,0.5448,0.5633244366582609,1.2393192635070907,1544,True,4,0.16306834895707323,5
Sonae,H1,MeanReversion,"window=20,z=1.75",0.8311265015920637,0.6059701492537314,1.1832981832533955,1.8148077827484874,807,True,5,0.3169492404636407,5
Sonae,H1,MeanReversion,"window=50,z=1.75",0.5781818889593818,0.562268803945746,0.783037807728021,1.4530071257632309,998,True,4,0.1722417282250207,5
Sonae,H1,MeanReversion,"window=20,z=2.0",0.624423753028688,0.625,1.0650786630569908,1.9421906061315148,517,True,5,0.24068845475844347,5
Sonae,H1,MeanReversion,"window=50,z=2.0",0.5585883501864987,0.5935727788279773,0.9071267389407693,1.7099968704101198,622,True,5,0.14196218752673428,5
Sonae,H1,MeanReversion,"window=100,z=2.0",0.4872753157075882,0.5658362989323843,0.8041955069796743,1.5638109372299214,684,True,4,0.06144433142447725,5
Sonae,H1,MeanReversion,"window=20,z=2.25",0.5107745731986872,0.6240601503759399,1.028049628240448,2.3168230928073066,310,True,5,0.251597997345011,5
Sonae,H1,MeanReversion,"window=50,z=2.25",0.5253683358368014,0.6292834890965732,1.0424259478408628,2.2368932103735895,371,True,5,0.0986044332025362,5
Sonae,H1,MeanReversion,"window=100,z=2.25",0.5997857851775099,0.623229461756374,1.1535257237277179,2.3803779302444465,418,True,4,0.06207020693540111,5
Sonae,H1,MeanReversion,"window=20,z=2.5",0.5328978539761208,0.7254901960784313,1.197029781896503,4.024245039334775,178,True,4,0.24644279208207487,5
Sonae,H1,MeanReversion,"window=50,z=2.5",0.39645937916903273,0.6464088397790055,0.9119334731125377,2.6866181662842337,208,True,4,0.08738331275939559,5
Sonae,H1,TrendFollowing,"fast=34,slow=89",0.08323823311994627,0.49885699771399544,0.05753766794083779,1.0119889144777887,4999,True,4,0.14090469033038977,5
Sonae,H4,MeanReversion,"window=20,z=1.5",1.601702153709185,0.5707547169811321,0.8576638640884052,1.3546452590559257,1342,True,4,0.6704214504417476,5
Sonae,H4,MeanReversion,"window=50,z=1.5",1.0668782327571351,0.547316384180791,0.5520349754882121,1.203274202071881,1503,True,4,0.4192388914165385,5
Sonae,H4,MeanReversion,"window=100,z=1.75",0.3813113337096812,0.525328330206379,0.22799973875744092,1.0933701724404932,1130,True,4,0.2791505285624709,5
Sonae,H4,MeanReversion,"window=50,z=2.0",0.7898582728280352,0.5720930232558139,0.6238702764030585,1.3504304898867914,671,True,5,0.3574500351288731,5
Sonae,H4,MeanReversion,"window=20,z=2.25",0.9655231143798968,0.6491228070175439,1.0076832412569259,2.181073720255385,300,True,4,0.3624489844592014,5
Sonae,H4,MeanReversion,"window=50,z=2.25",0.5431508850795527,0.58679706601467,0.5327400177172676,1.375759125134057,426,True,4,0.21208736751029977,5
Sonae,H4,MeanReversion,"window=20,z=2.5",0.5040456735643472,0.6621621621621622,0.6737438078582894,2.1109047936532863,156,True,4,0.14723362455328515,5
Sonae,H4,MeanReversion,"window=100,z=2.5",0.5205833977451343,0.6031746031746031,0.5855329090486946,1.5894626889360814,259,True,4,0.15702223290626038,5
Sonae,M15,MeanReversion,"window=20,z=1.5",0.288714281040069,0.5570071258907363,0.6534513502507342,1.3154267063404927,1354,True,5,0.10453468239328645,5
Sonae,M15,MeanReversion,"window=50,z=1.5",0.19056627231009138,0.5427509293680297,0.43957424291428826,1.2094173470375364,1389,True,5,0.0552226976505803,5
Sonae,M15,MeanReversion,"window=100,z=1.5",0.20765589005784224,0.5504807692307693,0.47044958122940805,1.2186179026351813,1424,True,4,0.04641549662934785,5
Sonae,M15,MeanReversion,"window=20,z=1.75",0.19682618641626215,0.5580985915492958,0.50117506871149,1.304677281162704,897,True,5,0.09378780811660348,5
Sonae,M15,MeanReversion,"window=50,z=1.75",0.15937213559979535,0.5398230088495575,0.4232749642060165,1.2528269568189985,945,True,5,0.05990375763718514,5
Sonae,M15,MeanReversion,"window=100,z=1.75",0.11907449672276693,0.5451505016722408,0.3002279762844158,1.1665622712471198,1011,True,4,0.06254601150509764,5
Sonae,M15,MeanReversion,"window=20,z=2.0",0.14590620575885815,0.5490196078431373,0.4989921880641459,1.3618009368394315,558,True,4,0.056747082030428775,5
Sonae,M15,MeanReversion,"window=50,z=2.0",0.07345172472653805,0.5181347150259067,0.21233107607282864,1.1535661732529334,619,True,4,0.03594474852538121,5
Sonae,M15,MeanReversion,"window=20,z=2.25",0.14748488286581452,0.5900900900900901,0.5815361914581763,1.6064407560961131,331,True,4,0.05351234530367266,5
Sonae,M15,MeanReversion,"window=50,z=2.25",0.08503441884242802,0.5349794238683128,0.26977404906847974,1.2710882925958693,387,True,5,0.049597729332594986,5
Sonae,M15,MeanReversion,"window=50,z=2.75",0.09320792203596162,0.5533980582524272,0.4510344166702217,1.7510731371597499,151,True,4,0.026368926757859068,5
Storebrand,H1,MeanReversion,"window=20,z=1.5",0.16129334945513418,0.5220282626766417,0.25843713260385015,1.1039356033868701,1351,True,4,0.07955163555513067,5
Storebrand,H1,MeanReversion,"window=50,z=1.5",0.04758409568517341,0.498960498960499,0.05448966746720386,1.023183079926512,1629,True,5,0.10427038205622874,5
Storebrand,H1,MeanReversion,"window=100,z=1.5",-0.012975016967138653,0.49298737727910236,-0.014321456741601514,0.9939240489580882,1615,True,4,0.03253400439256959,5
Storebrand,H1,MeanReversion,"window=20,z=1.75",0.07117823371765275,0.5289367429340511,0.16204584686613038,1.0743806314945104,830,True,4,0.1002973720101683,5
Storebrand,H1,MeanReversion,"window=50,z=1.75",-0.05428818328201557,0.5145530145530145,-0.09073772675856394,0.9607754386549959,1085,True,4,0.08949576168101403,5
Storebrand,H1,MeanReversion,"window=20,z=2.0",0.05212717346779305,0.5472972972972973,0.14729818946329934,1.0890927060464395,497,True,4,0.05633793894866912,5
Storebrand,H1,MeanReversion,"window=50,z=2.0",-0.0310888140015394,0.5107084019769358,-0.0609595071809412,0.9651560814459073,674,True,4,0.03359521730876225,5
Storebrand,H1,MeanReversion,"window=20,z=2.25",0.08386891846814948,0.5537190082644629,0.31976132781095506,1.2829958802779173,276,True,5,0.03602932987707941,5
Storebrand,H1,MeanReversion,"window=50,z=2.25",-0.06420263939718229,0.5109289617486339,-0.14459329051672865,0.894047843836323,404,True,4,0.05074402136897216,5
Storebrand,H1,MeanReversion,"window=20,z=2.5",0.02000841460867364,0.5511811023622047,0.11166436332153115,1.1263102061139663,143,True,4,0.011399730126198548,5
Storebrand,H1,MeanReversion,"window=50,z=2.5",0.03966897483714449,0.5410628019323671,0.1468294821372984,1.1342052178444764,229,True,4,0.02889685436609002,5
Storebrand,H4,VolatilityExpansion,"ema=20,mult=3.0",0.20770180710788932,0.5169491525423728,0.16786653680741434,1.150063550873592,370,True,4,0.11638387957430463,5
Storebrand,M15,MeanReversion,"window=20,z=1.5",0.20014572539093212,0.5137289636846767,0.5236108414618871,1.2189706951949568,1415,True,4,0.06906609276124809,5
Storebrand,M15,MeanReversion,"window=100,z=1.5",0.18679663031745553,0.5298507462686567,0.5778875998019145,1.2184364834768662,1559,True,4,0.051620422372797736,5
Storebrand,M15,MeanReversion,"window=20,z=1.75",0.17289746113666038,0.527369826435247,0.538943582281125,1.2841425349380555,923,True,4,0.06895388100032307,5
Storebrand,M15,MeanReversion,"window=50,z=1.75",0.1385576143001449,0.5310810810810811,0.49041388566838345,1.2492903928468393,923,True,4,0.018669460904008672,5
Storebrand,M15,MeanReversion,"window=100,z=1.75",0.09356030807888438,0.5248407643312102,0.35737948496111543,1.1610249748322528,1010,True,4,0.02463813992058861,5
Storebrand,M15,MeanReversion,"window=20,z=2.0",0.12406816612471216,0.5195071868583162,0.44727776104028544,1.2983822504753613,590,True,5,0.044649173875054515,5
Storebrand,M15,MeanReversion,"window=50,z=2.0",0.09946112819572517,0.5124481327800829,0.4048740262947864,1.261329063512574,600,True,4,0.01525417373368343,5
Storebrand,M15,MeanReversion,"window=100,z=2.0",0.07785380237219408,0.5402061855670103,0.35966381839418843,1.2089218584686356,604,True,5,0.02819045537746745,5
Storebrand,M15,MeanReversion,"window=20,z=2.25",0.08730148653265313,0.5127388535031847,0.3647108087410587,1.3075431629240464,367,True,4,0.010353691566371892,5
Storebrand,M15,MeanReversion,"window=100,z=2.25",0.05744775595993323,0.5305466237942122,0.3078137330821981,1.2272689147524236,387,True,4,0.015339338171086347,5
Storebrand,M15,MeanReversion,"window=20,z=2.5",0.05383558674563682,0.5025125628140703,0.25918216614718576,1.2715467812390426,227,True,4,0.010722058642430476,5
Storebrand,M15,MeanReversion,"window=20,z=2.75",0.022220606673666987,0.5121951219512195,0.15880554006835765,1.1787628755768202,139,True,4,0.017390808357851006,5
Subsea,H1,VolatilityExpansion,"ema=20,mult=3.0",0.1549968694492797,0.53125,0.24848314379926645,1.2368544190247517,299,True,4,0.04334832318747528,5
Subsea,H4,MeanReversion,"window=100,z=2.0",0.058590663596018056,0.5006587615283268,0.033770431499836016,1.0162014180686993,774,True,4,0.14157044956475284,5
Subsea,H4,TrendFollowing,"fast=13,slow=34",0.3062358732809509,0.4998980216194167,0.0687973477267581,1.0135524028332523,4999,True,4,0.33892444857944237,5
Subsea,H4,TrendFollowing,"fast=21,slow=55",0.5247757789242702,0.49826636753008363,0.11789552307604458,1.0233366890988127,4999,True,4,0.32180582069240626,5
Telefonica,H1,MeanReversion,"window=20,z=1.75",-0.018428353978907408,0.4982738780207135,-0.03240985250486867,0.9842950671801236,906,True,4,0.027810963368668062,5
Telefonica,H1,MeanReversion,"window=100,z=2.25",-0.11313961398518269,0.5,-0.28908816006084576,0.8270544583912433,426,True,4,0.017967971279664874,5
Telefonica,H1,MeanReversion,"window=20,z=2.5",0.07320253857587755,0.4794520547945205,0.20817165523900394,1.3490885341229852,146,True,4,0.019485277855064043,5
Telefonica,H1,MeanReversion,"window=100,z=2.5",-0.09392128147112755,0.5041666666666667,-0.2961164174594885,0.7732394101496226,243,True,4,0.013159680197855184,5
Telefonica,H1,TrendFollowing,"fast=8,slow=21",0.49054156820450545,0.5068836045056321,0.35957454181593385,1.0792496263659146,4999,True,4,0.09797759361217473,5
Telefonica,H4,MeanReversion,"window=100,z=1.5",-0.15730338479920725,0.4779220779220779,-0.08427353282457214,0.9702932668659644,1569,True,4,0.1355026935268263,5
Telefonica,H4,TrendFollowing,"fast=5,slow=20",1.6903698352371537,0.5258445258445258,0.5354595298270448,1.1104572246472706,4999,True,5,0.5477934622900885,5
Telefonica,H4,TrendFollowing,"fast=8,slow=21",1.2709426301661488,0.5215710215710215,0.40249776700716594,1.081927045378109,4999,True,4,0.5368905184958855,5
Telefonica,H4,TrendFollowing,"fast=50,slow=200",0.31802442052806124,0.5097680097680097,0.10068555160444653,1.019889502526924,4999,True,4,0.5508534459548432,5
Telefonica,H4,VolatilityExpansion,"ema=50,mult=1.5",0.9952871800987075,0.52648790058862,0.3978428820462539,1.1052016370035436,3115,True,4,0.22986206514395202,5
Telefonica,M15,MeanReversion,"window=20,z=1.5",-0.11826527550080868,0.5092879256965944,-0.17460993561898694,0.8996899903250637,1365,True,4,0.06734511381530295,5
Telefonica,M15,MeanReversion,"window=50,z=1.5",-0.06992946727020644,0.5167173252279635,-0.10789426444562855,0.9372356151586813,1404,True,5,0.055174269464626224,5
Telefonica,M15,MeanReversion,"window=100,z=1.5",-0.013844506261367018,0.5075921908893709,-0.038406610159895584,0.9867725621691164,1477,True,4,0.0316428133005876,5
Telefonica,M15,MeanReversion,"window=20,z=1.75",-0.055987324741087585,0.5057603686635944,-0.15069717081488349,0.9270628879977661,911,True,4,0.05296756781875733,5
Telefonica,M15,MeanReversion,"window=50,z=1.75",0.053400584911102444,0.509518477043673,0.17000318608522896,1.077693178138294,944,True,5,0.05272980058221488,5
Telefonica,M15,MeanReversion,"window=100,z=1.75",0.029415699951317653,0.5150214592274678,0.09163684377823314,1.039736553101294,993,True,5,0.04477618352455537,5
Telefonica,M15,MeanReversion,"window=100,z=2.0",-0.005224288313837477,0.5072463768115942,-0.01909496963751668,0.9902431604877107,656,True,5,0.04438731039281174,5
Telefonica,M15,MeanReversion,"window=20,z=2.25",0.03021326715484496,0.5333333333333333,0.1447833718698215,1.1112382756407069,344,True,4,0.03160199148322829,5
Telefonica,M15,MeanReversion,"window=100,z=2.25",0.019497930029699684,0.522077922077922,0.08589366409293363,1.058132148706204,404,True,5,0.03499383657046806,5
Telefonica,M15,MeanReversion,"window=20,z=2.5",0.057723028300482704,0.5621301775147929,0.33245324353724387,1.4145071210029312,172,True,4,0.027885911167483735,5
Telefonica,M15,MeanReversion,"window=20,z=2.75",0.0626100520987346,0.6161616161616161,0.41866113185079645,1.8482592073116872,100,True,5,0.027778211095656924,5
Telenor,H1,MeanReversion,"window=20,z=1.5",0.13914988939479533,0.5123647604327666,0.2135295733913921,1.079204036252784,1430,True,4,0.1443422319814318,5
Telenor,H1,MeanReversion,"window=100,z=1.5",0.005877694328201732,0.4822908816880181,0.00806391758278981,1.0031012815033955,1492,True,4,0.03007892344681007,5
Telenor,H1,MeanReversion,"window=50,z=2.0",-0.1932094400140878,0.4750402576489533,-0.3820454930754418,0.8140022074575692,683,True,4,0.06187394430460902,5
Telenor,H4,MeanReversion,"window=20,z=1.5",0.026811931174677617,0.5144092219020173,0.022357834493314962,1.0078575289660816,1445,True,4,0.056893368824909585,5
Telenor,H4,TrendFollowing,"fast=5,slow=20",0.7876978972986504,0.5144230769230769,0.3506268972260102,1.0702589858656117,4999,True,4,0.3920825486579188,5
Telenor,H4,TrendFollowing,"fast=8,slow=21",0.7883324748254747,0.5137959866220736,0.3509095038580191,1.0703175772624824,4999,True,4,0.5770973918927921,5
Telenor,H4,TrendFollowing,"fast=10,slow=30",0.44427463541895285,0.5094063545150501,0.19772647446644342,1.0390294590307307,4999,True,5,0.6209270333454159,5
Telenor,H4,TrendFollowing,"fast=13,slow=34",0.321139822875371,0.5087792642140468,0.14291946379942266,1.0280603150414258,4999,True,4,0.48243518372100935,5
Telenor,H4,TrendFollowing,"fast=21,slow=55",0.24743167265781008,0.5058528428093646,0.11011471320556368,1.0215505023732943,4999,True,4,0.359305802849642,5
Telenor,H4,TrendFollowing,"fast=50,slow=200",-0.10046772753111721,0.5054347826086957,-0.04471033386415636,0.9913801785220377,4999,True,5,0.5571310427633839,5
Telenor,H4,VolatilityExpansion,"ema=20,mult=1.5",-0.12661662805271412,0.49502487562189057,-0.09601095735243627,0.9694288693912325,1675,True,4,0.12177399798013833,5
Telenor,M15,MeanReversion,"window=50,z=1.5",0.1769776954721476,0.5240912933220625,0.45405094111888283,1.2095605186331728,1502,True,4,0.11495318464989646,5
Telenor,M15,MeanReversion,"window=100,z=1.5",0.0817912906371765,0.5061830173124485,0.2501501368526831,1.0954551692466343,1548,True,5,0.05221989908581748,5
Telenor,M15,MeanReversion,"window=50,z=1.75",0.13075682080664564,0.5216316440049443,0.39678458238387027,1.2221567060329228,1029,True,4,0.046030403430483924,5
Telenor,M15,MeanReversion,"window=50,z=2.0",0.1302182231756206,0.5255198487712666,0.42686762155899144,1.325935913426701,658,True,4,0.017501547154317287,5
Tenaris,H1,MeanReversion,"window=100,z=1.5",-0.07868146351615624,0.5130548302872062,-0.07154098182149415,0.9750162143598864,1586,True,4,0.09413301942663088,5
Tenaris,H1,MeanReversion,"window=50,z=1.75",0.14828463789797697,0.5298429319371728,0.1729983958356333,1.0768470060362936,993,True,5,0.16197045949615474,5
Tenaris,H1,MeanReversion,"window=100,z=1.75",-0.11757697356243924,0.5161943319838057,-0.12514013598553408,0.9458316562782917,1022,True,4,0.13018103635321965,5
Tenaris,H1,MeanReversion,"window=50,z=2.0",-0.035098614960175856,0.5170278637770898,-0.05305107706297848,0.9733796108059044,669,True,4,0.0367082218263276,5
Tenaris,H1,MeanReversion,"window=100,z=2.0",-0.16602007187529244,0.5152979066022544,-0.20797979217492918,0.8919986533074498,646,True,4,0.06924961546655717,5
Tenaris,H1,MeanReversion,"window=100,z=2.25",-0.06992393456064805,0.5233160621761658,-0.09912506701408853,0.9324800987245182,401,True,5,0.05061138544426469,5
Tenaris,H1,TrendFollowing,"fast=10,slow=30",0.6182099336060364,0.503338898163606,0.3347158565790395,1.0715712723018087,4999,True,5,0.18363458217450512,5
Tenaris,H4,TrendFollowing,"fast=8,slow=21",-0.09490263335147109,0.49238269347958563,-0.02278165572767803,0.9957179221025141,4999,True,4,0.21201108568863158,5
Tenaris,H4,VolatilityExpansion,"ema=50,mult=1.5",0.3187871822455476,0.49028776978417266,0.10099764218469272,1.025749682115312,2819,True,4,0.2790813576827438,5
Tenaris,H4,VolatilityExpansion,"ema=20,mult=2.0",0.7820575868254309,0.5049723756906077,0.3698046916319439,1.1813850645216994,910,True,4,0.0960724743626713,5
Tenaris,M15,MeanReversion,"window=20,z=1.5",0.15103371428611156,0.5163249810174639,0.33027289680136196,1.1262714284564894,1422,True,4,0.08985410343013045,5
Tenaris,M15,MeanReversion,"window=100,z=1.5",-0.0018802146280831877,0.5055928411633109,-0.004027380477559814,0.9985193577620312,1460,True,4,0.01213808474735878,5
Tenaris,M15,MeanReversion,"window=20,z=1.75",0.11974365250317076,0.5202780996523755,0.3063835439663249,1.1451887032025825,924,True,4,0.07966419400108093,5
Tenaris,M15,MeanReversion,"window=100,z=1.75",0.03429939721772601,0.5127118644067796,0.09274817216310491,1.0401876598031834,1026,True,4,0.02986675010684603,5
Tenaris,M15,MeanReversion,"window=20,z=2.0",0.052951852750339534,0.525233644859813,0.16064342333475,1.095475954330802,571,True,4,0.04159018328894293,5
Tenaris,M15,MeanReversion,"window=50,z=2.0",0.106458955469934,0.5136116152450091,0.35324209050004146,1.220158015178497,596,True,4,0.07249817525447544,5
Tenaris,M15,MeanReversion,"window=20,z=2.25",0.04917815537053538,0.53,0.20052138347538997,1.1553213208117965,323,True,4,0.045359103823971125,5
Tenaris,M15,MeanReversion,"window=50,z=2.25",0.11844633014260408,0.5191740412979351,0.4918196118737191,1.4223634339782398,359,True,5,0.09088817070018018,5
Tenaris,M15,MeanReversion,"window=50,z=2.75",0.061195942410134485,0.5072463768115942,0.3976833229170802,1.5273751284782169,145,True,4,0.048622815864513336,5
Terna,H1,MeanReversion,"window=20,z=1.5",0.17574365468999886,0.5094890510948905,0.30525816684746704,1.110552176233171,1439,True,4,0.1176170275305215,5
Terna,H1,MeanReversion,"window=50,z=1.5",0.20289310486783985,0.5046604527296937,0.3209032289546819,1.1125912403783065,1576,True,4,0.13513224520863276,5
Terna,H1,MeanReversion,"window=100,z=1.5",0.16959614312650528,0.5072178477690289,0.2750889561965316,1.0928463870903626,1582,True,4,0.049332823637632583,5
Terna,H1,MeanReversion,"window=20,z=1.75",0.18219468315123732,0.5074626865671642,0.40721654622893694,1.1875328320902159,915,True,5,0.15221345181886947,5
Terna,H1,MeanReversion,"window=50,z=1.75",0.14531885637007114,0.5054401582591493,0.27312143759847446,1.1180068869525785,1063,True,4,0.10756931090651622,5
Terna,H1,MeanReversion,"window=20,z=2.0",0.0988136719893502,0.5264187866927593,0.2931881780315241,1.1728992556707447,537,True,4,0.06254222100978202,5
Terna,H1,MeanReversion,"window=50,z=2.0",0.11474584360011009,0.5133333333333333,0.27680902988155887,1.1555078846291458,622,True,4,0.09046732386585277,5
Terna,H1,MeanReversion,"window=20,z=2.25",0.14043112528688784,0.5703422053231939,0.5677324042678294,1.5335428457472502,279,True,4,0.04335894233384441,5
Terna,H1,MeanReversion,"window=50,z=2.25",0.052116657897462115,0.4890710382513661,0.168428994330302,1.1173568426041045,379,True,4,0.03432563582982617,5
Terna,H1,MeanReversion,"window=100,z=2.25",0.10217602619337951,0.5174013921113689,0.3033455655500354,1.2009980530351256,448,True,4,0.03957243909267438,5
Terna,H1,MeanReversion,"window=50,z=2.5",0.03232158179930911,0.47619047619047616,0.14968162004765168,1.1477105318852874,198,True,4,0.015206402736578806,5
Terna,H4,MeanReversion,"window=20,z=1.75",0.3171957137520106,0.5058697972251868,0.3056047702424247,1.1295277241541386,962,True,5,0.295058062870159,5
Terna,H4,MeanReversion,"window=20,z=2.0",0.090661461055634,0.5066162570888468,0.11782226145192738,1.0623981350432579,541,True,5,0.23504419142202848,5
Terna,H4,MeanReversion,"window=50,z=2.0",0.2988114992366413,0.5156482861400894,0.31071383128777214,1.1746976534483862,684,True,5,0.2663005030521428,5
Terna,H4,MeanReversion,"window=50,z=2.25",0.27350576230521373,0.525,0.39184081161679996,1.3038075665947952,368,True,5,0.21301083920946606,5
Terna,H4,MeanReversion,"window=50,z=2.5",0.20620230769308123,0.5459459459459459,0.38409422276313476,1.500712549021969,188,True,4,0.10095115214602901,5
Terna,H4,MeanReversion,"window=100,z=2.5",0.18766657621540384,0.5829145728643216,0.2639526528577228,1.3297805249293515,204,True,4,0.07830352889614345,5
Terna,M15,VolatilityExpansion,"ema=20,mult=2.5",-0.0064841302433267245,0.5032679738562091,-0.03609764431114933,0.9786071971735616,496,True,4,0.017603915885129773,5
TomTom,H1,MeanReversion,"window=20,z=1.5",1.264160315945687,0.5506382978723404,0.8452737587558259,1.370779256623027,1358,True,5,0.5968049655469743,5
TomTom,H1,MeanReversion,"window=50,z=1.5",1.0042960419783364,0.5272136474411048,0.6023304129339727,1.24966487046095,1403,True,4,0.3371256273514225,5
TomTom,H1,MeanReversion,"window=50,z=1.75",0.7445096915739841,0.5310262529832935,0.5140163081484097,1.259415215471569,938,True,4,0.3245672586958398,5
TomTom,H1,MeanReversion,"window=20,z=2.0",0.35860318062348084,0.5603644646924829,0.38718523446698405,1.2489289737758391,491,True,4,0.313530095936999,5
TomTom,H1,MeanReversion,"window=50,z=2.0",0.49913452993860086,0.533210332103321,0.41317103456073695,1.2570665912104726,608,True,5,0.3168212099840618,5
TomTom,H1,MeanReversion,"window=20,z=2.25",0.0611811133802469,0.5335968379446641,0.08037597201295278,1.0622041129624618,277,True,4,0.17874936188324975,5
TomTom,H1,MeanReversion,"window=50,z=2.25",0.06881182712485978,0.5267857142857143,0.07678219285404382,1.0499770535580264,367,True,4,0.2625525802091232,5
TomTom,H1,MeanReversion,"window=50,z=2.5",-0.004370367786198481,0.5251141552511416,-0.005617757689079134,0.9955768289551862,235,True,4,0.1258342617389655,5
TomTom,H1,MeanReversion,"window=100,z=2.75",0.21483251274844506,0.5060240963855421,0.28043776064744497,1.298915756504925,180,True,4,0.10153772478164291,5
TomTom,H4,MeanReversion,"window=20,z=1.5",0.6292076451798415,0.5248281130634072,0.23442451889543348,1.0886499633365592,1382,True,4,0.06689325349039699,5
TomTom,H4,MeanReversion,"window=50,z=1.5",0.9410783356269465,0.5403165033911078,0.34754124782875506,1.1295356836031323,1389,True,4,0.4487452205256811,5
TomTom,H4,MeanReversion,"window=100,z=1.5",0.7375472503976044,0.5240206947524021,0.2689379742777839,1.0968405830504093,1417,True,4,0.312611871795515,5
TomTom,H4,MeanReversion,"window=50,z=1.75",0.6552093365202227,0.5392491467576792,0.28283446668864237,1.1281359594708973,915,True,4,0.38458217297118513,5
TomTom,H4,MeanReversion,"window=100,z=1.75",0.558203170690967,0.5295358649789029,0.23311918699457798,1.100064830517269,984,True,4,0.19829934565810103,5
TomTom,H4,MeanReversion,"window=50,z=2.0",0.6064641207254944,0.5379061371841155,0.3250231922025079,1.1822924259107634,572,True,4,0.14037634928195564,5
TomTom,H4,MeanReversion,"window=100,z=2.0",0.3486448292436689,0.5270935960591133,0.16588273455288052,1.089816815761146,626,True,4,0.18258421636292843,5
TomTom,H4,MeanReversion,"window=50,z=2.25",0.5120938348931754,0.5321637426900585,0.3357120004401145,1.2407583728184532,352,True,4,0.3416470065850482,5
TomTom,H4,MeanReversion,"window=100,z=2.25",0.4188778609858801,0.5283505154639175,0.24531086967477486,1.1667699973262824,400,True,4,0.24917056434534546,5
TomTom,H4,MeanReversion,"window=50,z=2.5",0.6213868524619373,0.5454545454545454,0.5283787998484976,1.5381199842847812,227,True,4,0.3151099703402518,5
TomTom,M15,VolatilityExpansion,"ema=20,mult=1.5",-0.23175350797903327,0.45185185185185184,-0.2485988247514547,0.9163297016222887,1770,True,5,0.2214672921837294,5
TomTom,M15,VolatilityExpansion,"ema=20,mult=2.0",-0.11647632393802276,0.44882860665844637,-0.1485000576778224,0.9382364486341076,1167,True,5,0.22639312665691957,5
TomTom,M15,VolatilityExpansion,"ema=20,mult=2.5",-0.15068682211866258,0.4342857142857143,-0.22637710001531053,0.8863641969516719,725,True,4,0.09792510629484164,5
TomTom,M15,VolatilityExpansion,"ema=50,mult=2.5",-0.15139865554844056,0.4591194968553459,-0.16362079908264215,0.9461255926572102,1883,True,5,0.19965330460923147,5
TomTom,M15,VolatilityExpansion,"ema=50,mult=3.0",-0.13095971524410777,0.4530612244897959,-0.15795562557063325,0.9405302594009779,1442,True,4,0.18861221220598734,5
TomTom,M15,VolatilityExpansion,"ema=50,mult=3.5",0.012360022415579763,0.46254927726675427,0.016003039875770994,1.0071801612032805,1097,True,5,0.19582527655703197,5
UniCredit,H1,MeanReversion,"window=20,z=2.0",-0.0711014627725447,0.4838709677419355,-0.12473189965982573,0.931446848101767,539,True,4,0.03833407432604019,5
UniCredit,H1,TrendFollowing,"fast=5,slow=20",0.15115298820835066,0.5092611439039284,0.07911669391325504,1.0166424956931595,4999,True,5,0.31076443428646805,5
UniCredit,H1,TrendFollowing,"fast=8,slow=21",0.17527896413535426,0.5086505190311419,0.09174513649331927,1.0193245201216983,4999,True,5,0.32672195126194914,5
UniCredit,H1,TrendFollowing,"fast=10,slow=30",-0.11421205382879163,0.506208019539996,-0.05978070331912828,0.9876058993201461,4999,True,5,0.30871926033034314,5
UniCredit,H1,TrendFollowing,"fast=13,slow=34",-0.1394534347202181,0.5053938530429473,-0.07299276346041349,0.9848874447620645,4999,True,4,0.1920283194856326,5
UniCredit,H1,TrendFollowing,"fast=21,slow=55",0.05370008276009153,0.5053938530429473,0.028107462162971764,1.0058810236527855,4999,True,5,0.37813330355734653,5
UniCredit,H1,TrendFollowing,"fast=34,slow=89",0.5637220599961756,0.5108894768980257,0.29511146146672973,1.0635103465252123,4999,True,4,0.3836822911288468,5
UniCredit,H1,TrendFollowing,"fast=50,slow=200",0.5096637614422137,0.5149603093832689,0.2668032382470513,1.0572456795701393,4999,True,5,0.5139038495017544,5
UniCredit,H1,VolatilityExpansion,"ema=20,mult=1.5",0.18823591892756875,0.5107655502392344,0.1605489813760204,1.0586072380528817,1705,True,5,0.1431905845695708,5
UniCredit,H1,VolatilityExpansion,"ema=50,mult=1.5",0.07632082501856263,0.5103909827404015,0.04985283378168922,1.0140532871400207,2886,True,5,0.23537515403206377,5
UniCredit,H1,VolatilityExpansion,"ema=50,mult=2.0",0.1397737804157263,0.5152173913043478,0.09864613874643119,1.0319933938593,2339,True,5,0.22134967874994016,5
UniCredit,H1,VolatilityExpansion,"ema=20,mult=2.5",0.2375388738889389,0.5091514143094842,0.31591391387082973,1.2132553313646075,614,True,4,0.14365585143554527,5
UniCredit,H1,VolatilityExpansion,"ema=50,mult=2.5",0.1876269086414133,0.5137816979051819,0.153887619604849,1.0555658836763442,1841,True,5,0.20776033826444018,5
UniCredit,H1,VolatilityExpansion,"ema=20,mult=3.0",0.1727872814480752,0.4935897435897436,0.29442307649966476,1.2954864877427237,319,True,4,0.12876686114222047,5
UniCredit,H1,VolatilityExpansion,"ema=50,mult=3.0",0.30784948172334614,0.5138483965014577,0.2853942331405434,1.1229540586897655,1395,True,4,0.1899581718350456,5
UniCredit,H1,VolatilityExpansion,"ema=50,mult=3.5",0.29834899735975295,0.5133795837462835,0.306823813793309,1.1588621784119058,1027,True,5,0.21061762391190653,5
UniCredit,H4,MeanReversion,"window=100,z=1.75",-1.0278524230794,0.4591049382716049,-0.4417081865877658,0.8402710959390082,1304,True,5,0.17275090669734294,5
UniCredit,H4,TrendFollowing,"fast=10,slow=30",2.1115169231579602,0.5191609519967729,0.49650066036150264,1.1005009022942933,4999,True,4,0.324579543064783,5
UniCredit,H4,TrendFollowing,"fast=21,slow=55",1.4515338280141072,0.517950786607503,0.34122464889111237,1.068019642157038,4999,True,4,0.20147194383685763,5
UniCredit,H4,VolatilityExpansion,"ema=20,mult=1.5",2.0641599628133647,0.5235955056179775,0.7286156449654873,1.2740010663608596,1793,True,5,0.3760887312523379,5
UniCredit,H4,VolatilityExpansion,"ema=20,mult=2.0",1.2689911157148859,0.5363079615048119,0.5339457417672192,1.2485662294725384,1150,True,4,0.4082376378160435,5
UniCredit,H4,VolatilityExpansion,"ema=20,mult=2.5",0.6936935489705445,0.5283018867924528,0.40840628957715486,1.2464636393173272,641,True,5,0.2621704537747588,5
UniCredit,H4,VolatilityExpansion,"ema=50,mult=2.5",1.4383176548932537,0.5341772151898734,0.5047924425698553,1.1728230539077265,1988,True,5,0.42356794614195414,5
UniCredit,H4,VolatilityExpansion,"ema=50,mult=3.0",1.3318347084638607,0.5434062292909212,0.5165162950249073,1.2094526155951615,1520,True,4,0.46146577434948033,5
UniCredit,H4,VolatilityExpansion,"ema=20,mult=3.5",0.2568072366019558,0.5228758169934641,0.2364279921397517,1.2948609693865798,153,True,4,0.16433663415492916,5
UniCredit,H4,VolatilityExpansion,"ema=50,mult=3.5",1.2526025576289008,0.5417024935511608,0.5369956569353852,1.2587931873104061,1172,True,4,0.41217604947771846,5
UniCredit,M15,MeanReversion,"window=20,z=1.5",0.13255800456360378,0.5165511932255581,0.2873158287952295,1.1110581563221664,1350,True,4,0.06895656789262594,5
UniCredit,M15,MeanReversion,"window=50,z=1.5",0.08773319951294811,0.507496251874063,0.2041070657748537,1.0752385648550553,1398,True,5,0.1013596719452956,5
UniCredit,M15,MeanReversion,"window=100,z=1.5",0.021678975060690497,0.49815225424981524,0.050645350896654895,1.0181819944056887,1408,True,4,0.10478252517667319,5
UniCredit,M15,MeanReversion,"window=20,z=1.75",0.04134369276243166,0.5150784077201448,0.10428906054880828,1.0497700428929266,864,True,5,0.053344846906157595,5
UniCredit,M15,MeanReversion,"window=100,z=1.75",0.1074223398254428,0.512707182320442,0.31686101771748076,1.1415523767068598,946,True,5,0.12498874390892134,5
UniCredit,M15,MeanReversion,"window=20,z=2.75",0.010375893382347123,0.5,0.06664650204870588,1.0780135769194445,102,True,4,0.026115112712350008,5
UniCredit,M15,MeanReversion,"window=50,z=3.0",0.02156707837442129,0.547945205479452,0.17543307062664487,1.2565560885860974,73,True,5,0.02564147412519613,5
Unipol,H1,MeanReversion,"window=50,z=1.75",0.010913571608767825,0.5162882527147088,0.013681723371934823,1.0062278912960818,1085,True,4,0.03115717865977763,5
Unipol,H1,MeanReversion,"window=20,z=2.0",0.11141405780068714,0.5271629778672032,0.22088233746021516,1.1310427950353383,523,True,4,0.05903413077907005,5
Unipol,H1,MeanReversion,"window=100,z=2.0",-0.07797436375512856,0.48846675712347354,-0.10235212479534644,0.9431155147162169,789,True,4,0.04741304829297566,5
Unipol,H1,MeanReversion,"window=20,z=2.25",0.12533071241470284,0.5167785234899329,0.32730887243752055,1.257525381074908,312,True,4,0.04397407111685159,5
Unipol,H1,MeanReversion,"window=50,z=2.25",0.11830693679279336,0.5357142857142857,0.2693014137021743,1.1976823746368213,385,True,4,0.010668188175904314,5
Unipol,H1,MeanReversion,"window=20,z=2.5",0.060066027612747486,0.5328947368421053,0.2008967354910331,1.215675603195597,156,True,4,0.02423440277772948,5
Unipol,H1,TrendFollowing,"fast=21,slow=55",0.23079246662001018,0.5146712358106661,0.12224414967272142,1.0283700836007055,4999,True,4,0.19947314865596222,5
Unipol,H1,TrendFollowing,"fast=50,slow=200",0.886839540289201,0.5221674876847291,0.4699253429715643,1.1135948328970016,4999,True,4,0.3084482697991371,5
Unipol,H1,VolatilityExpansion,"ema=50,mult=1.5",0.1003272049596724,0.5023239184840901,0.07928044802182717,1.0210633187724407,2991,True,4,0.04192562596373295,5
Unipol,H1,VolatilityExpansion,"ema=50,mult=2.5",0.09592678207649108,0.5083285468121769,0.08911694514694109,1.031329683652951,1860,True,4,0.010860895465381049,5
Unipol,H1,VolatilityExpansion,"ema=20,mult=3.0",-0.03553481385035728,0.4743083003952569,-0.07656942728710746,0.9348855299552745,262,True,4,0.030273546227727044,5
Unipol,H4,MeanReversion,"window=50,z=1.5",-0.8419240796121574,0.47954949614700654,-0.40575131527538266,0.8714495847136092,1726,True,4,0.17022711172014748,5
Unipol,H4,MeanReversion,"window=100,z=1.5",-0.5245968999931993,0.48783185840707965,-0.23834476848357444,0.9242903234163247,1850,True,4,0.08402396951734281,5
Unipol,H4,MeanReversion,"window=100,z=1.75",-0.6469243699394064,0.49357945425361155,-0.33578227166709673,0.873160588293854,1274,True,4,0.07921003804702087,5
Unipol,H4,MeanReversion,"window=100,z=2.0",-0.7024488711493799,0.48662420382165605,-0.4335659332042976,0.8052785100286047,801,True,4,0.04378868868323238,5
Unipol,H4,MeanReversion,"window=100,z=2.25",-0.33638238155308864,0.5021008403361344,-0.25087608925119215,0.8506276200646111,487,True,4,0.057052898113525985,5
Unipol,H4,MeanReversion,"window=100,z=2.5",0.03734384930370238,0.5102880658436214,0.040594921018727345,1.0352590153488117,248,True,4,0.041173271225807495,5
Unipol,H4,MeanReversion,"window=100,z=2.75",-0.044183088194269304,0.4778761061946903,-0.06641513966195411,0.9246609451914258,116,True,4,0.03282930968700504,5
Unipol,H4,TrendFollowing,"fast=21,slow=55",1.2087805123462803,0.5162943226070916,0.36194003691163557,1.0726228564139277,4999,True,4,0.2921735213705309,5
Unipol,H4,VolatilityExpansion,"ema=20,mult=2.0",0.8518718478049553,0.5134831460674157,0.5069710313064371,1.2571011683937254,908,True,4,0.0405719272122369,5
Unipol,M15,MeanReversion,"window=20,z=2.0",0.0035474598561100468,0.5077519379844961,0.013205456224931394,1.0072063421834305,553,True,4,0.038019859134156064,5
Unipol,M15,MeanReversion,"window=20,z=2.25",0.029810430368668928,0.5121951219512195,0.1381876088581872,1.1034973584982597,304,True,4,0.050012180725044764,5
Unipol,M15,TrendFollowing,"fast=8,slow=21",-0.10655784805310553,0.4971590909090909,-0.1410215483227394,0.9730249015129873,4999,True,4,0.04448878648161958,5
Unipol,M15,TrendFollowing,"fast=10,slow=30",-0.0673427370217683,0.5008741258741258,-0.08912109355217483,0.9828671578225265,4999,True,4,0.03171663387734569,5
Unipol,M15,TrendFollowing,"fast=13,slow=34",-0.09290095262034925,0.49803321678321677,-0.12294647816874965,0.9764414180918856,4999,True,4,0.06726599473794892,5
UnipolSai,H1,MeanReversion,"window=20,z=1.5",0.7435856578783735,0.5948275862068966,1.0851059165931247,1.5640424556342087,1283,True,5,0.30323188253977684,5
UnipolSai,H1,MeanReversion,"window=50,z=1.5",0.5527086863252725,0.5723214285714285,0.8083410426515566,1.3769976773446944,1403,True,4,0.16418481550328623,5
UnipolSai,H1,MeanReversion,"window=100,z=1.5",0.603881518511494,0.5411861614497528,0.7074212212094367,1.3791631528902586,1545,True,4,0.19344358492803615,5
UnipolSai,H1,MeanReversion,"window=20,z=1.75",0.5360559129435042,0.6050295857988166,0.9161416865088459,1.6009705740335094,817,True,5,0.2280508745245493,5
UnipolSai,H1,MeanReversion,"window=50,z=1.75",0.46307602187640595,0.5764075067024129,0.8081000740629845,1.486691449590334,924,True,5,0.1818884288627639,5
UnipolSai,H1,MeanReversion,"window=20,z=2.0",0.3581044657336877,0.6153846153846154,0.7734768183110877,1.6423600955185558,513,True,5,0.07727923211671106,5
UnipolSai,H1,MeanReversion,"window=50,z=2.0",0.36007952734118054,0.5702479338842975,0.7266835163153151,1.576282876936546,610,True,5,0.13808942385450285,5
UnipolSai,H1,MeanReversion,"window=20,z=2.25",0.28116281725702974,0.6113207547169811,0.6917793066821849,1.7740086742130905,305,True,5,0.07366685923384486,5
UnipolSai,H1,MeanReversion,"window=50,z=2.25",0.20707493613537742,0.5562913907284768,0.5264554592398956,1.5108649477191207,377,True,4,0.08734191661984048,5
UnipolSai,H1,MeanReversion,"window=100,z=2.25",0.19886298203774533,0.5882352941176471,0.5205032834845895,1.5244366240801945,372,True,4,0.07788763295666079,5
UnipolSai,H1,MeanReversion,"window=20,z=2.5",0.16168410341838224,0.5961538461538461,0.4886309855767999,1.7317299005844278,174,True,5,0.04923977752242403,5
UnipolSai,H1,MeanReversion,"window=100,z=2.5",0.15830485903203118,0.5502645502645502,0.4859759655493649,1.633421915743924,238,True,4,0.06648089909477328,5
UnipolSai,H1,TrendFollowing,"fast=13,slow=34",-0.4455202414410806,0.49233520694941235,-0.3284302577789533,0.9272616116314619,4999,True,4,0.04989285607106497,5
UnipolSai,H1,TrendFollowing,"fast=34,slow=89",-0.20318182954686348,0.5066428206438426,-0.14975694403575276,0.9661577837154658,4999,True,4,0.12125437967220787,5
UnipolSai,H4,MeanReversion,"window=50,z=1.5",-0.018073643184294164,0.5096899224806202,-0.01087090055066027,0.9963156652060196,1649,True,4,0.11616760257171699,5
UnipolSai,H4,MeanReversion,"window=100,z=1.5",0.13933239332155634,0.5086385625431928,0.08874667029880802,1.030110278113664,1553,True,4,0.05897649295795482,5
UnipolSai,H4,MeanReversion,"window=50,z=1.75",0.06350491469268982,0.5179245283018868,0.048869895726964756,1.0194249473385537,1138,True,4,0.029290823587075576,5
UnipolSai,H4,MeanReversion,"window=100,z=1.75",0.11441415235754326,0.5185185185185185,0.08098621300621088,1.033174705016274,1100,True,4,0.06923599253617618,5
UnipolSai,H4,MeanReversion,"window=20,z=2.0",0.2948333152403969,0.567193675889328,0.33098314687097735,1.210061309220119,534,True,4,0.036504587401042454,5
UnipolSai,H4,MeanReversion,"window=20,z=2.25",0.22089198680244304,0.5795053003533569,0.3415393558451102,1.2794253397897337,294,True,5,0.09802623677492295,5
UnipolSai,H4,MeanReversion,"window=20,z=2.5",0.2016380038695228,0.6041666666666666,0.45452176033029684,1.5810181285448945,149,True,4,0.019016439687591147,5
UnipolSai,M15,MeanReversion,"window=20,z=1.5",0.28543944121889575,0.6601423487544484,1.4140276173143393,2.130809288716294,1403,True,5,0.07821523763138571,5
UnipolSai,M15,MeanReversion,"window=50,z=1.5",0.2192296562520547,0.6206896551724138,1.0483857996400643,1.736917102780518,1142,True,4,0.03022210122461222,5
UnipolSai,M15,MeanReversion,"window=100,z=1.5",0.2149496334481168,0.6421845574387948,1.0948438363679815,1.7753752088246095,1108,True,5,0.027377085162802794,5
UnipolSai,M15,MeanReversion,"window=20,z=1.75",0.2471825142926245,0.690537084398977,1.3413845756907783,2.4631769078538794,1041,True,5,0.068307080972561,5
UnipolSai,M15,MeanReversion,"window=50,z=1.75",0.14669510243965078,0.6278481012658228,0.8273265594956102,1.6627219595068252,760,True,4,0.016231873240387662,5
UnipolSai,M15,MeanReversion,"window=100,z=1.75",0.18192856810445435,0.6550802139037433,1.098118825058493,2.0203607856206673,759,True,4,0.010843735404466592,5
UnipolSai,M15,MeanReversion,"window=20,z=2.0",0.1774846620521534,0.6988416988416989,1.1184210541538682,2.6158360872251665,778,True,5,0.0393842899061152,5
UnipolSai,M15,MeanReversion,"window=20,z=2.25",0.1200565783235793,0.7016574585635359,0.8775651059542845,2.5412321990454005,625,True,5,0.029214157406918462,5
UnipolSai,M15,MeanReversion,"window=20,z=2.5",0.10752939615794832,0.7560975609756098,0.8468370813113087,3.335602981835421,507,True,4,0.02876314560451665,5
Viscofan,H1,MeanReversion,"window=20,z=1.5",0.9317318935435113,0.5991041433370661,1.191505793440571,1.7082948136771847,1214,True,4,0.2109620338588376,5
Viscofan,H1,MeanReversion,"window=50,z=1.5",0.6808373202636671,0.56875,0.9128117846194526,1.4553499351252932,1355,True,5,0.19900391849082266,5
Viscofan,H1,MeanReversion,"window=100,z=1.5",0.723756576137825,0.5697424892703863,0.9550976967700329,1.5028757466082028,1270,True,4,0.22206099745121521,5
Viscofan,H1,MeanReversion,"window=20,z=1.75",0.6062707973699818,0.5869191049913941,0.857236328467676,1.629397244846665,783,True,4,0.13324115033081652,5
Viscofan,H1,MeanReversion,"window=50,z=1.75",0.5910654874798948,0.5972434915773354,0.919536652835501,1.6008243285720474,896,True,4,0.1797653835480575,5
Viscofan,H1,MeanReversion,"window=100,z=1.75",0.465214145273953,0.5647590361445783,0.7063372893412748,1.4387985447440303,895,True,4,0.13893170605640592,5
Viscofan,H1,MeanReversion,"window=20,z=2.0",0.43107751109525483,0.582010582010582,0.7045609064550643,1.674910982958627,492,True,4,0.06872531768657764,5
Viscofan,H1,MeanReversion,"window=50,z=2.0",0.33220755475532926,0.5704387990762124,0.57909120297977,1.4571288887845857,584,True,4,0.11625691428792528,5
Viscofan,H1,MeanReversion,"window=100,z=2.0",0.44699657119966707,0.5895196506550219,0.7370609159605974,1.5950273772668824,617,True,4,0.13365268219361237,5
Viscofan,H1,MeanReversion,"window=20,z=2.25",0.34692559005860535,0.6,0.7794095487829773,2.0362920068359527,284,True,4,0.06288516423175594,5
Viscofan,H1,MeanReversion,"window=50,z=2.25",0.22431758995105544,0.5604395604395604,0.4481982131936674,1.4480845723772067,369,True,5,0.0947682595073911,5
Viscofan,H1,MeanReversion,"window=50,z=2.5",0.21543608494213873,0.5696969696969697,0.48723257354704,1.6946519764302679,218,True,4,0.07024806020208862,5
Viscofan,H4,MeanReversion,"window=20,z=1.5",1.3133822049045722,0.5472013366750209,0.9432928427684873,1.4051706414357614,1313,True,5,0.38221779041455284,5
Viscofan,H4,MeanReversion,"window=20,z=1.75",0.8272133805317685,0.5482625482625483,0.6945608346699722,1.371183305618428,847,True,4,0.30111275221655687,5
Viscofan,H4,MeanReversion,"window=100,z=1.75",0.596313987305935,0.5110336817653891,0.4896487437405344,1.240833039383697,949,True,4,0.12787854732459691,5
Viscofan,H4,MeanReversion,"window=20,z=2.0",0.6034211567239302,0.555793991416309,0.584545262688258,1.4152704690164453,501,True,5,0.25008652922624874,5
Viscofan,H4,MeanReversion,"window=100,z=2.0",0.41253046730633647,0.4965034965034965,0.3858407205030007,1.2351139298056564,629,True,4,0.1448438593698027,5
Viscofan,H4,MeanReversion,"window=20,z=2.25",0.4839914650343188,0.5740072202166066,0.5764162518673888,1.570173064632978,296,True,5,0.12117814858661158,5
Viscofan,M15,MeanReversion,"window=20,z=2.25",0.0932927693241904,0.6551724137931034,0.4499212707598298,1.5266533900101789,325,True,4,0.01946488517808398,5
Vopak,H1,MeanReversion,"window=20,z=1.5",0.521395163265849,0.5338582677165354,0.6118779138339262,1.289548129823717,1360,True,4,0.15270767511262573,5
Vopak,H1,MeanReversion,"window=50,z=1.5",0.3817634182995603,0.49930555555555556,0.47367934968353065,1.190704276987262,1539,True,4,0.13238720566465945,5
Vopak,H1,MeanReversion,"window=20,z=1.75",0.3990232035219997,0.5326757090012331,0.5456481903547142,1.335781202657207,870,True,4,0.09909401453762645,5
Vopak,H1,MeanReversion,"window=50,z=1.75",0.4353754405706296,0.5194274028629857,0.6329222842220213,1.334427637993333,1041,True,5,0.15606285884560345,5
Vopak,H1,MeanReversion,"window=50,z=2.0",0.3320357838332052,0.5373134328358209,0.570240321124392,1.4021294515016431,640,True,5,0.1445539520121648,5
Vopak,H1,MeanReversion,"window=20,z=2.25",0.36177137373848656,0.5606060606060606,0.674508372868566,1.9180746153988626,283,True,5,0.11758454743843416,5
Vopak,H1,MeanReversion,"window=50,z=2.25",0.21721756272482529,0.5365168539325843,0.47348749167858795,1.4497970624741163,379,True,4,0.07653913238293242,5
Vopak,H1,MeanReversion,"window=20,z=2.5",0.4128757161324238,0.6114649681528662,0.8373370143105411,3.0793310870906785,165,True,4,0.11508636183565057,5
Vopak,H1,MeanReversion,"window=50,z=2.5",0.16908041791628103,0.555,0.4344167660669184,1.5875805598745025,213,True,5,0.043407556589365126,5
Vopak,H1,MeanReversion,"window=50,z=2.75",0.18361725256700878,0.5925925925925926,0.5661352820023565,2.4445612753899764,112,True,4,0.05116764382730932,5
Vopak,H1,MeanReversion,"window=100,z=2.75",0.042147495161312554,0.5030674846625767,0.12310043021194661,1.1552509552657162,175,True,4,0.05222483029377223,5
Vopak,H1,TrendFollowing,"fast=5,slow=20",0.027549172497403407,0.5025817555938038,0.0176348851595718,1.0039051436778115,4999,True,4,0.17893391844934037,5
Vopak,H1,TrendFollowing,"fast=8,slow=21",0.03512116433179069,0.5045180722891566,0.022481907168727742,1.0049811600913,4999,True,4,0.20912344896835156,5
Vopak,H1,TrendFollowing,"fast=13,slow=34",-0.11824516240087324,0.5053786574870912,-0.07569237449544425,0.983409969948828,4999,True,4,0.12397060875350685,5
Vopak,H4,MeanReversion,"window=20,z=1.5",1.0228699289525625,0.5192878338278932,0.6512626153716651,1.260473175230582,1379,True,5,0.5150534317424988,5
Vopak,H4,MeanReversion,"window=100,z=1.5",0.16866669796035916,0.5025603511338698,0.09331492791914138,1.0358404513052464,1404,True,4,0.2138893691016901,5
Vopak,H4,MeanReversion,"window=20,z=1.75",0.8796814563194487,0.5253093363329584,0.732421807926416,1.3592706090828448,911,True,5,0.5813124068522956,5
Vopak,H4,MeanReversion,"window=20,z=2.0",0.7276496569986437,0.5465346534653466,0.794829950970066,1.5547073121773225,518,True,5,0.3809385576873403,5
Vopak,H4,MeanReversion,"window=50,z=2.0",0.19744180107200582,0.500772797527048,0.15210574285189532,1.084662728266772,658,True,4,0.20936207075232227,5
Vopak,H4,MeanReversion,"window=20,z=2.25",0.5113468655139625,0.5678571428571428,0.718187680231472,1.715548581346078,286,True,4,0.24577814656477115,5
Vopak,H4,MeanReversion,"window=50,z=2.25",0.18403198961358602,0.5196850393700787,0.19301813604790188,1.1296723157699757,386,True,4,0.19734847283249268,5
Vopak,H4,MeanReversion,"window=50,z=2.5",0.30775167260391256,0.5777777777777777,0.3769339935374331,1.3724186096468236,227,True,4,0.09445093647264058,5
Vopak,H4,MeanReversion,"window=100,z=2.5",0.3328248995613281,0.5457627118644067,0.3619678417345732,1.304608258070216,300,True,4,0.09757609047342808,5
Vopak,H4,MeanReversion,"window=50,z=2.75",0.23277371043645978,0.5564516129032258,0.3466639666895224,1.4943403575267267,124,True,4,0.08560746062558833,5
Vopak,M15,MeanReversion,"window=50,z=1.75",0.10501071352549729,0.5257352941176471,0.3098110366843825,1.1667925661253837,962,True,4,0.011950400202283884,5
Vopak,M15,MeanReversion,"window=50,z=2.0",0.07439062555835996,0.5525812619502868,0.2573465188855153,1.1795762761608084,612,True,5,0.014778507172706234,5
Wereldhave,H1,MeanReversion,"window=20,z=1.5",0.9333315571107584,0.5573159366262814,1.192332971816081,1.5959643635921774,1314,True,4,0.2310840330132934,5
Wereldhave,H1,MeanReversion,"window=20,z=1.75",0.7805986719437809,0.5579399141630901,1.1719166025026349,1.7856168871265419,851,True,4,0.18326610665402643,5
Wereldhave,H1,MeanReversion,"window=50,z=1.75",0.5725794481874739,0.5431235431235432,0.7990496930515061,1.4157738550535028,1036,True,4,0.13704652046011712,5
Wereldhave,H1,MeanReversion,"window=20,z=2.0",0.6199493197084182,0.6063569682151589,1.112506735403403,2.108870583326164,486,True,4,0.16228330278904401,5
Wereldhave,H1,MeanReversion,"window=50,z=2.0",0.5213561511079122,0.5549348230912476,0.8772164664937235,1.6365582036913282,653,True,4,0.18227150091346245,5
Wereldhave,H1,MeanReversion,"window=50,z=2.25",0.40827540839766197,0.5949367088607594,0.8556946508231971,1.9037176831744271,373,True,4,0.12777531583466495,5
Wereldhave,H1,TrendFollowing,"fast=34,slow=89",-0.5103609913871725,0.4954778782693718,-0.34016949661602547,0.9336812356325805,4999,True,4,0.16922322262707834,5
Wereldhave,H1,TrendFollowing,"fast=50,slow=200",-0.286735687144025,0.5045221217306282,-0.19108711492753896,0.9621908370529931,4999,True,4,0.19720492335821926,5
Wereldhave,H4,MeanReversion,"window=20,z=1.5",1.0958790367791953,0.5364583333333334,0.4210165306734148,1.173030438011438,1415,True,4,0.7249239773269174,5
Wereldhave,H4,MeanReversion,"window=50,z=1.5",0.22922850908148285,0.5241090146750524,0.08130092012696041,1.031693737637932,1501,True,5,0.425519535063169,5
Wereldhave,H4,MeanReversion,"window=20,z=1.75",1.0868549599789215,0.5398633257403189,0.5383955547742462,1.2737929051300974,924,True,5,0.6696564542088129,5
Wereldhave,H4,MeanReversion,"window=50,z=1.75",0.4118547037531173,0.541497975708502,0.17235061011871342,1.0828461138919514,1031,True,5,0.5013603209363541,5
Wereldhave,H4,MeanReversion,"window=100,z=1.75",-0.19521594028922395,0.5241779497098646,-0.0742890811894323,0.9669520434582672,1079,True,5,0.24727544996672235,5
Wereldhave,H4,MeanReversion,"window=20,z=2.0",1.1933628590573282,0.570631970260223,0.7236923037814483,1.5219099914366432,558,True,5,0.4174173648426053,5
Wereldhave,H4,MeanReversion,"window=50,z=2.0",0.5478971830738877,0.5454545454545454,0.26570194939312497,1.1730288968504772,624,True,5,0.40628845372717304,5
Wereldhave,H4,MeanReversion,"window=20,z=2.25",0.7477965709784683,0.5684210526315789,0.5619254847866499,1.571151862065528,296,True,5,0.23433964409730146,5
Wereldhave,H4,MeanReversion,"window=50,z=2.25",0.4587483211017269,0.5449591280653951,0.3170016930276652,1.2436045048390736,386,True,4,0.18819956881348787,5
Wereldhave,H4,MeanReversion,"window=100,z=2.25",-0.010724160337913569,0.5420560747663551,-0.005142772457072427,0.9962440687410046,448,True,5,0.3187259176091345,5
Wereldhave,H4,MeanReversion,"window=20,z=2.5",0.3573563443706028,0.5958904109589042,0.3264591707213084,1.416508317328828,151,True,4,0.1140993259054155,5
Wereldhave,H4,MeanReversion,"window=50,z=2.75",0.24298543543676976,0.5284552845528455,0.268467946604919,1.3767131552711382,127,True,4,0.10803817599526588,5
Wereldhave,M15,MeanReversion,"window=20,z=1.5",0.6621428341996447,0.6002290950744559,1.6198367076326738,1.9158175469026832,1332,True,5,0.15888081991648995,5
Wereldhave,M15,MeanReversion,"window=50,z=1.5",0.44704646837863926,0.5503875968992248,1.0873757159761563,1.528396315124553,1413,True,4,0.08842654492605395,5
Wereldhave,M15,MeanReversion,"window=100,z=1.5",0.40678467144372243,0.5405128205128205,1.0000490588063493,1.4441415716581663,1556,True,5,0.05765020521870945,5
Wereldhave,M15,MeanReversion,"window=20,z=1.75",0.5679251091897394,0.6170940170940171,1.5892900672539,2.197949908852252,849,True,5,0.1661673669985786,5
Wereldhave,M15,MeanReversion,"window=100,z=1.75",0.2770585578268958,0.5518796992481203,0.8303397700763341,1.4452784343957386,1048,True,4,0.025891984548208735,5
Wereldhave,M15,MeanReversion,"window=20,z=2.0",0.3803787654175147,0.6072351421188631,1.2228601851188148,2.110189279382196,524,True,5,0.10819152759538708,5
Wereldhave,M15,MeanReversion,"window=50,z=2.0",0.3172023568533442,0.5883777239709443,1.0436313480261075,1.8338923882143616,607,True,4,0.05458437447776743,5
Wereldhave,M15,MeanReversion,"window=100,z=2.0",0.22666598468536603,0.5614457831325301,0.8078208339295332,1.5903770478755208,634,True,4,0.04108682656164642,5
Wereldhave,M15,MeanReversion,"window=20,z=2.25",0.276990492757097,0.6302521008403361,1.1044876913491946,2.382447450174671,312,True,5,0.07587335445811594,5
Wereldhave,M15,MeanReversion,"window=100,z=2.25",0.17499631423577522,0.6140350877192983,0.7799558451043398,1.8292205498293916,323,True,4,0.016530128965042246,5
Wereldhave,M15,MeanReversion,"window=20,z=2.5",0.15050033477166436,0.6384615384615384,0.748215557819452,2.2375186783501464,169,True,4,0.03371867593401934,5
Wereldhave,M15,TrendFollowing,"fast=34,slow=89",-0.21418579325079534,0.4898502495840266,-0.30140509742640587,0.9382536679949752,4998,True,4,0.07547606721568745,5
