symbol,timeframe,strategy,params,total_return,win_rate,sharpe_ratio,profit_factor,num_trades,robust,oos_profitable_windows,total_oos_return,total_windows
ABNAMRO,H1,MeanReversion,"window=100,z=2.0",0.07328313719150392,0.5152838427947598,0.09657231145826088,1.0519074940835904,706,True,4,0.04355050954144757,5
ABNAMRO,H1,MeanReversion,"window=50,z=2.25",0.062199522919209604,0.5190839694656488,0.13162400091285434,1.0857341277564565,404,True,4,0.06875331684600672,5
ABNAMRO,H1,MeanReversion,"window=50,z=2.5",0.08360436140554384,0.5384615384615384,0.22031570497915554,1.2139450899894957,211,True,5,0.09472388544227006,5
ABNAMRO,H1,TrendFollowing,"fast=8,slow=21",-0.11186975267430654,0.5071219103477168,-0.06374874633811613,0.9865830742895503,4999,True,4,0.13935792085047094,5
ABNAMRO,H1,TrendFollowing,"fast=10,slow=30",-0.07493327426605034,0.5087976539589443,-0.04270038092646264,0.9909930436367475,4999,True,4,0.12494381646099928,5
ABNAMRO,H1,TrendFollowing,"fast=13,slow=34",-0.036229677930412874,0.5075408462505236,-0.020645257723285897,0.9956350507096074,4999,True,4,0.15686469091391997,5
ABNAMRO,H1,TrendFollowing,"fast=21,slow=55",0.028688790906324813,0.5077503142019271,0.01634812476994771,1.003469993759579,4999,True,4,0.18828166543418434,5
ABNAMRO,H1,TrendFollowing,"fast=34,slow=89",0.08090366066365673,0.5033514872224549,0.04610260573587832,1.0098165344186165,4999,True,4,0.34649045701146597,5
ABNAMRO,H1,TrendFollowing,"fast=50,slow=200",-0.05503617267963434,0.5006284038542103,-0.03136205704118761,0.9933767489182583,4999,True,5,0.5677808845090022,5
ABNAMRO,H1,VolatilityExpansion,"ema=20,mult=1.5",0.2834397695115395,0.5153801508995938,0.2622349153437816,1.0927568483388463,1778,True,4,0.10621540893927373,5
ABNAMRO,H1,VolatilityExpansion,"ema=50,mult=2.5",0.0954183681957409,0.5053042992741485,0.08101586424906895,1.0289794169888569,1858,True,4,0.11365816629581393,5
ABNAMRO,H1,VolatilityExpansion,"ema=50,mult=3.0",0.18666105517573484,0.5114729829755736,0.1757190459001585,1.0739624758881183,1399,True,4,0.10762172713113871,5
ABNAMRO,H1,VolatilityExpansion,"ema=50,mult=3.5",0.06799792249912595,0.5030674846625767,0.06840562681684394,1.0340136308976624,1006,True,4,0.08179237105599413,5
ABNAMRO,H4,MeanReversion,"window=100,z=1.5",-0.8486988530405728,0.4870633893919793,-0.345878751197536,0.8838521107617022,1569,True,4,0.08523152855823324,5
ABNAMRO,H4,VolatilityExpansion,"ema=20,mult=3.0",0.6655499928938244,0.54421768707483,0.4362574392801775,1.4138837758433387,298,True,4,0.1318343198899139,5
ABNAMRO,H4,VolatilityExpansion,"ema=20,mult=3.5",0.16323935268561263,0.5068493150684932,0.15271828026562997,1.174189582571732,148,True,4,0.06773684986968709,5
ABNAMRO,M15,MeanReversion,"window=20,z=1.5",0.09655851821196781,0.5207843137254902,0.21282366911550568,1.0821825382461863,1400,True,4,0.025731167465978144,5
ASMLHolding,H1,TrendFollowing,"fast=13,slow=34",0.20590966634261498,0.5077235772357723,0.08256959642409288,1.01802109037207,4999,True,4,0.5028410090092895,5
ASMLHolding,H1,VolatilityExpansion,"ema=20,mult=2.0",0.34214398509322885,0.5021910604732691,0.269752656338983,1.119542370047067,1158,True,5,0.23594997163331155,5
ASMLHolding,H1,VolatilityExpansion,"ema=20,mult=2.5",0.25759697979132123,0.4879154078549849,0.24477358231298785,1.1446307926206085,670,True,5,0.16721296045336287,5
ASMLHolding,H4,MeanReversion,"window=100,z=2.5",0.16445344938427076,0.49070631970260226,0.17248180983767758,1.1413579044537592,271,True,4,0.0468785919762047,5
ASMLHolding,H4,MeanReversion,"window=100,z=2.75",0.20846182771798216,0.5390625,0.2890100278858204,1.3902811416603418,128,True,4,0.09494403598231949,5
ASMLHolding,H4,TrendFollowing,"fast=10,slow=30",0.41831374495263085,0.5107928182368368,0.09753240573535718,1.0180988936742301,4999,True,4,0.37210634332037984,5
ASMLHolding,H4,TrendFollowing,"fast=13,slow=34",1.0890278038905117,0.5138188420415574,0.2539411854397056,1.0478119537958162,4999,True,4,0.6887248537241591,5
ASMLHolding,H4,TrendFollowing,"fast=21,slow=55",0.7257885385706466,0.5130119023602986,0.16922845521458893,1.0316124696173188,4999,True,4,0.2686630492092529,5
ASMLHolding,H4,TrendFollowing,"fast=34,slow=89",0.26242879066231084,0.5158361912447045,0.061186175642677774,1.0113161650372278,4999,True,4,0.36009152750106044,5
ASMLHolding,M15,TrendFollowing,"fast=5,slow=20",0.11650271247998589,0.48823772183243913,0.09948410059816158,1.0226276766562985,4999,True,4,0.258423272361457,5
ASMLHolding,M15,TrendFollowing,"fast=8,slow=21",0.0992246724024416,0.4915394139496492,0.084729564128891,1.019239576358626,4999,True,4,0.22625947849903016,5
ASMLHolding,M15,TrendFollowing,"fast=10,slow=30",0.26871663165112125,0.4966983078827899,0.22948221929520757,1.0529744019991512,4999,True,4,0.2576789653562732,5
ASMLHolding,M15,TrendFollowing,"fast=13,slow=34",0.18068806843519603,0.49339661576557986,0.15429757644926914,1.0353141625284157,4999,True,4,0.18957084792181944,5
ASMLHolding,M15,TrendFollowing,"fast=21,slow=55",0.2906972945470355,0.4985555096987206,0.24825797767968238,1.057432070938195,4999,True,4,0.23419434428950203,5
ASMLHolding,M15,TrendFollowing,"fast=34,slow=89",0.24483369733724125,0.5084605860503508,0.20908264045518393,1.0481527977914284,4999,True,4,0.10411967888323947,5
ASMLHolding,M15,VolatilityExpansion,"ema=20,mult=1.5",0.27130707065710824,0.49970077797725915,0.35944020477467253,1.1389839868054903,1723,True,5,0.18337762912637345,5
ASMLHolding,M15,VolatilityExpansion,"ema=50,mult=1.5",0.24178345912900678,0.49259757738896365,0.24408288051549865,1.073709438034852,3071,True,5,0.23677232132012127,5
ASMLHolding,M15,VolatilityExpansion,"ema=20,mult=2.0",0.22984676459472708,0.5031616982836495,0.37091584080723317,1.1786299045208635,1140,True,4,0.13243157272607464,5
ASMLHolding,M15,VolatilityExpansion,"ema=50,mult=2.0",0.15883665856606155,0.48928276999175596,0.17142975239821504,1.0576667296660365,2504,True,5,0.20968971401752423,5
ASMLHolding,M15,VolatilityExpansion,"ema=20,mult=2.5",0.14881107347874523,0.5081240768094535,0.3148646952956321,1.1873493145965914,697,True,5,0.14853811485787927,5
ASMLHolding,M15,VolatilityExpansion,"ema=50,mult=2.5",0.07716266762703217,0.48683531233866806,0.09209934920316,1.0340350712988926,2002,True,5,0.19023532868041992,5
ASMLHolding,M15,VolatilityExpansion,"ema=20,mult=3.0",0.06542331657830913,0.5039164490861618,0.164261755969986,1.1246039939229528,392,True,5,0.11217190766106755,5
ASMLHolding,M15,VolatilityExpansion,"ema=50,mult=3.0",0.17807910251481807,0.48561872909698994,0.25096095208862623,1.1042759553807473,1543,True,4,0.20563309530416307,5
ASMLHolding,M15,VolatilityExpansion,"ema=20,mult=3.5",0.017167001047794228,0.5070422535211268,0.05176217443118639,1.050793324711165,217,True,4,0.026103659870303053,5
ASMLHolding,M15,VolatilityExpansion,"ema=50,mult=3.5",0.15976733362625362,0.4974137931034483,0.2531916128646818,1.1181714246054302,1193,True,4,0.167592311341346,5
AalbertsIndustries,H1,MeanReversion,"window=50,z=1.5",-0.09786929506411413,0.4753004005340454,-0.09132832731514975,0.9686867128186182,1581,True,5,0.12697026484983942,5
AalbertsIndustries,H1,MeanReversion,"window=100,z=1.5",-0.18373608303084088,0.4645203679369251,-0.16710375286254417,0.9431100291835879,1613,True,4,0.10447089323141812,5
AalbertsIndustries,H1,MeanReversion,"window=50,z=1.75",-0.08403741344094784,0.4605009633911368,-0.09077333874912936,0.9628562229306827,1096,True,4,0.09937591296546777,5
AalbertsIndustries,H1,MeanReversion,"window=100,z=1.75",-0.08652063696063805,0.47444551591128253,-0.09877634449103867,0.9604702304109325,1094,True,5,0.16996519903358864,5
AalbertsIndustries,H1,MeanReversion,"window=20,z=2.0",0.2354435785061496,0.4941860465116279,0.37749172759630134,1.2441132883097277,544,True,5,0.11791544635888129,5
AalbertsIndustries,H1,MeanReversion,"window=50,z=2.0",-0.046613794451398904,0.4648729446935725,-0.0604294734717891,0.9693597989183159,700,True,5,0.12154844566540957,5
AalbertsIndustries,H1,MeanReversion,"window=100,z=2.0",-0.10562255896737471,0.47095761381475665,-0.13978290788008207,0.9288975487164661,671,True,4,0.1090986818845775,5
AalbertsIndustries,H1,MeanReversion,"window=20,z=2.25",0.14498024537974352,0.5,0.30531343604518657,1.264754625260567,298,True,5,0.10241111842560502,5
AalbertsIndustries,H1,MeanReversion,"window=50,z=2.25",-0.05806249264681962,0.46335078534031415,-0.1025278323997757,0.9359343264168767,396,True,4,0.07775634378527119,5
AalbertsIndustries,H1,MeanReversion,"window=100,z=2.25",-0.0670952938723447,0.45843828715365237,-0.10359703028114355,0.9345516527068919,410,True,4,0.06446500412735845,5
AalbertsIndustries,H1,MeanReversion,"window=20,z=2.5",0.16163402505857982,0.5460526315789473,0.4306668839751621,1.5938554319334708,156,True,5,0.08213814479050341,5
AalbertsIndustries,H1,MeanReversion,"window=100,z=2.5",-0.08838355056888325,0.4530612244897959,-0.17527609020171617,0.8674446210761334,253,True,4,0.04440385256289603,5
AalbertsIndustries,H1,MeanReversion,"window=20,z=2.75",0.142658591999561,0.527027027027027,0.45678406532035487,2.1067014554800996,76,True,5,0.08130893965180286,5
AalbertsIndustries,H1,TrendFollowing,"fast=34,slow=89",-0.0030996765823901873,0.5098585512216031,-0.0015024657352523379,0.9996733867556946,4999,True,4,0.1076995009505799,5
AalbertsIndustries,H4,VolatilityExpansion,"ema=20,mult=3.5",0.1830785451742406,0.549618320610687,0.223790727422115,1.2995061925768008,134,True,4,0.08592382906564,5
AalbertsIndustries,M15,MeanReversion,"window=20,z=1.5",0.3042783658888456,0.5185825410544511,0.5813139535447661,1.2537655017777183,1410,True,4,0.11148177455189567,5
AalbertsIndustries,M15,MeanReversion,"window=50,z=1.5",0.09244332088360863,0.5003866976024749,0.1676056234492381,1.0647123208996707,1571,True,4,0.05085277863779192,5
AalbertsIndustries,M15,MeanReversion,"window=50,z=2.0",0.06281154412551826,0.4898336414048059,0.15123632631873335,1.0949790208647632,657,True,4,0.06118994110109377,5
AalbertsIndustries,M15,MeanReversion,"window=50,z=2.25",0.07052722657948352,0.4820359281437126,0.19390975921934958,1.163193422018988,400,True,4,0.07962052534658226,5
AalbertsIndustries,M15,MeanReversion,"window=50,z=2.5",0.12146584611255162,0.5255102040816326,0.36302449726539315,1.4724154292334488,227,True,4,0.08757683830048912,5
AalbertsIndustries,M15,MeanReversion,"window=100,z=3.5",0.07931047439908734,0.4883720930232558,0.2882000459320438,1.9878439361468196,47,True,4,0.03688248774019687,5
AalbertsIndustries,M15,TrendFollowing,"fast=50,slow=200",0.1693975744672268,0.5006105006105006,0.15770709911247016,1.0385080144911087,4999,True,4,0.2728010859114338,5
AholdDelhaize,H1,MeanReversion,"window=20,z=1.5",0.1668426157602082,0.4947209653092006,0.2587046351311701,1.107441283628223,1402,True,4,0.09481290847086832,5
AholdDelhaize,H1,MeanReversion,"window=50,z=1.5",0.08009049755313369,0.4849334267694464,0.12612563464911233,1.047494351163145,1502,True,5,0.12630649008652128,5
AholdDelhaize,H1,MeanReversion,"window=50,z=1.75",0.08360601170628934,0.48884381338742394,0.1620401022257896,1.0708873122463263,1041,True,5,0.0935409388650803,5
AholdDelhaize,H1,MeanReversion,"window=100,z=1.75",0.22365900075696155,0.5166320166320166,0.3922460925394028,1.2011545460490503,1011,True,4,0.05076531044803345,5
AholdDelhaize,H1,MeanReversion,"window=50,z=2.0",0.04871747469056997,0.49147286821705427,0.10741618892016477,1.0589873938390963,675,True,5,0.08888331593878607,5
AholdDelhaize,H1,MeanReversion,"window=50,z=2.25",0.13411864176994615,0.5036496350364964,0.3916384237704026,1.2841818898601611,431,True,4,0.04291963995298875,5
AholdDelhaize,H1,MeanReversion,"window=50,z=2.5",0.14096638315288412,0.5424528301886793,0.4982536603894725,1.5745201910664801,217,True,4,0.046216061598397085,5
AholdDelhaize,H1,MeanReversion,"window=100,z=2.5",0.1821347577128719,0.5748792270531401,0.5600197977520668,1.7113854548978096,210,True,5,0.05125064602183149,5
AholdDelhaize,H1,MeanReversion,"window=50,z=2.75",0.089926048997933,0.576271186440678,0.5080329947342428,1.717348596836868,119,True,4,0.03818200599543231,5
AholdDelhaize,H1,MeanReversion,"window=50,z=3.0",0.06801290240378588,0.6190476190476191,0.5187266338542522,2.1824376598155966,62,True,4,0.0290837902055453,5
AholdDelhaize,H4,MeanReversion,"window=20,z=2.5",0.20073303032332546,0.5909090909090909,0.5121688122449609,1.74749762182515,132,True,4,0.041634124948461526,5
AholdDelhaize,H4,MeanReversion,"window=100,z=2.75",0.19474981179931206,0.5370370370370371,0.4028869098744212,1.4790118600482272,164,True,4,0.025437754469977758,5
AholdDelhaize,H4,TrendFollowing,"fast=21,slow=55",-0.3750811955886326,0.4944875459371172,-0.1616340451760017,0.9700931059158007,4999,True,4,0.1460122531281427,5
AholdDelhaize,H4,VolatilityExpansion,"ema=20,mult=1.5",-0.6034778322058366,0.47714949651433,-0.48731230251581664,0.8394636027618934,1319,True,4,0.018185801256121792,5
AholdDelhaize,M15,MeanReversion,"window=20,z=2.25",0.0015700590120495406,0.5085910652920962,0.008896536929415546,1.0075904186590534,310,True,4,0.012423503299305083,5
AirLiquide,H1,MeanReversion,"window=100,z=1.5",0.10158440715472838,0.5062623599208965,0.11764125487851333,1.0526917397047606,1550,True,4,0.07676794404518394,5
AirLiquide,H1,MeanReversion,"window=100,z=1.75",0.3585525780016656,0.5220804710500491,0.5085427539475,1.304489481046293,1036,True,4,0.05541686631944687,5
AirLiquide,H4,MeanReversion,"window=20,z=1.5",0.7549261851216759,0.5266229029905178,0.529187818236081,1.2211581588615321,1403,True,4,0.2457130323043336,5
AirLiquide,H4,MeanReversion,"window=50,z=1.5",0.4381445191973279,0.5049636002647253,0.30378905737966416,1.1118761543214968,1546,True,5,0.32173293072631404,5
AirLiquide,H4,MeanReversion,"window=100,z=1.5",0.2070862431611602,0.49149560117302055,0.1508475506788191,1.04905377396508,1746,True,4,0.13633796674694,5
AirLiquide,H4,MeanReversion,"window=50,z=1.75",0.3619601556562885,0.5131964809384164,0.28701855888420685,1.133558374378776,1048,True,4,0.3119143342448404,5
AirLiquide,H4,MeanReversion,"window=100,z=1.75",0.20206993770502102,0.4956896551724138,0.1764706004891048,1.0708713547676127,1190,True,4,0.11205595171871174,5
AirLiquide,H4,MeanReversion,"window=100,z=2.0",0.21237040695539777,0.4966442953020134,0.2203363578523861,1.1127479326040102,766,True,4,0.14129959645201007,5
AirLiquide,H4,MeanReversion,"window=50,z=2.25",0.2627859443582252,0.5415549597855228,0.41223035810704856,1.296046107502941,381,True,4,0.07380769650385932,5
AirLiquide,H4,MeanReversion,"window=100,z=2.25",-0.00894415933394721,0.4794238683127572,-0.010938078052614162,0.993237386167988,499,True,4,0.0813504498450841,5
AirLiquide,H4,MeanReversion,"window=50,z=2.5",0.10298336134015751,0.5265700483091788,0.21530268148270765,1.1933086158283404,211,True,5,0.07104935221511,5
AirLiquide,H4,TrendFollowing,"fast=34,slow=89",-0.36039531818821013,0.5177117263843648,-0.14771964710542768,0.9722679262879892,4999,True,4,0.18194275660288672,5
AirLiquide,M15,MeanReversion,"window=50,z=1.5",0.07783798543869813,0.5252100840336135,0.26495585298641394,1.0971305729168588,1486,True,4,0.07154728577614755,5
AirLiquide,M15,MeanReversion,"window=100,z=1.5",-0.005192600992127261,0.5151108126259234,-0.016680563795376725,0.9941524646483155,1555,True,5,0.05512788259755408,5
AirLiquide,M15,MeanReversion,"window=50,z=1.75",0.041472802122658914,0.5186368477103301,0.16888998127120491,1.074649652526361,970,True,4,0.035942512564065665,5
AirLiquide,M15,MeanReversion,"window=20,z=2.75",0.043954547917504194,0.5862068965517241,0.5457329991893605,2.096507782521409,87,True,5,0.027109905439024584,5
AirLiquide,M15,TrendFollowing,"fast=50,slow=200",-0.1190910374128864,0.4943656093489149,-0.23680081634746344,0.9563188553448556,4999,True,4,0.042096616919691465,5
AkerSolutions,H1,MeanReversion,"window=20,z=2.0",0.14075593811169873,0.5139442231075697,0.20424324730306873,1.1286365515337013,525,True,4,0.1304319149312515,5
AkerSolutions,H1,MeanReversion,"window=20,z=2.25",0.11408829642286622,0.5294117647058824,0.20348237923499718,1.1851344403022697,285,True,4,0.09077651456903857,5
AkerSolutions,H1,MeanReversion,"window=20,z=2.5",0.20551374343842588,0.5289855072463768,0.42972364244445216,1.6994665791894707,143,True,4,0.14432104166418247,5
AkerSolutions,H4,TrendFollowing,"fast=5,slow=20",2.441859333488695,0.5173753066230581,0.3775179590118149,1.0854307819813387,4999,True,4,1.291383175127553,5
AkerSolutions,H4,TrendFollowing,"fast=8,slow=21",2.898403011219529,0.5165576451349142,0.4481526586066362,1.102219757280609,4999,True,4,1.261941926600898,5
AkerSolutions,H4,TrendFollowing,"fast=10,slow=30",1.2847630152029872,0.5069501226492232,0.19858717067366163,1.0440569032505669,4999,True,4,1.1272965143028912,5
AkerSolutions,H4,VolatilityExpansion,"ema=20,mult=1.5",1.7309283781078109,0.5193370165745856,0.45374050644235714,1.177309239857862,1663,True,5,1.23575631764343,5
AkerSolutions,H4,VolatilityExpansion,"ema=20,mult=2.0",1.1445084676621158,0.5243019648397105,0.3491559901690045,1.1820944307027892,990,True,5,1.1247192705502884,5
AkerSolutions,H4,VolatilityExpansion,"ema=20,mult=2.5",1.2441850219172954,0.5477477477477477,0.435592132102723,1.3272638769249454,572,True,4,0.6136153297650533,5
AkerSolutions,H4,VolatilityExpansion,"ema=50,mult=3.0",1.7017173105410768,0.5284489477786438,0.4634843991236584,1.2119936176657131,1316,True,4,0.9612566315801432,5
AkerSolutions,H4,VolatilityExpansion,"ema=20,mult=3.5",0.5991167365166742,0.5583333333333333,0.3858578477889793,1.6272317014824258,124,True,4,0.5088224724338564,5
AkerSolutions,H4,VolatilityExpansion,"ema=50,mult=3.5",1.6152915171274644,0.5276008492569002,0.47695763315281814,1.2700790493534353,965,True,4,0.8387597343345431,5
AkerSolutions,M15,MeanReversion,"window=20,z=1.5",0.6508998794070274,0.5663082437275986,0.8037811599562418,1.4709244185531134,1292,True,5,0.29437841002135523,5
AkerSolutions,M15,MeanReversion,"window=50,z=1.5",0.33679643174254736,0.5441666666666667,0.48388178469954835,1.2219193995632551,1395,True,5,0.22800913602570083,5
AkerSolutions,M15,MeanReversion,"window=20,z=1.75",0.43128623120574583,0.556,0.5789442438795348,1.4194285845791204,858,True,5,0.17243753448357024,5
AkerSolutions,M15,MeanReversion,"window=50,z=1.75",0.2588193221771167,0.5482673267326733,0.4832535912481605,1.2598472868772772,927,True,5,0.0798265403198003,5
AkerSolutions,M15,MeanReversion,"window=100,z=1.75",0.3463121718779222,0.5416133162612036,0.629135048753225,1.3739036392089952,904,True,5,0.14826968527492934,5
AkerSolutions,M15,MeanReversion,"window=20,z=2.0",0.30367143898661253,0.5708154506437768,0.5822795386592076,1.4565284405409435,519,True,5,0.11475953216317714,5
AkerSolutions,M15,MeanReversion,"window=100,z=2.0",0.29031184983412606,0.5584158415841585,0.6419739933045919,1.4937618814752043,574,True,4,0.0815833182716188,5
AkerSolutions,M15,MeanReversion,"window=20,z=2.25",0.3037599543444106,0.5935251798561151,0.6856977274105994,1.7782775554000831,308,True,5,0.09580392223890044,5
AkerSolutions,M15,MeanReversion,"window=50,z=2.25",0.17843949786834112,0.5838509316770186,0.4034854370199046,1.36982258697591,358,True,5,0.07436871285263646,5
AkerSolutions,M15,MeanReversion,"window=20,z=2.5",0.25833529935824084,0.6054054054054054,0.644396380033219,1.9585430285582248,198,True,5,0.0796581457214065,5
AkerSolutions,M15,MeanReversion,"window=50,z=2.5",0.14590538839530398,0.5721649484536082,0.3795802426633586,1.4752839647278475,215,True,4,0.04551723124150997,5
AkerSolutions,M15,MeanReversion,"window=100,z=2.5",0.11280839208849713,0.5568862275449101,0.3921705535551548,1.5343283059843322,184,True,4,0.028219963428970374,5
AkerSolutions,M15,MeanReversion,"window=20,z=2.75",0.1940463450940002,0.625,0.5375556948454616,1.9507881066770758,124,True,4,0.03617096051541768,5
AkerSolutions,M15,MeanReversion,"window=20,z=3.0",0.13137348025201367,0.6410256410256411,0.4897428773960094,1.9212373393371063,80,True,4,0.03768712978890265,5
AkzoNobel,H1,MeanReversion,"window=50,z=2.0",0.26320171435041817,0.5258764607679466,0.4654550698295601,1.272859235482527,625,True,4,0.08415167183237826,5
AkzoNobel,H1,MeanReversion,"window=50,z=2.25",0.07461151837430391,0.49865229110512127,0.17194907759926256,1.1152320376307316,386,True,4,0.034173391258165986,5
AkzoNobel,H1,MeanReversion,"window=50,z=2.5",0.10023793806797343,0.5410628019323671,0.29044148495668726,1.2849785800356148,213,True,4,0.041986983199417294,5
AkzoNobel,H1,MeanReversion,"window=20,z=2.75",0.03418347920533249,0.5113636363636364,0.15694248623354354,1.2092356502116017,88,True,4,0.03815051851189344,5
AkzoNobel,H4,MeanReversion,"window=20,z=1.5",0.07561679551290534,0.5174625801853172,0.04055742164399082,1.0149479741423268,1427,True,5,0.24153764215532902,5
AkzoNobel,H4,MeanReversion,"window=50,z=1.5",0.35626214059532235,0.5181347150259067,0.18074709273988476,1.0673160910928077,1569,True,4,0.19783392997507032,5
AkzoNobel,H4,MeanReversion,"window=100,z=1.5",0.2316832466685883,0.521117608836907,0.11498634134525014,1.0422033641994097,1571,True,4,0.24157709838576857,5
AkzoNobel,H4,MeanReversion,"window=20,z=1.75",0.1270452816395724,0.5281146637265711,0.08712502774907753,1.0398635322181549,924,True,4,0.19555922017366745,5
AkzoNobel,H4,MeanReversion,"window=100,z=1.75",0.3553144688458796,0.5349544072948328,0.20843461207569172,1.0986553623129807,1010,True,4,0.12268689446385062,5
AkzoNobel,H4,MeanReversion,"window=100,z=2.0",0.2796833674586712,0.5483333333333333,0.19477251277942592,1.1178829692285175,611,True,4,0.19528956157051125,5
AkzoNobel,H4,MeanReversion,"window=20,z=2.25",0.12561404945894594,0.5379537953795379,0.15237690500334125,1.1176991602261537,307,True,4,0.0343985410136628,5
AkzoNobel,H4,MeanReversion,"window=100,z=2.25",-0.06948103820716,0.5304347826086957,-0.05708977026281835,0.9575588975562579,350,True,4,0.08051210483203552,5
AkzoNobel,H4,MeanReversion,"window=50,z=2.5",0.19191665363390176,0.5326633165829145,0.23161598293589317,1.2481669405013303,201,True,5,0.11934074598846167,5
AkzoNobel,H4,MeanReversion,"window=100,z=2.75",-0.13436028426670044,0.5116279069767442,-0.204382941693592,0.7955514403119537,129,True,4,0.02058049924928873,5
AkzoNobel,M15,MeanReversion,"window=100,z=1.75",-0.011923683738583768,0.4978448275862069,-0.02844793296336445,0.9869196799844763,1004,True,4,0.022141902012796866,5
AkzoNobel,M15,MeanReversion,"window=100,z=2.0",0.046147723864786494,0.5089430894308943,0.12160263780791734,1.0747820299063606,664,True,4,0.016680899439780017,5
AkzoNobel,M15,MeanReversion,"window=50,z=2.5",0.10451727074970507,0.5190476190476191,0.4239707026948302,1.5157980300138394,226,True,4,0.0638382742738185,5
AkzoNobel,M15,TrendFollowing,"fast=5,slow=20",0.0011638389318052722,0.4949383802816901,0.0013099517562195294,1.0002836689003838,4999,True,4,0.054060174709843034,5
AkzoNobel,M15,VolatilityExpansion,"ema=20,mult=1.5",0.07994387789419599,0.49318463444857497,0.146395697717549,1.0517367766267482,1741,True,4,0.05243205760038505,5
AlfaLaval,H1,MeanReversion,"window=100,z=1.5",0.1323112950208315,0.4996347699050402,0.1602982638715008,1.064463332522364,1408,True,4,0.10386308284311097,5
AlfaLaval,H1,MeanReversion,"window=20,z=1.75",0.019655508196621096,0.4958481613285884,0.03606416304266364,1.0154311292819942,869,True,4,0.04766107596790914,5
AlfaLaval,H1,MeanReversion,"window=20,z=2.0",-0.08003328686419353,0.48249027237354086,-0.1809395445747874,0.9050953375886754,526,True,4,0.019393867152186384,5
AlfaLaval,H1,MeanReversion,"window=100,z=2.0",-0.08966775004670102,0.46858168761220825,-0.17176937336142825,0.9025382873080462,566,True,4,0.05473555531260088,5
AlfaLaval,H1,MeanReversion,"window=100,z=2.25",-0.014279824126791074,0.45170454545454547,-0.04069330286677755,0.9740198377554051,356,True,4,0.03481648852395147,5
AlfaLaval,H1,MeanReversion,"window=100,z=2.5",-0.10091792566753532,0.4182692307692308,-0.3657684249326058,0.7312558356829204,211,True,4,0.03626317305518867,5
AlfaLaval,H4,MeanReversion,"window=50,z=1.75",-0.013391589527051884,0.5,-0.008909818430544609,0.9963267476048268,994,True,4,0.11531464361265542,5
AlfaLaval,H4,MeanReversion,"window=50,z=2.25",0.054699690422891245,0.4947089947089947,0.05698984178599286,1.0364877265831085,382,True,4,0.03703308353883816,5
AlfaLaval,H4,MeanReversion,"window=100,z=2.25",-0.09218377364198205,0.4911111111111111,-0.09300864759250475,0.9468898340615316,459,True,4,0.14179510608482848,5
AlfaLaval,H4,MeanReversion,"window=50,z=2.5",0.021699035247723986,0.49327354260089684,0.02920668374997312,1.0244579548094674,226,True,4,0.10186115137147334,5
AlfaLaval,H4,MeanReversion,"window=100,z=2.5",-0.06580774903402031,0.5075757575757576,-0.08191420111156149,0.938602958083886,269,True,4,0.07076050430559211,5
AlfaLaval,M15,MeanReversion,"window=100,z=1.75",0.007741005660170774,0.4756335282651072,0.025660664179611947,1.0101804063464164,1094,True,5,0.054894048669072326,5
AlfaLaval,M15,MeanReversion,"window=50,z=2.5",0.014034469062112809,0.46919431279620855,0.07928459623211745,1.07589566426056,220,True,4,0.04143867335062135,5
AlfaLaval,M15,MeanReversion,"window=100,z=2.5",0.04079363268701275,0.48598130841121495,0.22221965697473064,1.2265598646146498,228,True,4,0.05101077039500024,5
AlfaLaval,M15,TrendFollowing,"fast=8,slow=21",0.04733094875311561,0.5094745908699397,0.06700420312898552,1.0140449911678315,4999,True,4,0.1000809773106689,5
AlfaLaval,M15,TrendFollowing,"fast=13,slow=34",0.15867953330864937,0.5090439276485789,0.22465566578603038,1.0478775583026856,4999,True,4,0.12929305457852658,5
AlfaLaval,M15,TrendFollowing,"fast=34,slow=89",0.01096582708968985,0.5040913006029285,0.015523675949981696,1.003236538064204,4999,True,4,0.09576454342428764,5
AlfaLaval,M15,VolatilityExpansion,"ema=50,mult=1.5",-0.04982859574385057,0.5048275862068966,-0.09729512835527444,0.9762675035129436,3122,True,4,0.03547840873216279,5
AngloAmerican,H1,MeanReversion,"window=20,z=1.5",0.4390683741643677,0.5282289249806651,0.304474853636298,1.1320991955650537,1337,True,4,0.11064207326044262,5
AngloAmerican,H1,MeanReversion,"window=50,z=1.5",0.13003532991245803,0.507473309608541,0.08578620580293836,1.0332112018836728,1464,True,4,0.16145316923950537,5
AngloAmerican,H1,MeanReversion,"window=50,z=1.75",0.0804827155983685,0.5021141649048626,0.06211131477127265,1.0294469434096618,986,True,4,0.07020788217791774,5
AngloAmerican,H1,MeanReversion,"window=20,z=2.0",0.08753530355533679,0.5443298969072164,0.09316574208027964,1.0661053458605125,503,True,4,0.09610392714420468,5
AngloAmerican,H1,MeanReversion,"window=50,z=2.0",-0.04113261819892522,0.5126984126984127,-0.03611608362454575,0.978677463019859,648,True,4,0.06860051133526701,5
AngloAmerican,H4,MeanReversion,"window=20,z=2.5",-0.23573761956258577,0.42567567567567566,-0.2833271037763354,0.7398224634260026,150,True,4,0.012295234620251727,5
AngloAmerican,H4,MeanReversion,"window=100,z=2.5",-0.19197506213689508,0.4881889763779528,-0.14620874485797933,0.8828159947833598,255,True,4,0.2004690621071098,5
AngloAmerican,H4,MeanReversion,"window=50,z=2.75",-0.5563312592508395,0.392,-0.5353231568974952,0.5055399603910402,126,True,4,0.10859846694447983,5
AngloAmerican,H4,TrendFollowing,"fast=21,slow=55",-1.5909516590148822,0.4969536961819659,-0.3417239984477187,0.9398333765333714,4999,True,4,0.3512761533942014,5
AngloAmerican,H4,TrendFollowing,"fast=34,slow=89",-1.5094149969641388,0.4949228269699431,-0.32420305623020185,0.9428287854482312,4999,True,4,0.6007701287154136,5
AngloAmerican,H4,TrendFollowing,"fast=50,slow=200",-0.10110758259821606,0.5093419983753046,-0.021712108826548577,0.9960654711208492,4999,True,5,1.0509732592726344,5
AngloAmerican,H4,VolatilityExpansion,"ema=50,mult=2.0",0.3801887462102236,0.4931506849315068,0.11870332380004427,1.0338205831379383,2148,True,4,0.2237941320366098,5
AngloAmerican,H4,VolatilityExpansion,"ema=50,mult=2.5",0.5739119712602416,0.4971997510889857,0.203431295243379,1.067428604891048,1628,True,4,0.31303888768008925,5
AngloAmerican,M15,MeanReversion,"window=20,z=1.5",-0.020241472381858694,0.4881769641495042,-0.028847554477208603,0.9885722000933603,1407,True,4,0.08696751885399256,5
AngloAmerican,M15,MeanReversion,"window=50,z=1.5",0.1724050334333752,0.5110759493670886,0.285432063636623,1.1123915951406458,1381,True,4,0.11722220140059758,5
AngloAmerican,M15,MeanReversion,"window=100,z=1.5",0.203671576651959,0.521412471825695,0.3315775519750409,1.1314121583610373,1441,True,4,0.05734601119635585,5
AngloAmerican,M15,MeanReversion,"window=50,z=1.75",0.05785294117619455,0.5023923444976076,0.1170682605665192,1.052933106037392,909,True,4,0.06723317165609333,5
AngloAmerican,M15,MeanReversion,"window=100,z=2.0",0.08875892093011972,0.5103448275862069,0.2126189032858397,1.1189806663474648,628,True,4,0.017399844957577404,5
AngloAmerican,M15,MeanReversion,"window=20,z=2.25",0.02863917356121093,0.48342541436464087,0.0682261763682136,1.0499338158377782,383,True,5,0.09887725630767219,5
AngloAmerican,M15,MeanReversion,"window=20,z=2.5",0.03059895164728088,0.49514563106796117,0.10079838377642458,1.0946072294703793,214,True,4,0.07701692046113118,5
AngloAmerican,M15,MeanReversion,"window=20,z=2.75",0.024696530286546725,0.5,0.09579483085236554,1.1223937369618795,123,True,4,0.06063437760488943,5
AngloAmerican,M15,TrendFollowing,"fast=50,slow=200",0.17169954524706954,0.5,0.15392018842579477,1.0322937469397213,4999,True,5,0.17252727852487793,5
AssaAbloy,H1,MeanReversion,"window=100,z=1.5",0.12388814865868569,0.49344692005242463,0.15728948155637876,1.0554876996709928,1599,True,4,0.03719488216931732,5
AssaAbloy,H1,MeanReversion,"window=50,z=1.75",0.15243845352451724,0.49214659685863876,0.2528779820264406,1.1097288296402665,999,True,4,0.05271006792773847,5
AssaAbloy,H1,MeanReversion,"window=100,z=1.75",-0.04223491646505406,0.48427073403241183,-0.06197217416739431,0.9742261688602856,1094,True,4,0.029743847946141044,5
AssaAbloy,H1,MeanReversion,"window=50,z=2.25",0.08663747096337993,0.5230769230769231,0.2541688307669599,1.1851549846470664,340,True,4,0.04086918732839995,5
AssaAbloy,H1,MeanReversion,"window=100,z=2.25",0.036713270479916904,0.47641509433962265,0.08589803111244805,1.0551698535674607,438,True,4,0.023520012551958014,5
AssaAbloy,H1,MeanReversion,"window=50,z=2.5",6.185265945923835e-05,0.49411764705882355,0.00023690147716516074,1.0002079821406136,174,True,4,0.03211573805956158,5
AssaAbloy,H1,MeanReversion,"window=100,z=2.5",0.12723803931421473,0.5022026431718062,0.39821649550899835,1.4007035854914598,239,True,4,0.06442631677101462,5
AssaAbloy,H4,MeanReversion,"window=100,z=1.5",0.4417727882465986,0.5161971830985915,0.27481913228967675,1.1012117146560947,1458,True,4,0.09261786577583919,5
AssaAbloy,H4,MeanReversion,"window=50,z=2.0",0.4706045478529425,0.5351882160392799,0.46672421385948754,1.2643272321009262,626,True,4,0.11476938020499328,5
AssaAbloy,H4,MeanReversion,"window=50,z=2.25",0.15143757425482207,0.5038961038961038,0.1794147715309374,1.1228390728449884,397,True,4,0.036591151425027,5
AssaAbloy,H4,MeanReversion,"window=100,z=2.25",0.3794997250102936,0.5491183879093199,0.46392787173743233,1.3633886070347458,413,True,4,0.06344960849424663,5
AssaAbloy,M15,MeanReversion,"window=20,z=1.5",0.13783972088190588,0.5094625283875852,0.30010838858054495,1.1416669764799678,1453,True,4,0.09085279682565972,5
AssaAbloy,M15,MeanReversion,"window=100,z=1.5",0.019966647988346575,0.4934593023255814,0.06310557237956652,1.020501178028659,1506,True,4,0.03585832881302553,5
AssaAbloy,M15,MeanReversion,"window=50,z=1.75",0.018005203019221816,0.47904869762174407,0.06620783847734217,1.0273677121771556,968,True,4,0.012225269519741677,5
AssaAbloy,M15,MeanReversion,"window=100,z=1.75",0.03710370459653045,0.48933901918976547,0.1414485310251792,1.0569310473651377,1020,True,4,0.02996572975634948,5
AssaAbloy,M15,MeanReversion,"window=100,z=2.0",0.05731095198350522,0.5129087779690189,0.26053275721382646,1.139329999235136,629,True,4,0.03054045403030381,5
AssaAbloy,M15,MeanReversion,"window=100,z=2.25",0.033056185702058594,0.4957983193277311,0.18092201238085384,1.1239180580702433,378,True,5,0.04252310035500084,5
AssaAbloy,M15,MeanReversion,"window=100,z=2.5",0.018427982604595106,0.4791666666666667,0.12469996210376338,1.0998958711773252,252,True,4,0.017573339432437995,5
AssicurazioniGenerali,H1,MeanReversion,"window=100,z=2.0",-0.13651246877545953,0.48563218390804597,-0.2680884988396671,0.8648056572491976,749,True,4,0.02310682399645725,5
AssicurazioniGenerali,H1,TrendFollowing,"fast=10,slow=30",0.5245785459606305,0.5060008572653236,0.4305502777786673,1.0915546571385562,4999,True,4,0.28328071268148036,5
AssicurazioniGenerali,H1,TrendFollowing,"fast=13,slow=34",0.6453157121470363,0.5117873981997428,0.5297459089219797,1.1138261933113984,4999,True,4,0.37107403545365936,5
AssicurazioniGenerali,H1,TrendFollowing,"fast=21,slow=55",0.6384326519695667,0.5177882554650665,0.5240893451103971,1.1125437822308586,4999,True,4,0.35388857914685923,5
AssicurazioniGenerali,H1,TrendFollowing,"fast=34,slow=89",0.30012829564352295,0.5190741534504929,0.2462707581626723,1.0513751047128406,4999,True,5,0.3012609159549592,5
AssicurazioniGenerali,H1,TrendFollowing,"fast=50,slow=200",0.038138057277598,0.5156450921560223,0.031290539455683046,1.0063851863526678,4999,True,5,0.24052654237543714,5
AssicurazioniGenerali,H4,MeanReversion,"window=50,z=1.5",-0.10646609599986978,0.49174078780177893,-0.07125368440950675,0.9757263802292937,1612,True,4,0.24541290102144464,5
AssicurazioniGenerali,H4,MeanReversion,"window=100,z=1.5",-0.6469930113287377,0.4756323257248612,-0.3772713644968895,0.8721499800889387,1663,True,4,0.20957119227931276,5
AssicurazioniGenerali,H4,MeanReversion,"window=100,z=1.75",-0.29102032774388764,0.4851657940663176,-0.19781341455080503,0.9187520294581776,1173,True,4,0.15723721054492756,5
AssicurazioniGenerali,H4,MeanReversion,"window=100,z=3.0",0.04420417041894542,0.5402298850574713,0.11434580892241528,1.156493782359027,86,True,5,0.037769493502581075,5
AssicurazioniGenerali,M15,TrendFollowing,"fast=21,slow=55",0.12087171730722868,0.5106477373558119,0.20921150742606334,1.0411452127484933,4999,True,4,0.03437231351703307,5
AssicurazioniGenerali,M15,VolatilityExpansion,"ema=50,mult=1.5",0.057792819877198864,0.5064786585365854,0.12745314548508305,1.0327280475494793,2913,True,4,0.015260051816897269,5
AssicurazioniGenerali,M15,VolatilityExpansion,"ema=50,mult=2.5",0.011618530401515281,0.5059311981020166,0.033613149267435506,1.01006183803833,1873,True,5,0.03886285726795857,5
AssicurazioniGenerali,M15,VolatilityExpansion,"ema=50,mult=3.5",0.032933981729753925,0.4983991462113127,0.12170421248947975,1.050967169862234,1043,True,4,0.018793340222135413,5
AssociatedBritishFoods,H1,MeanReversion,"window=20,z=1.5",0.28783163408838774,0.5043002345582487,0.3768114907747563,1.1534573926079963,1374,True,5,0.08579370023046107,5
AssociatedBritishFoods,H1,VolatilityExpansion,"ema=20,mult=2.0",0.10900140900399091,0.5076628352490421,0.15013888564026254,1.060736045827495,1120,True,4,0.08660549032289366,5
AssociatedBritishFoods,H1,VolatilityExpansion,"ema=50,mult=2.0",0.28166767465967113,0.5110410094637224,0.23732741535201618,1.0777804082173814,2382,True,4,0.018970692463890382,5
AssociatedBritishFoods,H1,VolatilityExpansion,"ema=20,mult=2.5",0.08096301416294971,0.505564387917329,0.13766734929198837,1.072182244962982,669,True,5,0.10902795994229653,5
AssociatedBritishFoods,H1,VolatilityExpansion,"ema=50,mult=2.5",0.1993292111419428,0.5068886337543054,0.193066294541049,1.0690134927898822,1869,True,4,0.07452963870116602,5
AssociatedBritishFoods,H1,VolatilityExpansion,"ema=20,mult=3.0",0.13263139549849545,0.5207756232686981,0.2593726909083891,1.1900302144226107,385,True,5,0.12573587350484638,5
AssociatedBritishFoods,H1,VolatilityExpansion,"ema=50,mult=3.0",0.1830607330765852,0.5077376565954311,0.19303439734663322,1.080611077550817,1455,True,4,0.08979972192114793,5
AssociatedBritishFoods,H1,VolatilityExpansion,"ema=20,mult=3.5",0.07501988442138152,0.5052631578947369,0.18348293828062423,1.1855862455559256,203,True,5,0.05134403805648369,5
AssociatedBritishFoods,H1,VolatilityExpansion,"ema=50,mult=3.5",0.10923850135926094,0.501002004008016,0.12405977593238905,1.0617269467943344,1070,True,4,0.0816355209414471,5
AssociatedBritishFoods,H4,VolatilityExpansion,"ema=20,mult=3.0",0.19292869933657997,0.5410447761194029,0.23281755991162276,1.2049041895728152,274,True,4,0.16709767682793275,5
AssociatedBritishFoods,H4,VolatilityExpansion,"ema=20,mult=3.5",0.1545160679657066,0.584,0.23198207107302135,1.3369685598438366,127,True,5,0.15607595021251908,5
AssociatedBritishFoods,M15,TrendFollowing,"fast=34,slow=89",-0.17972573395202474,0.5134513681306048,-0.18292583978039173,0.9537633684362163,4999,True,4,0.09773063084081623,5
AssociatedBritishFoods,M15,TrendFollowing,"fast=50,slow=200",-0.14600266166602205,0.51115198896298,-0.14859895579503696,0.9622753959299722,4999,True,4,0.07338537623778774,5
AssociatedBritishFoods,M15,VolatilityExpansion,"ema=50,mult=2.0",0.027334400402031167,0.5011266336187472,0.05326460628597773,1.0141175971647294,2521,True,4,0.09444596964473984,5
AssociatedBritishFoods,M15,VolatilityExpansion,"ema=20,mult=2.5",-0.008823226940539386,0.49037037037037035,-0.025452259220959627,0.9878960338373511,752,True,4,0.03453082318257916,5
AssociatedBritishFoods,M15,VolatilityExpansion,"ema=50,mult=3.0",-0.01959734197772267,0.49446749654218536,-0.04466326893199911,0.985338213039613,1643,True,4,0.08471298778826852,5
AtlasCopco,H1,MeanReversion,"window=20,z=1.75",0.01580276665580438,0.5019011406844106,0.02522965744298888,1.0118669921908576,829,True,4,0.061180845697808794,5
AtlasCopco,H1,MeanReversion,"window=20,z=2.25",0.03896129715418217,0.5145985401459854,0.12212613155910701,1.0896225242332584,292,True,4,0.11657300811612425,5
AtlasCopco,H1,MeanReversion,"window=20,z=2.5",0.00874213497588805,0.4810126582278481,0.03641766072162724,1.033269408307069,166,True,4,0.07841630520437504,5
AtlasCopco,H1,MeanReversion,"window=50,z=2.75",-0.010492644092463976,0.4672131147540984,-0.047958722713326844,0.9511271104769676,125,True,4,0.04018138898139578,5
AtlasCopco,H4,MeanReversion,"window=100,z=2.0",0.5522750417528837,0.5084033613445378,0.41879099002157266,1.2296723982119702,722,True,4,0.11807483464387114,5
AtlasCopco,H4,MeanReversion,"window=100,z=2.25",0.40016778875233905,0.5215311004784688,0.3700602959060654,1.2789084246100477,421,True,4,0.07522039804972203,5
AtlasCopco,H4,MeanReversion,"window=20,z=2.5",0.0002987192330881072,0.5290697674418605,0.0006121161736334636,1.0005582548406469,173,True,4,0.020590526966447698,5
AtlasCopco,H4,MeanReversion,"window=100,z=2.5",0.13683853773770804,0.49166666666666664,0.1767485257019566,1.1604444183043818,242,True,4,0.06770323436334102,5
AtlasCopco,H4,MeanReversion,"window=50,z=2.75",0.09791198720786154,0.5045871559633027,0.18558905813998985,1.2419024491193202,110,True,4,0.0470623268858541,5
AtlasCopco,M15,TrendFollowing,"fast=5,slow=20",0.19886343630610337,0.5011897036556349,0.22227423060633877,1.0497787453498666,4999,True,4,0.24915355053387223,5
AtlasCopco,M15,TrendFollowing,"fast=8,slow=21",0.17248955586701686,0.49686350854423533,0.1927908573338886,1.0430348810092076,4999,True,4,0.20904680401718378,5
AtlasCopco,M15,TrendFollowing,"fast=10,slow=30",0.20926043092095303,0.5042180402336145,0.2338976509698499,1.0524495327400525,4999,True,4,0.22066992085895332,5
AtlasCopco,M15,TrendFollowing,"fast=13,slow=34",0.1467883671984035,0.5050832792558945,0.16406140837995337,1.036505581043378,4999,True,4,0.17838088318294343,5
AtlasCopco,M15,VolatilityExpansion,"ema=20,mult=1.5",-0.019596665066112018,0.49018441403926233,-0.03104198921093869,0.9882307232082714,1799,True,4,0.07880212227474226,5
AtlasCopco,M15,VolatilityExpansion,"ema=20,mult=2.0",-0.029185993274644106,0.49217221135029354,-0.0658833062252047,0.97173281229234,1087,True,4,0.052852777081191626,5
AtlasCopco,M15,VolatilityExpansion,"ema=20,mult=2.5",0.00559897323912939,0.4975845410628019,0.01787380622982486,1.0088843846166473,661,True,4,0.051867611863960494,5
AtlasCopco,M15,VolatilityExpansion,"ema=20,mult=3.0",0.04539837200123231,0.5344827586206896,0.17455894059013696,1.123761141348793,372,True,4,0.05831061994842024,5
AtlasCopco,M15,VolatilityExpansion,"ema=20,mult=3.5",0.02851038990871002,0.5,0.1270142832040958,1.119576778015103,206,True,4,0.04194082787404996,5
BCHUSD,H4,MeanReversion,"window=100,z=2.0",1.1439712856593252,0.6016949152542372,0.4509806452161319,1.2790571330002005,590,True,4,0.17580272492052929,5
BCHUSD,M15,MeanReversion,"window=50,z=2.25",0.016314332759948202,0.5545722713864307,0.04241255311926391,1.0298835250380005,341,True,4,0.0323439376845992,5
BCHUSD,M15,MeanReversion,"window=100,z=2.5",0.05935918551811403,0.5529953917050692,0.19251865963540293,1.1744937862956608,216,True,4,0.01242648296362392,5
BCHUSD,M15,TrendFollowing,"fast=13,slow=34",0.09248542564926676,0.4885684860968074,0.08000819520281661,1.015048653213486,4999,True,4,0.14764861619978797,5
BHPGroup,H1,MeanReversion,"window=100,z=1.5",0.3077248936634036,0.5322471147318398,0.31625718910898165,1.1210505813851699,1566,True,5,0.14888415147633072,5
BHPGroup,H1,MeanReversion,"window=100,z=1.75",0.290964409864198,0.5343589743589744,0.3620788934303364,1.1771488676220163,1035,True,5,0.0811689341258558,5
BHPGroup,H1,TrendFollowing,"fast=10,slow=30",-0.28715948736261476,0.4968260685569192,-0.16976174426058038,0.9655940683987554,4998,True,4,0.10457645344829702,5
BHPGroup,H4,MeanReversion,"window=50,z=1.5",0.14276807494051413,0.5235531628532974,0.07396662394298449,1.0244641358503275,1504,True,4,0.33129245636839944,5
BHPGroup,H4,MeanReversion,"window=50,z=1.75",-0.039209165865257134,0.5168986083499006,-0.0235347277954687,0.9905334234170267,1017,True,5,0.14526586884347814,5
BHPGroup,H4,MeanReversion,"window=50,z=2.0",0.06101504145253478,0.5286624203821656,0.04682666671225225,1.023410297223564,636,True,4,0.10194541827419823,5
BHPGroup,H4,MeanReversion,"window=100,z=2.0",-0.2423228795407607,0.5107913669064749,-0.1510786843636745,0.92182242798404,701,True,4,0.14303806286739584,5
BHPGroup,H4,MeanReversion,"window=100,z=2.25",0.014629982835455468,0.5059101654846335,0.011786397733623704,1.0077898698471452,427,True,4,0.12813514947281457,5
BHPGroup,H4,MeanReversion,"window=100,z=2.5",0.22918472140240786,0.5617021276595745,0.2548283852495089,1.256674567916151,237,True,4,0.049498418026052704,5
BHPGroup,H4,TrendFollowing,"fast=8,slow=21",-0.10729426252123875,0.4911003236245955,-0.029236479578026615,0.9945730990828245,4999,True,4,0.3413376623094385,5
BHPGroup,H4,TrendFollowing,"fast=21,slow=55",0.45004305367561726,0.4987864077669903,0.12263512154986374,1.0230884280145565,4999,True,4,0.1323997167718537,5
BHPGroup,H4,TrendFollowing,"fast=34,slow=89",0.009045651104361285,0.5038430420711975,0.002464834019502488,1.0004588755272987,4999,True,4,0.2804634171569048,5
BHPGroup,H4,TrendFollowing,"fast=50,slow=200",-0.22214300899569817,0.5157766990291263,-0.06053180852420213,0.9887966355791804,4999,True,4,0.45241876271694303,5
BHPGroup,M15,MeanReversion,"window=20,z=1.5",-0.11349377077515188,0.5116629044394282,-0.20963346445112405,0.9202888326664654,1475,True,4,0.04384687388377995,5
BHPGroup,M15,MeanReversion,"window=100,z=1.5",0.0987368541299023,0.5090122566690699,0.21670984647399588,1.0833781722691493,1567,True,4,0.04100004540112823,5
BHPGroup,M15,MeanReversion,"window=20,z=1.75",-0.10921775433679037,0.5192519251925193,-0.22240849699193455,0.8963261306149014,1016,True,4,0.03556801057047965,5
BHPGroup,M15,MeanReversion,"window=100,z=1.75",0.06954376652558392,0.5031512605042017,0.17911701909543204,1.0829325661058582,1067,True,4,0.05282310058080453,5
BHPGroup,M15,MeanReversion,"window=100,z=2.0",0.07909123985768096,0.511744966442953,0.23765025136467396,1.1451896197210871,663,True,4,0.04914205130248539,5
BHPGroup,M15,MeanReversion,"window=100,z=2.25",0.08830109363698024,0.5171503957783641,0.3371132822483284,1.2607294896168042,413,True,4,0.04409204201514916,5
BHPGroup,M15,MeanReversion,"window=20,z=2.5",0.031600808480908404,0.518348623853211,0.1589683347371851,1.141700123606253,241,True,4,0.04546156744841223,5
BHPGroup,M15,MeanReversion,"window=20,z=2.75",0.02158874868712135,0.515625,0.13018913789411823,1.1516221878976967,139,True,4,0.01836356447655163,5
BHPGroup,M15,MeanReversion,"window=50,z=2.75",0.005602338159333753,0.5240963855421686,0.029623964118941214,1.030259397998167,177,True,4,0.02273860198336941,5
BHPGroup,M15,MeanReversion,"window=50,z=3.0",0.016554516104511308,0.5102040816326531,0.12224598370685442,1.163904219535532,105,True,4,0.020602011819953248,5
BHPGroup,M15,TrendFollowing,"fast=34,slow=89",-0.10333287298485105,0.5007934708682839,-0.12164366713629944,0.9735131156584951,4998,True,4,0.022513319322979952,5
BPERBanca,H1,MeanReversion,"window=20,z=2.5",0.04308845816359652,0.535483870967742,0.10642734486703578,1.1109178740354775,156,True,5,0.05987920880201436,5
BPERBanca,H1,MeanReversion,"window=50,z=3.0",0.09699072083989246,0.5189873417721519,0.23526877936468937,1.4958107463719752,78,True,4,0.05107316705479248,5
BPERBanca,H1,VolatilityExpansion,"ema=20,mult=1.5",0.16391034044963682,0.4834355828220859,0.11854552243502489,1.0420754546044277,1667,True,4,0.15781060936785318,5
BPERBanca,H1,VolatilityExpansion,"ema=20,mult=2.0",0.23807192418397827,0.49536560247167866,0.21003413435899534,1.1011821973352898,992,True,4,0.24751136070973823,5
BPERBanca,H1,VolatilityExpansion,"ema=50,mult=2.0",0.10324113426804138,0.49223946784922396,0.06419763062448713,1.0192686488764584,2324,True,4,0.07653194315008871,5
BPERBanca,H1,VolatilityExpansion,"ema=50,mult=2.5",0.27187029941939145,0.4970997679814385,0.18821817135939214,1.0678920868095734,1782,True,4,0.1444004160873752,5
BPERBanca,H1,VolatilityExpansion,"ema=50,mult=3.0",0.35559687373796034,0.4901029295328583,0.27485762523754753,1.1194369639327217,1307,True,4,0.17788072106607522,5
BPERBanca,H1,VolatilityExpansion,"ema=50,mult=3.5",0.3084245882834479,0.48767416934619506,0.2580802393510318,1.1374831207478686,960,True,4,0.1205990296364039,5
BPERBanca,H4,MeanReversion,"window=100,z=2.0",-0.6835573774006681,0.47181372549019607,-0.3095938016412872,0.8607832826913107,835,True,4,0.21103898446843838,5
BPERBanca,H4,MeanReversion,"window=50,z=2.5",-0.136483508583082,0.52,-0.11438867878412143,0.9086531166171589,254,True,4,0.09218844078951505,5
BPERBanca,H4,TrendFollowing,"fast=5,slow=20",2.2629129776535843,0.5037732000815827,0.46760361120886734,1.097863046736405,4999,True,4,1.2565880668918765,5
BPERBanca,H4,TrendFollowing,"fast=8,slow=21",2.4370275343900802,0.5082602488272486,0.5036172031766832,1.1057911859723586,4999,True,4,1.1843405362027593,5
BPERBanca,H4,TrendFollowing,"fast=10,slow=30",2.25221238060821,0.5127472975729146,0.46539055685264713,1.0973777520338925,4999,True,5,1.038696932641515,5
BPERBanca,H4,VolatilityExpansion,"ema=50,mult=2.0",2.117803446425756,0.5286324786324786,0.5567016088194598,1.184762683900489,2388,True,4,0.7280701201941943,5
BPERBanca,H4,VolatilityExpansion,"ema=20,mult=2.5",0.8502887596259341,0.5271186440677966,0.4121526238600556,1.2593334612090694,605,True,4,0.07685111413353607,5
BPERBanca,H4,VolatilityExpansion,"ema=50,mult=2.5",1.751392877193235,0.5360602798708288,0.49013190362474457,1.1873156460203516,1896,True,4,0.5757374295257907,5
BPERBanca,H4,VolatilityExpansion,"ema=20,mult=3.0",0.4936809688177528,0.5079365079365079,0.29513690235490514,1.2562330194524436,324,True,4,0.0200280296463744,5
BPERBanca,M15,MeanReversion,"window=50,z=1.5",0.10837046540590511,0.5063009636767977,0.21335901483074524,1.0760308776286853,1426,True,4,0.07382407627732301,5
BPERBanca,M15,MeanReversion,"window=100,z=1.5",-0.03921548432850319,0.4986013986013986,-0.06978106669619313,0.9749363003039673,1508,True,4,0.0602023190649168,5
BPERBanca,M15,MeanReversion,"window=50,z=1.75",0.19812253112696987,0.5098039215686274,0.4785116963184573,1.2156249385508624,967,True,5,0.1349971683928033,5
BPERBanca,M15,MeanReversion,"window=100,z=1.75",-0.009433148276478565,0.4979633401221996,-0.022989493428895866,0.991006293152107,1044,True,4,0.014208828737622081,5
BPERBanca,M15,MeanReversion,"window=100,z=2.0",0.04347175471895237,0.5062305295950156,0.13491818492053834,1.0662293581560414,679,True,4,0.03397754822668786,5
BPERBanca,M15,MeanReversion,"window=50,z=2.25",0.1453838156982774,0.5333333333333333,0.48326121639931696,1.3831791491082752,368,True,5,0.09347623685437612,5
BPERBanca,M15,MeanReversion,"window=100,z=2.25",0.04410125451580449,0.5050251256281407,0.16763544109292258,1.1061010250449004,424,True,4,0.05594571637877477,5
BPERBanca,M15,TrendFollowing,"fast=8,slow=21",0.24087815136051338,0.502020846628377,0.24748481183649512,1.0502621490049286,4999,True,4,0.12480178039463663,5
BPERBanca,M15,TrendFollowing,"fast=13,slow=34",0.11525070026235595,0.5009572431397575,0.11840063042393817,1.0237373354181285,4999,True,4,0.014000449873165621,5
BTCUSD,H1,MeanReversion,"window=100,z=1.75",0.054387683538809406,0.5423728813559322,0.08193476886556592,1.0364290091994264,885,True,4,0.054603555375793755,5
BTCUSD,H1,MeanReversion,"window=50,z=2.0",0.1177637559565119,0.5521885521885522,0.2444389304954001,1.1342603425922684,593,True,4,0.0331745573851846,5
BTCUSD,H1,MeanReversion,"window=100,z=2.0",0.13240761976086068,0.5591766723842195,0.24465455390587604,1.1388533289173894,583,True,4,0.08320927143777745,5
BTCUSD,H1,MeanReversion,"window=50,z=2.25",0.05143465040711537,0.5508021390374331,0.13008776817355752,1.0893925221579206,373,True,4,0.027441799760866914,5
BTCUSD,H1,MeanReversion,"window=100,z=2.25",0.05295679402908127,0.5498575498575499,0.12355455933256972,1.085496696738697,351,True,4,0.04331549070947838,5
BTCUSD,H1,MeanReversion,"window=100,z=2.5",-0.006903169082298155,0.5281385281385281,-0.018934909480669233,0.9843361584415343,230,True,4,0.018828578117078165,5
BTCUSD,H1,MeanReversion,"window=100,z=2.75",0.10098458494430762,0.6090225563909775,0.39175820105872133,1.547603785420232,132,True,4,0.05220801978514655,5
BTCUSD,H1,VolatilityExpansion,"ema=50,mult=3.0",-0.08734127344000564,0.4562268803945746,-0.14704757209434804,0.9360508694837548,810,True,4,0.04602097681199935,5
BTCUSD,H4,MeanReversion,"window=20,z=1.5",-0.12198471553344925,0.5386996904024768,-0.07061252039359125,0.9747420683490029,1292,True,4,0.0833118626258128,5
BTCUSD,H4,MeanReversion,"window=50,z=1.5",-0.3049586123755794,0.5159420289855072,-0.16578280437464968,0.9421653354932699,1379,True,4,0.11786999660761366,5
BTCUSD,H4,MeanReversion,"window=20,z=2.75",-0.15405682917026164,0.49074074074074076,-0.28374718429722495,0.7125408059428462,107,True,4,0.02067753691423846,5
BTCUSD,M15,MeanReversion,"window=20,z=2.25",0.05685294317868683,0.6254545454545455,0.25192501834318587,1.2110663331640674,274,True,4,0.021370253965970587,5
BTCUSD,M15,MeanReversion,"window=20,z=2.75",0.005890327607835588,0.5970149253731343,0.041539950477798085,1.0615237685869054,66,True,4,0.031319853947542664,5
BTCUSD,M15,TrendFollowing,"fast=10,slow=30",-0.04231831146825116,0.4902902902902903,-0.05978389328386718,0.988433174563198,4999,True,4,0.14113407701702707,5
BancaGenerali,H1,MeanReversion,"window=50,z=1.5",-0.1471374520969223,0.5106382978723404,-0.1713653917775355,0.9404175994820174,1698,True,4,0.01882262573549054,5
BancaGenerali,H1,MeanReversion,"window=50,z=2.0",-0.17898032179136558,0.5295950155763239,-0.26324043033795846,0.8515800385234689,694,True,5,0.0698555385902403,5
BancaGenerali,H1,MeanReversion,"window=100,z=2.0",-0.1296726629707805,0.5325077399380805,-0.17961386023090334,0.8938151459103154,703,True,4,0.058633778348978316,5
BancaGenerali,H1,MeanReversion,"window=100,z=2.25",-0.13663712116743087,0.5184275184275184,-0.24762411083379146,0.8383182408267116,440,True,4,0.03875896962923653,5
BancaGenerali,H1,MeanReversion,"window=20,z=2.5",0.07935712911534343,0.5661764705882353,0.26757867887985687,1.347094629043615,142,True,4,0.023380615490555146,5
BancaGenerali,H1,TrendFollowing,"fast=10,slow=30",0.4019731274422915,0.5005483658697083,0.27595774442622517,1.0581203048388592,4999,True,4,0.15599433170264854,5
BancaGenerali,H1,TrendFollowing,"fast=13,slow=34",0.4788235801135903,0.5075674490019741,0.3287370033931049,1.0696187108361392,4999,True,4,0.1482019920920058,5
BancaGenerali,H1,TrendFollowing,"fast=21,slow=55",0.6060281351922221,0.5119543759596402,0.4161231885581276,1.0889360928718017,4999,True,4,0.1948977426560411,5
BancaGenerali,H1,TrendFollowing,"fast=34,slow=89",0.3822976771200237,0.5141478394384733,0.26244660381520146,1.0551969670639927,4999,True,4,0.07462307497368104,5
BancaGenerali,H1,TrendFollowing,"fast=50,slow=200",0.15241955179935252,0.517438034656723,0.10462369555507033,1.021647422931863,4999,True,4,0.1457475825823359,5
BancaGenerali,H1,VolatilityExpansion,"ema=50,mult=2.0",0.21788117431215792,0.4997677659080353,0.19962921203756162,1.0655607984081163,2368,True,4,0.022140743724998746,5
BancaGenerali,H4,MeanReversion,"window=50,z=1.5",-0.7845564017639453,0.4787692307692308,-0.435577907982811,0.8658636982977217,1676,True,4,0.0615461177101545,5
BancaGenerali,H4,MeanReversion,"window=50,z=2.25",-0.17220865267765695,0.4772727272727273,-0.18131966353916673,0.8923968093701901,452,True,4,0.08898334151403142,5
BancaGenerali,H4,MeanReversion,"window=50,z=2.5",-0.18282485936711734,0.4658119658119658,-0.23250113695445643,0.8158634909278669,239,True,4,0.027982964510628205,5
BancaGenerali,H4,TrendFollowing,"fast=50,slow=200",0.24412697418968987,0.5206303130831432,0.07939636729804238,1.015426432835271,4999,True,4,0.197934722319278,5
BancaGenerali,H4,VolatilityExpansion,"ema=20,mult=1.5",0.7737428980561145,0.5077441077441077,0.406094191833576,1.1545106609613165,1536,True,4,0.18413453124847712,5
BancaGenerali,H4,VolatilityExpansion,"ema=20,mult=2.0",0.8060435767295413,0.5269186712485682,0.49220957400887577,1.2616637514050886,897,True,4,0.1564548169602452,5
BancaGenerali,M15,MeanReversion,"window=50,z=1.75",0.23326934719800396,0.557161629434954,0.6419665600130912,1.3407048691697718,911,True,5,0.06278815425550244,5
BancaGenerali,M15,MeanReversion,"window=100,z=1.75",0.19757028474796412,0.5292014302741359,0.48463647446301455,1.2542690113672401,994,True,4,0.054179494050598964,5
BancaGenerali,M15,MeanReversion,"window=20,z=2.25",0.10962062038173237,0.5683453237410072,0.40572104000542014,1.35862582679429,332,True,4,0.05267227646617123,5
BancaGenerali,M15,MeanReversion,"window=50,z=2.25",0.13318012838395954,0.5886524822695035,0.5140615946521311,1.4752384115965242,339,True,4,0.03793568747234177,5
BancaGenerali,M15,MeanReversion,"window=100,z=2.25",0.12841386672870436,0.59,0.5008740991881298,1.4341724104187152,348,True,4,0.03725059414373466,5
BancaGenerali,M15,MeanReversion,"window=20,z=2.5",0.09963339350707434,0.588957055214724,0.43732280662962214,1.5513865212482412,184,True,5,0.053328758725919245,5
BancaGenerali,M15,MeanReversion,"window=100,z=2.5",0.07880704558361651,0.6153846153846154,0.37465380970455997,1.4007193790599166,204,True,4,0.02218703669739308,5
BancaMediolanum,H1,MeanReversion,"window=20,z=1.5",0.2038554254139856,0.514525993883792,0.28577834451752254,1.1052970830456537,1443,True,4,0.08603176217342612,5
BancaMediolanum,H1,MeanReversion,"window=100,z=1.5",-0.09956943054815126,0.49581455247907275,-0.11082324379668605,0.9615585925163607,1707,True,4,0.05397674345735726,5
BancaMediolanum,H1,MeanReversion,"window=20,z=1.75",0.2003704636730248,0.5235792019347038,0.360039543726567,1.1699504666037712,899,True,5,0.10712728255614246,5
BancaMediolanum,H1,MeanReversion,"window=100,z=1.75",-0.09995554585168909,0.49710982658959535,-0.12671793394568642,0.9450365073571396,1126,True,4,0.06364063455552138,5
BancaMediolanum,H1,MeanReversion,"window=20,z=2.0",0.050493510419949206,0.5247524752475248,0.10734297546967768,1.062258185685823,549,True,5,0.0952182388116557,5
BancaMediolanum,H1,MeanReversion,"window=50,z=2.0",-0.018024860922341568,0.5052316890881914,-0.0335242042154,0.9827057690380465,725,True,4,0.09665258519340947,5
BancaMediolanum,H1,MeanReversion,"window=50,z=2.25",0.05423519778135599,0.5,0.13821021816574666,1.10000748700963,399,True,5,0.04403973238084413,5
BancaMediolanum,H1,MeanReversion,"window=50,z=2.5",0.01587019408789181,0.5103092783505154,0.04689271580426979,1.0477427358945208,210,True,4,0.023193736455259684,5
BancaMediolanum,H1,MeanReversion,"window=100,z=2.5",0.010484248933720686,0.5040983606557377,0.026443286586713025,1.0228365965196127,256,True,4,0.03229640353261731,5
BancaMediolanum,H1,TrendFollowing,"fast=5,slow=20",0.09088307788896755,0.5041979673000442,0.058842423580190414,1.0123704764199417,4999,True,4,0.11937669973169374,5
BancaMediolanum,H1,TrendFollowing,"fast=50,slow=200",0.314575501995658,0.5187803800265135,0.20368788299123736,1.0434801244331535,4999,True,4,0.16270107885317786,5
BancaMediolanum,H4,MeanReversion,"window=100,z=1.5",-0.7184108715944465,0.4548919949174079,-0.33789707357580373,0.8863875512044718,1627,True,4,0.241898987156432,5
BancaMediolanum,H4,MeanReversion,"window=50,z=2.0",0.1409609686613399,0.509009009009009,0.10694635693896686,1.0575522649771505,690,True,4,0.15767333537066697,5
BancaMediolanum,H4,MeanReversion,"window=100,z=2.0",-0.7891897379633782,0.44879898862199746,-0.5086297018455304,0.7776910787259217,818,True,5,0.08313944980464316,5
BancaMediolanum,H4,MeanReversion,"window=50,z=2.25",-0.05204332751798435,0.5054347826086957,-0.05168776339124982,0.9652003873881715,378,True,4,0.050273023929341853,5
BancaMediolanum,M15,MeanReversion,"window=20,z=2.0",0.10927598224069679,0.5532786885245902,0.4174735627024792,1.2523200663163654,542,True,4,0.04133423156968963,5
BancaMediolanum,M15,MeanReversion,"window=20,z=2.25",0.034640076329935265,0.5403508771929825,0.1539831537482728,1.1162029232557575,316,True,4,0.019504886031160407,5
BancaMediolanum,M15,TrendFollowing,"fast=13,slow=34",-0.06099731932914121,0.500717017208413,-0.08318381214690403,0.9835233085461099,4999,True,4,0.07307810457456299,5
BancaMediolanum,M15,TrendFollowing,"fast=21,slow=55",-0.11496735392796176,0.497131931166348,-0.15678980806028608,0.9691695685170819,4999,True,4,0.0765347144592885,5
BancaMediolanum,M15,TrendFollowing,"fast=34,slow=89",0.03360099129120553,0.502151051625239,0.04582220733150173,1.0091938174157906,4999,True,5,0.12326813015747073,5
BancoBPM,H1,MeanReversion,"window=20,z=1.75",0.044626417337218616,0.5111896348645465,0.062311380576080884,1.0277012976918953,881,True,4,0.0843606348879129,5
BancoBPM,H1,TrendFollowing,"fast=10,slow=30",-0.1269224505395753,0.5038246847219351,-0.061723709954398284,0.9872928608832456,4999,True,4,0.1889157426331154,5
BancoBPM,H1,TrendFollowing,"fast=13,slow=34",0.2846900689672919,0.5063055612983254,0.13845196622973863,1.029102056003638,4999,True,4,0.2734808570978766,5
BancoBPM,H1,TrendFollowing,"fast=50,slow=200",0.21782389294115945,0.513334711598098,0.1059315864447811,1.0221909110773355,4999,True,4,0.4186958816230204,5
BancoBPM,H1,VolatilityExpansion,"ema=20,mult=3.0",0.04549505044912894,0.5159010600706714,0.08182690552924887,1.073643352802846,288,True,4,0.10855261061242627,5
BancoBPM,H1,VolatilityExpansion,"ema=50,mult=3.5",0.024185302407086495,0.5015384615384615,0.02644313644947684,1.0121669196044267,1004,True,4,0.0893759119340024,5
BancoBPM,H4,MeanReversion,"window=100,z=1.75",-0.712087726587602,0.48314606741573035,-0.31472279760080024,0.8757437002451035,1094,True,4,0.05960162585319617,5
BancoBPM,H4,MeanReversion,"window=100,z=2.0",-0.46916104908368783,0.4881118881118881,-0.24191271142535345,0.8820153395858936,733,True,4,0.0631649983409368,5
BancoBPM,H4,MeanReversion,"window=100,z=2.25",-0.05745112593282653,0.5195402298850574,-0.03963160676928262,0.9751952903905237,444,True,4,0.12069815412627172,5
BancoBPM,M15,MeanReversion,"window=50,z=1.5",0.07556842602856051,0.5050215208034433,0.14441996806732585,1.0551464620407836,1521,True,4,0.10412079309386757,5
BancoBPM,M15,MeanReversion,"window=100,z=1.5",0.15451981548734484,0.5010526315789474,0.33488285870580614,1.119774669801248,1577,True,4,0.09503372674862853,5
BancoBPM,M15,MeanReversion,"window=50,z=1.75",0.014186021989196163,0.5246636771300448,0.03576844362558161,1.0153645511919627,970,True,4,0.04671865609953518,5
BancoBPM,M15,MeanReversion,"window=100,z=1.75",0.18054562747761982,0.5161987041036717,0.4518372598130541,1.2133473894456732,1019,True,4,0.09282941524943333,5
BancoBPM,M15,MeanReversion,"window=50,z=2.0",0.010039367408296473,0.5283687943262412,0.028647225840404824,1.015614407533043,604,True,4,0.04337357588394852,5
BancoBPM,M15,MeanReversion,"window=100,z=2.0",0.09610414028541359,0.5249569707401033,0.31215979313519526,1.1779318056091572,638,True,4,0.03219274793864946,5
BancoBPM,M15,MeanReversion,"window=100,z=2.25",0.07358135832821355,0.5075528700906344,0.33652726248373693,1.2411113058334258,362,True,4,0.018445402207126205,5
BancoBPM,M15,MeanReversion,"window=100,z=2.5",0.0470195923272444,0.521505376344086,0.262489126868106,1.2474374004799653,199,True,5,0.02440364427127728,5
BancoComercial,H1,MeanReversion,"window=20,z=1.5",0.5444263925130807,0.5304878048780488,0.5557530644540825,1.2163401154272275,1366,True,4,0.2110297324691638,5
BancoComercial,H1,MeanReversion,"window=20,z=1.75",0.14798246843478569,0.5061274509803921,0.1874685092845544,1.0861238930574066,845,True,4,0.09530688542253452,5
BancoComercial,H1,MeanReversion,"window=50,z=1.75",0.319390225208657,0.5252725470763132,0.3483512507886866,1.1537878285459806,1049,True,4,0.17252302786769513,5
BancoComercial,H1,MeanReversion,"window=100,z=1.75",0.1683843750366225,0.5034305317324185,0.17541326367217178,1.06819171997103,1202,True,4,0.1238795321605185,5
BancoComercial,H1,MeanReversion,"window=50,z=2.0",0.3183352471371701,0.5384615384615384,0.47543778910914025,1.267189280642648,634,True,5,0.16357406768447236,5
BancoComercial,H1,MeanReversion,"window=100,z=2.0",0.19949058649483287,0.5201729106628242,0.2686311575716852,1.1421059551743784,718,True,4,0.1440020532710885,5
BancoComercial,H1,MeanReversion,"window=20,z=2.25",0.16690651514237265,0.5160142348754448,0.32491066233782473,1.273110092632983,287,True,4,0.0351868146560993,5
BancoComercial,H1,MeanReversion,"window=50,z=2.25",0.14715569311334464,0.5514285714285714,0.2852336861855209,1.2060214912438307,361,True,5,0.1397854723371973,5
BancoComercial,H1,MeanReversion,"window=20,z=2.5",0.19042312039892828,0.5454545454545454,0.471707666807774,1.6481584330678394,157,True,5,0.04158135986859646,5
BancoComercial,H1,TrendFollowing,"fast=21,slow=55",0.43331790362658007,0.5091059602649006,0.20269403016093498,1.0407858719927843,4999,True,4,0.18139064942502325,5
BancoComercial,H1,TrendFollowing,"fast=34,slow=89",0.3980332815340796,0.5080711920529801,0.1861864964332765,1.0374026113888544,4999,True,4,0.22665358211859954,5
BancoComercial,H1,TrendFollowing,"fast=50,slow=200",0.3723615441251996,0.5095198675496688,0.17417663082299117,1.0349481220727939,4999,True,4,0.40005797230696527,5
BancoComercial,H4,MeanReversion,"window=20,z=1.5",-0.7198568509609053,0.501010101010101,-0.2620274940550836,0.9172889435466948,1513,True,4,0.11778276450350045,5
BancoComercial,H4,MeanReversion,"window=100,z=1.75",-1.1881843258733369,0.4755784061696658,-0.47369867018636513,0.8372361334950625,1185,True,4,0.15304122645596496,5
BancoComercial,H4,MeanReversion,"window=100,z=2.0",-0.9814697392471328,0.4678787878787879,-0.45116654582549953,0.8156750534668966,841,True,4,0.2434594464670211,5
BancoComercial,H4,MeanReversion,"window=20,z=2.25",-0.0897403971158216,0.5223880597014925,-0.06196630795596836,0.9572889044252961,341,True,4,0.08149905607011776,5
BancoComercial,H4,MeanReversion,"window=100,z=2.25",-0.8674280732303971,0.45681381957773515,-0.4567850112794197,0.7711069818847543,531,True,4,0.1939005638262119,5
BancoComercial,H4,MeanReversion,"window=50,z=2.5",-0.04678843917948361,0.5296610169491526,-0.03688046180449424,0.9697558822250122,239,True,4,0.1373388760131592,5
BancoComercial,H4,TrendFollowing,"fast=5,slow=20",3.2675165987800483,0.5111201795551928,0.6998307681276971,1.1322707339684073,4999,True,4,0.7685184111881954,5
BancoComercial,H4,TrendFollowing,"fast=8,slow=21",3.0710710663180816,0.513772699449092,0.6576818734832327,1.1238261727118461,4999,True,4,0.7227571948984547,5
BancoComercial,H4,TrendFollowing,"fast=10,slow=30",2.8099428121733814,0.5170373393185064,0.6016761466348419,1.112704115337802,4999,True,5,0.7954301755350467,5
BancoComercial,H4,TrendFollowing,"fast=13,slow=34",1.8728302381434707,0.5123444195062232,0.4008578457058357,1.0737317610444974,4999,True,5,0.7097472519243652,5
BancoComercial,H4,TrendFollowing,"fast=21,slow=55",1.5595223268952216,0.5115282595388696,0.33376524802521146,1.0610207550055688,4999,True,4,0.546791125844227,5
BancoComercial,M15,MeanReversion,"window=20,z=2.0",0.11178098162221994,0.5350194552529183,0.32684606698765195,1.194589119744126,543,True,4,0.06245293731505164,5
BancoComercial,M15,MeanReversion,"window=20,z=2.25",0.08716907438731936,0.5513698630136986,0.3002500369489421,1.249738314593657,306,True,4,0.05703735267860377,5
BancoComercial,M15,MeanReversion,"window=50,z=2.25",0.07415557087073799,0.544891640866873,0.28386741425915724,1.2211197380155507,344,True,4,0.014150299186047932,5
BancoComercial,M15,MeanReversion,"window=20,z=2.5",0.12599809739367462,0.5913978494623656,0.48439304340798306,1.584253743391957,193,True,4,0.08142382151856797,5
BancoComercial,M15,MeanReversion,"window=20,z=2.75",0.06314020737889858,0.6060606060606061,0.2812003761645147,1.4503263293438566,101,True,4,0.050315312729703576,5
BancodeSabadell,H1,MeanReversion,"window=20,z=2.25",0.07750409625737686,0.5740072202166066,0.18770356780827538,1.1467114658958668,284,True,4,0.05313348110073457,5
BancodeSabadell,H1,MeanReversion,"window=20,z=2.5",0.07140580815486364,0.5797101449275363,0.2212154252146526,1.2547300710528437,142,True,4,0.04873184175819778,5
BancodeSabadell,H1,TrendFollowing,"fast=5,slow=20",0.5472375345213657,0.506425110596166,0.25433033102289365,1.0550906783390506,4999,True,5,0.7042392482618068,5
BancodeSabadell,H1,TrendFollowing,"fast=8,slow=21",0.6740209733147785,0.5068464293237834,0.31327411766656243,1.0682898346266956,4999,True,5,0.7328983935147811,5
BancodeSabadell,H1,TrendFollowing,"fast=10,slow=30",0.9130812986397193,0.5121129134190014,0.42445456129567083,1.093644808391506,4999,True,4,0.643655219147058,5
BancodeSabadell,H1,TrendFollowing,"fast=13,slow=34",1.039549859891168,0.5150621445123236,0.4832958642576678,1.1073112523859339,4999,True,5,0.6530716238424462,5
BancodeSabadell,H1,TrendFollowing,"fast=21,slow=55",1.0997059291808515,0.5131662102380451,0.5112911731776272,1.1138746486384317,4999,True,5,0.6267191598100933,5
BancodeSabadell,H1,TrendFollowing,"fast=34,slow=89",0.5771681121666205,0.5072677480514008,0.2682445289061844,1.058191473802869,4999,True,4,0.4815059351063019,5
BancodeSabadell,H1,TrendFollowing,"fast=50,slow=200",-0.29607184807317466,0.49968401095428694,-0.13758781270859877,0.9714079774825454,4999,True,4,0.5132323106487325,5
BancodeSabadell,H1,VolatilityExpansion,"ema=50,mult=2.0",0.38447413300715283,0.5060728744939271,0.23593213328250653,1.0722563006254486,2600,True,4,0.1940235932141956,5
BancodeSabadell,H4,MeanReversion,"window=20,z=2.5",-0.07545776966787099,0.5170068027210885,-0.08682944958726942,0.9098847205955686,154,True,4,0.05690901043506347,5
BancodeSabadell,H4,MeanReversion,"window=50,z=2.75",-0.24010465317824103,0.5087719298245614,-0.22651090570321047,0.7509273879850344,116,True,4,0.05831207837458896,5
BancodeSabadell,H4,VolatilityExpansion,"ema=20,mult=1.5",1.8611948782445529,0.51437125748503,0.5798895079089951,1.2080792035839014,1734,True,4,0.2214674959869085,5
BancodeSabadell,H4,VolatilityExpansion,"ema=20,mult=2.0",0.847231634881859,0.5097037793667007,0.3327786789084417,1.1517788881462205,1010,True,4,0.2802682530966645,5
BancodeSabadell,H4,VolatilityExpansion,"ema=20,mult=3.0",0.5061100300615805,0.5144927536231884,0.3094864952261474,1.2849652892352421,283,True,4,0.2800252707714156,5
BancodeSabadell,M15,MeanReversion,"window=100,z=1.5",0.00017603898925255823,0.4992603550295858,0.0003924328812936392,1.0001353030885698,1443,True,4,0.051871354605862785,5
BancodeSabadell,M15,MeanReversion,"window=100,z=1.75",-0.0482860674992166,0.48846960167714887,-0.12142222510134164,0.9508862455633693,1014,True,4,0.03041575570070887,5
BancodeSabadell,M15,MeanReversion,"window=100,z=2.0",-0.019796909350936587,0.4869831546707504,-0.0568025570292646,0.9723804579158074,693,True,4,0.01366762868768745,5
BancodeSabadell,M15,MeanReversion,"window=50,z=2.5",-0.025673269311446645,0.4940239043824701,-0.10985401007661919,0.9212331307659627,261,True,4,0.03129570015089567,5
BancodeSabadell,M15,TrendFollowing,"fast=21,slow=55",0.17293749114879853,0.50625269512721,0.190656208913564,1.0406514962867843,4999,True,4,0.09641682119640183,5
BritishLand,H1,MeanReversion,"window=100,z=1.5",0.15308854711153308,0.4963680387409201,0.1383351240590133,1.050425741548992,1665,True,4,0.05227227699730763,5
BritishLand,H1,MeanReversion,"window=50,z=2.25",0.01376999063777573,0.5046728971962616,0.02169745159638085,1.0157858295819375,430,True,5,0.03696896077689393,5
BritishLand,H1,MeanReversion,"window=50,z=2.5",-0.059604631377142114,0.4720812182741117,-0.10712930303474905,0.9006616899758113,256,True,4,0.03758818018674126,5
BritishLand,H1,TrendFollowing,"fast=10,slow=30",0.45421963785509556,0.5118981737686774,0.25557171888414953,1.052206941827682,4998,True,4,0.2577545528519597,5
BritishLand,H1,TrendFollowing,"fast=13,slow=34",0.7584747707516997,0.5168788046485888,0.42686320945468026,1.0887287533150445,4998,True,4,0.3901566139267799,5
BritishLand,H1,TrendFollowing,"fast=21,slow=55",0.07911496514973959,0.5071942446043165,0.04450931888985643,1.0089014028854686,4998,True,4,0.18719052904149824,5
BritishLand,H1,TrendFollowing,"fast=34,slow=89",0.06292834825739013,0.5055340343110127,0.035402832694665085,1.007073768820655,4998,True,4,0.18774349992172568,5
BritishLand,H4,TrendFollowing,"fast=34,slow=89",0.6843941374651795,0.5035203270497388,0.18066121792075604,1.0346217384213166,4999,True,4,0.3364515109975478,5
BritishLand,M15,MeanReversion,"window=20,z=1.75",0.4387149920322835,0.6013667425968109,1.0347477291480074,1.7291765055720087,859,True,4,0.08365591723241239,5
BritishLand,M15,TrendFollowing,"fast=10,slow=30",-0.06977737626626579,0.5035759360538494,-0.0773326851073735,0.983099827003864,4999,True,4,0.10110620538585591,5
BritishLand,M15,TrendFollowing,"fast=13,slow=34",0.10328071198136712,0.5082036180058898,0.11446529071042712,1.0255501921556383,4999,True,5,0.13687592606381804,5
BritishLand,M15,TrendFollowing,"fast=21,slow=55",0.11090836187749475,0.5090450147244425,0.12291945126529112,1.027463076252418,4999,True,5,0.15382965502589763,5
BritishLand,M15,TrendFollowing,"fast=34,slow=89",0.3097884506611036,0.5153554901135886,0.34340778654477694,1.0786461987250773,4999,True,4,0.1544899685404596,5
BritishLand,M15,VolatilityExpansion,"ema=50,mult=1.5",-0.28995779169066516,0.47595473833097596,-0.41483783074598624,0.8882441321977302,2951,True,4,0.03735387360642284,5
BruxellesLambert,H1,MeanReversion,"window=20,z=1.5",0.19648590158160717,0.5036028823058447,0.38285846144790486,1.1429935054320226,1421,True,4,0.06187104615017891,5
BruxellesLambert,H1,MeanReversion,"window=50,z=1.5",0.26630288866191876,0.5205070842654735,0.4427153989546133,1.1764948679919407,1511,True,4,0.0972995512011482,5
BruxellesLambert,H1,MeanReversion,"window=50,z=1.75",0.14969729400999154,0.5193798449612403,0.2891520631823726,1.1425173410983323,1004,True,4,0.10408978603227692,5
BruxellesLambert,H1,MeanReversion,"window=100,z=1.75",0.25569873485064554,0.5223880597014925,0.42996840038993395,1.2376135713966718,1036,True,4,0.0651300171739786,5
BruxellesLambert,H1,MeanReversion,"window=50,z=2.0",0.12073443967765796,0.5114235500878734,0.3250068843987388,1.1845416201267276,636,True,4,0.08630359589337877,5
BruxellesLambert,H1,MeanReversion,"window=100,z=2.0",0.059952833072654976,0.5212765957446809,0.12996205619157783,1.0824082998467213,622,True,4,0.05560550393561625,5
BruxellesLambert,H1,MeanReversion,"window=50,z=2.25",0.046474060991217425,0.5100864553314121,0.15187732619599012,1.1077461929867227,386,True,4,0.019791529684046627,5
BruxellesLambert,H1,MeanReversion,"window=100,z=2.25",0.05558000659526996,0.5393586005830904,0.13420371192348204,1.1182340663387762,376,True,4,0.032136238016367336,5
BruxellesLambert,H1,MeanReversion,"window=50,z=2.5",-0.0015875211989672122,0.49238578680203043,-0.006309592487190428,0.9941287323366611,218,True,4,0.017678637918630336,5
BruxellesLambert,H1,TrendFollowing,"fast=21,slow=55",-0.3238615962363931,0.4921034561684596,-0.286017631906962,0.9414874891263488,4999,True,4,0.08145228476342492,5
BruxellesLambert,H1,TrendFollowing,"fast=34,slow=89",-0.2490810887514885,0.4943923094529641,-0.21996081027028308,0.9546921136347638,4999,True,5,0.08516301727603404,5
BruxellesLambert,H1,TrendFollowing,"fast=50,slow=200",-0.27647443202014843,0.4923323414969101,-0.24415701491178673,0.9498342447949595,4999,True,5,0.1412947377639988,5
BruxellesLambert,H4,MeanReversion,"window=50,z=2.0",0.2445080892978252,0.5301391035548686,0.2337932697669554,1.1488509687716255,666,True,4,0.1777826242727928,5
BruxellesLambert,H4,MeanReversion,"window=100,z=2.0",0.18045200307455855,0.5332369942196532,0.15686406837782976,1.094717311469966,713,True,4,0.08772074907996974,5
BruxellesLambert,H4,MeanReversion,"window=50,z=2.25",0.2264580071411343,0.5241935483870968,0.2920390873120941,1.244407577488118,380,True,4,0.15969717604308897,5
BruxellesLambert,H4,MeanReversion,"window=100,z=2.25",0.08643416294055728,0.5253456221198156,0.08411082244342329,1.0641480569543695,446,True,4,0.06712344196702846,5
BruxellesLambert,M15,MeanReversion,"window=20,z=1.5",0.06107566175858192,0.5160349854227405,0.23110460166657754,1.0889042379770266,1388,True,4,0.0209167140197285,5
BruxellesLambert,M15,MeanReversion,"window=50,z=1.5",0.08697064488343642,0.5284926470588235,0.3359589627014975,1.12434605952905,1494,True,4,0.05364610303298856,5
BruxellesLambert,M15,MeanReversion,"window=50,z=1.75",0.11639472101557458,0.5518672199170125,0.5274236253278702,1.2568831387331925,959,True,4,0.05107074926061417,5
BruxellesLambert,M15,MeanReversion,"window=100,z=1.75",0.08976374728169711,0.5349397590361445,0.40986073497675735,1.173490585863327,1141,True,4,0.03304301557342282,5
BruxellesLambert,M15,MeanReversion,"window=50,z=2.0",0.10590939616848383,0.5717439293598234,0.5742438788646069,1.3663398939743683,586,True,4,0.030293106016552995,5
BruxellesLambert,M15,MeanReversion,"window=20,z=2.25",0.054599475452126844,0.5607843137254902,0.3536763717996751,1.301082256300884,323,True,4,0.017621719244002687,5
BruxellesLambert,M15,MeanReversion,"window=50,z=2.5",0.07091571043745881,0.6012658227848101,0.5914316214669169,1.751560426952442,202,True,4,0.024629767920787193,5
BuzziUnicem,H1,TrendFollowing,"fast=8,slow=21",0.0742831093667744,0.5053146258503401,0.03638781914105729,1.0072302846297516,4999,True,4,0.3620232618143786,5
BuzziUnicem,H1,TrendFollowing,"fast=10,slow=30",-0.051173000171634175,0.5031887755102041,-0.025067223493550613,0.995049345249402,4999,True,4,0.18543819275209672,5
BuzziUnicem,H1,TrendFollowing,"fast=13,slow=34",0.10377940606076974,0.5074404761904762,0.0508368017358299,1.0101158033438362,4999,True,4,0.196965935660808,5
BuzziUnicem,H1,TrendFollowing,"fast=21,slow=55",0.2778085747375101,0.5091411564625851,0.13609006453570194,1.0273107794438356,4999,True,4,0.09685500714083628,5
BuzziUnicem,H1,VolatilityExpansion,"ema=20,mult=1.5",-0.010865303896145706,0.5035324341682723,-0.008865889004772372,0.99703736938564,1648,True,4,0.24326766363035568,5
BuzziUnicem,H1,VolatilityExpansion,"ema=20,mult=2.0",0.1855183698642141,0.5161637931034483,0.17760571077397433,1.0816137798183831,985,True,4,0.27280521879828556,5
BuzziUnicem,H1,VolatilityExpansion,"ema=50,mult=2.0",0.22001553868800816,0.5171249397009166,0.14789997791447468,1.0462653991148076,2194,True,4,0.30842775531409905,5
BuzziUnicem,H1,VolatilityExpansion,"ema=20,mult=2.5",0.29566922930978146,0.5241779497098646,0.38939076545447243,1.2412796094890681,541,True,4,0.13913094366950973,5
BuzziUnicem,H1,VolatilityExpansion,"ema=20,mult=3.0",0.32276662574265547,0.5714285714285714,0.5261814563372293,1.4835626161200106,304,True,4,0.1680961832201131,5
BuzziUnicem,H1,VolatilityExpansion,"ema=50,mult=3.0",0.5326619834079631,0.5283464566929134,0.4579976062030836,1.1935011432474945,1352,True,4,0.25712266026735786,5
BuzziUnicem,H1,VolatilityExpansion,"ema=20,mult=3.5",0.16668319331094872,0.6054421768707483,0.3834250089251806,1.5052390789750056,153,True,4,0.10250682216687768,5
BuzziUnicem,H4,MeanReversion,"window=20,z=1.5",0.038263800928809766,0.508695652173913,0.018637837883923515,1.0067950363322362,1424,True,4,0.12039058785665135,5
BuzziUnicem,H4,MeanReversion,"window=50,z=1.5",0.20118646215029878,0.5126452494873548,0.09731229261450507,1.0344010036023066,1505,True,5,0.31612310842434344,5
BuzziUnicem,H4,MeanReversion,"window=100,z=1.5",0.1757277058071658,0.5103021978021978,0.08236059976072097,1.029489404704458,1494,True,5,0.3623162365170518,5
BuzziUnicem,H4,MeanReversion,"window=20,z=1.75",-0.22687301690639572,0.49385474860335193,-0.13499285031438113,0.941964118732052,922,True,4,0.06716399437257581,5
BuzziUnicem,H4,MeanReversion,"window=50,z=1.75",0.4548037932304889,0.5161616161616162,0.26293050997486134,1.1183119855014907,1018,True,4,0.31658519971875465,5
BuzziUnicem,H4,MeanReversion,"window=100,z=1.75",0.22941002868746263,0.5068359375,0.12515624250094343,1.0542216689962691,1050,True,5,0.2516083173146789,5
BuzziUnicem,H4,MeanReversion,"window=50,z=2.0",-0.10248562698783259,0.5007776049766719,-0.07938613155735104,0.9612850007576949,661,True,5,0.2168414759408701,5
BuzziUnicem,H4,MeanReversion,"window=100,z=2.0",0.15042182345964972,0.5068285280728376,0.1068114085575363,1.0562069537358283,678,True,4,0.1638090808646554,5
BuzziUnicem,H4,MeanReversion,"window=50,z=2.25",-0.33588903256826363,0.46851385390428213,-0.31925390601596004,0.8143294735319355,409,True,5,0.11095177948927659,5
BuzziUnicem,H4,MeanReversion,"window=100,z=2.25",0.12659557450181913,0.5087719298245614,0.11526787597096644,1.075008595267733,411,True,4,0.12859462239167996,5
BuzziUnicem,H4,MeanReversion,"window=50,z=2.5",-0.2808840642484567,0.4605263157894737,-0.3358717574136422,0.7501395188733169,235,True,4,0.09017747691317779,5
BuzziUnicem,H4,MeanReversion,"window=50,z=2.75",-0.14353508151978556,0.44776119402985076,-0.2251557926526003,0.7886170584401201,140,True,4,0.07195935789989827,5
BuzziUnicem,H4,TrendFollowing,"fast=34,slow=89",-0.8700256506808335,0.4898885678910442,-0.23047649222503616,0.957225430229799,4999,True,4,0.3226250303003656,5
BuzziUnicem,H4,TrendFollowing,"fast=50,slow=200",-0.1624671953821002,0.49546017333883613,-0.04303443257872225,0.99187095317635,4999,True,4,0.45694061106717,5
CNHIndustrial,H1,VolatilityExpansion,"ema=20,mult=2.5",-0.03789211236291423,0.49852507374631266,-0.06347730983698723,0.9650581199462821,354,True,5,0.09887724164580247,5
CNHIndustrial,H1,VolatilityExpansion,"ema=20,mult=3.0",0.05667691648798012,0.5441860465116279,0.11238629277378634,1.0834500203785409,222,True,4,0.0780406373355308,5
CNHIndustrial,M15,TrendFollowing,"fast=5,slow=20",-0.0830636178909211,0.49703158394680597,-0.061637543560502446,0.986717307459948,4999,True,4,0.10959807432836133,5
CNHIndustrial,M15,TrendFollowing,"fast=8,slow=21",0.09531152671480159,0.49916884350510565,0.0707263005660584,1.0154617694203245,4999,True,4,0.1660664696541132,5
CNHIndustrial,M15,TrendFollowing,"fast=10,slow=30",0.15865842350529713,0.4984564236523391,0.11773518920928797,1.0258710547847596,4999,True,4,0.2346266844213285,5
CNHIndustrial,M15,TrendFollowing,"fast=13,slow=34",0.045011343613304056,0.49869389693659466,0.03340059038969258,1.0072722274630754,4999,True,4,0.25523284661502355,5
CNHIndustrial,M15,TrendFollowing,"fast=21,slow=55",0.09449366695827688,0.5008311564948943,0.07011939255971471,1.01532807651391,4999,True,5,0.2905743290669769,5
CNHIndustrial,M15,VolatilityExpansion,"ema=20,mult=3.0",0.03305194628906305,0.4904632152588556,0.07874178512937999,1.0498377900251936,415,True,4,0.0373868553379082,5
CNHIndustrial,M15,VolatilityExpansion,"ema=20,mult=3.5",0.007186835580484829,0.4930232558139535,0.020251192437269683,1.0164021248509583,243,True,4,0.057768564001562495,5
CompagnieGenerale,H1,MeanReversion,"window=20,z=1.5",0.39357977534446953,0.5118110236220472,0.45276151186469926,1.2307982173784928,1317,True,5,0.1492946766701302,5
CompagnieGenerale,H1,MeanReversion,"window=50,z=1.5",0.2948912789570248,0.5160866710439921,0.33673596864235555,1.1412004762180314,1586,True,4,0.08083730807979894,5
CompagnieGenerale,H1,MeanReversion,"window=20,z=1.75",0.25343172252654933,0.5065554231227652,0.43471584313132966,1.2262079118698475,863,True,5,0.12170519671574831,5
CompagnieGenerale,H1,MeanReversion,"window=50,z=1.75",0.24056652665223133,0.5271398747390397,0.31356095837254955,1.1746606257440582,990,True,5,0.12122425595005448,5
CompagnieGenerale,H1,MeanReversion,"window=50,z=2.0",0.26027161765099605,0.5254237288135594,0.5319268843395428,1.3304229967400802,608,True,5,0.11942292531199272,5
CompagnieGenerale,H1,MeanReversion,"window=100,z=2.0",0.1891497022237234,0.5241057542768274,0.27840973098867217,1.1919929837420116,671,True,4,0.036269459568165185,5
CompagnieGenerale,H1,MeanReversion,"window=50,z=2.25",0.11365146622154731,0.5096952908587258,0.26690671507553526,1.2071968303229743,372,True,5,0.04654563574441417,5
CompagnieGenerale,H1,MeanReversion,"window=100,z=2.25",0.05241532924168768,0.5186104218362283,0.08379527123737666,1.072875961805353,419,True,4,0.032106855996316463,5
CompagnieGenerale,H1,MeanReversion,"window=100,z=2.5",-0.09630561464402154,0.49193548387096775,-0.17191059012244264,0.8213678930039782,256,True,4,0.02268736592633347,5
CompagnieGenerale,H1,MeanReversion,"window=50,z=2.75",0.1039716300009128,0.5596330275229358,0.32331898532440045,1.5786285476884483,111,True,4,0.018837636961765547,5
CompagnieGenerale,H1,MeanReversion,"window=100,z=2.75",0.027558130740516273,0.5212121212121212,0.08929212460618557,1.0905895185325356,170,True,4,0.015094230462253777,5
CompagnieGenerale,H1,TrendFollowing,"fast=50,slow=200",-0.09689087788579542,0.4988467183895995,-0.0667586759501805,0.9860815500649543,4999,True,4,0.15948914622884447,5
CompagnieGenerale,H4,MeanReversion,"window=20,z=1.75",0.6850390327644368,0.5520716685330347,0.5005655568516567,1.2518737177953823,900,True,4,0.04318894362360526,5
CompagnieGenerale,H4,MeanReversion,"window=20,z=2.0",0.6451491888382784,0.5867446393762183,0.6228185078534155,1.436496919227993,517,True,5,0.09473954941910145,5
CompagnieGenerale,H4,MeanReversion,"window=50,z=2.25",0.1722910481322163,0.5437665782493368,0.2122015565681368,1.1519785997697656,385,True,4,0.06759738192672138,5
CompagnieGenerale,H4,MeanReversion,"window=100,z=2.25",-0.04267799067774114,0.5032397408207343,-0.03969009025123384,0.9749946166605771,478,True,4,0.01671322164339928,5
CompagnieGenerale,M15,MeanReversion,"window=20,z=1.5",-0.002358123931377021,0.5008,-0.006527928402953584,0.9976107618579955,1381,True,4,0.017858075768006798,5
CompagnieGenerale,M15,MeanReversion,"window=50,z=1.75",0.06796132065811211,0.5099337748344371,0.21608776722934436,1.1020681898092246,1000,True,4,0.05380586249039343,5
CompagnieGenerale,M15,MeanReversion,"window=100,z=2.25",0.0622691688421152,0.49712643678160917,0.2562402720880757,1.2227247233823395,376,True,4,0.05226222623545351,5
CompagnieGenerale,M15,MeanReversion,"window=20,z=2.5",0.012260405718067635,0.5294117647058824,0.06436422196246917,1.0692751184152527,196,True,4,0.03524318445973185,5
CompagnieGenerale,M15,MeanReversion,"window=50,z=2.5",0.039960136995751405,0.5406698564593302,0.24221130301888713,1.2294270042056967,219,True,5,0.04912958672416645,5
CompagnieGenerale,M15,TrendFollowing,"fast=21,slow=55",0.09441819644070226,0.5001115324559446,0.12479069978774401,1.0292205074509406,4999,True,4,0.2298470355440233,5
CompagnieGenerale,M15,TrendFollowing,"fast=34,slow=89",0.1163028453561914,0.5016729868391702,0.15371767343733034,1.036115663292627,4999,True,4,0.23955021807751253,5
CompagnieGenerale,M15,TrendFollowing,"fast=50,slow=200",0.06983104986954247,0.49475797457060006,0.0922930527533757,1.021529375813862,4999,True,4,0.23868439082839255,5
CompagnieGenerale,M15,VolatilityExpansion,"ema=50,mult=1.5",0.0033214666007468363,0.4871987951807229,0.005178678084653358,1.001667158334632,2950,True,4,0.09186012280407363,5
CompagniedeSaintGobain,H1,VolatilityExpansion,"ema=20,mult=3.0",0.17065502235716,0.5,0.36306563470201497,1.310608938471082,306,True,4,0.07419961682405118,5
CompagniedeSaintGobain,H4,MeanReversion,"window=20,z=1.5",-0.3568715399011281,0.5113475177304965,-0.1626038870073454,0.9408459069747163,1421,True,4,0.20728122585250053,5
CompagniedeSaintGobain,H4,MeanReversion,"window=100,z=1.5",-0.4720280587061614,0.48613797549967763,-0.1939540974059312,0.9306719335397228,1564,True,4,0.24466588405561518,5
CompagniedeSaintGobain,H4,MeanReversion,"window=20,z=1.75",-0.07519178860714104,0.519406392694064,-0.0450882709118091,0.9794759342448377,883,True,4,0.21916628328436671,5
CompagniedeSaintGobain,H4,MeanReversion,"window=50,z=1.75",-0.03667279938656054,0.5038095238095238,-0.017602570171576754,0.9920064456886813,1057,True,5,0.23816302277113233,5
CompagniedeSaintGobain,M15,MeanReversion,"window=100,z=2.25",-0.024800615935614334,0.5070028011204482,-0.07120748393189659,0.9425180532876465,362,True,4,0.014644348182747957,5
CompagniedeSaintGobain,M15,TrendFollowing,"fast=5,slow=20",0.25127715504347214,0.5033855268726195,0.2805084939839127,1.0593071517455777,4999,True,4,0.2069365767035709,5
CompagniedeSaintGobain,M15,TrendFollowing,"fast=8,slow=21",0.24481786226927216,0.5071942446043165,0.27329561898116905,1.0577385985956285,4999,True,4,0.15398523442274303,5
CompagniedeSaintGobain,M15,TrendFollowing,"fast=10,slow=30",0.09095639882819284,0.5067710537452391,0.10152367849925913,1.0210691670822343,4999,True,4,0.03426279158812284,5
CompagniedeSaintGobain,M15,VolatilityExpansion,"ema=20,mult=2.0",0.14602121158683823,0.5097236438075742,0.29314461939401076,1.1424959709441231,1013,True,4,0.1422658897400535,5
CompagniedeSaintGobain,M15,VolatilityExpansion,"ema=20,mult=2.5",0.048811912354236764,0.5121951219512195,0.12814718143621254,1.0726905548998844,595,True,4,0.05932101023733438,5
CorticeiraAmorim,H1,MeanReversion,"window=20,z=1.5",2.954795869437814,0.6492622020431328,2.5356800681718306,3.335172774524283,1054,True,5,0.8702373243460471,5
CorticeiraAmorim,H1,MeanReversion,"window=50,z=1.5",2.3036379685977098,0.6023856858846919,1.968493987516933,2.3402160037576905,1246,True,5,0.7476785052922844,5
CorticeiraAmorim,H1,MeanReversion,"window=100,z=1.5",2.1525248015312215,0.586565752128666,1.8448226263645509,2.1266367423220625,1324,True,5,0.5206802265194186,5
CorticeiraAmorim,H1,MeanReversion,"window=20,z=1.75",2.5123549480859184,0.677257525083612,2.4798884872378304,4.184695327386408,694,True,5,0.7360511468150884,5
CorticeiraAmorim,H1,MeanReversion,"window=50,z=1.75",2.0271920365442475,0.6220588235294118,1.950936647337371,2.8232168839761553,834,True,5,0.6558662084076189,5
CorticeiraAmorim,H1,MeanReversion,"window=100,z=1.75",1.7743410675496527,0.5922459893048129,1.7411379352684313,2.348843858178108,931,True,5,0.33229449244468956,5
CorticeiraAmorim,H1,MeanReversion,"window=20,z=2.0",1.9065249552934795,0.7107231920199502,2.1806087664614036,4.832260163939753,456,True,5,0.5950860405319125,5
CorticeiraAmorim,H1,MeanReversion,"window=50,z=2.0",1.5910912651752076,0.6306695464362851,1.730488549432806,3.105298409274315,554,True,5,0.4556290685943426,5
CorticeiraAmorim,H1,MeanReversion,"window=100,z=2.0",1.2750109025296326,0.5801980198019802,1.4474883399667744,2.420843583856188,620,True,4,0.2397741611532821,5
CorticeiraAmorim,H1,MeanReversion,"window=20,z=2.25",1.4392079416105337,0.7396694214876033,1.8911221783857215,6.053329488319605,276,True,5,0.40847549144425455,5
CorticeiraAmorim,H1,MeanReversion,"window=50,z=2.25",1.2554561989438593,0.6461038961038961,1.5375917317191947,3.4177432781620616,368,True,5,0.40863495340705724,5
CorticeiraAmorim,H1,MeanReversion,"window=20,z=2.5",1.0240343761974333,0.7651515151515151,1.6383378292675763,10.021687761339386,153,True,5,0.2779614864187361,5
CorticeiraAmorim,H1,MeanReversion,"window=50,z=2.5",1.087304150530543,0.7165775401069518,1.697796895076471,6.622717134224514,215,True,4,0.28054766087604466,5
CorticeiraAmorim,H4,MeanReversion,"window=20,z=1.5",4.232073039437513,0.6166077738515902,2.25905283660434,2.33216773283437,1240,True,5,1.2414021618329327,5
CorticeiraAmorim,H4,MeanReversion,"window=50,z=1.5",2.7876641035155725,0.5699523052464229,1.417996143336396,1.6497973942044641,1381,True,5,0.8586251215611912,5
CorticeiraAmorim,H4,MeanReversion,"window=100,z=1.5",2.2916886701818577,0.5507575757575758,1.1911577096829993,1.5029546051885716,1446,True,4,0.65202406214852,5
CorticeiraAmorim,H4,MeanReversion,"window=20,z=1.75",3.077617533537428,0.6300653594771242,1.9080037137232053,2.434771608482738,822,True,5,0.8304505892830113,5
CorticeiraAmorim,H4,MeanReversion,"window=50,z=1.75",2.13571725934438,0.5745164960182025,1.254017050215558,1.6975581319459814,955,True,4,0.5586928219809284,5
CorticeiraAmorim,H4,MeanReversion,"window=100,z=1.75",1.666928116470027,0.5583596214511041,1.006712432533717,1.5062746842764967,1046,True,4,0.4225500896838781,5
CorticeiraAmorim,H4,MeanReversion,"window=20,z=2.0",1.9525581140357309,0.6437768240343348,1.5100656652368218,2.458800314777195,497,True,5,0.5514767900155214,5
CorticeiraAmorim,H4,MeanReversion,"window=50,z=2.0",1.6510945708076021,0.5846422338568935,1.1839172951699044,1.8707171361515462,620,True,4,0.3366334230781959,5
CorticeiraAmorim,H4,MeanReversion,"window=100,z=2.0",0.8579300441999534,0.5609756097560976,0.6305797200452743,1.3728710747906194,678,True,4,0.3657885607983623,5
CorticeiraAmorim,H4,MeanReversion,"window=20,z=2.25",1.2455111450104943,0.6653992395437263,1.2311772428042085,2.621905609019766,284,True,4,0.33960050138759046,5
CorticeiraAmorim,H4,MeanReversion,"window=50,z=2.25",1.2583371600361037,0.5942408376963351,1.0709694030916264,2.0082631443690353,407,True,4,0.24882336104744218,5
CorticeiraAmorim,H4,MeanReversion,"window=20,z=2.5",0.6903961919151514,0.6642335766423357,0.9276339469581993,2.7536531565886455,144,True,5,0.20718153171015652,5
CorticeiraAmorim,H4,TrendFollowing,"fast=34,slow=89",0.2396161567559909,0.5005510249063257,0.06955019772095893,1.0126954053773476,4999,True,4,0.19133633115921223,5
CorticeiraAmorim,H4,TrendFollowing,"fast=50,slow=200",-0.11971722134357177,0.49900815516861363,-0.0347484766923247,0.9937169206787664,4999,True,4,0.029374652867554252,5
CorticeiraAmorim,M15,MeanReversion,"window=20,z=1.5",1.651432233621868,0.7133858267716535,2.4209483687460085,4.161030987715193,1085,True,5,0.418340859993683,5
CorticeiraAmorim,M15,MeanReversion,"window=50,z=1.5",1.377036005728106,0.6512667660208644,2.0149411604719787,2.940837461199224,1154,True,5,0.3178717334444907,5
CorticeiraAmorim,M15,MeanReversion,"window=20,z=1.75",1.3980596408086496,0.73568281938326,2.2222129229859364,4.880818831076539,736,True,5,0.37457051671938313,5
CorticeiraAmorim,M15,MeanReversion,"window=50,z=1.75",1.2424750369321136,0.6865671641791045,2.022949574365948,3.834082968001796,787,True,5,0.352002533402229,5
CorticeiraAmorim,M15,MeanReversion,"window=20,z=2.0",1.1161889921928076,0.7572815533980582,1.9773177097111656,5.80229467980415,486,True,5,0.3328540226712331,5
CorticeiraAmorim,M15,MeanReversion,"window=50,z=2.0",1.0989739602620674,0.7241379310344828,1.9558276589389012,5.205789738039522,513,True,5,0.28211290581861603,5
CorticeiraAmorim,M15,MeanReversion,"window=20,z=2.25",0.7807230665224513,0.7317073170731707,1.5534923063328723,5.157035846502693,313,True,5,0.24763187355094884,5
CorticeiraAmorim,M15,MeanReversion,"window=50,z=2.25",0.890218655688064,0.729064039408867,1.7219614853417453,6.705091324905317,322,True,5,0.23458895141156122,5
CorticeiraAmorim,M15,MeanReversion,"window=50,z=2.5",0.7203992841597304,0.7318840579710145,1.5164047406568912,7.781061672178651,207,True,4,0.18202051220390514,5
CorticeiraAmorim,M15,TrendFollowing,"fast=50,slow=200",0.06620302477741458,0.50767987065481,0.060163707882444295,1.0162630708768623,4996,True,4,0.05516600057828558,5
DavideCampari,H1,MeanReversion,"window=20,z=1.5",0.19562031180402262,0.5189274447949527,0.1911701597526888,1.0781642295747265,1314,True,4,0.14204445839688196,5
DavideCampari,H1,MeanReversion,"window=50,z=1.5",0.25238494284741153,0.48329779673063256,0.20283299659906842,1.085436804003513,1454,True,5,0.19887490395397878,5
DavideCampari,H1,MeanReversion,"window=100,z=1.5",0.2691078257872258,0.48524118070554356,0.21275611271804196,1.092410404895952,1437,True,4,0.19029238239144974,5
DavideCampari,H1,MeanReversion,"window=20,z=1.75",0.029092529773912856,0.5193026151930261,0.033744831994306765,1.0172546124192605,830,True,4,0.13245428703455842,5
DavideCampari,H1,MeanReversion,"window=50,z=1.75",0.3895245491275625,0.494028230184582,0.3818639782607342,1.2078538207478742,946,True,4,0.1709690355966943,5
DavideCampari,H1,MeanReversion,"window=100,z=1.75",0.12661874154159636,0.47335423197492166,0.11969933002769469,1.059561845998784,994,True,5,0.19244893165245647,5
DavideCampari,H1,MeanReversion,"window=100,z=2.0",0.0601660419059552,0.4603960396039604,0.06236832293719023,1.0396234821983328,625,True,4,0.15659811995767337,5
DavideCampari,H1,MeanReversion,"window=50,z=2.25",0.10775412920109972,0.4879518072289157,0.18252003161622027,1.140873640455929,343,True,4,0.04982891584354732,5
DavideCampari,H1,MeanReversion,"window=100,z=2.25",0.088660449514266,0.48118279569892475,0.12764374036824003,1.095626822876994,381,True,4,0.03110747793084212,5
DavideCampari,H1,MeanReversion,"window=50,z=2.5",0.031548198440344954,0.47317073170731705,0.06449285335223809,1.0608064051876092,211,True,4,0.049954178922009485,5
DavideCampari,H4,MeanReversion,"window=100,z=1.5",0.28589006143165985,0.4866581956797967,0.1544968858751405,1.0529217802652062,1614,True,4,0.11236650501897993,5
DavideCampari,H4,MeanReversion,"window=20,z=1.75",0.612652515709313,0.5027624309392266,0.41953599836072675,1.2059013373264869,933,True,4,0.14667081896642586,5
DavideCampari,H4,MeanReversion,"window=100,z=1.75",0.2674391679533872,0.48996350364963503,0.1646200188509449,1.0695018926911832,1126,True,4,0.021565237989797814,5
DavideCampari,H4,MeanReversion,"window=20,z=2.25",0.1169415711021089,0.5016835016835017,0.15095563916756186,1.116347725847429,302,True,4,0.058749477183004495,5
DavideCampari,H4,TrendFollowing,"fast=50,slow=200",0.2557427759305648,0.5053278688524591,0.0780684509215903,1.0149281723371766,4999,True,4,0.5737850968020171,5
DavideCampari,M15,MeanReversion,"window=100,z=2.5",-0.07300345186695878,0.43891402714932126,-0.28233437845194115,0.7936137186354851,234,True,4,0.02498397809669084,5
DavideCampari,M15,VolatilityExpansion,"ema=20,mult=1.5",0.1370836900082959,0.5201465201465202,0.21128478852197546,1.0753688502757555,1749,True,4,0.12730181880286262,5
DirectLine,H1,MeanReversion,"window=20,z=1.5",0.8993170911488589,0.5601659751037344,0.5654302946983615,1.3522851819492223,1356,True,5,0.48298467568617265,5
DirectLine,H1,MeanReversion,"window=50,z=1.5",0.501253647112768,0.5309842041312273,0.2985226668228729,1.1570962261964293,1524,True,4,0.2921352867162462,5
DirectLine,H1,MeanReversion,"window=100,z=1.5",0.25325438125278654,0.5046082949308756,0.15064726324566602,1.073142939480374,1586,True,4,0.2275906855406814,5
DirectLine,H1,MeanReversion,"window=20,z=1.75",0.8739812444623339,0.5925925925925926,0.5932503780701457,1.5169629029435516,874,True,5,0.48391050817763925,5
DirectLine,H1,MeanReversion,"window=50,z=1.75",0.20342564439382382,0.5129533678756477,0.14250934027930426,1.0861504490608167,1025,True,4,0.1790317683229562,5
DirectLine,H1,MeanReversion,"window=100,z=1.75",0.20001515498955014,0.5031152647975078,0.12585813731693068,1.0742801887353748,1139,True,5,0.21301318352452214,5
DirectLine,H1,MeanReversion,"window=20,z=2.0",0.6771744770069721,0.6145833333333334,0.5556707088838171,1.6848815137710091,511,True,5,0.3889123210521608,5
DirectLine,H1,MeanReversion,"window=50,z=2.0",0.341725556892881,0.5390625,0.2629783330953584,1.2190328757024238,652,True,4,0.24158295968319976,5
DirectLine,H1,MeanReversion,"window=100,z=2.0",0.21970916038248844,0.5056689342403629,0.14957713187842525,1.1150237425772067,756,True,5,0.28626878796630517,5
DirectLine,H1,MeanReversion,"window=20,z=2.25",0.49767198959561,0.6121212121212121,0.4326770497714535,1.7798729480785103,277,True,5,0.3420654108250889,5
DirectLine,H4,MeanReversion,"window=20,z=1.5",0.2771257040347158,0.49523809523809526,0.11376557544336201,1.0498043370186247,1534,True,4,0.34818581137745475,5
DirectLine,H4,MeanReversion,"window=100,z=2.0",-0.48400707065837,0.472636815920398,-0.2270159048355064,0.8653981481812497,759,True,4,0.2868249773009838,5
DirectLine,H4,MeanReversion,"window=100,z=2.25",-0.13203167207890232,0.4630071599045346,-0.06827622018756396,0.9468774988362699,520,True,4,0.19889419879139547,5
DirectLine,H4,VolatilityExpansion,"ema=50,mult=3.0",0.012498378190372028,0.5048543689320388,0.006964451100162068,1.002851299169813,1237,True,4,0.09300037438227782,5
DirectLine,H4,VolatilityExpansion,"ema=50,mult=3.5",0.01667724395468062,0.5,0.010676107998464664,1.0053222644593602,872,True,4,0.1437009406169718,5
DirectLine,M15,MeanReversion,"window=20,z=1.5",1.116357560371339,0.7976470588235294,2.108433787430574,3.6654676140006512,1190,True,5,0.23925982538914692,5
DirectLine,M15,MeanReversion,"window=50,z=1.5",0.8852232432264648,0.7231121281464531,1.7384150347744975,2.721665243817569,1343,True,4,0.16724788789642597,5
DirectLine,M15,MeanReversion,"window=20,z=1.75",0.8604004675445188,0.8095238095238095,1.775618475908582,3.7183232314691286,832,True,5,0.22624408993057255,5
DirectLine,M15,MeanReversion,"window=50,z=1.75",0.7358880191961087,0.7445482866043613,1.5454471839862556,2.989006871090204,906,True,4,0.13815861494323745,5
DirectLine,M15,MeanReversion,"window=20,z=2.0",0.6369082788829282,0.8122270742358079,1.4053516435105378,3.520732281328363,574,True,5,0.16682870993874832,5
DirectLine,M15,MeanReversion,"window=50,z=2.0",0.596485402439189,0.7757009345794392,1.5108957590782468,3.9158951698936293,582,True,4,0.1101892983416084,5
DirectLine,M15,MeanReversion,"window=20,z=2.25",0.42254490226823227,0.7828947368421053,0.9922152203275686,3.017461639228491,383,True,5,0.10679032065940675,5
DirectLine,M15,MeanReversion,"window=20,z=2.5",0.30633989001573425,0.75,0.8110625394532599,2.9956517077666094,258,True,4,0.0680608847587022,5
DirectLine,M15,MeanReversion,"window=20,z=2.75",0.2170037784783565,0.6933333333333334,0.5923810337483553,2.521072774173512,186,True,4,0.05362751439561286,5
EDPRenovaveis,H1,MeanReversion,"window=50,z=2.25",0.01634899291843872,0.5257731958762887,0.018719121867704688,1.0141587355561543,405,True,4,0.1425575904726586,5
EDPRenovaveis,H1,MeanReversion,"window=50,z=2.5",0.11314200148908105,0.519650655021834,0.2536332369602569,1.2236832463504412,237,True,5,0.13129624579319155,5
EDPRenovaveis,H1,MeanReversion,"window=100,z=2.5",-0.19563888287118836,0.48132780082987553,-0.25489829114679274,0.7778678435289467,251,True,4,0.04980811763444071,5
EDPRenovaveis,H4,MeanReversion,"window=20,z=1.5",0.6921458122957761,0.520863309352518,0.28834607591034456,1.1003845662992717,1449,True,4,0.3922403617622966,5
EDPRenovaveis,H4,MeanReversion,"window=50,z=1.5",0.3049090555669375,0.5137551581843192,0.11818180582548514,1.0399739023279706,1509,True,4,0.07918350961071041,5
EDPRenovaveis,H4,MeanReversion,"window=100,z=1.5",0.19472843574687848,0.5129993658845909,0.07375123617790803,1.023535142679565,1627,True,4,0.1740428992095685,5
EDPRenovaveis,H4,MeanReversion,"window=20,z=1.75",0.43040780955838853,0.5210810810810811,0.22455316570028303,1.0947363445675997,960,True,4,0.4426959499042782,5
EDPRenovaveis,H4,MeanReversion,"window=50,z=1.75",0.6150005784277528,0.5242914979757085,0.2749215021472594,1.1178114018520813,1032,True,4,0.1119788523253934,5
EDPRenovaveis,H4,MeanReversion,"window=20,z=2.25",0.3228003967591335,0.5353846153846153,0.24664938525939864,1.1910477419347787,333,True,4,0.2330657522812416,5
EDPRenovaveis,H4,TrendFollowing,"fast=13,slow=34",0.6852250146265859,0.5017682546286665,0.16458196003494452,1.0299329145306273,4999,True,4,0.21709957641707212,5
EDPRenovaveis,M15,MeanReversion,"window=50,z=1.75",0.26449054943836037,0.5602649006622517,0.47045197586376153,1.2678465082445682,882,True,4,0.04169784672313881,5
EDPRenovaveis,M15,MeanReversion,"window=50,z=2.0",0.22567625235319455,0.5582959641255605,0.5302734880366712,1.3847669568735654,503,True,4,0.033435377136598166,5
EDPRenovaveis,M15,TrendFollowing,"fast=5,slow=20",-0.05228712989109707,0.4983420180009474,-0.047588886004092,0.9904583600235279,4999,True,4,0.09785697855798414,5
ETHUSD,H1,MeanReversion,"window=50,z=1.5",-0.045453867101279744,0.5401030169242089,-0.03914911332222175,0.9866947525039841,1360,True,5,0.3739991130519129,5
ETHUSD,H1,MeanReversion,"window=100,z=1.5",-0.4749666197179525,0.518491124260355,-0.37489657654309416,0.8767829562481843,1353,True,5,0.2242072274532616,5
ETHUSD,H1,MeanReversion,"window=20,z=1.75",-0.17761553137397312,0.5614035087719298,-0.18600759171467562,0.9191322977011409,797,True,4,0.08260558849317046,5
ETHUSD,H1,MeanReversion,"window=50,z=1.75",0.005438345774721798,0.5433839479392625,0.005670458486448848,1.0023390205937457,922,True,4,0.23266472757101486,5
ETHUSD,H1,MeanReversion,"window=100,z=1.75",-0.13518466770557402,0.525,-0.13598977005466942,0.9465897441256352,960,True,5,0.16323938332704946,5
ETHUSD,H1,MeanReversion,"window=50,z=2.0",-0.10699205466622463,0.5406698564593302,-0.1319349436042509,0.9352225374368991,627,True,5,0.15818670517834976,5
ETHUSD,H1,MeanReversion,"window=100,z=2.0",-0.19108983022017312,0.5267993874425727,-0.2239896620013825,0.8947229438420001,653,True,5,0.05052893322120788,5
ETHUSD,H1,MeanReversion,"window=50,z=2.25",-0.14756367280320615,0.5467980295566502,-0.22095693179665984,0.8672031582811573,405,True,4,0.06711246063703191,5
ETHUSD,H4,TrendFollowing,"fast=34,slow=89",0.41785311734089536,0.4928985797159432,0.09287246031072786,1.0179767688356287,4999,True,4,0.668080750180998,5
ETHUSD,H4,TrendFollowing,"fast=50,slow=200",0.6441453492796244,0.49809961992398477,0.14317177590582322,1.0278478107460676,4999,True,4,0.7112298541486215,5
ETHUSD,H4,VolatilityExpansion,"ema=20,mult=1.5",0.9853093375695755,0.4837925445705024,0.3847614236627525,1.157148086039133,1233,True,4,0.360344083920645,5
ETHUSD,H4,VolatilityExpansion,"ema=20,mult=2.0",1.186842382117676,0.49646393210749645,0.5634141136296527,1.3364572716868637,706,True,4,0.46221836602606814,5
ETHUSD,H4,VolatilityExpansion,"ema=50,mult=2.5",0.8228531353288554,0.49085365853658536,0.3063636765958421,1.1222214055880837,1311,True,4,0.46233164406663796,5
ETHUSD,H4,VolatilityExpansion,"ema=50,mult=3.0",0.6544263628344718,0.4771084337349398,0.2831702820412127,1.142229867260826,829,True,4,0.2825739540680652,5
ETHUSD,H4,VolatilityExpansion,"ema=50,mult=3.5",0.6558572849228607,0.48269581056466304,0.34471553705509006,1.2196535071780317,548,True,4,0.3485590995601421,5
ETHUSD,M15,TrendFollowing,"fast=8,slow=21",-0.21958740549308475,0.4739791833466773,-0.22603006794941138,0.9558179575683952,4999,True,4,0.20845927185180713,5
ETHUSD,M15,TrendFollowing,"fast=21,slow=55",-0.15206794402121415,0.4821857485988791,-0.15652133674394658,0.9691939442180276,4999,True,4,0.15796964521552137,5
ErsteGroupBank,H1,TrendFollowing,"fast=5,slow=20",0.2219189183739093,0.5205479452054794,0.1335804242347607,1.0278608446532222,4999,True,4,0.38841019288497725,5
ErsteGroupBank,H1,TrendFollowing,"fast=8,slow=21",0.5141619018007159,0.5234984193888303,0.3095391388354954,1.0657568337718188,4999,True,4,0.3458054695300856,5
ErsteGroupBank,H1,TrendFollowing,"fast=10,slow=30",0.6216109505543185,0.5241306638566913,0.3742591766214719,1.08004863837471,4999,True,5,0.43098497860751483,5
ErsteGroupBank,H1,TrendFollowing,"fast=13,slow=34",0.5951406314050226,0.5256059009483667,0.35831363952554546,1.0765094930568633,4999,True,5,0.44466659241116324,5
ErsteGroupBank,H1,TrendFollowing,"fast=21,slow=55",0.2650285719414217,0.5245521601685985,0.15953197555222504,1.0333633373860127,4999,True,5,0.47966498935164625,5
ErsteGroupBank,H1,TrendFollowing,"fast=34,slow=89",0.07167349452514105,0.5243414120126448,0.04314130683588766,1.0089141875567391,4999,True,5,0.34301241163813834,5
ErsteGroupBank,H1,TrendFollowing,"fast=50,slow=200",0.3050952342304415,0.5258166491043204,0.1836528212075204,1.0385042661415675,4999,True,4,0.1816579909716165,5
ErsteGroupBank,H1,VolatilityExpansion,"ema=20,mult=1.5",0.36860390657626496,0.5408942202835333,0.3707775588647694,1.1252688890702545,1920,True,4,0.2509363570370081,5
ErsteGroupBank,H1,VolatilityExpansion,"ema=50,mult=1.5",0.37977610145501395,0.5347811333559552,0.2773786479674433,1.0785590565594556,3115,True,4,0.32986777600753336,5
ErsteGroupBank,H1,VolatilityExpansion,"ema=50,mult=2.0",0.24531441095244788,0.5349606950765412,0.19907524725780726,1.0615162200602979,2552,True,4,0.3371468552687674,5
ErsteGroupBank,H1,VolatilityExpansion,"ema=50,mult=2.5",0.2359289480964577,0.5353483606557377,0.20582848976433704,1.0724785465176803,2060,True,4,0.2106916778325063,5
ErsteGroupBank,H1,VolatilityExpansion,"ema=20,mult=3.0",0.18157047208089994,0.5463917525773195,0.39368202627012616,1.2947508573692976,404,True,4,0.08784880715502497,5
ErsteGroupBank,H1,VolatilityExpansion,"ema=50,mult=3.0",0.16892370230413567,0.5321831453218314,0.1856687192999545,1.0697080437344453,1591,True,4,0.18391843086376447,5
ErsteGroupBank,H4,MeanReversion,"window=50,z=2.0",-0.8084943899858288,0.4341906202723147,-0.5396400609175453,0.7543595635777148,674,True,4,0.03611540878363184,5
ErsteGroupBank,H4,TrendFollowing,"fast=5,slow=20",1.291956458814409,0.5238289205702648,0.3198671887567852,1.0643880516042132,4999,True,4,0.2779370299399051,5
ErsteGroupBank,H4,TrendFollowing,"fast=8,slow=21",1.1825493237395732,0.5232179226069247,0.29277013827395426,1.0587752203128755,4999,True,4,0.19968038500990137,5
ErsteGroupBank,H4,TrendFollowing,"fast=34,slow=89",1.298971747189983,0.5126272912423625,0.32160476996665416,1.0647489959160517,4999,True,4,0.10130002698301133,5
ErsteGroupBank,M15,MeanReversion,"window=50,z=1.5",0.04223449385734457,0.5064935064935064,0.10413251550779085,1.0354192138249598,1547,True,4,0.043065845369764544,5
ErsteGroupBank,M15,MeanReversion,"window=50,z=1.75",0.0034234648674988932,0.5011337868480725,0.010233067984475014,1.0041085114460275,1033,True,4,0.0358226113461666,5
ErsteGroupBank,M15,MeanReversion,"window=100,z=1.75",0.12442544563131885,0.5133037694013304,0.33663403031330963,1.1549917878718827,1056,True,4,0.05172316181915493,5
ErsteGroupBank,M15,MeanReversion,"window=50,z=2.25",-0.01706360469409185,0.4914772727272727,-0.07411847892415772,0.954193340827972,405,True,4,0.012220654523919627,5
ErsteGroupBank,M15,MeanReversion,"window=50,z=2.5",0.007825246808127795,0.51,0.04104018486805716,1.0359919360192305,230,True,4,0.010638175221438506,5
FlutterEntertainment,H1,MeanReversion,"window=50,z=1.5",0.18906982240044312,0.5041436464088398,0.13737694437884515,1.0559815788810427,1525,True,4,0.1532033277817202,5
FlutterEntertainment,H1,MeanReversion,"window=100,z=1.75",0.031144285732496835,0.49089165867689355,0.027555202627660973,1.0121350223488923,1096,True,4,0.10140972297604556,5
FlutterEntertainment,H1,MeanReversion,"window=20,z=2.0",0.19145797240478923,0.5293005671077504,0.2697028893415787,1.1836038998508283,553,True,4,0.10513314818442387,5
FlutterEntertainment,H1,MeanReversion,"window=20,z=2.5",0.12888045239142532,0.5833333333333334,0.3255193718268425,1.471913380702659,163,True,4,0.06991378519844216,5
FlutterEntertainment,H1,MeanReversion,"window=50,z=2.5",0.064237385244586,0.5353982300884956,0.1434107807779274,1.1306924072027251,233,True,5,0.07008448002653467,5
FlutterEntertainment,H1,MeanReversion,"window=100,z=2.75",-0.12838391783220138,0.47058823529411764,-0.2698401954193299,0.7553641348443026,163,True,4,0.054249874338315296,5
FlutterEntertainment,H4,MeanReversion,"window=20,z=2.0",0.21509222933532168,0.5096153846153846,0.14391549182752275,1.0769229082160805,628,True,4,0.024036688553333407,5
FlutterEntertainment,H4,MeanReversion,"window=50,z=2.5",-0.025431666230153804,0.5182186234817814,-0.019284390049006544,0.9835936576240983,248,True,4,0.08125729398164183,5
FlutterEntertainment,H4,TrendFollowing,"fast=50,slow=200",0.829371378026781,0.5012155591572123,0.18782141703262048,1.0363870045761499,4999,True,4,0.5905393628020102,5
FlutterEntertainment,M15,MeanReversion,"window=100,z=1.5",0.010972629637928444,0.5,0.015523776210973197,1.0065957183440055,1500,True,4,0.07218881747683192,5
FlutterEntertainment,M15,MeanReversion,"window=50,z=1.75",-0.10103195112584806,0.5016393442622951,-0.1747191788483907,0.9184468504944627,1037,True,4,0.041351121697985604,5
FlutterEntertainment,M15,MeanReversion,"window=50,z=2.0",-0.015485318841890972,0.5265017667844523,-0.03354764033271294,0.9802839324485951,648,True,5,0.08420710316050883,5
FlutterEntertainment,M15,MeanReversion,"window=50,z=2.25",-0.07755481482323956,0.5056179775280899,-0.19896543534673777,0.8603137504309126,402,True,4,0.04080330498876206,5
FlutterEntertainment,M15,MeanReversion,"window=50,z=2.5",-0.04892511457640558,0.5023255813953489,-0.15334560744135914,0.8643201518976686,240,True,4,0.024992819752603812,5
FlutterEntertainment,M15,VolatilityExpansion,"ema=20,mult=1.5",0.08884939595410712,0.48224195338512765,0.10526159678557649,1.0373593286541753,2019,True,4,0.13608588261615928,5
FlutterEntertainment,M15,VolatilityExpansion,"ema=20,mult=2.0",0.13494080067925496,0.4913863822805578,0.18634186663783736,1.0819074092496659,1351,True,4,0.09862309208606679,5
FreseniusMedical,H1,MeanReversion,"window=20,z=1.5",-0.05517131122342167,0.5036549707602339,-0.046219890680404954,0.9815744561720514,1407,True,4,0.040783675985127665,5
FreseniusMedical,H1,MeanReversion,"window=50,z=1.5",-0.05777108464951264,0.5140646976090014,-0.04581581129341408,0.9816349939656934,1468,True,4,0.09388705101730754,5
FreseniusMedical,H1,MeanReversion,"window=20,z=1.75",0.09937832295750837,0.5157657657657657,0.10539347745477522,1.0530161637869409,913,True,4,0.05994951457315889,5
FreseniusMedical,H1,MeanReversion,"window=50,z=1.75",-0.10091200963933922,0.5036269430051813,-0.09270179432837967,0.9556609767534663,995,True,4,0.09721571808529772,5
FreseniusMedical,H1,MeanReversion,"window=100,z=1.75",-0.05890118985056492,0.50814332247557,-0.057244181752430935,0.9725867740678519,950,True,4,0.03444596734005212,5
FreseniusMedical,H1,MeanReversion,"window=50,z=2.0",-0.1294695749585275,0.5007824726134585,-0.14604020546733315,0.9181565966513988,656,True,4,0.09256544350459606,5
FreseniusMedical,H1,MeanReversion,"window=20,z=2.75",0.06343187708481235,0.5520833333333334,0.1911204674120867,1.2935992392053643,95,True,4,0.03642106082571461,5
FreseniusMedical,H1,MeanReversion,"window=50,z=2.75",-0.025055181465790333,0.5076923076923077,-0.05268576145971031,0.9354270051004463,129,True,4,0.06410465489567463,5
FreseniusMedical,H4,MeanReversion,"window=20,z=1.5",0.3694298250972603,0.531578947368421,0.1805838939736376,1.0709530407137702,1360,True,4,0.3429550425411223,5
FreseniusMedical,H4,MeanReversion,"window=50,z=1.5",-0.21379676290881522,0.49485949280328995,-0.10264636981845413,0.9636291099468313,1486,True,4,0.17757757638965044,5
FreseniusMedical,H4,MeanReversion,"window=50,z=1.75",-0.46689111812121964,0.4907497565725414,-0.25616970682550405,0.8945651515599646,1050,True,4,0.19114288302116667,5
FreseniusMedical,H4,MeanReversion,"window=20,z=2.0",0.1723893863643342,0.5414258188824663,0.14855944298251872,1.0875603290389408,529,True,4,0.16468077806732995,5
FreseniusMedical,H4,MeanReversion,"window=50,z=2.0",-0.07037518119198372,0.5158371040723982,-0.048768903870131344,0.975032898320467,682,True,4,0.17096250999906226,5
FreseniusMedical,H4,MeanReversion,"window=50,z=2.25",-0.04886325615419285,0.5177664974619289,-0.040641980452342324,0.971803701158389,407,True,4,0.15717206107901338,5
FreseniusMedical,H4,MeanReversion,"window=100,z=2.25",-0.19564737720701764,0.4911894273127753,-0.15245629228826743,0.9048582854958461,464,True,5,0.18259892350471374,5
FreseniusMedical,H4,MeanReversion,"window=50,z=2.5",-0.037372186712394506,0.5088495575221239,-0.036119090992871465,0.9667253374035405,234,True,4,0.10023752486363002,5
FreseniusMedical,M15,MeanReversion,"window=20,z=1.5",0.06513304809911702,0.5442011354420113,0.12007905581907959,1.0553045612589378,1302,True,5,0.12636326278974896,5
FreseniusMedical,M15,MeanReversion,"window=20,z=1.75",-0.04120017825997324,0.5465538089480049,-0.10143334499423518,0.9503740713213601,870,True,4,0.027887587322174112,5
GalpEnergia,H1,MeanReversion,"window=50,z=1.75",0.3440864366528159,0.5289169295478444,0.3137757230165313,1.1777179726115554,977,True,4,0.08569309311529161,5
GalpEnergia,H1,MeanReversion,"window=100,z=1.75",0.15226923731505382,0.5021186440677966,0.15312323384798845,1.0764973214169329,970,True,4,0.02553141887675059,5
GalpEnergia,H1,MeanReversion,"window=50,z=2.0",0.20252295284235178,0.5291181364392679,0.202286880376076,1.1466585274334604,617,True,4,0.11002012094777547,5
GalpEnergia,H1,MeanReversion,"window=50,z=2.25",0.096013389876629,0.5412087912087912,0.10847107280829694,1.1080360851221756,371,True,4,0.08913559974023766,5
GalpEnergia,H1,MeanReversion,"window=20,z=2.5",0.21608661485966574,0.5125,0.3859659739104157,1.7033532844681598,163,True,4,0.19544159398622418,5
GalpEnergia,H1,MeanReversion,"window=20,z=2.75",0.22830240496269338,0.5393258426966292,0.4362380354639693,2.3412905534565787,90,True,4,0.17986524042655216,5
GalpEnergia,H1,TrendFollowing,"fast=5,slow=20",-0.2726460480764965,0.5017689906347554,-0.13092455277762435,0.9706808828428307,4999,True,4,0.37042219151291444,5
GalpEnergia,H1,TrendFollowing,"fast=8,slow=21",0.41257111927017576,0.509261186264308,0.19812522423057724,1.0460631067710378,4999,True,4,0.4780842425361793,5
GalpEnergia,H1,TrendFollowing,"fast=10,slow=30",0.33601588510646097,0.513423517169615,0.16135757811878645,1.0373561527417547,4999,True,4,0.4540214672135836,5
GalpEnergia,H1,TrendFollowing,"fast=13,slow=34",0.3925589736620061,0.5117585848074921,0.1885135860024945,1.043779863548724,4999,True,4,0.4911908996793555,5
GalpEnergia,H1,TrendFollowing,"fast=21,slow=55",0.0808162659348195,0.5107180020811655,0.03880674324216198,1.0088589777050938,4999,True,4,0.29531298444174503,5
GalpEnergia,H4,MeanReversion,"window=20,z=2.0",-0.2447131852111213,0.5009074410163339,-0.1555399185508989,0.9141373620905043,557,True,4,0.08076941860823905,5
GalpEnergia,H4,TrendFollowing,"fast=10,slow=30",0.4863302507367817,0.5004066693777959,0.12214984916455483,1.0232813823778555,4999,True,4,0.38322637507517454,5
GalpEnergia,H4,TrendFollowing,"fast=13,slow=34",0.4463468232123611,0.49735664904432697,0.11210682968922367,1.0213468840717654,4999,True,4,0.3905381846877465,5
GalpEnergia,M15,MeanReversion,"window=50,z=2.25",-0.06623951198255984,0.5307262569832403,-0.142149424269378,0.8633961414056109,376,True,4,0.013203075322499314,5
GoldenOcean,H1,MeanReversion,"window=50,z=1.75",0.28678445384553675,0.5050100200400801,0.24253962224912387,1.108362973796175,1032,True,4,0.029269240706021105,5
GoldenOcean,H1,MeanReversion,"window=100,z=1.75",0.07097575598942885,0.48370044052863437,0.0545116271079977,1.0223594363852748,1171,True,4,0.12321582593553715,5
GoldenOcean,H1,MeanReversion,"window=100,z=2.0",-0.028368339941013954,0.4787234042553192,-0.024778967968865105,0.9874833466318912,774,True,4,0.0831663598552308,5
GoldenOcean,H1,MeanReversion,"window=50,z=2.25",0.13550437866252218,0.5328083989501312,0.1690042160315087,1.1223065505473373,396,True,4,0.020266966614442716,5
GoldenOcean,H4,MeanReversion,"window=20,z=1.5",-0.48365725988536556,0.5031667839549613,-0.16895754616003364,0.9459526315029356,1437,True,5,0.37520147329471465,5
GoldenOcean,H4,MeanReversion,"window=50,z=1.5",0.34533162420282426,0.5041854475209272,0.1105325433905676,1.0356468614656222,1576,True,4,0.6568498835004636,5
GoldenOcean,H4,MeanReversion,"window=100,z=1.5",1.281794268793834,0.51621271076524,0.4116069961885669,1.1434947475952721,1556,True,4,0.44612257512076137,5
GoldenOcean,H4,MeanReversion,"window=20,z=1.75",-0.4353217635539628,0.49201277955271566,-0.1837280386185758,0.927883634735358,950,True,5,0.29457226705819994,5
GoldenOcean,H4,MeanReversion,"window=50,z=1.75",0.40399960813890845,0.5089538171536286,0.15420253969061984,1.0605115653729114,1071,True,4,0.2968134889073253,5
GoldenOcean,H4,MeanReversion,"window=100,z=1.75",0.9476472233946245,0.5264207377866401,0.3808467166331814,1.1683047805589084,1011,True,4,0.47623123805516365,5
GoldenOcean,H4,MeanReversion,"window=20,z=2.0",-0.14499048064409936,0.496551724137931,-0.08354571372807154,0.9584123694389238,586,True,5,0.1940738713035255,5
GoldenOcean,H4,MeanReversion,"window=50,z=2.0",0.31228683784076017,0.5183553597650514,0.15073845187447174,1.0741812432841906,684,True,4,0.1999026450736371,5
GoldenOcean,H4,MeanReversion,"window=100,z=2.0",0.8078840029688629,0.5203389830508475,0.4118429122414769,1.2451910809177698,593,True,5,0.3653409426060026,5
GoldenOcean,H4,MeanReversion,"window=50,z=2.25",-0.2643166269355377,0.48095238095238096,-0.15852013577760135,0.9083319780491008,420,True,4,0.18211464545690603,5
GoldenOcean,H4,MeanReversion,"window=50,z=2.5",0.27500185266092825,0.5330578512396694,0.2299699304364023,1.19321911831615,242,True,5,0.36202830677227016,5
GoldenOcean,M15,MeanReversion,"window=20,z=2.25",0.3012341185384272,0.511049723756906,0.43114223351009534,1.3532288101289438,387,True,4,0.098427587991749,5
GoldenOcean,M15,MeanReversion,"window=20,z=2.5",0.23543760816098058,0.5087719298245614,0.4239416333412678,1.4731569093264605,244,True,4,0.09131594877774707,5
GoldenOcean,M15,MeanReversion,"window=20,z=2.75",0.12834651569716882,0.5071428571428571,0.3152291522923212,1.4114403560664703,145,True,4,0.022427591959360393,5
GoldenOcean,M15,MeanReversion,"window=20,z=3.0",0.06532365084673164,0.5,0.2128830112828797,1.36902286075377,77,True,4,0.016765733900758972,5
GriegSeafood,H1,MeanReversion,"window=100,z=1.5",0.6408418958960218,0.5103056147832267,0.39371405798936815,1.145954840169663,1496,True,4,0.05275759253879564,5
GriegSeafood,H1,MeanReversion,"window=20,z=2.0",0.3534439539493611,0.5134575569358178,0.3509495234772251,1.2181527476583014,497,True,4,0.06390886734403356,5
GriegSeafood,H4,MeanReversion,"window=20,z=1.75",0.45407594379334193,0.5063001145475372,0.2200217190810813,1.1036127249957122,897,True,4,0.2591207018644358,5
GriegSeafood,H4,MeanReversion,"window=20,z=2.0",-0.30639911823604893,0.4677716390423573,-0.17973320379522234,0.9005238216168829,557,True,4,0.05115098258966566,5
GriegSeafood,H4,MeanReversion,"window=20,z=2.25",-0.06784895963291426,0.49491525423728816,-0.052382047637108776,0.9582246819098985,304,True,4,0.10667666038909718,5
GriegSeafood,H4,TrendFollowing,"fast=5,slow=20",0.04920080260410875,0.5029853819229977,0.009940986700623131,1.0019896913627921,4999,True,4,0.2029524249134197,5
GriegSeafood,H4,VolatilityExpansion,"ema=50,mult=1.5",-0.12005408393633221,0.5174852652259332,-0.03366156583139353,0.9906397829006666,2618,True,4,0.28718632155146806,5
GriegSeafood,M15,MeanReversion,"window=20,z=1.5",0.5222445580146717,0.5466297322253001,0.6327459275089987,1.2817768465785855,1277,True,4,0.22633492354010898,5
GriegSeafood,M15,MeanReversion,"window=50,z=1.5",0.45338014836223994,0.5241567912488605,0.5283435396236841,1.235356772189343,1311,True,4,0.17857286363996439,5
GriegSeafood,M15,MeanReversion,"window=100,z=1.5",0.4241595771587845,0.5204991087344029,0.5069198247504914,1.2265633161715388,1341,True,5,0.15632344599706005,5
GriegSeafood,M15,MeanReversion,"window=20,z=1.75",0.4441757205343777,0.5537414965986395,0.6096551310608407,1.3379934264323896,842,True,4,0.13547311363528558,5
GriegSeafood,M15,MeanReversion,"window=50,z=1.75",0.2761586586217315,0.5307994757536042,0.3709279563884788,1.190741718030063,888,True,4,0.1192982045712152,5
GriegSeafood,M15,MeanReversion,"window=100,z=1.75",0.3748116036736652,0.5314136125654451,0.5134010581939275,1.2793927434427812,898,True,4,0.18632461163196057,5
GriegSeafood,M15,MeanReversion,"window=50,z=2.0",0.2552805433396549,0.5325443786982249,0.41732734089707285,1.2712107503422119,566,True,4,0.09555312717675568,5
GriegSeafood,M15,MeanReversion,"window=20,z=2.25",0.15476739755330393,0.5176056338028169,0.3049938878810128,1.2610617419766919,316,True,4,0.1175934343905819,5
GriegSeafood,M15,MeanReversion,"window=20,z=2.5",0.127477021682043,0.53125,0.30201827420494926,1.3600384717227887,174,True,4,0.09459381305378112,5
GriegSeafood,M15,MeanReversion,"window=20,z=2.75",0.07505214414217432,0.5567010309278351,0.20866042657116804,1.3135011849537577,101,True,4,0.10143758687699633,5
GriegSeafood,M15,MeanReversion,"window=50,z=3.0",0.0885621196485662,0.5274725274725275,0.262529671843412,1.4123244773905002,94,True,4,0.06566804901735723,5
ImperialBrands,H1,MeanReversion,"window=20,z=1.75",0.16358316520239902,0.5258103241296519,0.32350479092807927,1.1516577103031087,893,True,4,0.04125580936679407,5
ImperialBrands,H1,MeanReversion,"window=50,z=1.75",-0.012658168884291832,0.4942166140904311,-0.022995943209386575,0.9905510890759386,1029,True,4,0.026324014990610656,5
ImperialBrands,H1,MeanReversion,"window=100,z=1.75",0.06011300454544677,0.5018148820326679,0.08879847402686421,1.0397913734240938,1189,True,4,0.013916950714325749,5
ImperialBrands,H1,MeanReversion,"window=20,z=2.0",0.11128430238326903,0.5274949083503055,0.26319666026897975,1.167524892756299,523,True,4,0.045093149448657166,5
ImperialBrands,H1,MeanReversion,"window=50,z=2.0",-0.038044161581219815,0.4925619834710744,-0.07928879229048309,0.9583713863091237,654,True,4,0.01784071724913372,5
ImperialBrands,H1,MeanReversion,"window=100,z=2.0",0.14468561031409988,0.5112107623318386,0.2508934651357422,1.159884054231849,721,True,4,0.05783714285375441,5
ImperialBrands,H1,MeanReversion,"window=100,z=2.25",0.09787444757796615,0.49575070821529743,0.2519469319760647,1.1933170152196515,389,True,4,0.04726503478121602,5
ImperialBrands,H1,MeanReversion,"window=50,z=2.5",0.06841524844170022,0.5211267605633803,0.22156173924877912,1.2242597492285847,230,True,4,0.04533956497211333,5
ImperialBrands,H1,TrendFollowing,"fast=5,slow=20",0.43956331603966403,0.5091299677765844,0.3498420160943938,1.0720527722892872,4999,True,4,0.22160251570335987,5
ImperialBrands,H1,TrendFollowing,"fast=8,slow=21",0.41874833934845956,0.5183673469387755,0.33326819591694246,1.0685239017095103,4999,True,5,0.285854935850022,5
ImperialBrands,H1,TrendFollowing,"fast=10,slow=30",0.371516043459751,0.5138560687432868,0.2956636745106559,1.06056077776642,4999,True,5,0.26580953683377007,5
ImperialBrands,H1,TrendFollowing,"fast=13,slow=34",0.32755721688879424,0.5155746509129968,0.260669846147958,1.0532044315706006,4999,True,5,0.3179242964291846,5
ImperialBrands,H1,TrendFollowing,"fast=21,slow=55",0.09839254922198315,0.5063372717508056,0.07829113040811703,1.015689688783068,4999,True,5,0.18123517566376357,5
ImperialBrands,H4,MeanReversion,"window=20,z=1.5",-0.12762631569998362,0.49746560463432293,-0.08230059521570415,0.9717451945109477,1450,True,4,0.1562171602582515,5
ImperialBrands,H4,MeanReversion,"window=50,z=1.5",-0.053346532254033074,0.49274406332453824,-0.031154424987459423,0.9892815599762325,1585,True,5,0.17026667811926366,5
ImperialBrands,H4,MeanReversion,"window=50,z=1.75",0.13771120861720432,0.4952741020793951,0.10038184605137199,1.041197619004892,1103,True,4,0.14293346893669023,5
ImperialBrands,H4,MeanReversion,"window=20,z=2.0",-0.15300112820303802,0.5074906367041199,-0.14734146203575188,0.9217199006659936,557,True,5,0.15259842824982428,5
ImperialBrands,H4,MeanReversion,"window=50,z=2.0",0.0778906850753962,0.505443234836703,0.07358639717016792,1.0381464783232095,675,True,4,0.1586696072061773,5
ImperialBrands,H4,MeanReversion,"window=20,z=2.25",0.24058834062855028,0.5272108843537415,0.3215670319923276,1.2652063687020598,305,True,4,0.10016550178135963,5
ImperialBrands,H4,MeanReversion,"window=100,z=2.5",-0.02424864462165155,0.49122807017543857,-0.03592526575302119,0.9705219028151129,243,True,4,0.033097083764751845,5
ImperialBrands,H4,MeanReversion,"window=100,z=2.75",-0.07476888167121631,0.48739495798319327,-0.13885425764426174,0.8467739028721764,126,True,4,0.023942112506715185,5
ImperialBrands,H4,TrendFollowing,"fast=34,slow=89",0.14609247438819029,0.5042788561886872,0.0516199815780718,1.009918106545103,4999,True,4,0.2799471754766477,5
ImperialBrands,H4,TrendFollowing,"fast=50,slow=200",0.06607500673395739,0.5097056981840952,0.023346693920767988,1.0044736306517874,4999,True,4,0.32650915255996826,5
ImperialBrands,M15,MeanReversion,"window=20,z=1.5",0.14294231416805803,0.5213343677269201,0.4438062304121472,1.1583920601918467,1413,True,4,0.07268609018650574,5
ImperialBrands,M15,MeanReversion,"window=50,z=1.5",0.12270941955023962,0.5142002989536621,0.37349467900605193,1.1323816907302773,1476,True,5,0.08281903503767374,5
ImperialBrands,M15,MeanReversion,"window=100,z=1.5",0.11950547758938412,0.5124732715609408,0.3629263913072106,1.1255051562788343,1555,True,4,0.04667152687787457,5
ImperialBrands,M15,MeanReversion,"window=20,z=1.75",0.09862304811030398,0.5141843971631206,0.3791588211541669,1.1618057578162158,919,True,4,0.05278936579300497,5
ImperialBrands,M15,MeanReversion,"window=50,z=1.75",0.14474236615277514,0.5202185792349727,0.500891993879188,1.2256949744855172,998,True,4,0.09538763781391935,5
ImperialBrands,M15,MeanReversion,"window=100,z=1.75",0.1270045700807645,0.5208110992529349,0.43798227005229157,1.1957595630440063,1030,True,4,0.027078718359997866,5
ImperialBrands,M15,MeanReversion,"window=20,z=2.0",0.08440791437917416,0.5191570881226054,0.3904497588888872,1.2153170468293024,569,True,4,0.047778552933359086,5
ImperialBrands,M15,MeanReversion,"window=50,z=2.0",0.09247097540300109,0.5368782161234992,0.39834220212323107,1.2189332982408816,641,True,5,0.05431210339060255,5
ImperialBrands,M15,MeanReversion,"window=100,z=2.0",0.06303412240828798,0.48186528497409326,0.2508506355199197,1.1427080815046116,628,True,4,0.017794073613299433,5
ImperialBrands,M15,MeanReversion,"window=20,z=2.25",0.07384781080805636,0.540268456375839,0.4469755231885474,1.347801923424739,320,True,4,0.01972905791035362,5
ImperialBrands,M15,MeanReversion,"window=50,z=2.25",0.07947975152803388,0.5480225988700564,0.40774567814912144,1.3066356599470155,382,True,4,0.03836940757453389,5
ImperialBrands,M15,MeanReversion,"window=50,z=2.5",0.09749310752953733,0.595,0.5785762554528767,1.6882289913604116,215,True,4,0.029854986862665633,5
IndraSistemas,H1,MeanReversion,"window=50,z=2.25",0.2384525311812551,0.5333333333333333,0.4174657785300269,1.3486093311435612,349,True,4,0.055123638456057056,5
IndraSistemas,H1,MeanReversion,"window=50,z=2.5",0.14707298033665028,0.536723163841808,0.3073569626457555,1.3564676167060172,186,True,4,0.037394957391834405,5
IndraSistemas,H4,TrendFollowing,"fast=5,slow=20",0.1418610163605789,0.508520365752286,0.03505529121792509,1.00673446989112,4999,True,4,0.4529508701864724,5
IndraSistemas,H4,TrendFollowing,"fast=8,slow=21",0.30164794652265514,0.5083125519534497,0.07454089709328886,1.014374442626609,4999,True,4,0.3703300367456903,5
IndraSistemas,H4,TrendFollowing,"fast=10,slow=30",0.7168908067434607,0.5126766417290108,0.17716156716492867,1.0345033980603426,4999,True,4,0.545360138343663,5
IndraSistemas,H4,TrendFollowing,"fast=13,slow=34",0.7849050594430511,0.5112219451371571,0.1939719836695897,1.0378388034026473,4999,True,4,0.5276865555431443,5
IndraSistemas,H4,TrendFollowing,"fast=21,slow=55",0.8812418918927154,0.515378221113882,0.21778374501883385,1.0425819015553692,4999,True,4,0.6342764880851182,5
IndraSistemas,H4,TrendFollowing,"fast=50,slow=200",1.143070899588896,0.5180798004987531,0.28250842075170013,1.0555851889517314,4999,True,4,0.72488247677556,5
IndraSistemas,M15,MeanReversion,"window=100,z=1.5",-0.08604218859216983,0.4977744807121662,-0.12121083941361524,0.9577020963713524,1469,True,4,0.051011330080034,5
IndraSistemas,M15,MeanReversion,"window=50,z=1.75",-0.0375258065823999,0.49333333333333335,-0.06144562490413841,0.9734942056544533,967,True,4,0.03228270585288395,5
IndraSistemas,M15,TrendFollowing,"fast=5,slow=20",0.387951017236836,0.5113062568605927,0.3070985361072884,1.0635594392608934,4999,True,4,0.18611311458547897,5
IndraSistemas,M15,TrendFollowing,"fast=8,slow=21",0.3443569716543834,0.5121844127332602,0.2725790608113549,1.0562165127302108,4999,True,4,0.055827457091881416,5
IndraSistemas,M15,VolatilityExpansion,"ema=20,mult=1.5",0.14870298680343064,0.5151515151515151,0.18357723401755402,1.0612765458583482,1784,True,4,0.06489040744018015,5
IntesaSanpaolo,H1,MeanReversion,"window=20,z=1.75",-0.020441782698371158,0.4908700322234157,-0.03439787182594687,0.9853282556606191,964,True,5,0.0781059239818388,5
IntesaSanpaolo,H1,MeanReversion,"window=20,z=2.0",-0.01607547655610897,0.5018939393939394,-0.036204662064291834,0.9801790375888749,550,True,4,0.024885402549262192,5
IntesaSanpaolo,H1,TrendFollowing,"fast=5,slow=20",0.07781670600637547,0.5114535610162433,0.050764881538172706,1.010479050356355,4999,True,4,0.041885155866944745,5
IntesaSanpaolo,H1,TrendFollowing,"fast=8,slow=21",0.15212930688668602,0.5097875885047897,0.0992452404757496,1.020589246645437,4999,True,4,0.09553511710692975,5
IntesaSanpaolo,H1,TrendFollowing,"fast=13,slow=34",0.2204828352933712,0.5110370678883799,0.14384041563935138,1.0299789103419028,4999,True,4,0.20617484939961306,5
IntesaSanpaolo,H1,TrendFollowing,"fast=21,slow=55",0.5521415270758177,0.5154102457309454,0.3602886437183042,1.0768061333502654,4999,True,4,0.24889483920732836,5
IntesaSanpaolo,H1,TrendFollowing,"fast=50,slow=200",0.5556752779502174,0.5274885464389838,0.36259571992285883,1.0773167019902279,4999,True,4,0.3610889088960819,5
IntesaSanpaolo,H1,VolatilityExpansion,"ema=20,mult=1.5",0.30428089758602817,0.5142061281337047,0.31030299777101633,1.1125628424358758,1868,True,4,0.11643765843405562,5
IntesaSanpaolo,H1,VolatilityExpansion,"ema=50,mult=1.5",0.3410070224143611,0.5184049079754601,0.2716647287822301,1.0777215801199864,3056,True,4,0.17176963798158773,5
IntesaSanpaolo,H1,VolatilityExpansion,"ema=50,mult=2.0",0.3299621635703136,0.5189409368635438,0.2849890919118403,1.091085054754985,2560,True,4,0.20400309299250274,5
IntesaSanpaolo,H1,VolatilityExpansion,"ema=50,mult=2.5",0.24048963247149768,0.5182186234817814,0.2232500784044008,1.0819796496779206,2060,True,4,0.20001668982200627,5
IntesaSanpaolo,H1,VolatilityExpansion,"ema=50,mult=3.0",0.4115694795231126,0.5330713817943681,0.41647534267120084,1.1892107423661178,1589,True,4,0.20632238013497306,5
IntesaSanpaolo,H1,VolatilityExpansion,"ema=50,mult=3.5",0.15316347154905774,0.521079258010118,0.16693948518241647,1.0855936184382786,1231,True,4,0.12984006370868773,5
IntesaSanpaolo,H4,MeanReversion,"window=20,z=2.0",-0.2658086177841317,0.503584229390681,-0.22924621844638116,0.8790058557514583,568,True,4,0.0475592150434907,5
IntesaSanpaolo,H4,MeanReversion,"window=20,z=2.25",-0.10400510431972476,0.517799352750809,-0.12460940374168288,0.9136766929148458,313,True,4,0.047511267915375965,5
IntesaSanpaolo,H4,MeanReversion,"window=20,z=2.5",0.011176341710954052,0.5256410256410257,0.020555942671124317,1.0204076353478337,158,True,4,0.039558362337778874,5
IntesaSanpaolo,H4,VolatilityExpansion,"ema=20,mult=1.5",1.0055649492150947,0.5200688073394495,0.4394002797637876,1.1629809791330938,1776,True,4,0.11536448655898635,5
IntesaSanpaolo,H4,VolatilityExpansion,"ema=20,mult=3.0",0.2834502484391509,0.5182724252491694,0.2596801462762197,1.2394538920756468,302,True,4,0.08820343312760415,5
IntesaSanpaolo,M15,MeanReversion,"window=50,z=1.5",0.11126961721271433,0.510726643598616,0.28318939107344965,1.1076721495666095,1504,True,4,0.02683779232586536,5
IntesaSanpaolo,M15,MeanReversion,"window=100,z=1.75",0.07368811599069802,0.5033686236766122,0.24871337411885183,1.1017814282808243,1092,True,4,0.013428746300997552,5
IntesaSanpaolo,M15,TrendFollowing,"fast=5,slow=20",-0.01988859505713325,0.5005246589716684,-0.02855556110357365,0.994347092546733,4999,True,4,0.025202522316498666,5
IntesaSanpaolo,M15,TrendFollowing,"fast=34,slow=89",-0.011428782561370143,0.5011542497376705,-0.016409150274730874,0.9967477030688964,4999,True,4,0.06726171869794828,5
IntesaSanpaolo,M15,TrendFollowing,"fast=50,slow=200",0.004887984872624207,0.4992654774396642,0.007018039136309751,1.0013942142550902,4999,True,4,0.09355690260558269,5
IntesaSanpaolo,M15,VolatilityExpansion,"ema=50,mult=1.5",-0.045203377040209936,0.49637943519188993,-0.08357510916730815,0.9784837939574224,2890,True,4,0.043160091421148405,5
IntesaSanpaolo,M15,VolatilityExpansion,"ema=20,mult=2.0",0.07948041439641784,0.5133120340788072,0.24465282743808198,1.1072675112113444,978,True,4,0.02890357577585545,5
IntesaSanpaolo,M15,VolatilityExpansion,"ema=20,mult=2.5",0.03371765720916853,0.4944852941176471,0.13400375774528794,1.0722966214054859,567,True,4,0.023530197338226366,5
IntesaSanpaolo,M15,VolatilityExpansion,"ema=50,mult=2.5",0.04808114077767223,0.5018203883495146,0.11886835743237202,1.0386056265437522,1731,True,4,0.0319892301430017,5
JeronimoMartins,H1,MeanReversion,"window=20,z=1.5",0.8260184155413094,0.5260906757912746,0.8409653659268522,1.4141032105943545,1311,True,4,0.21416907591121326,5
JeronimoMartins,H1,MeanReversion,"window=50,z=1.5",0.6403428323255054,0.5154394299287411,0.6594477600646044,1.2873355499335555,1411,True,5,0.2352476283078182,5
JeronimoMartins,H1,MeanReversion,"window=100,z=1.5",0.5391693471850342,0.520579268292683,0.5328677040110329,1.228766818198293,1458,True,5,0.21410195621016004,5
JeronimoMartins,H1,MeanReversion,"window=50,z=1.75",0.41612895868132904,0.5068181818181818,0.4830411138226363,1.2525673690211392,974,True,4,0.08737076948035183,5
JeronimoMartins,H1,MeanReversion,"window=100,z=1.75",0.48548552148293633,0.5293453724604966,0.5350608770984685,1.2887654948923513,983,True,5,0.16514705963780252,5
JeronimoMartins,H1,MeanReversion,"window=100,z=2.0",0.43665541133643404,0.5211505922165821,0.5453652252968646,1.3702443655917749,651,True,4,0.08371542634211704,5
JeronimoMartins,H1,MeanReversion,"window=100,z=2.25",0.21413715871007766,0.505,0.3381034868991292,1.24660181213567,434,True,4,0.07281563372126565,5
JeronimoMartins,H1,MeanReversion,"window=20,z=2.5",0.3244556817371277,0.5448717948717948,0.6515300133409297,2.051763908895357,166,True,4,0.1614803757654779,5
JeronimoMartins,H1,MeanReversion,"window=20,z=2.75",0.23292340749753848,0.5476190476190477,0.6121168756499711,2.482852867300565,89,True,5,0.10207286214632749,5
JeronimoMartins,H1,TrendFollowing,"fast=34,slow=89",-0.17114518306060744,0.49192825112107624,-0.08754686680886274,0.9800382227324658,4999,True,5,0.3865997548761838,5
JeronimoMartins,H4,MeanReversion,"window=20,z=1.5",0.9578086134613868,0.5288461538461539,0.5829974948713914,1.2255115719048724,1404,True,4,0.44466404321849173,5
JeronimoMartins,H4,MeanReversion,"window=50,z=1.5",0.8606509633026868,0.5203651685393258,0.5050173804684902,1.1888701197572782,1479,True,5,0.32407541374599336,5
JeronimoMartins,H4,MeanReversion,"window=100,z=1.5",0.514153441244889,0.4993342210386152,0.30935343372735224,1.1073610089144494,1558,True,4,0.29967200624333623,5
JeronimoMartins,H4,MeanReversion,"window=20,z=1.75",0.7169532487193441,0.5311111111111111,0.5115201797022844,1.2462494887437017,933,True,5,0.308662029527197,5
JeronimoMartins,H4,MeanReversion,"window=50,z=1.75",0.5777123603881823,0.5209580838323353,0.38538986027977645,1.1713323244890148,1033,True,5,0.3129025021451578,5
JeronimoMartins,H4,MeanReversion,"window=100,z=1.75",0.5380958811036325,0.5082765335929893,0.3771508576576657,1.1607514641467032,1059,True,4,0.1579305200423644,5
JeronimoMartins,H4,MeanReversion,"window=50,z=2.0",0.4383225724296753,0.5096870342771982,0.3572243377275769,1.1940229682721446,692,True,4,0.18731396240831388,5
JeronimoMartins,H4,MeanReversion,"window=100,z=2.0",0.5513595257262758,0.524300441826215,0.4571911989747206,1.2554634479621258,699,True,4,0.1717426402287081,5
JeronimoMartins,H4,TrendFollowing,"fast=5,slow=20",-0.4265595589366623,0.5019820571667014,-0.1366897638601205,0.9737302467873606,4999,True,4,0.0389231233425168,5
JeronimoMartins,H4,TrendFollowing,"fast=8,slow=21",-0.22316731257970612,0.5013561443772168,-0.07151138724891681,0.9861695781554054,4999,True,4,0.0671354278722599,5
JeronimoMartins,M15,MeanReversion,"window=20,z=1.5",0.09573459081560298,0.5432989690721649,0.22489278725194056,1.0972351867934451,1340,True,4,0.03178183148539737,5
JeronimoMartins,M15,MeanReversion,"window=20,z=2.0",0.08334165453093367,0.5571776155717761,0.2753898195741929,1.1933993448790083,560,True,4,0.032007179811263886,5
JeronimoMartins,M15,MeanReversion,"window=20,z=2.25",0.03754302039204205,0.5408560311284046,0.13820936292957975,1.1251294125450386,342,True,4,0.03638464061247937,5
JeronimoMartins,M15,MeanReversion,"window=100,z=2.5",0.07284770440121435,0.5098039215686274,0.20650039517357885,1.3066820310230853,253,True,4,0.014253503178804028,5
JeronimoMartins,M15,MeanReversion,"window=100,z=2.75",0.042920088342726315,0.5503875968992248,0.22686827055204106,1.280988713400132,153,True,4,0.025713455867850787,5
JohnsonMatthey,H1,MeanReversion,"window=20,z=1.5",0.32937503115674205,0.5093117408906883,0.3566933130972894,1.1417581056528068,1342,True,4,0.15870452161218584,5
JohnsonMatthey,H1,MeanReversion,"window=20,z=1.75",0.08960704101023542,0.4961832061068702,0.11743136873946189,1.0564767982274832,855,True,4,0.05297953766868657,5
JohnsonMatthey,H1,MeanReversion,"window=50,z=2.0",0.21142426356157473,0.5277280858676208,0.28331635912401576,1.1739940688164239,610,True,5,0.15011709247413652,5
JohnsonMatthey,H1,MeanReversion,"window=20,z=2.5",0.12312842558450054,0.5217391304347826,0.2728805482123868,1.3885645981459465,144,True,4,0.058846840172915416,5
JohnsonMatthey,H1,MeanReversion,"window=50,z=2.5",0.027177318055915833,0.5380952380952381,0.050464563650228604,1.047558602596145,229,True,4,0.07134999017293342,5
JohnsonMatthey,H1,TrendFollowing,"fast=8,slow=21",-0.08430929322352321,0.48916137508211077,-0.03808155376273609,0.9907817145898368,4999,True,4,0.05810619766242231,5
JohnsonMatthey,H1,TrendFollowing,"fast=10,slow=30",0.01285007853163167,0.4915699583971973,0.0058042187537640216,1.0014125162471554,4999,True,4,0.07269274805918247,5
JohnsonMatthey,H1,TrendFollowing,"fast=13,slow=34",0.4200492356039598,0.4994525947011167,0.18974449625093978,1.047229994309469,4999,True,4,0.21222747976044853,5
JohnsonMatthey,H1,TrendFollowing,"fast=21,slow=55",0.5566308677435508,0.503831837092183,0.25145468761096346,1.063071419828809,4999,True,4,0.33507361294989624,5
JohnsonMatthey,H1,TrendFollowing,"fast=34,slow=89",0.7088271880447197,0.5053645719290563,0.3202334502229441,1.081015232945952,4999,True,4,0.28834727069623856,5
JohnsonMatthey,H4,TrendFollowing,"fast=34,slow=89",-0.0904318772178484,0.5030838815789473,-0.0222995105523781,0.9954710224856411,4999,True,4,0.5611631780395532,5
JohnsonMatthey,H4,TrendFollowing,"fast=50,slow=200",-0.5291208193931468,0.49917763157894735,-0.13047967882626257,0.9737886916571066,4999,True,4,0.7288649066160435,5
JohnsonMatthey,H4,VolatilityExpansion,"ema=20,mult=1.5",-0.1859251973069881,0.4964387464387464,-0.07791080471959624,0.9698937406292795,1451,True,4,0.21224701449635885,5
JohnsonMatthey,H4,VolatilityExpansion,"ema=20,mult=2.5",-0.2435794114526446,0.49622166246851385,-0.21549538701806753,0.8678350533949444,406,True,4,0.0836622391285533,5
JohnsonMatthey,H4,VolatilityExpansion,"ema=50,mult=2.5",-0.03782670003389155,0.5050505050505051,-0.015731262929098877,0.9940157253603302,1530,True,4,0.22015433452992372,5
JohnsonMatthey,H4,VolatilityExpansion,"ema=50,mult=3.0",-0.6458940984958743,0.48574144486692017,-0.30675575572117814,0.8659994654980455,1083,True,4,0.14552625300705546,5
JohnsonMatthey,M15,MeanReversion,"window=20,z=1.5",0.26648641201653134,0.531578947368421,0.6257355842368529,1.2650630777182317,1407,True,4,0.10715660748005407,5
JohnsonMatthey,M15,MeanReversion,"window=50,z=1.5",0.13841081870981897,0.5068714632174616,0.32267468684327394,1.1233398757271114,1549,True,4,0.06245062869209406,5
JohnsonMatthey,M15,MeanReversion,"window=100,z=1.5",0.09199951161967757,0.514525993883792,0.17978680747584172,1.0727027161443636,1664,True,4,0.0590536112630512,5
JohnsonMatthey,M15,MeanReversion,"window=20,z=1.75",0.20115299503395545,0.5412844036697247,0.5682506440537488,1.2958033036665462,920,True,4,0.09705026023469754,5
JohnsonMatthey,M15,MeanReversion,"window=50,z=1.75",0.177800814426044,0.5156431054461182,0.48186661782174073,1.2317012650425812,1059,True,4,0.04940764039000378,5
JohnsonMatthey,M15,MeanReversion,"window=100,z=1.75",0.22750087087678428,0.5413271245634459,0.6229511250557294,1.3056466819937491,1082,True,5,0.08018468340400164,5
JohnsonMatthey,M15,MeanReversion,"window=20,z=2.0",0.177269827029384,0.5450643776824035,0.5693526100733906,1.4056321727694316,557,True,4,0.12547603744280356,5
JohnsonMatthey,M15,MeanReversion,"window=100,z=2.0",0.1789329570167849,0.5381679389312977,0.5824861190149038,1.3850023396438331,641,True,5,0.035213980885941965,5
JohnsonMatthey,M15,MeanReversion,"window=20,z=2.25",0.15192767620946712,0.5580524344569289,0.5852036930688392,1.6124264320737327,319,True,4,0.1043607281157557,5
JohnsonMatthey,M15,MeanReversion,"window=50,z=2.25",0.11329385437818473,0.5331325301204819,0.4284725614131088,1.358304067575758,399,True,4,0.03674017152303488,5
JohnsonMatthey,M15,MeanReversion,"window=100,z=2.25",0.1333775762816568,0.5446153846153846,0.4931485707220444,1.4318226069627948,392,True,5,0.017839839640705457,5
JohnsonMatthey,M15,MeanReversion,"window=20,z=2.5",0.10383215966238413,0.5620437956204379,0.5251748243565231,1.8160425910213305,155,True,5,0.08048068661171315,5
JohnsonMatthey,M15,MeanReversion,"window=50,z=2.5",0.09533512808466527,0.5459183673469388,0.42081699173195325,1.514068186634801,228,True,5,0.03520385542904758,5
JohnsonMatthey,M15,MeanReversion,"window=100,z=2.5",0.10820376186689773,0.5401069518716578,0.46244347921236334,1.5600711550520372,223,True,4,0.023272760078218657,5
JohnsonMatthey,M15,MeanReversion,"window=20,z=2.75",0.10477885632581263,0.6097560975609756,0.6034065196543046,2.5237915176864507,92,True,4,0.07483624520281462,5
JuliusBaer,H1,MeanReversion,"window=50,z=1.75",0.1416954982064893,0.5080645161290323,0.16284955712814433,1.0720130890463229,1028,True,4,0.12282287876498221,5
JuliusBaer,H1,VolatilityExpansion,"ema=50,mult=1.5",-0.16452976524302965,0.49411764705882355,-0.10301953349832106,0.9713376189471029,2930,True,4,0.07731834952056449,5
JuliusBaer,H4,MeanReversion,"window=100,z=1.75",-0.23232780730705038,0.47643979057591623,-0.11809093161275369,0.9513580260288592,1174,True,4,0.17883767336128564,5
JuliusBaer,H4,MeanReversion,"window=50,z=2.0",-0.11472469272685448,0.4879518072289157,-0.08165132508067374,0.9577902050984697,679,True,4,0.14022439827292277,5
JuliusBaer,H4,MeanReversion,"window=100,z=2.0",-0.08566667414414031,0.4797297297297297,-0.056524127995113534,0.9718706038686777,759,True,5,0.08350303972265827,5
JuliusBaer,H4,MeanReversion,"window=50,z=2.25",-0.1624108710609481,0.4895833333333333,-0.14452067847879457,0.9054471774001887,392,True,4,0.019504658922895768,5
JuliusBaer,H4,MeanReversion,"window=100,z=2.25",-0.05075225377805759,0.47198275862068967,-0.04154470882170831,0.9729232054085385,479,True,4,0.10032974930332339,5
JuliusBaer,H4,MeanReversion,"window=100,z=2.75",0.01970829635117144,0.5217391304347826,0.024919297806398247,1.031240440885396,141,True,4,0.04941786926309433,5
JuliusBaer,H4,VolatilityExpansion,"ema=50,mult=2.0",-0.12201626266095134,0.5102339181286549,-0.04645946356419613,0.9855286254741632,2095,True,4,0.051219177160221285,5
JuliusBaer,M15,MeanReversion,"window=50,z=2.0",0.070070888015352,0.48639455782312924,0.21055802104542132,1.1325215479771644,647,True,4,0.04912262330780115,5
JuliusBaer,M15,MeanReversion,"window=50,z=2.25",0.07854654528706884,0.49157303370786515,0.27783252747513704,1.2423361153475807,391,True,4,0.06811968674739577,5
JuliusBaer,M15,TrendFollowing,"fast=8,slow=21",-0.1312920912161255,0.5027673234447643,-0.16135210167912115,0.9671235836175089,4998,True,4,0.018359593528541995,5
LTCUSD,H1,MeanReversion,"window=50,z=1.5",0.2891899095937538,0.556842867487328,0.20155236676298777,1.0783521736454513,1389,True,4,0.2704766809024126,5
LTCUSD,H1,MeanReversion,"window=100,z=1.5",0.25422405862223285,0.5503355704697986,0.1724798720475186,1.0666899227870457,1345,True,4,0.17959480461795352,5
LTCUSD,H1,MeanReversion,"window=50,z=1.75",0.2408436017138379,0.55930359085963,0.19497734181795687,1.0947161663654776,922,True,4,0.15458533324233903,5
LTCUSD,H1,MeanReversion,"window=100,z=1.75",0.23442595406025946,0.5516129032258065,0.183800472843268,1.08696561082027,931,True,4,0.10116192378395827,5
LTCUSD,H1,MeanReversion,"window=50,z=2.0",0.1538347897608744,0.5669014084507042,0.14855490451287032,1.0945758606035194,569,True,4,0.125261132543256,5
LTCUSD,H4,MeanReversion,"window=100,z=2.5",0.25618197013496025,0.5901060070671378,0.13567349625171005,1.1232845549262915,282,True,4,0.1493516751714863,5
LTCUSD,H4,MeanReversion,"window=100,z=2.75",0.32174905414459654,0.5944444444444444,0.20983667128108713,1.23719645374295,179,True,4,0.1901412863496904,5
LTCUSD,H4,MeanReversion,"window=50,z=3.0",0.13909415857380258,0.5412844036697247,0.118480276726412,1.155153900813863,108,True,4,0.10619224334725341,5
LTCUSD,H4,MeanReversion,"window=100,z=3.0",0.24065266858986423,0.6052631578947368,0.19142486660674135,1.2747663742233262,113,True,4,0.12885405724553445,5
LTCUSD,M15,TrendFollowing,"fast=5,slow=20",-0.2665208167141301,0.47827868852459016,-0.28419978925618467,0.9505775884926716,4999,True,5,0.1987539624830651,5
LTCUSD,M15,TrendFollowing,"fast=8,slow=21",-0.3835926295835551,0.47827868852459016,-0.40910752761325425,0.9296321397653283,4999,True,5,0.1911903215196823,5
LTCUSD,M15,TrendFollowing,"fast=10,slow=30",-0.4558867259535285,0.4817622950819672,-0.4862769318619582,0.91692109739606,4999,True,5,0.18132375776619603,5
LTCUSD,M15,TrendFollowing,"fast=13,slow=34",-0.4020222013293747,0.4864754098360656,-0.42877696732539106,0.9263757952091117,4999,True,4,0.1689229107965856,5
LTCUSD,M15,VolatilityExpansion,"ema=20,mult=1.5",-0.0028352673204709022,0.4681818181818182,-0.0053198951425470304,0.9979882978423812,1120,True,4,0.13687753350567167,5
LTCUSD,M15,VolatilityExpansion,"ema=50,mult=1.5",-0.2102525172273212,0.4705619982158787,-0.31107148082411545,0.9217906168479574,2293,True,4,0.10090779929306481,5
LTCUSD,M15,VolatilityExpansion,"ema=20,mult=2.0",-0.11225661327237846,0.4305799648506151,-0.25805360851348197,0.8720886200789194,580,True,4,0.08677327812668778,5
LTCUSD,M15,VolatilityExpansion,"ema=50,mult=2.5",-0.1265323843133438,0.46814404432132967,-0.2600614034829115,0.9057584179767477,1103,True,4,0.1584874215043487,5
LTCUSD,M15,VolatilityExpansion,"ema=50,mult=3.0",-0.0049494225980052375,0.4843304843304843,-0.011566903402662079,0.994541618707865,717,True,4,0.16174052803041628,5
LTCUSD,M15,VolatilityExpansion,"ema=50,mult=3.5",-0.03859559482023722,0.47415730337078654,-0.1134964974273204,0.9349923670521652,453,True,4,0.12893809747225948,5
LandSecurities,H1,MeanReversion,"window=100,z=1.5",-0.08383577357231853,0.4964143426294821,-0.09041659197544079,0.9686767747842235,1550,True,4,0.06874650841554542,5
LandSecurities,H1,MeanReversion,"window=100,z=1.75",-0.08266042001384899,0.5017221584385764,-0.1011105371093508,0.9571624307118144,1075,True,4,0.065855562768942,5
LandSecurities,H1,MeanReversion,"window=20,z=2.25",-0.028690839315762884,0.47601476014760147,-0.07147800569378135,0.9518517210194819,317,True,4,0.03616824963005205,5
LandSecurities,H1,MeanReversion,"window=50,z=2.25",-0.11017770818060402,0.47126436781609193,-0.2142979012076114,0.8697554046694403,415,True,4,0.012172743051838908,5
LandSecurities,H1,TrendFollowing,"fast=13,slow=34",0.23713054741654938,0.506294058408862,0.15481736856074185,1.0299905299342629,4999,True,4,0.0552430226637981,5
LandSecurities,H1,TrendFollowing,"fast=21,slow=55",0.1932679926742823,0.501007049345418,0.1261784471443655,1.0243755056693176,4999,True,4,0.019222920467197646,5
LandSecurities,H4,MeanReversion,"window=50,z=1.75",-0.16688141849287352,0.49461206896551724,-0.09748911419671275,0.9598005651183222,1004,True,4,0.22522097669614394,5
LandSecurities,H4,MeanReversion,"window=20,z=2.0",-0.15672884514823504,0.522633744855967,-0.1419143669342481,0.9254370611144032,528,True,4,0.2056632006807919,5
LandSecurities,H4,MeanReversion,"window=50,z=2.0",-0.3437579397082904,0.4948805460750853,-0.2527464156807721,0.876526121290037,629,True,5,0.12354517319237013,5
LandSecurities,H4,MeanReversion,"window=100,z=2.0",-0.21265455182309456,0.5032467532467533,-0.14299785549775643,0.9270919956036476,659,True,4,0.192476867165303,5
LandSecurities,H4,MeanReversion,"window=20,z=2.25",-0.1292387200113193,0.5153846153846153,-0.14805008128789554,0.8933841282274368,280,True,5,0.1408755488939385,5
LandSecurities,H4,MeanReversion,"window=50,z=2.25",-0.42376029428572826,0.4747191011235955,-0.3916338476775763,0.7729652603633198,387,True,5,0.10410107808199587,5
LandSecurities,H4,MeanReversion,"window=100,z=2.25",0.16806469921630485,0.5182481751824818,0.1392439439241687,1.0923045876066002,439,True,4,0.1365914943951958,5
LandSecurities,H4,MeanReversion,"window=50,z=2.5",-0.1528424764669607,0.4818181818181818,-0.16681383616188955,0.8677092310845622,230,True,5,0.15239650611163824,5
LandSecurities,H4,MeanReversion,"window=100,z=2.5",0.007494725635131205,0.5208333333333334,0.008070443320617411,1.0068784155747748,255,True,4,0.0364599880317642,5
LandSecurities,H4,MeanReversion,"window=50,z=2.75",-0.28525381943460326,0.44715447154471544,-0.4069708123131618,0.6257732330940058,128,True,4,0.08880558511412107,5
LandSecurities,M15,TrendFollowing,"fast=21,slow=55",0.05228272652806265,0.505736137667304,0.06739125074832089,1.013457695545335,4997,True,4,0.041944568369257196,5
LeroySeafood,H1,MeanReversion,"window=20,z=1.75",0.2158390163633931,0.5398230088495575,0.3166421523717127,1.146660389102864,849,True,4,0.0693067996450265,5
LeroySeafood,H1,MeanReversion,"window=100,z=1.75",0.2597705263674711,0.5365079365079365,0.2866966311214659,1.1327037302053344,1020,True,4,0.13932563463249126,5
LeroySeafood,H1,MeanReversion,"window=50,z=2.0",0.21421950232680353,0.5435897435897435,0.3159132521686074,1.181698032046463,621,True,5,0.04259599084511756,5
LeroySeafood,H1,MeanReversion,"window=100,z=2.0",0.191337685280223,0.5476603119584056,0.26484013827879455,1.159205078061563,619,True,4,0.08070346025153341,5
LeroySeafood,H1,MeanReversion,"window=50,z=2.25",0.10213748168467085,0.536723163841808,0.2065015988664204,1.1386430635570235,375,True,5,0.029530059823741905,5
LeroySeafood,H1,MeanReversion,"window=50,z=2.75",0.13616443671194467,0.5348837209302325,0.4454047254281426,1.575369105678989,135,True,4,0.049629652221170106,5
LeroySeafood,H4,MeanReversion,"window=50,z=1.5",-0.3020317849391624,0.49052906596995427,-0.11982499311459531,0.9530763010189612,1579,True,4,0.2908380510220324,5
LeroySeafood,H4,MeanReversion,"window=20,z=1.75",0.1761804745987493,0.5123384253819037,0.0935434833328922,1.0514820906035403,868,True,5,0.20047151660479567,5
LeroySeafood,H4,MeanReversion,"window=20,z=2.0",0.2661712090148264,0.4990138067061144,0.23639740025397452,1.1437707020906476,521,True,4,0.12888636810172283,5
LeroySeafood,M15,MeanReversion,"window=20,z=1.5",0.3352684003152311,0.5499557913351016,0.6196031865301033,1.2578916658851371,1256,True,4,0.06163720640944548,5
LeroySeafood,M15,MeanReversion,"window=20,z=1.75",0.2604777263820043,0.5528350515463918,0.5512952183080667,1.27730463402172,864,True,4,0.02979886599957282,5
LeroySeafood,M15,MeanReversion,"window=100,z=1.75",0.23102399517876837,0.5448851774530271,0.5117329588247621,1.2328550629228567,1071,True,4,0.057042193626564375,5
LeroySeafood,M15,MeanReversion,"window=100,z=2.0",0.12440394604879168,0.5230263157894737,0.34496721697042226,1.1880829196719287,684,True,4,0.03704275249803102,5
LeroySeafood,M15,MeanReversion,"window=100,z=2.25",0.046208469174907285,0.5271317829457365,0.15322224032202914,1.1017197151240243,436,True,4,0.048478008118139404,5
LeroySeafood,M15,TrendFollowing,"fast=10,slow=30",-0.1884357596444567,0.4993119266055046,-0.1971820969014089,0.9612144319784157,4999,True,4,0.08031580957126039,5
LeroySeafood,M15,TrendFollowing,"fast=13,slow=34",0.031030532524541354,0.5057339449541285,0.03246839252709842,1.0065345792614164,4999,True,4,0.10782348596427527,5
LeroySeafood,M15,TrendFollowing,"fast=21,slow=55",0.13422160023381247,0.5114678899082569,0.14044622244553295,1.0285756003110338,4999,True,4,0.17407561731790921,5
LeroySeafood,M15,TrendFollowing,"fast=34,slow=89",0.09333098496069259,0.5055045871559632,0.09765730138452565,1.0197839276013532,4999,True,4,0.14995723682247886,5
LeroySeafood,M15,TrendFollowing,"fast=50,slow=200",-0.06742979275659733,0.4954128440366973,-0.07055483258026503,0.9859459658098398,4999,True,4,0.11457775110385016,5
LeroySeafood,M15,VolatilityExpansion,"ema=50,mult=1.5",-0.2198925217910298,0.4894117647058824,-0.28363116807217537,0.9262370538295898,2893,True,4,0.0902928781118506,5
LeroySeafood,M15,VolatilityExpansion,"ema=50,mult=2.0",-0.3608001936897699,0.48175182481751827,-0.5204574653303619,0.8568543095167009,2329,True,4,0.06223894586070222,5
LeroySeafood,M15,VolatilityExpansion,"ema=20,mult=3.0",-0.03720922732542087,0.49411764705882355,-0.11842156174883617,0.9228009719543345,372,True,5,0.04040494931648764,5
LeroySeafood,M15,VolatilityExpansion,"ema=20,mult=3.5",-0.06548972355656912,0.4732142857142857,-0.25529345197546305,0.8066557780381717,242,True,5,0.013743925901778531,5
MeliaHotels,H1,MeanReversion,"window=20,z=1.5",0.39092569889109763,0.5359375,0.4892004921517872,1.1822983352186913,1397,True,4,0.10665362365424158,5
MeliaHotels,H1,MeanReversion,"window=50,z=1.5",0.23239315262794724,0.5224867724867724,0.26287273641158915,1.0887360950655685,1660,True,5,0.13666482060166818,5
MeliaHotels,H1,MeanReversion,"window=100,z=1.5",0.09168644441364682,0.5081221572449642,0.09240280938627674,1.0326841571396914,1708,True,4,0.18657706414802055,5
MeliaHotels,H1,MeanReversion,"window=20,z=1.75",0.4443648436886255,0.5595092024539877,0.6844865205403492,1.3342832489245968,881,True,5,0.14336172044150808,5
MeliaHotels,H1,MeanReversion,"window=50,z=1.75",0.04348608738385007,0.5236220472440944,0.0614814315921931,1.0238327133641565,1114,True,5,0.1316549059889094,5
MeliaHotels,H1,MeanReversion,"window=100,z=1.75",-0.06128927518515881,0.5125,-0.07048627426322002,0.9698119908374521,1143,True,4,0.0996446400554577,5
MeliaHotels,H1,MeanReversion,"window=20,z=2.0",0.26766808097999184,0.5756302521008403,0.5242376280516223,1.3310665595538531,508,True,5,0.1430984195006212,5
MeliaHotels,H1,MeanReversion,"window=50,z=2.0",-0.07132950445615971,0.5215311004784688,-0.12050517560794996,0.9419639272900832,683,True,4,0.06318801652591355,5
MeliaHotels,H1,MeanReversion,"window=20,z=2.25",0.0972584769577981,0.5639097744360902,0.2574004827066498,1.2014711994558185,282,True,4,0.08199392218808288,5
MeliaHotels,H1,TrendFollowing,"fast=50,slow=200",0.2993993160780697,0.5051727933083865,0.17864261070633455,1.0354756296188157,4999,True,4,0.19083549102609942,5
MeliaHotels,H4,MeanReversion,"window=20,z=1.5",-0.6770737213363544,0.5143056524773203,-0.24364342395603586,0.9108759223204583,1486,True,4,0.08864202833546586,5
MeliaHotels,H4,MeanReversion,"window=50,z=1.5",-0.6349581727272549,0.505685618729097,-0.2162660755432672,0.9214661179694836,1558,True,4,0.4815936687889879,5
MeliaHotels,H4,MeanReversion,"window=50,z=1.75",-0.46770484133759127,0.5120772946859904,-0.18961215111018728,0.9149755956506176,1078,True,4,0.22185546726119476,5
MeliaHotels,H4,MeanReversion,"window=100,z=2.0",-1.121272490379626,0.48579545454545453,-0.49649540278221316,0.7507091037416103,733,True,4,0.10271875620820237,5
MeliaHotels,H4,TrendFollowing,"fast=34,slow=89",0.15563702342617947,0.5038310209153034,0.03226246837397732,1.0065076825035348,4999,True,4,0.47979186032266663,5
MeliaHotels,H4,TrendFollowing,"fast=50,slow=200",0.2586468471906975,0.4982398012010768,0.05361588079336628,1.010838194184066,4999,True,4,0.26490171978003973,5
MeliaHotels,M15,MeanReversion,"window=20,z=1.5",0.29957940794235327,0.5581395348837209,0.689750475360524,1.2778542291104547,1332,True,4,0.1092756536177878,5
MeliaHotels,M15,MeanReversion,"window=50,z=1.5",0.3123172486267307,0.5524296675191815,0.7546466402839542,1.2919309670578873,1428,True,5,0.09907668306170203,5
MeliaHotels,M15,MeanReversion,"window=100,z=1.5",0.3136894528789521,0.5436293436293437,0.7366007413182412,1.270739306915477,1567,True,5,0.08630786378127797,5
MeliaHotels,M15,MeanReversion,"window=50,z=1.75",0.2204515238509298,0.5602484472049689,0.6258422691845472,1.2944092257360884,958,True,4,0.055153832034960604,5
MeliaHotels,M15,MeanReversion,"window=100,z=1.75",0.2898393203509393,0.5581947743467933,0.8200359318614112,1.396169198573648,1000,True,4,0.057008896186027225,5
MeliaHotels,M15,MeanReversion,"window=20,z=2.0",0.16965972927773398,0.5781584582441114,0.5446343624652664,1.3510609207224726,544,True,4,0.04770154697574014,5
MeliaHotels,M15,MeanReversion,"window=50,z=2.0",0.1789615128409736,0.5621414913957935,0.6226189861178419,1.3663484866986995,604,True,4,0.07208866862321384,5
MeliaHotels,M15,MeanReversion,"window=100,z=2.0",0.2703500892204018,0.581081081081081,0.9412271016571413,1.6357106284643974,604,True,5,0.04939953935535302,5
MeliaHotels,M15,MeanReversion,"window=20,z=2.25",0.14821641030822064,0.5964912280701754,0.6393734947337875,1.5472293763883467,329,True,4,0.020323079265772037,5
MeliaHotels,M15,MeanReversion,"window=20,z=2.5",0.09668354511453059,0.591715976331361,0.510540873432482,1.554876501125225,192,True,4,0.014429598007700939,5
MeliaHotels,M15,MeanReversion,"window=20,z=2.75",0.09084693019968026,0.6222222222222222,0.5978193965120389,2.0957799530330044,98,True,4,0.018465689481808822,5
MerlinProperties,H1,MeanReversion,"window=50,z=1.75",0.31059097635039834,0.5322033898305085,0.4154571745727129,1.198657080430043,980,True,4,0.16677121416000307,5
MerlinProperties,H1,MeanReversion,"window=100,z=1.75",0.1584535183141519,0.5172774869109947,0.2164689074731331,1.0906797362234473,1072,True,4,0.02684042984348267,5
MerlinProperties,H1,MeanReversion,"window=50,z=2.0",0.11087562339625145,0.5282331511839709,0.18260959027073798,1.1062744576486812,603,True,4,0.05276417302398684,5
MerlinProperties,H1,MeanReversion,"window=50,z=2.25",0.11712724942971808,0.5108359133126935,0.2590180017344694,1.1909758510214623,352,True,4,0.06262974535913812,5
MerlinProperties,H1,MeanReversion,"window=100,z=2.25",0.07036843209922528,0.5217391304347826,0.13807846160673032,1.0981239126466127,405,True,5,0.08099688872901922,5
MerlinProperties,H1,MeanReversion,"window=50,z=2.5",0.07988070255344215,0.5561497326203209,0.23649882941649747,1.2246032758828862,204,True,4,0.03950854090827338,5
MerlinProperties,H1,MeanReversion,"window=100,z=2.5",0.082944726739835,0.5685279187817259,0.18657789233427144,1.1964155881549703,213,True,4,0.06671127874118865,5
MerlinProperties,H1,MeanReversion,"window=50,z=2.75",0.03714264632062936,0.5178571428571429,0.13817198457322707,1.1696278003558451,120,True,4,0.033993134413207504,5
MerlinProperties,H1,TrendFollowing,"fast=13,slow=34",-0.017969549632713244,0.5023400936037441,-0.011480710983567089,0.9977759210861795,4999,True,4,0.11114673985537482,5
MerlinProperties,H1,TrendFollowing,"fast=34,slow=89",0.39774220865978505,0.5065745486962335,0.254149243569333,1.0505281792096677,4999,True,4,0.20403494268369993,5
MerlinProperties,H1,VolatilityExpansion,"ema=50,mult=1.5",-0.19379560491706604,0.4932406334492082,-0.1610147309104966,0.9601415966716146,2879,True,4,0.05024418860586799,5
MerlinProperties,H4,MeanReversion,"window=20,z=1.5",0.3948295743250999,0.5380200860832137,0.20278018640089582,1.0765155551028391,1451,True,4,0.23891585129438275,5
MerlinProperties,H4,MeanReversion,"window=50,z=1.5",0.5344333569585592,0.5304585900068446,0.270092296485061,1.0968150747533314,1513,True,5,0.3320944974204004,5
MerlinProperties,H4,MeanReversion,"window=20,z=1.75",0.24682333536219803,0.5279642058165548,0.15504833325456416,1.0724462082338462,927,True,5,0.08938261503916689,5
MerlinProperties,H4,MeanReversion,"window=50,z=1.75",0.37588363007761416,0.5292307692307693,0.23758325963760302,1.1025025350059516,1008,True,4,0.2769652529774408,5
MerlinProperties,H4,MeanReversion,"window=20,z=2.0",0.28696127423188955,0.5310734463276836,0.22055294311551218,1.1363662323833337,551,True,4,0.16699465609213338,5
MerlinProperties,H4,MeanReversion,"window=50,z=2.0",0.3006528980107518,0.5368248772504092,0.2413823496510869,1.1301685701228645,634,True,5,0.25713262637978507,5
MerlinProperties,H4,MeanReversion,"window=100,z=2.0",0.7304981251472086,0.5461309523809523,0.537755359267525,1.3039266184881682,696,True,4,0.17164869752707623,5
MerlinProperties,H4,MeanReversion,"window=20,z=2.25",0.02814945660942636,0.4964788732394366,0.03074291981028245,1.0231845694307238,293,True,4,0.0907174225400239,5
MerlinProperties,H4,MeanReversion,"window=100,z=2.25",0.46151146036520385,0.5535714285714286,0.44505546606822627,1.3260460254118696,407,True,4,0.10427009532362663,5
MerlinProperties,M15,MeanReversion,"window=100,z=1.5",0.16047592059744287,0.5216262975778547,0.3845777665170763,1.1558922402187586,1432,True,4,0.0600083773546356,5
MerlinProperties,M15,MeanReversion,"window=100,z=1.75",0.1616083211815872,0.5215686274509804,0.5144121509189998,1.2425542948500605,943,True,4,0.05830545951480215,5
MerlinProperties,M15,MeanReversion,"window=50,z=2.0",0.03773697816635646,0.5018050541516246,0.13951434457512857,1.0699775737292032,664,True,4,0.011737866820884735,5
MerlinProperties,M15,MeanReversion,"window=100,z=2.0",0.04155888532499097,0.48919449901768175,0.15175340112716937,1.0811057043219656,614,True,4,0.013673489890403512,5
MerlinProperties,M15,VolatilityExpansion,"ema=20,mult=2.5",0.06455137114916609,0.5198618307426598,0.14636274311400616,1.1081950501649265,711,True,4,0.013753690014914999,5
NNGroup,H1,MeanReversion,"window=50,z=1.5",-0.05422775190983253,0.5070242656449553,-0.0792872161415149,0.9730936238179694,1638,True,5,0.1328306652494965,5
NNGroup,H1,MeanReversion,"window=50,z=1.75",-0.04582247342849821,0.5057471264367817,-0.08236872658012045,0.9663097236926789,1090,True,4,0.10111236282956404,5
NNGroup,H1,MeanReversion,"window=50,z=2.0",0.0658043286308937,0.5065573770491804,0.1605970630120247,1.0850037562867139,638,True,4,0.08216173102282065,5
NNGroup,H1,MeanReversion,"window=100,z=2.0",0.10953058369014534,0.524517087667162,0.215060760550264,1.120366136176567,718,True,4,0.09319383059555075,5
NNGroup,H1,MeanReversion,"window=50,z=2.25",0.04683052628146367,0.5012987012987012,0.14081736539719555,1.0924028022650327,401,True,4,0.025707880871969846,5
NNGroup,H1,MeanReversion,"window=100,z=2.25",0.061390972590222415,0.5274725274725275,0.14017463673939987,1.1094815219480172,384,True,5,0.06469822644665224,5
NNGroup,H1,MeanReversion,"window=20,z=2.5",-0.009793914620595534,0.4965034965034965,-0.04630957601659302,0.949974311807762,147,True,5,0.02123212368647409,5
NNGroup,H1,TrendFollowing,"fast=21,slow=55",0.07741440660427279,0.5050377833753149,0.056899922304222625,1.0128234833040577,4999,True,4,0.2332809913927394,5
NNGroup,H1,TrendFollowing,"fast=34,slow=89",0.28075109344709825,0.5058774139378673,0.20636937676813358,1.0473022669363508,4999,True,4,0.31333654488703644,5
NNGroup,H1,TrendFollowing,"fast=50,slow=200",0.1039702922954564,0.5071368597816961,0.07641900731150217,1.0172603560215328,4999,True,4,0.30781862239524815,5
NNGroup,H4,MeanReversion,"window=50,z=2.5",-0.07433572584358983,0.5071090047393365,-0.10460000265793856,0.9102523656945678,211,True,4,0.01114158637204743,5
NNGroup,M15,MeanReversion,"window=100,z=2.5",-0.0347372017094536,0.5240174672489083,-0.23592272830269892,0.8200332078988167,254,True,4,0.01191169308388118,5
NNGroup,M15,TrendFollowing,"fast=50,slow=200",-0.08676461398506852,0.49782658430565085,-0.16646738673571645,0.9679608556973944,4999,True,4,0.02807950393124925,5
NNGroup,M15,VolatilityExpansion,"ema=20,mult=2.0",0.05472959353781026,0.4922440537745605,0.22216835680998953,1.0884344621149311,1080,True,4,0.06948671528871131,5
NNGroup,M15,VolatilityExpansion,"ema=50,mult=2.5",-0.029449053473516895,0.48,-0.0921392430065195,0.9719639895145754,1797,True,4,0.03902197738094537,5
NordeaBank,H1,MeanReversion,"window=100,z=2.25",0.027709287714594688,0.46938775510204084,0.08701064438857997,1.0551808383818415,408,True,5,0.02364295064994104,5
NordeaBank,H1,MeanReversion,"window=50,z=2.75",0.011971009166186652,0.49504950495049505,0.06690918760726487,1.0829898669130924,105,True,4,0.013580869436414233,5
NordeaBank,H1,MeanReversion,"window=100,z=2.75",0.012737393526774055,0.4716981132075472,0.08183888618561763,1.0941536707860497,108,True,4,0.017038921196465995,5
NordeaBank,H1,VolatilityExpansion,"ema=20,mult=1.5",-0.022881284272780356,0.5044776119402985,-0.03128068755879763,0.989931508948595,1763,True,4,0.016479064348657535,5
NordeaBank,H1,VolatilityExpansion,"ema=20,mult=2.0",0.06811957248699674,0.5104364326375711,0.11437183455291446,1.0497439598488894,1107,True,5,0.07169797340866058,5
NordeaBank,H1,VolatilityExpansion,"ema=20,mult=2.5",-0.021393226687768774,0.527681660899654,-0.05002163714313215,0.9738335662511619,610,True,4,0.0732978242926704,5
NordeaBank,H4,MeanReversion,"window=100,z=1.5",-0.17427317457014324,0.49053030303030304,-0.10166853520432821,0.9641522548817522,1608,True,5,0.2187693558803585,5
NordeaBank,H4,VolatilityExpansion,"ema=20,mult=2.5",0.4424171701384968,0.5137931034482759,0.34421773964686,1.2316342871546373,590,True,4,0.04676081525595854,5
NordeaBank,M15,MeanReversion,"window=100,z=1.75",-0.024092783542868368,0.4837261503928171,-0.09216524712034181,0.9604354144984371,1007,True,4,0.02102066701673555,5
NordeaBank,M15,TrendFollowing,"fast=34,slow=89",0.031015471421639296,0.4964732650739477,0.05321852505368514,1.010946251691852,4999,True,5,0.12217181431391155,5
NordeaBank,M15,TrendFollowing,"fast=50,slow=200",0.1357561728091239,0.5119453924914675,0.23296375761379126,1.0488144954005332,4999,True,4,0.05955690090159427,5
NordeaBank,M15,VolatilityExpansion,"ema=20,mult=2.0",0.07034745300574075,0.5136186770428015,0.2240524927160736,1.1003534898838394,1147,True,4,0.03598249027196776,5
NordeaBank,M15,VolatilityExpansion,"ema=50,mult=2.5",0.017446521479551724,0.5181665735047513,0.0480831731732499,1.01492422336949,2041,True,4,0.04308182151050266,5
NordeaBank,M15,VolatilityExpansion,"ema=50,mult=3.0",0.06727942884624027,0.5187760778859527,0.21004679422299002,1.074031104583912,1634,True,4,0.04981914135658594,5
NordeaBank,M15,VolatilityExpansion,"ema=50,mult=3.5",0.04786053908776633,0.5141552511415525,0.17177160808852568,1.0679524931057969,1246,True,4,0.01353087148433485,5
NorwegianAir,H1,MeanReversion,"window=20,z=1.75",-0.05565950152841115,0.513317191283293,-0.048168197497254484,0.9770417924511715,849,True,4,0.11451982630120261,5
NorwegianAir,H1,MeanReversion,"window=20,z=2.0",0.13758355951719015,0.5247933884297521,0.150310075493431,1.1013341842127546,497,True,5,0.08118382373316513,5
NorwegianAir,H1,MeanReversion,"window=20,z=2.25",0.041731709850369225,0.509090909090909,0.07171667467027286,1.05231331094009,284,True,4,0.050128895642823745,5
NorwegianAir,H1,MeanReversion,"window=100,z=2.75",-0.03738535179662039,0.5373134328358209,-0.08281787652682109,0.915238145609,134,True,4,0.0208956936738125,5
NorwegianAir,H1,VolatilityExpansion,"ema=20,mult=1.5",-0.40869031613118356,0.4935138183869148,-0.2545121843951479,0.9226840279002142,1825,True,4,0.05277579697699253,5
NorwegianAir,H1,VolatilityExpansion,"ema=50,mult=3.5",-0.046394849395324345,0.4897560975609756,-0.03471959502749176,0.984767619777871,1056,True,4,0.2850064173210344,5
NorwegianAir,H4,MeanReversion,"window=20,z=2.0",0.9577988331354166,0.5046728971962616,0.1622727759449152,1.187908661885858,542,True,5,0.3854003315675686,5
NorwegianAir,H4,VolatilityExpansion,"ema=20,mult=2.0",0.3349959243907634,0.49527806925498424,0.04840654306555348,1.0331312508687773,965,True,4,0.19250489154865968,5
NorwegianAir,H4,VolatilityExpansion,"ema=50,mult=3.5",0.3332583554887175,0.49949031600407745,0.045419230827654734,1.0296948694980925,991,True,4,0.7250705010415401,5
NorwegianAir,M15,MeanReversion,"window=20,z=1.5",-0.11851245048593029,0.4846153846153846,-0.16811271659082427,0.9361710570518765,1363,True,4,0.02998664701978815,5
NorwegianAir,M15,MeanReversion,"window=100,z=1.75",-0.12448494747242822,0.49637305699481865,-0.20892556097331633,0.9080034081744278,1016,True,4,0.01469943332962087,5
NorwegianAir,M15,MeanReversion,"window=50,z=2.5",-0.028939103773971575,0.4681818181818182,-0.09252147513858287,0.9291432512382027,225,True,4,0.02485822849441577,5
NorwegianAir,M15,TrendFollowing,"fast=8,slow=21",-0.11326574883453211,0.5009601024109238,-0.0861419229308558,0.9805578926347355,4999,True,4,0.10810875425452715,5
NorwegianAir,M15,TrendFollowing,"fast=10,slow=30",-0.0034913704671915013,0.4969063366759121,-0.0026552505431457363,0.999395005074765,4999,True,4,0.13006277487612472,5
NorwegianAir,M15,TrendFollowing,"fast=13,slow=34",-0.06184420645744315,0.4975464049498613,-0.04703384614775944,0.9893373622316076,4999,True,4,0.08728170231756116,5
PernodRicard,H1,MeanReversion,"window=50,z=1.75",0.1532696197599427,0.5064935064935064,0.1862900373513798,1.081297277762452,1045,True,4,0.019953352638268806,5
PernodRicard,H1,MeanReversion,"window=20,z=2.0",0.06722179143917806,0.5057471264367817,0.12604057668701832,1.0698945741825658,549,True,4,0.041631396619769445,5
PernodRicard,H1,MeanReversion,"window=50,z=2.0",0.12449920008611293,0.4934210526315789,0.2016383482729366,1.10916440251502,638,True,4,0.0465429166871516,5
PernodRicard,H1,MeanReversion,"window=20,z=2.25",0.12792527441987167,0.5374149659863946,0.3222659197347471,1.2575661416088295,310,True,4,0.03807388903325182,5
PernodRicard,H1,MeanReversion,"window=50,z=2.25",0.11872150130513259,0.49318801089918257,0.25421467703027767,1.1799012340568276,390,True,4,0.07495213853337401,5
PernodRicard,H1,MeanReversion,"window=100,z=2.25",0.1347636813509384,0.48860759493670886,0.26943777306767985,1.193533689188157,417,True,4,0.10624456425047357,5
PernodRicard,H1,VolatilityExpansion,"ema=50,mult=1.5",-0.1195655796227112,0.5058539944903582,-0.0875933661402461,0.977534521767138,3043,True,4,0.06791581184333972,5
PernodRicard,H1,VolatilityExpansion,"ema=50,mult=2.0",-0.056909263138929966,0.5026666666666667,-0.04826565140430257,0.9861906054096704,2368,True,4,0.05421106848034285,5
PernodRicard,H4,MeanReversion,"window=20,z=1.5",-0.10946264989552323,0.4960231381055676,-0.07255335789084583,0.9757173280035832,1417,True,4,0.11443380013696502,5
PernodRicard,H4,MeanReversion,"window=20,z=1.75",-0.0567786417758126,0.4908503767491927,-0.04643765907723663,0.9814033649303368,949,True,4,0.04535724003154318,5
PernodRicard,H4,MeanReversion,"window=50,z=1.75",0.29341759806824474,0.5084577114427861,0.21998058917041077,1.0922713486722104,1019,True,4,0.10528804966112759,5
PernodRicard,H4,MeanReversion,"window=100,z=1.75",0.4292388951803515,0.5178389398572885,0.32609910771193956,1.1477193825819463,1001,True,5,0.20999708638327486,5
PernodRicard,H4,MeanReversion,"window=100,z=2.0",0.20833123617727478,0.5168350168350169,0.19548556435503955,1.1124983786107185,609,True,4,0.1452165600654225,5
PernodRicard,H4,MeanReversion,"window=50,z=2.25",0.34615244228148356,0.5,0.4560587914545829,1.328531068539394,400,True,4,0.12258666824764575,5
PernodRicard,H4,MeanReversion,"window=50,z=2.5",0.12703953787442457,0.49344978165938863,0.21674076213641558,1.1897032587807557,233,True,4,0.0608819953879528,5
PernodRicard,M15,MeanReversion,"window=100,z=1.75",-0.04614818759943107,0.4696282864913871,-0.10262074770393691,0.9621785330462682,1161,True,4,0.02289673298048578,5
PernodRicard,M15,MeanReversion,"window=100,z=2.0",0.02796016500382903,0.4629878869448183,0.07375280132255443,1.0345663719642706,777,True,5,0.04955254696633982,5
PernodRicard,M15,MeanReversion,"window=20,z=2.25",0.10887253685168652,0.5451713395638629,0.37435411559669973,1.2990237702979144,336,True,4,0.06332186791390626,5
PosteItaliane,H1,MeanReversion,"window=100,z=1.5",0.07680527263636716,0.5141104294478528,0.10377247884738516,1.0369230784499794,1774,True,4,0.06351113695948007,5
PosteItaliane,H1,MeanReversion,"window=20,z=1.75",0.18397418113734187,0.5430932703659976,0.3589396097162984,1.1824074403104805,913,True,4,0.07447165936728206,5
PosteItaliane,H1,MeanReversion,"window=100,z=1.75",0.017695070378067612,0.5116487455197133,0.027631419351212456,1.0119250150603234,1212,True,4,0.05920018710458386,5
PosteItaliane,H1,MeanReversion,"window=20,z=2.0",0.17269206953062355,0.5806451612903226,0.47528421906510393,1.309947574925874,532,True,4,0.0539996547059276,5
PosteItaliane,H1,VolatilityExpansion,"ema=20,mult=1.5",0.039360620361729604,0.4885817307692308,0.05073019718874678,1.0180664049066876,1790,True,4,0.024367855718299025,5
PosteItaliane,H1,VolatilityExpansion,"ema=50,mult=3.5",0.1434123741744282,0.5089201877934272,0.24689350408906294,1.1098372689672067,1156,True,4,0.05894018590085903,5
PosteItaliane,H4,MeanReversion,"window=100,z=1.5",-0.08231031422031088,0.48084855627578077,-0.046597850425947634,0.9837887039505558,1747,True,4,0.19886612451501862,5
PosteItaliane,H4,MeanReversion,"window=100,z=1.75",-0.37390656579269155,0.48,-0.2517222447551683,0.8998063821091996,1233,True,5,0.15810275849272726,5
PosteItaliane,H4,MeanReversion,"window=20,z=2.0",0.18830442700159733,0.482078853046595,0.1701906700291352,1.1031732100580036,574,True,4,0.04716419966526775,5
PosteItaliane,H4,MeanReversion,"window=50,z=2.0",0.20465914115496064,0.4956395348837209,0.1854626450214442,1.0989249752459147,707,True,4,0.13324996375285492,5
PosteItaliane,H4,MeanReversion,"window=100,z=2.0",-0.5851184587989346,0.4573248407643312,-0.4579448429527042,0.7844168006517519,806,True,5,0.1443289135179332,5
PosteItaliane,H4,MeanReversion,"window=50,z=2.25",0.28888221906321576,0.5026315789473684,0.34056236585930166,1.2678931844587003,392,True,4,0.10792830753940741,5
PosteItaliane,H4,MeanReversion,"window=50,z=2.5",0.03509619186267576,0.495,0.05862139775165566,1.0545797335032159,205,True,4,0.0674066096114384,5
PosteItaliane,H4,MeanReversion,"window=100,z=2.75",0.12927812072917289,0.5467625899280576,0.20863350364408487,1.283087476217627,141,True,5,0.09016882172736307,5
PosteItaliane,M15,MeanReversion,"window=20,z=1.5",0.12009080568683972,0.5117029862792575,0.32704772504205865,1.156227578541279,1422,True,4,0.026084614880582113,5
PosteItaliane,M15,MeanReversion,"window=50,z=1.5",0.15423330474716912,0.5198473282442748,0.4313304152686084,1.1940294377181444,1514,True,4,0.05332211647235052,5
PosteItaliane,M15,MeanReversion,"window=20,z=1.75",0.1893753778968772,0.53125,0.5804275736473257,1.414557898805273,913,True,5,0.05767362460810321,5
PosteItaliane,M15,MeanReversion,"window=50,z=1.75",0.06139791485088697,0.5241379310344828,0.2590701786585695,1.1082063174919634,990,True,5,0.036477426842307925,5
PosteItaliane,M15,MeanReversion,"window=50,z=2.0",0.019754800663391747,0.5278810408921933,0.10174540868760959,1.0526877530953496,611,True,4,0.012926114403407074,5
PosteItaliane,M15,TrendFollowing,"fast=8,slow=21",-0.1341787520455462,0.5038291947087491,-0.2341172434223517,0.9525974534028162,4998,True,4,0.039569962357721145,5
PosteItaliane,M15,TrendFollowing,"fast=10,slow=30",-0.02392443388379495,0.5015084706428405,-0.04173934124920503,0.9913801234733022,4998,True,4,0.0530174674437639,5
PosteItaliane,M15,TrendFollowing,"fast=13,slow=34",-0.06301007972803951,0.49941981898352283,-0.10993167963361557,0.9774564573378904,4998,True,4,0.06902440837341717,5
PosteItaliane,M15,TrendFollowing,"fast=50,slow=200",-0.10209326972181776,0.4924576467857972,-0.17812581992330104,0.9637270036426143,4998,True,4,0.05641580765790166,5
RaiffeisenBank,H1,MeanReversion,"window=100,z=1.5",0.2611097978877426,0.5043923865300146,0.1903078901739735,1.0762005832989294,1466,True,5,0.26526187800868195,5
RaiffeisenBank,H1,MeanReversion,"window=20,z=1.75",0.08548990010690838,0.5064782096584217,0.07894546092520922,1.0403697963353442,898,True,4,0.05550994705582013,5
RaiffeisenBank,H1,MeanReversion,"window=50,z=1.75",0.1386734799779603,0.4919191919191919,0.12023611000203416,1.0562474095832546,1055,True,5,0.12034052797530193,5
RaiffeisenBank,H1,MeanReversion,"window=50,z=2.0",0.16784346566033137,0.5082781456953642,0.16529003814913065,1.1040203907150878,643,True,5,0.13457499534670658,5
RaiffeisenBank,H1,MeanReversion,"window=20,z=2.25",0.15458459609673358,0.5406360424028268,0.20370429642197804,1.210756482940662,291,True,4,0.04704685531526609,5
RaiffeisenBank,H1,MeanReversion,"window=50,z=2.25",0.25722636624740636,0.5084745762711864,0.3464205945696794,1.2943308505792757,371,True,5,0.1832444118562211,5
RaiffeisenBank,H1,MeanReversion,"window=20,z=2.5",0.17751412604353767,0.5548780487804879,0.26350954699181306,1.4232282560897866,168,True,4,0.06676237648373406,5
RaiffeisenBank,H1,MeanReversion,"window=50,z=2.5",0.2919419145371859,0.5523809523809524,0.43165634799792185,1.5318995590999678,219,True,5,0.21879775184733063,5
RaiffeisenBank,H1,MeanReversion,"window=20,z=2.75",0.12009764246406496,0.5280898876404494,0.1870321053872902,1.412414500091132,90,True,4,0.058120529781674146,5
RaiffeisenBank,H1,MeanReversion,"window=50,z=2.75",0.18648348603159892,0.5409836065573771,0.322941411501231,1.5424774385474787,128,True,4,0.1701522934660975,5
RaiffeisenBank,H4,MeanReversion,"window=20,z=1.5",1.7815352031754623,0.5286855482933914,0.6786112729492256,1.2829409440881876,1411,True,5,0.8095185641451362,5
RaiffeisenBank,H4,MeanReversion,"window=50,z=1.5",0.22016033492609433,0.5145700071073206,0.07646210375556158,1.0282921035910377,1441,True,5,0.45031440519155075,5
RaiffeisenBank,H4,MeanReversion,"window=100,z=1.5",-0.1907535109712616,0.5010087424344317,-0.06089618405530774,0.9775892039335122,1519,True,5,0.29267234872124337,5
RaiffeisenBank,H4,MeanReversion,"window=50,z=1.75",0.5590753385995775,0.5172413793103449,0.24629789973696933,1.1124045688430715,973,True,4,0.39359086345957195,5
RaiffeisenBank,H4,MeanReversion,"window=100,z=1.75",-0.39405806792225784,0.49813780260707635,-0.14566477738059155,0.9389307619353775,1094,True,5,0.27710468570018654,5
RaiffeisenBank,H4,MeanReversion,"window=100,z=2.0",-0.6644475315112099,0.4874446085672083,-0.29439775418458736,0.850929721553277,689,True,4,0.18509399967718643,5
RaiffeisenBank,H4,MeanReversion,"window=100,z=2.25",-0.5217384097923998,0.4730941704035874,-0.26625644991236513,0.8354428653007071,453,True,4,0.10765433404337876,5
RaiffeisenBank,M15,MeanReversion,"window=50,z=1.5",0.15647311159306176,0.5145554681353265,0.2667948303971241,1.095598506794509,1463,True,4,0.06344943834545014,5
RaiffeisenBank,M15,MeanReversion,"window=100,z=1.5",0.11405827363707066,0.513348588863463,0.18521753673128777,1.0656250102736733,1521,True,5,0.09514969650264549,5
RaiffeisenBank,M15,MeanReversion,"window=100,z=2.0",0.02841497580869956,0.5104895104895105,0.06507850223067382,1.0341670144277424,655,True,4,0.048270461975697954,5
RaiffeisenBank,M15,TrendFollowing,"fast=34,slow=89",0.1559199266913135,0.50925497454882,0.1317802168766436,1.0280057419963762,4999,True,4,0.06502456355159925,5
RaiffeisenBank,M15,VolatilityExpansion,"ema=20,mult=3.0",-0.07894048703611045,0.4576659038901602,-0.20248002103943644,0.8918336415417366,481,True,4,0.036141758634758436,5
RaiffeisenBank,M15,VolatilityExpansion,"ema=20,mult=3.5",-0.007800923773588764,0.49206349206349204,-0.023499401813084388,0.9825854621028535,268,True,4,0.03338731077836987,5
RandstadHolding,H1,VolatilityExpansion,"ema=20,mult=1.5",0.05493685969139739,0.5122520420070011,0.04824054355369095,1.016507763403832,1779,True,4,0.19341944172714642,5
RandstadHolding,H1,VolatilityExpansion,"ema=20,mult=2.0",0.13926931118859642,0.5099601593625498,0.171053427045066,1.0718292381594694,1041,True,4,0.1306233053621828,5
RandstadHolding,H1,VolatilityExpansion,"ema=20,mult=2.5",-0.0072318038768893755,0.5094339622641509,-0.01190327473979124,0.9940225517477603,600,True,4,0.058583805877291284,5
RandstadHolding,H4,MeanReversion,"window=100,z=1.75",0.5379157515368473,0.5183044315992292,0.31789356231790483,1.1460926088702836,1058,True,5,0.22782013891289088,5
RandstadHolding,H4,MeanReversion,"window=100,z=2.0",0.6389366510666195,0.536115569823435,0.5010048507539905,1.307952863822848,634,True,4,0.102106502458707,5
RandstadHolding,H4,MeanReversion,"window=100,z=2.25",0.5008686190464269,0.5517241379310345,0.464786888176266,1.4105001862891924,351,True,4,0.05247797620323036,5
RandstadHolding,H4,MeanReversion,"window=50,z=2.75",0.11217898021384842,0.5350877192982456,0.23723916951126442,1.290134216268148,113,True,5,0.04200037815806579,5
RandstadHolding,M15,MeanReversion,"window=20,z=2.0",-0.020454463609275053,0.47959183673469385,-0.059280396345082344,0.9708758774796661,620,True,4,0.01361228844171325,5
RandstadHolding,M15,MeanReversion,"window=50,z=2.25",0.04384268374709721,0.49854227405247814,0.14536887239366236,1.1109368535903732,362,True,4,0.06565846958406385,5
RandstadHolding,M15,TrendFollowing,"fast=5,slow=20",-0.0004813934313528945,0.5017035775127768,-0.0004929214389584621,0.9998968519472108,4999,True,4,0.013291555260538157,5
RandstadHolding,M15,TrendFollowing,"fast=8,slow=21",0.06609889850398332,0.5027683134582623,0.06768239494229616,1.0142647462690655,4999,True,4,0.05330051661928792,5
RandstadHolding,M15,VolatilityExpansion,"ema=20,mult=1.5",-0.0053941935833645704,0.4973913043478261,-0.00812353265820812,0.9970158674075608,1835,True,4,0.03334691993757555,5
RedElectrica,H1,MeanReversion,"window=20,z=1.5",0.0976809626410784,0.49445324881141045,0.15395352003047566,1.0563238166933948,1396,True,4,0.04692472065139652,5
RedElectrica,H1,MeanReversion,"window=20,z=1.75",0.20742167918849042,0.5078787878787879,0.41513895019724806,1.1954519046137413,907,True,4,0.03961923590157612,5
RedElectrica,H1,MeanReversion,"window=100,z=1.75",0.150677504782323,0.5187165775401069,0.2560337525405497,1.118648190587222,1039,True,4,0.04361743203835755,5
RedElectrica,H1,MeanReversion,"window=50,z=2.5",0.11845048501113331,0.5147058823529411,0.33049517860174127,1.4484231477412606,227,True,4,0.02291121849649347,5
RedElectrica,H4,MeanReversion,"window=20,z=1.5",0.7723928837942728,0.5198054204308548,0.5922057547109417,1.2197443241690047,1475,True,4,0.4170463000692344,5
RedElectrica,H4,MeanReversion,"window=50,z=1.5",0.5454485954715603,0.5064059339177344,0.4154961558048167,1.1481493080262903,1521,True,5,0.24678039140330488,5
RedElectrica,H4,MeanReversion,"window=20,z=1.75",0.5856952595495672,0.5291622481442205,0.5314716548346465,1.2520301461745698,962,True,5,0.3157993955566841,5
RedElectrica,H4,MeanReversion,"window=100,z=1.75",0.414325818296273,0.5134168157423972,0.34915611217699766,1.1499223513162686,1158,True,4,0.1368925783694641,5
RedElectrica,H4,MeanReversion,"window=20,z=2.0",0.4541138340131641,0.5426944971537002,0.5641456026501047,1.3676927788668187,539,True,5,0.21599144509604495,5
RedElectrica,H4,MeanReversion,"window=50,z=2.0",0.2940240420021808,0.510569105691057,0.32884970514795847,1.189193549972992,631,True,5,0.2244774279825298,5
RedElectrica,H4,MeanReversion,"window=100,z=2.0",0.34180774288488225,0.5276923076923077,0.35903800579029,1.2117379473964973,672,True,5,0.11998509385115208,5
RedElectrica,H4,MeanReversion,"window=20,z=2.25",0.4681973193763127,0.5611510791366906,0.7706967728843885,1.8525849373894578,283,True,4,0.13032001862850495,5
RedElectrica,H4,MeanReversion,"window=50,z=2.25",0.4331976423424081,0.547945205479452,0.6089990419559823,1.5245803396016724,373,True,4,0.1951578269651021,5
RedElectrica,H4,MeanReversion,"window=100,z=2.25",0.1468349806635545,0.5242966751918159,0.1921738286184075,1.1449844119771537,403,True,4,0.11438583663333568,5
RedElectrica,H4,MeanReversion,"window=20,z=2.5",0.27979415323588896,0.5230769230769231,0.6294869644980633,2.2129254948770662,134,True,5,0.12360819025597714,5
RedElectrica,H4,MeanReversion,"window=50,z=2.5",0.2514826840577351,0.5638297872340425,0.5339967542705361,1.6718992506690682,193,True,5,0.14836897296014218,5
RedElectrica,H4,MeanReversion,"window=100,z=2.5",0.12979774963888957,0.520618556701031,0.20141387417065115,1.2331657084530485,197,True,4,0.13616157243050775,5
RedElectrica,M15,MeanReversion,"window=100,z=1.5",0.13162783390561372,0.5263578274760383,0.3967925147796858,1.1522111950813965,1584,True,4,0.04744406370516885,5
SchneiderElectric,H4,MeanReversion,"window=50,z=1.5",0.9297058588679185,0.5114268066707844,0.4795416376561131,1.1709106427019138,1643,True,4,0.4970398896480146,5
SchneiderElectric,H4,MeanReversion,"window=100,z=1.5",0.48585034207388256,0.49265138154027044,0.2407939059882123,1.0828240197044783,1724,True,4,0.35547550853107046,5
SchneiderElectric,H4,MeanReversion,"window=50,z=1.75",0.755736578626931,0.5091240875912408,0.47560262779597584,1.2100078188354428,1111,True,4,0.34037378077519675,5
SchneiderElectric,H4,MeanReversion,"window=100,z=1.75",0.7804429771851769,0.5079505300353356,0.4457005218625986,1.1997486417549568,1149,True,4,0.3588876425261185,5
SchneiderElectric,H4,MeanReversion,"window=20,z=2.0",0.46447928007142847,0.5224719101123596,0.42569059318415203,1.2644065338345214,537,True,4,0.24868594906574282,5
SchneiderElectric,H4,MeanReversion,"window=50,z=2.0",0.6516973768021415,0.5228276877761414,0.5090565203855645,1.2953549597812177,684,True,4,0.28452802155117385,5
SchneiderElectric,H4,MeanReversion,"window=100,z=2.0",0.3530558421535104,0.49857142857142855,0.2479840088598116,1.1377684436920723,713,True,4,0.23963067972960406,5
SchneiderElectric,H4,MeanReversion,"window=50,z=2.25",0.5616180822544349,0.5440806045340051,0.6058671979933348,1.490354640098078,400,True,5,0.22880892274661857,5
SchneiderElectric,H4,MeanReversion,"window=50,z=2.5",0.22294436093013403,0.5346534653465347,0.3743536082602877,1.378560276195627,204,True,4,0.09277630962377847,5
SchneiderElectric,M15,MeanReversion,"window=50,z=1.5",-0.0020123508215508235,0.4834680382072006,-0.0038058215367247077,0.9985284922982146,1423,True,5,0.06552636430152647,5
SchneiderElectric,M15,MeanReversion,"window=100,z=1.5",-0.01312189481313386,0.48451327433628316,-0.026004557264711868,0.9903653098968885,1405,True,4,0.05034503906513221,5
SchneiderElectric,M15,MeanReversion,"window=50,z=1.75",-0.06911283192385564,0.4830148619957537,-0.16804151334190043,0.9313558586300759,986,True,4,0.025575967201047156,5
StoraEnso,H1,MeanReversion,"window=100,z=2.5",0.04614801674023872,0.4925373134328358,0.09228318912382727,1.0721304904056532,276,True,4,0.05486219093129274,5
StoraEnso,H1,VolatilityExpansion,"ema=20,mult=2.5",0.1062586948994203,0.5151515151515151,0.13599385408719925,1.0717475492122386,641,True,4,0.0407742794091569,5
StoraEnso,H4,MeanReversion,"window=50,z=1.75",0.3935027743208057,0.4873046875,0.22035078191973376,1.0921993941425736,1037,True,4,0.11762331920069247,5
StoraEnso,H4,TrendFollowing,"fast=13,slow=34",-0.5877145630712444,0.4968386702019172,-0.14963338192192366,0.9725968370084865,4999,True,4,0.21924192756166194,5
StoraEnso,H4,TrendFollowing,"fast=34,slow=89",-0.18239812144137368,0.4935753620232511,-0.0464370863528961,0.9914142570425788,4999,True,5,0.35608859576552887,5
StoraEnso,H4,TrendFollowing,"fast=50,slow=200",-0.3331592774736081,0.49092392412808483,-0.08482050525246898,0.9843731600194507,4999,True,4,0.20073952491570046,5
StoraEnso,H4,VolatilityExpansion,"ema=20,mult=2.5",-0.17581329655224132,0.49894736842105264,-0.123038031521689,0.9276873577645498,478,True,4,0.07661498477274775,5
StoraEnso,H4,VolatilityExpansion,"ema=20,mult=3.0",-0.22394541226964426,0.47959183673469385,-0.24569062766510222,0.7986776290086496,198,True,4,0.0978883439545819,5
StoraEnso,H4,VolatilityExpansion,"ema=50,mult=3.0",-0.3068349502239931,0.5133640552995392,-0.1522866169166201,0.9406382600803431,1103,True,4,0.10172370726001045,5
StoraEnso,M15,TrendFollowing,"fast=5,slow=20",0.35897585653037467,0.5110122829309615,0.29345856589471003,1.0666869399139016,4998,True,4,0.22701343599620438,5
StoraEnso,M15,TrendFollowing,"fast=8,slow=21",0.5311257580007973,0.5167301990681914,0.434277360413227,1.100270565354021,4998,True,4,0.22219752384684344,5
StoraEnso,M15,TrendFollowing,"fast=10,slow=30",0.5609760720117751,0.5118593816179585,0.45870444406931565,1.106205223311816,4998,True,4,0.11696929534622424,5
StoraEnso,M15,VolatilityExpansion,"ema=50,mult=1.5",0.3057740734466248,0.5077989601386482,0.2900870506058593,1.0895575431138067,3045,True,4,0.12310742043124745,5
StoraEnso,M15,VolatilityExpansion,"ema=50,mult=2.0",0.21441559646819186,0.5021459227467812,0.21663753718799122,1.075832969417812,2469,True,4,0.06374139959562097,5
StoraEnso,M15,VolatilityExpansion,"ema=50,mult=2.5",0.16709598052241248,0.5112540192926045,0.23418666608106445,1.0737150432792324,1985,True,4,0.07369432937035614,5
StoraEnso,M15,VolatilityExpansion,"ema=20,mult=3.5",0.08784627295660752,0.5194805194805194,0.33595919928889256,1.3792956722856877,156,True,5,0.04042286458444477,5
SvenskaHandelsbanken,H1,MeanReversion,"window=100,z=1.5",-0.056747182230258764,0.5010423905489924,-0.06548830226171923,0.9717728554924409,1542,True,4,0.05157699721736386,5
SvenskaHandelsbanken,H1,MeanReversion,"window=100,z=1.75",-0.0336576437442796,0.5105527638190954,-0.04214104821818291,0.9766574711787664,1066,True,4,0.06369661302915852,5
SvenskaHandelsbanken,H1,MeanReversion,"window=20,z=2.0",-0.010726607936437649,0.5108910891089109,-0.01634569757233578,0.9855025588466374,532,True,4,0.05578004367275757,5
SvenskaHandelsbanken,H1,MeanReversion,"window=50,z=2.0",0.05712266521602671,0.5079872204472844,0.090174408385162,1.0657766256655643,664,True,4,0.0695086004287454,5
SvenskaHandelsbanken,H1,MeanReversion,"window=100,z=2.0",0.025888159580110592,0.5053763440860215,0.041209407095114725,1.0272103899541347,689,True,4,0.05439281592167211,5
SvenskaHandelsbanken,H1,MeanReversion,"window=20,z=2.25",0.08662503930926602,0.5160142348754448,0.3085472416824679,1.2562323529199457,296,True,4,0.051962285748848314,5
SvenskaHandelsbanken,H1,MeanReversion,"window=100,z=2.25",0.04536691337744081,0.5151515151515151,0.07713392375249777,1.0681979047901062,453,True,5,0.058613073301780005,5
SvenskaHandelsbanken,H1,MeanReversion,"window=20,z=2.5",0.0266747415237073,0.49390243902439024,0.1174923137829502,1.115351936246002,171,True,4,0.042595942842252654,5
SvenskaHandelsbanken,H1,TrendFollowing,"fast=21,slow=55",-0.044387066873128656,0.49613235926085086,-0.027581541324466902,0.9930976652540112,4999,True,5,0.23987722542818624,5
SvenskaHandelsbanken,H1,VolatilityExpansion,"ema=50,mult=1.5",0.12188959071190297,0.4953405017921147,0.10439034328206465,1.0321138266725614,3015,True,5,0.12547071441377733,5
SvenskaHandelsbanken,H4,MeanReversion,"window=50,z=1.5",-0.004235671800320251,0.49410994764397903,-0.002566557074799315,0.9990745441758643,1564,True,4,0.09106754685968677,5
SvenskaHandelsbanken,H4,MeanReversion,"window=100,z=1.5",-0.050090953497262,0.4823529411764706,-0.030260814911852365,0.988956218478579,1483,True,4,0.10928892529984768,5
SvenskaHandelsbanken,H4,MeanReversion,"window=100,z=1.75",0.12281201611727743,0.48661567877629064,0.09277749752826159,1.038806001095255,1073,True,4,0.10423699424562338,5
SvenskaHandelsbanken,H4,MeanReversion,"window=100,z=2.25",0.028534523848065207,0.4954128440366973,0.032641475139601896,1.0203574734950354,447,True,4,0.06697696013951271,5
SvenskaHandelsbanken,H4,MeanReversion,"window=100,z=2.75",0.017775925663511716,0.5337423312883436,0.03819311377763199,1.0355818125638492,166,True,4,0.06471176225806807,5
SvenskaHandelsbanken,H4,VolatilityExpansion,"ema=20,mult=3.0",0.23227716850192215,0.47706422018348627,0.285096468897679,1.2218596230984164,330,True,4,0.1353258178021377,5
SvenskaHandelsbanken,M15,TrendFollowing,"fast=5,slow=20",0.18336335677313065,0.5131327602674307,0.30651349425486313,1.0734536415605325,4999,True,5,0.17764170535419932,5
SvenskaHandelsbanken,M15,TrendFollowing,"fast=8,slow=21",0.1632257581960529,0.5133715377268386,0.2728405615307508,1.0651240327644202,4999,True,5,0.16158935942265884,5
SvenskaHandelsbanken,M15,TrendFollowing,"fast=10,slow=30",0.08880067277816794,0.5114613180515759,0.14841962544310633,1.0349114774227985,4999,True,4,0.1330985484998536,5
SvenskaHandelsbanken,M15,TrendFollowing,"fast=13,slow=34",0.03439040963464535,0.5085959885386819,0.05747729042100252,1.0133773155259793,4999,True,4,0.1543929120473898,5
SvenskaHandelsbanken,M15,TrendFollowing,"fast=21,slow=55",-0.015688710919899873,0.5031041069723018,-0.026220679598685095,0.9939562105257093,4999,True,4,0.17810413804194136,5
SvenskaHandelsbanken,M15,TrendFollowing,"fast=34,slow=89",-0.2109807272231069,0.49426934097421205,-0.3527004901529639,0.9216700139744547,4999,True,4,0.1361265536657047,5
SvenskaHandelsbanken,M15,TrendFollowing,"fast=50,slow=200",-0.04077314156234324,0.5054918815663801,-0.06814504265358248,0.9843684180345588,4999,True,4,0.05428100739655595,5
SvenskaHandelsbanken,M15,VolatilityExpansion,"ema=20,mult=1.5",0.14786531928627344,0.5248392752776154,0.4648131890600498,1.146458845639887,2017,True,5,0.06665184190603557,5
SvenskaHandelsbanken,M15,VolatilityExpansion,"ema=50,mult=1.5",0.0497613250441723,0.5141896938013443,0.12265173201730636,1.0308746144595842,3177,True,4,0.06610547957736546,5
SvenskaHandelsbanken,M15,VolatilityExpansion,"ema=20,mult=2.0",0.05276575788853921,0.5183856502242152,0.21024465788180222,1.0766509709893362,1310,True,4,0.06295034836581359,5
SvenskaHandelsbanken,M15,VolatilityExpansion,"ema=50,mult=2.0",0.04909569564078953,0.5197865718096932,0.130463281550917,1.0361554862413365,2675,True,4,0.0914117025208998,5
SvenskaHandelsbanken,M15,VolatilityExpansion,"ema=50,mult=2.5",0.06448828449765154,0.5206971677559913,0.19445643158416337,1.059253781237634,2180,True,4,0.08084891432929098,5
SvenskaHandelsbanken,M15,VolatilityExpansion,"ema=50,mult=3.0",0.02666966732685072,0.5241990456714383,0.0904828943205062,1.0302666410486232,1747,True,4,0.06768402819241581,5
SvenskaHandelsbanken,M15,VolatilityExpansion,"ema=50,mult=3.5",-0.0026865666168415236,0.530161427357689,-0.009860880061057084,0.9963177206093822,1391,True,4,0.03719492684465675,5
SwissLife,H1,MeanReversion,"window=20,z=1.75",0.16076695914662498,0.5141921397379913,0.3635045048896322,1.1652505931046708,955,True,4,0.029613568451970496,5
SwissLife,H1,MeanReversion,"window=50,z=1.75",0.10751044675551513,0.49765698219306465,0.1729267872119937,1.0867001825838993,1124,True,4,0.09643949924144035,5
SwissLife,H1,MeanReversion,"window=50,z=2.0",0.0638905401360369,0.4984984984984985,0.11381625287623862,1.0772583784654768,701,True,5,0.11634280034988231,5
SwissLife,H1,MeanReversion,"window=50,z=2.25",0.049740329310773324,0.5196629213483146,0.15743821892951065,1.1158999882950207,372,True,4,0.041186428564960575,5
SwissLife,H1,MeanReversion,"window=100,z=2.25",0.07927059311098816,0.5164319248826291,0.1442966602363349,1.1327155066917751,454,True,4,0.09395892247829596,5
SwissLife,H1,MeanReversion,"window=50,z=2.5",0.06574474062186708,0.5555555555555556,0.23748805036465168,1.2627026397790877,196,True,4,0.024391572211732937,5
SwissLife,H4,MeanReversion,"window=100,z=2.0",-0.0815869591794417,0.4810126582278481,-0.05842829405899371,0.967307846492771,816,True,4,0.06469425208052393,5
SwissLife,H4,MeanReversion,"window=100,z=2.5",0.20023036754143386,0.4956896551724138,0.3031710622445326,1.316741603874365,237,True,4,0.05713121736766136,5
SwissLife,H4,VolatilityExpansion,"ema=20,mult=1.5",0.6749188732859437,0.5170387779083431,0.35065954942616073,1.1385520417884833,1738,True,4,0.10938354186270427,5
SwissLife,H4,VolatilityExpansion,"ema=50,mult=2.0",0.8330114112080542,0.5290798611111112,0.38935847631835147,1.1326762434260567,2356,True,5,0.22608299767639384,5
SwissLife,H4,VolatilityExpansion,"ema=50,mult=2.5",0.6812039130490685,0.5285952248750694,0.3361221695480256,1.131964607168569,1837,True,5,0.1538782732370625,5
SwissLife,M15,MeanReversion,"window=20,z=2.0",0.050812864950489534,0.4972170686456401,0.2661009958764667,1.1574345495521545,583,True,4,0.010555488025913218,5
SwissLife,M15,TrendFollowing,"fast=21,slow=55",-0.15653117704713881,0.4988962472406181,-0.2974302586918,0.9420498190100415,4999,True,4,0.05274341009966277,5
SwissRe,H1,MeanReversion,"window=20,z=2.5",0.04363830222280496,0.5259259259259259,0.18555425590944505,1.2078558220730309,142,True,4,0.014108826514475203,5
SwissRe,H1,TrendFollowing,"fast=5,slow=20",0.12462634430754693,0.5096705632306058,0.08272188100737403,1.0180672882753803,4998,True,4,0.20185968890428063,5
SwissRe,H1,TrendFollowing,"fast=8,slow=21",0.25374365144922095,0.5105207226354942,0.16843187454650133,1.0371331747899517,4998,True,4,0.2279675482149729,5
SwissRe,H1,TrendFollowing,"fast=13,slow=34",0.3152140544025276,0.5092454835281616,0.20924156123821044,1.04633725025813,4998,True,4,0.14778773016024538,5
SwissRe,H1,TrendFollowing,"fast=21,slow=55",-0.0857671024579475,0.4975557917109458,-0.05692829527997393,0.9877529744041093,4998,True,4,0.09249570721855627,5
SwissRe,H1,VolatilityExpansion,"ema=50,mult=1.5",0.28000535341815225,0.5109739368998628,0.23831239137350974,1.066627992088854,3089,True,4,0.18325057420053614,5
SwissRe,H4,VolatilityExpansion,"ema=20,mult=1.5",1.0643574753817804,0.5104287369640788,0.5307640778055758,1.2057101162362176,1774,True,4,0.25460136074640305,5
SwissRe,H4,VolatilityExpansion,"ema=20,mult=2.0",1.2446656190554781,0.5315739868049011,0.7145445987238007,1.3875231945580653,1096,True,5,0.4324487336282813,5
SwissRe,H4,VolatilityExpansion,"ema=50,mult=2.0",0.5257515221592372,0.5083406496927129,0.23271535589727296,1.0747251221311955,2340,True,4,0.16586958060673718,5
SwissRe,H4,VolatilityExpansion,"ema=20,mult=2.5",0.9168829913189595,0.5489864864864865,0.6415071888063335,1.475918818127217,607,True,5,0.2661791883279271,5
SwissRe,H4,VolatilityExpansion,"ema=50,mult=2.5",0.5575873591999694,0.5081232492997199,0.27219571584771113,1.1003102695768865,1837,True,4,0.21726145750089754,5
SwissRe,H4,VolatilityExpansion,"ema=50,mult=3.0",1.0587769851230353,0.5216434336023478,0.5794167442317816,1.2634821490443793,1402,True,4,0.24820696750856563,5
SwissRe,M15,MeanReversion,"window=50,z=2.0",0.15290578601382243,0.5309090909090909,0.5282622382528921,1.3886910618413444,594,True,4,0.06679467613325185,5
SwissRe,M15,MeanReversion,"window=50,z=2.25",0.10054724069484078,0.5465465465465466,0.47354327252619105,1.400397900711324,360,True,5,0.05247448337716387,5
SwissRe,M15,MeanReversion,"window=50,z=2.5",0.032127038521224005,0.5255102040816326,0.17452213167179592,1.1791649531585682,208,True,4,0.03110357792052887,5
SwissRe,M15,TrendFollowing,"fast=34,slow=89",0.05500122601316748,0.5124523221898137,0.07486146782577092,1.0167650127866283,4999,True,5,0.18729248586775737,5
SwissRe,M15,TrendFollowing,"fast=50,slow=200",-0.051417650021127304,0.49876598608929773,-0.06998381008907793,0.9845774390946551,4999,True,5,0.15836617641518602,5
SwissRe,M15,VolatilityExpansion,"ema=50,mult=1.5",0.11189712829432996,0.5203938115330521,0.17480598198304803,1.0523013835348562,3155,True,4,0.027829185103100507,5
TGSNOPEC,H1,MeanReversion,"window=100,z=1.5",0.0547189099327432,0.49663928304705,0.033889495043437974,1.0129878821558227,1403,True,4,0.1491157671696931,5
TGSNOPEC,H1,MeanReversion,"window=20,z=1.75",0.2632152646009257,0.5310077519379846,0.2618602390862678,1.127695253429721,819,True,4,0.14665461513704758,5
TGSNOPEC,H1,MeanReversion,"window=100,z=1.75",-0.024386967059884967,0.5040899795501023,-0.017379477577151907,0.992347737289679,1019,True,4,0.16491951004627692,5
TGSNOPEC,H1,MeanReversion,"window=20,z=2.0",0.19971692800831264,0.5287610619469026,0.2452188966266729,1.1577907376732544,477,True,4,0.12272902402126518,5
TGSNOPEC,H1,MeanReversion,"window=50,z=2.0",-0.15193941242667508,0.5040783034257749,-0.1475652709508899,0.9241406603785148,646,True,4,0.04466465054286739,5
TGSNOPEC,H1,MeanReversion,"window=100,z=2.0",0.1308447663718777,0.5192307692307693,0.11589322272346657,1.064836841078136,650,True,4,0.1436958551402726,5
TGSNOPEC,H1,MeanReversion,"window=20,z=2.25",0.28294341975004245,0.546875,0.4358078988506486,1.4173355852549356,269,True,4,0.10399467732196077,5
TGSNOPEC,H1,MeanReversion,"window=50,z=2.25",0.14193269322271573,0.5295698924731183,0.19242292869744976,1.1331873691888172,391,True,4,0.09272574419305957,5
TGSNOPEC,H1,MeanReversion,"window=20,z=2.5",0.25771516704229025,0.6029411764705882,0.501851934284356,1.7458534864459558,143,True,4,0.08928407321453213,5
TGSNOPEC,H1,MeanReversion,"window=50,z=2.5",0.1019203138564001,0.526829268292683,0.16266429307461436,1.1555756105088426,217,True,5,0.07171665256677184,5
TGSNOPEC,H1,MeanReversion,"window=20,z=2.75",0.06753065629472721,0.5633802816901409,0.17410736055709988,1.2814876774505104,74,True,4,0.01997767244977866,5
TGSNOPEC,H4,MeanReversion,"window=50,z=1.5",0.3312434797762114,0.5055710306406686,0.11315211268437265,1.0411290080920033,1474,True,4,0.2054611999040734,5
TGSNOPEC,H4,MeanReversion,"window=50,z=2.25",0.027956757920569175,0.5074257425742574,0.019644503203327418,1.0121952081935095,411,True,4,0.09702379104213654,5
TGSNOPEC,H4,TrendFollowing,"fast=5,slow=20",0.4901872085651505,0.5055192150449714,0.09262939324287302,1.0180315143672978,4999,True,4,1.023395676943907,5
TGSNOPEC,H4,TrendFollowing,"fast=8,slow=21",0.6630364265066028,0.5069501226492232,0.1252940272324855,1.0244675504662875,4999,True,4,0.9656121686497483,5
TGSNOPEC,H4,TrendFollowing,"fast=13,slow=34",0.6986282673497762,0.509198691741619,0.13202027263026697,1.0257979119972402,4999,True,4,0.5641840769672736,5
TGSNOPEC,H4,VolatilityExpansion,"ema=50,mult=2.5",-0.35216057976150916,0.4913013221990257,-0.11261511338808629,0.9602281816933258,1476,True,4,0.03961097702647354,5
TGSNOPEC,M15,MeanReversion,"window=50,z=1.5",0.2723936712345405,0.5263987391646966,0.3428685092371264,1.1368100008416737,1409,True,4,0.11729440166066596,5
TGSNOPEC,M15,MeanReversion,"window=50,z=1.75",0.4210816679751507,0.5435540069686411,0.5981480631467279,1.3176517110105597,955,True,4,0.12606208996605306,5
TGSNOPEC,M15,MeanReversion,"window=100,z=1.75",0.28486945828247434,0.5371549893842887,0.41971222766295263,1.2015197010137235,1049,True,4,0.049678395504358264,5
TGSNOPEC,M15,MeanReversion,"window=20,z=2.0",0.5470090463190485,0.5541922290388548,0.9510136084576596,1.8046625062401158,537,True,4,0.09038502503625567,5
TGSNOPEC,M15,MeanReversion,"window=100,z=2.0",0.27880870559554427,0.5460636515912898,0.5246733849749706,1.3189948529500355,664,True,4,0.05162669471798864,5
TGSNOPEC,M15,MeanReversion,"window=20,z=2.25",0.42941483868496844,0.5634674922600619,0.8482829428740998,1.8986920387306214,352,True,5,0.08295550338422697,5
TGSNOPEC,M15,MeanReversion,"window=100,z=2.25",0.22921269443045267,0.5502793296089385,0.5142971255881884,1.4253943947246306,397,True,5,0.0408209830267906,5
TGSNOPEC,M15,MeanReversion,"window=20,z=2.75",0.22214568449736882,0.6134453781512605,0.6679079417260472,2.2259233619834777,129,True,4,0.05065932110283333,5
TGSNOPEC,M15,MeanReversion,"window=50,z=2.75",0.21150086803321722,0.5891472868217055,0.6157431003656185,2.0071657596723607,141,True,4,0.030052634953639745,5
TGSNOPEC,M15,TrendFollowing,"fast=21,slow=55",0.2873526738856902,0.5043280182232346,0.18421493780150805,1.0423669826021769,4999,True,4,0.016468465315972902,5
TecnicasReunidas,H1,MeanReversion,"window=20,z=1.5",0.4520394760578962,0.52734375,0.35244897244195256,1.1321693061162377,1359,True,4,0.12518636809246386,5
TecnicasReunidas,H1,MeanReversion,"window=20,z=1.75",0.4282053362777176,0.5352286773794809,0.40493933010918903,1.1961610068091664,852,True,4,0.09329409819660206,5
TecnicasReunidas,H1,MeanReversion,"window=20,z=2.0",0.33754540469939653,0.5452631578947369,0.37290471332970593,1.2432042171156497,501,True,4,0.058473072098179646,5
TecnicasReunidas,H1,MeanReversion,"window=20,z=2.25",0.3594273199391501,0.5527272727272727,0.4581416310389748,1.4294335832873863,287,True,5,0.1087180714650291,5
TecnicasReunidas,H1,MeanReversion,"window=50,z=2.25",0.03930788878829872,0.4973404255319149,0.04333216503098427,1.0304323181938961,387,True,4,0.014944271179619273,5
TecnicasReunidas,H1,TrendFollowing,"fast=50,slow=200",0.4828288889449426,0.49808184143222506,0.18088640202047856,1.03716405264138,4999,True,4,0.13017744235086048,5
TecnicasReunidas,H4,MeanReversion,"window=20,z=1.5",1.1093084909110853,0.5203552923760177,0.367763062125278,1.1333777661854467,1383,True,4,0.5465723668479896,5
TecnicasReunidas,H4,MeanReversion,"window=20,z=1.75",0.83008297637241,0.518058690744921,0.3417180919009083,1.1493135709233655,908,True,4,0.2830503316646311,5
TecnicasReunidas,H4,MeanReversion,"window=50,z=1.75",-0.02646608550823537,0.49294354838709675,-0.010259585065398473,0.9959864654988405,1012,True,4,0.2756330701326569,5
TecnicasReunidas,H4,MeanReversion,"window=20,z=2.0",0.8262472217430906,0.5227272727272727,0.4187689732785454,1.2426935412800308,540,True,4,0.22899099120952726,5
TecnicasReunidas,H4,MeanReversion,"window=20,z=2.25",0.4622851379887153,0.5049833887043189,0.3031376239063673,1.23056418515388,306,True,4,0.1372903493642449,5
TecnicasReunidas,H4,MeanReversion,"window=50,z=2.25",0.4285045802798214,0.4914004914004914,0.2585198266596852,1.167962505425332,415,True,4,0.14099892426109084,5
TecnicasReunidas,H4,TrendFollowing,"fast=34,slow=89",0.3294996250486034,0.4950779327317473,0.059685329441053994,1.0109970485566373,4999,True,4,0.7458830961281437,5
TecnicasReunidas,M15,MeanReversion,"window=100,z=1.5",0.10981955080054362,0.5122749590834698,0.15715937713938552,1.0565716820983542,1426,True,4,0.03257273606175504,5
TecnicasReunidas,M15,MeanReversion,"window=20,z=1.75",0.29434897487296063,0.5366178428761651,0.5002085997449334,1.2624450171852053,882,True,4,0.11242521373853809,5
TecnicasReunidas,M15,MeanReversion,"window=50,z=1.75",0.1727742704506956,0.5240443896424167,0.29404036152008983,1.1335104692931643,946,True,4,0.08137446120191927,5
TecnicasReunidas,M15,MeanReversion,"window=20,z=2.25",0.21030800103558833,0.5540540540540541,0.5242536159551415,1.4598624454568836,337,True,5,0.06225392643665506,5
TecnicasReunidas,M15,MeanReversion,"window=20,z=2.5",0.1432026592913619,0.5977011494252874,0.4760958846054784,1.5235936758609123,195,True,4,0.05174807278844673,5
TecnicasReunidas,M15,TrendFollowing,"fast=21,slow=55",0.0890618204055692,0.4992686494392979,0.0711400285199679,1.0148701619136995,4999,True,4,0.07104015667138808,5
TelecomItalia,H4,MeanReversion,"window=20,z=2.0",-0.5598259086487823,0.469811320754717,-0.3550736879217784,0.8083271588468205,539,True,4,0.02074601039674584,5
TelecomItalia,H4,VolatilityExpansion,"ema=20,mult=2.0",1.5749800109230216,0.5328614762386249,0.644830570862951,1.3532560873339565,1004,True,4,0.3233326952155108,5
TelecomItalia,H4,VolatilityExpansion,"ema=20,mult=3.0",0.4379742624341253,0.5111940298507462,0.27794337962811566,1.2807428722256247,269,True,4,0.010233433790859725,5
TelecomItalia,H4,VolatilityExpansion,"ema=50,mult=3.0",1.2498998632823297,0.5323679727427598,0.4816622665217922,1.2247542719620466,1189,True,5,0.2625981946495284,5
TelecomItalia,M15,MeanReversion,"window=20,z=2.5",-0.06774228125039738,0.5058139534883721,-0.20451291219494286,0.7756301783107435,182,True,4,0.04197513445981049,5
TelecomItalia,M15,VolatilityExpansion,"ema=20,mult=1.5",0.019172539166307123,0.48296593186372744,0.026728137627962955,1.010253838564923,1581,True,4,0.019392958538963057,5
TelecomItalia,M15,VolatilityExpansion,"ema=20,mult=2.5",0.11810301661275036,0.49896907216494846,0.23570542274553957,1.1731603497063305,512,True,5,0.1282980519441499,5
TelecomItalia,M15,VolatilityExpansion,"ema=50,mult=3.0",-0.053265352331513305,0.48336106489184694,-0.08564258457583634,0.9641654498938874,1264,True,4,0.028766029553720873,5
TelecomItalia,M15,VolatilityExpansion,"ema=50,mult=3.5",0.01898137450545656,0.4715447154471545,0.034019533096253864,1.0177745708141075,905,True,4,0.08330726808073996,5
UnibailRodamco,H1,MeanReversion,"window=20,z=1.5",0.07274088071820017,0.4888888888888889,0.08747495629684356,1.0326965804116084,1362,True,4,0.09780477911269347,5
UnibailRodamco,H1,MeanReversion,"window=100,z=1.5",-0.04355206176352755,0.48284789644012943,-0.04564406002085558,0.9841003835465605,1592,True,4,0.09448565818649379,5
UnibailRodamco,H1,MeanReversion,"window=20,z=1.75",0.050815668715216145,0.49005847953216375,0.07076994358610542,1.0331066467066234,892,True,4,0.11965572683682246,5
UnibailRodamco,H1,MeanReversion,"window=20,z=2.25",0.037155121783672085,0.5,0.11184799823821713,1.088391475993234,282,True,4,0.07214774980261274,5
UnibailRodamco,H1,MeanReversion,"window=50,z=2.25",-0.033298493177235655,0.5191256830601093,-0.0664076666158768,0.9521130574543194,380,True,4,0.05910584073626812,5
UnibailRodamco,H1,TrendFollowing,"fast=50,slow=200",-0.26998803991518483,0.5162953795379538,-0.1612497132738259,0.96848850845048,4999,True,4,0.23005145511093728,5
UnibailRodamco,H4,MeanReversion,"window=20,z=2.25",-0.11342595144446377,0.47735191637630664,-0.06672912487477188,0.9338720243328453,293,True,5,0.23196310626749528,5
UnibailRodamco,H4,MeanReversion,"window=100,z=2.25",-0.05328307068670568,0.489749430523918,-0.029687179671866928,0.9803165923536603,441,True,4,0.05684778868195428,5
UnibailRodamco,H4,MeanReversion,"window=50,z=2.75",0.22747525671461355,0.5213675213675214,0.23525247842595856,1.3395252661042685,119,True,4,0.06636629812571615,5
UnibailRodamco,M15,MeanReversion,"window=20,z=1.5",0.10531125726070545,0.5119322555812164,0.3025182253649359,1.1111276830003762,1394,True,4,0.0775516144075793,5
UnibailRodamco,M15,MeanReversion,"window=20,z=1.75",0.12460127668152621,0.5154994259471871,0.41605123443573333,1.1983439409329417,926,True,4,0.07056353205378163,5
UnibailRodamco,M15,MeanReversion,"window=50,z=1.75",0.1028744403985169,0.5147392290249433,0.3565219654766762,1.1596286970151917,950,True,4,0.05291649126088671,5
UnibailRodamco,M15,MeanReversion,"window=50,z=2.0",0.11458134781216123,0.5514705882352942,0.4878299585730786,1.2940670579521718,573,True,4,0.03862056722843488,5
VEON,H1,MeanReversion,"window=20,z=1.5",14.220194515662545,0.6845039018952063,3.194765580869274,4.879434913006006,1046,True,5,3.7446932883034063,5
VEON,H1,MeanReversion,"window=50,z=1.5",14.512839977159508,0.6600199401794616,3.2108739029120237,4.4899644611299,1162,True,5,2.911450876154462,5
VEON,H1,MeanReversion,"window=20,z=1.75",10.394832188875471,0.7142857142857143,2.7914094364727435,5.778140772454159,684,True,5,2.9635160688324866,5
VEON,H1,MeanReversion,"window=50,z=1.75",9.952777779099875,0.6602373887240356,2.5896171371276013,4.288877849751159,771,True,5,2.325256206397892,5
VEON,H1,MeanReversion,"window=100,z=1.75",8.956692242465909,0.6329113924050633,2.334384692213264,3.5297471011720183,821,True,4,1.3000134975852888,5
VEON,H1,MeanReversion,"window=20,z=2.0",6.5395266657678075,0.7106741573033708,2.156458465938025,6.057838814307879,404,True,5,1.7391360621215823,5
VEON,H1,MeanReversion,"window=50,z=2.0",6.521852177997726,0.6643518518518519,2.0879417060188286,4.41987448181665,484,True,5,1.4305758621214903,5
VEON,H1,MeanReversion,"window=100,z=2.0",6.864259859305243,0.6539278131634819,2.0812167943515205,4.196522209238226,537,True,4,1.0337495770229392,5
VEON,H1,MeanReversion,"window=20,z=2.25",3.6419431670265725,0.7208121827411168,1.5823349399016227,5.459319683902546,218,True,4,0.9982725539428194,5
VEON,H1,MeanReversion,"window=50,z=2.25",3.9283508660705158,0.6629213483146067,1.5720522987760681,4.163166909260248,297,True,5,0.6795222131093308,5
VEON,H1,MeanReversion,"window=50,z=2.5",2.45997643892492,0.6686390532544378,1.2339497882652806,3.7630089531675925,186,True,5,0.4728997318909737,5
VEON,H4,MeanReversion,"window=20,z=1.5",5.784458222753436,0.5679702048417132,1.1042918499459946,1.5636764679235908,1252,True,4,1.5956253852487094,5
VEON,H4,MeanReversion,"window=50,z=1.5",4.713247472687212,0.5594827586206896,0.6888858436437806,1.3669456622684404,1338,True,4,0.9376446912401009,5
VEON,H4,MeanReversion,"window=20,z=1.75",3.8552463664484358,0.5661764705882353,0.8822527563219861,1.5717873947416345,776,True,4,0.7067773705106908,5
VEON,H4,MeanReversion,"window=50,z=1.75",3.729419205338656,0.5591677503250976,0.6009055966183159,1.417926504951156,884,True,4,0.8451132316716702,5
VEON,H4,MeanReversion,"window=50,z=2.0",2.447879624666977,0.5596868884540117,0.5521795572250603,1.4080513011795608,584,True,4,0.6929532043682685,5
VEON,H4,TrendFollowing,"fast=10,slow=30",-2.367442804030236,0.4942257836436484,-0.22449336596785993,0.9535525305196699,4999,True,4,0.46283291188698517,5
VEON,H4,TrendFollowing,"fast=21,slow=55",-0.8359730667491935,0.5012962526514259,-0.07926441983834585,0.9833486739611345,4999,True,4,0.8803328930567984,5
VEON,M15,MeanReversion,"window=20,z=1.5",5.255516169659367,0.6138002059732235,1.7980167547357004,2.78371940747333,1114,True,5,1.4190030599136285,5
VEON,M15,MeanReversion,"window=50,z=1.5",4.175397635663446,0.5569259962049335,1.6412651474439715,2.3807392684717956,1239,True,4,1.1472875370501596,5
VEON,M15,MeanReversion,"window=100,z=1.5",2.8375651244424525,0.5276558384547849,1.280836648020198,1.830458390313148,1356,True,4,0.6122740973409834,5
VEON,M15,MeanReversion,"window=20,z=1.75",4.16630922179567,0.6085672082717873,1.535706799259954,2.8085732062202844,758,True,4,1.2564211612405252,5
VEON,M15,MeanReversion,"window=50,z=1.75",3.5827886672150164,0.565880721220527,1.5020683947348927,2.7069289481299155,823,True,5,1.0178695147080765,5
VEON,M15,MeanReversion,"window=20,z=2.0",3.538302503154927,0.6458797327394209,1.5502189052999815,3.4770306938954265,497,True,4,1.0040389281837057,5
VEON,M15,MeanReversion,"window=50,z=2.0",3.0738203638330504,0.578,1.3944347719480215,3.2041653944787276,556,True,4,0.8318363976614022,5
VEON,M15,MeanReversion,"window=100,z=2.0",2.336896824397754,0.5482625482625483,1.3216815080607582,2.5165673943927986,603,True,4,0.5795726945048536,5
VEON,M15,MeanReversion,"window=20,z=2.25",3.2094183355717476,0.685064935064935,1.4842007818873257,4.580884266799841,327,True,5,0.9320865819156958,5
VEON,M15,MeanReversion,"window=50,z=2.25",2.6112468744374744,0.5825825825825826,1.2499931866202623,3.6817231686826957,362,True,4,0.8531878883597865,5
VEON,M15,MeanReversion,"window=20,z=2.5",2.7475640404621062,0.7069767441860465,1.3535931340292584,5.551626025677145,228,True,5,0.9103473283391871,5
VEON,M15,MeanReversion,"window=50,z=2.5",2.0909301968002634,0.5803571428571429,1.0981521965751597,4.47325570815548,242,True,4,0.6730146116104636,5
VEON,M15,MeanReversion,"window=20,z=2.75",1.9061511950789884,0.7181208053691275,1.1574009653837294,5.34975087174801,155,True,5,0.5724128106668663,5
VEON,M15,MeanReversion,"window=50,z=2.75",1.733901785981983,0.62,1.1266762985923204,6.174148077548871,159,True,4,0.5581289224148548,5
VEON,M15,MeanReversion,"window=20,z=3.0",1.542490784616158,0.7352941176470589,1.005873577498384,5.815788542567604,106,True,4,0.4864320537115693,5
VF,H1,MeanReversion,"window=20,z=2.0",-0.04304531314856885,0.556989247311828,-0.03095071862976095,0.9813923785353738,474,True,5,0.24011274721844145,5
VF,H1,MeanReversion,"window=20,z=2.25",0.046971921911716064,0.5961538461538461,0.03955444281195078,1.0335925871726666,266,True,5,0.3138425588384205,5
VF,H1,MeanReversion,"window=20,z=2.5",0.059910285986248035,0.5733333333333334,0.06141016967305003,1.0698521701058687,152,True,4,0.1779278198105636,5
VF,H1,MeanReversion,"window=50,z=2.5",-0.10793478740757234,0.49777777777777776,-0.08437426391848324,0.9229222646888227,231,True,4,0.041288136662998465,5
VF,H1,MeanReversion,"window=20,z=2.75",0.04686041119480466,0.5632183908045977,0.05386094889700854,1.08055920338882,87,True,4,0.16756607147562552,5
VF,H4,MeanReversion,"window=50,z=1.5",0.8341678962956116,0.49409312022237667,0.2315484878497739,1.0958163804890968,1450,True,4,0.38023921667000393,5
VF,H4,MeanReversion,"window=50,z=1.75",0.9147854606584923,0.4878286270691334,0.2898604824482501,1.1490268030347275,1032,True,4,0.27163062136776717,5
VF,H4,TrendFollowing,"fast=50,slow=200",1.427195184254202,0.511237092528852,0.23395496150950384,1.0503102418139696,4999,True,4,0.913884453239264,5
VF,H4,VolatilityExpansion,"ema=50,mult=2.5",-0.8018342343790376,0.49942726231386025,-0.21414126796953206,0.9267570384004036,1768,True,4,0.2789698013544306,5
VF,H4,VolatilityExpansion,"ema=20,mult=3.5",0.37859240243388637,0.5539568345323741,0.388574757288556,1.6020956891163383,139,True,4,0.13424708336281677,5
VF,M15,MeanReversion,"window=100,z=1.5",0.34744987048642006,0.5161532682193839,0.3021676437552031,1.1211495750947242,1421,True,4,0.04825936997391833,5
VF,M15,MeanReversion,"window=100,z=1.75",0.36618424397123306,0.5274853801169591,0.3854849733581166,1.191998169611849,903,True,4,0.09440215732837065,5
VF,M15,MeanReversion,"window=50,z=2.0",0.15802652630871195,0.5144404332129964,0.19815624286305666,1.1090898938965992,580,True,4,0.10562102355683145,5
VF,M15,MeanReversion,"window=100,z=2.0",0.2148501562731484,0.5283018867924528,0.2559853535398221,1.1633793126961827,555,True,4,0.05126479170929299,5
VF,M15,MeanReversion,"window=100,z=2.25",0.3229754236518533,0.5562700964630225,0.5356074490134702,1.4381894861512021,320,True,4,0.07340853402038705,5
VF,M15,MeanReversion,"window=100,z=2.5",0.19989978811040154,0.5454545454545454,0.4035238990705361,1.4041171467476186,205,True,4,0.07931211978381136,5
VF,M15,MeanReversion,"window=50,z=2.75",0.10248218291776001,0.4967741935483871,0.1939294392319015,1.205765643083762,159,True,4,0.03253953099720852,5
VF,M15,TrendFollowing,"fast=13,slow=34",0.1558049320151197,0.5022712524334848,0.0581099119989572,1.0142579215969085,4999,True,4,0.3455727577444554,5
VF,M15,VolatilityExpansion,"ema=50,mult=2.5",0.05291490689466538,0.5031847133757962,0.032793091146489144,1.011749352974735,2019,True,4,0.18104045195189833,5
Vale,H1,MeanReversion,"window=100,z=1.5",0.1586343787860447,0.5010893246187363,0.12014409374896792,1.0478270677962562,1507,True,4,0.13618526659263763,5
Vale,H1,MeanReversion,"window=100,z=1.75",-0.07978620694128369,0.482897384305835,-0.07129288022808153,0.9675730442291527,1100,True,4,0.06591713327587301,5
Vale,H1,VolatilityExpansion,"ema=20,mult=2.0",0.4537649365044639,0.5134788189987163,0.35729109227358535,1.1328999025816577,1717,True,5,0.23011940200192305,5
Vale,H1,VolatilityExpansion,"ema=20,mult=3.5",0.09999661230654233,0.5135869565217391,0.21499415787317908,1.1414803692538904,402,True,4,0.12697855446843154,5
Vale,H4,TrendFollowing,"fast=10,slow=30",1.234983655047935,0.5054650443390389,0.17542980626766402,1.034516890490851,4999,True,5,1.9047026323089336,5
Vale,H4,TrendFollowing,"fast=13,slow=34",0.3161156128301603,0.5062899566921014,0.04490175695466443,1.0087231872292075,4999,True,5,1.6742866867798019,5
Vale,H4,TrendFollowing,"fast=21,slow=55",0.9633658913391097,0.5083522375747577,0.13684314778054307,1.0268235567680508,4999,True,4,1.2397941291058796,5
Vale,H4,TrendFollowing,"fast=34,slow=89",0.7197059675481604,0.5058775005155702,0.10223032984905747,1.0199714450210544,4999,True,4,1.4039902975659548,5
Vale,H4,TrendFollowing,"fast=50,slow=200",1.038477973644085,0.5184574138997732,0.14751347511704432,1.0289452140146222,4999,True,4,0.6398577655608635,5
Vale,H4,VolatilityExpansion,"ema=50,mult=1.5",0.16484867857974506,0.5057509037134407,0.02953964668043657,1.0072653090433448,3146,True,5,1.1717481150772793,5
Vale,M15,MeanReversion,"window=50,z=2.25",-0.13187967236624498,0.4441489361702128,-0.4115472457117415,0.7785023399613837,438,True,4,0.02773443683916299,5
Vale,M15,MeanReversion,"window=50,z=2.5",-0.10401431875658396,0.4268292682926829,-0.3720830938497647,0.7520112113076654,285,True,4,0.017198666724739464,5
Vale,M15,TrendFollowing,"fast=50,slow=200",-0.153240324803805,0.5077627895138712,-0.13231917542348728,0.9693508251459451,4999,True,4,0.09184777852427828,5
Valero,H1,MeanReversion,"window=20,z=2.25",0.0327853067257905,0.5096153846153846,0.05517283388309756,1.038041837561615,314,True,4,0.030930333112727193,5
Valero,H1,VolatilityExpansion,"ema=20,mult=3.5",0.17452052605147694,0.5523809523809524,0.40632400023787263,1.7278840675278277,104,True,5,0.03865538925353951,5
Valero,H4,MeanReversion,"window=20,z=2.5",0.23000549454839114,0.5588235294117647,0.3730077307287049,1.4873454069639689,136,True,4,0.06300503727626283,5
Valero,H4,TrendFollowing,"fast=10,slow=30",1.7246947461715638,0.5032154340836013,0.3099789900631624,1.0630820862045203,4999,True,4,1.4729779963464906,5
Valero,H4,TrendFollowing,"fast=13,slow=34",1.858472361056259,0.5048231511254019,0.3340330746424793,1.0681418189322174,4999,True,4,1.2900004596924115,5
Valero,H4,VolatilityExpansion,"ema=20,mult=1.5",0.5433194331709976,0.5041766109785203,0.16946137075230674,1.0577596899765254,1681,True,5,0.8093238520094092,5
Valero,H4,VolatilityExpansion,"ema=50,mult=1.5",0.9029299209172492,0.49761417859577367,0.2017210096878619,1.054748941789567,2944,True,4,1.4277287266494691,5
Valero,H4,VolatilityExpansion,"ema=20,mult=2.0",0.47570895831883264,0.5185909980430529,0.18324455763129233,1.08183180599878,1026,True,4,0.6485990403217471,5
Valero,H4,VolatilityExpansion,"ema=50,mult=2.0",1.1875074413513984,0.5006407518154635,0.3055784266763624,1.0911318994244261,2349,True,5,1.3237864264519477,5
Valero,H4,VolatilityExpansion,"ema=50,mult=3.0",1.108710825782226,0.5217717717717718,0.3489179634553101,1.1460387883982777,1338,True,4,0.9403055300686783,5
Valero,M15,MeanReversion,"window=50,z=1.5",0.32498239915425864,0.5162162162162162,0.38946214194019124,1.1576016460898193,1497,True,5,0.1162229244961468,5
Valero,M15,MeanReversion,"window=100,z=1.5",0.03211730250396494,0.496790757381258,0.03741946876156004,1.0142278724513907,1572,True,4,0.10436980842873811,5
Valero,M15,MeanReversion,"window=100,z=1.75",0.04407358538276873,0.5048975957257347,0.06094729658990797,1.0271817595230708,1132,True,4,0.03313636398883435,5
Valero,M15,MeanReversion,"window=20,z=2.5",0.1565280868161495,0.5413223140495868,0.3062774102971566,1.3244696750622873,243,True,4,0.026338132112164292,5
Valero,M15,MeanReversion,"window=100,z=3.25",0.03961739777651385,0.5394736842105263,0.16420907776141253,1.271334549656829,75,True,4,0.026137400113070308,5
Ventas,H1,MeanReversion,"window=50,z=1.5",0.44165055502449535,0.5096525096525096,0.41609537910517047,1.1495230867656232,1579,True,4,0.263565694834068,5
Ventas,H1,MeanReversion,"window=100,z=1.5",0.4124681227484267,0.5019404915912031,0.40046341537503294,1.1444646730860144,1575,True,5,0.2569953087872553,5
Ventas,H1,MeanReversion,"window=50,z=1.75",0.5162061814384071,0.5317535545023697,0.5792865518083178,1.2650535695175085,1072,True,4,0.20645996204309547,5
Ventas,H1,MeanReversion,"window=100,z=1.75",0.4602497940555502,0.5009803921568627,0.5099201553745774,1.242832011376285,1040,True,5,0.237478313252505,5
Ventas,H1,MeanReversion,"window=50,z=2.0",0.4040604165073841,0.5295031055900621,0.5620769871930347,1.350160814614158,658,True,4,0.15976487974867626,5
Ventas,H1,MeanReversion,"window=100,z=2.0",0.26722275461982004,0.4983164983164983,0.36674338260148664,1.2245540430252189,606,True,4,0.17588732180852362,5
Ventas,H4,MeanReversion,"window=50,z=2.75",0.039182137414217943,0.4306569343065693,0.04811507289038324,1.0525491599751693,136,True,4,0.0927714966885671,5
Ventas,H4,TrendFollowing,"fast=21,slow=55",0.2402250627613074,0.5085633689300826,0.04479447308316045,1.0100581325217128,4999,True,4,0.9197207180363487,5
Ventas,H4,TrendFollowing,"fast=34,slow=89",0.4761252079123166,0.5059439854926456,0.088783519357542,1.0200341213867097,4999,True,4,0.8790206323552889,5
Ventas,H4,TrendFollowing,"fast=50,slow=200",-0.6232151195654132,0.49667539794479143,-0.11621281150225321,0.974369514208883,4999,True,4,1.167453276389883,5
Ventas,H4,VolatilityExpansion,"ema=50,mult=1.5",0.2073719533827404,0.5235866042491898,0.04653242606511887,1.0148470923263189,2801,True,4,0.9486096415128173,5
Ventas,H4,VolatilityExpansion,"ema=50,mult=2.0",0.5825149322673907,0.5198720877112837,0.1491669645501277,1.053904142274196,2208,True,4,0.9461743149380349,5
Ventas,H4,VolatilityExpansion,"ema=20,mult=2.5",0.26892923157638293,0.5404814004376368,0.10645805700463001,1.0926736211854775,460,True,4,0.5467325119981348,5
Ventas,M15,MeanReversion,"window=20,z=1.5",0.31299608957111535,0.5465376023827252,0.5114540165021434,1.2345927921116462,1372,True,5,0.08405754775735608,5
Ventas,M15,MeanReversion,"window=20,z=1.75",0.256131611750109,0.5436013590033975,0.5415875337559509,1.2995953802339046,902,True,4,0.05281793692762815,5
Ventas,M15,MeanReversion,"window=20,z=2.0",0.24796653846009298,0.5616197183098591,0.6131475897300673,1.4599827428860794,579,True,5,0.05860143624885772,5
Ventas,M15,TrendFollowing,"fast=21,slow=55",0.006815134351958685,0.5002068680182044,0.007308937996787133,1.0015175562770393,4999,True,5,0.10839803104279322,5
Ventas,M15,TrendFollowing,"fast=34,slow=89",-0.0750922813066559,0.49669011170872984,-0.08053426474105271,0.9834299755000857,4999,True,4,0.10451557360222075,5
Ventas,M15,TrendFollowing,"fast=50,slow=200",-0.08471733204591758,0.49937939594538683,-0.09085716778062794,0.9813259218688121,4999,True,4,0.06960599285899227,5
Verisign,H1,MeanReversion,"window=20,z=1.5",0.3312297557310755,0.5265306122448979,0.35013343529887453,1.1312788881679061,1477,True,4,0.28224713940752766,5
Verisign,H1,MeanReversion,"window=50,z=1.5",0.34576570011855357,0.5166889185580774,0.34342966911671596,1.1325804493925242,1507,True,4,0.09769211330972882,5
Verisign,H1,MeanReversion,"window=100,z=1.5",0.3914561414177138,0.5138339920948617,0.3554031612745349,1.1455845937924978,1526,True,4,0.057315122175741195,5
Verisign,H1,MeanReversion,"window=20,z=1.75",0.222785343952696,0.526813880126183,0.28390684498839924,1.1308133480240992,955,True,4,0.13479025149492485,5
Verisign,H1,MeanReversion,"window=50,z=1.75",0.30032908297987115,0.5239024390243903,0.33455391031371606,1.1650184097858638,1034,True,4,0.08682876235661718,5
Verisign,H1,MeanReversion,"window=50,z=2.0",0.2419279401277089,0.5278637770897833,0.33665064021140284,1.210592860131103,650,True,4,0.08369154759006125,5
Verisign,H1,MeanReversion,"window=100,z=2.5",0.1951787605791463,0.549800796812749,0.32899531931273884,1.3811295289104346,251,True,4,0.08029335320950581,5
Verisign,H4,MeanReversion,"window=20,z=1.5",0.7849504247394506,0.5134408602150538,0.41091309299091117,1.1601410669154475,1494,True,5,0.4839854774138217,5
Verisign,H4,MeanReversion,"window=50,z=1.5",0.8420823880386133,0.5160703456640389,0.4076389647027413,1.1547166810182434,1656,True,4,0.5726294050730616,5
Verisign,H4,MeanReversion,"window=100,z=1.5",0.5589571729718724,0.5076201641266119,0.2651588742409025,1.097784902993457,1712,True,4,0.10953261892762811,5
Verisign,H4,MeanReversion,"window=20,z=1.75",0.6351046053504945,0.5267576075550892,0.3890913229700461,1.1977424830898056,956,True,4,0.4179995552800698,5
Verisign,H4,MeanReversion,"window=50,z=1.75",0.9491500249669327,0.5180831826401446,0.5615192254283762,1.2787183136795295,1110,True,4,0.5153820942973488,5
Verisign,H4,MeanReversion,"window=20,z=2.0",0.4275248440242646,0.5410122164048866,0.32818061903588874,1.2216955310484354,576,True,4,0.1500843562201719,5
Verisign,H4,MeanReversion,"window=50,z=2.0",0.6133608860456642,0.5252976190476191,0.4580643252273343,1.294383590070361,675,True,4,0.3612695038026891,5
Verisign,H4,MeanReversion,"window=20,z=2.25",0.28643719965183634,0.5412541254125413,0.29608873608221853,1.2742728044179925,304,True,5,0.2428351631406328,5
Verisign,H4,MeanReversion,"window=50,z=2.25",0.3662792244000137,0.5023923444976076,0.3278207133799909,1.2666478347177006,419,True,5,0.25265019781201936,5
Verisign,H4,MeanReversion,"window=100,z=2.25",0.442900123759562,0.5127020785219399,0.3411499551229618,1.293682677342142,433,True,4,0.22462644236629659,5
Verisign,H4,MeanReversion,"window=20,z=2.5",0.3849286837440603,0.5987261146496815,0.5356666904580589,1.9210023063821429,157,True,4,0.10866791460474667,5
Verisign,H4,MeanReversion,"window=100,z=2.5",0.5164065768027757,0.5085470085470085,0.4899379282197603,1.6595865012459299,234,True,5,0.2837333859387988,5
Verisign,H4,MeanReversion,"window=100,z=2.75",0.42559922171637554,0.5190839694656488,0.5085149476303346,2.0455415115449664,131,True,4,0.24909846622864518,5
Verisign,M15,MeanReversion,"window=20,z=1.5",0.3870482847719572,0.5296191819464033,0.4779184387670389,1.2290335062299922,1437,True,4,0.03092263740996637,5
Verisign,M15,MeanReversion,"window=20,z=1.75",0.3279073251645348,0.5343680709534369,0.43252832015848275,1.2736390126724175,912,True,4,0.0311341291789462,5
Verisign,M15,MeanReversion,"window=20,z=2.5",0.3447707307055876,0.6075268817204301,0.784927546279292,2.46042803247962,186,True,4,0.06624011913998473,5
Verisign,M15,MeanReversion,"window=20,z=2.75",0.2113423448077163,0.6016949152542372,0.6480701573380385,2.15289867444094,117,True,4,0.032007520179307525,5
Verisk,H1,MeanReversion,"window=20,z=1.5",0.500424088575089,0.5173130193905817,0.4515173030981661,1.2230898905225691,1454,True,5,0.23010385131213962,5
Verisk,H1,MeanReversion,"window=50,z=1.5",0.48160706744745574,0.5158831003811944,0.4028303980071217,1.1977944386509263,1585,True,4,0.11421208195257426,5
Verisk,H1,MeanReversion,"window=100,z=1.5",0.8207233338394043,0.5121506682867558,0.7523312165241953,1.329569357237106,1657,True,5,0.10503001413747948,5
Verisk,H1,MeanReversion,"window=20,z=1.75",0.19353005340526463,0.5026968716289104,0.1956588781813132,1.1238126702708775,935,True,5,0.11942672780463948,5
Verisk,H1,MeanReversion,"window=50,z=1.75",0.4815194174401842,0.5261627906976745,0.4334595856416184,1.286910571427692,1039,True,4,0.1171440518545489,5
Verisk,H1,MeanReversion,"window=100,z=1.75",0.6228081953779127,0.5124777183600713,0.6429709965072549,1.3678480956122456,1130,True,5,0.06590347313191147,5
Verisk,H1,MeanReversion,"window=20,z=2.0",0.1076984445225192,0.5028571428571429,0.12289669689240683,1.1107895879576186,533,True,5,0.11629070690631593,5
Verisk,H1,MeanReversion,"window=100,z=2.0",0.4356327524775432,0.5170454545454546,0.5259895438575218,1.3896345648459965,708,True,5,0.032700929784092114,5
Verisk,H1,MeanReversion,"window=20,z=2.25",0.043196245810581124,0.5155709342560554,0.05244916017025971,1.0685002788016615,293,True,4,0.09132085617589403,5
Verisk,H1,MeanReversion,"window=100,z=2.25",0.2986300348058041,0.5071428571428571,0.40515205072666394,1.4072313410983808,422,True,4,0.03914636139700045,5
Verisk,H1,MeanReversion,"window=100,z=2.5",0.17439140730762903,0.47547169811320755,0.24892045063662643,1.3067142430979086,265,True,4,0.01414572088728494,5
Verisk,H1,MeanReversion,"window=20,z=2.75",-0.027307995252610295,0.5131578947368421,-0.03581119277759731,0.9112360896759953,75,True,4,0.029469281729220587,5
Verisk,H4,MeanReversion,"window=20,z=1.75",0.574684273090042,0.522432701894317,0.37205309309872087,1.194138018774081,1010,True,4,0.18997786035072017,5
Verisk,H4,MeanReversion,"window=20,z=2.0",0.3870315080121014,0.5334507042253521,0.30475882395817844,1.2284674871482848,571,True,4,0.044451497608563484,5
Verisk,H4,TrendFollowing,"fast=5,slow=20",0.291089354950551,0.5139698492462311,0.08835923390478745,1.018060253453718,4999,True,5,0.46550868241617793,5
Verisk,H4,TrendFollowing,"fast=10,slow=30",0.6142706194333977,0.5208040201005025,0.18646984023037547,1.0384975711289903,4999,True,4,0.686768250059688,5
Verisk,H4,TrendFollowing,"fast=13,slow=34",0.8258108744459606,0.52,0.2506996043768613,1.0521005887119161,4999,True,4,0.7440825353879551,5
Verisk,H4,TrendFollowing,"fast=21,slow=55",0.2233882463663338,0.5105527638190954,0.06780834910045144,1.013830780266065,4999,True,4,0.8991527275778096,5
Verisk,M15,MeanReversion,"window=20,z=3.0",0.12429738348213182,0.6590909090909091,0.5751554606628855,2.0434798431055206,88,True,4,0.024378685126260513,5
Verizon,H1,MeanReversion,"window=20,z=1.5",-0.01651648041582454,0.5,-0.019058890813054553,0.9926634888734976,1383,True,4,0.03092340379274494,5
Verizon,H1,MeanReversion,"window=50,z=1.5",-0.297103225725012,0.4802768166089965,-0.34008281993302486,0.8825190111750312,1497,True,4,0.07515880119551677,5
Verizon,H1,MeanReversion,"window=100,z=1.5",-0.09648620532203289,0.48679514632405424,-0.1043663058705928,0.9594084863202837,1446,True,4,0.033360908922608457,5
Verizon,H1,MeanReversion,"window=50,z=1.75",-0.26365151801458186,0.484,-0.3531462664270195,0.8543768373395123,1036,True,4,0.10873272502774789,5
Verizon,H1,MeanReversion,"window=20,z=2.25",-0.013163179916799495,0.49635036496350365,-0.03220230321208346,0.9760888476334187,284,True,4,0.03563393464801845,5
Verizon,H1,TrendFollowing,"fast=5,slow=20",0.12880905439173285,0.5061906727197689,0.07840412439677744,1.0164186041437602,4999,True,4,0.07361883198009056,5
Verizon,H1,TrendFollowing,"fast=8,slow=21",-0.016832957535593662,0.5024762690879075,-0.01024584395697496,0.9978741251482683,4999,True,4,0.0442242351294595,5
Verizon,H4,MeanReversion,"window=50,z=2.0",0.09572662104846053,0.5048231511254019,0.09110576629994223,1.051353291776634,628,True,4,0.20575626294878957,5
Verizon,H4,MeanReversion,"window=100,z=2.0",0.47941319324328147,0.5206463195691203,0.4326384252333024,1.3032159565421624,566,True,4,0.16107663805998096,5
Verizon,H4,MeanReversion,"window=20,z=2.25",-0.059986491874455705,0.5294117647058824,-0.07961393916682613,0.9351242714244187,293,True,4,0.04641180928004385,5
Verizon,H4,MeanReversion,"window=50,z=2.25",0.037715248586078665,0.4904632152588556,0.04755493657869813,1.0351414784751718,370,True,4,0.1392229630388495,5
Verizon,H4,MeanReversion,"window=50,z=2.5",0.055848312168233716,0.5078534031413613,0.08824805149956426,1.0955416985309114,194,True,4,0.034561854389233315,5
Verizon,H4,TrendFollowing,"fast=34,slow=89",-1.3767058403037642,0.49381213227835263,-0.48988534576664494,0.9097748738522535,4999,True,4,0.29425786089502026,5
Verizon,M15,VolatilityExpansion,"ema=20,mult=1.5",0.04041319279983968,0.5029868578255675,0.08538446845562037,1.0286922115361383,1797,True,4,0.06386103715646674,5
Verizon,M15,VolatilityExpansion,"ema=20,mult=2.0",0.04098775432685309,0.5074211502782932,0.10752250763025817,1.0436140542737962,1138,True,4,0.0686736766815863,5
Vertex,H1,MeanReversion,"window=50,z=1.5",0.039902336234417635,0.508760545100584,0.03350358910367528,1.0125001001698508,1546,True,4,0.13118455545012053,5
Vertex,H1,MeanReversion,"window=100,z=1.5",-0.034211779648815055,0.4993646759847522,-0.028450451927343152,0.9898159641064566,1578,True,4,0.13004944972340315,5
Vertex,H1,MeanReversion,"window=50,z=1.75",0.08737559453366395,0.49571020019065776,0.08846323515714101,1.0406194612246287,1050,True,4,0.13258660547184364,5
Vertex,H1,MeanReversion,"window=50,z=2.25",-0.02169598762050906,0.528,-0.02774276754119467,0.9774454688185928,374,True,4,0.08128733497259555,5
Vertex,H1,MeanReversion,"window=50,z=2.5",-0.10217450900459168,0.5408163265306123,-0.13976522426592122,0.8508570935931944,195,True,4,0.040434996397324396,5
Vertex,H4,MeanReversion,"window=50,z=1.5",1.538800677520328,0.5206971677559913,0.6878603914394864,1.2779947593849887,1378,True,4,0.3918317180224178,5
Vertex,H4,MeanReversion,"window=50,z=1.75",1.439016954301766,0.5292841648590022,0.7698512415467405,1.3879862030291565,922,True,5,0.3535366457935356,5
Vertex,H4,MeanReversion,"window=50,z=2.0",0.5885179185586565,0.5303030303030303,0.42477983311102185,1.244184484251057,593,True,4,0.08240709844740801,5
Vertex,M15,MeanReversion,"window=50,z=1.5",0.4409623380605152,0.5058214747736093,0.46018857009665165,1.2598087641773545,1562,True,5,0.19220764041657468,5
Vertex,M15,MeanReversion,"window=100,z=1.5",0.23750524022620756,0.4979973297730307,0.3586429688411889,1.143491077212365,1513,True,4,0.11286921546662643,5
Vertex,M15,MeanReversion,"window=50,z=1.75",0.32716928726940664,0.5243088655862727,0.5422567931717478,1.2808840780447706,1058,True,4,0.11275657224867563,5
Vertex,M15,MeanReversion,"window=100,z=1.75",0.24567135580886124,0.5111542192046556,0.42320249134388443,1.2166515859773297,1045,True,4,0.0941028609553256,5
Vertex,M15,MeanReversion,"window=50,z=2.0",0.20495783052164274,0.524390243902439,0.39325093037379805,1.258185388935741,661,True,4,0.06891238622589169,5
Vertex,M15,MeanReversion,"window=100,z=2.0",0.14296883708793473,0.5168539325842697,0.2981939280232723,1.1952269380090488,628,True,4,0.05152015525120057,5
Vertex,M15,MeanReversion,"window=50,z=2.25",0.17920296292487325,0.5263157894736842,0.41577969651156543,1.3568670263480065,401,True,4,0.056724789690721034,5
Vertex,M15,MeanReversion,"window=50,z=2.75",0.08694747047251206,0.5069444444444444,0.26565134020561715,1.3931679991621029,144,True,4,0.014042614854238078,5
Visa,H1,MeanReversion,"window=20,z=1.5",0.24865620433228774,0.5150891632373114,0.3377566605948227,1.1243901082662167,1467,True,4,0.089916149183765,5
Visa,H1,MeanReversion,"window=50,z=2.0",-0.016998002902033682,0.49637155297532654,-0.03407876570512321,0.9834177518226498,695,True,4,0.10632489099704834,5
Visa,H1,MeanReversion,"window=50,z=2.25",-0.03687435963894403,0.4889975550122249,-0.0907982556588741,0.9440445965976466,412,True,4,0.039847144918601085,5
Visa,H1,MeanReversion,"window=50,z=2.75",-0.06714946132404853,0.43661971830985913,-0.2321459469244441,0.7802643356067754,143,True,4,0.024261396756507292,5
Visa,H1,TrendFollowing,"fast=10,slow=30",0.05271621041101626,0.5063393036828335,0.036667233174442565,1.0071306495111338,4999,True,5,0.18774815594538663,5
Visa,H1,TrendFollowing,"fast=13,slow=34",-0.02812596421659752,0.5065405514187965,-0.01956322944617856,0.9962162340228711,4999,True,4,0.09923805410342323,5
Visa,H4,MeanReversion,"window=50,z=1.5",1.0641192611739625,0.501233045622688,0.559853630492891,1.2222646182068293,1625,True,4,0.2583808318124803,5
Visa,H4,MeanReversion,"window=50,z=2.0",0.7487828853494777,0.5038639876352395,0.6010807568351049,1.4008514965573666,648,True,4,0.2914985435903552,5
Visa,M15,MeanReversion,"window=20,z=1.5",0.011708022280513597,0.5269121813031161,0.02060475196008572,1.0085346561457837,1418,True,4,0.05208401480657787,5
Visa,M15,MeanReversion,"window=20,z=1.75",0.03624827518731122,0.5231431646932185,0.07179446243968741,1.0374867108663413,932,True,4,0.04725095155590908,5
Visa,M15,MeanReversion,"window=20,z=2.0",0.022638333504532815,0.5376532399299475,0.05341448223059295,1.034736421625154,573,True,5,0.04463047608097037,5
Visa,M15,MeanReversion,"window=50,z=2.0",-0.02308994272177467,0.5251572327044025,-0.07351344700478338,0.9624278651762097,638,True,4,0.039441097835032246,5
Visa,M15,MeanReversion,"window=50,z=2.75",0.005251116959652524,0.4906832298136646,0.030902717996073203,1.0295647060553772,161,True,4,0.020920374665529984,5
Visa,M15,MeanReversion,"window=50,z=3.0",0.01584418026294554,0.5048543689320388,0.10617013621230192,1.134999849137251,103,True,4,0.01998243777409503,5
Visa,M15,VolatilityExpansion,"ema=20,mult=2.5",0.048779366961507864,0.5073068893528184,0.12699746887759908,1.0899272956819803,481,True,4,0.012682032130910903,5
Vornado,H1,MeanReversion,"window=20,z=1.75",0.12307760838028314,0.5339074273412271,0.07200326942333496,1.0316931623473682,942,True,4,0.0673161984479892,5
Vornado,H1,MeanReversion,"window=20,z=2.0",0.010831097519252597,0.5347985347985348,0.008327431624238605,1.0046659691232394,554,True,4,0.012350195219666738,5
Vornado,H1,MeanReversion,"window=50,z=2.5",0.2613150126759467,0.54,0.2523537487975235,1.2362461968449066,257,True,4,0.08331543196671454,5
Vornado,H1,VolatilityExpansion,"ema=20,mult=1.5",-0.028919743842035883,0.5022058823529412,-0.014271079914136507,0.9950253526305459,1386,True,4,0.05897835860612388,5
Vornado,H1,VolatilityExpansion,"ema=20,mult=2.0",-0.3483137759319327,0.484251968503937,-0.21756000226294123,0.903292968489988,778,True,4,0.12572836262488718,5
Vornado,H1,VolatilityExpansion,"ema=50,mult=2.5",-0.10209849983981867,0.5066273932253313,-0.04800915155936629,0.982518540161702,1383,True,4,0.06278199185715716,5
Vornado,H4,MeanReversion,"window=20,z=1.5",0.8133203462919095,0.5057636887608069,0.2810893027045717,1.1100749239023375,1400,True,4,0.03944639733454103,5
Vornado,H4,MeanReversion,"window=50,z=2.0",0.7645610787402743,0.5067114093959731,0.4136931105600987,1.258031329062596,601,True,4,0.26591777815089557,5
Vornado,H4,MeanReversion,"window=50,z=2.5",0.059107034995233954,0.47738693467336685,0.06421757342092281,1.0593548951530043,201,True,4,0.056862399995041946,5
Vornado,M15,MeanReversion,"window=20,z=1.5",0.7119270327158354,0.5525502318392581,0.7742860238157926,1.3273658322903825,1338,True,5,0.32343067072888476,5
Vornado,M15,MeanReversion,"window=50,z=1.5",0.5603211558618755,0.5282623866015352,0.6597516241084594,1.2453980317192488,1482,True,4,0.13855393647458603,5
Vornado,M15,MeanReversion,"window=100,z=1.5",0.4318933771125031,0.5294117647058824,0.4857668740941601,1.1747895362920349,1537,True,4,0.049329342668256615,5
Vornado,M15,MeanReversion,"window=20,z=1.75",0.4764870765868986,0.5558086560364465,0.5867338377292082,1.3003169106418588,906,True,5,0.2728204022121208,5
Vornado,M15,MeanReversion,"window=50,z=1.75",0.39164264716465447,0.5356773526370218,0.565915509680119,1.2514854612364184,996,True,5,0.1219944015140525,5
Vornado,M15,MeanReversion,"window=20,z=2.0",0.43705946912725324,0.5732838589981447,0.6442969829254629,1.4315315273401226,553,True,5,0.2224172198649872,5
Vornado,M15,MeanReversion,"window=50,z=2.0",0.3542579406284925,0.5443037974683544,0.5986935560818708,1.3302213233906965,647,True,4,0.12737987949561314,5
Vornado,M15,MeanReversion,"window=20,z=2.25",0.3059419002655963,0.5684523809523809,0.5221141864824982,1.454260123379572,344,True,5,0.14821840378832607,5
Vornado,M15,MeanReversion,"window=50,z=2.25",0.29141356565015164,0.5397590361445783,0.614207727485778,1.4354065511885101,424,True,4,0.1134941682514774,5
Vornado,M15,MeanReversion,"window=100,z=2.25",0.19445232023787284,0.531322505800464,0.3916007517120177,1.2661168897759665,440,True,4,0.03469642921579008,5
Vornado,M15,MeanReversion,"window=20,z=2.5",0.21066223315710575,0.558974358974359,0.4342433889152743,1.5076958572032984,198,True,5,0.11483215267757008,5
Vornado,M15,MeanReversion,"window=50,z=2.5",0.23892137305173022,0.5593869731800766,0.61540952363765,1.5658632418327334,265,True,4,0.07314889207286135,5
Vornado,M15,MeanReversion,"window=100,z=2.5",0.19796814280366004,0.5642023346303502,0.4959093384483375,1.477622146525008,264,True,5,0.07050807821556215,5
Vornado,M15,MeanReversion,"window=50,z=2.75",0.17315604409229002,0.5660377358490566,0.5483216408201631,1.680109201979692,160,True,4,0.03610560822169384,5
Vornado,M15,MeanReversion,"window=100,z=2.75",0.08412950901210503,0.5228758169934641,0.24276510032226792,1.275606170185046,156,True,4,0.03813662127354933,5
Vornado,M15,MeanReversion,"window=100,z=3.0",0.09283184669294242,0.5252525252525253,0.3385878419504731,1.5156544141477475,100,True,4,0.0692651106536245,5
WalMart,H1,MeanReversion,"window=50,z=1.5",0.08744625748453327,0.4897713598074609,0.09621645840114348,1.0353561043821624,1696,True,5,0.07353378569990998,5
WalMart,H1,MeanReversion,"window=50,z=1.75",0.041506520304011585,0.48299912816041846,0.05540553261893091,1.0244378373025655,1169,True,4,0.027813404547503695,5
WalMart,H1,MeanReversion,"window=50,z=2.0",-0.04272581577426482,0.5041208791208791,-0.07835533847730829,0.9611532806051759,744,True,5,0.059611341317026056,5
WalMart,H1,MeanReversion,"window=50,z=2.25",0.07822379458552386,0.515970515970516,0.18883571501832128,1.131747927450513,414,True,4,0.04408535462609153,5
WalMart,H4,MeanReversion,"window=50,z=1.75",0.16796991619724744,0.5125348189415042,0.12076959025357692,1.0530254541158865,1095,True,4,0.25268065450825195,5
WalMart,H4,MeanReversion,"window=20,z=2.0",0.34308709097052215,0.5445205479452054,0.32416875794942024,1.2180459982360599,594,True,4,0.14703978153387376,5
WalMart,H4,MeanReversion,"window=50,z=2.0",0.12783373609199988,0.5193905817174516,0.10904895223840472,1.058505162629394,731,True,4,0.19697577395875376,5
WalMart,H4,MeanReversion,"window=20,z=2.5",0.09051918354441135,0.5818181818181818,0.1723923112094013,1.201155381257376,166,True,5,0.09889926842910157,5
WalMart,M15,MeanReversion,"window=50,z=1.5",0.02599139487097779,0.49625595643294756,0.059346699465580556,1.0204817142991638,1509,True,5,0.054683861471792605,5
WalMart,M15,MeanReversion,"window=100,z=1.5",-0.03029654143474747,0.49596523898199874,-0.07066050047255157,0.9776963328204299,1645,True,4,0.025021448089035614,5
WalMart,M15,MeanReversion,"window=50,z=1.75",0.07343755860335244,0.4989733059548255,0.19639764875685403,1.0859634200785775,998,True,4,0.023717616001652786,5
WalMart,M15,MeanReversion,"window=100,z=1.75",-0.034116738792047796,0.4918347742555235,-0.09361308184588193,0.9638660440303896,1064,True,4,0.03726741988994253,5
WalMart,M15,MeanReversion,"window=20,z=2.0",-0.016726089993845727,0.5055555555555555,-0.05343986511636801,0.9715705420474532,552,True,4,0.023286910873751232,5
WalMart,M15,MeanReversion,"window=50,z=2.75",-0.004034135926075821,0.5163398692810458,-0.023173523368808763,0.9790905836792664,154,True,4,0.015613027936418278,5
Walgreens,H1,VolatilityExpansion,"ema=20,mult=3.0",0.036755511074809566,0.5402597402597402,0.04191049637389087,1.028361433589829,413,True,4,0.057068883177086804,5
Walgreens,H1,VolatilityExpansion,"ema=20,mult=3.5",-0.034841577776993926,0.5333333333333333,-0.04836876883008629,0.9592026869084891,244,True,4,0.05870942879349983,5
Walgreens,H4,VolatilityExpansion,"ema=20,mult=3.0",0.2031907516732736,0.5266457680250783,0.17324128640762293,1.1297705847307338,322,True,5,0.2044194652002621,5
Walgreens,H4,VolatilityExpansion,"ema=50,mult=3.0",-0.4643746252508738,0.4924782264449723,-0.2045303786757465,0.924595952522644,1296,True,4,0.26290724664668763,5
Walgreens,H4,VolatilityExpansion,"ema=20,mult=3.5",0.18236001300703564,0.5182926829268293,0.2030837937739583,1.2155952007075368,164,True,4,0.1951085963693303,5
Walgreens,H4,VolatilityExpansion,"ema=50,mult=3.5",-0.2998565749429205,0.5049614112458655,-0.1586357859710401,0.9336817470863119,934,True,4,0.2245604825283617,5
Walgreens,M15,MeanReversion,"window=20,z=1.5",0.31159752249994166,0.5333333333333333,0.19716473489935515,1.1729031522019047,1324,True,4,0.3416698252789381,5
Walgreens,M15,MeanReversion,"window=50,z=1.5",0.29342201123448064,0.5207852193995381,0.19650546096215346,1.185073787019639,1333,True,4,0.3358846987553531,5
Walgreens,M15,MeanReversion,"window=100,z=1.5",0.3696230273543837,0.5240384615384616,0.26918507879147957,1.264792091697813,1328,True,4,0.30008544796967496,5
Walgreens,M15,MeanReversion,"window=20,z=1.75",0.14182947903394982,0.5238095238095238,0.09464574569427085,1.1041750811227873,901,True,4,0.28437692719506136,5
Walgreens,M15,MeanReversion,"window=20,z=2.0",0.07183884209640734,0.49122807017543857,0.04952085457042035,1.0711067694044651,564,True,4,0.28733006144265794,5
Walgreens,M15,MeanReversion,"window=50,z=2.0",-0.05950405572017181,0.53125,-0.06932671296565476,0.9260824239245085,595,True,4,0.06417701903401729,5
Walgreens,M15,MeanReversion,"window=100,z=2.0",0.09307104753372519,0.5478723404255319,0.14264014146247753,1.1468396593491812,599,True,4,0.0750619121428101,5
Walgreens,M15,MeanReversion,"window=50,z=2.25",-0.009435650179964727,0.490272373540856,-0.01531155604174016,0.9827901105136378,394,True,4,0.05021894189818865,5
Waste,H1,MeanReversion,"window=100,z=1.5",0.10242849085568229,0.5048076923076923,0.14506262929170313,1.0473099013942868,1677,True,5,0.10351857933942965,5
Waste,H1,MeanReversion,"window=100,z=1.75",0.11855194613707454,0.5049594229035167,0.1958397664870451,1.0809315967486055,1117,True,5,0.13578243354764374,5
Waste,H1,MeanReversion,"window=50,z=2.0",0.05234020568373077,0.492176386913229,0.10572316862870704,1.0542237674691446,706,True,5,0.06793994201829578,5
Waste,H1,MeanReversion,"window=50,z=2.25",0.04737738779586742,0.4976851851851852,0.12375856870379598,1.076341030014937,432,True,4,0.04760483085863754,5
Waste,H1,TrendFollowing,"fast=8,slow=21",0.032104284218409274,0.504738858640855,0.024870317743782906,1.0048176475183217,4999,True,4,0.06932545837073523,5
Waste,H4,MeanReversion,"window=50,z=2.25",0.1979343577811512,0.5337620578778135,0.25273709646771475,1.2006986159891708,311,True,4,0.05501199459673678,5
Waste,H4,TrendFollowing,"fast=5,slow=20",-0.03774354750136144,0.5071915215745647,-0.01666948255784695,0.9967116419316617,3978,True,4,0.3069799077086641,5
Waste,H4,TrendFollowing,"fast=8,slow=21",-0.07557220981748558,0.5076961897552359,-0.033376611559567004,0.9934267003980805,3978,True,4,0.3668039055998644,5
Waste,H4,TrendFollowing,"fast=13,slow=34",-0.2491541643681512,0.5069391874842292,-0.11004181622620292,0.9784908508407031,3978,True,4,0.3360529412800324,5
Waste,H4,TrendFollowing,"fast=21,slow=55",-0.3694753839977627,0.5102195306585919,-0.16318777591077965,0.9682684796148019,3978,True,5,0.27100557512328916,5
Waste,H4,TrendFollowing,"fast=50,slow=200",-0.4752649474131583,0.5145092101942973,-0.20991956854063945,0.9593675755885553,3978,True,4,0.29922947827317503,5
Waste,H4,VolatilityExpansion,"ema=50,mult=1.5",0.007571595189309499,0.509585376727597,0.00445460606440471,1.0012165730495979,2252,True,4,0.18669417932585464,5
Waste,H4,VolatilityExpansion,"ema=50,mult=2.5",0.07488266676280375,0.5262762762762763,0.06162961339894797,1.0216557038600511,1339,True,4,0.14040433354584836,5
Waste,M15,MeanReversion,"window=100,z=1.5",-0.05704412435698658,0.48451612903225805,-0.15722291517469308,0.9497587779172768,1578,True,4,0.026562898121991307,5
Waste,M15,MeanReversion,"window=50,z=2.0",0.07971799334338414,0.5367521367521367,0.3010801999887511,1.173316235893393,593,True,4,0.016418294945349965,5
Waste,M15,MeanReversion,"window=100,z=2.0",0.0025743274590068754,0.5131964809384164,0.009442034292498418,1.004553833427463,689,True,4,0.045044838738226955,5
Waste,M15,MeanReversion,"window=20,z=2.25",0.1676943711307861,0.5583333333333333,0.6820605587352105,1.5925796932900722,361,True,5,0.03659776860451991,5
Waste,M15,MeanReversion,"window=50,z=2.25",0.07279676393614398,0.553314121037464,0.3299378284553516,1.2422354859809892,349,True,5,0.024929290963178086,5
Waste,M15,MeanReversion,"window=100,z=2.25",0.11237824735637925,0.572139303482587,0.517253394904029,1.378191368448723,404,True,4,0.03963921906513568,5
Waste,M15,MeanReversion,"window=20,z=2.5",0.11560490831714121,0.5594059405940595,0.5814110976887689,1.7127634573160546,203,True,4,0.03794380496551053,5
Waste,M15,MeanReversion,"window=50,z=2.5",0.062446554495737994,0.545045045045045,0.31634784241675806,1.2929950514855633,221,True,4,0.021983570912775585,5
Waste,M15,TrendFollowing,"fast=5,slow=20",-0.0031189815302352653,0.507820434694292,-0.003940410194358542,0.9991629191760365,4999,True,5,0.12422879497714201,5
Waste,M15,TrendFollowing,"fast=8,slow=21",0.037097694090433064,0.5098517164330693,0.04686810848132742,1.0100104044233478,4999,True,4,0.09743529253925198,5
Weibo,H1,MeanReversion,"window=20,z=1.5",0.45504936574777877,0.5252274607113316,0.2452557338699391,1.1022000940372245,1275,True,4,0.2846528339525731,5
Weibo,H1,MeanReversion,"window=50,z=1.5",0.47683631055582976,0.505338078291815,0.2352778218362001,1.0923949958494223,1507,True,5,0.26808034650600066,5
Weibo,H1,MeanReversion,"window=100,z=1.5",0.5435606615736156,0.5077903682719547,0.2632180613192938,1.102699085007429,1514,True,4,0.3207129655032199,5
Weibo,H1,MeanReversion,"window=50,z=1.75",0.4206977030401504,0.522956326987682,0.2789651704287319,1.1337791298726856,962,True,4,0.23892348160291743,5
Weibo,H1,MeanReversion,"window=50,z=2.0",0.4629681019485432,0.5389948006932409,0.3693739896403173,1.2339237656680193,621,True,4,0.22631022025315217,5
Weibo,H1,MeanReversion,"window=100,z=2.0",0.34069328473105087,0.49922958397534667,0.25549639224338094,1.1439200414531268,696,True,4,0.0220197704506343,5
Weibo,H1,MeanReversion,"window=50,z=2.25",0.3242490970030625,0.5585585585585585,0.31979878864344,1.2854202506103733,358,True,5,0.14299141965842166,5
Weibo,H1,MeanReversion,"window=20,z=2.5",-0.01559684328576516,0.44871794871794873,-0.020934150256207096,0.979827798226539,164,True,4,0.10051632966869972,5
Weibo,H1,TrendFollowing,"fast=5,slow=20",0.3070297082836635,0.5002145002145002,0.08309531659664633,1.0174160207987135,4999,True,4,0.2528700241652827,5
Weibo,H4,MeanReversion,"window=50,z=3.0",0.22887766044784696,0.5862068965517241,0.37216981008237027,1.7652829017490046,58,True,4,0.046054045636643726,5
Weibo,H4,TrendFollowing,"fast=21,slow=55",-0.06510595687283216,0.49664565968692825,-0.007877044535310814,0.9984850884914865,4993,True,4,1.2828353026437134,5
Weibo,H4,TrendFollowing,"fast=34,slow=89",0.26324135416543337,0.5084366741207562,0.03184912546744469,1.0061486937438247,4993,True,4,1.7636614710589429,5
Weibo,H4,TrendFollowing,"fast=50,slow=200",-0.3791751101067994,0.5118926611099817,-0.04587585344390034,0.9912093221492697,4993,True,4,1.591535834014204,5
Weibo,H4,VolatilityExpansion,"ema=20,mult=2.5",0.07657056435111864,0.48349514563106794,0.023844067198190693,1.015005174137481,519,True,4,0.5394474070664693,5
Weibo,M15,MeanReversion,"window=20,z=1.5",0.43253709998650347,0.540719696969697,0.4504366779396916,1.2102175444429435,1250,True,4,0.23559115617350024,5
Weibo,M15,MeanReversion,"window=50,z=1.5",0.21344657306638637,0.5458128078817734,0.23782063968336323,1.1115909779720352,1231,True,5,0.15280336007207462,5
Weibo,M15,MeanReversion,"window=100,z=1.5",0.3398961600609012,0.545950864422202,0.41426261710248574,1.1859894368526038,1313,True,4,0.16571496756782644,5
Weibo,M15,MeanReversion,"window=20,z=1.75",0.45462916313023527,0.5736543909348442,0.5501468784519281,1.326356814729635,822,True,5,0.2002258688055576,5
Weibo,M15,MeanReversion,"window=50,z=1.75",0.21943029650346946,0.5482517482517483,0.30286921651567733,1.1661929948819891,852,True,4,0.15951568535991567,5
Weibo,M15,MeanReversion,"window=100,z=1.75",0.220374042080566,0.5520421607378129,0.3088745217676598,1.1669727991572252,890,True,5,0.13153572325447704,5
Weibo,M15,MeanReversion,"window=100,z=2.0",0.1197833101706276,0.5475285171102662,0.19660119276084742,1.1248220596740814,608,True,4,0.10734635645227197,5
Weibo,M15,MeanReversion,"window=100,z=2.25",0.0501103271213974,0.5331491712707183,0.09478847270961352,1.0707372647306024,417,True,4,0.03838575142722611,5
Weibo,M15,MeanReversion,"window=100,z=2.5",0.08092988730085182,0.5595238095238095,0.17711027754977088,1.1643082069587491,287,True,4,0.04238034105166133,5
Weibo,M15,TrendFollowing,"fast=50,slow=200",0.323713356280372,0.4975405804230202,0.1995060018160164,1.0464823770820888,4999,True,4,0.15740537749734274,5
WellsFargo,H1,TrendFollowing,"fast=34,slow=89",-0.3571119195014091,0.5016266775111834,-0.16181661007151635,0.967047388891425,4999,True,5,0.3325676395299829,5
WellsFargo,H1,TrendFollowing,"fast=50,slow=200",-0.362588469442786,0.5002033346888979,-0.16429843979588588,0.9665504904381064,4999,True,5,0.4802977490137733,5
WellsFargo,H1,VolatilityExpansion,"ema=50,mult=1.5",0.6615715524320651,0.5090562440419447,0.3808259783685295,1.1021607026951672,3184,True,4,0.22189902992136978,5
WellsFargo,H1,VolatilityExpansion,"ema=50,mult=2.0",0.46296749133047554,0.5088734567901234,0.29732817729864536,1.0869024277434918,2620,True,4,0.148610812828316,5
WellsFargo,H4,TrendFollowing,"fast=5,slow=20",0.2260756203210217,0.49858242203321185,0.05061082139189104,1.0101967312394833,4999,True,4,0.5308360561377728,5
WellsFargo,H4,TrendFollowing,"fast=8,slow=21",-0.05322801361685503,0.5028351559335763,-0.011915926855312096,0.9976142739602122,4999,True,4,0.3667376743896983,5
WellsFargo,H4,TrendFollowing,"fast=34,slow=89",0.15500392732643475,0.4991899554475496,0.034700136787083266,1.0069799839197824,4999,True,4,0.30262008725477074,5
WellsFargo,H4,VolatilityExpansion,"ema=20,mult=1.5",0.04387624206069418,0.48651564185544766,0.01576002077924347,1.0051349580782631,1879,True,4,0.2732497831246907,5
WellsFargo,H4,VolatilityExpansion,"ema=20,mult=2.0",-0.1486989459052972,0.4735899731423456,-0.06602536896603074,0.9721718693253695,1134,True,4,0.21214388593659106,5
WellsFargo,H4,VolatilityExpansion,"ema=50,mult=2.5",0.6129198150584961,0.4954714970697922,0.21327755852983063,1.0724649207407506,1894,True,5,0.6724042849502189,5
WellsFargo,H4,VolatilityExpansion,"ema=20,mult=3.0",0.38408321374921517,0.5132450331125827,0.30482707605882414,1.2752151982641655,306,True,4,0.22034073397693132,5
WellsFargo,M15,MeanReversion,"window=20,z=1.5",0.1317679171870162,0.5003652300949598,0.21886320662712508,1.0868398479097598,1404,True,5,0.07735555330696908,5
WellsFargo,M15,MeanReversion,"window=50,z=1.5",0.1285613192401457,0.5120481927710844,0.22839348990641942,1.0857451881710796,1539,True,4,0.044624133122316834,5
WellsFargo,M15,MeanReversion,"window=100,z=2.0",0.07805152280434013,0.5053191489361702,0.1984420786240169,1.1013955501605732,774,True,4,0.024886433731899915,5
WellsFargo,M15,MeanReversion,"window=100,z=2.5",0.10257960447698533,0.5267857142857143,0.4297491670633925,1.459399165463878,228,True,4,0.02299885794817047,5
Welltower,H1,MeanReversion,"window=20,z=1.5",0.33847676605345034,0.48554913294797686,0.37092373591949634,1.1268669555389388,1572,True,4,0.21112633573419604,5
Welltower,H1,MeanReversion,"window=50,z=1.5",0.25926251847313586,0.4905541561712846,0.279496983788221,1.0944710180966062,1601,True,4,0.1363570259172503,5
Welltower,H1,MeanReversion,"window=100,z=1.5",0.09548215050200481,0.48526758869512926,0.10191078868597489,1.0325271426642562,1676,True,4,0.09749656470360835,5
Welltower,H1,MeanReversion,"window=20,z=1.75",0.1521884892699188,0.49133537206931704,0.20993487376667655,1.0906138396719822,990,True,4,0.07867185387984543,5
Welltower,H1,MeanReversion,"window=100,z=1.75",0.21273724717053544,0.49654576856649396,0.26363713043398007,1.1064933482451647,1169,True,4,0.0848487745482227,5
Welltower,H1,MeanReversion,"window=100,z=2.25",0.15869120437024598,0.5325779036827195,0.31515565607663604,1.2483240745456239,355,True,4,0.01658772797510688,5
Welltower,H4,MeanReversion,"window=50,z=2.0",0.7276904869722558,0.525679758308157,0.39406744701825747,1.2527133172771525,665,True,5,0.4027344348113441,5
Welltower,H4,MeanReversion,"window=20,z=2.25",0.21232775675234716,0.5236220472440944,0.25053991744465054,1.2133016208911038,256,True,4,0.03868113929208572,5
Welltower,M15,MeanReversion,"window=20,z=1.5",0.18895201345024693,0.5100207325501037,0.31773890340017175,1.1283102276490435,1472,True,4,0.05395291150662074,5
Welltower,M15,MeanReversion,"window=100,z=1.5",0.10791691872171594,0.48534798534798534,0.21519281062843834,1.0769027415197359,1668,True,4,0.03223310498980281,5
Welltower,M15,MeanReversion,"window=20,z=1.75",0.2351664506384803,0.5121436114044351,0.4929145272865211,1.2456264228713843,965,True,4,0.02876004209658234,5
Welltower,M15,MeanReversion,"window=50,z=1.75",0.1765625538365615,0.5053449951409135,0.3913855318321926,1.1883379568282455,1042,True,4,0.03683078709076759,5
Welltower,M15,MeanReversion,"window=20,z=2.0",0.18426952399272423,0.5040650406504065,0.435691607764913,1.276117117607528,626,True,4,0.030684470209589754,5
Welltower,M15,MeanReversion,"window=50,z=2.25",0.06644146480485325,0.5374331550802139,0.21572126770043334,1.1641474467342394,378,True,4,0.010677086568373961,5
Wendys,H1,VolatilityExpansion,"ema=20,mult=2.5",-0.019899296420496815,0.502127659574468,-0.028906204022431412,0.9831721046093483,497,True,4,0.11619294081352938,5
Wendys,H1,VolatilityExpansion,"ema=50,mult=3.0",-0.18224917935631457,0.5024015369836695,-0.18338845073002658,0.9314720126768651,1090,True,5,0.07252517893474208,5
Wendys,H1,VolatilityExpansion,"ema=20,mult=3.5",-0.02217194108616538,0.5242718446601942,-0.07402950528133231,0.9156835371799468,106,True,4,0.041141918333941985,5
Wendys,H1,VolatilityExpansion,"ema=50,mult=3.5",0.029257714022159598,0.512396694214876,0.03557977488077301,1.0169123913167415,756,True,5,0.1304301371058314,5
Wendys,H4,MeanReversion,"window=20,z=1.5",1.2452402682155106,0.527411519777932,0.4132140611015654,1.1861386158774347,1472,True,4,0.08902671740652524,5
Wendys,H4,MeanReversion,"window=100,z=1.75",-0.06954388837873882,0.47769516728624534,-0.023178894123255325,0.9883755707186613,1102,True,5,0.18092965409138717,5
Wendys,H4,MeanReversion,"window=50,z=2.0",0.7406101305953225,0.502127659574468,0.28745585075137847,1.2084568014672772,726,True,4,0.08905862962949973,5
Wendys,H4,MeanReversion,"window=50,z=2.5",0.4137012058350057,0.5074626865671642,0.3679383327312204,1.4351789471860723,207,True,4,0.10806714894000158,5
Wendys,H4,TrendFollowing,"fast=50,slow=200",-0.5296613479393475,0.5056572721662209,-0.10536435087243758,0.978774114163215,4999,True,4,0.09164792467025418,5
Wendys,M15,MeanReversion,"window=50,z=2.5",0.10511489739017066,0.5268817204301075,0.2919595629108392,1.2844499855257685,203,True,4,0.020736855742222726,5
Wendys,M15,MeanReversion,"window=20,z=2.75",0.08041321566520399,0.5483870967741935,0.2471092933056442,1.371843029183979,98,True,4,0.012910145871167233,5
Wendys,M15,VolatilityExpansion,"ema=20,mult=3.5",0.03314484044905541,0.5138339920948617,0.08005403952647208,1.0636502103383343,282,True,5,0.08887997472464393,5
WesternUni,H1,TrendFollowing,"fast=8,slow=21",-0.4141332955645767,0.4882096069868996,-0.18567035011280886,0.9629406079244752,4999,True,4,0.1570128767066843,5
WesternUni,H1,TrendFollowing,"fast=10,slow=30",-0.30601788811720954,0.4890829694323144,-0.13719419436962074,0.9724823762508582,4999,True,4,0.30408708241606797,5
WesternUni,H1,TrendFollowing,"fast=13,slow=34",-0.7638990170761992,0.485589519650655,-0.34253878383809133,0.932694561395902,4999,True,4,0.17361536680662049,5
WesternUni,H1,VolatilityExpansion,"ema=50,mult=2.0",-0.3718200277972865,0.48331595411887385,-0.24512249734052724,0.9250657667256693,2099,True,4,0.11394462266346994,5
WesternUni,H1,VolatilityExpansion,"ema=50,mult=2.5",-0.38511075135151096,0.473463687150838,-0.30404242723616076,0.8986180193020652,1567,True,4,0.0694240270723977,5
WesternUni,H1,VolatilityExpansion,"ema=50,mult=3.5",-0.22006396058173028,0.45942028985507244,-0.23023852025510547,0.8900888494434814,757,True,4,0.030503169292086185,5
WesternUni,M15,MeanReversion,"window=20,z=2.0",0.250256137650569,0.5411764705882353,0.396506309361512,1.3340725536920017,516,True,4,0.2124967945656625,5
WesternUni,M15,MeanReversion,"window=100,z=3.25",0.06984451558717475,0.6111111111111112,0.335440219461342,1.7502556421863673,63,True,4,0.026466808357801686,5
Weyerhaeuser,H1,MeanReversion,"window=100,z=1.5",0.17280433160947828,0.5115961800818554,0.1579554891638577,1.0551313254663623,1520,True,4,0.0822500724868277,5
Weyerhaeuser,H1,MeanReversion,"window=100,z=2.0",-0.08046875299352652,0.52046783625731,-0.11281669906130909,0.9473993269503203,705,True,4,0.058488296369158976,5
Weyerhaeuser,H1,TrendFollowing,"fast=34,slow=89",0.27602831312470366,0.4943028796353843,0.14629284475391485,1.0274549411136875,4999,True,4,0.13998400332418737,5
Weyerhaeuser,H1,VolatilityExpansion,"ema=20,mult=2.0",0.12548048458097083,0.5018270401948843,0.15546334640013765,1.0699815543280053,845,True,4,0.06259499676182534,5
Weyerhaeuser,H4,MeanReversion,"window=100,z=2.0",-0.1657850399425419,0.5100671140939598,-0.09114769894271357,0.9541911162996434,762,True,4,0.22407299983003293,5
Weyerhaeuser,H4,MeanReversion,"window=50,z=2.25",-0.0873590782168071,0.5102564102564102,-0.0856171333132686,0.9467270772501828,400,True,4,0.06795104486526604,5
Weyerhaeuser,H4,MeanReversion,"window=100,z=2.25",-0.3107204747766712,0.5074309978768577,-0.20120514843326034,0.8772902838860024,484,True,4,0.08237039746301567,5
Weyerhaeuser,H4,MeanReversion,"window=100,z=2.5",0.09187872425292642,0.5111940298507462,0.0807417942762093,1.0667747689895613,276,True,4,0.297271041306314,5
Weyerhaeuser,H4,MeanReversion,"window=100,z=2.75",0.013188150667450715,0.4716981132075472,0.01485239397413932,1.0156352049043753,163,True,4,0.12734363538456028,5
Weyerhaeuser,H4,TrendFollowing,"fast=8,slow=21",-0.15290120390384898,0.493794506612411,-0.035864854355878564,0.9929614151530108,4999,True,4,0.22874602368190655,5
Weyerhaeuser,H4,TrendFollowing,"fast=34,slow=89",-0.4151714978392115,0.5001017293997966,-0.09738515561234036,0.9810028615254363,4999,True,4,0.7394377995949195,5
Weyerhaeuser,H4,TrendFollowing,"fast=50,slow=200",-0.37582510844058714,0.4996948118006104,-0.08815552724899864,0.982787752836141,4999,True,4,0.682963160434189,5
Weyerhaeuser,M15,MeanReversion,"window=20,z=2.25",0.11961460797689116,0.5271565495207667,0.3320304916189961,1.2634690180341488,330,True,4,0.0232620025670347,5
Weyerhaeuser,M15,MeanReversion,"window=50,z=2.25",0.12145515715738509,0.5100864553314121,0.3477553439016985,1.2662628575885553,365,True,4,0.06541295713718553,5
Weyerhaeuser,M15,MeanReversion,"window=20,z=2.5",0.06893474149407097,0.518324607329843,0.2212993801914681,1.2226888971991625,195,True,4,0.05033388378364256,5
Weyerhaeuser,M15,MeanReversion,"window=50,z=2.5",0.16663447782827479,0.5409090909090909,0.5843899620113902,1.6414826405855314,229,True,4,0.05933344486809622,5
Weyerhaeuser,M15,MeanReversion,"window=20,z=2.75",0.04117767386278082,0.49122807017543857,0.158409260522037,1.198991493080794,115,True,4,0.01164763565592164,5
Weyerhaeuser,M15,MeanReversion,"window=50,z=2.75",0.09147447400746478,0.553030303030303,0.4500614854669165,1.576184079968248,138,True,4,0.01559061823919472,5
Weyerhaeuser,M15,TrendFollowing,"fast=5,slow=20",-0.19214624720876616,0.5083786724700762,-0.16561684433799265,0.9664007336203024,4999,True,4,0.11977937670544347,5
Weyerhaeuser,M15,VolatilityExpansion,"ema=20,mult=1.5",0.025911412727834704,0.5192182410423453,0.03673942568702707,1.0126730128936459,1651,True,4,0.15550909299172677,5
Weyerhaeuser,M15,VolatilityExpansion,"ema=50,mult=1.5",-0.2746779129178528,0.5061776061776062,-0.3069564178172898,0.9188651956501129,2805,True,4,0.14229720443531801,5
Whirlpool,H1,VolatilityExpansion,"ema=50,mult=1.5",0.4288067171069907,0.49402261712439416,0.1926754980527591,1.0507693824725537,3115,True,4,0.20170142022535797,5
Whirlpool,H1,VolatilityExpansion,"ema=20,mult=2.0",0.4966631503681618,0.5195578231292517,0.3366781064557295,1.152271731541801,1183,True,4,0.07318655456845846,5
Whirlpool,M15,MeanReversion,"window=20,z=2.25",-0.026442850650819083,0.5240641711229946,-0.046087004051757745,0.9694034565567966,377,True,4,0.0670240686119904,5
Whirlpool,M15,TrendFollowing,"fast=5,slow=20",-0.1496733241959327,0.5003069367710252,-0.09148592360610655,0.9811100865952592,4999,True,5,0.28903261178503303,5
Whirlpool,M15,TrendFollowing,"fast=8,slow=21",-0.08130057050283201,0.49928381420094126,-0.04969336208246903,0.9896947861476172,4999,True,4,0.2713926465481382,5
Whirlpool,M15,TrendFollowing,"fast=10,slow=30",0.12131771174359773,0.5046040515653776,0.07415349218115805,1.015577605028168,4999,True,4,0.3349674157145721,5
Whirlpool,M15,TrendFollowing,"fast=13,slow=34",0.4401755210559406,0.5064456721915286,0.26908590071876315,1.0577012418624059,4999,True,5,0.3473482513228836,5
Whirlpool,M15,TrendFollowing,"fast=21,slow=55",0.3771235426895021,0.5080826683036628,0.23053246998242932,1.049232493489977,4999,True,5,0.42183600498231466,5
Whirlpool,M15,TrendFollowing,"fast=34,slow=89",0.4692053535866667,0.512584407612032,0.28683788880528166,1.0616239252264308,4999,True,5,0.3993274615752578,5
Whirlpool,M15,TrendFollowing,"fast=50,slow=200",0.40802607014278114,0.5170861469204011,0.24942741470636015,1.0533744004186143,4999,True,5,0.37420055565577326,5
Whirlpool,M15,VolatilityExpansion,"ema=50,mult=1.5",0.648235883798251,0.5136820228611015,0.505308590211661,1.14604964122609,2955,True,5,0.36833745704027854,5
Whirlpool,M15,VolatilityExpansion,"ema=50,mult=2.0",0.45992300826332433,0.5173267326732673,0.40902688785385305,1.1235025594619676,2482,True,5,0.26258461175554515,5
Whirlpool,M15,VolatilityExpansion,"ema=50,mult=2.5",0.47554818154490774,0.5180294565769427,0.4756780454891305,1.1587682497017773,2012,True,4,0.22177224350662827,5
Williams,H1,MeanReversion,"window=20,z=1.5",0.07020591990978875,0.49299719887955185,0.07182270764199386,1.0256007423060125,1467,True,4,0.06023608983567774,5
Williams,H1,MeanReversion,"window=100,z=1.5",0.3125525890246972,0.496,0.3026151802550528,1.1111902363654529,1536,True,4,0.08964467370199569,5
Williams,H1,MeanReversion,"window=50,z=2.5",0.07381004030332738,0.5513513513513514,0.21262468992744332,1.2099210496347548,188,True,4,0.029779966646895417,5
Williams,H4,MeanReversion,"window=50,z=2.0",0.6511691120263484,0.5192878338278932,0.3677880591429032,1.2393271138054105,680,True,4,0.20753841110022508,5
Williams,H4,MeanReversion,"window=50,z=2.25",0.637994965276769,0.5363408521303258,0.5104471274794661,1.4283728298007987,403,True,4,0.18262961519268361,5
Williams,H4,MeanReversion,"window=50,z=2.5",0.31473247499030477,0.5318181818181819,0.3295937043223654,1.4033526026791314,223,True,5,0.15328727059542235,5
Williams,H4,MeanReversion,"window=50,z=2.75",0.3619795153404278,0.5544554455445545,0.49991310143914086,2.250370971889045,100,True,4,0.25952370027782223,5
Williams,M15,MeanReversion,"window=20,z=1.5",0.11849606836543136,0.5035919540229885,0.18302574429986454,1.070089480023887,1443,True,4,0.09121805242049241,5
Williams,M15,MeanReversion,"window=100,z=1.5",0.2753563693951214,0.5302114803625377,0.5148479588303896,1.2049825065742772,1368,True,4,0.05591035178900283,5
Williams,M15,MeanReversion,"window=100,z=1.75",0.1337268863127431,0.522883295194508,0.3096347761928285,1.145270292524098,904,True,4,0.04366802761167754,5
Williams,M15,MeanReversion,"window=100,z=2.0",0.09738618043495129,0.5074380165289256,0.26433074585575356,1.1503374590565945,621,True,4,0.038848801044874315,5
Wisconsin,H1,MeanReversion,"window=20,z=1.75",0.3158978054609439,0.5338427947598253,0.48301653388686894,1.216706947818615,927,True,4,0.07236871485659291,5
Wisconsin,H1,MeanReversion,"window=20,z=2.0",0.06399166273518697,0.5108303249097473,0.12833908457190416,1.0672723742650916,560,True,4,0.06048392166394878,5
Wisconsin,H1,MeanReversion,"window=20,z=2.5",-0.004452980206532953,0.5180722891566265,-0.015510647554980831,0.9857164151529637,167,True,4,0.011730833796707585,5
Wisconsin,H1,VolatilityExpansion,"ema=20,mult=1.5",-0.13149670353201237,0.4890625,-0.17987453521897978,0.9390087366759299,1299,True,4,0.057920341626558236,5
Wisconsin,H1,VolatilityExpansion,"ema=50,mult=3.0",-0.09400859259945649,0.4877450980392157,-0.16652877818606818,0.9294142945507862,828,True,4,0.058762233276334785,5
Wisconsin,H1,VolatilityExpansion,"ema=50,mult=3.5",-0.036064499536614725,0.49224806201550386,-0.08051425046003843,0.9561814867450138,525,True,4,0.03707864017823592,5
Wisconsin,H4,MeanReversion,"window=50,z=1.5",0.6186422215205025,0.5086313193588162,0.3253596685231025,1.1156967493957735,1637,True,4,0.16199595599378314,5
Wisconsin,H4,MeanReversion,"window=100,z=1.5",0.47014374515084745,0.5096573208722741,0.24639497229857818,1.087450685633586,1618,True,4,0.026106298065949662,5
Wisconsin,H4,MeanReversion,"window=20,z=2.5",0.1976391472877994,0.524822695035461,0.2754737094266086,1.4045740668800262,141,True,5,0.16444990332811193,5
Wisconsin,M15,MeanReversion,"window=20,z=1.5",0.32978194928326654,0.5268667131891137,0.7417491309886496,1.3001877245580131,1478,True,4,0.06006193628197887,5
Wisconsin,M15,MeanReversion,"window=50,z=1.5",0.25934478264041205,0.505786249149081,0.6357236620142441,1.24020414875436,1516,True,4,0.08151084237337469,5
Wisconsin,M15,MeanReversion,"window=100,z=1.5",0.1867349519385434,0.507256392536282,0.4754858953755653,1.1772503647405381,1490,True,5,0.07290665840698929,5
Wisconsin,M15,MeanReversion,"window=20,z=1.75",0.23417567969681596,0.5226293103448276,0.6252259642207104,1.3051949223460337,954,True,4,0.05767179140145995,5
Wisconsin,M15,MeanReversion,"window=50,z=1.75",0.2378047654716856,0.5229455709711847,0.6746596921131838,1.32885320660984,971,True,4,0.04690593151318179,5
Wisconsin,M15,MeanReversion,"window=100,z=1.75",0.14895044579062944,0.5101604278074866,0.470212072673247,1.2123525121039733,958,True,4,0.035496320145609994,5
Wisconsin,M15,MeanReversion,"window=20,z=2.0",0.1666539154652209,0.5311942959001783,0.5326474096852232,1.3409488636576845,576,True,4,0.04126863566631356,5
Wisconsin,M15,MeanReversion,"window=50,z=2.0",0.190965527489672,0.5476190476190477,0.6718004391859539,1.429257986224098,608,True,5,0.06460485536780713,5
Wisconsin,M15,MeanReversion,"window=100,z=2.0",0.13451928681248304,0.5273037542662116,0.5338179252107743,1.3052647108225837,600,True,4,0.031234710560659185,5
Wisconsin,M15,MeanReversion,"window=50,z=2.25",0.17318051350923036,0.5677233429394812,0.7693665527614473,1.6564254483406287,355,True,4,0.057696148708003325,5
Wisconsin,M15,MeanReversion,"window=100,z=2.25",0.1075273511464927,0.5081521739130435,0.49273538069275036,1.3630853650477277,377,True,4,0.03691525996033573,5
Wisconsin,M15,MeanReversion,"window=50,z=2.5",0.12381841236500224,0.5721153846153846,0.6644923212396938,1.7512379843160526,211,True,4,0.05762511478468091,5
Wisconsin,M15,MeanReversion,"window=50,z=2.75",0.05301914125223195,0.5357142857142857,0.3673707240150334,1.4962620522852788,112,True,4,0.040893696737171914,5
Wisconsin,M15,MeanReversion,"window=50,z=3.0",0.04548303714163415,0.5569620253164557,0.3688032166191532,1.6066851172547514,78,True,4,0.026667695132736258,5
Wisconsin,M15,MeanReversion,"window=20,z=3.25",0.024062215840741197,0.5365853658536586,0.23876176640762067,1.549200157751857,40,True,4,0.022237939546516206,5
Wisconsin,M15,TrendFollowing,"fast=10,slow=30",-0.17376948217142185,0.5033003300330033,-0.23508684890031462,0.9553221174148167,4999,True,4,0.03850754795642741,5
WoltersKluwer,H1,MeanReversion,"window=100,z=1.5",-0.21317908423846166,0.4880722114764668,-0.23060367027064638,0.9166710556311191,1642,True,4,0.06259363856112465,5
WoltersKluwer,H1,MeanReversion,"window=20,z=2.0",-0.07260696668879252,0.4880294659300184,-0.16324958849424961,0.9139782805460447,575,True,4,0.05748074016830973,5
WoltersKluwer,H1,MeanReversion,"window=20,z=2.25",-0.08136135952925228,0.4766666666666667,-0.23216480083824945,0.8418145578229353,320,True,4,0.02260767050103374,5
WoltersKluwer,H4,MeanReversion,"window=20,z=2.0",-0.07778861555892935,0.5171790235081374,-0.09067180591950828,0.9527141071898705,566,True,4,0.039863807327498724,5
WoltersKluwer,H4,MeanReversion,"window=50,z=2.0",0.1297752608501972,0.5271084337349398,0.12282902371551471,1.0643400046475195,682,True,4,0.11223816741502712,5
WoltersKluwer,H4,MeanReversion,"window=50,z=2.25",-0.05716178047855636,0.5051282051282051,-0.07024398033593612,0.9553161257834186,396,True,4,0.017587896893782373,5
WoltersKluwer,M15,MeanReversion,"window=100,z=1.5",-0.21244276116001626,0.48115147361206306,-0.40874676136187865,0.862830407791316,1596,True,4,0.019908533846426546,5
WoltersKluwer,M15,MeanReversion,"window=50,z=1.75",-0.1676808203805663,0.48132780082987553,-0.4185273462715486,0.8421848518655266,1048,True,4,0.028904395855015474,5
WoltersKluwer,M15,MeanReversion,"window=100,z=2.0",-0.15743248825062095,0.4657933042212518,-0.37755581086212986,0.809567546656053,743,True,4,0.028107519099646705,5
WoltersKluwer,M15,MeanReversion,"window=50,z=2.5",-0.0283403750299408,0.5,-0.13918187751943592,0.8844427438857768,199,True,4,0.014940290052748995,5
WoltersKluwer,M15,MeanReversion,"window=100,z=2.5",-0.027103113278449276,0.48175182481751827,-0.10048505063300629,0.9178715638638507,290,True,5,0.052092215419940247,5
XRPUSD,H1,TrendFollowing,"fast=8,slow=21",0.5921744277638955,0.4869530309112806,0.2544563065450022,1.048763068077891,4999,True,4,0.23388755405992767,5
XRPUSD,H1,TrendFollowing,"fast=21,slow=55",0.13147304687759076,0.4811320754716981,0.056486836193783536,1.0106247172676475,4999,True,4,0.2921146942629129,5
XRPUSD,H1,VolatilityExpansion,"ema=20,mult=2.0",0.17083633646453245,0.45076923076923076,0.1465671473560575,1.0813070876563018,650,True,4,0.25731291296823355,5
XRPUSD,H1,VolatilityExpansion,"ema=20,mult=2.5",0.10367661379100268,0.4533333333333333,0.12189588870518839,1.1046014204274759,299,True,4,0.2594087851491037,5
XRPUSD,H1,VolatilityExpansion,"ema=20,mult=3.0",0.03534164503356818,0.42962962962962964,0.05047482256047446,1.0674004805912964,134,True,5,0.17709321077802054,5
XRPUSD,H1,VolatilityExpansion,"ema=20,mult=3.5",0.06301459573609047,0.4482758620689655,0.12016037576710781,1.2789120946859436,57,True,4,0.17014217822848765,5
XRPUSD,H1,VolatilityExpansion,"ema=50,mult=3.5",0.02226459726847907,0.4418103448275862,0.02201578923778421,1.014055245938551,464,True,4,0.2459055833817444,5
XRPUSD,H4,VolatilityExpansion,"ema=20,mult=1.5",0.398045039187616,0.4605263157894737,0.11229850010475899,1.0532593848647585,991,True,4,0.2973620543919334,5
XRPUSD,M15,VolatilityExpansion,"ema=20,mult=2.0",0.1455972491775207,0.4768211920529801,0.2918170146872088,1.1615110530086323,605,True,4,0.14617277593858213,5
XcelEnergy,H1,MeanReversion,"window=50,z=1.5",0.26409859205602704,0.5333333333333333,0.28509956260595354,1.1055980096562184,1470,True,4,0.14972554851358033,5
XcelEnergy,H1,MeanReversion,"window=100,z=2.5",-0.09549191139661806,0.511520737327189,-0.19126795046179051,0.8235835157243394,224,True,4,0.016770530516697635,5
XcelEnergy,H1,VolatilityExpansion,"ema=20,mult=1.5",-0.05016769468136806,0.4869431643625192,-0.05579839004866145,0.9797310243097243,1326,True,4,0.13441077008454316,5
XcelEnergy,H1,VolatilityExpansion,"ema=20,mult=2.0",0.08490178595719589,0.5014204545454546,0.12478373179112719,1.0648891461249477,715,True,4,0.20590851915074337,5
XcelEnergy,H1,VolatilityExpansion,"ema=20,mult=2.5",0.1321504263982739,0.5126050420168067,0.2550499407587853,1.2064117715643947,362,True,4,0.1255772330150301,5
XcelEnergy,H4,MeanReversion,"window=20,z=2.25",0.09593349524375716,0.48148148148148145,0.11793101635331181,1.0987469137884849,274,True,4,0.10739477263705488,5
XcelEnergy,H4,MeanReversion,"window=20,z=2.5",0.07993590796733796,0.518796992481203,0.12092325613514265,1.154091138756078,134,True,4,0.11774400525846962,5
XcelEnergy,H4,VolatilityExpansion,"ema=20,mult=2.5",-0.05464582312568422,0.5067385444743935,-0.06239919104552503,0.95969680548175,374,True,4,0.16589583175093792,5
XcelEnergy,H4,VolatilityExpansion,"ema=50,mult=2.5",-0.2305514407798529,0.5113475177304965,-0.1475824382226754,0.9520311646161228,1426,True,4,0.0866387633981609,5
XcelEnergy,H4,VolatilityExpansion,"ema=50,mult=3.0",-0.014128716318183576,0.5120240480961924,-0.011206657719519822,0.9955757767656142,1011,True,5,0.16927160150951392,5
XcelEnergy,H4,VolatilityExpansion,"ema=50,mult=3.5",-0.24561820209430962,0.4789391575663027,-0.24142907472847758,0.885107223598188,648,True,4,0.11413085315963412,5
XcelEnergy,M15,MeanReversion,"window=20,z=1.5",0.1691827601923459,0.5121771217712177,0.33928757830256423,1.1292333954012272,1388,True,4,0.03671400610707576,5
XcelEnergy,M15,MeanReversion,"window=50,z=1.5",0.16409778820053456,0.5169045830202855,0.3358617487638403,1.1311868884831642,1371,True,4,0.0833627009219906,5
XcelEnergy,M15,MeanReversion,"window=20,z=1.75",0.13664110657455508,0.5157657657657657,0.315945141821968,1.1500885882418144,909,True,4,0.013226196020630021,5
XcelEnergy,M15,MeanReversion,"window=50,z=1.75",0.1641914989910216,0.5458768873403019,0.42670250465837933,1.208225641359491,882,True,4,0.066444597336617,5
XcelEnergy,M15,MeanReversion,"window=50,z=2.0",0.17859696327248653,0.5648854961832062,0.5687541801508926,1.3749738798054445,534,True,4,0.05252883462475644,5
XcelEnergy,M15,MeanReversion,"window=100,z=2.0",0.11430883790886737,0.5328836424957841,0.35811750388993147,1.217167509768162,606,True,4,0.04735574699935241,5
XcelEnergy,M15,MeanReversion,"window=50,z=2.25",0.10304607691270096,0.559748427672956,0.3826183109612568,1.3062257653630223,325,True,4,0.054207392089072215,5
XcelEnergy,M15,MeanReversion,"window=100,z=2.25",0.09515680954889782,0.5657142857142857,0.35687682698569934,1.3008560323797098,356,True,5,0.048217420908309494,5
XcelEnergy,M15,MeanReversion,"window=50,z=2.5",0.05013127959817443,0.569377990430622,0.2264456830257998,1.2092549373432364,211,True,4,0.03533838441235215,5
XcelEnergy,M15,MeanReversion,"window=100,z=2.5",0.04328760857098746,0.5555555555555556,0.21937569347840644,1.2066847361725257,216,True,4,0.027926424121764715,5
Xerox,H1,MeanReversion,"window=100,z=1.5",-0.5755549524639936,0.4793561931420574,-0.24655235426955827,0.9161411867926417,1540,True,5,0.2543021044046021,5
Xerox,H1,MeanReversion,"window=100,z=2.0",-0.32782309498692186,0.48826291079812206,-0.19405401502894784,0.9020151972962843,676,True,4,0.17149223184612583,5
Xerox,H1,MeanReversion,"window=100,z=2.25",-0.3160258141811495,0.48175182481751827,-0.23779683529389664,0.8583651930383035,438,True,5,0.13868187640266294,5
Xerox,H1,MeanReversion,"window=100,z=2.5",-0.013267843751284092,0.5061224489795918,-0.011333634811599403,0.9903994793246363,257,True,5,0.2084325772223824,5
Xerox,H4,MeanReversion,"window=50,z=2.25",0.32292537851420844,0.5067385444743935,0.18679007914784504,1.1413887244397074,372,True,4,0.05298474414347454,5
Xerox,M15,MeanReversion,"window=20,z=2.25",0.23102184975823392,0.5141843971631206,0.2405329512048389,1.196471950362301,333,True,4,0.08873721945924384,5
Xerox,M15,TrendFollowing,"fast=21,slow=55",0.49782212670799564,0.5093798853569568,0.18529286977591888,1.0392761359211171,4999,True,5,0.30566323031696874,5
Xerox,M15,TrendFollowing,"fast=34,slow=89",0.2828633406402439,0.5195414278269932,0.10527885222082942,1.0221291162434516,4999,True,4,0.3736292711470798,5
Xerox,M15,TrendFollowing,"fast=50,slow=200",0.2989693586790907,0.5208441896821261,0.11127363462794349,1.023403875478704,4999,True,4,0.3310755342719863,5
Xerox,M15,VolatilityExpansion,"ema=50,mult=3.0",0.7334032983988213,0.5456692913385827,0.42154298666718576,1.1668494386509531,1592,True,4,0.2448969293703226,5
Yandex,H1,MeanReversion,"window=50,z=2.0",0.5192429758043521,0.47953216374269003,0.3285208894106475,1.2720906803505356,693,True,5,0.4036343244196624,5
Yandex,H1,MeanReversion,"window=50,z=2.25",0.34493851891200233,0.47282608695652173,0.24278769350017246,1.2991703123660892,372,True,4,0.30159382275337154,5
Yandex,H1,TrendFollowing,"fast=34,slow=89",1.3474989010940492,0.5141519038892283,0.3168519892717131,1.0961730967709027,4999,True,4,0.36190808606152225,5
Yandex,H1,VolatilityExpansion,"ema=20,mult=1.5",0.66674406409883,0.5209205020920502,0.1910059718130515,1.1096955347474642,1936,True,4,0.9103699801090128,5
Yandex,H4,MeanReversion,"window=20,z=2.25",0.48980202032657627,0.536723163841808,0.35020953674376576,1.4542196020908484,180,True,4,0.34116784966538094,5
Yandex,H4,MeanReversion,"window=20,z=2.5",0.3080100681208914,0.5340909090909091,0.25516524611491376,1.5845870043014696,88,True,4,0.3944374246577421,5
Yandex,H4,TrendFollowing,"fast=10,slow=30",2.385059822076654,0.5163398692810458,0.46814567600185736,1.1019725243199257,3254,True,4,0.7235499319685489,5
Yandex,H4,VolatilityExpansion,"ema=20,mult=3.5",0.20073010613746856,0.47706422018348627,0.08404749344061445,1.1623269979730202,110,True,4,0.2344370975370822,5
Yandex,M15,MeanReversion,"window=50,z=3.0",-0.009792043588262911,0.48214285714285715,-0.01280015335532869,0.9729408303991384,114,True,4,0.06389237348836985,5
Yandex,M15,MeanReversion,"window=50,z=3.25",0.01890053582718454,0.5066666666666667,0.025116822248878273,1.0687509660139112,75,True,4,0.07396552529977851,5
YaraInternational,H1,TrendFollowing,"fast=5,slow=20",0.31464757816270816,0.5068635607321131,0.18934868975447894,1.0394660140582097,4999,True,4,0.14223902270259348,5
YaraInternational,H1,TrendFollowing,"fast=10,slow=30",-0.22023696763599265,0.5018718801996672,-0.13252944180299722,0.9732724183680882,4999,True,4,0.0836349168952214,5
YaraInternational,H1,VolatilityExpansion,"ema=20,mult=1.5",0.3001735583130537,0.5117038649972782,0.2721401974669022,1.095447621004898,1914,True,4,0.14713934979431353,5
YaraInternational,H1,VolatilityExpansion,"ema=50,mult=1.5",0.09827937053920477,0.5064406779661017,0.07317763677306535,1.0193255767624005,3064,True,4,0.024311576689712178,5
YaraInternational,H1,VolatilityExpansion,"ema=50,mult=2.0",0.23112477740075055,0.5100451004510045,0.18427169005028332,1.0552064499945517,2530,True,4,0.12375263664181513,5
YaraInternational,H1,VolatilityExpansion,"ema=20,mult=3.0",0.03065429232571959,0.5223463687150838,0.05933631989760828,1.0447828830153363,367,True,4,0.04972954255896511,5
YaraInternational,H4,MeanReversion,"window=50,z=2.0",0.5881211414582601,0.5200617283950617,0.4588496445316518,1.277614360220773,653,True,5,0.2550151019938499,5
YaraInternational,H4,MeanReversion,"window=50,z=2.25",-0.022487716965995608,0.4894179894179894,-0.027416120660321487,0.9828368649348781,381,True,4,0.09865702385570196,5
YaraInternational,H4,MeanReversion,"window=100,z=2.25",0.363532647394334,0.5261627906976745,0.41878135269793393,1.3451558891106863,348,True,4,0.1442547610596786,5
YaraInternational,H4,MeanReversion,"window=100,z=2.5",0.36622292357241204,0.536723163841808,0.5709750197964024,1.7791588909610407,179,True,4,0.15359003467511978,5
YaraInternational,M15,TrendFollowing,"fast=21,slow=55",0.012468585770087137,0.49352331606217614,0.015117389309399475,1.00313780360877,4999,True,4,0.06427370924410103,5
YaraInternational,M15,TrendFollowing,"fast=50,slow=200",-0.0416652276157764,0.4892055267702936,-0.05051674523272973,0.9895856031626333,4999,True,5,0.11709602766713578,5
YaraInternational,M15,VolatilityExpansion,"ema=20,mult=2.0",0.04709846823126684,0.49129989764585463,0.11109909483608608,1.0478051584519936,1046,True,4,0.0702582731434398,5
YaraInternational,M15,VolatilityExpansion,"ema=50,mult=2.0",0.10275683703717087,0.4898419864559819,0.18080129439662138,1.0530849521443055,2382,True,5,0.0922661484866234,5
YaraInternational,M15,VolatilityExpansion,"ema=20,mult=2.5",0.050470016960139974,0.5008517887563884,0.13904573952972762,1.0784223953843755,617,True,5,0.07536010758319533,5
YaraInternational,M15,VolatilityExpansion,"ema=50,mult=2.5",0.09551968309885128,0.49186046511627907,0.18405134996312647,1.062257695381063,1844,True,5,0.09188572091769209,5
YaraInternational,M15,VolatilityExpansion,"ema=50,mult=3.0",0.04916644620525901,0.4943310657596372,0.10520188329223513,1.0409231880791705,1422,True,5,0.08155570417714908,5
YaraInternational,M15,VolatilityExpansion,"ema=50,mult=3.5",0.08549765284444966,0.4931640625,0.2049511432704147,1.0913745035789224,1095,True,5,0.05922863721952387,5
YumBrands,H1,MeanReversion,"window=100,z=1.5",0.27121907278206214,0.5087601078167115,0.32539477866815647,1.1184022013390325,1497,True,4,0.09195225032128806,5
YumBrands,H1,MeanReversion,"window=20,z=1.75",-0.05181696852820061,0.48981670061099797,-0.08342777119272271,0.9665634755040862,988,True,4,0.072661542474462,5
YumBrands,H1,MeanReversion,"window=100,z=1.75",0.12087443294936295,0.501984126984127,0.1691965969339634,1.0736680863615018,1014,True,4,0.08026688326820997,5
YumBrands,H1,MeanReversion,"window=20,z=2.5",0.047887006555884515,0.5517241379310345,0.18528134365519824,1.2084780789265492,144,True,4,0.02612629768904018,5
YumBrands,H1,MeanReversion,"window=20,z=2.75",0.019356259278518917,0.5571428571428572,0.09169115992337357,1.1462139801677793,69,True,4,0.02421364107581303,5
YumBrands,H4,MeanReversion,"window=50,z=1.5",0.5164783242570252,0.5063775510204082,0.25964640618788515,1.101624739470358,1584,True,4,0.05390463440155424,5
YumBrands,H4,MeanReversion,"window=50,z=1.75",0.7285480777492924,0.5135895032802249,0.46854916613504005,1.228610320588776,1077,True,5,0.25692145471806527,5
YumBrands,H4,MeanReversion,"window=50,z=2.0",0.6998416329550037,0.5109170305676856,0.5682738155637708,1.3572729185352108,691,True,5,0.3240272035184284,5
YumBrands,H4,MeanReversion,"window=20,z=2.25",0.2164586869210815,0.5181518151815182,0.27818822052686276,1.251969988738465,305,True,4,0.22832794936306267,5
YumBrands,H4,MeanReversion,"window=50,z=2.25",0.3302375184530042,0.4821852731591449,0.3594527937547536,1.2654396845976355,424,True,4,0.0962572544960979,5
YumBrands,H4,MeanReversion,"window=20,z=2.5",0.15242150547989108,0.5234899328859061,0.28444847923055727,1.37821706959467,150,True,4,0.09462483342748218,5
YumBrands,H4,MeanReversion,"window=20,z=2.75",-0.01436390001572041,0.4647887323943662,-0.03934047090978907,0.9372687388378683,72,True,4,0.07182696230515673,5
YumBrands,H4,MeanReversion,"window=50,z=2.75",0.1365115788705521,0.4722222222222222,0.21083747472079975,1.2781414400298279,144,True,5,0.07287796288150339,5
YumBrands,M15,MeanReversion,"window=100,z=1.5",0.05011103843941289,0.5073710073710074,0.1034026631983022,1.0362367885910964,1660,True,4,0.012742161282471187,5
YumBrands,M15,MeanReversion,"window=20,z=2.0",0.24186467354464014,0.5503246753246753,0.6299506586796187,1.3921933950170322,623,True,4,0.05538248977354232,5
YumBrands,M15,MeanReversion,"window=20,z=2.25",0.1716254195576985,0.5670391061452514,0.5729151724035086,1.4710620063709792,362,True,4,0.026401846884465452,5
YumBrands,M15,TrendFollowing,"fast=10,slow=30",0.029063073215330082,0.5095723014256619,0.03111975918134569,1.0064941538299519,4999,True,5,0.11309381989260014,5
YumBrands,M15,TrendFollowing,"fast=13,slow=34",0.006253065604888031,0.5105906313645621,0.006695559607641654,1.0013936979144409,4999,True,5,0.08333734656803427,5
Zions,H1,MeanReversion,"window=100,z=1.5",-0.20280657670461277,0.506198347107438,-0.09845260964311996,0.96163839190921,1474,True,4,0.02572405169031622,5
Zions,H1,MeanReversion,"window=100,z=1.75",-0.1965246779762232,0.5092143549951503,-0.10899300590807783,0.9496520459504055,1048,True,4,0.05778856610365979,5
Zions,H4,MeanReversion,"window=20,z=2.5",0.037288304557169916,0.5165562913907285,0.023641254188527146,1.0325981190906588,151,True,4,0.06705611032650949,5
Zions,H4,TrendFollowing,"fast=34,slow=89",-0.36518004984590247,0.4964710627142569,-0.059041788166648866,0.9881600002991882,4999,True,4,0.7061493533081636,5
Zions,M15,MeanReversion,"window=20,z=1.5",0.45350292914938095,0.5233576642335767,0.5045625396669974,1.2224454604335633,1403,True,4,0.13381152713434197,5
Zions,M15,MeanReversion,"window=50,z=1.5",0.15458142898819416,0.5003460207612457,0.2185879828060506,1.0758401556154031,1493,True,4,0.07944405946867561,5
Zions,M15,MeanReversion,"window=50,z=1.75",0.18673288539988797,0.500998003992016,0.3092769096089367,1.131144885575278,1032,True,4,0.10645659861834544,5
Zions,M15,MeanReversion,"window=20,z=2.0",0.21661710286434943,0.5293132328308208,0.3255299193478109,1.2139519238639915,609,True,4,0.12859643898764006,5
Zions,M15,MeanReversion,"window=50,z=2.0",0.19675434573985173,0.5123076923076924,0.3861434477267013,1.2132967951219444,669,True,5,0.12791077763639336,5
Zions,M15,MeanReversion,"window=20,z=2.25",0.15776477395841404,0.5313351498637602,0.31317473983916644,1.2395619613451148,370,True,4,0.07780220516892122,5
Zions,M15,MeanReversion,"window=50,z=2.25",0.19680248736887518,0.5155875299760192,0.4802487441850116,1.3421334085921675,427,True,4,0.08994672203018927,5
Zions,M15,MeanReversion,"window=20,z=2.5",0.1872818548140347,0.5432692307692307,0.4343739951289586,1.5180489920457136,211,True,4,0.0757815944197312,5
Zions,M15,MeanReversion,"window=20,z=2.75",0.18941172355281488,0.5396825396825397,0.5068239515538663,1.8565969045591098,126,True,4,0.04775450302989226,5
Zions,M15,MeanReversion,"window=50,z=2.75",0.1054222439887198,0.5151515151515151,0.3883341978812497,1.4685311574527573,171,True,4,0.03936093134610563,5
Zions,M15,MeanReversion,"window=100,z=2.75",0.06298010086252848,0.4860335195530726,0.1997072809487802,1.208805031212167,182,True,4,0.0373492342162951,5
Zions,M15,MeanReversion,"window=20,z=3.0",0.181010214232193,0.6142857142857143,0.5764611714650177,2.773833077764883,70,True,4,0.023917117382458164,5
Zoetis,H1,MeanReversion,"window=100,z=1.5",0.22181568385236916,0.4983344437041972,0.1860540851282767,1.0709475662901058,1512,True,4,0.07797696421134914,5
Zoetis,H1,TrendFollowing,"fast=21,slow=55",-0.03620567708670552,0.5067445137910207,-0.017298627840989792,0.9964611419626527,4999,True,4,0.195749299013115,5
Zoetis,H4,TrendFollowing,"fast=5,slow=20",-0.535536712419399,0.4985904148207813,-0.13578702699627665,0.9744027132525648,4999,True,4,0.6409158922885381,5
Zoetis,H4,TrendFollowing,"fast=8,slow=21",-0.6333294153748494,0.4989931534434152,-0.16058501801636396,0.9697990551299864,4999,True,5,0.46406596461954797,5
Zoetis,H4,TrendFollowing,"fast=10,slow=30",-0.112499601577974,0.5066451872734595,-0.028523632114959296,0.9945678875309559,4999,True,5,0.7302793532898899,5
Zoetis,H4,TrendFollowing,"fast=13,slow=34",-0.032815223522228765,0.5076520338300443,-0.00832010040652918,0.9984124425949006,4999,True,5,0.7258185732782754,5
Zoetis,H4,TrendFollowing,"fast=21,slow=55",0.7995809506478726,0.5138944824808699,0.20274539769152772,1.0394775612976297,4999,True,5,0.6831533583447094,5
Zoetis,H4,TrendFollowing,"fast=34,slow=89",1.0493678540386753,0.5201369311316956,0.26609818706630034,1.052131705416986,4999,True,4,0.6384317783360325,5
Zoetis,H4,VolatilityExpansion,"ema=20,mult=1.5",-0.5085592726983718,0.5036496350364964,-0.231547545236092,0.921835671436188,1519,True,4,0.3444434060189493,5
Zoetis,H4,VolatilityExpansion,"ema=50,mult=1.5",-0.5308831397371923,0.5043022820800599,-0.18253161091257877,0.9530353263421707,2693,True,4,0.3555342912561422,5
Zoetis,H4,VolatilityExpansion,"ema=50,mult=2.0",-0.21570928908767772,0.510576923076923,-0.08488412971079944,0.9748417381887782,2098,True,4,0.5700033183205991,5
Zoetis,H4,VolatilityExpansion,"ema=50,mult=2.5",0.09890749675520938,0.5193050193050193,0.04589686022445072,1.0162358276849879,1567,True,4,0.47264086802798055,5
Zoetis,H4,VolatilityExpansion,"ema=20,mult=3.0",-0.09525485555271118,0.4793814432989691,-0.09251509694298708,0.9027701160242588,195,True,4,0.07720348970794044,5
Zoetis,H4,VolatilityExpansion,"ema=20,mult=3.5",-0.09283364956024143,0.44047619047619047,-0.12840282013618426,0.801445526040817,84,True,4,0.09816522978871134,5
Zoetis,H4,VolatilityExpansion,"ema=50,mult=3.5",-0.3349067934160713,0.5209656925031766,-0.21821221203237376,0.8948757660039981,797,True,4,0.18966921032025696,5
Zoetis,M15,MeanReversion,"window=50,z=1.5",0.2242440910483724,0.5017064846416383,0.3408067086933717,1.1358665003357542,1486,True,4,0.1038078438888076,5
Zoetis,M15,MeanReversion,"window=50,z=1.75",0.2487236465669127,0.5115606936416185,0.4399912443169281,1.21398632012198,1048,True,4,0.058827731833793084,5
Zoetis,M15,MeanReversion,"window=50,z=2.25",0.21436660910992844,0.5550239234449761,0.5751194014132697,1.4357303794879164,423,True,4,0.06222079144993242,5
Zoetis,M15,MeanReversion,"window=20,z=2.5",0.11524322103942197,0.5980861244019139,0.38822262155725246,1.3919467872295264,209,True,4,0.03165255833370206,5
Zoetis,M15,MeanReversion,"window=50,z=2.5",0.1623113351906431,0.5687022900763359,0.4866194436775216,1.4620073368366162,266,True,5,0.07141075480771042,5
ZurichInsurance,H1,MeanReversion,"window=50,z=1.75",-0.0025557164516968323,0.499496475327291,-0.004870981414709155,0.9977929479682686,1045,True,4,0.08260620068763402,5
ZurichInsurance,H1,MeanReversion,"window=100,z=1.75",0.08617758703012623,0.5183714001986097,0.15590676667508646,1.0736822644004622,1061,True,4,0.04070157978160349,5
ZurichInsurance,H1,MeanReversion,"window=50,z=2.0",0.13987052568087088,0.5181102362204725,0.3797832021002539,1.2072166944290512,663,True,4,0.05374307589136684,5
ZurichInsurance,H1,MeanReversion,"window=100,z=2.0",0.030566372384681406,0.511520737327189,0.0684251393922895,1.039900230643186,683,True,4,0.04313131248755386,5
ZurichInsurance,H1,MeanReversion,"window=20,z=2.25",0.10833266271152753,0.5568181818181818,0.511875095365477,1.4817483184484428,273,True,4,0.0266835376292468,5
ZurichInsurance,H1,MeanReversion,"window=50,z=2.25",0.10150510202522223,0.5053475935828877,0.3463149780211616,1.2618733471878851,388,True,4,0.04359748366400773,5
ZurichInsurance,H1,MeanReversion,"window=20,z=2.5",0.1101675219334608,0.5774647887323944,0.6642465470273712,2.0902837665219796,145,True,5,0.03516030129160297,5
ZurichInsurance,H1,MeanReversion,"window=50,z=2.5",0.028676977345692523,0.4858490566037736,0.1184999429301418,1.1124509537108302,218,True,5,0.026224273868328485,5
ZurichInsurance,H1,MeanReversion,"window=50,z=2.75",0.02991653123985516,0.47413793103448276,0.16379627714832964,1.2250390182240238,116,True,5,0.01426614322147246,5
ZurichInsurance,H1,TrendFollowing,"fast=21,slow=55",0.11600944844981065,0.5063317855635289,0.10331684486139771,1.0221782236520625,4999,True,4,0.04988791430659034,5
ZurichInsurance,H4,MeanReversion,"window=100,z=1.5",-0.04518010280636697,0.48152948801036943,-0.029296541932347143,0.9889159489567877,1578,True,4,0.17947710113138116,5
ZurichInsurance,H4,MeanReversion,"window=100,z=1.75",-0.13739940807152495,0.47368421052631576,-0.10218941023615138,0.9546115613375351,1151,True,4,0.08711300376224917,5
ZurichInsurance,H4,MeanReversion,"window=100,z=2.0",-0.08988064810850693,0.47304582210242585,-0.07641771940931147,0.9572953508125873,763,True,4,0.05518758742413421,5
ZurichInsurance,H4,VolatilityExpansion,"ema=20,mult=1.5",0.4792687799599322,0.5255930087390761,0.2964373783546277,1.1173526057107923,1643,True,4,0.19846393527336648,5
ZurichInsurance,H4,VolatilityExpansion,"ema=20,mult=2.0",0.4395731634008879,0.5227995758218452,0.31688494980307486,1.1734409801856478,966,True,4,0.15027903353609362,5
ZurichInsurance,M15,MeanReversion,"window=50,z=1.5",0.037450092464456186,0.4980330448465775,0.1291165873454412,1.0495573719888607,1473,True,5,0.04350865221228628,5
ZurichInsurance,M15,MeanReversion,"window=100,z=1.5",-0.021064041144545853,0.48858773181169757,-0.07272001316702302,0.9749929885077732,1611,True,4,0.03299982452967387,5
ZurichInsurance,M15,MeanReversion,"window=100,z=1.75",-0.0039313618651334314,0.4886251236399604,-0.015527768568714953,0.99357323246,1153,True,4,0.04713535994069873,5
ZurichInsurance,M15,MeanReversion,"window=100,z=2.0",0.04177735217032097,0.5159235668789809,0.19811320262236665,1.1119781963728141,716,True,5,0.04818885374789772,5
ZurichInsurance,M15,MeanReversion,"window=100,z=2.25",-0.0021794747758618893,0.5100502512562815,-0.015119246086315952,0.9911393063072562,447,True,5,0.021193075508594728,5
ZurichInsurance,M15,MeanReversion,"window=100,z=2.5",0.0016943826145728869,0.5175438596491229,0.01428417288282486,1.0113054366769652,251,True,4,0.015698187501082872,5
