symbol,timeframe,strategy,params,total_return,win_rate,sharpe_ratio,profit_factor,num_trades,robust,oos_profitable_windows,total_oos_return,total_windows
AMETEK,H1,MeanReversion,"window=100,z=1.75",0.27196399822441153,0.5305305305305306,0.36169967735249836,1.1623424689813013,1010,True,5,0.12476354565396197,5
AMETEK,H1,MeanReversion,"window=100,z=2.0",0.07028859010992028,0.5205047318611987,0.10681417977790385,1.0581430643570529,639,True,4,0.034275773822630584,5
AMETEK,H4,MeanReversion,"window=50,z=1.5",0.8353450385339454,0.5149105367793241,0.3310071445041776,1.1407604194234655,1525,True,4,0.4475157869314621,5
AMETEK,H4,MeanReversion,"window=100,z=1.5",0.362493840444179,0.5042997542997543,0.1441683876170348,1.055987628440671,1642,True,4,0.29397880335566084,5
AMETEK,H4,MeanReversion,"window=20,z=1.75",0.8483130891283858,0.5171696149843913,0.4710151777024465,1.2337676633008918,968,True,4,0.22264269405245074,5
AMETEK,H4,MeanReversion,"window=50,z=1.75",0.3006990545313011,0.5074037512339585,0.13361130504573954,1.0701126414986708,1024,True,4,0.1165863754152543,5
AMETEK,H4,MeanReversion,"window=20,z=2.0",0.5290026120938875,0.5232142857142857,0.3838111701250419,1.250410906708612,563,True,4,0.3875408684451189,5
AMETEK,H4,MeanReversion,"window=20,z=2.25",0.2596108121914118,0.5206896551724138,0.23482938568601663,1.2218120241917483,292,True,4,0.22716665987075735,5
AMETEK,H4,MeanReversion,"window=50,z=2.5",0.3528783152418655,0.5319148936170213,0.3455345976418424,1.4328754940924082,189,True,4,0.06469588087839595,5
AMETEK,M15,MeanReversion,"window=20,z=1.5",0.6465294129325906,0.5613333333333334,1.0815224687507976,1.4966332505125353,1520,True,4,0.14077681055106028,5
AMETEK,M15,MeanReversion,"window=50,z=1.5",0.42493548570780637,0.5159609120521172,0.6871284562904729,1.3295475350156432,1557,True,5,0.1577228274970578,5
AMETEK,M15,MeanReversion,"window=100,z=1.5",0.4810218851511914,0.5122112211221123,0.7563385618062742,1.3980139449502578,1539,True,5,0.07305597948419029,5
AMETEK,M15,MeanReversion,"window=20,z=1.75",0.47475242527070116,0.5691854759568205,0.8982555034580739,1.5004889397451158,1031,True,4,0.1000914753115586,5
AMETEK,M15,MeanReversion,"window=50,z=1.75",0.30713070375769025,0.532516493873704,0.7465141017985342,1.3495683130296738,1073,True,5,0.07664827784261741,5
AMETEK,M15,MeanReversion,"window=100,z=1.75",0.4405604473881558,0.5309734513274337,0.7564965684365303,1.5570977880875088,1029,True,5,0.043181106477166664,5
AMETEK,M15,MeanReversion,"window=20,z=2.0",0.44382966845175464,0.5990566037735849,1.0654951439779343,1.7638190978674537,644,True,4,0.07892744285817577,5
AMETEK,M15,MeanReversion,"window=50,z=2.0",0.31475017192734145,0.5714285714285714,0.8680845392873665,1.5563916327928908,676,True,5,0.06441746467465947,5
AMETEK,M15,MeanReversion,"window=20,z=2.25",0.37278972518430065,0.6086956521739131,1.0483138893229236,2.0450610593730243,392,True,5,0.08925600976803083,5
AMETEK,M15,MeanReversion,"window=50,z=2.25",0.20477081703182842,0.576271186440678,0.6857472997181487,1.5470304372957786,415,True,5,0.0346477242109785,5
AMETEK,M15,MeanReversion,"window=100,z=2.25",0.2126878736652843,0.5402843601895735,0.657746308873209,1.6192675387672317,426,True,4,0.018027233636457862,5
AMETEK,M15,MeanReversion,"window=20,z=2.5",0.29281423644703686,0.6244541484716157,0.973517900333249,2.3553856321563686,229,True,5,0.08386732866547453,5
AMETEK,M15,MeanReversion,"window=50,z=2.5",0.127599872890079,0.57421875,0.5151187448854044,1.523237872133613,258,True,5,0.022850810067213678,5
AMETEK,M15,MeanReversion,"window=100,z=2.5",0.07577783608563249,0.5609756097560976,0.33749056154853424,1.3191735819786803,248,True,4,0.016653778229153593,5
AMETEK,M15,MeanReversion,"window=50,z=2.75",0.09901202714556312,0.5886524822695035,0.4784723826144996,1.6917137030580014,140,True,4,0.04027530641952648,5
AMETEK,M15,MeanReversion,"window=50,z=3.0",0.07423207185292491,0.5955056179775281,0.4083946620133521,1.7450362071692511,88,True,4,0.0321343555528375,5
ANSYS,H1,MeanReversion,"window=20,z=1.5",0.40560210595136514,0.5138419986495611,0.34622651280235495,1.1340188865195377,1487,True,4,0.1564893522951213,5
ANSYS,H1,MeanReversion,"window=50,z=1.5",0.3910873544100355,0.5130890052356021,0.31430864029285843,1.1229355561245926,1530,True,5,0.26693483582124433,5
ANSYS,H1,MeanReversion,"window=20,z=1.75",0.2941783063355189,0.5060975609756098,0.33795819965872825,1.150502095832392,989,True,4,0.13592283578382314,5
ANSYS,H1,MeanReversion,"window=50,z=1.75",0.11750855766229118,0.501460564751704,0.10855979695754184,1.050611433739422,1028,True,5,0.15299061572482342,5
ANSYS,H1,MeanReversion,"window=100,z=1.75",-0.21708819310430127,0.4921369102682701,-0.18247302830760845,0.9185037064579218,1083,True,4,0.0438194043350455,5
ANSYS,H1,MeanReversion,"window=50,z=2.0",-0.032023354478820876,0.4914772727272727,-0.03302333274047957,0.9815402319105282,705,True,4,0.13496352962394975,5
ANSYS,H1,MeanReversion,"window=100,z=2.0",-0.008659784670881021,0.4943342776203966,-0.009526142696647246,0.9948969692239868,706,True,5,0.09710438335355676,5
ANSYS,H1,MeanReversion,"window=50,z=2.25",0.053245938653502134,0.5182648401826484,0.07884881774151922,1.0519910175092273,438,True,5,0.14655352705999358,5
ANSYS,H1,MeanReversion,"window=20,z=2.5",0.1075429850081171,0.515625,0.24903174021845773,1.2463543887970792,191,True,5,0.06347603747100072,5
ANSYS,H1,MeanReversion,"window=20,z=2.75",0.035379138075823935,0.4945054945054945,0.12689235054412815,1.165291660205581,90,True,4,0.032534376506437646,5
ANSYS,H1,MeanReversion,"window=50,z=2.75",0.03549054830948428,0.5285714285714286,0.07428191190929909,1.0919161509382604,139,True,4,0.09245624263856567,5
ANSYS,H1,MeanReversion,"window=50,z=3.25",0.0864668863362339,0.6046511627906976,0.2809157293583204,1.8907686798044858,42,True,4,0.06988103118769107,5
ANSYS,H1,TrendFollowing,"fast=50,slow=200",-0.3402991654686839,0.5119597989949749,-0.15284417086244895,0.9693744726724739,4999,True,4,0.09244457395256811,5
ANSYS,H4,TrendFollowing,"fast=34,slow=89",-0.2377029853518684,0.5112936344969199,-0.06311213720442206,0.9882343360503414,3907,True,4,0.3772334438329594,5
ANSYS,H4,TrendFollowing,"fast=50,slow=200",0.04802003633965923,0.5120636550308009,0.012749625916628952,1.0023937908822926,3907,True,4,0.2819867985157376,5
ANSYS,M15,MeanReversion,"window=20,z=1.5",0.5867766449979716,0.5340160936356986,0.9391354369605748,1.45601910415681,1391,True,4,0.15310550975159132,5
ANSYS,M15,MeanReversion,"window=20,z=1.75",0.45945346168536205,0.54004329004329,0.916037558966688,1.5323625147012825,943,True,4,0.10238002525408452,5
ANSYS,M15,MeanReversion,"window=20,z=2.0",0.28069476547562133,0.5582608695652174,0.7314289203249087,1.508353862870124,590,True,4,0.08865847824141204,5
ANSYS,M15,MeanReversion,"window=20,z=2.25",0.1701752628340517,0.5813253012048193,0.5121569852930277,1.4531833545217199,342,True,4,0.0728310734045583,5
ANSYS,M15,MeanReversion,"window=20,z=2.5",0.1452600828744255,0.6089108910891089,0.540618497104987,1.6562190130470857,203,True,4,0.04326273226655497,5
ANSYS,M15,MeanReversion,"window=50,z=2.75",0.07761337674076674,0.5774647887323944,0.3781354206758478,1.4898114483207172,144,True,4,0.01565185820242554,5
ANSYS,M15,MeanReversion,"window=100,z=2.75",0.1479576817084748,0.5866666666666667,0.5200043889698367,2.069077277081245,153,True,4,0.019007786160440965,5
ANSYS,M15,TrendFollowing,"fast=13,slow=34",-0.06999922902959721,0.49733715690290864,-0.06509030102355401,0.9864305134986312,4999,True,4,0.09166992286525844,5
ANSYS,M15,TrendFollowing,"fast=21,slow=55",-0.0968833601752801,0.5018435067595248,-0.09008978690714593,0.9812677843164925,4999,True,4,0.02627984334599609,5
AOSmith,H1,MeanReversion,"window=100,z=1.75",0.42136150200178824,0.5325670498084292,0.5073721898186506,1.220180605387033,1057,True,5,0.13710465385395854,5
AOSmith,H1,MeanReversion,"window=20,z=2.0",0.2827451735265515,0.535042735042735,0.4303190594084259,1.2665265327321504,592,True,4,0.08911230302317075,5
AOSmith,H1,MeanReversion,"window=100,z=2.0",0.2009396248851063,0.5147492625368731,0.30200136107993925,1.1542058252028162,683,True,4,0.07989447895970025,5
AOSmith,H1,MeanReversion,"window=50,z=2.25",0.08822444184284672,0.5454545454545454,0.1609313178407238,1.1050912482479036,401,True,5,0.05514629851863673,5
AOSmith,H1,MeanReversion,"window=20,z=2.5",0.08244838300748036,0.5590062111801242,0.21259634325418644,1.2370610130325865,163,True,4,0.038456353218804806,5
AOSmith,H1,MeanReversion,"window=20,z=2.75",0.020669652824569784,0.5604395604395604,0.06379948168034075,1.0867687688837162,91,True,4,0.02951721695734877,5
AOSmith,H1,TrendFollowing,"fast=5,slow=20",0.217466927648167,0.5008110300081103,0.11698293824785443,1.022542071383396,4999,True,4,0.22491440711170962,5
AOSmith,H1,TrendFollowing,"fast=8,slow=21",0.41534519663422975,0.5016220600162206,0.2234445318424222,1.043499755922087,4999,True,4,0.22628186651810445,5
AOSmith,H1,TrendFollowing,"fast=13,slow=34",0.0896465560964147,0.49939172749391725,0.04822287804896062,1.0092313793913614,4999,True,4,0.25864146548185396,5
AOSmith,H1,TrendFollowing,"fast=21,slow=55",-0.12664344529756433,0.5034468775344688,-0.068124641339608,0.9871024856098874,4999,True,4,0.38003551942407465,5
AOSmith,H1,TrendFollowing,"fast=34,slow=89",-0.10993926709322921,0.5070965125709651,-0.05913891655132844,0.9887941268020003,4999,True,4,0.1594846140401015,5
AOSmith,H1,TrendFollowing,"fast=50,slow=200",-0.6308485163009604,0.49695863746958635,-0.3394234705195155,0.9373618577388683,4999,True,4,0.15211835791391592,5
AOSmith,H4,MeanReversion,"window=20,z=1.5",0.7209068358387427,0.5250836120401338,0.35895589519532944,1.1318585264553602,1201,True,4,0.440502561766148,5
AOSmith,H4,MeanReversion,"window=50,z=1.5",0.5486576078037133,0.503585657370518,0.2722565678804327,1.0962088762219573,1265,True,4,0.29825900792548976,5
AOSmith,H4,MeanReversion,"window=50,z=1.75",0.7558585523475184,0.5259433962264151,0.43751380852218275,1.198535500706533,855,True,4,0.387645364217163,5
AOSmith,H4,MeanReversion,"window=100,z=1.75",0.7480082754612036,0.5102925243770314,0.4465761554439378,1.1947875153427334,931,True,4,0.20236747054593096,5
AOSmith,H4,MeanReversion,"window=20,z=2.25",-0.11584209698272963,0.4979757085020243,-0.12551259771093415,0.9133175752237948,246,True,4,0.12342229259192539,5
AOSmith,H4,MeanReversion,"window=20,z=2.5",-0.1628149214412643,0.5116279069767442,-0.2229017652070481,0.8006395349954626,128,True,4,0.06009917097857376,5
AOSmith,M15,MeanReversion,"window=100,z=1.5",0.361259575313281,0.5343007915567283,0.6492986738915463,1.2349021809134175,1562,True,4,0.0575087921824724,5
AOSmith,M15,MeanReversion,"window=100,z=1.75",0.33773009412658883,0.5459825750242013,0.7065550320031603,1.323867272660606,1066,True,4,0.027909238414603355,5
AOSmith,M15,MeanReversion,"window=50,z=2.25",0.20796870233695075,0.5710843373493976,0.6103476864436326,1.4403139686033772,427,True,4,0.01472363113874875,5
AOSmith,M15,VolatilityExpansion,"ema=20,mult=2.5",-0.16243064980877364,0.4398496240601504,-0.5154869892964585,0.6770959012629216,271,True,4,0.02665492974120287,5
AdvanceAutoParts,H4,MeanReversion,"window=20,z=1.5",0.5917073000257927,0.5033167495854063,0.21826496836155743,1.081826253810034,1211,True,4,0.4075768990182438,5
AdvanceAutoParts,H4,MeanReversion,"window=100,z=2.75",-0.3061407079954359,0.3968253968253968,-0.23065563814141418,0.7673110799484547,125,True,4,0.05396771848006099,5
AdvanceAutoParts,H4,VolatilityExpansion,"ema=50,mult=2.5",0.3624184964068706,0.5124309392265194,0.10833606429406048,1.039420077717351,1449,True,4,0.19955931765533008,5
AdvanceAutoParts,M15,MeanReversion,"window=20,z=1.75",0.31579077877750783,0.49333333333333335,0.14952739929528636,1.1162705464996225,996,True,4,0.21892672031646498,5
AdvanceAutoParts,M15,MeanReversion,"window=50,z=2.5",0.2481542530792158,0.5720524017467249,0.4452394291011415,1.4451097839538865,232,True,4,0.04570598071098608,5
AdvanceAutoParts,M15,MeanReversion,"window=50,z=2.75",0.24384198132842372,0.603448275862069,0.5350205581071367,1.8471096141187855,119,True,4,0.056039397753618325,5
AdvanceAutoParts,M15,TrendFollowing,"fast=8,slow=21",0.2865350833889093,0.512080262080262,0.10307807380997072,1.0266502439942964,4999,True,4,0.14064672084044272,5
AlaskaAir,H1,MeanReversion,"window=20,z=1.5",0.030889809104373334,0.48782185107863607,0.01772878964988391,1.006666814273611,1456,True,5,0.16889042146766964,5
AlaskaAir,H1,MeanReversion,"window=100,z=2.5",0.18514628970672842,0.516245487364621,0.23554827012219004,1.1973384660088047,278,True,4,0.12166122785645028,5
AlaskaAir,H1,MeanReversion,"window=100,z=2.75",0.1699957797010483,0.5379310344827586,0.30223474502001335,1.3610887271149177,145,True,5,0.0799311991054934,5
AlaskaAir,H1,TrendFollowing,"fast=5,slow=20",-0.03910835906340304,0.5008123476848091,-0.01226212428639328,0.9975035326437024,4999,True,4,0.6505801991268937,5
AlaskaAir,H1,TrendFollowing,"fast=8,slow=21",0.24874643945778085,0.5008123476848091,0.0779934453928406,1.0160258737175665,4999,True,5,0.637858227273714,5
AlaskaAir,H1,TrendFollowing,"fast=10,slow=30",0.700165050057295,0.5093419983753046,0.21955228402813368,1.0457748581397077,4999,True,4,0.6393398409317325,5
AlaskaAir,H1,TrendFollowing,"fast=13,slow=34",0.735115919583195,0.5101543460601138,0.23051416097590247,1.0481148204807633,4999,True,4,0.7127320038534278,5
AlaskaAir,H1,TrendFollowing,"fast=21,slow=55",1.170527783752263,0.5160438667749797,0.3671079911333248,1.0777208731627659,4999,True,4,0.5324414030113703,5
AlaskaAir,H1,TrendFollowing,"fast=34,slow=89",1.4635699701138014,0.5152315190901706,0.4590828287364558,1.0981330403874907,4999,True,4,0.5749667631846488,5
AlaskaAir,H1,TrendFollowing,"fast=50,slow=200",1.4593815588768342,0.5091389114541024,0.45776794166664664,1.097838467257345,4999,True,4,0.563203741963822,5
AlaskaAir,H1,VolatilityExpansion,"ema=50,mult=1.5",0.5175769824873321,0.5150779896013865,0.21442479111162968,1.0573974362344005,2925,True,4,0.3776640522274153,5
AlaskaAir,H1,VolatilityExpansion,"ema=50,mult=2.0",0.26604470526444,0.5129511677282378,0.11919764674848617,1.0353925185728223,2384,True,4,0.21637569728021455,5
AlaskaAir,H4,MeanReversion,"window=50,z=1.5",-0.6681310987397291,0.4883435582822086,-0.16962262056265442,0.942116929262179,1645,True,4,0.20197606819488834,5
AlaskaAir,H4,MeanReversion,"window=100,z=1.5",-0.647178450996244,0.4858974358974359,-0.16250655153062196,0.9426595613768972,1571,True,4,0.4491369050786257,5
AlaskaAir,H4,MeanReversion,"window=50,z=1.75",-0.4871948685035665,0.4982142857142857,-0.1510184418671027,0.9393057141120676,1131,True,4,0.10891046012642513,5
AlaskaAir,H4,MeanReversion,"window=100,z=1.75",-0.8665360659883538,0.49063670411985016,-0.2561933432364012,0.8922091767135941,1075,True,5,0.39963122441868515,5
AlaskaAir,H4,MeanReversion,"window=20,z=2.0",-0.23362380699307606,0.5036363636363637,-0.1101636189043934,0.9408356861251743,554,True,4,0.11440615454296865,5
AlaskaAir,M15,MeanReversion,"window=20,z=1.5",0.07903238947549929,0.5014749262536873,0.07543577863163202,1.0280679021193468,1384,True,4,0.07287814415200411,5
AlaskaAir,M15,MeanReversion,"window=50,z=1.5",0.24479798682127862,0.5101763907734057,0.24474941887604432,1.0884822097786433,1505,True,4,0.10517993812570248,5
AlaskaAir,M15,MeanReversion,"window=20,z=1.75",0.10830480388617925,0.49672489082969434,0.11948724845013642,1.0540128825531654,932,True,5,0.14660199267980967,5
AlaskaAir,M15,MeanReversion,"window=50,z=1.75",0.18783191647112762,0.5095669687814703,0.2098629351216878,1.0932344741002773,1015,True,4,0.10069959609788048,5
AlaskaAir,M15,MeanReversion,"window=20,z=2.0",0.20895200177482187,0.4930313588850174,0.2828750581575482,1.1626671513267757,584,True,4,0.14666731755134876,5
AlaskaAir,M15,MeanReversion,"window=50,z=2.25",0.16469779602770818,0.5239294710327456,0.29660917036491063,1.198698104641303,405,True,4,0.05458057311723441,5
AlaskaAir,M15,MeanReversion,"window=50,z=2.5",0.20025157972560215,0.5447154471544715,0.4043630310085066,1.36923312583686,253,True,4,0.08512355911209679,5
AlaskaAir,M15,MeanReversion,"window=50,z=2.75",0.16168267961856186,0.5197368421052632,0.3874341850826264,1.4699182805174928,155,True,4,0.07795518477281649,5
AlaskaAir,M15,TrendFollowing,"fast=5,slow=20",0.26415173429782,0.5077677841373671,0.13360837669969639,1.0291418923128137,4999,True,4,0.08390795195097411,5
AlaskaAir,M15,TrendFollowing,"fast=8,slow=21",0.12127859058727142,0.508789860997547,0.061341193327939386,1.0132751408549203,4999,True,4,0.054185310007194176,5
Allegion,H1,MeanReversion,"window=20,z=1.5",0.3356552266254784,0.5168539325842697,0.33704676116157756,1.1188122687397728,1529,True,4,0.11845617899919492,5
Allegion,H1,MeanReversion,"window=50,z=1.5",0.4268854200793455,0.5285245901639344,0.4186539738081067,1.1518575353125864,1536,True,5,0.1484286183056377,5
Allegion,H1,MeanReversion,"window=20,z=1.75",0.29390781090139684,0.5217831813576495,0.36476605478194013,1.164886174070535,998,True,4,0.10248700703129765,5
Allegion,H1,MeanReversion,"window=50,z=1.75",0.37221387790620686,0.5230769230769231,0.42532000632547995,1.1921300573071463,1049,True,4,0.1150464813376747,5
Allegion,H1,MeanReversion,"window=100,z=1.75",0.1603038243272058,0.5153550863723608,0.18358431764387004,1.0793412030849043,1050,True,4,0.0512975285496764,5
Allegion,H1,MeanReversion,"window=20,z=2.0",0.14904779022385994,0.5214521452145214,0.2253844868677476,1.1298424855732834,612,True,5,0.0722305217466287,5
Allegion,H1,MeanReversion,"window=100,z=2.0",0.19378201304499532,0.5190258751902588,0.26518471265154264,1.1509556199298947,660,True,4,0.056288486742863686,5
Allegion,H1,MeanReversion,"window=20,z=2.25",0.15635283770526387,0.5230769230769231,0.28062309020213766,1.2479198327010792,329,True,4,0.08571450389954116,5
Allegion,H1,MeanReversion,"window=50,z=2.25",0.3252921546444346,0.5409836065573771,0.5432849898377636,1.4454067866207183,428,True,4,0.08412395299252506,5
Allegion,H1,MeanReversion,"window=100,z=2.25",0.05396503974867772,0.5166666666666667,0.09442471317977075,1.0628682603980681,421,True,4,0.08254598604669938,5
Allegion,H1,MeanReversion,"window=50,z=2.5",0.2477279183401987,0.5473251028806584,0.5068424298741574,1.6465422504737772,243,True,4,0.06605380262537364,5
Allegion,H4,MeanReversion,"window=100,z=1.5",1.2720809002793154,0.5287921348314607,0.5882518819331377,1.2255248851215805,1432,True,4,0.12109478521404837,5
Allegion,H4,MeanReversion,"window=20,z=1.75",0.23875419659965713,0.517406962785114,0.1383233525785409,1.0609093613369887,838,True,4,0.20382916926368788,5
Allegion,H4,MeanReversion,"window=20,z=2.0",0.3130146269025861,0.5166340508806262,0.2435203691887084,1.1380758173179812,511,True,4,0.1603481913519027,5
Allegion,M15,MeanReversion,"window=20,z=1.5",0.656103192424786,0.5612947658402204,1.0744786475162138,1.4493142883124277,1487,True,5,0.1458030528274018,5
Allegion,M15,MeanReversion,"window=100,z=1.5",0.35874997697090527,0.52864044168392,0.6136196646005192,1.239088435232533,1483,True,5,0.18474355807833243,5
Allegion,M15,MeanReversion,"window=20,z=1.75",0.541472526086953,0.5762004175365344,1.0616635480341234,1.5570924095943468,979,True,4,0.07390574716279907,5
Allegion,M15,MeanReversion,"window=50,z=1.75",0.34636278414745036,0.5309734513274337,0.6789768617474302,1.3261918312529564,1040,True,4,0.06214659744794471,5
Allegion,M15,MeanReversion,"window=100,z=1.75",0.3111147731946394,0.5306122448979592,0.6081559160746633,1.2897414294167506,1049,True,4,0.11402165750947846,5
Allegion,M15,MeanReversion,"window=20,z=2.0",0.4454581648025818,0.6077057793345009,1.0548931051189911,1.7662460448496613,585,True,4,0.09208990507995485,5
Allegion,M15,MeanReversion,"window=100,z=2.0",0.19634639484191274,0.5361702127659574,0.4771527998450339,1.2629953111920518,716,True,4,0.060802413598532,5
Allegion,M15,MeanReversion,"window=20,z=2.25",0.25411288995411774,0.6267806267806267,0.7005661559150786,1.6075342998983775,358,True,4,0.05552386561046774,5
Allegion,M15,MeanReversion,"window=50,z=3.0",0.06990330317867999,0.5523809523809524,0.3029319104758009,1.4319557201526105,104,True,4,0.018940852444382483,5
Allegion,M15,MeanReversion,"window=50,z=3.25",0.07090896884507636,0.6,0.33496235681102865,1.617368911269475,69,True,4,0.01367431901219296,5
Alliance,H1,MeanReversion,"window=100,z=1.75",-0.3729371396213187,0.49032800672834315,-0.2168578636621131,0.9174855446538871,1204,True,4,0.09585353172407107,5
Alliance,H1,MeanReversion,"window=50,z=2.0",-0.2129996309075073,0.5041666666666667,-0.14277016197301323,0.9269405934555802,727,True,4,0.14160329028100538,5
Alliance,H1,MeanReversion,"window=100,z=2.0",-0.2474056027564493,0.48625,-0.1790549378631334,0.9200994533722777,810,True,4,0.19311369318906724,5
Alliance,H1,MeanReversion,"window=100,z=2.25",-0.12842955497807396,0.4952015355086372,-0.11051031843787824,0.937740754676302,528,True,4,0.19888224992654346,5
Alliance,H1,MeanReversion,"window=50,z=2.5",0.026013666102703503,0.47540983606557374,0.03072912076928164,1.0250445385567477,243,True,4,0.06711592006553513,5
Alliance,H1,TrendFollowing,"fast=21,slow=55",1.1576491616533073,0.5023340775319667,0.33220556988225286,1.0665809657136127,4998,True,4,0.15899139608596013,5
Alliance,H4,MeanReversion,"window=50,z=1.5",-0.0027313724263005046,0.5160462130937099,-0.000576522160419692,0.9997791381781714,1561,True,5,0.3694787501905523,5
Alliance,H4,MeanReversion,"window=50,z=1.75",0.05137942498100023,0.51953125,0.013215966067388956,1.006216077997722,1025,True,4,0.4227658110831837,5
Alliance,H4,MeanReversion,"window=100,z=2.0",-0.37103036174933546,0.5252659574468085,-0.09490681823156115,0.9456658721742524,753,True,4,0.2687431516184441,5
Alliance,H4,MeanReversion,"window=20,z=2.25",0.4324369340511871,0.5387323943661971,0.2635707990796899,1.2238093770062566,284,True,4,0.15761571641456673,5
Alliance,H4,MeanReversion,"window=50,z=2.25",-0.5668847853759165,0.5076530612244898,-0.19574855418067413,0.8528916481179365,392,True,4,0.08117442755084303,5
Alliance,H4,MeanReversion,"window=100,z=2.25",-0.3321451867957089,0.5257009345794392,-0.09192107091363441,0.9282794121360921,428,True,4,0.19125743815896157,5
Alliance,H4,MeanReversion,"window=50,z=2.5",-0.23432576925840187,0.504424778761062,-0.09879136905647061,0.9013110070412915,225,True,4,0.054379865886433176,5
Alliance,M15,MeanReversion,"window=20,z=1.5",1.5601905543913661,0.5727069351230425,1.3789235003909892,1.6656365905688855,1385,True,5,0.48810294197219295,5
Alliance,M15,MeanReversion,"window=50,z=1.5",0.9008671860644186,0.5502063273727648,0.8175001509961293,1.3492475436900726,1505,True,4,0.31017136110544985,5
Alliance,M15,MeanReversion,"window=100,z=1.5",0.6937027180737683,0.5379665379665379,0.6888019644736895,1.2560036355764066,1614,True,5,0.1993441756483405,5
Alliance,M15,MeanReversion,"window=20,z=1.75",1.2345980033023434,0.5793478260869566,1.2945596585262682,1.7460803194432861,944,True,5,0.46641618977140487,5
Alliance,M15,MeanReversion,"window=50,z=1.75",0.7361328599178584,0.5574596774193549,0.9119518288511121,1.4333535579361787,1017,True,5,0.2853821404728014,5
Alliance,M15,MeanReversion,"window=100,z=1.75",0.5892542219472765,0.5469924812030075,0.6874020856060895,1.32154428190466,1101,True,5,0.21723534021398505,5
Alliance,M15,MeanReversion,"window=20,z=2.0",0.8311482774622733,0.565365025466893,0.9840483470678613,1.6983071559327043,603,True,5,0.40167187895800505,5
Alliance,M15,MeanReversion,"window=50,z=2.0",0.5775015049377633,0.5574803149606299,0.8361586858077251,1.5146212858051766,652,True,5,0.23458280857531755,5
Alliance,M15,MeanReversion,"window=100,z=2.0",0.5053772076339116,0.55052790346908,0.6711822667411041,1.4154880339306586,682,True,5,0.20569651679733747,5
Alliance,M15,MeanReversion,"window=20,z=2.25",0.5193527079997505,0.5802816901408451,0.7303300834707364,1.633009234600995,367,True,5,0.29901653959811314,5
Alliance,M15,MeanReversion,"window=50,z=2.25",0.37357490699850326,0.5452322738386308,0.6323402446368249,1.4779420151047529,418,True,5,0.21418259852903487,5
Alliance,M15,MeanReversion,"window=20,z=2.5",0.39881481121383433,0.5779816513761468,0.6736773218902196,1.7735884678874299,225,True,4,0.1686539660224483,5
Alliance,M15,MeanReversion,"window=50,z=2.5",0.2963738782313575,0.5743801652892562,0.6091149320868268,1.6290281890076277,247,True,4,0.2030667118259395,5
Alliance,M15,MeanReversion,"window=20,z=2.75",0.3061107044231195,0.6148148148148148,0.6125252303918598,1.9098797146731548,138,True,4,0.1521366705023286,5
Alliance,M15,MeanReversion,"window=50,z=2.75",0.22280513637928345,0.5882352941176471,0.5086216231405383,1.6681588083010732,156,True,4,0.17307110138292914,5
AmericanWaterWorks,H1,MeanReversion,"window=20,z=1.5",0.22314647999065174,0.5215605749486653,0.25090882858797586,1.0847227693813084,1472,True,4,0.08552907398866816,5
AmericanWaterWorks,H1,MeanReversion,"window=50,z=1.5",0.2978860405033331,0.523876404494382,0.2965080275941608,1.110021629412245,1438,True,4,0.1326969803874971,5
AmericanWaterWorks,H1,VolatilityExpansion,"ema=20,mult=2.5",0.2722103523317878,0.5339805825242718,0.49103061799124775,1.3650284111269493,417,True,4,0.11545227041987138,5
AmericanWaterWorks,H1,VolatilityExpansion,"ema=20,mult=3.0",0.1386519396260224,0.5205479452054794,0.34187004510532365,1.3383685086674726,222,True,4,0.05738576270333906,5
AmericanWaterWorks,H4,MeanReversion,"window=20,z=1.75",0.534808366466013,0.506,0.3073368876678471,1.140462171560505,1003,True,4,0.1949991906695353,5
AmericanWaterWorks,H4,MeanReversion,"window=20,z=2.5",0.06690711142648109,0.5447154471544715,0.0947750765870752,1.1185791119621864,122,True,4,0.08116850095483197,5
AmericanWaterWorks,H4,TrendFollowing,"fast=10,slow=30",-0.7573827585009578,0.5101466747036367,-0.206702914393817,0.9623211319252142,4999,True,4,0.397525965714818,5
AmericanWaterWorks,H4,TrendFollowing,"fast=13,slow=34",-0.8766921769631071,0.5065300381756078,-0.23927142315317634,0.9565146874310246,4999,True,4,0.2828893476183567,5
AmericanWaterWorks,H4,TrendFollowing,"fast=21,slow=55",-0.874763734629791,0.5059272654209364,-0.2387449833637004,0.9566082659159981,4999,True,4,0.21371504869331281,5
AmericanWaterWorks,M15,MeanReversion,"window=20,z=1.5",0.32949280411740667,0.5208191126279863,0.6142142139726996,1.2273071334574503,1487,True,4,0.07814886583861824,5
AmericanWaterWorks,M15,MeanReversion,"window=100,z=1.5",0.25382991369149077,0.5237410071942447,0.46661152790660576,1.1890201916104668,1416,True,5,0.0792397945291543,5
AmericanWaterWorks,M15,MeanReversion,"window=20,z=1.75",0.4152826686998087,0.5567010309278351,0.8749360766806125,1.4313994447314107,981,True,5,0.1501335293099061,5
AmericanWaterWorks,M15,MeanReversion,"window=100,z=1.75",0.3262723125253262,0.5515350877192983,0.840436480626292,1.4164486625215742,931,True,5,0.1099888566097994,5
AmericanWaterWorks,M15,MeanReversion,"window=20,z=2.0",0.3301111293555872,0.5603448275862069,0.8251360522394117,1.5389240084040163,587,True,5,0.13275551928537555,5
AmericanWaterWorks,M15,MeanReversion,"window=50,z=2.0",0.15851914946884227,0.5331125827814569,0.44908633853790497,1.2514218464638445,614,True,4,0.06251139346721257,5
AmericanWaterWorks,M15,MeanReversion,"window=100,z=2.0",0.19133845027514051,0.5439560439560439,0.6033126765862596,1.3721166961629296,560,True,4,0.06909300061898438,5
AmericanWaterWorks,M15,MeanReversion,"window=20,z=2.25",0.19209627685099362,0.5793871866295265,0.6033896051259269,1.4727797620110057,363,True,5,0.07403866294319261,5
AmericanWaterWorks,M15,MeanReversion,"window=50,z=2.25",0.10561000942013654,0.5408163265306123,0.3547401479996421,1.239806665778561,397,True,4,0.07507144204915894,5
AmericanWaterWorks,M15,MeanReversion,"window=20,z=2.5",0.19439760281631535,0.5938864628820961,0.7472537486136154,1.8361106222907781,231,True,5,0.076893811586221,5
AmericanWaterWorks,M15,MeanReversion,"window=20,z=2.75",0.1306429056475602,0.5655172413793104,0.6006447539159756,1.8663309198167592,145,True,4,0.05512578664749623,5
AmericanWaterWorks,M15,MeanReversion,"window=20,z=3.0",0.05858977794351383,0.5058823529411764,0.34378265366691313,1.572857731861476,85,True,4,0.04770683065079395,5
Ameriprise,H1,MeanReversion,"window=20,z=1.5",0.3546412581098305,0.5182186234817814,0.3503812666097246,1.1317717738169053,1487,True,4,0.2863223497297569,5
Ameriprise,H1,MeanReversion,"window=50,z=1.5",0.19783658466399578,0.49968533668974197,0.1902566920591837,1.0679751258675336,1594,True,4,0.06442465560797928,5
Ameriprise,H1,MeanReversion,"window=20,z=2.0",0.1993863666122847,0.5263157894736842,0.3175771677671944,1.182721276501314,589,True,4,0.11791095178976951,5
Ameriprise,H1,MeanReversion,"window=20,z=2.5",0.13206813713141163,0.582010582010582,0.35924871103560646,1.3589077999393095,189,True,5,0.0584871733878245,5
Ameriprise,H1,MeanReversion,"window=50,z=2.5",0.14855545653871882,0.5596707818930041,0.36162104618204605,1.330064251183687,242,True,4,0.02065035704984819,5
Ameriprise,H4,MeanReversion,"window=20,z=1.5",0.7867341822685936,0.5128036769533815,0.2895982469252162,1.1083326840899785,1528,True,4,0.4979119639825582,5
Ameriprise,H4,MeanReversion,"window=100,z=1.5",0.101326532146639,0.4980457844779453,0.029763952701725764,1.011041141257889,1799,True,4,0.18704945696718223,5
Ameriprise,H4,MeanReversion,"window=100,z=1.75",0.2772641325966322,0.5173267326732673,0.09074619072569054,1.044285756767236,1217,True,4,0.1755406608660678,5
Ameriprise,H4,MeanReversion,"window=100,z=2.0",0.2582548819243855,0.5230125523012552,0.09198327519608614,1.0626451495417653,720,True,4,0.12880328282044773,5
Ameriprise,H4,MeanReversion,"window=50,z=2.25",0.5003532096698138,0.5809768637532133,0.23723537071816572,1.2240155397573547,389,True,4,0.19853494712677822,5
Ameriprise,H4,MeanReversion,"window=50,z=2.5",0.3546709627636977,0.5565217391304348,0.21572934135387373,1.2821926804304862,229,True,4,0.21574975255602769,5
Ameriprise,H4,TrendFollowing,"fast=50,slow=200",-0.7512030137617384,0.5131499698855652,-0.14288430128097332,0.9719273223441471,4999,True,4,0.18327990746608747,5
Ameriprise,M15,MeanReversion,"window=20,z=1.5",0.6079092404395673,0.5582168995342648,0.8420181320955208,1.37208880935272,1533,True,5,0.16615153174519914,5
Ameriprise,M15,MeanReversion,"window=50,z=1.5",0.623943652691032,0.5522898154477102,0.8820515820885869,1.4064607308071968,1499,True,5,0.09861062900929007,5
Ameriprise,M15,MeanReversion,"window=20,z=1.75",0.4905777203937737,0.5545361875637105,0.913772889135483,1.4619497279036977,998,True,5,0.11216222302377366,5
Ameriprise,M15,MeanReversion,"window=50,z=1.75",0.4445815828824228,0.5440881763527055,0.8115067301585226,1.417602997371579,1018,True,5,0.09551264242107149,5
Ameriprise,M15,MeanReversion,"window=100,z=1.75",0.27763984141286524,0.5279685966633955,0.3960059226141571,1.2208997369225556,1044,True,4,0.03515949549308006,5
Ameriprise,M15,MeanReversion,"window=20,z=2.0",0.38895987789289566,0.5643086816720257,0.8129866062525911,1.5286803300936267,631,True,5,0.11641574919403597,5
Ameriprise,M15,MeanReversion,"window=50,z=2.0",0.25249637248835943,0.5381165919282511,0.5756587861678865,1.3361132689754136,680,True,5,0.073030450747392,5
Ameriprise,M15,MeanReversion,"window=20,z=2.25",0.25821863073090656,0.575197889182058,0.6375803766984064,1.5357105919693663,383,True,5,0.09068842111444175,5
Ameriprise,M15,MeanReversion,"window=50,z=2.25",0.21182299477442845,0.5397590361445783,0.6229736155696944,1.4553817711531039,421,True,4,0.05275292715140689,5
Ameriprise,M15,MeanReversion,"window=100,z=2.25",0.1993619841458244,0.5274725274725275,0.4828545434009443,1.3663638652001144,465,True,5,0.07150888664321797,5
Ameriprise,M15,MeanReversion,"window=20,z=2.5",0.1972709335509475,0.5746606334841629,0.5610711445074541,1.6624851946777313,225,True,4,0.05194116667838389,5
Ameriprise,M15,MeanReversion,"window=50,z=2.5",0.12005920293257921,0.5577689243027888,0.4401834088909311,1.3878480626032097,256,True,5,0.042077477253552154,5
Ameriprise,M15,MeanReversion,"window=100,z=2.5",0.12611569771548314,0.5294117647058824,0.33585012704393025,1.3339416524346144,276,True,4,0.02580993728346337,5
Ameriprise,M15,MeanReversion,"window=20,z=2.75",0.16166759117881058,0.6041666666666666,0.5931177042481411,1.966178095740204,145,True,4,0.020763718337177717,5
Ameriprise,M15,MeanReversion,"window=50,z=3.0",0.08890898599577468,0.58,0.45925023220713673,1.7170153397842949,102,True,4,0.031468143022145845,5
Amphenol,H1,MeanReversion,"window=20,z=1.5",0.07053077057948465,0.476687543493389,0.06171927852950741,1.0234265949933439,1459,True,4,0.02775640138881197,5
Amphenol,H1,MeanReversion,"window=20,z=1.75",0.1925212005582292,0.47689075630252103,0.20416192734699137,1.097009334134188,966,True,4,0.10403509730202021,5
Amphenol,H1,MeanReversion,"window=100,z=2.5",0.07224986433824743,0.4882154882154882,0.13273379629085238,1.1082392459250126,299,True,4,0.028277478561217206,5
Amphenol,H1,TrendFollowing,"fast=21,slow=55",0.5067957776127908,0.5152071851398244,0.2268295530204427,1.0498347079431813,4999,True,4,0.21909773160660684,5
Amphenol,H1,TrendFollowing,"fast=34,slow=89",0.6345774401131018,0.5137783221065524,0.2840380090438503,1.0627943618532485,4999,True,4,0.21293918297832215,5
Amphenol,H1,VolatilityExpansion,"ema=50,mult=3.0",0.15771851179484608,0.5198902606310014,0.14138365282122653,1.055892152176599,1490,True,4,0.04924331831767004,5
Amphenol,H4,TrendFollowing,"fast=8,slow=21",0.823234398611397,0.5061374795417348,0.19404949409028865,1.0385842889756964,4999,True,4,0.5977608971335105,5
Amphenol,H4,TrendFollowing,"fast=10,slow=30",0.38525532985492483,0.5047054009819967,0.09080553399526327,1.0178731390734126,4999,True,4,0.33631886335959227,5
Amphenol,H4,TrendFollowing,"fast=21,slow=55",0.31605461622362974,0.5118657937806874,0.07449437402899733,1.0146392133612518,4999,True,4,0.579384008176146,5
Amphenol,M15,MeanReversion,"window=100,z=1.5",0.373482648394204,0.4848270995059986,0.48957376927891694,1.2295569483197124,1436,True,4,0.09903863918205968,5
Amphenol,M15,MeanReversion,"window=50,z=1.75",0.3071198347559546,0.49730312837108953,0.4404904602457708,1.2629423422535024,936,True,4,0.0992113077657436,5
Amphenol,M15,MeanReversion,"window=100,z=1.75",0.27772209893057054,0.46383799421407906,0.3956444150578706,1.2220261934434957,1052,True,4,0.10471629151371531,5
Amphenol,M15,MeanReversion,"window=20,z=2.0",0.2112379811205295,0.5105008077544426,0.27330473875621747,1.2001055631800057,620,True,5,0.13955382925113025,5
Amphenol,M15,MeanReversion,"window=50,z=2.0",0.28466916914623075,0.5066225165562914,0.47437954323806514,1.36529799386546,606,True,4,0.1028499664935505,5
Amphenol,M15,MeanReversion,"window=100,z=2.0",0.24131658057596184,0.4562146892655367,0.377548237421096,1.268926421195233,718,True,4,0.06899295999909127,5
Amphenol,M15,MeanReversion,"window=20,z=2.25",0.26890344936652144,0.5217391304347826,0.3720958026342624,1.3748357540785952,392,True,5,0.13923875602493363,5
Amphenol,M15,MeanReversion,"window=50,z=2.25",0.20604410039878507,0.5025125628140703,0.45130157989616676,1.374202263813976,398,True,4,0.07485854434016448,5
Amphenol,M15,MeanReversion,"window=100,z=2.25",0.22870610963543825,0.4653679653679654,0.4486343305889776,1.376685102686456,465,True,4,0.06862593251712668,5
Amphenol,M15,MeanReversion,"window=20,z=2.5",0.3369865303672589,0.536,0.5044133030178871,1.7454049085586265,251,True,4,0.12125914806219729,5
Amphenol,M15,MeanReversion,"window=50,z=2.5",0.10895604704006734,0.5180722891566265,0.28305660928296367,1.283906547468858,249,True,4,0.075058096852057,5
Amphenol,M15,MeanReversion,"window=20,z=3.0",0.2632765937967917,0.5739130434782609,0.5850718853754305,2.274047552480543,115,True,4,0.08217379842612826,5
Amphenol,M15,MeanReversion,"window=20,z=3.25",0.16281654780992127,0.5571428571428572,0.5143520756314156,2.389985394405367,69,True,4,0.07447010940629861,5
Aptiv,H1,TrendFollowing,"fast=8,slow=21",0.14373628958607199,0.48947368421052634,0.051078122550791645,1.0108018518973112,4999,True,4,0.05374387320048846,5
Aptiv,H1,VolatilityExpansion,"ema=50,mult=2.0",-0.12657791122208684,0.48474737845567206,-0.06819600449147577,0.9785556242671314,2120,True,4,0.3021865346810827,5
Aptiv,H1,VolatilityExpansion,"ema=50,mult=3.0",0.017820748843025425,0.5045787545787546,0.01282443233163408,1.0055793069765975,1103,True,4,0.35835529378108977,5
Aptiv,H1,VolatilityExpansion,"ema=50,mult=3.5",-0.05466007833950881,0.5106649937264742,-0.045116048394479816,0.9774141430850344,802,True,4,0.2049666871739927,5
Aptiv,H4,MeanReversion,"window=100,z=1.5",0.23522925577461729,0.5061932287365813,0.06784350024224084,1.028488081522186,1218,True,4,0.4076620426791392,5
Aptiv,H4,VolatilityExpansion,"ema=20,mult=1.5",-0.4073908759958471,0.48688873139617295,-0.11577515885144672,0.9582093909028987,1419,True,4,0.23700207532935158,5
Aptiv,M15,MeanReversion,"window=20,z=1.5",0.4551565192636533,0.5213204951856947,0.5414856998464953,1.2139279611820355,1479,True,4,0.17069953286717665,5
Aptiv,M15,MeanReversion,"window=100,z=1.5",0.22501057286828263,0.4967124925283921,0.28361404812671864,1.1055721920115131,1704,True,4,0.07092424379028794,5
Aptiv,M15,MeanReversion,"window=20,z=1.75",0.22719817211586346,0.5240128068303095,0.3268687959256235,1.1534418152369497,953,True,4,0.12017031794782163,5
Aptiv,M15,MeanReversion,"window=20,z=2.0",0.09569067103944551,0.5177419354838709,0.15173761220043722,1.0853933833767992,629,True,4,0.051748726853147464,5
Aptiv,M15,MeanReversion,"window=20,z=3.0",0.10167035967206539,0.61,0.35367015026705423,1.5545772077951794,101,True,5,0.039760101368707335,5
Aptiv,M15,MeanReversion,"window=20,z=3.25",0.12430551328844797,0.6470588235294118,0.5541914279445097,2.2531221564886614,68,True,4,0.02735267916253592,5
Aptiv,M15,MeanReversion,"window=100,z=3.25",0.02276295441546372,0.5194805194805194,0.147513446854363,1.2139016775893476,78,True,4,0.0268983279552375,5
Arista,H1,MeanReversion,"window=50,z=2.5",-0.050890042220185006,0.49224806201550386,-0.07487857887926556,0.9413370412944425,260,True,4,0.07330826904575805,5
Arista,H1,VolatilityExpansion,"ema=20,mult=3.5",0.26329247343198037,0.5093457943925234,0.33856758727886876,1.3575521321753672,214,True,4,0.07183662378990463,5
Arista,H4,MeanReversion,"window=100,z=1.5",0.6719131122773059,0.49610757254069354,0.20092398015920254,1.0760172781230803,1440,True,4,0.22980395865342285,5
Arista,H4,MeanReversion,"window=100,z=1.75",0.5047319213337497,0.4918032786885246,0.1815103884951703,1.0834383739905762,994,True,4,0.03757526337930117,5
Arista,H4,MeanReversion,"window=100,z=2.0",0.5481244850193692,0.4899328859060403,0.24492455600688298,1.151913818738141,606,True,4,0.260922411677432,5
Arista,H4,MeanReversion,"window=100,z=2.25",0.5895632026126755,0.5014492753623189,0.44909066829206745,1.327781683550766,348,True,4,0.07705839545798665,5
Arista,H4,TrendFollowing,"fast=21,slow=55",0.37149060265856104,0.5118494991448815,0.063340731391841,1.0128869638690952,4167,True,4,0.6889527988407836,5
Arista,H4,TrendFollowing,"fast=50,slow=200",0.7350653500359244,0.5130710969948693,0.12533468500732825,1.0256611515699912,4167,True,4,0.800699674700086,5
Arista,M15,MeanReversion,"window=50,z=1.5",0.07287017840652144,0.4947515745276417,0.07979361133302705,1.029211748608416,1450,True,5,0.1382046999396367,5
Arista,M15,MeanReversion,"window=50,z=1.75",0.1939297702930003,0.5108225108225108,0.24710192585725882,1.1179293384844133,934,True,4,0.12721443594252202,5
Arista,M15,MeanReversion,"window=50,z=2.0",0.1886668204314198,0.5194174757281553,0.2620774084120541,1.1566802920889756,626,True,4,0.09601904888630475,5
Arista,M15,MeanReversion,"window=50,z=2.25",0.13738352458309644,0.525,0.208050000142796,1.1541665603105056,404,True,4,0.09205951401584145,5
Arista,M15,MeanReversion,"window=100,z=3.0",0.08435332469333356,0.5288461538461539,0.29389206891148145,1.4065242221251306,104,True,4,0.03898479023425572,5
Arista,M15,TrendFollowing,"fast=50,slow=200",0.2247632853744932,0.5127685447912445,0.10660600393467166,1.0260069498669893,4999,True,4,0.29345687236050655,5
ArthurJGallagher,H1,MeanReversion,"window=50,z=1.75",-0.12114828631886698,0.47377185678601164,-0.15244393069956183,0.9423614326859235,1210,True,4,0.021446524051362936,5
ArthurJGallagher,H1,MeanReversion,"window=100,z=2.0",0.01198689521881069,0.4748743718592965,0.01781061174760442,1.0089936686901382,800,True,4,0.09350263337071929,5
ArthurJGallagher,H1,TrendFollowing,"fast=5,slow=20",0.5487417133443329,0.5170819935691319,0.35146384405547376,1.0694698690755127,4999,True,4,0.08268321129074052,5
ArthurJGallagher,H4,MeanReversion,"window=50,z=2.25",0.31790624950363366,0.5225806451612903,0.34395232812233445,1.2748508295932284,312,True,4,0.1161417944280756,5
ArthurJGallagher,H4,TrendFollowing,"fast=5,slow=20",0.22537125775280975,0.5160202360876898,0.07575954537947562,1.014767370161063,4167,True,5,0.44232948005511996,5
ArthurJGallagher,H4,TrendFollowing,"fast=8,slow=21",0.343827291409182,0.5172247651168393,0.11558081284314502,1.0226169328556856,4167,True,4,0.35377680597472516,5
ArthurJGallagher,H4,TrendFollowing,"fast=10,slow=30",0.7067263171631415,0.5198747289809684,0.23759308569482226,1.0470499790168117,4167,True,4,0.2599651330748042,5
ArthurJGallagher,H4,TrendFollowing,"fast=13,slow=34",0.49681381987880036,0.5167429535051795,0.16701350596782297,1.0328456450875312,4167,True,4,0.1494121151304727,5
ArthurJGallagher,H4,VolatilityExpansion,"ema=20,mult=2.0",-0.08175439217452429,0.536745406824147,-0.058678074173244554,0.9720362264716339,768,True,4,0.18560296332013226,5
ArthurJGallagher,M15,MeanReversion,"window=20,z=1.75",0.33614081964933984,0.543,0.6225555483235541,1.3031615408630484,1013,True,4,0.0483994349903345,5
ArthurJGallagher,M15,MeanReversion,"window=50,z=1.75",0.26693969173624676,0.5381485249237029,0.5188732515743134,1.2504372345181618,1001,True,4,0.11291028000917536,5
ArthurJGallagher,M15,MeanReversion,"window=100,z=2.0",0.02429670042266896,0.4978540772532189,0.06088263294436013,1.0297658899560738,714,True,4,0.04693322284047696,5
ArthurJGallagher,M15,MeanReversion,"window=50,z=2.5",0.1139147545378918,0.5575221238938053,0.37727137116399295,1.3591547097638077,230,True,4,0.02938272665513164,5
ArthurJGallagher,M15,VolatilityExpansion,"ema=50,mult=1.5",0.12729038510223623,0.49439102564102566,0.147215173592225,1.044551491601611,2530,True,4,0.09469429551370145,5
Assurant,H1,MeanReversion,"window=50,z=1.5",0.28181023200055977,0.5114864864864865,0.28614384830577544,1.1016443616299654,1486,True,4,0.11095037264452667,5
Assurant,H1,MeanReversion,"window=50,z=1.75",0.06038444829543255,0.5040160642570282,0.0728189670612889,1.0301697383573587,1001,True,4,0.040193769307314,5
Assurant,H1,MeanReversion,"window=50,z=2.25",-0.09556026562794251,0.5,-0.1638454057672736,0.8965547224803215,379,True,4,0.03128080317498072,5
Assurant,H1,VolatilityExpansion,"ema=20,mult=2.0",0.027054232157145197,0.49691358024691357,0.03755870807011684,1.019520618550762,648,True,4,0.043302161137300454,5
Assurant,H4,MeanReversion,"window=20,z=1.5",1.1241333102142075,0.53,0.6080434831757645,1.239824548386916,1206,True,5,0.5277455585189758,5
Assurant,H4,MeanReversion,"window=100,z=1.5",0.5210958187592092,0.5185459940652819,0.2363818930564465,1.0918289739106657,1354,True,4,0.05512023082203554,5
Assurant,H4,MeanReversion,"window=20,z=1.75",0.908960232487513,0.5354330708661418,0.5906845495643585,1.2987452492073175,768,True,4,0.3199339670781267,5
Assurant,H4,MeanReversion,"window=100,z=1.75",0.29740104036866155,0.5221052631578947,0.1472016474818012,1.0696411155119656,954,True,4,0.10738251286225586,5
Assurant,H4,MeanReversion,"window=20,z=2.0",0.3582721513156186,0.5336426914153132,0.3032303234482392,1.1931094948562666,434,True,4,0.20127892231772204,5
Assurant,H4,MeanReversion,"window=20,z=2.25",0.40038170129075057,0.5752212389380531,0.46860183297127345,1.4557084025904719,227,True,5,0.21974608766404713,5
Assurant,H4,MeanReversion,"window=100,z=2.25",0.231587110631572,0.5309278350515464,0.1347114137429998,1.1066519416938576,388,True,4,0.048480422816920776,5
Assurant,H4,MeanReversion,"window=20,z=2.5",0.18860840425572845,0.5948275862068966,0.33874309006298303,1.4223515440577492,117,True,4,0.18443715355793444,5
Assurant,H4,MeanReversion,"window=50,z=2.5",0.6618256175854792,0.5863874345549738,0.633939808002361,1.907793203038113,193,True,5,0.16613261353687758,5
Assurant,H4,TrendFollowing,"fast=21,slow=55",0.014645346096364698,0.49373493975903615,0.004031899078402204,1.0008071544342476,4167,True,4,0.21778587595934984,5
Assurant,H4,TrendFollowing,"fast=34,slow=89",0.054234102548976315,0.500722891566265,0.014930785270287673,1.0029922887604408,4167,True,5,0.5329234321082963,5
Assurant,M15,MeanReversion,"window=20,z=1.5",1.103467162406866,0.6040118870728083,1.618531368960047,1.7831243554691538,1404,True,5,0.38389039635067634,5
Assurant,M15,MeanReversion,"window=50,z=1.5",0.7879891553875581,0.5595238095238095,1.2046820729877248,1.514976311579209,1495,True,5,0.20429025862707761,5
Assurant,M15,MeanReversion,"window=100,z=1.5",0.4735637801414383,0.5616024187452758,0.6483618284328365,1.298529585478595,1382,True,5,0.19369671914236564,5
Assurant,M15,MeanReversion,"window=20,z=1.75",0.9041179492669204,0.625,1.5100678636113078,1.9692228690618718,890,True,5,0.28334209861616266,5
Assurant,M15,MeanReversion,"window=50,z=1.75",0.5695082952575586,0.5777537796976242,1.0671611038330964,1.5655052534910663,974,True,5,0.2713198496657735,5
Assurant,M15,MeanReversion,"window=100,z=1.75",0.3209994887954851,0.566320645905421,0.4969151739180157,1.285457994737898,911,True,5,0.15847867399495252,5
Assurant,M15,MeanReversion,"window=20,z=2.0",0.7244476181884437,0.6520076481835564,1.355528377535499,2.198412182100876,543,True,5,0.22202153971050853,5
Assurant,M15,MeanReversion,"window=50,z=2.0",0.41007031037699226,0.5794223826714802,0.8831467870458101,1.6183059901715726,581,True,5,0.20578891878520478,5
Assurant,M15,MeanReversion,"window=100,z=2.0",0.24367931149969602,0.578853046594982,0.5095222916534694,1.3393197758025672,584,True,4,0.11009156478758897,5
Assurant,M15,MeanReversion,"window=20,z=2.25",0.490543826514535,0.6466876971608833,1.1622566766666225,2.288884489855443,330,True,5,0.17392422912194583,5
Assurant,M15,MeanReversion,"window=50,z=2.25",0.2666956667112286,0.5760233918128655,0.7045433684785346,1.5996312817614846,359,True,5,0.16577547957009386,5
Assurant,M15,MeanReversion,"window=20,z=2.5",0.3319747465211108,0.6377551020408163,0.8941119121746756,2.175527680735786,203,True,4,0.1125454395695551,5
Assurant,M15,MeanReversion,"window=50,z=2.5",0.19753515100952512,0.5888324873096447,0.6045841002297571,1.7051321669517387,209,True,4,0.12677747092318614,5
Assurant,M15,MeanReversion,"window=20,z=2.75",0.19275279053314298,0.6030534351145038,0.6146549927919832,1.9331136416908172,135,True,4,0.06945148423449532,5
Assurant,M15,MeanReversion,"window=50,z=2.75",0.15723952637625194,0.6106194690265486,0.5517048661239623,1.8930140097676678,118,True,4,0.10530973252145859,5
Assurant,M15,MeanReversion,"window=20,z=3.0",0.13718668338884832,0.5925925925925926,0.5362203647006734,2.05946026692321,83,True,4,0.047693041113846646,5
Assurant,M15,MeanReversion,"window=20,z=3.25",0.12444013625159367,0.6326530612244898,0.5621826029136101,2.8035695178443243,50,True,4,0.05079684586620292,5
AtmosEnergy,H1,MeanReversion,"window=20,z=1.5",0.5264926022778708,0.5439560439560439,0.6995919311372671,1.2470201048609837,1471,True,4,0.1767373669740031,5
AtmosEnergy,H1,MeanReversion,"window=20,z=1.75",0.3277130081845232,0.5384615384615384,0.5274914378810173,1.2259477874352915,968,True,4,0.14302252319727138,5
AtmosEnergy,H1,MeanReversion,"window=20,z=2.0",0.1688129957146549,0.5415959252971138,0.32801190206428193,1.1738152225005283,592,True,4,0.06968956734742571,5
AtmosEnergy,H1,MeanReversion,"window=20,z=2.25",0.17354811323889674,0.5520504731861199,0.42574709515731735,1.3273099987393309,318,True,4,0.05714902998968241,5
AtmosEnergy,H1,MeanReversion,"window=20,z=2.5",0.09939850762641589,0.5536723163841808,0.31216949230870844,1.3152771726992007,178,True,4,0.05035151203747745,5
AtmosEnergy,H4,MeanReversion,"window=50,z=1.5",0.7750452901852731,0.5059210526315789,0.3858095222405624,1.1462391705480368,1530,True,4,0.15662870399101814,5
AtmosEnergy,H4,MeanReversion,"window=100,z=1.5",0.48738556842823855,0.4915992532669571,0.23126028289757225,1.0864667102170749,1621,True,4,0.09764426420543248,5
AtmosEnergy,H4,MeanReversion,"window=20,z=1.75",0.6415587659124115,0.5128205128205128,0.4007081258781476,1.1981028075427829,946,True,5,0.2934894877183548,5
AtmosEnergy,H4,MeanReversion,"window=50,z=1.75",0.8435034512458376,0.5130841121495328,0.48177019691574935,1.2381926232736364,1073,True,5,0.21285239937026068,5
AtmosEnergy,H4,MeanReversion,"window=20,z=2.0",0.47212146904144614,0.5272045028142589,0.36969702259176973,1.251852675673103,539,True,4,0.16565608794901654,5
AtmosEnergy,H4,MeanReversion,"window=20,z=2.25",0.31620055280300785,0.5441176470588235,0.3075452960624798,1.3303858024652817,275,True,5,0.1253152609555831,5
AtmosEnergy,H4,MeanReversion,"window=50,z=2.25",0.42136791701723797,0.5061425061425061,0.35938810947968225,1.2990707052930182,409,True,4,0.05770228307680747,5
AtmosEnergy,H4,MeanReversion,"window=20,z=2.5",0.1306427884355308,0.5352112676056338,0.16528290957999336,1.2321206020805124,143,True,5,0.09301625268016334,5
AtmosEnergy,M15,MeanReversion,"window=20,z=1.5",0.5427007853126993,0.5635202271114266,1.097343109972963,1.4642847177585085,1443,True,4,0.05079703421436599,5
AtmosEnergy,M15,MeanReversion,"window=50,z=1.5",0.4288898459824879,0.553921568627451,0.9722375213747191,1.3894871584877013,1472,True,5,0.10174887354013418,5
AtmosEnergy,M15,MeanReversion,"window=20,z=1.75",0.46802959862451765,0.5782092772384034,1.0609657332192726,1.5860849587217831,946,True,4,0.05838262263183214,5
AtmosEnergy,M15,MeanReversion,"window=50,z=1.75",0.1958887436140545,0.5480043149946062,0.5518009043973678,1.2487814869460585,956,True,4,0.06385925237676626,5
AtmosEnergy,M15,MeanReversion,"window=100,z=1.75",0.2634337519898803,0.5419287211740041,0.7808050504372294,1.3566658318016669,979,True,5,0.06855958403647633,5
AtmosEnergy,M15,MeanReversion,"window=20,z=2.0",0.3536086230655824,0.5768566493955095,0.9434177607889784,1.6765180613442743,595,True,4,0.07293057034234862,5
AtmosEnergy,M15,MeanReversion,"window=100,z=2.0",0.15933562873882134,0.5488215488215489,0.566311320180503,1.32152842612051,611,True,4,0.054046287055194875,5
AtmosEnergy,M15,MeanReversion,"window=20,z=2.25",0.26447199288001866,0.5802816901408451,0.8380991429892573,1.782914158713818,367,True,4,0.05155954988892719,5
AtmosEnergy,M15,MeanReversion,"window=100,z=2.25",0.12377847096572314,0.5633802816901409,0.5344763551590825,1.399590205875425,364,True,4,0.04270382253406291,5
AtmosEnergy,M15,MeanReversion,"window=20,z=2.5",0.1638627877036446,0.5882352941176471,0.6722190698614063,1.7426788568540723,225,True,4,0.049137171247970124,5
AtmosEnergy,M15,MeanReversion,"window=50,z=2.5",0.13424011684026183,0.6018099547511312,0.6516721949800846,1.6762803619224662,225,True,4,0.03292580054469718,5
AtmosEnergy,M15,MeanReversion,"window=100,z=2.5",0.08250745186511965,0.5674418604651162,0.41604151608669115,1.3981762872513963,220,True,4,0.02538114998826735,5
AtmosEnergy,M15,MeanReversion,"window=50,z=2.75",0.09155111299109464,0.6,0.5276758362615062,1.7164998713642192,137,True,4,0.027617631555102218,5
AtmosEnergy,M15,MeanReversion,"window=20,z=3.0",0.07530770883584703,0.6,0.44637348505944247,1.9835808781565438,65,True,4,0.03628913107838405,5
AtmosEnergy,M15,MeanReversion,"window=50,z=3.0",0.09546713016362762,0.651685393258427,0.6598092012892707,2.31442733077732,90,True,4,0.030447063263866814,5
AveryDennison,H1,MeanReversion,"window=20,z=1.5",0.7522437766687142,0.5381920112123336,0.8047212937609686,1.3262187240132983,1432,True,4,0.26656585457108317,5
AveryDennison,H1,MeanReversion,"window=20,z=1.75",0.5710841731511814,0.5405714285714286,0.8037478837195808,1.4240504398548621,879,True,5,0.20040517419516446,5
AveryDennison,H1,MeanReversion,"window=20,z=2.0",0.28655231108685386,0.5362595419847328,0.48964396033910385,1.318883997647532,526,True,4,0.08297739581260688,5
AveryDennison,H1,MeanReversion,"window=50,z=2.0",0.11905684900664659,0.4885386819484241,0.16181745880345363,1.0864780791848603,703,True,4,0.07717158992492912,5
AveryDennison,H1,MeanReversion,"window=20,z=2.25",0.25731390658738984,0.5659722222222222,0.5681269071019319,1.5465386541552513,288,True,4,0.05828038626875731,5
AveryDennison,H1,MeanReversion,"window=50,z=2.25",0.15294039869227305,0.4977578475336323,0.23512753459546054,1.1688187863163702,450,True,4,0.0625832993241554,5
AveryDennison,H1,MeanReversion,"window=50,z=2.5",0.11855299492659721,0.5100401606425703,0.22171749166184054,1.216038722542509,250,True,4,0.057826980077408274,5
AveryDennison,H4,MeanReversion,"window=50,z=1.5",0.9454370679873901,0.5011320754716981,0.4154265194386013,1.1623418614494005,1330,True,4,0.19104842222994667,5
AveryDennison,H4,MeanReversion,"window=50,z=2.25",0.6994391262899731,0.5422740524781341,0.47556745129847056,1.4647572291962483,342,True,5,0.08388927614613284,5
AveryDennison,H4,MeanReversion,"window=100,z=2.5",0.31633935891423304,0.5304878048780488,0.22602108864597448,1.3644420329195541,163,True,4,0.1117352917158313,5
AveryDennison,H4,TrendFollowing,"fast=8,slow=21",-1.1182219239568,0.5002351834430856,-0.30191164917199437,0.9434205204180588,4267,True,4,0.43015066542352676,5
AveryDennison,M15,MeanReversion,"window=20,z=1.5",0.8520191970889704,0.5787321063394683,1.2538907925933067,1.5611176585856166,1499,True,5,0.24686422261610586,5
AveryDennison,M15,MeanReversion,"window=50,z=1.5",0.7402874558671738,0.5452127659574468,1.1799261710612488,1.489911343200919,1548,True,5,0.19359368299818802,5
AveryDennison,M15,MeanReversion,"window=100,z=1.5",0.3580949276068114,0.5347593582887701,0.5846464486790933,1.225656206931227,1542,True,5,0.14967629717542086,5
AveryDennison,M15,MeanReversion,"window=20,z=1.75",0.7178251227154285,0.5906183368869936,1.2277417904979107,1.7008691333516823,955,True,5,0.1981736680041276,5
AveryDennison,M15,MeanReversion,"window=50,z=1.75",0.5910663115091611,0.5570680628272251,1.1105662828736373,1.5957509677100712,983,True,5,0.18535453820668724,5
AveryDennison,M15,MeanReversion,"window=100,z=1.75",0.3051090099579815,0.5392927308447937,0.5778241317070303,1.2775822430641997,1053,True,5,0.13889352470128113,5
AveryDennison,M15,MeanReversion,"window=20,z=2.0",0.5505761931768515,0.6119133574007221,1.172337975876894,1.9125258725344043,564,True,5,0.19755346561270104,5
AveryDennison,M15,MeanReversion,"window=50,z=2.0",0.5434622780800756,0.5891089108910891,1.2759203227573195,1.9755619480917783,621,True,5,0.15319170764869183,5
AveryDennison,M15,MeanReversion,"window=100,z=2.0",0.27143440498896954,0.5574803149606299,0.7087401435154759,1.4105053104909264,652,True,5,0.07023532830240009,5
AveryDennison,M15,MeanReversion,"window=20,z=2.25",0.3335038993145635,0.6035502958579881,0.8193830030921088,1.739788594695631,343,True,5,0.1639849024435439,5
AveryDennison,M15,MeanReversion,"window=50,z=2.25",0.4209630402273826,0.6317204301075269,1.1604905673281363,2.239215637934616,381,True,4,0.12313165818255023,5
AveryDennison,M15,MeanReversion,"window=20,z=2.5",0.2626933165123403,0.6346153846153846,0.7714050554321749,1.9276584258361495,210,True,4,0.11283434775796419,5
AveryDennison,M15,MeanReversion,"window=20,z=2.75",0.2712110336506369,0.6950354609929078,0.9651260875248907,2.8412568842337893,142,True,4,0.12888865255081872,5
BorgWarner,H1,MeanReversion,"window=20,z=1.5",0.7120737539588148,0.5194902548725637,0.5590335577809092,1.2462023270714249,1363,True,4,0.262718259047665,5
BorgWarner,H1,MeanReversion,"window=20,z=1.75",0.3777666205115954,0.5288683602771362,0.3957484910690766,1.1950162265001019,888,True,4,0.1796092746228205,5
BorgWarner,H1,MeanReversion,"window=50,z=1.75",0.24972136407854062,0.507172131147541,0.20139860770909282,1.102125319678802,994,True,4,0.09633124599451093,5
BorgWarner,H1,MeanReversion,"window=50,z=2.0",0.2243826794256648,0.5048701298701299,0.2610823022256961,1.1530936888463772,628,True,4,0.07726301097719546,5
BorgWarner,H1,MeanReversion,"window=100,z=2.0",0.2494176367373131,0.5014836795252225,0.2176010516268724,1.1354657668120747,681,True,4,0.0822045106440813,5
BorgWarner,H1,MeanReversion,"window=50,z=2.25",0.05689376221852083,0.4877384196185286,0.07607138917587214,1.0563955487920749,372,True,4,0.056815341562802435,5
BorgWarner,H1,MeanReversion,"window=50,z=2.5",-0.044478249121937985,0.4796380090497738,-0.0763172537471437,0.9323695326175798,223,True,4,0.0373523590588557,5
BorgWarner,H1,MeanReversion,"window=50,z=2.75",-0.06967679047144648,0.47058823529411764,-0.14433029048516877,0.8456566627668978,137,True,4,0.05208678940535427,5
BorgWarner,H4,MeanReversion,"window=20,z=1.5",0.7032773981928063,0.5268432355046528,0.23563182151265938,1.0855665219173394,1409,True,4,0.20294096538244777,5
BorgWarner,H4,MeanReversion,"window=50,z=2.5",0.17789591592586296,0.555045871559633,0.1324415948272443,1.1292431421990947,219,True,4,0.09543873347570553,5
BorgWarner,H4,VolatilityExpansion,"ema=20,mult=3.0",-0.4179581430856205,0.460093896713615,-0.320495540616039,0.747215943024677,216,True,4,0.10225311655784697,5
BorgWarner,H4,VolatilityExpansion,"ema=20,mult=3.5",-0.14799914175541362,0.48936170212765956,-0.19000774679530671,0.7804353887291647,95,True,4,0.20224612298375588,5
BorgWarner,M15,MeanReversion,"window=20,z=1.5",0.40525388768248005,0.5428360413589365,0.558510799689531,1.2344243040358889,1414,True,5,0.16755573461546514,5
BorgWarner,M15,MeanReversion,"window=50,z=1.5",0.3963359396722307,0.5328046142754146,0.564946479811584,1.2484015349307704,1444,True,4,0.11371964360291398,5
BorgWarner,M15,MeanReversion,"window=100,z=1.5",0.3036084376168925,0.5175612988734261,0.41571469273044614,1.1738008514830924,1577,True,4,0.09588103054872421,5
BorgWarner,M15,MeanReversion,"window=50,z=1.75",0.20385898048178341,0.5331196581196581,0.3749590175135346,1.1801508876120885,976,True,5,0.13873066850404014,5
BorgWarner,M15,MeanReversion,"window=100,z=1.75",0.2329510667437945,0.5214785214785215,0.38770517972808893,1.197690714862828,1049,True,4,0.04704741882832153,5
BorgWarner,M15,MeanReversion,"window=20,z=2.0",0.10132970893542415,0.5348432055749129,0.1796489914428641,1.1115885066901139,596,True,4,0.08973751442320843,5
BorgWarner,M15,MeanReversion,"window=50,z=2.0",0.188878717273111,0.5397631133671743,0.400081821430751,1.2510417238665672,618,True,5,0.12039252770079456,5
BorgWarner,M15,MeanReversion,"window=100,z=2.0",0.11817816907620582,0.5123152709359606,0.2901243912950533,1.1589502977666637,638,True,4,0.02779939282339139,5
BorgWarner,M15,MeanReversion,"window=20,z=2.25",0.05211134749812063,0.546742209631728,0.10977233733425547,1.0866947542618484,362,True,4,0.06563928059139967,5
BorgWarner,M15,MeanReversion,"window=50,z=2.25",0.0774955615126467,0.5294117647058824,0.19054051561643423,1.1477007731425268,390,True,4,0.08077100659740566,5
BorgWarner,M15,MeanReversion,"window=100,z=2.25",0.10644475292377209,0.5051813471502591,0.30472409464423295,1.2152632666298453,400,True,4,0.02650411169536504,5
BorgWarner,M15,MeanReversion,"window=20,z=2.5",0.053631170499021774,0.5848214285714286,0.12666023377498967,1.1324030545644685,230,True,5,0.042923399616497826,5
BorgWarner,M15,MeanReversion,"window=50,z=2.5",0.009017355401621852,0.5442477876106194,0.02552297709136558,1.025275859343503,232,True,4,0.06944046204775367,5
Broadridge,H1,MeanReversion,"window=20,z=1.5",-0.0039637810295715115,0.4954663212435233,-0.004379967145753897,0.9984732944005693,1555,True,5,0.29198833114300593,5
Broadridge,H1,MeanReversion,"window=50,z=1.5",0.23681265232388127,0.5059710873664363,0.250644879909244,1.091139966370188,1600,True,4,0.1938622162397846,5
Broadridge,H1,MeanReversion,"window=100,z=1.5",0.38616245881798217,0.5041061276058117,0.40506410456891306,1.1482986300242397,1591,True,4,0.10117123078549972,5
Broadridge,H1,MeanReversion,"window=20,z=1.75",0.03182442073640934,0.5111111111111111,0.04479686572343679,1.0188996310380931,999,True,4,0.13945419427779215,5
Broadridge,H1,MeanReversion,"window=50,z=1.75",0.13456880881872402,0.5097312326227988,0.1659501725012242,1.0732944665178967,1085,True,4,0.1779483245628578,5
Broadridge,H1,MeanReversion,"window=100,z=1.75",0.2921215909089644,0.503957783641161,0.3444781777282479,1.151559647908664,1143,True,5,0.12866681458314866,5
Broadridge,H1,MeanReversion,"window=50,z=2.0",0.2620575805796709,0.5241691842900302,0.3710844451431369,1.2348049186894505,664,True,4,0.1918758417082599,5
Broadridge,H1,MeanReversion,"window=100,z=2.0",0.20337931198540837,0.524966261808367,0.3027914169642412,1.161525554590848,745,True,5,0.1290932126957296,5
Broadridge,H1,MeanReversion,"window=100,z=2.25",0.15119495776084968,0.5333333333333333,0.2853673459706533,1.2013458445124832,422,True,4,0.036284740121832915,5
Broadridge,H1,VolatilityExpansion,"ema=50,mult=3.5",-0.021119952572005385,0.48411214953271026,-0.04049216046168173,0.9772569699911081,540,True,4,0.016732894530388287,5
Broadridge,H4,MeanReversion,"window=50,z=1.5",0.08633054322742384,0.49167657550535077,0.04076992106407452,1.0131841831229018,1688,True,4,0.1174007748432635,5
Broadridge,H4,MeanReversion,"window=20,z=1.75",0.6626419638225083,0.5071574642126789,0.41015016579294894,1.19163237758614,985,True,4,0.23146413126444387,5
Broadridge,H4,MeanReversion,"window=20,z=2.0",0.5157852868064682,0.5084745762711864,0.4172437852066976,1.2727550398233902,531,True,4,0.2014320467342402,5
Broadridge,H4,MeanReversion,"window=20,z=2.25",0.313152706244162,0.5444839857651246,0.38455215376739843,1.320402818899698,281,True,4,0.17771121362545672,5
Broadridge,H4,MeanReversion,"window=50,z=2.75",0.10422596160486253,0.5428571428571428,0.21738972856069994,1.2929487589774342,104,True,4,0.06097727669837494,5
Broadridge,H4,MeanReversion,"window=50,z=3.0",0.055453675367388544,0.5454545454545454,0.16540241518458806,1.3099895507968193,54,True,4,0.01963082252973347,5
Broadridge,H4,TrendFollowing,"fast=34,slow=89",1.3408721436577025,0.5093542546771274,0.3670174292897846,1.0709051218459358,4999,True,4,0.053938836084542974,5
Broadridge,M15,MeanReversion,"window=20,z=1.5",0.8955392582400847,0.5876436781609196,1.2938751196899598,1.6995324688260582,1423,True,5,0.2710524797283944,5
Broadridge,M15,MeanReversion,"window=50,z=1.5",0.5764316820515123,0.5439892545332438,0.7541485539113992,1.3838513256736231,1536,True,5,0.20807128701526034,5
Broadridge,M15,MeanReversion,"window=20,z=1.75",0.8294800819550736,0.6037527593818984,1.4227612167125858,2.023527292407789,926,True,5,0.2353441965704237,5
Broadridge,M15,MeanReversion,"window=50,z=1.75",0.64387349865081,0.5814889336016097,1.107802332706709,1.699538686902989,1023,True,5,0.16767555015797597,5
Broadridge,M15,MeanReversion,"window=100,z=1.75",0.42156784631853583,0.5333333333333333,0.6758479155272269,1.397350736405339,1045,True,4,0.053512632385652736,5
Broadridge,M15,MeanReversion,"window=20,z=2.0",0.6320817126720403,0.6223404255319149,1.2163711588986028,2.231655487342874,574,True,5,0.17161319566681532,5
Broadridge,M15,MeanReversion,"window=50,z=2.0",0.4258551783056894,0.578688524590164,0.982785272863058,1.6907085983090104,624,True,5,0.1098919499357125,5
Broadridge,M15,MeanReversion,"window=20,z=2.25",0.4461855850498615,0.6553846153846153,1.2460940024343974,2.5192407608681444,333,True,5,0.1531901042179421,5
Broadridge,M15,MeanReversion,"window=50,z=2.25",0.3098808280564169,0.5871313672922251,0.9131753999153271,1.8674546367858686,383,True,4,0.04161961054571839,5
Broadridge,M15,MeanReversion,"window=20,z=2.5",0.3332478226915584,0.6858638743455497,1.07926717636413,2.9696089707678297,195,True,4,0.08692541153058087,5
Broadridge,M15,MeanReversion,"window=20,z=2.75",0.2604667741095379,0.7280701754385965,1.0226449237755106,3.8859729434369448,116,True,4,0.05335028772719885,5
Broadridge,M15,TrendFollowing,"fast=50,slow=200",-0.400645662493043,0.5008213552361396,-0.360361365088649,0.927716859775583,4999,True,4,0.08774864968070828,5
CDW,H1,TrendFollowing,"fast=5,slow=20",0.13026782514886204,0.5111512959614225,0.06116823872308229,1.0126652607217081,4999,True,5,0.31499566482212293,5
CDW,H1,TrendFollowing,"fast=8,slow=21",-0.02110775791001429,0.5119549929676512,-0.00991123508983515,0.9979627941137421,4999,True,4,0.2988330456017064,5
CDW,H1,TrendFollowing,"fast=10,slow=30",-0.39520923455159673,0.5097448262005224,-0.18558477913770352,0.9625329531903807,4999,True,4,0.15932226022884433,5
CDW,H1,TrendFollowing,"fast=34,slow=89",0.1960868957767461,0.49427365883062085,0.09207494461498884,1.019125700442615,4999,True,4,0.1191018725810774,5
CDW,H1,VolatilityExpansion,"ema=50,mult=3.0",-0.003792215579963787,0.5037344398340249,-0.0038105775351717185,0.9985243894506045,1209,True,4,0.18133310237537648,5
CDW,H1,VolatilityExpansion,"ema=20,mult=3.5",-0.019321057135267883,0.4878048780487805,-0.04195581159032817,0.9501809340600278,122,True,4,0.11058467755080081,5
CDW,H4,MeanReversion,"window=20,z=1.75",0.29856447299617617,0.4966367713004484,0.15141074384938935,1.0689606331584025,895,True,4,0.2687535286910512,5
CDW,H4,MeanReversion,"window=50,z=2.25",0.3050635175452545,0.48711340206185566,0.24037683497941112,1.173241138909923,390,True,4,0.18217059766742139,5
CDW,H4,MeanReversion,"window=50,z=2.5",0.20530318658982194,0.5048543689320388,0.20756071287448966,1.2190823723825754,205,True,4,0.16488272112421443,5
CDW,M15,MeanReversion,"window=20,z=1.5",0.5165670630979836,0.537780803267529,0.6756230838379007,1.2677519281339593,1485,True,4,0.10320400620367953,5
CDW,M15,MeanReversion,"window=20,z=1.75",0.4982242467810263,0.5423553719008265,0.7310276070387935,1.37939070232408,978,True,5,0.15056395936671607,5
CDW,M15,MeanReversion,"window=20,z=2.0",0.40207058984054844,0.5412541254125413,0.6838567872404198,1.4542280330887538,614,True,4,0.07169713603964656,5
CDW,M15,TrendFollowing,"fast=8,slow=21",-0.07762314090786471,0.49786541980077254,-0.05745232234069726,0.9885118670883538,4999,True,4,0.03043898792642874,5
Carmax,H1,MeanReversion,"window=20,z=1.5",0.08880084311631642,0.49045936395759715,0.04560709167456118,1.020363719427463,1428,True,4,0.010912430188485533,5
Carmax,H1,MeanReversion,"window=100,z=2.25",0.14201693670857163,0.5022727272727273,0.14311887190060502,1.095083095247867,448,True,4,0.06764333854311722,5
Carmax,H1,MeanReversion,"window=100,z=2.5",-0.05082058553106805,0.5,-0.060266431094797616,0.9514959165709002,262,True,4,0.042141212596686795,5
Carmax,H1,MeanReversion,"window=100,z=2.75",-0.17257428842956823,0.4817073170731707,-0.25399178072522033,0.7724492588182701,165,True,4,0.027902059164034765,5
Carmax,H4,MeanReversion,"window=50,z=2.25",-0.16868562287116295,0.5062893081761006,-0.10202062124576712,0.9254564472062256,319,True,4,0.12967483989150075,5
Carmax,H4,TrendFollowing,"fast=10,slow=30",0.5823754588720126,0.5044632086851628,0.11172503782989594,1.0220533407891705,4167,True,4,0.5217573442206803,5
Carmax,H4,TrendFollowing,"fast=50,slow=200",-2.039637286172541,0.503015681544029,-0.3914007265638904,0.9264162705585502,4167,True,4,0.07795641340214099,5
Carmax,H4,VolatilityExpansion,"ema=50,mult=1.5",0.45729840253499376,0.5047344586249486,0.11330799283953777,1.0301226305635387,2439,True,4,0.3614502829955042,5
Carmax,M15,MeanReversion,"window=20,z=1.5",0.05523078502190748,0.48445408532176426,0.05834245650250797,1.0218669154084712,1420,True,4,0.08375173899531552,5
Carmax,M15,MeanReversion,"window=20,z=1.75",0.1261816250686768,0.4967741935483871,0.15116975009149883,1.071171471131143,950,True,5,0.11829453395453915,5
Carmax,M15,MeanReversion,"window=20,z=2.0",0.10613080238163353,0.5043630017452007,0.17204940989471307,1.0957629121127328,584,True,5,0.08696455225730859,5
Carmax,M15,MeanReversion,"window=20,z=2.25",0.09225579254925875,0.5169491525423728,0.17701682543107772,1.126188950630321,356,True,5,0.08951142152798608,5
Carmax,M15,MeanReversion,"window=20,z=2.5",0.06576503049844973,0.49344978165938863,0.15130942859711002,1.1331610232976201,229,True,5,0.06499173086104149,5
Carmax,M15,TrendFollowing,"fast=13,slow=34",-0.23762381355080453,0.5057565789473685,-0.11570165354340568,0.9712061253085034,4999,True,4,0.04709841793075731,5
Carmax,M15,TrendFollowing,"fast=50,slow=200",0.5230884679267539,0.505139802631579,0.2547235664451183,1.0664473395040999,4999,True,4,0.39530040799360744,5
Carmax,M15,VolatilityExpansion,"ema=50,mult=1.5",0.04824264750357532,0.5037202380952381,0.02720994659131637,1.010180031456718,2763,True,4,0.24407662141375286,5
Carmax,M15,VolatilityExpansion,"ema=50,mult=2.0",-0.1835734073922518,0.5062141491395793,-0.1719222017327716,0.9495601982554309,2151,True,4,0.16583112348726026,5
Carmax,M15,VolatilityExpansion,"ema=50,mult=2.5",-0.09691360730768861,0.508147254073627,-0.09960269018068231,0.9664284829581576,1700,True,4,0.19856619778100548,5
Carmax,M15,VolatilityExpansion,"ema=50,mult=3.0",-0.056118769459140516,0.5182481751824818,-0.06614301985196258,0.9746198520343203,1261,True,4,0.15442998980079925,5
Carrier,H1,MeanReversion,"window=100,z=1.75",-0.2912641751692401,0.4892367906066536,-0.25374740646570193,0.8954685181659895,1036,True,4,0.09010930957676389,5
Carrier,H1,MeanReversion,"window=20,z=2.25",0.15700171647054706,0.5354609929078015,0.27441341647878215,1.2283146414970096,284,True,4,0.06059927281926314,5
Carrier,H1,MeanReversion,"window=50,z=2.75",-0.08311751245024968,0.4689655172413793,-0.20629037173751733,0.8157508366919382,145,True,4,0.022342324379042933,5
Carrier,H1,TrendFollowing,"fast=8,slow=21",0.3491931113716883,0.5105562322371092,0.15181351933481269,1.0303492486952033,4999,True,4,0.322660315296353,5
Carrier,H1,TrendFollowing,"fast=10,slow=30",0.18300190696575325,0.4987819732034105,0.07955839041494113,1.0157911103558368,4999,True,4,0.17381323698654105,5
Carrier,H1,TrendFollowing,"fast=21,slow=55",-0.4342862931565189,0.4890377588306943,-0.1888129439778774,0.9634978801367399,4999,True,4,0.22511558309664004,5
Carrier,H1,VolatilityExpansion,"ema=20,mult=1.5",0.34452548719960396,0.5047438330170778,0.2588166856763707,1.092653950185856,1603,True,4,0.19179934654251407,5
Carrier,H4,TrendFollowing,"fast=13,slow=34",0.686417247229844,0.5121450564488539,0.22182990094877694,1.0460646934336308,2955,True,4,0.37579235391699606,5
Carrier,H4,TrendFollowing,"fast=21,slow=55",0.5379795420991001,0.5118029421826891,0.17385264313750054,1.0359242755031757,2955,True,5,0.6398897296796175,5
Carrier,H4,TrendFollowing,"fast=34,slow=89",0.9450548719078105,0.5176188847074923,0.305440705194014,1.0639767938559332,2955,True,4,0.545326822170882,5
Carrier,H4,TrendFollowing,"fast=50,slow=200",1.1210676176054193,0.5224084844338008,0.36235515455010425,1.0763470735397231,2955,True,4,0.5031247931356009,5
Carrier,H4,VolatilityExpansion,"ema=50,mult=1.5",0.5897824202427241,0.5112960760998811,0.2903965996014483,1.072681717960378,1700,True,4,0.37072615526217245,5
Carrier,H4,VolatilityExpansion,"ema=20,mult=2.5",0.05805277987795321,0.5045871559633027,0.07604766707635073,1.040714264702594,329,True,4,0.08560929122846905,5
Carrier,H4,VolatilityExpansion,"ema=50,mult=2.5",-0.21425137584026988,0.5087235996326905,-0.13600324520550863,0.9596327002104018,1099,True,4,0.20695237804824695,5
Carrier,M15,MeanReversion,"window=20,z=1.5",-0.17810531602830626,0.5017895490336435,-0.20140310840390288,0.9103589982190247,1435,True,4,0.07273303928547514,5
Carrier,M15,MeanReversion,"window=50,z=1.5",0.11847246714628767,0.5083682008368201,0.1724533526428641,1.0715389539558682,1474,True,4,0.08135744588808835,5
Carrier,M15,MeanReversion,"window=100,z=1.5",0.052685031215137346,0.5075702956020187,0.08137003036222558,1.0339888938469928,1426,True,4,0.0784013310420808,5
Carrier,M15,MeanReversion,"window=20,z=1.75",-0.151072921166296,0.5098901098901099,-0.2060419840951,0.8924617034405614,932,True,5,0.05943168394710541,5
Carrier,M15,MeanReversion,"window=50,z=1.75",0.11467549805521537,0.52319309600863,0.1870866215955501,1.101988102053171,951,True,4,0.0899016525362194,5
Carrier,M15,MeanReversion,"window=20,z=2.0",-0.12807048007061317,0.524822695035461,-0.19331484610143598,0.8690843519016882,576,True,4,0.030640997736757547,5
Carrier,M15,MeanReversion,"window=20,z=2.25",-0.09074194179750361,0.5223463687150838,-0.1586400750947402,0.8655151693057535,366,True,4,0.05284156215246982,5
Cboe,H1,MeanReversion,"window=20,z=1.5",0.6472980059538122,0.5433287482806052,0.7557773909684719,1.274831506459898,1464,True,5,0.27013599465170746,5
Cboe,H1,MeanReversion,"window=50,z=1.5",0.424896877974411,0.5178807947019868,0.4719532679677905,1.1621302171596914,1524,True,4,0.25854585716801814,5
Cboe,H1,MeanReversion,"window=100,z=1.5",0.14616569888849162,0.5068137573004543,0.1638979007695902,1.052509265832291,1559,True,5,0.1716186166641399,5
Cboe,H1,MeanReversion,"window=20,z=1.75",0.4085374924651113,0.5439377085650723,0.5957516963860071,1.2756080353473054,902,True,4,0.13867087038035142,5
Cboe,H1,MeanReversion,"window=50,z=1.75",0.31039023108495034,0.5276907001044933,0.4102651914514374,1.1784054824966899,965,True,5,0.19234940763852004,5
Cboe,H1,MeanReversion,"window=100,z=1.75",0.2854082958876418,0.5186960690316395,0.3827108992915442,1.1571208978145264,1054,True,4,0.1468967299034203,5
Cboe,H1,MeanReversion,"window=20,z=2.0",0.44420978606900086,0.5597722960151803,0.8268219840902001,1.5422854703316364,529,True,5,0.08358166696077429,5
Cboe,H1,MeanReversion,"window=50,z=2.0",0.3521164549066169,0.547945205479452,0.5968994225157784,1.3637140998900152,592,True,4,0.1143194681398233,5
Cboe,H1,MeanReversion,"window=100,z=2.0",0.18579858613123656,0.5218068535825545,0.2959302491847953,1.1546534664350754,649,True,5,0.1231415379614369,5
Cboe,H1,MeanReversion,"window=20,z=2.25",0.27991535477371754,0.574468085106383,0.6575072269836962,1.608429043904357,282,True,4,0.06094952879979121,5
Cboe,H1,MeanReversion,"window=50,z=2.25",0.28627513245146075,0.5887850467289719,0.6445114653959663,1.554262253605843,325,True,4,0.10698114808579984,5
Cboe,H1,MeanReversion,"window=20,z=2.5",0.15792682676802805,0.5547945205479452,0.47521915183807995,1.6241303266214193,145,True,4,0.02531734904429972,5
Cboe,H1,MeanReversion,"window=20,z=2.75",0.041295171431785405,0.5138888888888888,0.19371497446323327,1.3188910362753954,71,True,4,0.02566386932565079,5
Cboe,H4,MeanReversion,"window=20,z=1.5",1.1460228359025135,0.5271512113617377,0.6103998689868463,1.2497729113144165,1198,True,4,0.3099413108836857,5
Cboe,H4,MeanReversion,"window=50,z=1.5",0.6675730097875491,0.5164750957854406,0.33702205841709465,1.1283347338041911,1308,True,4,0.28389835326674606,5
Cboe,H4,MeanReversion,"window=100,z=1.5",0.42115211504082106,0.5041509433962265,0.21837728241210874,1.0813566512867958,1328,True,4,0.24541788482825155,5
Cboe,H4,MeanReversion,"window=20,z=1.75",0.7650312546757692,0.5283505154639175,0.49469269927495413,1.2552405837477105,776,True,4,0.1013358417341772,5
Cboe,H4,MeanReversion,"window=50,z=1.75",0.34137115513687943,0.5089887640449439,0.20468680997362745,1.0941799167044095,892,True,4,0.02302786113872446,5
Cboe,M15,MeanReversion,"window=20,z=1.5",0.9278186504714918,0.5568263045032166,1.4977636298733932,1.6902447865991732,1431,True,5,0.29582168539733233,5
Cboe,M15,MeanReversion,"window=50,z=1.5",0.6114220139835304,0.5346598202824133,0.9999933111504556,1.3954000202220247,1593,True,4,0.1948197374110121,5
Cboe,M15,MeanReversion,"window=100,z=1.5",0.4917579542040945,0.5193591455273698,0.817495637344756,1.315944504147115,1525,True,4,0.11571974109366667,5
Cboe,M15,MeanReversion,"window=20,z=1.75",0.704167993840494,0.5706401766004415,1.3562225569716226,1.8138192459259885,925,True,5,0.2534026242241094,5
Cboe,M15,MeanReversion,"window=50,z=1.75",0.5859272020875211,0.5547594677584442,1.183992072682696,1.6272141097348694,1000,True,5,0.20738246303282837,5
Cboe,M15,MeanReversion,"window=100,z=1.75",0.42815669520641486,0.528,0.8290228407133327,1.4150842236588264,1018,True,4,0.0924212040296073,5
Cboe,M15,MeanReversion,"window=20,z=2.0",0.6153508839761099,0.6046065259117083,1.3602415909574812,2.2211368365806567,532,True,5,0.2378076735797524,5
Cboe,M15,MeanReversion,"window=50,z=2.0",0.44945689790808896,0.5696864111498258,1.0970848726141362,1.777219611501696,586,True,4,0.141927726149643,5
Cboe,M15,MeanReversion,"window=100,z=2.0",0.35059059550469207,0.5604575163398693,0.8022017616709334,1.5487987960254943,624,True,4,0.06817817927158709,5
Cboe,M15,MeanReversion,"window=20,z=2.25",0.46580206397610613,0.6237942122186495,1.2328749851583933,2.573442433803488,318,True,5,0.16154235639316128,5
Cboe,M15,MeanReversion,"window=50,z=2.25",0.34280066472270965,0.5757575757575758,0.9773130986458971,1.9163840279810487,370,True,5,0.11595075172662395,5
Cboe,M15,MeanReversion,"window=100,z=2.25",0.32078870043247265,0.5953079178885631,0.969595879390403,1.9852907310232832,347,True,4,0.08940542218355974,5
Cboe,M15,MeanReversion,"window=20,z=2.5",0.33001290307716713,0.6488095238095238,1.1424109196440086,3.2833689666456616,172,True,5,0.10927523502873815,5
Cboe,M15,MeanReversion,"window=50,z=2.5",0.24195829376528188,0.593607305936073,0.8411174703237431,2.076893246250383,223,True,5,0.07942532978944816,5
Cboe,M15,MeanReversion,"window=50,z=2.75",0.15280232558889717,0.5877862595419847,0.6419720641195457,2.044903039144412,132,True,4,0.04554051527378067,5
Cboe,M15,MeanReversion,"window=50,z=3.0",0.13567193431271807,0.6714285714285714,0.649294695849484,2.84840519901186,70,True,4,0.05364970231531607,5
Celanese,H1,MeanReversion,"window=100,z=2.0",-0.06868680053941323,0.4928684627575277,-0.05576963505720453,0.9662909200648347,636,True,4,0.09739487358730281,5
Celanese,H1,TrendFollowing,"fast=13,slow=34",0.5187697167087176,0.5062651576394502,0.1447602960561609,1.0340075436698157,4999,True,4,0.5172984626990531,5
Celanese,H1,TrendFollowing,"fast=34,slow=89",1.0626142450300273,0.5137429264349233,0.2965570170333897,1.070923097465521,4999,True,4,0.9833784571623307,5
Celanese,H1,VolatilityExpansion,"ema=20,mult=2.0",0.12702390142942366,0.504424778761062,0.08898287840372984,1.0410851947051876,1024,True,4,0.1306292518476626,5
Celanese,H1,VolatilityExpansion,"ema=50,mult=2.0",0.3544232119046439,0.5061525840853158,0.1343804831564235,1.0477706272049674,2456,True,4,0.4925171362370421,5
Celanese,H4,MeanReversion,"window=100,z=1.5",-0.2874043678814624,0.49339498018494055,-0.08439095906870328,0.9704226645487692,1524,True,4,0.3660665690405037,5
Celanese,H4,MeanReversion,"window=50,z=1.75",0.09853377349159587,0.5131826741996234,0.03305138260945019,1.0149410664160328,1072,True,4,0.22632114224430777,5
Celanese,H4,MeanReversion,"window=100,z=1.75",0.044625916618472816,0.5004608294930876,0.014784495545136247,1.006369607863948,1093,True,4,0.35046978641932114,5
Celanese,H4,MeanReversion,"window=50,z=2.0",0.09750109284764186,0.5259026687598116,0.03925508613170917,1.0227308546129372,642,True,4,0.12491984214361018,5
Celanese,H4,MeanReversion,"window=100,z=2.0",0.2287181047424639,0.5050215208034433,0.08515609284715078,1.0481970587613134,703,True,4,0.5581279882635845,5
Celanese,H4,MeanReversion,"window=100,z=2.25",-0.14273800612289878,0.5023809523809524,-0.06379986982124963,0.9546272259040552,423,True,4,0.13555817957005745,5
Celanese,M15,MeanReversion,"window=50,z=1.5",0.4608282646171723,0.5171688857743518,0.3665649162594232,1.1477554759757636,1461,True,4,0.04133586421300628,5
Celanese,M15,MeanReversion,"window=100,z=1.5",0.3874579697446626,0.5194462755438365,0.2736681895886375,1.1180508083825749,1554,True,4,0.19472969990221822,5
Celanese,M15,MeanReversion,"window=20,z=1.75",0.27858738904364333,0.5181451612903226,0.22740182651502855,1.1081304429552021,1009,True,4,0.02286165437040044,5
Church&Dwight,H1,MeanReversion,"window=20,z=1.5",0.4083914001762814,0.5059523809523809,0.4719830777925711,1.187626253375822,1533,True,5,0.1950821897117041,5
Church&Dwight,H1,MeanReversion,"window=100,z=1.5",0.28845255915294765,0.4941935483870968,0.33600733319504716,1.1263384993660508,1573,True,4,0.13297975565471643,5
Church&Dwight,H1,MeanReversion,"window=20,z=1.75",0.1615447791214012,0.5047120418848168,0.23720032660173085,1.1099190177506406,962,True,5,0.19146685714460865,5
Church&Dwight,H1,MeanReversion,"window=100,z=1.75",0.3080890184199724,0.5033112582781457,0.41196079963344084,1.1979083969017408,1065,True,4,0.13913514760997925,5
Church&Dwight,H1,MeanReversion,"window=20,z=2.0",0.1267634167971422,0.5104166666666666,0.22484753216915465,1.1407165367334622,578,True,4,0.13558249096768937,5
Church&Dwight,H1,MeanReversion,"window=20,z=2.25",0.1397352595886192,0.547112462006079,0.33188481456909474,1.259463701383458,330,True,5,0.08229159578186418,5
Church&Dwight,H1,MeanReversion,"window=20,z=2.5",0.044681263184399245,0.5144508670520231,0.14867581385520526,1.1539545056694158,173,True,4,0.055859467841004484,5
Church&Dwight,H1,MeanReversion,"window=50,z=2.5",0.03684800146554479,0.5233644859813084,0.10348389342447238,1.0947504354630502,214,True,4,0.04319812404818568,5
Church&Dwight,H1,MeanReversion,"window=50,z=2.75",0.0796130468008942,0.5526315789473685,0.2912820549304569,1.4158063365975337,114,True,4,0.04528194807509678,5
Church&Dwight,H4,MeanReversion,"window=50,z=1.5",1.0035779409007057,0.5064102564102564,0.5880313696673724,1.244463067429362,1257,True,5,0.15043491321932745,5
Church&Dwight,H4,MeanReversion,"window=100,z=2.0",0.5003694988838265,0.5282051282051282,0.43343210512536434,1.2628854352932104,587,True,4,0.15614458683746968,5
Church&Dwight,H4,MeanReversion,"window=20,z=2.25",0.23910864224068706,0.5126050420168067,0.2784378830870507,1.278511020756751,238,True,4,0.07713028692857304,5
Church&Dwight,H4,MeanReversion,"window=50,z=2.25",0.5063531457400305,0.4953560371517028,0.47914548648611227,1.4992081192594136,327,True,4,0.0610719465408216,5
Church&Dwight,H4,MeanReversion,"window=100,z=2.25",0.5761395643141363,0.5319767441860465,0.5884213793964578,1.5497384209679472,344,True,5,0.14042413133000875,5
Church&Dwight,H4,MeanReversion,"window=50,z=2.5",0.41311956444819575,0.48066298342541436,0.44949584293632133,1.7880915651074192,182,True,5,0.09255689876343454,5
Church&Dwight,H4,TrendFollowing,"fast=34,slow=89",-0.29517851514074134,0.5044696786663445,-0.10209710004846274,0.9805460301710779,4167,True,4,0.2685033338457178,5
Church&Dwight,H4,TrendFollowing,"fast=50,slow=200",-0.6032966234591752,0.5051944914230491,-0.2086834966145924,0.960638914513409,4167,True,4,0.30754485571219303,5
Church&Dwight,M15,MeanReversion,"window=20,z=1.5",0.42614494755116694,0.5504720406681191,0.6924034558253671,1.3103117452158075,1401,True,5,0.10226516957032983,5
Church&Dwight,M15,MeanReversion,"window=50,z=1.5",0.28279482180376714,0.5333333333333333,0.5081044991226746,1.2135162847046095,1467,True,4,0.11083669514075178,5
Church&Dwight,M15,MeanReversion,"window=20,z=1.75",0.3710360196225889,0.5770042194092827,0.7618825386362714,1.3870979137987536,961,True,5,0.06325706343048709,5
Church&Dwight,M15,MeanReversion,"window=100,z=1.75",0.13742855478118265,0.5247225025227044,0.32311159101154635,1.153081487129505,1024,True,4,0.06374475118441103,5
Church&Dwight,M15,MeanReversion,"window=20,z=2.0",0.25865068527930957,0.5820642978003384,0.6206362999632998,1.3877962233378325,598,True,5,0.06749470621114229,5
Church&Dwight,M15,MeanReversion,"window=100,z=2.0",0.1214669697573989,0.5434782608695652,0.3519651838874647,1.2018203530829337,662,True,4,0.030470883608348487,5
Church&Dwight,M15,MeanReversion,"window=20,z=2.25",0.1873043742760815,0.6061452513966481,0.570459741142085,1.457435569857822,364,True,4,0.05836392242498134,5
Church&Dwight,M15,MeanReversion,"window=100,z=2.25",0.09495591096247868,0.5579710144927537,0.31882976297433047,1.229711493030989,423,True,4,0.03869532522970831,5
Church&Dwight,M15,MeanReversion,"window=20,z=2.5",0.19625260693778313,0.6322869955156951,0.7770437371114427,1.9440985239470987,226,True,4,0.04641012634888553,5
Church&Dwight,M15,MeanReversion,"window=100,z=2.5",0.038568611706388034,0.556,0.15744618475877767,1.1346991126815131,255,True,4,0.03258322074869158,5
Church&Dwight,M15,MeanReversion,"window=20,z=2.75",0.18250556415912034,0.6466666666666666,0.8472333700455792,2.529815118859073,152,True,4,0.03415835093155828,5
CincinnatiFinancial,H1,MeanReversion,"window=20,z=1.5",0.24062610832895326,0.5206220419202163,0.2505005810000129,1.0913339680756566,1489,True,5,0.268189132223813,5
CincinnatiFinancial,H1,MeanReversion,"window=50,z=1.5",0.40737933471919485,0.5153631284916201,0.42712189504518394,1.1652474008795206,1445,True,4,0.30572242853810094,5
CincinnatiFinancial,H1,MeanReversion,"window=100,z=1.5",0.3707945435016541,0.5156918687589158,0.38597610717911074,1.1517074314453453,1415,True,5,0.1192548547714326,5
CincinnatiFinancial,H1,MeanReversion,"window=20,z=1.75",0.2670302674595999,0.5351966873706004,0.349608575433839,1.1550822970371535,972,True,5,0.21305351436904252,5
CincinnatiFinancial,H1,MeanReversion,"window=50,z=1.75",0.3649327378824381,0.5222929936305732,0.46074825218625853,1.220874175352093,950,True,5,0.2526158969289326,5
CincinnatiFinancial,H1,MeanReversion,"window=20,z=2.0",0.13300576830549515,0.5290909090909091,0.21811363342056717,1.123879562746387,553,True,4,0.1374212105348943,5
CincinnatiFinancial,H1,MeanReversion,"window=50,z=2.0",0.2138210472259816,0.537521815008726,0.3296066767975794,1.2080057654113037,577,True,5,0.1790554864277366,5
CincinnatiFinancial,H1,MeanReversion,"window=20,z=2.25",0.018640788945779918,0.5207667731629393,0.03953624760693616,1.0284232943224183,315,True,4,0.06268739907441823,5
CincinnatiFinancial,H1,MeanReversion,"window=50,z=2.25",0.09482774947839889,0.5350877192982456,0.18255916366500916,1.1446315536067935,345,True,4,0.09231418203955255,5
CincinnatiFinancial,H1,MeanReversion,"window=50,z=2.5",0.04716409948570288,0.5532994923857868,0.10693892288600437,1.1118869322162388,197,True,4,0.05186717942962027,5
CincinnatiFinancial,H4,MeanReversion,"window=20,z=1.5",0.26584744328140586,0.5085792724776939,0.11087466786295819,1.0425009934785907,1465,True,4,0.35114583455086823,5
CincinnatiFinancial,H4,MeanReversion,"window=100,z=1.5",0.8124756639268886,0.5135135135135135,0.2987005998692704,1.1219037512397065,1603,True,4,0.18782549705230545,5
CincinnatiFinancial,H4,MeanReversion,"window=20,z=1.75",0.4869101736553293,0.5188679245283019,0.2396801025647048,1.122444248495754,959,True,5,0.34334865838616624,5
CincinnatiFinancial,H4,MeanReversion,"window=50,z=1.75",0.7766514781733528,0.5129434324065196,0.33948721532085213,1.1715245153357303,1049,True,4,0.29189908844034806,5
CincinnatiFinancial,H4,MeanReversion,"window=20,z=2.0",0.2580277356236066,0.5133689839572193,0.18045087622259984,1.1126415041301616,562,True,5,0.49398911941622925,5
CincinnatiFinancial,H4,MeanReversion,"window=20,z=2.25",0.13358116772842554,0.5087719298245614,0.12323272707585625,1.1116898273331557,285,True,4,0.17130543602187132,5
CincinnatiFinancial,H4,MeanReversion,"window=20,z=2.75",0.06189504647648214,0.5223880597014925,0.10601668811194734,1.2280150955996987,66,True,4,0.05907593916550824,5
CincinnatiFinancial,M15,MeanReversion,"window=20,z=1.5",0.9360856459494075,0.5819250551065394,1.4240084998211657,1.722675810332421,1401,True,5,0.20692767943450763,5
CincinnatiFinancial,M15,MeanReversion,"window=50,z=1.5",0.6093903696650136,0.5451997196916608,1.0290271982878096,1.4473719062209756,1474,True,5,0.09033174946424993,5
CincinnatiFinancial,M15,MeanReversion,"window=20,z=1.75",0.7106832488902085,0.5948777648428405,1.2491471025360348,1.8251628407486888,884,True,5,0.15770890300078955,5
CincinnatiFinancial,M15,MeanReversion,"window=50,z=1.75",0.4191176630621515,0.5349087003222341,0.9185913517401331,1.458332862140481,963,True,4,0.015078049194611642,5
CincinnatiFinancial,M15,MeanReversion,"window=20,z=2.0",0.5916227111425378,0.6057866184448463,1.1978938764102198,2.086034948957071,569,True,5,0.15134383289117503,5
CincinnatiFinancial,M15,MeanReversion,"window=50,z=2.0",0.343805388275763,0.5449826989619377,0.8808723322093099,1.5851810870303782,602,True,5,0.03895922841844579,5
CincinnatiFinancial,M15,MeanReversion,"window=20,z=2.25",0.4277178562021442,0.6176470588235294,0.9601855219182356,2.1619520265321404,349,True,4,0.056429824275864404,5
CincinnatiFinancial,M15,MeanReversion,"window=50,z=2.25",0.28894092515091685,0.5529411764705883,0.8753036177879528,1.8394294507477627,354,True,5,0.04885816415153188,5
CincinnatiFinancial,M15,MeanReversion,"window=20,z=2.5",0.3144960910971557,0.6504854368932039,0.8380544951534049,2.423629977276516,211,True,5,0.06678990368035898,5
CincinnatiFinancial,M15,MeanReversion,"window=50,z=2.5",0.2376634118039238,0.599009900990099,0.8187627341883729,2.089914644759582,206,True,5,0.0517420719482754,5
CincinnatiFinancial,M15,MeanReversion,"window=20,z=2.75",0.2056414640586981,0.6535433070866141,0.8966441736646066,2.607899799102774,131,True,4,0.053169320929668085,5
CincinnatiFinancial,M15,MeanReversion,"window=20,z=3.0",0.12452687633480075,0.6052631578947368,0.6599432299634146,2.4501839806629104,78,True,4,0.03413091579749472,5
CitizensFinancial,H1,VolatilityExpansion,"ema=20,mult=2.5",0.12909518326396474,0.49387755102040815,0.1314531205645788,1.0897270917386657,502,True,4,0.032534118389154765,5
CitizensFinancial,H1,VolatilityExpansion,"ema=20,mult=3.0",0.21695128019075527,0.5413533834586466,0.2666579536380929,1.2689773262916262,273,True,4,0.09653989630934878,5
CitizensFinancial,H1,VolatilityExpansion,"ema=20,mult=3.5",0.22123397880851325,0.5231788079470199,0.30307649993561514,1.4534068336151411,153,True,4,0.05325482573277407,5
CitizensFinancial,H4,MeanReversion,"window=50,z=1.5",-0.989151415846847,0.5056867891513561,-0.32253776485373176,0.8795488193334713,1161,True,4,0.08507033732864822,5
CitizensFinancial,H4,MeanReversion,"window=50,z=1.75",-0.5860035960047825,0.5104712041884817,-0.22698069775091523,0.8957621278530283,775,True,4,0.2299934094793893,5
CitizensFinancial,H4,MeanReversion,"window=20,z=2.0",-0.4457327131173995,0.5088495575221239,-0.27816110767686675,0.8538282700762421,457,True,4,0.18052532779093244,5
CitizensFinancial,H4,MeanReversion,"window=20,z=2.25",-0.09795010563116002,0.5446428571428571,-0.0885221461312496,0.9319627561668403,225,True,4,0.12791200861155305,5
CitizensFinancial,H4,MeanReversion,"window=50,z=2.5",-0.4351817877098625,0.4583333333333333,-0.27771536763368687,0.7770089567921797,219,True,4,0.187961508179201,5
CitizensFinancial,H4,TrendFollowing,"fast=50,slow=200",0.7537645013406027,0.5066666666666667,0.1494779842773477,1.029805421606339,4167,True,5,0.7681194685914198,5
CitizensFinancial,M15,MeanReversion,"window=20,z=1.5",0.20764845790389352,0.5112727272727273,0.26822461048966206,1.1134797957579572,1421,True,4,0.07176707948330574,5
CitizensFinancial,M15,MeanReversion,"window=20,z=1.75",0.14872189421000204,0.5109649122807017,0.21292864638954187,1.1110564975942572,940,True,5,0.06495659098561224,5
CitizensFinancial,M15,MeanReversion,"window=50,z=1.75",0.2730200463169221,0.5127659574468085,0.5278555851180788,1.2541578650777734,978,True,4,0.0648359273714274,5
CitizensFinancial,M15,MeanReversion,"window=50,z=2.0",0.21412334977476755,0.515650741350906,0.5052491586753507,1.3054887274283045,630,True,4,0.02644592874668006,5
CitizensFinancial,M15,MeanReversion,"window=20,z=2.25",0.16509503801511805,0.5401662049861495,0.2987066207834206,1.2741295026009685,371,True,4,0.05353629434400131,5
CitizensFinancial,M15,MeanReversion,"window=20,z=2.5",0.18081428409242395,0.5855855855855856,0.44527366199974255,1.5237961664789805,228,True,4,0.048938474839160806,5
CitizensFinancial,M15,MeanReversion,"window=50,z=2.5",0.1668512233307332,0.540650406504065,0.6579813775090774,1.6586387376090463,250,True,5,0.02917951418700504,5
CitizensFinancial,M15,MeanReversion,"window=100,z=2.75",0.12582512938412171,0.5256410256410257,0.6591342921743257,1.956074217794764,158,True,4,0.01602482904367697,5
Clorox,H1,MeanReversion,"window=50,z=2.5",0.06608976735599636,0.49065420560747663,0.17033102087238816,1.1605347554240446,214,True,4,0.043397958392939806,5
Clorox,H1,TrendFollowing,"fast=8,slow=21",0.19651081228254452,0.5116982654296087,0.11366450244516142,1.0225194168030258,4999,True,4,0.14207573593771672,5
Clorox,H1,TrendFollowing,"fast=13,slow=34",0.27827949657527107,0.5108914885034288,0.16096476068160834,1.0320399207657938,4999,True,4,0.18248274267360487,5
Clorox,H4,MeanReversion,"window=20,z=2.0",0.6870364175187209,0.5489833641404805,0.5510408592721676,1.3690831273907458,543,True,4,0.2842703475944558,5
Clorox,H4,MeanReversion,"window=50,z=2.0",0.5944763938633738,0.5476973684210527,0.49223845465419885,1.2838544424360088,609,True,4,0.07012858509123121,5
Clorox,H4,MeanReversion,"window=50,z=2.25",0.2902619062208883,0.5614035087719298,0.2964061051701978,1.2234152801221188,343,True,4,0.03911321482097674,5
Clorox,H4,MeanReversion,"window=20,z=2.5",0.3423561086843283,0.5616438356164384,0.4466216557660822,1.6584875715460594,145,True,4,0.14779526559959533,5
Clorox,H4,TrendFollowing,"fast=10,slow=30",0.3104125049304157,0.49919743178170145,0.08601933656723425,1.0166342201660323,4999,True,4,0.25092292978529485,5
Clorox,H4,TrendFollowing,"fast=13,slow=34",0.10298609798964586,0.5,0.028538412342052375,1.005488261960569,4999,True,4,0.2447468478493544,5
Clorox,H4,TrendFollowing,"fast=21,slow=55",0.04689942350209397,0.5030096308186196,0.012996252872842277,1.0024956011642816,4999,True,4,0.26125710741068464,5
Clorox,M15,MeanReversion,"window=50,z=1.75",0.008663876183545471,0.49221789883268485,0.01969156771076078,1.0078702312969021,1054,True,4,0.028011739463916108,5
Clorox,M15,MeanReversion,"window=50,z=2.0",0.06624248536792976,0.5144230769230769,0.18043435793300278,1.0952531073950698,641,True,5,0.04447925925478313,5
Clorox,M15,MeanReversion,"window=50,z=2.25",0.07638049484062515,0.5175879396984925,0.25340238066187315,1.166642587328719,410,True,4,0.0321734963560828,5
Clorox,M15,VolatilityExpansion,"ema=50,mult=2.0",0.13707791038967954,0.5114068441064639,0.21734879455729134,1.0647184565814873,2154,True,4,0.07928802133168478,5
Clorox,M15,VolatilityExpansion,"ema=50,mult=3.5",-0.009447835400743898,0.5202913631633714,-0.021963242609366825,0.9908464771725991,987,True,4,0.03840805284972981,5
CoStar,H1,MeanReversion,"window=100,z=2.0",0.18913412381256733,0.5136690647482014,0.1987347773850893,1.1097662923908687,703,True,4,0.021773376842869507,5
CoStar,H4,VolatilityExpansion,"ema=50,mult=3.5",-0.1873976560361802,0.5037821482602118,-0.10670701238668391,0.9484688974077793,664,True,5,0.17115539533977586,5
CoStar,M15,MeanReversion,"window=100,z=1.5",0.021818339438593348,0.4941558441558442,0.03022507379024346,1.01084852171556,1584,True,4,0.01563864105036017,5
CoStar,M15,MeanReversion,"window=50,z=1.75",0.08371646725568438,0.5384615384615384,0.15130964049158044,1.067474012428886,973,True,4,0.07183096262294253,5
CoStar,M15,VolatilityExpansion,"ema=20,mult=2.5",0.10681637200385874,0.49725274725274726,0.22683367861134898,1.1685389160945252,370,True,4,0.06679637569707908,5
CoStar,M15,VolatilityExpansion,"ema=50,mult=3.5",0.2263679760038103,0.523943661971831,0.4130432126066661,1.2330977761812902,732,True,4,0.09843518545864394,5
Cooper,H1,MeanReversion,"window=20,z=1.5",0.3611026495309603,0.5165376495425756,0.32395912408075644,1.1244388941562415,1434,True,4,0.14140254431923394,5
Cooper,H1,MeanReversion,"window=50,z=1.5",0.08231813423579593,0.5003194888178913,0.06985985359744576,1.024023037959117,1581,True,4,0.03183341351702118,5
Cooper,H1,MeanReversion,"window=20,z=1.75",0.4216032619588068,0.5182012847965739,0.4540556024155864,1.2284153546606944,944,True,4,0.10369153175751267,5
Cooper,H1,MeanReversion,"window=100,z=2.0",0.005320618608510075,0.5158959537572254,0.006298302121144686,1.0031459654867054,696,True,4,0.06054837783719169,5
Cooper,H1,TrendFollowing,"fast=21,slow=55",-0.009907681119319833,0.498686603354213,-0.004445664872492027,0.9990635579974386,4999,True,4,0.237766762417558,5
Cooper,H1,TrendFollowing,"fast=34,slow=89",-0.05636167663274583,0.496868054152354,-0.025290018032546383,0.9946845456919223,4999,True,4,0.4406483216728424,5
Cooper,H1,TrendFollowing,"fast=50,slow=200",0.052026831033959664,0.5015154576682158,0.023344927380096414,1.0049318430784273,4999,True,4,0.5028048185654571,5
Cooper,M15,MeanReversion,"window=20,z=1.5",0.6386816993639828,0.5466012613875263,0.7339627379018314,1.3511994175009134,1455,True,5,0.2856517422223921,5
Cooper,M15,MeanReversion,"window=50,z=1.5",0.26800827806164784,0.5284938941655359,0.3869757183274671,1.1457938685245108,1505,True,5,0.1650526753993724,5
Cooper,M15,MeanReversion,"window=20,z=1.75",0.4173189628949524,0.5380604796663191,0.6478590772975659,1.3196199364870307,976,True,5,0.24608816954800417,5
Cooper,M15,MeanReversion,"window=50,z=1.75",0.24856076698827012,0.5461928934010152,0.40270236596880093,1.1936971724975074,1008,True,5,0.17178004847741224,5
Cooper,M15,MeanReversion,"window=100,z=1.75",0.28314974820320504,0.5384615384615384,0.4692928236055731,1.227900630721184,1039,True,4,0.11489460613131652,5
Cooper,M15,MeanReversion,"window=20,z=2.0",0.4394263680138928,0.5681818181818182,0.830755607703531,1.5331933368193271,630,True,5,0.2152558463783849,5
Cooper,M15,MeanReversion,"window=50,z=2.0",0.21067179471681496,0.5394524959742351,0.3954825927576815,1.2430998603251049,636,True,5,0.17300057194285023,5
Cooper,M15,MeanReversion,"window=100,z=2.0",0.27116815817303774,0.5647425897035881,0.532993148180778,1.343433494925747,657,True,5,0.1434704671599979,5
Cooper,M15,MeanReversion,"window=20,z=2.25",0.38434911533875715,0.5924932975871313,0.8732228655447155,1.780164111546266,381,True,5,0.18232200839794277,5
Cooper,M15,MeanReversion,"window=50,z=2.25",0.16617979949421902,0.550251256281407,0.3908052885214896,1.2894980393409656,408,True,5,0.14096970450656154,5
Cooper,M15,MeanReversion,"window=100,z=2.25",0.25400859550473454,0.5743589743589743,0.6118581238790034,1.5272413179894038,399,True,5,0.08322865539341762,5
Cooper,M15,MeanReversion,"window=20,z=2.5",0.28568387527561045,0.594488188976378,0.7150179054446866,1.765820039686531,260,True,5,0.1520358136664024,5
Cooper,M15,MeanReversion,"window=50,z=2.5",0.13598029041277815,0.5590551181102362,0.3783207238313766,1.3445786581408363,260,True,5,0.07643958035919107,5
Cooper,M15,MeanReversion,"window=50,z=2.75",0.06078218514165934,0.5454545454545454,0.21072495146233292,1.2276926689082819,169,True,4,0.055457388456689016,5
Cooper,M15,MeanReversion,"window=50,z=3.0",0.06950828089876393,0.5779816513761468,0.2746797523468281,1.389138014834586,113,True,4,0.0408201145915168,5
Cooper,M15,MeanReversion,"window=50,z=3.25",0.07611657711787712,0.6111111111111112,0.32826742094203115,1.6190187033229293,75,True,4,0.03229191394871056,5
Cooper,M15,TrendFollowing,"fast=21,slow=55",-0.09629006901399184,0.4949928469241774,-0.060541290460558526,0.9849462343691647,4999,True,4,0.12969059397145044,5
Copart,H1,MeanReversion,"window=20,z=1.5",0.0990143565760443,0.5068198133524767,0.10893269362280833,1.038305612696673,1419,True,4,0.036308577519201246,5
Copart,H4,MeanReversion,"window=50,z=1.5",-0.5542873592628227,0.47992700729927007,-0.22062031188301062,0.9280489087624804,1703,True,4,0.13405678333234405,5
Copart,H4,MeanReversion,"window=50,z=2.0",-0.18880068899210045,0.47983310152990266,-0.11132640270039812,0.9453608865707078,745,True,4,0.24293559904015416,5
Copart,H4,MeanReversion,"window=100,z=2.0",0.06560965273505803,0.49331550802139035,0.039128047770096736,1.0210014659335307,779,True,4,0.24847821717484653,5
Copart,H4,MeanReversion,"window=100,z=2.25",0.0976089316675891,0.4863636363636364,0.07480704559402597,1.0557716756011235,456,True,4,0.11404759778493556,5
Copart,H4,MeanReversion,"window=100,z=2.5",0.15206058000313238,0.49809885931558934,0.13292819108997325,1.1477260933980806,268,True,4,0.053059435747578654,5
Copart,M15,MeanReversion,"window=20,z=2.5",0.02456404843951243,0.485,0.09740726880075397,1.0915682827636837,204,True,4,0.03597735970720328,5
Corteva,H1,TrendFollowing,"fast=10,slow=30",0.332463636831302,0.5092649154958256,0.16730340022506562,1.0350060978826412,4999,True,4,0.1321895436232916,5
Corteva,M15,MeanReversion,"window=50,z=1.5",0.1694326827778757,0.5080536912751678,0.3064416177888938,1.1254365795081795,1546,True,4,0.10316355898296825,5
Corteva,M15,MeanReversion,"window=100,z=1.5",0.2086458393319508,0.5032299741602068,0.37638681491892867,1.1508181361034118,1610,True,5,0.08900553854594417,5
Corteva,M15,MeanReversion,"window=50,z=1.75",0.18270033553527631,0.515748031496063,0.36539715365087516,1.1896412428180312,1053,True,5,0.10125655970188752,5
Corteva,M15,MeanReversion,"window=100,z=1.75",0.16575948233271487,0.5196926032660903,0.345730221648828,1.174848412894334,1080,True,5,0.08733073423695592,5
Corteva,M15,MeanReversion,"window=20,z=2.0",0.22910817387382343,0.527681660899654,0.4100272514763978,1.329747499544039,590,True,4,0.15120161761582462,5
Corteva,M15,MeanReversion,"window=50,z=2.0",0.21365276585668846,0.5383386581469649,0.48645936949586616,1.3382595499511205,643,True,5,0.11458168089097709,5
Corteva,M15,MeanReversion,"window=20,z=2.25",0.21636453998801097,0.5414201183431953,0.5369355611587386,1.5827470855262147,343,True,4,0.10530622138247747,5
Corteva,M15,MeanReversion,"window=50,z=2.25",0.11256910003405796,0.5320855614973262,0.2863562966724581,1.2522878336229946,381,True,5,0.08939073969103173,5
Corteva,M15,MeanReversion,"window=20,z=2.5",0.209571151447836,0.5736842105263158,0.5721629074688539,2.001492525535383,191,True,4,0.11347053294762932,5
Corteva,M15,MeanReversion,"window=50,z=2.5",0.12063908617992625,0.5584415584415584,0.32725763129120616,1.3884484698740074,235,True,4,0.09947145267787527,5
Corteva,M15,MeanReversion,"window=100,z=2.5",0.03430465309211239,0.5092936802973977,0.09525566305563152,1.0954672895392878,274,True,4,0.07388468860967734,5
Corteva,M15,MeanReversion,"window=20,z=2.75",0.17304836346174968,0.5630252100840336,0.4959359652934067,2.1507806790131876,119,True,5,0.1117910352363215,5
Corteva,M15,MeanReversion,"window=100,z=2.75",0.06392571267266356,0.5125,0.20243140241047636,1.276152156985457,164,True,4,0.08570401732971777,5
Corteva,M15,MeanReversion,"window=20,z=3.0",0.07564143006319557,0.5,0.2988365569315601,1.7286919016606943,67,True,5,0.040019219681590945,5
Corteva,M15,MeanReversion,"window=20,z=3.25",0.06065822420341782,0.5,0.255589247981475,1.8564850466685878,39,True,4,0.03512396576893484,5
DaVita,H1,MeanReversion,"window=50,z=1.5",0.3441992443705022,0.5150737652341244,0.23417328628167391,1.0903203086174826,1575,True,4,0.19284179947153823,5
DaVita,H1,MeanReversion,"window=20,z=1.75",0.10193250753993743,0.51010101010101,0.08404446857918503,1.0400720345668142,1001,True,4,0.16029690705865962,5
DaVita,H1,MeanReversion,"window=50,z=1.75",0.15932874905952377,0.5157992565055762,0.14459703300097707,1.0603025802500654,1088,True,4,0.10443023834359244,5
DaVita,H1,MeanReversion,"window=50,z=2.0",0.17457595247977353,0.5259026687598116,0.18776314626182458,1.107038014474131,645,True,4,0.13781612459543857,5
DaVita,H1,MeanReversion,"window=100,z=2.0",0.01204301990254153,0.5121951219512195,0.012670438034265197,1.0063496114589958,709,True,4,0.07433990898156873,5
DaVita,H1,MeanReversion,"window=50,z=2.25",0.3187139605249353,0.5415549597855228,0.4231712149968735,1.3451938135717225,381,True,4,0.13582872210063235,5
DaVita,H1,MeanReversion,"window=50,z=2.5",0.16131442763394765,0.5186915887850467,0.24396094351179515,1.2607346671249229,220,True,4,0.08718999889623691,5
DaVita,H1,TrendFollowing,"fast=8,slow=21",0.3801667003061343,0.5019188042819632,0.14813596594436484,1.0318089160224797,4999,True,4,0.28019145518778354,5
DaVita,H4,TrendFollowing,"fast=34,slow=89",-0.5117220387805652,0.5055231974292026,-0.10246073809941915,0.9797599453028646,4999,True,4,0.30768956514660917,5
DaVita,M15,MeanReversion,"window=20,z=1.5",0.5687309172456138,0.5437853107344632,0.8576431421808308,1.336930161576808,1453,True,4,0.1712452805276954,5
DaVita,M15,MeanReversion,"window=50,z=1.5",0.3003995744373994,0.5397279885468862,0.4563265552340841,1.1691724019717697,1426,True,4,0.09652342707303452,5
DaVita,M15,MeanReversion,"window=100,z=1.5",0.30933639259271417,0.5237113402061856,0.4656591299823951,1.1728319086522507,1482,True,4,0.08941953522686874,5
DaVita,M15,MeanReversion,"window=20,z=1.75",0.38367071330546965,0.5424973767051416,0.6778602657385489,1.3173187986595734,980,True,4,0.10056697727570363,5
DaVita,M15,MeanReversion,"window=50,z=1.75",0.19307003535684852,0.5370370370370371,0.35023117087628686,1.1499135713177486,992,True,4,0.03604782664361106,5
DaVita,M15,MeanReversion,"window=100,z=1.75",0.2000733597627914,0.527,0.35279723377811706,1.1591296702582705,1012,True,4,0.09938891533770855,5
DaVita,M15,MeanReversion,"window=50,z=2.0",0.20973975954693536,0.5533661740558292,0.44624170347211733,1.2565181721754874,624,True,5,0.06929142237673092,5
DaVita,M15,MeanReversion,"window=100,z=2.0",0.10323787477442348,0.5502318392581144,0.2277389381750305,1.1203247074273204,656,True,4,0.03824469931940888,5
DaVita,M15,MeanReversion,"window=50,z=2.25",0.1410707394943148,0.5605263157894737,0.3684176959142291,1.2640349215888427,386,True,4,0.028191009400687306,5
DaVita,M15,MeanReversion,"window=50,z=2.5",0.11950620490931474,0.5555555555555556,0.37165851134737055,1.35267051887397,238,True,4,0.026839071943084214,5
DaVita,M15,MeanReversion,"window=20,z=3.0",0.07374663635530465,0.5769230769230769,0.32868894632518064,1.5908623025274033,78,True,4,0.027022267315205184,5
DaVita,M15,VolatilityExpansion,"ema=20,mult=2.0",-0.0964400286376983,0.48382126348228044,-0.18832861785509658,0.909896718782722,663,True,4,0.03198203311228509,5
DardenRestaurants,H1,MeanReversion,"window=100,z=1.75",0.5024239049980643,0.522488038277512,0.4715247656841681,1.2710756945477004,1052,True,4,0.030525054070247082,5
DardenRestaurants,H4,MeanReversion,"window=50,z=1.5",0.4470070835124873,0.5093959731543625,0.1367550673181927,1.0607517646054119,1499,True,5,0.5913823816379585,5
DardenRestaurants,H4,MeanReversion,"window=20,z=1.75",0.5339910172045156,0.5077605321507761,0.2513739118821647,1.1243416235293646,905,True,4,0.3236868350007138,5
DardenRestaurants,H4,MeanReversion,"window=50,z=1.75",0.29921317527134017,0.5213592233009708,0.09834438114095309,1.0551892310123472,1035,True,4,0.45204344729587365,5
DardenRestaurants,H4,MeanReversion,"window=100,z=1.75",0.5035072596598044,0.5033112582781457,0.1516713566436962,1.0899990767157437,1062,True,4,0.5437072299882759,5
DardenRestaurants,H4,MeanReversion,"window=20,z=2.0",0.49091601093426596,0.516728624535316,0.3010849336274347,1.1957514315779638,540,True,4,0.2454572713353691,5
DardenRestaurants,H4,MeanReversion,"window=50,z=2.0",0.18405391097944046,0.5302325581395348,0.06476063782332511,1.048655427661903,648,True,5,0.34873701923792155,5
DardenRestaurants,H4,MeanReversion,"window=100,z=2.0",0.13045857084980705,0.49283667621776506,0.04203038408431981,1.0320773137162678,703,True,4,0.2937879344406251,5
DardenRestaurants,H4,MeanReversion,"window=50,z=2.25",0.2863286499346813,0.5459317585301837,0.12844960130374275,1.1296651384515073,381,True,5,0.13649120326459163,5
DardenRestaurants,M15,MeanReversion,"window=20,z=2.25",0.1442943769345092,0.5540540540540541,0.3754146060719155,1.2967233882068296,376,True,4,0.04934805658576136,5
DardenRestaurants,M15,TrendFollowing,"fast=5,slow=20",-0.24081202068164032,0.48779495524816924,-0.20567383333722025,0.9563940735599687,4999,True,4,0.07731340495908678,5
DardenRestaurants,M15,TrendFollowing,"fast=10,slow=30",-0.24342375136391736,0.4973555736371033,-0.2079048528725507,0.9559315653919752,4999,True,4,0.14892918844091751,5
DardenRestaurants,M15,TrendFollowing,"fast=13,slow=34",-0.16637716362634747,0.49613506916192024,-0.14209393534585907,0.9696682259151854,4999,True,5,0.20483683139243414,5
DardenRestaurants,M15,TrendFollowing,"fast=21,slow=55",-0.16129662271759193,0.4967453213995118,-0.13775458212485356,0.9705808213777658,4999,True,5,0.20293498917565256,5
DardenRestaurants,M15,TrendFollowing,"fast=50,slow=200",-0.005700163710051442,0.5024410089503661,-0.00486801350563288,0.9989453720620681,4999,True,4,0.1175791725187526,5
Dover,H1,MeanReversion,"window=20,z=1.5",0.2039444425056629,0.5155115511551155,0.19374470877845784,1.0742603650662192,1519,True,4,0.15995043974744683,5
Dover,H1,MeanReversion,"window=50,z=1.5",0.32377484258327616,0.5055762081784386,0.31988900540228515,1.115454164037014,1621,True,5,0.18817544724044866,5
Dover,H1,MeanReversion,"window=100,z=1.5",0.2635728975685374,0.5098159509202455,0.2554001574830029,1.0906842479462786,1637,True,4,0.11392067318951637,5
Dover,H1,MeanReversion,"window=50,z=1.75",0.043593464705056095,0.5146788990825688,0.05201160691420487,1.021603832369382,1093,True,5,0.17350360633574724,5
Dover,H1,MeanReversion,"window=100,z=1.75",0.22631239577316953,0.5111111111111111,0.26327761188663096,1.1179295397658222,1083,True,4,0.08382603271024147,5
Dover,H1,MeanReversion,"window=50,z=2.0",0.13638179938515582,0.5249266862170088,0.1945416246088422,1.108755168656575,685,True,5,0.06201948501951071,5
Dover,H1,TrendFollowing,"fast=10,slow=30",0.23123397698250747,0.5050281576830249,0.12479329288542021,1.0251255562217627,4999,True,5,0.1377845321929564,5
Dover,H1,TrendFollowing,"fast=13,slow=34",0.5145277062174333,0.5066371681415929,0.2777163202160474,1.0567817882226542,4999,True,5,0.220173294068586,5
Dover,H4,MeanReversion,"window=20,z=1.5",0.6062151028916916,0.5168350168350169,0.3218546428246669,1.1200820922578847,1195,True,4,0.23087755114067876,5
Dover,H4,MeanReversion,"window=50,z=1.5",0.2717272578225295,0.507496251874063,0.12471167146485901,1.047416199145147,1340,True,4,0.08375715673142425,5
Dover,H4,MeanReversion,"window=100,z=1.5",0.7429006964502008,0.5038924274593064,0.3441267975305462,1.1365940272297497,1415,True,4,0.08953686569471742,5
Dover,H4,MeanReversion,"window=20,z=1.75",0.6648723750463084,0.5380577427821522,0.4447362947327673,1.2073470149920968,768,True,4,0.2799144753942854,5
Dover,H4,MeanReversion,"window=20,z=2.0",0.07172163857532698,0.5185185185185185,0.062276112989025016,1.0342559621446485,434,True,4,0.19052513902776935,5
Dover,H4,MeanReversion,"window=100,z=2.0",0.6347640450460251,0.52046783625731,0.37392594700165355,1.2942616218753806,514,True,5,0.1863341780595924,5
Dover,H4,TrendFollowing,"fast=21,slow=55",-0.6930934486357481,0.5033718689788054,-0.19039591861594451,0.9638493122476951,4167,True,5,0.38338500007714416,5
Dover,M15,MeanReversion,"window=20,z=1.5",0.36870957980189545,0.5187130663164806,0.5879992169899284,1.240604647579018,1556,True,4,0.08393193217111183,5
Dover,M15,MeanReversion,"window=50,z=1.5",0.22628528471176546,0.5163727959697733,0.3924999700954894,1.1505162956962092,1613,True,4,0.059560221461530616,5
Dover,M15,MeanReversion,"window=20,z=1.75",0.381645019909034,0.5342995169082125,0.6662340222979671,1.3484585455957105,1058,True,4,0.11761407361274212,5
Dover,M15,MeanReversion,"window=50,z=1.75",0.1988935586087146,0.5202205882352942,0.4082566687029597,1.1894330745672796,1105,True,5,0.09230849767206106,5
Dover,M15,MeanReversion,"window=20,z=2.0",0.3763169902063893,0.5689381933438986,0.8356203802377186,1.5844730734011376,645,True,4,0.11688590372901586,5
Dover,M15,MeanReversion,"window=50,z=2.0",0.1294710831731789,0.5152777777777777,0.3112324232603039,1.1778685515633562,731,True,4,0.043151650626161886,5
Dover,M15,MeanReversion,"window=20,z=2.25",0.2318201238681027,0.5852417302798982,0.6040473404317807,1.5085989840793979,398,True,4,0.09214083487400149,5
Dover,M15,MeanReversion,"window=50,z=2.25",0.1579154827055277,0.5406593406593406,0.4206015272655516,1.3264411517329067,462,True,5,0.038632299671300885,5
Dover,M15,MeanReversion,"window=20,z=2.5",0.12219070060717396,0.58,0.3573157655625291,1.3710426089076988,252,True,4,0.028580398142848074,5
Dover,M15,MeanReversion,"window=50,z=2.5",0.11778079189548607,0.5460750853242321,0.4496122549308524,1.382820272320416,296,True,4,0.03881160960918251,5
EastmanChemical,H1,MeanReversion,"window=20,z=1.5",0.36598266023202797,0.5364010989010989,0.312636968117059,1.1165318849647659,1477,True,4,0.1528053618324564,5
EastmanChemical,H1,MeanReversion,"window=100,z=1.5",0.32673507631543974,0.5222363405336722,0.22450461533495142,1.0916974985512264,1595,True,4,0.10254243830304455,5
EastmanChemical,H1,MeanReversion,"window=20,z=1.75",0.36885122270525306,0.5452488687782805,0.3914532213630302,1.1970353005318517,898,True,4,0.20049153873750436,5
EastmanChemical,H1,MeanReversion,"window=100,z=1.75",0.3002639265465382,0.5359477124183006,0.23335236678209,1.121566237768987,1086,True,4,0.1514903575619596,5
EastmanChemical,H1,MeanReversion,"window=20,z=2.0",0.2699898919181354,0.553639846743295,0.34500963485811637,1.2369900312957036,527,True,5,0.21017491957832113,5
EastmanChemical,H1,MeanReversion,"window=20,z=2.25",0.23413881095873945,0.5562913907284768,0.35640389828198893,1.3360552113826785,303,True,4,0.13471403604079468,5
EastmanChemical,H1,MeanReversion,"window=50,z=2.25",0.07289059904698525,0.5336538461538461,0.10486634094165072,1.0714176969397589,417,True,4,0.06990937280424403,5
EastmanChemical,H1,MeanReversion,"window=20,z=2.5",0.06097963491245517,0.5842696629213483,0.12073048656125124,1.122700983483037,178,True,4,0.085606898629776,5
EastmanChemical,H1,MeanReversion,"window=50,z=2.5",0.032539097235201764,0.5228215767634855,0.0539138568259483,1.0483543142554275,241,True,4,0.06342530752879882,5
EastmanChemical,H1,MeanReversion,"window=100,z=2.5",-0.023991067891232176,0.5487179487179488,-0.024788094364101683,0.9669046172199677,195,True,4,0.04003794197349142,5
EastmanChemical,H1,TrendFollowing,"fast=21,slow=55",0.012979038506438001,0.5019250253292806,0.005460640726767153,1.0011333060367769,4999,True,4,0.09600115330918291,5
EastmanChemical,H1,TrendFollowing,"fast=34,slow=89",0.00026629829687363493,0.5051671732522797,0.00011203905733393881,1.000023239784253,4999,True,4,0.07345718440568416,5
EastmanChemical,H4,MeanReversion,"window=50,z=2.0",-0.056957436252396465,0.5218216318785579,-0.028906571374119786,0.9831698898439111,528,True,5,0.24341418565975648,5
EastmanChemical,H4,MeanReversion,"window=50,z=2.25",0.05097714779497664,0.5411392405063291,0.030922206950100225,1.0243117019708587,315,True,4,0.11156904273308588,5
EastmanChemical,H4,TrendFollowing,"fast=21,slow=55",-0.26223040993285285,0.5061519903498191,-0.06213987784092963,0.988224550191691,4167,True,5,0.7010629748447224,5
EastmanChemical,H4,TrendFollowing,"fast=34,slow=89",0.23415802361286298,0.5117008443908323,0.05548757060898823,1.0106333705856376,4167,True,4,0.5501852964787286,5
EastmanChemical,H4,TrendFollowing,"fast=50,slow=200",0.09619146662671707,0.5141133896260555,0.022794024327927327,1.0043545181547995,4167,True,4,0.6769369429801151,5
EastmanChemical,M15,MeanReversion,"window=20,z=1.5",0.09692767527019708,0.522889842632332,0.11365956859034022,1.0430304061150892,1435,True,4,0.0871008132853821,5
EastmanChemical,M15,MeanReversion,"window=50,z=1.5",0.2030404336867011,0.5128205128205128,0.24229198659095422,1.0911003167876578,1538,True,4,0.15912101141853985,5
EastmanChemical,M15,MeanReversion,"window=20,z=1.75",0.0898018085873099,0.5258620689655172,0.12204702011508636,1.0563804572916622,953,True,4,0.11306784128769942,5
EastmanChemical,M15,MeanReversion,"window=50,z=1.75",0.13579300903803038,0.5177664974619289,0.1946541838948906,1.0882436110470792,1020,True,5,0.16764199235704313,5
EastmanChemical,M15,MeanReversion,"window=50,z=2.0",0.01718688460085216,0.5257234726688103,0.03217089471235354,1.0167823464425003,637,True,4,0.0834812625853868,5
EastmanChemical,M15,MeanReversion,"window=100,z=2.0",0.01872051300668498,0.49759229534510435,0.03232231480504788,1.0186265715546516,642,True,4,0.02922486617183373,5
EastmanChemical,M15,MeanReversion,"window=50,z=2.25",0.045510364603102094,0.5386533665835411,0.09572707315007123,1.0628044605655582,407,True,4,0.07744684234115362,5
EastmanChemical,M15,MeanReversion,"window=50,z=2.5",-0.010577435695272697,0.5315985130111525,-0.025192831807579568,0.9807080787019787,272,True,5,0.056936646933476665,5
EastmanChemical,M15,MeanReversion,"window=20,z=2.75",0.02178419432535128,0.5185185185185185,0.05283996452877507,1.0557407489672148,168,True,5,0.05128811964937052,5
EastmanChemical,M15,MeanReversion,"window=50,z=2.75",-0.04787728398151392,0.5081081081081081,-0.12500788588496153,0.8882201682535946,188,True,4,0.02992023566208024,5
EastmanChemical,M15,MeanReversion,"window=50,z=3.0",-0.02352747256879839,0.504,-0.0687169919923275,0.9243479036292105,126,True,4,0.011817249007532116,5
Equifax,H1,MeanReversion,"window=100,z=1.75",0.046295272591479364,0.5014577259475219,0.04400838256958043,1.0180919818998548,1033,True,4,0.02472441504972156,5
Equifax,H1,TrendFollowing,"fast=13,slow=34",-0.6233602309016827,0.48651911468812875,-0.26453684769054064,0.9476847163417907,4999,True,4,0.027565865181514382,5
Equifax,H1,VolatilityExpansion,"ema=20,mult=2.0",0.37335232517745165,0.5284810126582279,0.3807042421950426,1.173073208539349,953,True,5,0.1941705570458121,5
Equifax,H4,MeanReversion,"window=20,z=2.25",-0.059865322730790926,0.49206349206349204,-0.06081474961447837,0.9555368144341899,251,True,4,0.07212266543020196,5
Equifax,H4,MeanReversion,"window=50,z=3.0",-0.2883866366544763,0.4411764705882353,-0.3281668793483089,0.5770102673697259,67,True,4,0.024731189639059736,5
Equifax,M15,MeanReversion,"window=20,z=1.75",0.5036775356703433,0.5674814027630181,0.7151689868192838,1.401091127635164,964,True,4,0.09855783340501756,5
Equifax,M15,MeanReversion,"window=20,z=2.25",0.3366683112588791,0.603399433427762,0.6976766614289696,1.6652672431360576,359,True,4,0.0491685889927338,5
Equifax,M15,MeanReversion,"window=20,z=2.5",0.16636652498688054,0.6018518518518519,0.39232613364570856,1.4609393506964603,219,True,4,0.04379809119090061,5
Equifax,M15,MeanReversion,"window=50,z=2.75",0.15258916858446914,0.5974025974025974,0.4956191039209579,1.727902607018927,159,True,4,0.018402140907072706,5
EverestRe,H1,MeanReversion,"window=50,z=1.5",0.2821343987763415,0.49636963696369635,0.24701198026408017,1.097167999848448,1519,True,4,0.09388828565048646,5
EverestRe,H1,MeanReversion,"window=20,z=1.75",0.25739660928906727,0.509683995922528,0.31130339913183663,1.1400994771852109,982,True,4,0.10712196416337616,5
EverestRe,H1,MeanReversion,"window=20,z=2.0",0.1783525616191598,0.5222816399286988,0.25757655499876003,1.155031166082971,560,True,4,0.12238268500052452,5
EverestRe,H1,MeanReversion,"window=100,z=2.0",0.30664524263756043,0.5131578947368421,0.3820179962112725,1.2499187181139717,608,True,4,0.02874490043986122,5
EverestRe,H1,MeanReversion,"window=20,z=2.5",0.09261875900501926,0.5333333333333333,0.21754673448907882,1.2468016849633583,164,True,4,0.0734659815940899,5
EverestRe,H1,MeanReversion,"window=20,z=2.75",0.057836173878664576,0.5125,0.1641482102130914,1.2709259440209804,79,True,4,0.037948204739262636,5
EverestRe,H1,MeanReversion,"window=50,z=2.75",0.10497134832065991,0.512396694214876,0.2519679891710979,1.3637695537568864,120,True,4,0.04250294689502321,5
EverestRe,H1,MeanReversion,"window=20,z=3.0",0.036306057872706354,0.5686274509803921,0.11488105220774396,1.2322388657714103,50,True,4,0.032869057858544215,5
EverestRe,H4,MeanReversion,"window=20,z=1.5",1.1419392809894766,0.512280701754386,0.6014526791907859,1.2459368537113333,1143,True,4,0.27728325063831116,5
EverestRe,H4,MeanReversion,"window=50,z=1.5",1.2935100552686216,0.510530749789385,0.597881203827786,1.2667016965217042,1189,True,5,0.47937472500728195,5
EverestRe,H4,MeanReversion,"window=100,z=1.5",1.3301310852804789,0.514763779527559,0.6494221815674968,1.3191032101794937,1017,True,5,0.38757231871686426,5
EverestRe,H4,MeanReversion,"window=50,z=1.75",0.9414679426847058,0.5161290322580645,0.4867836413722362,1.2650735867385987,808,True,5,0.24281430394589387,5
EverestRe,H4,MeanReversion,"window=100,z=1.75",0.9749529500829952,0.5186206896551724,0.5387902080346021,1.3224295474451753,726,True,5,0.2573571896991944,5
EverestRe,H4,MeanReversion,"window=20,z=2.0",0.5420431269866954,0.5022321428571429,0.394481527328312,1.2682344990269936,450,True,4,0.09424578312334497,5
EverestRe,H4,MeanReversion,"window=50,z=2.0",0.4744259879739533,0.5057034220532319,0.2785241656792178,1.18620859726997,527,True,4,0.08687893720047879,5
EverestRe,H4,MeanReversion,"window=100,z=2.25",0.24139627719075296,0.4966442953020134,0.17649251906118088,1.1629077525288525,298,True,4,0.04736437856165576,5
EverestRe,M15,MeanReversion,"window=20,z=1.5",0.8900022559746226,0.5689149560117303,1.3662823040090877,1.6208308301021244,1404,True,5,0.31569040746042154,5
EverestRe,M15,MeanReversion,"window=50,z=1.5",0.6289633291702055,0.5481111903064861,0.8491182031686455,1.4245231318721991,1441,True,4,0.11089019717799675,5
EverestRe,M15,MeanReversion,"window=20,z=1.75",0.7794829213328569,0.586483390607102,1.4098228431633983,1.8576967072576418,899,True,5,0.26755688473343475,5
EverestRe,M15,MeanReversion,"window=50,z=1.75",0.6331627997596497,0.5642701525054467,1.1957277479053803,1.7013455356421705,944,True,5,0.19431424979234324,5
EverestRe,M15,MeanReversion,"window=20,z=2.0",0.6108958065001172,0.5981308411214953,1.232072583098846,1.9953539078909848,548,True,5,0.19661005958438904,5
EverestRe,M15,MeanReversion,"window=50,z=2.0",0.4362339310879406,0.5834767641996558,1.004193782031298,1.7165179011757532,595,True,5,0.13314011906387235,5
EverestRe,M15,MeanReversion,"window=20,z=2.25",0.4974104788956488,0.6257668711656442,1.21150700486953,2.404971724994146,331,True,4,0.15938499291948383,5
EverestRe,M15,MeanReversion,"window=50,z=2.25",0.2439269234074788,0.5761772853185596,0.647174555457955,1.5391080455541912,369,True,5,0.10155343718672649,5
EverestRe,M15,MeanReversion,"window=100,z=2.25",0.24887016604047507,0.572538860103627,0.6665120216790428,1.5631820644262748,392,True,4,0.03815854782926076,5
EverestRe,M15,MeanReversion,"window=20,z=2.5",0.3826602077819161,0.6451612903225806,1.1469893105427373,2.6322304470570885,222,True,4,0.12491638263513727,5
EverestRe,M15,MeanReversion,"window=50,z=2.5",0.2390775629856452,0.6069651741293532,0.8117618983213022,2.012844403409293,204,True,5,0.10053988172927564,5
Eversource,H1,MeanReversion,"window=20,z=1.5",0.35819453200529094,0.5078014184397163,0.3778291171060993,1.1339339162785687,1434,True,4,0.1622996137953734,5
Eversource,H1,MeanReversion,"window=20,z=1.75",0.16047000779562637,0.5075921908893709,0.20945824158166057,1.088805090622542,935,True,4,0.13287735387164512,5
Eversource,H4,VolatilityExpansion,"ema=20,mult=3.0",0.006036853884952342,0.5230769230769231,0.010738325733472774,1.0105313267272322,129,True,4,0.13561751450166604,5
Eversource,M15,MeanReversion,"window=100,z=1.5",0.3125573779229637,0.509405568096313,0.48910487814693565,1.2535492687688339,1377,True,4,0.0649833819413711,5
Eversource,M15,MeanReversion,"window=20,z=2.0",0.33937931935984667,0.5929203539823009,0.661252996682178,1.5263415887523732,577,True,4,0.0859516494358018,5
Eversource,M15,MeanReversion,"window=20,z=2.25",0.22451082633182007,0.6123076923076923,0.4909189980688982,1.5277573013378205,328,True,4,0.09060283402088132,5
Eversource,M15,MeanReversion,"window=50,z=2.5",0.06969897715720952,0.5681818181818182,0.1754215883217815,1.2110040517887992,223,True,4,0.03690119544906856,5
F5Networks,H1,MeanReversion,"window=20,z=1.5",0.14951448610825524,0.5084175084175084,0.13691646545145683,1.0514907623869338,1493,True,4,0.15470165042835382,5
F5Networks,H1,MeanReversion,"window=50,z=1.5",0.44764609898043883,0.5212557226945717,0.41147185959668026,1.1547259317720169,1536,True,5,0.1538590712869482,5
F5Networks,H1,MeanReversion,"window=50,z=1.75",0.2280297398910084,0.5203171456888008,0.24243667692873905,1.1130100316990872,1015,True,5,0.15666075116461753,5
F5Networks,H1,MeanReversion,"window=20,z=2.0",0.15726841722476215,0.5166959578207382,0.2002704627155362,1.1314186357916012,571,True,5,0.09093911164917157,5
F5Networks,H1,MeanReversion,"window=50,z=2.0",0.1816609047911637,0.5143312101910829,0.23051126642396805,1.1386462291614947,630,True,5,0.14680373108021216,5
F5Networks,H1,MeanReversion,"window=50,z=2.25",0.07453481340839374,0.49363867684478374,0.10902608128524659,1.083510175778361,395,True,5,0.1293448214438776,5
F5Networks,H1,MeanReversion,"window=100,z=2.25",0.16039015512858656,0.5103448275862069,0.24542314196442183,1.1735137761867052,437,True,4,0.07623130951630008,5
F5Networks,H1,MeanReversion,"window=20,z=2.5",0.07751273858151586,0.5508982035928144,0.13411178032953758,1.1755459224781586,166,True,4,0.07380450126422144,5
F5Networks,H1,MeanReversion,"window=50,z=2.5",0.05821662946819117,0.5194174757281553,0.09946393377626887,1.1150482851637589,208,True,4,0.07246682308214092,5
F5Networks,H1,MeanReversion,"window=50,z=2.75",-0.006270479306394017,0.5391304347826087,-0.011469903422704675,0.9832881184269306,116,True,4,0.055803325258714676,5
F5Networks,H1,TrendFollowing,"fast=5,slow=20",0.2575138723857592,0.5013065326633166,0.11656853299023365,1.0251144750691237,4999,True,4,0.11328347678364914,5
F5Networks,H4,TrendFollowing,"fast=5,slow=20",0.6117808136747905,0.506259027443428,0.1551594167800481,1.0305726027594502,4167,True,5,0.7322601955694358,5
F5Networks,H4,TrendFollowing,"fast=8,slow=21",-0.17513684258608764,0.5036109773712085,-0.044416133840061406,0.991416632953428,4167,True,4,0.5228494238547957,5
F5Networks,H4,TrendFollowing,"fast=10,slow=30",-0.5902864367883206,0.4951853635050554,-0.14970753435211845,0.9713617049823512,4167,True,4,0.4867625396953362,5
F5Networks,H4,TrendFollowing,"fast=13,slow=34",-0.3087768154613256,0.496870486278286,-0.07830896898933369,0.9849164022268643,4167,True,4,0.9375623940372443,5
F5Networks,H4,TrendFollowing,"fast=21,slow=55",1.0787423741554187,0.5089070775156476,0.27361745151616346,1.0545445469946135,4167,True,5,1.3043684748801827,5
F5Networks,H4,TrendFollowing,"fast=34,slow=89",0.047003645609233646,0.5019258545979779,0.011920465154304685,1.0023162330267776,4167,True,5,1.286003970340954,5
F5Networks,H4,VolatilityExpansion,"ema=20,mult=2.0",-0.9034283762654512,0.47580645161290325,-0.49803850765088103,0.7939719562992021,747,True,4,0.17675796091811746,5
F5Networks,M15,MeanReversion,"window=20,z=2.0",0.318378907997217,0.5772058823529411,0.503090532490394,1.359862304968503,552,True,4,0.028264507829402485,5
F5Networks,M15,MeanReversion,"window=20,z=2.25",0.3423995366490534,0.6,0.692853392205653,1.6239826193509643,350,True,4,0.10803635438571302,5
F5Networks,M15,MeanReversion,"window=20,z=2.5",0.20182084306264803,0.6095238095238096,0.4887506426912242,1.5635137021418926,211,True,4,0.07822094612497699,5
F5Networks,M15,MeanReversion,"window=20,z=2.75",0.14618659465428097,0.6102941176470589,0.41648710757884166,1.6468895993065988,136,True,4,0.0780406627199417,5
F5Networks,M15,VolatilityExpansion,"ema=20,mult=1.5",-0.35461575323095207,0.4489795918367347,-0.45747754555487863,0.8103250269135984,1007,True,4,0.04932960885737092,5
FMC,H1,TrendFollowing,"fast=5,slow=20",1.021001627082484,0.5172134467395707,0.26010618758053283,1.0702095479957512,4999,True,4,0.6550194723116073,5
FMC,H1,TrendFollowing,"fast=8,slow=21",1.3518927858381962,0.5216686917780478,0.34443749605932156,1.0940332075864945,4999,True,4,0.5723343512699691,5
FMC,H1,TrendFollowing,"fast=10,slow=30",1.5265734978078622,0.5265289590927501,0.3889681345775202,1.1068324408727535,4999,True,4,0.44463866306777844,5
FMC,H1,VolatilityExpansion,"ema=20,mult=1.5",1.2499488854172514,0.5481194690265486,0.47990246179527296,1.2372438896307216,1827,True,4,0.5760549941427171,5
FMC,H1,VolatilityExpansion,"ema=20,mult=2.0",1.1765287716591362,0.5452127659574468,0.47924802173778425,1.3397985404744335,1136,True,4,0.3620658576272141,5
FMC,H1,VolatilityExpansion,"ema=50,mult=2.0",0.9915209809537491,0.5343417825020441,0.35185023564923834,1.1362429357487365,2474,True,4,0.3834275138343448,5
FMC,H1,VolatilityExpansion,"ema=50,mult=3.0",0.9272290524461191,0.5426208651399491,0.36603365647863984,1.1961581415826619,1586,True,4,0.30466130138594405,5
FMC,H4,TrendFollowing,"fast=5,slow=20",-0.4067244198633859,0.4984882080225761,-0.06886356199632639,0.9858831421160716,4999,True,4,0.7096654525487784,5
FMC,H4,TrendFollowing,"fast=8,slow=21",-0.10202453182246818,0.5017133642410804,-0.017273884652499003,0.9964400410737798,4999,True,4,0.9263923685693574,5
FMC,H4,TrendFollowing,"fast=13,slow=34",-0.46540707974609585,0.5001007861318283,-0.07879950413422217,0.983862779988834,4999,True,4,1.3483277819183013,5
FMC,H4,TrendFollowing,"fast=34,slow=89",0.763379313330308,0.5117919774239065,0.12925279184722313,1.0270450565703924,4999,True,5,1.668780189665818,5
FMC,H4,TrendFollowing,"fast=50,slow=200",0.6944627706168001,0.5138077000604717,0.11758340486985278,1.0245734773393125,4999,True,5,1.822704102527272,5
FMC,H4,VolatilityExpansion,"ema=20,mult=1.5",0.43781859175630555,0.5040148239654108,0.1159338842186285,1.0453092663600372,1636,True,4,1.0022619953723524,5
FMC,H4,VolatilityExpansion,"ema=20,mult=2.5",0.15417066261633972,0.501953125,0.05525951736597418,1.0437813944463508,518,True,4,0.8480552924629555,5
FMC,H4,VolatilityExpansion,"ema=50,mult=2.5",0.23192998937955533,0.5114045618247299,0.06299969569418902,1.0241416100188514,1681,True,5,1.0238640427956331,5
FMC,H4,VolatilityExpansion,"ema=20,mult=3.0",0.09882609762678585,0.5276752767527675,0.061535135281421266,1.051121696023574,274,True,4,0.3624890402913663,5
FMC,H4,VolatilityExpansion,"ema=20,mult=3.5",-0.003636710044256475,0.5670731707317073,-0.003129707128187921,0.9968875958604557,165,True,4,0.15979710524055368,5
FMC,M15,MeanReversion,"window=100,z=1.75",-0.4701876347958429,0.487,-0.24594130128404806,0.7839862454314871,1053,True,4,0.07719034152051096,5
Flowserve,H1,MeanReversion,"window=20,z=1.5",0.3959227100753162,0.4993197278911565,0.24405027414702002,1.1158694578621273,1496,True,4,0.0712636833439696,5
Flowserve,H1,MeanReversion,"window=100,z=1.5",0.09776460026253941,0.513585155732273,0.07087262272770252,1.0254288169400907,1539,True,4,0.13058219474844024,5
Flowserve,H1,MeanReversion,"window=20,z=1.75",0.00015763129062584813,0.4967811158798283,0.00016574162490547598,1.000071881813069,949,True,4,0.04275463225354326,5
Flowserve,H1,MeanReversion,"window=20,z=2.0",-0.0964636106363711,0.4921190893169877,-0.12319836621487422,0.9352697849774356,582,True,4,0.01098377863347788,5
Flowserve,H1,TrendFollowing,"fast=10,slow=30",0.4055300768254948,0.49979633401221996,0.15786492669521066,1.0344707950198575,4999,True,4,0.22972480262074446,5
Flowserve,H1,TrendFollowing,"fast=13,slow=34",0.5712906982002484,0.50020366598778,0.22240312431955794,1.0489052863286075,4999,True,4,0.31017107173464387,5
Flowserve,H4,MeanReversion,"window=100,z=2.0",0.4775108827135611,0.5271028037383177,0.22593807341999136,1.1411294862741752,541,True,4,0.1404574915647353,5
Flowserve,H4,MeanReversion,"window=20,z=2.25",-0.08825268826812949,0.5222672064777328,-0.08273633236099615,0.9392732461785184,247,True,4,0.1133135233977306,5
Flowserve,H4,MeanReversion,"window=100,z=2.25",-0.01811171501268327,0.5337837837837838,-0.010275590723819776,0.9918912240826264,298,True,4,0.1356325654660142,5
Flowserve,H4,MeanReversion,"window=100,z=2.5",-0.24012956562241783,0.5251798561151079,-0.16228483452240508,0.8212483881017089,139,True,4,0.01164755905923709,5
Flowserve,H4,TrendFollowing,"fast=21,slow=55",-0.8120486442118717,0.4930741190765492,-0.16638212807310895,0.9683169328140828,4167,True,4,0.7555008965706752,5
Flowserve,M15,MeanReversion,"window=20,z=1.5",0.5570436914735554,0.526056338028169,0.4083013065029553,1.25178822305521,1461,True,4,0.33497353617578984,5
Flowserve,M15,MeanReversion,"window=50,z=1.5",0.2714465726334553,0.5140664961636828,0.21391213653545185,1.122290069460789,1614,True,4,0.03456857373860245,5
Flowserve,M15,MeanReversion,"window=100,z=1.5",0.16986476560415298,0.5145368492224476,0.22763913198366362,1.0817593242080241,1518,True,5,0.14266890512217834,5
Flowserve,M15,MeanReversion,"window=20,z=1.75",0.5027447442350342,0.5380493033226152,0.40401097063217706,1.3338584148838806,963,True,4,0.4008571002034722,5
Flowserve,M15,MeanReversion,"window=100,z=1.75",0.16202155905818316,0.5180487804878049,0.2502586230396632,1.109531710813162,1050,True,5,0.07967898601272727,5
Flowserve,M15,MeanReversion,"window=20,z=2.0",0.5578714696566711,0.5488215488215489,0.46723758176633345,1.5670562963996937,612,True,4,0.36954373684361486,5
Flowserve,M15,MeanReversion,"window=50,z=2.0",0.1396221150378395,0.5338129496402878,0.25105261768208875,1.132214613165688,711,True,4,0.03030321690723936,5
Flowserve,M15,MeanReversion,"window=100,z=2.0",0.17069608222256716,0.5371517027863777,0.30286952816210394,1.171224326169866,661,True,4,0.07648395266247254,5
Flowserve,M15,MeanReversion,"window=20,z=2.25",0.16868650479004477,0.547683923705722,0.3162753153562536,1.2384850691242342,377,True,4,0.12510686332826804,5
Flowserve,M15,MeanReversion,"window=20,z=2.5",0.14919739579606495,0.575107296137339,0.3219205325620639,1.329981266280014,236,True,4,0.12691129279980395,5
Flowserve,M15,MeanReversion,"window=50,z=2.5",0.17385342794226066,0.5593869731800766,0.4626818458665492,1.4366707107484962,269,True,5,0.06983510901973011,5
Flowserve,M15,MeanReversion,"window=50,z=3.0",0.06924358502677941,0.5,0.26757046842254306,1.4086019698640728,97,True,4,0.06612555313428903,5
Fortive,H1,MeanReversion,"window=100,z=2.0",-0.03462778733874894,0.49442896935933145,-0.04970381306891536,0.9758251074693883,726,True,4,0.04720937569665262,5
Fortive,H1,MeanReversion,"window=50,z=2.25",-0.03349515387205415,0.5010799136069114,-0.05749210069612023,0.9645395131246758,469,True,4,0.0683418832216659,5
Fortive,H1,MeanReversion,"window=100,z=2.25",0.02398395375346507,0.49369747899159666,0.03950742255131018,1.0243944728241305,481,True,4,0.018262982137836503,5
Fortive,H4,MeanReversion,"window=50,z=2.0",0.33654394914233454,0.490272373540856,0.20290342118669774,1.141583237288581,516,True,4,0.12470507530179897,5
Fortive,H4,MeanReversion,"window=20,z=2.25",0.17234515108496395,0.4831932773109244,0.22503723146570703,1.182085946116465,238,True,4,0.12633675204125205,5
Fortive,H4,MeanReversion,"window=50,z=2.25",0.4519948166773453,0.5282392026578073,0.37935186667091114,1.3460779334427766,300,True,4,0.14446270480862744,5
Fortive,H4,MeanReversion,"window=50,z=2.5",0.18400446449040408,0.5389221556886228,0.2176562599860249,1.237686396868228,166,True,4,0.1533861211672668,5
Fortive,M15,MeanReversion,"window=20,z=1.5",0.45949846128687655,0.5249441548771407,0.5773945972623458,1.305401088326719,1397,True,4,0.02822629168495394,5
Fortive,M15,MeanReversion,"window=50,z=1.5",0.856876939591511,0.54,0.5616534578110626,1.6550077193609316,1349,True,4,0.09671678347863022,5
Fortive,M15,MeanReversion,"window=20,z=1.75",0.4423632052339549,0.5388127853881278,0.6115984734547317,1.4323018026269376,906,True,4,0.06981940860156888,5
Fortive,M15,MeanReversion,"window=50,z=1.75",0.45301548980641126,0.5399768250289687,0.6648672215678462,1.5012949877967778,889,True,4,0.0871589087961896,5
Fortive,M15,MeanReversion,"window=20,z=2.0",0.3327395536063995,0.5449640287769785,0.518193312542654,1.491351252196887,573,True,4,0.05813131478779132,5
Fortive,M15,MeanReversion,"window=50,z=2.0",0.2991657311364737,0.5480943738656987,0.6244012943431062,1.5037283166739714,567,True,4,0.07783374906345453,5
Fortive,M15,MeanReversion,"window=20,z=2.25",0.26144556454015777,0.5446153846153846,0.42704676398213737,1.5590461103107447,334,True,4,0.052910883889330185,5
Fortive,M15,MeanReversion,"window=50,z=2.25",0.2175718883187181,0.5484848484848485,0.6920211180267902,1.6457608225507327,341,True,4,0.03571840079014743,5
Fortive,M15,MeanReversion,"window=50,z=2.5",0.20522556676065795,0.5619047619047619,0.7998910702225743,2.068517252168047,218,True,4,0.03924917668106498,5
Fortive,M15,MeanReversion,"window=50,z=2.75",0.09941644012425366,0.5327868852459017,0.5418693213377711,1.801272733064239,127,True,4,0.03587643183611,5
Fortive,M15,TrendFollowing,"fast=50,slow=200",-0.6315082796442667,0.4885368903709879,-0.3450546183481354,0.8933475505979689,4999,True,4,0.08398829027303423,5
FortuneBrands,H1,MeanReversion,"window=20,z=2.25",-0.04957646604234789,0.515850144092219,-0.06744207454012353,0.9535580654745994,350,True,4,0.08310736357263815,5
FortuneBrands,H1,MeanReversion,"window=20,z=2.5",0.12060562242384776,0.5591397849462365,0.21936486277317474,1.2261885153182246,187,True,4,0.0865454783973072,5
FortuneBrands,H1,MeanReversion,"window=20,z=2.75",0.07939856787960464,0.5321100917431193,0.1615168101968015,1.218491652199488,109,True,4,0.04928569214808032,5
FortuneBrands,H1,TrendFollowing,"fast=5,slow=20",0.40821665608422497,0.5053654585948573,0.16058757380792107,1.0327171395243062,4999,True,4,0.271573049031282,5
FortuneBrands,H1,TrendFollowing,"fast=10,slow=30",0.6655603748724263,0.511439562664507,0.26184575218318756,1.0538981702431256,4999,True,4,0.27922041366629147,5
FortuneBrands,H1,VolatilityExpansion,"ema=20,mult=3.0",0.26148026337736785,0.5694444444444444,0.4598392035914704,1.5019492795867846,219,True,4,0.08215417267237624,5
FortuneBrands,H1,VolatilityExpansion,"ema=50,mult=3.5",0.11285608119468149,0.5044699872286079,0.10811967961157312,1.056117307607529,794,True,5,0.10193805085028773,5
FortuneBrands,H4,TrendFollowing,"fast=21,slow=55",1.3008907188349577,0.5147917085932783,0.23964540780701168,1.0460685320268968,4999,True,4,0.36924224403746086,5
FortuneBrands,H4,TrendFollowing,"fast=34,slow=89",0.6896894187981673,0.5159991950090561,0.12704169441554933,1.0241625255188556,4999,True,4,0.09911843621384386,5
FortuneBrands,H4,VolatilityExpansion,"ema=50,mult=1.5",-0.29926250418734146,0.5019427764040975,-0.07544318679932362,0.9811448945882815,2849,True,4,0.0692152701817852,5
FortuneBrands,M15,MeanReversion,"window=20,z=1.5",0.6121591859152149,0.543682310469314,0.6901222616848077,1.2633625252475098,1426,True,5,0.30250881697148824,5
FortuneBrands,M15,MeanReversion,"window=50,z=1.5",0.194895902661692,0.5179310344827586,0.22307896837586064,1.079542699973915,1496,True,4,0.16921333670043515,5
FortuneBrands,M15,MeanReversion,"window=20,z=1.75",0.2873625557453172,0.5393873085339168,0.3802543224957163,1.1682305456814244,942,True,5,0.2233085712743762,5
FortuneBrands,M15,MeanReversion,"window=50,z=1.75",0.027183669832503532,0.5125628140703518,0.03739633100324369,1.0154329844029668,1026,True,4,0.11596586560326627,5
FortuneBrands,M15,MeanReversion,"window=20,z=2.0",0.24975846502591215,0.5476190476190477,0.37625380874503656,1.209008378524817,605,True,5,0.13773385724606224,5
FortuneBrands,M15,MeanReversion,"window=50,z=2.0",0.1960777995260301,0.545016077170418,0.3217382357871703,1.181346871532328,642,True,4,0.10670086708324777,5
FortuneBrands,M15,MeanReversion,"window=20,z=2.25",0.06728860835658446,0.5353260869565217,0.12173954291928937,1.0785672055618731,374,True,4,0.06286345643603963,5
FortuneBrands,M15,MeanReversion,"window=20,z=2.5",-0.03909362515189008,0.5172413793103449,-0.08078661822106079,0.9395769426145811,235,True,4,0.041414568560668386,5
FortuneBrands,M15,MeanReversion,"window=50,z=2.5",0.04994595401302415,0.562015503875969,0.1161364038060524,1.0887127975959796,265,True,4,0.043058854611934816,5
FortuneBrands,M15,MeanReversion,"window=50,z=2.75",-0.02594212820566777,0.5396825396825397,-0.06709861940481954,0.9449738084009478,193,True,4,0.02979503690630081,5
FortuneBrands,M15,TrendFollowing,"fast=10,slow=30",-0.01406155861942393,0.4975298476739399,-0.00857674741474145,0.9982462640148221,4999,True,4,0.03588101600806204,5
FortuneBrands,M15,TrendFollowing,"fast=34,slow=89",0.20112154376597924,0.5020584602717167,0.12267629731706454,1.0254247356151627,4999,True,4,0.25389359704566705,5
FortuneBrands,M15,TrendFollowing,"fast=50,slow=200",-0.2529154907356961,0.49897076986414163,-0.15427126351206327,0.9689197018048424,4999,True,5,0.4055792291856901,5
Fox,H1,MeanReversion,"window=20,z=1.5",0.2256223682667483,0.5186513629842181,0.2327064463458636,1.0815793682425954,1419,True,4,0.22229041494094848,5
Fox,H1,MeanReversion,"window=50,z=1.5",0.33124292892390517,0.5066401062416999,0.30754365714012566,1.1106154398948165,1532,True,4,0.15692326123003997,5
Fox,H1,MeanReversion,"window=50,z=1.75",0.3252115990962602,0.5182625863770978,0.34368032661430875,1.1577414752639703,1030,True,4,0.19503797400373002,5
Fox,H1,MeanReversion,"window=50,z=2.0",0.2948082215925967,0.5219435736677116,0.39677266710974385,1.2346943522278395,647,True,5,0.19206535663401036,5
Fox,H1,MeanReversion,"window=50,z=2.25",0.1524207692615256,0.5463917525773195,0.2899351010968745,1.200513246140264,391,True,4,0.07782594963311251,5
Fox,H1,MeanReversion,"window=50,z=2.5",0.06052957487698429,0.5235849056603774,0.16274129145321684,1.142070483535191,213,True,5,0.06343918750826771,5
Fox,H1,MeanReversion,"window=50,z=2.75",0.008357096609138859,0.5212765957446809,0.03163736481386161,1.0375989552694524,94,True,4,0.016385613114866415,5
Fox,H1,TrendFollowing,"fast=50,slow=200",0.17028181164961198,0.5108874281018899,0.09022609552675548,1.0174259584568262,4999,True,4,0.1783360349321782,5
Fox,H4,MeanReversion,"window=100,z=1.75",0.3452303056299505,0.502906976744186,0.21710548107701277,1.0965002457182493,697,True,5,0.09282163997548509,5
Fox,H4,TrendFollowing,"fast=34,slow=89",-0.17616215535417512,0.49510886715052066,-0.05875616747808571,0.9888340096400439,3206,True,4,0.21275625518351626,5
Fox,M15,MeanReversion,"window=100,z=1.5",0.21657726280624778,0.4943899018232819,0.32031788432198494,1.1307934416423542,1475,True,4,0.12629198839374933,5
Fox,M15,MeanReversion,"window=100,z=1.75",0.2103703392670211,0.5005015045135406,0.35558659939180703,1.1804281120842364,1028,True,5,0.138507838239044,5
Fox,M15,MeanReversion,"window=50,z=2.0",0.03473075939018322,0.48854961832061067,0.07575270838541885,1.0395174765056165,676,True,4,0.0757914339633301,5
Fox,M15,MeanReversion,"window=20,z=2.25",0.145602286284376,0.5173410404624278,0.31211962387641606,1.268835232535338,351,True,4,0.036446035784305386,5
Fox,M15,MeanReversion,"window=20,z=2.5",0.0679984649127956,0.5376884422110553,0.17645667826855002,1.1815634356780045,199,True,4,0.02791853940060085,5
Fox,M15,MeanReversion,"window=20,z=2.75",0.029793236534190637,0.5169491525423728,0.0918312151518021,1.117462760419448,117,True,4,0.033810315208348984,5
Gartner,H1,MeanReversion,"window=20,z=1.5",0.09206018997339116,0.49869621903520206,0.08891178545483938,1.0298738716099207,1538,True,5,0.1602762874615885,5
Gartner,H1,MeanReversion,"window=50,z=1.5",0.049297997127854876,0.4919306634787806,0.04496540368516982,1.0141358147750734,1680,True,4,0.042551109502704465,5
Gartner,H1,MeanReversion,"window=20,z=1.75",0.2537776623719591,0.518479408658923,0.29792054480784863,1.133326981499165,951,True,5,0.19679318679301172,5
Gartner,H1,MeanReversion,"window=50,z=1.75",0.21039872261394066,0.5106202209005948,0.22929598430635656,1.089525633196593,1182,True,4,0.12568110388639442,5
Gartner,H1,MeanReversion,"window=20,z=2.0",0.17563010293674586,0.5212765957446809,0.24646477005841128,1.1477843987432852,565,True,4,0.06517004121529701,5
Gartner,H1,MeanReversion,"window=50,z=2.0",0.11438953870337998,0.521203830369357,0.14533362318189963,1.0728474353366364,733,True,5,0.13147812719048957,5
Gartner,H1,MeanReversion,"window=20,z=2.25",0.015299850847320329,0.5096774193548387,0.026138389804729975,1.0199171635436992,309,True,4,0.062437118481654896,5
Gartner,H1,MeanReversion,"window=50,z=2.25",0.164069355353189,0.5351089588377724,0.2673729717479895,1.1891044693437998,414,True,4,0.10318846273674431,5
Gartner,H1,MeanReversion,"window=20,z=2.5",0.0630565315291568,0.5466666666666666,0.12546308528544653,1.1446191816646374,149,True,4,0.08756554555432716,5
Gartner,H1,MeanReversion,"window=50,z=2.5",0.13311853280985886,0.5603864734299517,0.2576372216970087,1.2641259276495656,207,True,4,0.01688246054799758,5
Gartner,H4,MeanReversion,"window=20,z=2.25",0.11798614228049897,0.4827586206896552,0.11294331625534615,1.0853842772028708,290,True,4,0.10069783169461022,5
Gartner,H4,VolatilityExpansion,"ema=20,mult=1.5",0.5644835274425019,0.5193035579106737,0.20345740077062008,1.0844807113571517,1322,True,4,0.6977744948268166,5
Gartner,H4,VolatilityExpansion,"ema=50,mult=1.5",0.5086448032668689,0.506929861402772,0.1510038668697931,1.044729310434766,2388,True,4,0.3399603429354716,5
Gartner,H4,VolatilityExpansion,"ema=50,mult=2.0",-0.054846468456186015,0.5015974440894568,-0.017657708812350605,0.9940489431475632,1884,True,4,0.18037433010621395,5
Gartner,H4,VolatilityExpansion,"ema=50,mult=2.5",0.16639696900372059,0.5048409405255878,0.058367207112991114,1.0236396813384105,1449,True,4,0.3489583688637131,5
Gartner,H4,VolatilityExpansion,"ema=20,mult=3.0",0.5833132042971418,0.5468164794007491,0.4691741486953503,1.4483598501220016,266,True,4,0.31031918595532804,5
Gartner,M15,MeanReversion,"window=50,z=1.75",0.5694806585876594,0.5357142857142857,0.3829302010831928,1.3920558749379213,943,True,4,0.049331172078256325,5
Gartner,M15,MeanReversion,"window=100,z=2.0",0.33468280878255974,0.5267993874425727,0.5093902800451929,1.3308514056780254,666,True,4,0.07496933207620582,5
GenuineParts,H4,MeanReversion,"window=50,z=1.5",0.48608032424244785,0.5094339622641509,0.19817004015673204,1.0854404355160447,1282,True,4,0.24575727756388732,5
GenuineParts,H4,MeanReversion,"window=50,z=2.0",0.2186462087076967,0.5200729927007299,0.12901732277679465,1.084102289308054,551,True,4,0.030977377102366255,5
GenuineParts,H4,MeanReversion,"window=100,z=2.75",0.215031450807892,0.5294117647058824,0.16096305099883518,1.2758966150071769,135,True,4,0.06881676562062633,5
GenuineParts,M15,MeanReversion,"window=20,z=1.5",0.4068075914378877,0.5254350736278447,0.6764292552057578,1.256637412167753,1529,True,4,0.055877304350533175,5
GenuineParts,M15,MeanReversion,"window=20,z=1.75",0.41361058653598837,0.5390143737166324,0.7880648809956884,1.3863377820594394,993,True,4,0.07678755547896843,5
GenuineParts,M15,MeanReversion,"window=50,z=1.75",0.2780785252364629,0.5416666666666666,0.5683373168069085,1.2555971823408791,1056,True,4,0.06970198669069239,5
GenuineParts,M15,MeanReversion,"window=20,z=2.0",0.3638101938637144,0.5536,0.8134011133639074,1.5269617724597955,638,True,5,0.10932627621029312,5
GenuineParts,M15,MeanReversion,"window=50,z=2.0",0.2717917546737896,0.5596899224806201,0.6712538839710342,1.3985528475249172,661,True,4,0.06527110712205408,5
GenuineParts,M15,MeanReversion,"window=20,z=2.25",0.3124138409126417,0.5782493368700266,0.8628149188357788,1.7745157575134267,386,True,5,0.07280115087814554,5
GenuineParts,M15,MeanReversion,"window=50,z=2.25",0.1982747233222184,0.553475935828877,0.6106278646962772,1.487309889613214,384,True,4,0.058833495342083486,5
GenuineParts,M15,VolatilityExpansion,"ema=20,mult=3.0",-0.06327557542976925,0.49700598802395207,-0.20458560180920393,0.8132189242792889,169,True,4,0.0480464170995063,5
GenuineParts,M15,VolatilityExpansion,"ema=20,mult=3.5",-0.07709136218145762,0.449438202247191,-0.3005336506813937,0.6557877880591194,89,True,4,0.03496200529798821,5
GlobeLife,H1,MeanReversion,"window=20,z=2.25",0.21570407416143478,0.5345911949685535,0.3552360805025344,1.3130234224998385,321,True,4,0.05433429955212643,5
GlobeLife,H4,MeanReversion,"window=20,z=1.5",0.7763539682628194,0.5335255948089401,0.2715594969632525,1.129851528729688,1393,True,4,0.25714739964988476,5
GlobeLife,H4,MeanReversion,"window=50,z=1.5",0.22061452293795203,0.5155844155844156,0.06690592609634756,1.0318351974142022,1547,True,4,0.1629967073717996,5
GlobeLife,H4,MeanReversion,"window=100,z=1.5",0.43801062503819643,0.506268656716418,0.13169427835394815,1.0608259237277844,1685,True,4,0.15318353699653597,5
GlobeLife,H4,MeanReversion,"window=20,z=1.75",0.7889095268607466,0.5522222222222222,0.3140865667241476,1.2037751379767818,903,True,4,0.17579649091414018,5
GlobeLife,H4,MeanReversion,"window=50,z=1.75",-0.060064198775945044,0.525,-0.01988988471144641,0.9881104767875335,1046,True,4,0.14569630678663892,5
GlobeLife,H4,MeanReversion,"window=100,z=1.75",0.15786657416499106,0.504302925989673,0.04994299230890302,1.0286321351542274,1166,True,4,0.09809335656723583,5
GlobeLife,H4,MeanReversion,"window=100,z=2.0",-0.21282425450340825,0.4953519256308101,-0.07045434405691657,0.9495837197153215,755,True,5,0.15777919636172044,5
GlobeLife,H4,MeanReversion,"window=50,z=2.25",0.30954086976856054,0.5691489361702128,0.1295095187355419,1.1466790994429559,376,True,4,0.24582843608754334,5
GlobeLife,H4,MeanReversion,"window=100,z=2.25",-0.030004890837208475,0.5211267605633803,-0.011658963190433892,0.9888033849451979,426,True,5,0.129500423440007,5
GlobeLife,H4,MeanReversion,"window=50,z=2.5",-0.08491894710157799,0.5538461538461539,-0.03826295434304801,0.9435020601384223,195,True,5,0.24108613193510908,5
GlobeLife,H4,MeanReversion,"window=100,z=2.5",-0.2874157207111391,0.4959016393442623,-0.11528925237354165,0.8647683256522645,243,True,4,0.10057524791183003,5
GlobeLife,H4,MeanReversion,"window=50,z=2.75",0.19945799681702958,0.5454545454545454,0.10065287614420412,1.2311315557424658,109,True,4,0.147973027501483,5
GlobeLife,M15,MeanReversion,"window=20,z=1.5",0.9702554127606214,0.5596399099774944,1.3472169203265418,1.6955493785398328,1374,True,5,0.18311638018190401,5
GlobeLife,M15,MeanReversion,"window=50,z=1.5",0.5842406299677498,0.5311381531853973,0.956844578012395,1.3941387818870654,1437,True,5,0.123418819203575,5
GlobeLife,M15,MeanReversion,"window=100,z=1.5",0.5685163490611115,0.5274480712166172,0.8910910061039736,1.4012574652211665,1376,True,4,0.036991208997223524,5
GlobeLife,M15,MeanReversion,"window=20,z=1.75",0.9068520885810305,0.5943181818181819,1.402700880537566,2.0129359123234356,903,True,5,0.16408211793840466,5
GlobeLife,M15,MeanReversion,"window=50,z=1.75",0.5337896538582013,0.5438972162740899,1.0776189665587583,1.5621027702597574,955,True,5,0.19065644998305054,5
GlobeLife,M15,MeanReversion,"window=100,z=1.75",0.47072611326585667,0.5281995661605207,0.8314796180010349,1.4756314516763527,942,True,4,0.017330618352400684,5
GlobeLife,M15,MeanReversion,"window=20,z=2.0",0.7423357166718959,0.6330935251798561,1.292936124077218,2.2942011896196965,568,True,5,0.12942698019029153,5
GlobeLife,M15,MeanReversion,"window=50,z=2.0",0.45113116116792085,0.5595854922279793,1.0826420280979903,1.7842949329528914,588,True,5,0.17256834503252394,5
GlobeLife,M15,MeanReversion,"window=100,z=2.0",0.35267919818413584,0.5338709677419354,0.7769009911485155,1.52696043548687,632,True,4,0.04358654269090001,5
GlobeLife,M15,MeanReversion,"window=20,z=2.25",0.4849263439708198,0.6338461538461538,1.2107780837560003,2.472577271409614,330,True,5,0.13027374598113006,5
GlobeLife,M15,MeanReversion,"window=50,z=2.25",0.37638446904267586,0.5921450151057401,1.0638542812954526,2.1565942621392136,336,True,5,0.15435043780009172,5
GlobeLife,M15,MeanReversion,"window=100,z=2.25",0.2255298180937273,0.5368421052631579,0.6556556524561739,1.5372313255972212,388,True,4,0.04293056184081723,5
GlobeLife,M15,MeanReversion,"window=20,z=2.5",0.37564147482633325,0.6701570680628273,1.0619368973693877,2.7818850737368126,193,True,5,0.10053048300260103,5
GlobeLife,M15,MeanReversion,"window=50,z=2.5",0.3040636302407381,0.6218905472636815,0.9730880047656674,2.451857939796475,205,True,5,0.10171834328659934,5
GlobeLife,M15,MeanReversion,"window=100,z=2.5",0.2067684937844667,0.5412844036697247,0.7267267705370107,1.891325945278767,221,True,4,0.06572449636767463,5
GlobeLife,M15,MeanReversion,"window=20,z=2.75",0.2446054401468496,0.6415094339622641,0.8040857836091543,2.8120555161395067,106,True,4,0.06775203768073823,5
GlobeLife,M15,MeanReversion,"window=50,z=2.75",0.2436035045696453,0.6611570247933884,0.8915968516542209,2.991864145680337,121,True,4,0.07707346181281538,5
HelmerichAndPayne,H1,MeanReversion,"window=20,z=1.5",0.5681923411215277,0.5231741573033708,0.2926981182924261,1.113829092262242,1453,True,4,0.19643137527604082,5
HelmerichAndPayne,H1,MeanReversion,"window=20,z=1.75",0.547271463097565,0.5409652076318743,0.37257070818791377,1.1754148677715555,909,True,5,0.19009802012010135,5
HelmerichAndPayne,H1,MeanReversion,"window=100,z=1.75",-0.06685036679535905,0.5106007067137809,-0.038178229768211794,0.9844832359586129,1152,True,4,0.10551649874965774,5
HelmerichAndPayne,H1,MeanReversion,"window=20,z=2.25",0.08534584831789516,0.5322033898305085,0.09880462095262214,1.0718414137940402,299,True,4,0.05381615970056852,5
HelmerichAndPayne,H1,MeanReversion,"window=50,z=2.25",-0.11859716793025432,0.5328467153284672,-0.11243682281318253,0.9293597274613078,421,True,4,0.07266023442948344,5
HelmerichAndPayne,H1,MeanReversion,"window=50,z=2.5",-0.17421860572437087,0.5282258064516129,-0.19530828484553417,0.8439463534564017,256,True,4,0.08492924128418333,5
HelmerichAndPayne,H4,MeanReversion,"window=100,z=2.25",-0.19909747526136012,0.5233160621761658,-0.059522945599653876,0.9489839758976345,386,True,4,0.10886681851241042,5
HelmerichAndPayne,M15,MeanReversion,"window=50,z=1.5",0.31678496062181993,0.5189421015010722,0.26581577668265677,1.0972500236788638,1466,True,4,0.13035198059107067,5
HelmerichAndPayne,M15,MeanReversion,"window=100,z=1.5",0.23517207504819826,0.5123849964614295,0.19774217200611824,1.072575260869417,1476,True,4,0.0600647269466974,5
HelmerichAndPayne,M15,MeanReversion,"window=20,z=1.75",0.23501298200731424,0.5139977603583427,0.20389267301007832,1.0961350386186803,939,True,4,0.15871377804275588,5
HowmetAerospace,H1,MeanReversion,"window=100,z=1.5",0.019155355228175797,0.4913741820345033,0.01475535201177342,1.0052028186905306,1702,True,4,0.11483809656753241,5
HowmetAerospace,H1,MeanReversion,"window=100,z=1.75",0.13398965447886968,0.5082720588235294,0.12188327623778962,1.0544285576356682,1099,True,4,0.10174916447520788,5
HowmetAerospace,H1,TrendFollowing,"fast=5,slow=20",0.029965173935736278,0.5035403601051993,0.012821170295295918,1.0027526475607698,4999,True,4,0.32394433016166624,5
HowmetAerospace,H1,TrendFollowing,"fast=50,slow=200",0.5402507728857588,0.5158810439004653,0.23118102143978617,1.050819372717846,4999,True,4,0.22228713785821275,5
HowmetAerospace,H4,TrendFollowing,"fast=10,slow=30",-0.26063378712548846,0.5052070719302495,-0.047904006251970686,0.9902568721542454,4167,True,4,1.0169000839079518,5
HowmetAerospace,H4,TrendFollowing,"fast=13,slow=34",-0.2141201426206566,0.5093242915960281,-0.03935482647224159,0.9919887008480559,4167,True,4,0.9196922037070807,5
HowmetAerospace,H4,VolatilityExpansion,"ema=50,mult=2.0",-0.3765471750907957,0.511003757380569,-0.09931282188313953,0.9680403857472466,1878,True,4,0.07253883211481726,5
HowmetAerospace,M15,MeanReversion,"window=20,z=1.5",0.19043301094980758,0.5306406685236769,0.23307099345325144,1.098281638783706,1460,True,4,0.112265289795074,5
HowmetAerospace,M15,MeanReversion,"window=100,z=1.5",0.40906756287758206,0.5133550488599349,0.5763407653505791,1.2457089921705409,1567,True,4,0.07158599591757497,5
HowmetAerospace,M15,MeanReversion,"window=20,z=1.75",0.03609674073586244,0.5258264462809917,0.04792492172156975,1.023828667469823,984,True,5,0.11940847310513214,5
HowmetAerospace,M15,MeanReversion,"window=100,z=1.75",0.25140281925324315,0.52431906614786,0.4524732814652952,1.2127698826074336,1045,True,4,0.1135872973655595,5
HowmetAerospace,M15,MeanReversion,"window=20,z=2.0",0.08522055371479453,0.5329949238578681,0.15145187043552838,1.086782532897851,599,True,5,0.0780449278450066,5
HowmetAerospace,M15,MeanReversion,"window=100,z=2.0",0.15661905918923058,0.5377503852080123,0.34205779074154335,1.2012148249378924,656,True,4,0.06671648032427979,5
HowmetAerospace,M15,MeanReversion,"window=20,z=2.25",0.17322256551307724,0.5585106382978723,0.34897849897193683,1.2734723688315426,380,True,5,0.1028399236392401,5
HowmetAerospace,M15,MeanReversion,"window=50,z=2.25",0.0789212874433205,0.5210526315789473,0.19242582652521686,1.134743211487273,386,True,4,0.041823889974303086,5
HowmetAerospace,M15,MeanReversion,"window=20,z=2.5",0.1358156859848324,0.5564853556485355,0.34636508093582685,1.3379636452208754,241,True,5,0.0749658575318638,5
HowmetAerospace,M15,MeanReversion,"window=50,z=2.75",0.040904456304101444,0.5033112582781457,0.13926062449887108,1.1464787624784316,153,True,4,0.040535176713815235,5
HowmetAerospace,M15,TrendFollowing,"fast=5,slow=20",0.04315033517290989,0.4971416904859126,0.028944507850948632,1.0066429845479103,4999,True,4,0.12431538637347173,5
HowmetAerospace,M15,TrendFollowing,"fast=8,slow=21",-0.1228929466039741,0.49693752552062065,-0.08243546429088336,0.9813194176468854,4999,True,4,0.08224975104978338,5
HowmetAerospace,M15,TrendFollowing,"fast=10,slow=30",-0.13097060443871933,0.49959167006941607,-0.08785404413895234,0.9801037723849572,4999,True,4,0.05312209436300275,5
HowmetAerospace,M15,TrendFollowing,"fast=13,slow=34",-0.31758837865821543,0.49959167006941607,-0.2130516950015159,0.952428301881117,4999,True,4,0.029370902635928675,5
HowmetAerospace,M15,TrendFollowing,"fast=21,slow=55",-0.34334222867339315,0.5071457737852184,-0.2303319665710073,0.9486696298242757,4999,True,4,0.04337945636001106,5
HowmetAerospace,M15,TrendFollowing,"fast=50,slow=200",-0.15488035004916378,0.5104124132298897,-0.1038931461903473,0.9765142074914299,4999,True,4,0.10738841502403373,5
HuntingtonIngalls,H1,MeanReversion,"window=20,z=1.75",0.37799944494030313,0.5187110187110187,0.26322497824831165,1.1779128716107259,965,True,4,0.054267122251068334,5
HuntingtonIngalls,H1,MeanReversion,"window=20,z=2.0",0.24304780692680694,0.5163043478260869,0.1839045105407333,1.1845300095770077,552,True,4,0.0615373231429408,5
HuntingtonIngalls,H1,TrendFollowing,"fast=13,slow=34",-0.14707897520441482,0.5017092298411422,-0.05885784860856858,0.9865513380862354,4999,True,4,0.12412702711298584,5
HuntingtonIngalls,H1,TrendFollowing,"fast=21,slow=55",0.487441610872309,0.5049266036597627,0.19507705876911333,1.0459024872383749,4999,True,4,0.2089661263615611,5
HuntingtonIngalls,H1,TrendFollowing,"fast=34,slow=89",0.15231545609715447,0.5057309471144179,0.06095340622305018,1.0141207631854787,4999,True,4,0.2299550410822021,5
HuntingtonIngalls,H1,TrendFollowing,"fast=50,slow=200",1.150374129744036,0.5171928413432536,0.46054559884718416,1.111821415089736,4999,True,4,0.3180688234939092,5
HuntingtonIngalls,H1,VolatilityExpansion,"ema=20,mult=2.0",-0.1985045802764004,0.49554140127388535,-0.23956170997887893,0.8970114138682366,787,True,4,0.038561036905877866,5
HuntingtonIngalls,H4,MeanReversion,"window=20,z=1.5",-0.2733813395227763,0.5037531276063386,-0.12034914319226485,0.9556545344258338,1201,True,5,0.3407176561274321,5
HuntingtonIngalls,H4,MeanReversion,"window=50,z=1.5",-0.13008298252101125,0.4966139954853273,-0.05439403595650426,0.9801475445006207,1331,True,4,0.16179674358996365,5
HuntingtonIngalls,H4,MeanReversion,"window=20,z=1.75",-0.08249962322731808,0.5018450184501845,-0.04220215341319417,0.9807572342519095,814,True,5,0.48221922367545156,5
HuntingtonIngalls,H4,MeanReversion,"window=50,z=1.75",-0.23473884151865543,0.4939759036144578,-0.11308026021448052,0.9502762228885346,913,True,4,0.2803223466239826,5
HuntingtonIngalls,H4,MeanReversion,"window=20,z=2.0",0.36553918563025967,0.5126050420168067,0.26540852850079927,1.1566674170128506,476,True,5,0.28790230807823736,5
HuntingtonIngalls,H4,MeanReversion,"window=50,z=2.0",0.08155369795167677,0.5,0.04647381485455287,1.0276813792586157,556,True,4,0.18250496405095107,5
HuntingtonIngalls,H4,MeanReversion,"window=100,z=2.0",0.31221718210389016,0.48705501618122976,0.20021687422708243,1.1116126697928015,620,True,4,0.1488945701788823,5
HuntingtonIngalls,H4,MeanReversion,"window=20,z=2.25",0.27336597607644864,0.5347985347985348,0.2524639793880484,1.1959055157806373,273,True,4,0.20589842953631643,5
HuntingtonIngalls,H4,MeanReversion,"window=100,z=2.25",0.6818370086698589,0.5216284987277354,0.5227420016408912,1.4201515780578768,393,True,5,0.201826739798047,5
HuntingtonIngalls,H4,MeanReversion,"window=20,z=2.5",0.33458384059310053,0.5474452554744526,0.4227729571547954,1.5427391615383104,136,True,4,0.25689490410826044,5
HuntingtonIngalls,H4,MeanReversion,"window=50,z=2.5",0.027358170268893645,0.48936170212765956,0.02805964237806523,1.025987951170983,187,True,4,0.06702498384978206,5
HuntingtonIngalls,H4,MeanReversion,"window=100,z=2.5",0.28989725709894076,0.502262443438914,0.28693356315403623,1.2982433145734442,221,True,4,0.17130593190398202,5
HuntingtonIngalls,H4,MeanReversion,"window=20,z=2.75",0.05123977665900725,0.4647887323943662,0.08944055267454423,1.1298660170755137,70,True,4,0.165154368728907,5
HuntingtonIngalls,H4,MeanReversion,"window=100,z=2.75",0.39644120433573915,0.5426356589147286,0.5594415713346568,1.8370221504099835,129,True,4,0.12531474598980719,5
HuntingtonIngalls,H4,TrendFollowing,"fast=13,slow=34",0.5654507024467759,0.504448184659774,0.14143162453322153,1.0284823450814964,4167,True,4,0.21926899102271502,5
HuntingtonIngalls,H4,TrendFollowing,"fast=21,slow=55",0.6479931039750984,0.5138254388074056,0.16207930542354038,1.032708088423625,4167,True,4,0.7337752932099477,5
HuntingtonIngalls,M15,MeanReversion,"window=20,z=1.5",0.7100107257916661,0.5561115082201572,0.948609256353789,1.4036112713398792,1431,True,4,0.17567372437416406,5
HuntingtonIngalls,M15,MeanReversion,"window=50,z=1.5",0.6308045507400237,0.5492676431424767,0.8142967332454857,1.3468003685843544,1543,True,4,0.05073813447125264,5
HuntingtonIngalls,M15,MeanReversion,"window=20,z=1.75",0.6230153085557806,0.561822125813449,1.0160300308488457,1.5530833082405042,942,True,4,0.10824397679250697,5
HuntingtonIngalls,M15,MeanReversion,"window=50,z=1.75",0.5803110705254482,0.5623762376237624,0.9790949851837603,1.4795509125938118,1030,True,4,0.07724718969100552,5
HuntingtonIngalls,M15,MeanReversion,"window=20,z=2.0",0.43456883415114234,0.5768535262206148,0.873510052621873,1.6095308174788407,564,True,4,0.09187781315173216,5
HuntingtonIngalls,M15,MeanReversion,"window=50,z=2.0",0.5163096208787139,0.578688524590164,1.03032952689194,1.6938668438185676,620,True,4,0.023217991302627472,5
HuntingtonIngalls,M15,MeanReversion,"window=20,z=2.5",0.22665546979702955,0.5792079207920792,0.6215018978282019,1.7554602058833562,205,True,4,0.04900254514103941,5
HuntingtonIngalls,M15,MeanReversion,"window=50,z=2.5",0.34461692605000904,0.6261261261261262,0.957891392475869,2.2424268658619724,225,True,4,0.02713720859919133,5
HuntingtonIngalls,M15,MeanReversion,"window=50,z=2.75",0.18325777940863464,0.6231884057971014,0.6094744550889173,1.9178244578679897,138,True,4,0.022119373235376716,5
IDEX,H1,MeanReversion,"window=20,z=1.5",0.28401494071726996,0.5194174757281553,0.29260891320336135,1.1070297786004177,1450,True,4,0.1723181139533828,5
IDEX,H1,MeanReversion,"window=50,z=1.5",-0.021218011299489414,0.49141767323585506,-0.021600955474741418,0.9929614303266989,1583,True,4,0.03441277898296413,5
IDEX,H1,MeanReversion,"window=100,z=1.5",0.10903160792189237,0.5067901234567901,0.10527700099370199,1.0353796399773583,1629,True,4,0.1092773025218784,5
IDEX,H1,MeanReversion,"window=20,z=1.75",0.37968999372499423,0.5295336787564767,0.48396131551937605,1.2276451392730099,967,True,4,0.18310679520368822,5
IDEX,H1,MeanReversion,"window=50,z=1.75",0.18913440974749218,0.5114573785517873,0.2258368436003578,1.0942005403523671,1095,True,4,0.08463466838942413,5
IDEX,H1,MeanReversion,"window=100,z=2.25",0.0512088962091245,0.5318181818181819,0.07788324965207871,1.0522057121104562,445,True,4,0.06920005237412064,5
IDEX,H1,MeanReversion,"window=100,z=2.5",0.053209424834233965,0.5349794238683128,0.09595372012988244,1.0927004431532814,245,True,4,0.04866812054012992,5
IDEX,H1,MeanReversion,"window=50,z=2.75",0.11484053562278329,0.5035460992907801,0.35029244409660665,1.4549327462926864,141,True,4,0.028380243552975526,5
IDEX,H1,MeanReversion,"window=100,z=2.75",-0.040307455565979144,0.5149253731343284,-0.08591702763875442,0.8992968478302915,133,True,4,0.03874739776423186,5
IDEX,H1,TrendFollowing,"fast=5,slow=20",-0.33134542159862546,0.49808737668612846,-0.1790021403135825,0.9654145229823953,4999,True,4,0.1623033381329403,5
IDEX,H1,TrendFollowing,"fast=8,slow=21",0.006967987778302542,0.50332192470304,0.0037640642526494874,1.00074038353738,4999,True,4,0.23916858856241585,5
IDEX,H1,TrendFollowing,"fast=10,slow=30",-0.06885446061681322,0.5021139520837528,-0.0371948583092601,0.9927132223406056,4999,True,4,0.23637891066860572,5
IDEX,H1,TrendFollowing,"fast=21,slow=55",0.030860249476473478,0.5029192671632776,0.016670526179948242,1.003283223304342,4999,True,5,0.2950829388448536,5
IDEX,H4,MeanReversion,"window=20,z=1.5",0.7317573870471634,0.5275537634408602,0.3476954015899693,1.1256085024474092,1490,True,4,0.24222769993392346,5
IDEX,H4,MeanReversion,"window=50,z=1.75",0.2701860507032591,0.5272391505078485,0.13026872230237083,1.0569698730982082,1085,True,4,0.21133112649838037,5
IDEX,H4,MeanReversion,"window=50,z=2.0",0.42102792284684987,0.5435114503816794,0.2591993935816448,1.15098787163431,657,True,4,0.263318902234006,5
IDEX,H4,MeanReversion,"window=100,z=2.0",0.32645669762335194,0.5384615384615384,0.18074907432883658,1.1053115010378927,758,True,4,0.18254664267529863,5
IDEX,H4,MeanReversion,"window=100,z=2.25",0.6438388980408462,0.568922305764411,0.4108426399351932,1.3936895219601455,401,True,5,0.22837606242055208,5
IDEX,H4,MeanReversion,"window=20,z=2.5",0.05207203762904411,0.5365853658536586,0.07592307870396306,1.072072206680488,164,True,4,0.047053658738982596,5
IDEX,H4,MeanReversion,"window=100,z=2.5",0.19859996334318275,0.5686274509803921,0.16101766350389046,1.2012555410956047,205,True,4,0.14128664534446878,5
IDEX,M15,MeanReversion,"window=20,z=1.5",0.841482583187546,0.5695364238410596,1.0606826962548073,1.544078539346325,1387,True,5,0.209693379484011,5
IDEX,M15,MeanReversion,"window=50,z=1.5",0.8076513727000365,0.5450300200133422,1.1463329305865881,1.5081424344332823,1541,True,5,0.2737800328203176,5
IDEX,M15,MeanReversion,"window=100,z=1.5",0.5683349043524345,0.5392226148409894,0.7943754411060514,1.3477747944832057,1451,True,5,0.19772942971784602,5
IDEX,M15,MeanReversion,"window=20,z=1.75",0.6593382172614347,0.5784313725490197,0.9433086263663898,1.600359413155183,939,True,5,0.20307738798139352,5
IDEX,M15,MeanReversion,"window=50,z=1.75",0.6534093125372866,0.5648330058939096,1.129322813466829,1.6130348165901944,1042,True,5,0.19361821699875326,5
IDEX,M15,MeanReversion,"window=100,z=1.75",0.48978630969463566,0.5492063492063493,0.7856361950015242,1.4438546579823541,973,True,5,0.1615026079844707,5
IDEX,M15,MeanReversion,"window=20,z=2.0",0.44566191582788106,0.5918727915194346,0.7304523849159786,1.6073554972289532,580,True,5,0.14121246097155937,5
IDEX,M15,MeanReversion,"window=50,z=2.0",0.41461020822970585,0.5707762557077626,0.852953551574216,1.5491789463280257,671,True,5,0.10041222239710434,5
IDEX,M15,MeanReversion,"window=100,z=2.0",0.3281121006676452,0.5488,0.6215278156336379,1.4355644150159788,641,True,5,0.11708574617792389,5
IDEX,M15,MeanReversion,"window=20,z=2.25",0.2448013494114576,0.5988538681948424,0.5347155029778372,1.4624900401897967,358,True,5,0.13355354493990124,5
IDEX,M15,MeanReversion,"window=50,z=2.25",0.325843269137051,0.5789473684210527,0.7632085924107367,1.6861782964451626,409,True,5,0.08700009060578362,5
IDEX,M15,MeanReversion,"window=100,z=2.25",0.21393176260258362,0.5346534653465347,0.5083813352184038,1.4147858001692861,415,True,5,0.10550479586861883,5
IDEX,M15,MeanReversion,"window=20,z=2.5",0.21061380029648546,0.627906976744186,0.5112311566734816,1.6112229285202035,219,True,5,0.13802427072167012,5
IDEX,M15,MeanReversion,"window=50,z=2.5",0.21493228158311306,0.5967741935483871,0.5603350557037257,1.6320818793455942,253,True,4,0.06997363270231283,5
IDEX,M15,MeanReversion,"window=100,z=2.5",0.13898421817867257,0.5335968379446641,0.365989188830888,1.375182671283219,257,True,5,0.05793196777090981,5
IDEX,M15,MeanReversion,"window=20,z=2.75",0.13981580412315942,0.6511627906976745,0.3687265638522225,1.5558128834794849,131,True,5,0.0836903018063262,5
IDEX,M15,MeanReversion,"window=50,z=2.75",0.12955907315329296,0.5849056603773585,0.3711882447589729,1.493897105782222,159,True,5,0.07087811641742336,5
IDEX,M15,MeanReversion,"window=100,z=2.75",0.07796928165420403,0.5304878048780488,0.26222614956146917,1.3014062605809091,167,True,5,0.04456867623798588,5
IDEX,M15,MeanReversion,"window=50,z=3.0",0.07918212305542094,0.5849056603773585,0.3108139005382139,1.478976569676338,106,True,5,0.048269601094733994,5
IDEX,M15,MeanReversion,"window=100,z=3.0",0.1313608685297626,0.616822429906542,0.49780450203801,1.9063041975336883,109,True,4,0.03972370705805561,5
IDEX,M15,MeanReversion,"window=100,z=3.25",0.074606477111816,0.581081081081081,0.3253523353733457,1.6328868166970856,74,True,4,0.02915129563308405,5
IPGPhotonics,H1,MeanReversion,"window=100,z=1.5",0.22646093618127705,0.50723638869745,0.11210517573976607,1.0453520165780583,1461,True,4,0.12883980293701025,5
IPGPhotonics,H1,MeanReversion,"window=100,z=1.75",-0.035421299967919206,0.5108481262327417,-0.021556031668798145,0.9903493092050525,1019,True,4,0.05371686215423488,5
IPGPhotonics,H1,MeanReversion,"window=100,z=2.0",0.04542516222089288,0.5121212121212121,0.030335584961223763,1.0173178060294281,664,True,4,0.06573360481014556,5
IPGPhotonics,H4,MeanReversion,"window=50,z=1.5",0.7469060038054358,0.4794996525364837,0.19418519483220376,1.0728275587475649,1442,True,4,0.25229866482648866,5
IPGPhotonics,H4,MeanReversion,"window=100,z=1.5",1.1308492221611934,0.4898921832884097,0.3118541204648969,1.115826970006917,1490,True,4,0.629110910976036,5
IPGPhotonics,H4,MeanReversion,"window=50,z=1.75",0.5065386200802225,0.483739837398374,0.16424626250260513,1.0728253272672112,984,True,4,0.359356825437809,5
IPGPhotonics,H4,MeanReversion,"window=100,z=1.75",0.9980671862775914,0.4846686449060336,0.31821727514891507,1.149133174555629,1016,True,4,0.35108503187007933,5
IPGPhotonics,H4,MeanReversion,"window=50,z=2.0",0.21379591047299185,0.4870967741935484,0.08037707210821235,1.0438162284821064,620,True,4,0.2006808728149675,5
IPGPhotonics,H4,MeanReversion,"window=100,z=2.0",1.273012274779234,0.4960380348652932,0.4709217577597705,1.3080824887059248,632,True,4,0.31492799428814855,5
IPGPhotonics,H4,MeanReversion,"window=50,z=2.25",-0.025994506437065135,0.4908616187989556,-0.012139063256507699,0.9919075467785805,383,True,5,0.4893262274348936,5
IPGPhotonics,H4,MeanReversion,"window=100,z=2.5",0.2854439719820242,0.4823008849557522,0.17912336966382966,1.1764760570787938,225,True,4,0.1976124944547336,5
IPGPhotonics,M15,MeanReversion,"window=20,z=1.5",1.3968202472484825,0.5572065378900446,0.9546355105200893,1.4845925412975307,1416,True,5,0.545115562775405,5
IPGPhotonics,M15,MeanReversion,"window=50,z=1.5",0.9609150141490764,0.5247793618465716,0.7120209565034122,1.3223673693656768,1559,True,4,0.46394969653373563,5
IPGPhotonics,M15,MeanReversion,"window=100,z=1.5",0.5906962070006299,0.5040705563093623,0.5132058225141981,1.1944279329548102,1561,True,5,0.34573880921378886,5
IPGPhotonics,M15,MeanReversion,"window=20,z=1.75",0.9400095077059155,0.5540540540540541,0.7166436199754239,1.452983039133976,938,True,5,0.406670332094048,5
IPGPhotonics,M15,MeanReversion,"window=50,z=1.75",0.8805417984467815,0.5463157894736842,0.728977565478189,1.441550774801092,1002,True,5,0.3900638972062227,5
IPGPhotonics,M15,MeanReversion,"window=100,z=1.75",0.66746192571327,0.5092421441774492,0.6714785833942123,1.3127603345239942,1148,True,5,0.30469159306645277,5
IPGPhotonics,M15,MeanReversion,"window=20,z=2.0",0.7262968244439683,0.5752688172043011,0.6438855768468595,1.5314448355235133,587,True,5,0.25112700614432193,5
IPGPhotonics,M15,MeanReversion,"window=50,z=2.0",0.8343328782670592,0.5589225589225589,1.021924975576866,1.708410265711911,622,True,5,0.3168115081388535,5
IPGPhotonics,M15,MeanReversion,"window=100,z=2.0",0.5650829684119208,0.5246826516220028,0.6716915197795326,1.4023707551992113,754,True,5,0.23104497042417738,5
IPGPhotonics,M15,MeanReversion,"window=20,z=2.25",0.6921594468288859,0.5977653631284916,0.8706276157372274,1.8443707434036576,373,True,5,0.24083012826464134,5
IPGPhotonics,M15,MeanReversion,"window=50,z=2.25",0.5292921336619065,0.5746478873239437,0.807356786200922,1.6985200174859862,369,True,5,0.231762247111017,5
IPGPhotonics,M15,MeanReversion,"window=100,z=2.25",0.5170647729614637,0.548235294117647,0.7457760741957983,1.6362097971132736,445,True,5,0.18097269051911613,5
IPGPhotonics,M15,MeanReversion,"window=20,z=2.5",0.5479909154739281,0.625,0.8026131879782904,2.059699603343285,220,True,5,0.1594174335093298,5
IPGPhotonics,M15,MeanReversion,"window=50,z=2.5",0.32073225987577714,0.5467289719626168,0.5774827449441716,1.6145830014472953,221,True,5,0.1847474771709604,5
IPGPhotonics,M15,MeanReversion,"window=100,z=2.5",0.282733420572725,0.5422222222222223,0.47154578032702615,1.517665492858666,237,True,5,0.10328113200823696,5
IPGPhotonics,M15,MeanReversion,"window=20,z=2.75",0.43973260997599617,0.6691729323308271,0.6975584659387922,2.205097147855462,135,True,4,0.14086585120059814,5
IPGPhotonics,M15,MeanReversion,"window=50,z=2.75",0.19345982678063534,0.5481481481481482,0.39647396976590754,1.497248964877935,139,True,5,0.10765349378663847,5
IPGPhotonics,M15,MeanReversion,"window=100,z=2.75",0.17805039076289209,0.5354330708661418,0.4061463138868941,1.5376366839645426,132,True,4,0.056001138774325665,5
IQVIA,H1,MeanReversion,"window=20,z=1.5",0.04140834209923805,0.5010238907849829,0.033311018407331014,1.0117064146432728,1465,True,4,0.0328793517955448,5
IQVIA,H1,TrendFollowing,"fast=21,slow=55",0.23117552428134946,0.4979919678714859,0.09501916847613982,1.0195144727271153,4999,True,4,0.2280919906059432,5
IQVIA,H1,VolatilityExpansion,"ema=20,mult=1.5",0.053673888376637335,0.4992795389048991,0.04000445877754675,1.0148096944543072,1387,True,4,0.0739354378949787,5
IQVIA,H1,VolatilityExpansion,"ema=20,mult=2.0",-0.009258948266928968,0.49093264248704666,-0.00872404255954357,0.9957586133131779,771,True,4,0.06481382611416264,5
IQVIA,H4,TrendFollowing,"fast=5,slow=20",-0.21473216495194292,0.48760529482551146,-0.05305105717505664,0.9898549931318068,4167,True,4,0.3189436625860511,5
IQVIA,H4,VolatilityExpansion,"ema=20,mult=1.5",0.2751328386112678,0.4837688044338876,0.1118460259511247,1.0416578962332024,1266,True,4,0.162331182867556,5
IQVIA,H4,VolatilityExpansion,"ema=50,mult=3.5",-0.5144745452498444,0.47017543859649125,-0.2993591732181921,0.8433731159394692,570,True,4,0.18979484326261853,5
IQVIA,M15,MeanReversion,"window=50,z=1.5",0.6610904360504392,0.49678800856531047,0.5924508355248249,1.3265447818479759,1415,True,4,0.15969892198548163,5
IQVIA,M15,MeanReversion,"window=100,z=1.5",0.10451373531805885,0.48759124087591244,0.11683114845840553,1.046893514951586,1387,True,4,0.11418360432800989,5
IQVIA,M15,MeanReversion,"window=20,z=1.75",0.42633356514872445,0.5360082304526749,0.5470136125979776,1.2760916136806526,983,True,4,0.13723313231045642,5
IQVIA,M15,MeanReversion,"window=50,z=1.75",0.3405628204712051,0.4994797086368366,0.46267070471177846,1.2279351479549792,969,True,4,0.18612573310912628,5
IQVIA,M15,MeanReversion,"window=100,z=1.75",0.08235797449534044,0.48475289169295477,0.1035559663322578,1.051382404503863,965,True,4,0.09912252568293156,5
IQVIA,M15,MeanReversion,"window=20,z=2.0",0.3096184246752003,0.5463414634146342,0.4587072559982144,1.2900561058599151,619,True,4,0.10693227892420465,5
IQVIA,M15,MeanReversion,"window=50,z=2.0",0.25050286126856725,0.5302013422818792,0.4317075895891213,1.258327660198273,601,True,4,0.11929822014412195,5
IQVIA,M15,MeanReversion,"window=100,z=2.0",0.0725461481446702,0.47496206373292865,0.10990959000688352,1.0636980198229562,668,True,4,0.05501646591360132,5
IQVIA,M15,MeanReversion,"window=20,z=2.5",0.12134362967418189,0.5319148936170213,0.2968391675833346,1.2633505426504936,236,True,4,0.024434544920450607,5
IQVIA,M15,MeanReversion,"window=20,z=2.75",0.09390694538499245,0.5211267605633803,0.2926978843379833,1.3471511736791537,143,True,4,0.048379279518293794,5
IQVIA,M15,MeanReversion,"window=20,z=3.0",0.04375286131023226,0.4875,0.1659318779733917,1.2467151619544814,79,True,4,0.03694476991195361,5
IQVIA,M15,MeanReversion,"window=20,z=3.25",0.044652563547924906,0.5102040816326531,0.20389373990973014,1.4193877101349672,48,True,4,0.05019058544567789,5
InternationalFlavors,H1,MeanReversion,"window=50,z=2.0",0.0835239597012879,0.5162337662337663,0.11244729321869348,1.0602228351248475,623,True,4,0.04206511546272029,5
InternationalFlavors,H1,TrendFollowing,"fast=5,slow=20",0.07460338809193101,0.5047657675927804,0.03456714217554353,1.0071419566178876,4999,True,4,0.6005363724848309,5
InternationalFlavors,H1,TrendFollowing,"fast=8,slow=21",0.10525059500439915,0.5033461772459947,0.04876750129903297,1.0100906880080802,4999,True,4,0.6506749136657826,5
InternationalFlavors,H1,TrendFollowing,"fast=10,slow=30",0.1476609333428307,0.49766781585885217,0.06841849841116737,1.0141855326807199,4999,True,4,0.4098914135216527,5
InternationalFlavors,H1,TrendFollowing,"fast=50,slow=200",-0.3933468021054354,0.5007097951733929,-0.18226704345864442,0.9631689693718246,4999,True,4,0.22468533293158366,5
InternationalFlavors,H4,MeanReversion,"window=100,z=2.25",0.15572264630636878,0.5386996904024768,0.11170278179521709,1.0870734333497662,324,True,4,0.09326559107092447,5
InternationalFlavors,M15,MeanReversion,"window=20,z=1.5",0.1742588562516878,0.5196416264645073,0.2346780477695141,1.0906377515073857,1498,True,4,0.09445060654098747,5
InternationalFlavors,M15,MeanReversion,"window=50,z=1.5",0.2288279053693737,0.5134788189987163,0.3323576243541489,1.1223164549296958,1603,True,4,0.15659492579351675,5
InternationalFlavors,M15,MeanReversion,"window=100,z=1.5",0.13713886386581475,0.5061124694376528,0.21062579830041914,1.0743439434157698,1697,True,5,0.103356537231583,5
InternationalFlavors,M15,MeanReversion,"window=50,z=1.75",0.20071528968456398,0.5185891325071497,0.33257917593610614,1.1533764111899714,1083,True,5,0.1878639543450259,5
InternationalFlavors,M15,MeanReversion,"window=100,z=1.75",0.1220865007407308,0.5009433962264151,0.2153760247615712,1.0979412806267177,1103,True,5,0.13756511491575207,5
InternationalFlavors,M15,MeanReversion,"window=20,z=2.0",0.15381183713183233,0.5211038961038961,0.2694722322483873,1.1633712674416432,633,True,4,0.16361837449029792,5
InternationalFlavors,M15,MeanReversion,"window=50,z=2.0",0.16234543742908125,0.5230061349693251,0.33501022643776995,1.1874704892723746,672,True,5,0.13048532856379313,5
InternationalFlavors,M15,MeanReversion,"window=20,z=2.25",0.0650762121991022,0.5271317829457365,0.1458034820264887,1.1016415840994258,398,True,4,0.07865198718630251,5
InternationalFlavors,M15,MeanReversion,"window=50,z=2.25",0.1548608872022399,0.5226130653266332,0.36219871470536896,1.2676979148031957,410,True,5,0.06877018490322162,5
InternationalFlavors,M15,MeanReversion,"window=100,z=2.25",0.055286660520770914,0.5187165775401069,0.14550435553118002,1.1034970719248047,385,True,4,0.04627730498257698,5
InternationalFlavors,M15,MeanReversion,"window=20,z=2.5",0.08505392687680713,0.5247933884297521,0.22590007954339333,1.2105792827548598,248,True,5,0.054014442183088596,5
JackHenry,H1,MeanReversion,"window=100,z=2.25",0.2669411129694309,0.4975369458128079,0.4605379033497365,1.3249594211708373,408,True,4,0.06113633705297139,5
JackHenry,H1,MeanReversion,"window=50,z=2.75",0.10122561054749823,0.5299145299145299,0.31498350641242634,1.4299140501259109,116,True,4,0.045163163778494386,5
JackHenry,H1,MeanReversion,"window=100,z=2.75",0.13768836254066907,0.5277777777777778,0.385551610399625,1.4975543602634038,144,True,4,0.0113482095344839,5
JackHenry,M15,MeanReversion,"window=20,z=1.5",0.7198195260133572,0.5584707646176912,1.0933364002020949,1.4915662291470049,1363,True,5,0.16814022285509467,5
JackHenry,M15,MeanReversion,"window=20,z=1.75",0.6010780883579527,0.57847533632287,1.0248028165646625,1.5919126107468118,913,True,5,0.13013935010818156,5
JackHenry,M15,MeanReversion,"window=50,z=1.75",0.5052243032835194,0.5439838220424671,0.917145930168146,1.4695629701982873,1013,True,4,0.10289324032170866,5
JackHenry,M15,MeanReversion,"window=20,z=2.0",0.5954833610982693,0.609981515711645,1.3021368725945353,2.053211894063629,556,True,5,0.14352848783574657,5
JackHenry,M15,MeanReversion,"window=50,z=2.0",0.4749717176439263,0.5664556962025317,1.038250889836822,1.7337752249365008,651,True,4,0.11276681945667633,5
JackHenry,M15,MeanReversion,"window=20,z=2.25",0.4510263044374043,0.6119402985074627,1.1512416475348741,2.2521447455145673,345,True,4,0.11623597561294674,5
JackHenry,M15,MeanReversion,"window=50,z=2.25",0.33800287531404705,0.5748663101604278,0.9427627264182341,1.8733246677469448,385,True,5,0.040057097291953614,5
JackHenry,M15,MeanReversion,"window=100,z=2.25",0.12775863957357803,0.5364705882352941,0.31679058824278694,1.2224198321255104,435,True,4,0.022367767145558548,5
JackHenry,M15,MeanReversion,"window=20,z=2.5",0.3200133146969085,0.6029411764705882,0.9391003479715917,2.3454226823091586,212,True,5,0.11142691700238183,5
JackHenry,M15,MeanReversion,"window=50,z=2.5",0.2354692517916579,0.5674418604651162,0.7766645223945605,2.0018949669256214,218,True,5,0.04732391518152679,5
JackHenry,M15,MeanReversion,"window=20,z=2.75",0.23377318555676874,0.6153846153846154,0.7637444503967298,2.354307698908281,134,True,5,0.10365862205599108,5
JackHenry,M15,MeanReversion,"window=50,z=2.75",0.19170697088787148,0.5833333333333334,0.7119616200569214,2.3131992300088977,133,True,5,0.051892001428187506,5
JackHenry,M15,MeanReversion,"window=100,z=2.75",0.1683578969004953,0.559322033898305,0.6436524005346664,1.811086245291063,181,True,4,0.04937460110398473,5
JackHenry,M15,TrendFollowing,"fast=5,slow=20",-0.5573955667583538,0.4929230769230769,-0.5052654141149229,0.9078171309794356,4999,True,4,0.07651528295435572,5
JackHenry,M15,TrendFollowing,"fast=8,slow=21",-0.36970997528076344,0.4966153846153846,-0.3350379754812826,0.9378929477496226,4999,True,4,0.08686194154107019,5
JacobsEngineering,H1,MeanReversion,"window=100,z=1.5",0.39259905131159334,0.5087153001936734,0.30501344820272985,1.1333784379324618,1565,True,4,0.1069570320609754,5
JacobsEngineering,H1,MeanReversion,"window=100,z=1.75",0.39183515828452475,0.5131086142322098,0.33148302630723464,1.189707635039225,1078,True,4,0.09091913524155937,5
JacobsEngineering,H1,MeanReversion,"window=100,z=2.0",-0.06465914032892617,0.4908835904628331,-0.08456253718495929,0.9567136573558789,718,True,4,0.07077131243171719,5
JacobsEngineering,H1,MeanReversion,"window=100,z=2.25",-0.04297648991030967,0.49887640449438203,-0.06478641100255426,0.9573327300239095,446,True,5,0.06443041687571704,5
JacobsEngineering,H1,MeanReversion,"window=100,z=2.5",-0.028460261051246438,0.5017421602787456,-0.049732055234296524,0.9582763783231412,288,True,4,0.0592977579633428,5
JacobsEngineering,H1,VolatilityExpansion,"ema=20,mult=2.0",-0.027822976539241817,0.4873096446700508,-0.041132858963648704,0.97800476641919,596,True,4,0.09773567292295338,5
JacobsEngineering,H1,VolatilityExpansion,"ema=20,mult=2.5",0.20508837391304569,0.545751633986928,0.3798434081353362,1.3532953472159288,308,True,4,0.14079927859664176,5
JacobsEngineering,H4,MeanReversion,"window=100,z=1.5",1.1202602668709996,0.5048835462058603,0.5119365322166114,1.198441322722599,1337,True,4,0.14305463712930544,5
JacobsEngineering,H4,MeanReversion,"window=100,z=1.75",1.0913855328490991,0.5099118942731278,0.5700546822453583,1.2860011317510383,912,True,4,0.17677061748103018,5
JacobsEngineering,H4,MeanReversion,"window=100,z=2.0",0.8075291231582017,0.5212014134275619,0.4751752071238159,1.3170926647152552,570,True,4,0.1752156685175661,5
JacobsEngineering,H4,MeanReversion,"window=50,z=2.25",0.09857037949455483,0.550314465408805,0.0769898255437206,1.0595289379394754,319,True,4,0.016439434074880133,5
JacobsEngineering,H4,MeanReversion,"window=100,z=2.25",0.5890635750062223,0.52046783625731,0.4193838133975586,1.383119397535394,344,True,5,0.10351120380852741,5
JacobsEngineering,H4,TrendFollowing,"fast=10,slow=30",-1.0983014554028334,0.4920366795366795,-0.2963910298041531,0.9443539912118242,4166,True,4,0.45450842006279424,5
JacobsEngineering,H4,TrendFollowing,"fast=21,slow=55",-0.9768376980981096,0.4958976833976834,-0.2636028415723173,0.950355257557702,4166,True,4,0.4888119979599854,5
JacobsEngineering,H4,TrendFollowing,"fast=34,slow=89",-1.4932679326239655,0.5002413127413128,-0.4030375352327823,0.9250923069255166,4166,True,5,0.6379185151871289,5
JacobsEngineering,M15,MeanReversion,"window=20,z=1.5",0.6098582220733397,0.540949759119064,0.8792901482486819,1.3737414297736252,1502,True,5,0.24847842421094413,5
JacobsEngineering,M15,MeanReversion,"window=50,z=1.5",0.4201199821716949,0.51875,0.628187789713469,1.2388375308536275,1664,True,5,0.1570741175555539,5
JacobsEngineering,M15,MeanReversion,"window=100,z=1.5",0.18203670932023208,0.5048669695003245,0.2805017653391408,1.1015793444512303,1598,True,4,0.04578628580945887,5
JacobsEngineering,M15,MeanReversion,"window=20,z=1.75",0.5917504796783696,0.5623003194888179,1.0938650798700096,1.5993935495146585,969,True,5,0.1919173638470416,5
JacobsEngineering,M15,MeanReversion,"window=50,z=1.75",0.28198357035588706,0.5294117647058824,0.5058405997157275,1.2295799857817542,1126,True,5,0.1549972232320076,5
JacobsEngineering,M15,MeanReversion,"window=100,z=1.75",0.2005345254896136,0.5111111111111111,0.3473144502287477,1.1546556388236036,1116,True,4,0.03652292828002324,5
JacobsEngineering,M15,MeanReversion,"window=20,z=2.0",0.4338137066231246,0.5588752196836555,1.0030363886997538,1.6984773360219434,587,True,5,0.10451141866892355,5
JacobsEngineering,M15,MeanReversion,"window=50,z=2.0",0.22142460529557018,0.547925608011445,0.45804266105944286,1.2649633823103148,719,True,5,0.13607394077367385,5
JacobsEngineering,M15,MeanReversion,"window=100,z=2.0",0.144950518168257,0.5097765363128491,0.28658723208745057,1.1609868731161423,738,True,5,0.05201702804836228,5
JacobsEngineering,M15,MeanReversion,"window=20,z=2.25",0.3020864291949623,0.5502958579881657,0.8212125906470121,1.7651548477101948,348,True,5,0.06504507125336234,5
JacobsEngineering,M15,MeanReversion,"window=50,z=2.25",0.1703467796296384,0.5536992840095465,0.49373336016710384,1.3388786671448512,433,True,4,0.06678252752224945,5
JacobsEngineering,M15,MeanReversion,"window=100,z=2.25",0.16124802411099126,0.5369127516778524,0.36223409503261866,1.2768725911370618,458,True,4,0.07511379920315742,5
JacobsEngineering,M15,MeanReversion,"window=20,z=2.5",0.29416386765113367,0.5808080808080808,0.9303332797413552,2.391692116112876,203,True,4,0.041910971676544895,5
JacobsEngineering,M15,MeanReversion,"window=50,z=2.5",0.05945149888564416,0.5303643724696356,0.20468497940332994,1.1717547811659585,251,True,4,0.0388158711442681,5
KeysightTechnologies,H1,TrendFollowing,"fast=5,slow=20",0.76510175665749,0.49879275653923544,0.33382151036328495,1.0740795814765145,4999,True,4,0.36303604051237937,5
KeysightTechnologies,H1,TrendFollowing,"fast=8,slow=21",0.7387554294174599,0.4977867203219316,0.32232152102434836,1.071437530166554,4999,True,4,0.3864653019270099,5
KeysightTechnologies,H1,TrendFollowing,"fast=10,slow=30",0.3736312065038889,0.4941649899396378,0.16299156652038563,1.0355033113001577,4999,True,4,0.2964058160822787,5
KeysightTechnologies,H1,TrendFollowing,"fast=13,slow=34",0.49034269695891086,0.49456740442655933,0.21391352390962395,1.04685331645166,4999,True,4,0.28065367369509775,5
KeysightTechnologies,H1,VolatilityExpansion,"ema=20,mult=3.0",0.2137660264699166,0.5141955835962145,0.3818051941768587,1.3350059013382891,318,True,4,0.08828931468578971,5
KeysightTechnologies,H1,VolatilityExpansion,"ema=50,mult=3.0",0.44506448500597573,0.5120810600155885,0.34668382008608434,1.1683423524873833,1287,True,4,0.1558559826163255,5
KeysightTechnologies,H1,VolatilityExpansion,"ema=20,mult=3.5",0.0924012311406005,0.5294117647058824,0.22979311260079494,1.277515482905514,154,True,4,0.08729188821843425,5
KeysightTechnologies,H4,TrendFollowing,"fast=50,slow=200",1.2080529813336214,0.5190609019060902,0.28013294939701056,1.0559521583846116,4329,True,4,0.43128913461768414,5
KeysightTechnologies,H4,VolatilityExpansion,"ema=20,mult=2.5",0.3589509049720855,0.5432595573440644,0.23320361579423107,1.1558407828646207,496,True,4,0.09106191063233426,5
KeysightTechnologies,M15,MeanReversion,"window=20,z=1.5",0.6906745863373578,0.5540631296171927,0.7984184530153008,1.3822203927855667,1516,True,4,0.2669961911174258,5
KeysightTechnologies,M15,MeanReversion,"window=50,z=1.5",0.4151124334223286,0.5393700787401575,0.5542730873904813,1.234453362513985,1552,True,4,0.19869743696245168,5
KeysightTechnologies,M15,MeanReversion,"window=100,z=1.5",0.23631174863320348,0.521598968407479,0.3509762416148795,1.1321186051207477,1589,True,4,0.1453523979961916,5
KeysightTechnologies,M15,MeanReversion,"window=20,z=1.75",0.6174457367557227,0.5645645645645646,0.7678951355898799,1.4896997069783562,1013,True,4,0.26565898839508784,5
KeysightTechnologies,M15,MeanReversion,"window=50,z=1.75",0.19642339838888645,0.5439613526570048,0.342548754433631,1.1522689391032452,1051,True,4,0.08770851438579519,5
KeysightTechnologies,M15,MeanReversion,"window=100,z=1.75",0.1761117001536734,0.5329566854990584,0.2915126800514962,1.1359024268971645,1085,True,5,0.12630630515495767,5
KeysightTechnologies,M15,MeanReversion,"window=20,z=2.0",0.2665812113146736,0.5627062706270627,0.5107517257580334,1.326577142324053,616,True,5,0.1298798015188618,5
KeysightTechnologies,M15,MeanReversion,"window=50,z=2.0",0.26562354661724086,0.5687203791469194,0.5625931289849976,1.3333476622895604,644,True,4,0.07799301103603473,5
KeysightTechnologies,M15,MeanReversion,"window=100,z=2.0",0.09446087561810979,0.5320056899004267,0.17753625104663673,1.1027373232761708,718,True,4,0.12943619972684772,5
KeysightTechnologies,M15,MeanReversion,"window=20,z=2.25",0.2580159542299637,0.5862068965517241,0.5691159709704683,1.5002768737548793,381,True,5,0.09641390906155078,5
KeysightTechnologies,M15,MeanReversion,"window=50,z=2.25",0.17765179669517894,0.5665024630541872,0.4523489703753565,1.3451578138181857,412,True,4,0.047845874633524854,5
KeysightTechnologies,M15,MeanReversion,"window=100,z=2.25",0.1035244595303868,0.5585585585585585,0.21258429802948234,1.163925207835541,453,True,4,0.08617879946797391,5
KeysightTechnologies,M15,MeanReversion,"window=20,z=2.5",0.20586464887880962,0.6200873362445415,0.5649869101320854,1.6719242305275273,230,True,4,0.057307690713945925,5
KeysightTechnologies,M15,MeanReversion,"window=50,z=2.5",0.13415122263432322,0.5738396624472574,0.4491233641677375,1.4410737152049484,241,True,4,0.010391594949879512,5
KeysightTechnologies,M15,MeanReversion,"window=100,z=2.5",0.14401147255709257,0.5833333333333334,0.3460865299970904,1.3897488723207283,272,True,4,0.05951657886404205,5
KeysightTechnologies,M15,MeanReversion,"window=20,z=2.75",0.22273974534461427,0.6170212765957447,0.7674338600042272,2.444381124677474,140,True,4,0.053906458863235196,5
LaboratoryCorporation,H1,MeanReversion,"window=100,z=1.5",0.4881551356105398,0.50278940027894,0.4858284048292178,1.1911879467628288,1439,True,4,0.0809838423070437,5
LaboratoryCorporation,H1,MeanReversion,"window=20,z=1.75",0.48883048081309877,0.5159574468085106,0.6300324885932639,1.310127758226428,942,True,4,0.11045402905500112,5
LaboratoryCorporation,H1,MeanReversion,"window=50,z=1.75",0.27770482433537935,0.5035389282103134,0.2648486998527726,1.1464977308287507,992,True,4,0.06442676435598926,5
LaboratoryCorporation,H1,MeanReversion,"window=20,z=2.0",0.44822528518620564,0.5415929203539823,0.716512186359382,1.5011242510684855,565,True,5,0.0801449951583949,5
LaboratoryCorporation,H1,MeanReversion,"window=50,z=2.5",0.23980658545108635,0.5344827586206896,0.5322114725897127,1.5945362607011426,231,True,4,0.04554231484735671,5
LaboratoryCorporation,H1,TrendFollowing,"fast=5,slow=20",-0.796647465885916,0.4952706782048702,-0.4131041988763512,0.9189356737760312,4999,True,4,0.1379624572837871,5
LaboratoryCorporation,H1,TrendFollowing,"fast=8,slow=21",-0.5248900936421441,0.4992956329241296,-0.2721313592529347,0.9458399964613159,4999,True,4,0.281709754409574,5
LaboratoryCorporation,H1,TrendFollowing,"fast=10,slow=30",-0.5127885148545892,0.5029180921714631,-0.26585546669618043,0.947055624485841,4999,True,4,0.1308714009840405,5
LaboratoryCorporation,H4,MeanReversion,"window=50,z=1.5",0.7219326470508759,0.5243516761543326,0.2705656212653471,1.1067824320933217,1583,True,5,0.4252292186240333,5
LaboratoryCorporation,H4,MeanReversion,"window=100,z=1.5",0.9783277131691505,0.5183211192538307,0.3601935137059459,1.1530317860190897,1503,True,5,0.181057425960782,5
LaboratoryCorporation,H4,MeanReversion,"window=50,z=1.75",0.5238495583600521,0.5265116279069767,0.22888522190313088,1.1110224697059623,1077,True,5,0.40210296103241294,5
LaboratoryCorporation,H4,MeanReversion,"window=100,z=1.75",1.1092197515929576,0.5245098039215687,0.45187738783988063,1.2520001926555753,1021,True,5,0.33039416431920643,5
LaboratoryCorporation,H4,MeanReversion,"window=50,z=2.0",0.20772588263919745,0.5291607396870555,0.10117432353121839,1.0628919821180762,704,True,4,0.31355324618705094,5
LaboratoryCorporation,H4,MeanReversion,"window=100,z=2.0",0.671098437106072,0.525,0.3135242765879096,1.2246713192057204,641,True,5,0.2668521454270485,5
LaboratoryCorporation,H4,MeanReversion,"window=50,z=2.25",-0.12735733111486092,0.5083532219570406,-0.07374114435908113,0.9409163885529356,419,True,4,0.09700038473594697,5
LaboratoryCorporation,H4,MeanReversion,"window=100,z=2.25",0.3911647499621129,0.5359801488833746,0.21963778691274935,1.1927761820521074,403,True,5,0.24895630743720298,5
LaboratoryCorporation,H4,MeanReversion,"window=100,z=2.5",0.15861804090343778,0.502127659574468,0.11662173683034033,1.1233777105898108,235,True,5,0.15807346114656662,5
LaboratoryCorporation,M15,MeanReversion,"window=20,z=1.5",0.9281584084990742,0.5738045738045738,1.3162971370869547,1.614929959627216,1478,True,5,0.26474113626056106,5
LaboratoryCorporation,M15,MeanReversion,"window=50,z=1.5",0.628262856894979,0.5467349551856594,0.9563673548368928,1.3775855154672427,1599,True,5,0.18602852764931221,5
LaboratoryCorporation,M15,MeanReversion,"window=100,z=1.5",0.43948388779779957,0.521098459477562,0.5997832677659257,1.2611627997194181,1527,True,4,0.01755835973921216,5
LaboratoryCorporation,M15,MeanReversion,"window=20,z=1.75",0.7644302415673936,0.5841073271413829,1.2400648378843413,1.7330739964540132,991,True,5,0.20798084405564943,5
LaboratoryCorporation,M15,MeanReversion,"window=50,z=1.75",0.4738698953521835,0.5553470919324578,0.8365602002819772,1.4023458184020348,1092,True,5,0.1498286417650605,5
LaboratoryCorporation,M15,MeanReversion,"window=20,z=2.0",0.5051061353590127,0.6023294509151415,1.0481790824313952,1.76084971485573,610,True,5,0.16492949272211366,5
LaboratoryCorporation,M15,MeanReversion,"window=50,z=2.0",0.39336021674110744,0.5799086757990868,0.8474459589761981,1.5380217744210483,670,True,5,0.12400967717937816,5
LaboratoryCorporation,M15,MeanReversion,"window=100,z=2.0",0.28273917001514415,0.5395569620253164,0.6139314542253861,1.3957442138785658,644,True,5,0.060864697623978614,5
LaboratoryCorporation,M15,MeanReversion,"window=20,z=2.25",0.46009253682050244,0.6383561643835617,1.1101098549751827,2.1448018014268864,371,True,5,0.1339846653008243,5
LaboratoryCorporation,M15,MeanReversion,"window=50,z=2.25",0.2928920076227681,0.6039603960396039,0.7313654231329753,1.6024205042060709,409,True,5,0.0896097512065408,5
LaboratoryCorporation,M15,MeanReversion,"window=100,z=2.25",0.20339994228196767,0.5394736842105263,0.5064359593954182,1.423516849167761,389,True,5,0.06386806993655225,5
LaboratoryCorporation,M15,MeanReversion,"window=20,z=2.5",0.2618795813957052,0.6372093023255814,0.7779926331440008,1.9686056751188712,217,True,5,0.06978514405767133,5
LaboratoryCorporation,M15,MeanReversion,"window=50,z=2.5",0.17411045738263975,0.6118143459915611,0.5302339351817088,1.544783591215607,239,True,4,0.03136178022500158,5
LaboratoryCorporation,M15,MeanReversion,"window=100,z=2.5",0.14302790021806822,0.510548523206751,0.40775894070684904,1.435912030070018,242,True,4,0.04373303362117564,5
LaboratoryCorporation,M15,MeanReversion,"window=20,z=2.75",0.14142678154264843,0.652542372881356,0.5470033740671338,1.8733781857276557,120,True,5,0.04962828664674168,5
LaboratoryCorporation,M15,MeanReversion,"window=20,z=3.0",0.09144049172139435,0.6363636363636364,0.4551830929463235,2.024276577188509,65,True,4,0.016685939744628953,5
LaboratoryCorporation,M15,MeanReversion,"window=50,z=3.0",0.0866996104706641,0.6086956521739131,0.3331715828824511,1.5266801566822925,91,True,4,0.02814810645536714,5
LambWeston,H1,TrendFollowing,"fast=21,slow=55",-0.41116015478683554,0.49605183235472766,-0.14082663842880588,0.966870744410719,4999,True,4,0.13413565337224764,5
LambWeston,H1,VolatilityExpansion,"ema=50,mult=1.5",-0.015152908316802716,0.49314024390243905,-0.008014544420485976,0.9977036028921508,2654,True,4,0.3880108887312942,5
LambWeston,H1,VolatilityExpansion,"ema=20,mult=2.0",0.41167694566620017,0.505521472392638,0.30729695668895673,1.1825883307333922,821,True,4,0.2823484788771802,5
LambWeston,H1,VolatilityExpansion,"ema=50,mult=2.0",0.13325428287895646,0.48993963782696176,0.08063556105656215,1.0264068743877501,2007,True,4,0.3673201137826475,5
LambWeston,H1,VolatilityExpansion,"ema=20,mult=2.5",0.3257795064473309,0.5170731707317073,0.3100305354492103,1.2373617488382407,413,True,4,0.1621417113674256,5
LambWeston,H1,VolatilityExpansion,"ema=50,mult=2.5",0.3319391599860305,0.49833666001330673,0.21773381957905028,1.0859768479879788,1516,True,4,0.29841387640309647,5
LambWeston,H1,VolatilityExpansion,"ema=20,mult=3.0",0.35652817472930576,0.5343137254901961,0.39438795164570545,1.4631672889597178,203,True,4,0.1780579185979373,5
LambWeston,H1,VolatilityExpansion,"ema=20,mult=3.5",0.2608354813443897,0.5426356589147286,0.3080302857657739,1.4463704183212045,128,True,4,0.15788484311212325,5
LambWeston,H4,MeanReversion,"window=50,z=1.75",-0.43619196248461356,0.5012987012987012,-0.2267081293558654,0.8991793833080918,775,True,4,0.03656935680365292,5
LambWeston,H4,MeanReversion,"window=20,z=2.0",-0.15306161173416333,0.4692982456140351,-0.12831395334165258,0.935183721685564,456,True,4,0.04922124814527107,5
LambWeston,H4,MeanReversion,"window=50,z=2.0",-0.35192166029919025,0.495850622406639,-0.20303549563026346,0.8849622360786614,486,True,4,0.08856439542016015,5
LambWeston,H4,MeanReversion,"window=100,z=2.25",-0.08288167847279215,0.4957983193277311,-0.052933820050288787,0.9619933358146436,358,True,4,0.019702524395632137,5
LambWeston,H4,TrendFollowing,"fast=34,slow=89",0.45758596705544874,0.5006622516556292,0.1075938180081099,1.0236739115486415,3802,True,4,0.1479319940402165,5
LambWeston,H4,VolatilityExpansion,"ema=20,mult=3.0",0.2860644977429543,0.5263157894736842,0.212758226298986,1.2452986403118058,172,True,4,0.09746128901782536,5
LambWeston,H4,VolatilityExpansion,"ema=20,mult=3.5",0.4313138048689341,0.5888888888888889,0.34379500994804807,1.6643172954568541,90,True,4,0.10818893013727304,5
LambWeston,M15,TrendFollowing,"fast=8,slow=21",0.31260646018860283,0.5027886800247883,0.18408204172572323,1.0459114152404276,4999,True,4,0.355301379453979,5
LambWeston,M15,VolatilityExpansion,"ema=20,mult=2.0",0.15386002521516562,0.5080763582966226,0.25304682736378303,1.135397361648654,696,True,4,0.07660916490976477,5
LambWeston,M15,VolatilityExpansion,"ema=50,mult=3.0",0.21826944949498084,0.5308521057786484,0.32412842634310846,1.147077261563392,1042,True,4,0.09221220798608765,5
Leggett&Platt,H1,MeanReversion,"window=100,z=1.5",0.002239546165692774,0.48954578226387885,0.001305208337041638,1.0004834228953636,1461,True,4,0.13606818716607927,5
Leggett&Platt,H1,MeanReversion,"window=100,z=1.75",-0.14641475583074626,0.4909456740442656,-0.09707157102861022,0.9571410168751665,1048,True,4,0.1457165495339613,5
Leggett&Platt,H1,TrendFollowing,"fast=50,slow=200",-0.05355500133908153,0.5077698446031079,-0.015060301442839388,0.9965482628192451,4999,True,4,0.6062008857301332,5
Leggett&Platt,H1,VolatilityExpansion,"ema=20,mult=2.0",0.23985561459043492,0.5112781954887218,0.15482860572613208,1.0759707636516807,978,True,5,0.22690867480946508,5
Leggett&Platt,H1,VolatilityExpansion,"ema=20,mult=2.5",0.47324349493334084,0.5372848948374761,0.3918744843235655,1.2788387973987416,546,True,5,0.32942060711798093,5
Leggett&Platt,H4,MeanReversion,"window=20,z=2.5",0.012726025452039935,0.5298507462686567,0.01671646208710734,1.0178326191086977,136,True,4,0.04321320223640723,5
Leggett&Platt,H4,MeanReversion,"window=50,z=2.75",0.041007126150228945,0.49107142857142855,0.05133015119911006,1.0619988191929939,113,True,4,0.24366779485916334,5
Leggett&Platt,H4,TrendFollowing,"fast=8,slow=21",-0.23091329810115246,0.4941032940219601,-0.039977338012394864,0.9918718682711356,4999,True,4,0.36791843301513305,5
Leggett&Platt,H4,TrendFollowing,"fast=10,slow=30",0.2213476830959623,0.4987799918666124,0.03832126144783009,1.0078539383583935,4999,True,4,0.49412969247432614,5
Leggett&Platt,M15,MeanReversion,"window=20,z=1.75",0.04514771994605804,0.5180412371134021,0.04913604578230501,1.0234680770528908,877,True,4,0.022009349459892413,5
Leggett&Platt,M15,MeanReversion,"window=20,z=2.0",0.11203608980480728,0.5128205128205128,0.14605749615489952,1.084571983723795,564,True,4,0.04300413842959516,5
Leggett&Platt,M15,MeanReversion,"window=50,z=2.0",0.06755946961948,0.5095419847328244,0.0939959931537574,1.0530926372282954,600,True,4,0.09989980738675497,5
Leggett&Platt,M15,MeanReversion,"window=20,z=2.75",0.14240482731966608,0.528,0.2728834275032735,1.357810490815064,133,True,4,0.027218654775409856,5
Leggett&Platt,M15,TrendFollowing,"fast=21,slow=55",-0.16684760898448237,0.49929775280898875,-0.07827720070680437,0.9809723303854284,4999,True,4,0.08086818760339631,5
Leggett&Platt,M15,VolatilityExpansion,"ema=50,mult=1.5",0.24944634222601214,0.4973284011508426,0.17291510396659057,1.0501564644428119,2844,True,4,0.12295035551837608,5
Leggett&Platt,M15,VolatilityExpansion,"ema=50,mult=2.0",0.12256284601573064,0.49614791987673346,0.09308419268162414,1.0298153356010449,2255,True,5,0.09373886272057297,5
Leggett&Platt,M15,VolatilityExpansion,"ema=50,mult=2.5",0.14393337770838888,0.5032679738562091,0.11770520655032664,1.043658551815024,1765,True,5,0.10177233924514062,5
Leggett&Platt,M15,VolatilityExpansion,"ema=50,mult=3.0",0.058903710598549375,0.4944961896697714,0.05101223488657275,1.0216937273973448,1358,True,4,0.08024112046000786,5
Leidos,H1,TrendFollowing,"fast=5,slow=20",0.3014960993763177,0.5016174686615447,0.1557887973836176,1.0324255791410581,4999,True,4,0.4339647517917692,5
Leidos,H1,TrendFollowing,"fast=8,slow=21",0.30154539277290693,0.5060655074807926,0.15581427067802775,1.032430966558102,4999,True,4,0.5280081698310327,5
Leidos,H1,TrendFollowing,"fast=10,slow=30",0.362383225837546,0.5107157298827335,0.1872543500975076,1.0391019502073984,4999,True,4,0.3179988202869325,5
Leidos,H1,TrendFollowing,"fast=13,slow=34",0.2653387914513138,0.5129397492923574,0.13710413636073746,1.0284815220582377,4999,True,4,0.14445177413757782,5
Leidos,H1,TrendFollowing,"fast=21,slow=55",0.0798955890713896,0.5129397492923574,0.04128172935432407,1.0084914956613396,4999,True,4,0.016406269287512987,5
Leidos,H4,MeanReversion,"window=20,z=2.25",0.2736084418495014,0.5444839857651246,0.25666400707779086,1.22364830937348,281,True,4,0.02113574274722585,5
Leidos,H4,MeanReversion,"window=20,z=3.0",-0.028600134781684883,0.41935483870967744,-0.12389592248551239,0.7631685778410879,31,True,4,0.02605514346195048,5
Leidos,H4,TrendFollowing,"fast=13,slow=34",-0.2677396370956171,0.5068465565847765,-0.058983015108439694,0.9883004180796464,4999,True,4,0.6675179200925033,5
Leidos,H4,TrendFollowing,"fast=21,slow=55",-0.26491865304424667,0.5100684655658477,-0.05836154415961674,0.9884229747856969,4999,True,5,0.6669105149958384,5
Leidos,H4,TrendFollowing,"fast=50,slow=200",0.02850113080903438,0.5092629883205799,0.006278753390957558,1.0012535448415198,4999,True,4,0.7003142232325085,5
Leidos,H4,VolatilityExpansion,"ema=20,mult=2.0",0.19623644694727171,0.5191532258064516,0.0967357641145841,1.0423413406229805,996,True,4,0.29539150359562316,5
Leidos,H4,VolatilityExpansion,"ema=20,mult=2.5",0.19114143052742139,0.5257548845470693,0.12832261869739564,1.0745867408684409,566,True,4,0.2045634548926496,5
Leidos,H4,VolatilityExpansion,"ema=50,mult=2.5",0.1455611501325298,0.5097384529771842,0.05588378902093136,1.018393496156392,1808,True,4,0.4395748411312087,5
Leidos,H4,VolatilityExpansion,"ema=50,mult=3.0",0.09709260020831001,0.5233918128654971,0.04219375538900926,1.0162015728080667,1378,True,4,0.3349709229478355,5
Leidos,M15,MeanReversion,"window=20,z=1.5",0.4995785780496744,0.5380241648898365,0.7707508116650043,1.3067269659949468,1446,True,4,0.0977420457682251,5
Leidos,M15,MeanReversion,"window=20,z=1.75",0.3568523170982659,0.5544871794871795,0.6413620874373198,1.3125006006724136,961,True,4,0.06559671505488629,5
Leidos,M15,MeanReversion,"window=20,z=2.0",0.33243701531271486,0.5632582322357019,0.7096714876911471,1.4683719280680272,589,True,4,0.06792372334616448,5
Leidos,M15,MeanReversion,"window=20,z=2.25",0.20408008908942643,0.5628571428571428,0.5011291404661401,1.4191858372043562,356,True,4,0.05954070475673123,5
LincolnNational,H4,MeanReversion,"window=100,z=2.5",-0.2632749114297065,0.5236363636363637,-0.07957052085830575,0.9221411207279971,278,True,4,0.10809419545381493,5
LincolnNational,M15,MeanReversion,"window=20,z=1.5",0.36387500130710193,0.5474777448071216,0.39523832834959044,1.1802703342594947,1404,True,4,0.13366374885316945,5
LincolnNational,M15,MeanReversion,"window=50,z=2.25",0.06664242750206129,0.5406091370558376,0.16641808555078005,1.1117023633360161,411,True,4,0.05397652145862364,5
LiveNation,H1,MeanReversion,"window=20,z=1.75",-0.1494058616826578,0.47876857749469215,-0.16757315089333524,0.9339219006769169,949,True,4,0.06550676623844254,5
LiveNation,H1,MeanReversion,"window=100,z=1.75",0.22843396111142955,0.5026086956521739,0.22273499721022916,1.0901110311859221,1164,True,4,0.013916140191293613,5
LiveNation,H1,MeanReversion,"window=100,z=2.25",0.12438092709848159,0.5091383812010444,0.20436483081595594,1.1372857040051387,386,True,4,0.043837714562341645,5
LiveNation,H1,MeanReversion,"window=50,z=2.5",-0.015100262508017437,0.46311475409836067,-0.02965728037909488,0.976817398926139,245,True,4,0.01839804514516452,5
LiveNation,H1,VolatilityExpansion,"ema=20,mult=1.5",0.2218147803160293,0.5240443896424167,0.19192675099355472,1.0614800121007397,1637,True,4,0.026067656240338022,5
LiveNation,H4,MeanReversion,"window=100,z=1.5",-0.007570896718037345,0.4865269461077844,-0.002436558457468344,0.9990741992288674,1347,True,4,0.07411150491675067,5
LiveNation,H4,MeanReversion,"window=50,z=1.75",0.3144968865957747,0.4954022988505747,0.12251447809922839,1.060057313955903,875,True,4,0.17945586946920244,5
LiveNation,H4,TrendFollowing,"fast=5,slow=20",-0.2738047283737355,0.5138922445035032,-0.053381377409147245,0.9891967518247683,4167,True,4,0.46097917331763305,5
LiveNation,H4,TrendFollowing,"fast=21,slow=55",-1.2327434710422196,0.502295240396231,-0.24036369825499615,0.9522639034451325,4167,True,4,0.06119820768396467,5
LiveNation,M15,MeanReversion,"window=20,z=1.5",0.2891887130998677,0.5331510594668489,0.3549451777714098,1.1454259787938528,1489,True,4,0.12107593247680914,5
LiveNation,M15,MeanReversion,"window=20,z=1.75",0.25644956761162674,0.5402061855670103,0.38256976056356234,1.185951104111794,987,True,4,0.1039694957723375,5
LiveNation,M15,MeanReversion,"window=50,z=1.75",0.25588679768981826,0.5143737166324436,0.448552505907145,1.2138704665577629,988,True,4,0.07654036345680248,5
LiveNation,M15,MeanReversion,"window=100,z=1.75",0.045707530758651416,0.4874326750448833,0.07638717866982492,1.0315755452472088,1129,True,4,0.04687180125368007,5
LiveNation,M15,MeanReversion,"window=20,z=2.0",0.150253361722123,0.5436893203883495,0.24508751900132117,1.1492781232245166,631,True,4,0.0669715202748864,5
LiveNation,M15,MeanReversion,"window=50,z=2.0",0.18959738266330428,0.5424028268551236,0.4172836096910205,1.257489563984313,575,True,4,0.07956807499468876,5
LiveNation,M15,MeanReversion,"window=100,z=2.0",0.057508030168077706,0.4877384196185286,0.11148138479923408,1.05808641130584,742,True,4,0.04262076013296445,5
LiveNation,M15,MeanReversion,"window=50,z=2.25",0.1929085959531489,0.553623188405797,0.4966785260661932,1.4117972335629292,353,True,5,0.06897791248040941,5
LiveNation,M15,MeanReversion,"window=100,z=2.25",0.09954829154426625,0.4989517819706499,0.2224391453515298,1.152360740866664,482,True,4,0.04098484840800676,5
LiveNation,M15,MeanReversion,"window=100,z=2.5",0.09708102210850889,0.5226480836236934,0.23794213069786563,1.2250584808442684,291,True,5,0.04161568644425373,5
M&T,H1,MeanReversion,"window=50,z=1.5",0.05244369449238773,0.5164539959704499,0.041740102099589164,1.0146089629846797,1494,True,5,0.15288477911339637,5
M&T,H1,MeanReversion,"window=50,z=1.75",-0.028956797401406886,0.503731343283582,-0.026367464938410926,0.9892218075288635,1076,True,4,0.09022147621959375,5
M&T,H1,MeanReversion,"window=20,z=2.0",0.019459383512519857,0.5008787346221442,0.022089257702055116,1.013239759194439,571,True,4,0.07528003807532457,5
M&T,H1,MeanReversion,"window=20,z=2.25",-0.03334116533166043,0.5323076923076923,-0.048943028675049044,0.9626011037865637,326,True,4,0.08412589567471551,5
M&T,H4,MeanReversion,"window=20,z=1.5",0.7273197891073148,0.5339105339105339,0.2687365849426383,1.1057143219279573,1393,True,4,0.07678105645823896,5
M&T,H4,MeanReversion,"window=100,z=1.5",0.1860917486367185,0.5095785440613027,0.06521548925514094,1.0259542492588052,1311,True,4,0.3968528859220515,5
M&T,H4,VolatilityExpansion,"ema=20,mult=3.0",0.2800393757134023,0.5025906735751295,0.18402498005103549,1.2132533950200237,194,True,4,0.11419424059635697,5
M&T,M15,MeanReversion,"window=20,z=1.5",0.29457340377310715,0.5209742895805142,0.43344609063569023,1.1718461884511704,1498,True,4,0.08958707994703219,5
M&T,M15,MeanReversion,"window=20,z=2.0",0.19921706662772065,0.5334323922734027,0.3715494962782805,1.2270755181943118,681,True,4,0.052239168097490296,5
M&T,M15,MeanReversion,"window=20,z=2.25",0.14136428595916173,0.5362318840579711,0.30663667209457657,1.2464201543161046,417,True,4,0.026900734755826883,5
M&T,M15,MeanReversion,"window=50,z=2.25",0.09841401220512758,0.5199004975124378,0.31821186484026515,1.2163738722567987,406,True,4,0.03416191930225221,5
M&T,M15,MeanReversion,"window=20,z=2.5",0.11082116958968291,0.5042735042735043,0.3054196094027957,1.3261011512303675,237,True,4,0.011805791136766608,5
M&T,M15,MeanReversion,"window=50,z=2.5",0.07770862650644272,0.525096525096525,0.2975073098168167,1.2530897588513292,261,True,5,0.034704266849044596,5
M&T,M15,MeanReversion,"window=50,z=2.75",0.04757510488523464,0.5064935064935064,0.2581682408192869,1.274475969483026,156,True,4,0.017320272179443763,5
Marketaxess,H1,MeanReversion,"window=20,z=1.5",0.43375135344750915,0.5238439306358381,0.3250750410400295,1.125294093898861,1388,True,4,0.10996665482579748,5
Marketaxess,H1,MeanReversion,"window=20,z=1.75",0.2762187489289747,0.5186020293122886,0.2425607469562626,1.1156843936861223,889,True,4,0.147102494207621,5
Marketaxess,H4,TrendFollowing,"fast=8,slow=21",0.0789215583859465,0.51103088648215,0.014684774997872145,1.0027742336293977,4999,True,4,0.28024471702594766,5
Marketaxess,H4,TrendFollowing,"fast=50,slow=200",2.496908012442304,0.5220617729643,0.4647935724432849,1.0916664378889105,4999,True,4,0.7493133522549393,5
Marketaxess,H4,VolatilityExpansion,"ema=50,mult=1.5",0.2744206027926407,0.5162517289073306,0.06862090665196059,1.017035567694907,2901,True,4,0.43386025767610514,5
Marketaxess,H4,VolatilityExpansion,"ema=50,mult=2.5",0.13754815067339166,0.5179282868525896,0.04546852129188892,1.0146553749851148,1762,True,4,0.39010046365466344,5
Marketaxess,M15,MeanReversion,"window=20,z=1.5",0.8057516593533482,0.5614296351451973,1.0700426031442112,1.4606419171407246,1380,True,4,0.21488403598159223,5
Marketaxess,M15,MeanReversion,"window=20,z=1.75",0.5890061898365864,0.5495495495495496,0.8750495960225294,1.4685939449823735,910,True,4,0.14505822895599274,5
Marketaxess,M15,MeanReversion,"window=50,z=1.75",0.4518771319830873,0.548618219037871,0.7536058378972295,1.363349485263636,998,True,4,0.08798414952801314,5
Marketaxess,M15,MeanReversion,"window=20,z=2.0",0.5065397860291089,0.5495652173913044,0.8919773036864824,1.624856115778316,590,True,4,0.11815589339158294,5
Marketaxess,M15,MeanReversion,"window=50,z=2.0",0.263181242361473,0.5419254658385093,0.5096953895695644,1.291112240287998,658,True,4,0.08796426296063131,5
Marketaxess,M15,MeanReversion,"window=20,z=2.25",0.36250917947925076,0.5513196480938416,0.7891928767429485,1.7357582870260264,348,True,4,0.06682725152542646,5
Marketaxess,M15,MeanReversion,"window=50,z=2.25",0.24430173650470988,0.5508274231678487,0.5498183408786891,1.4109562949656176,434,True,4,0.08742972141350258,5
Marketaxess,M15,MeanReversion,"window=20,z=2.5",0.26266412485265356,0.5803108808290155,0.7035216191669952,1.917374204922638,194,True,5,0.08234858628883934,5
Marketaxess,M15,MeanReversion,"window=50,z=2.5",0.19427198943988877,0.5510204081632653,0.5461234472915883,1.5469110225841243,252,True,4,0.07504183862673686,5
Marketaxess,M15,MeanReversion,"window=20,z=2.75",0.18911713405076824,0.6097560975609756,0.5570790327817243,1.884848835773268,124,True,4,0.07503665964738337,5
Marketaxess,M15,MeanReversion,"window=50,z=2.75",0.16643636067443335,0.5975609756097561,0.5348476428956787,1.6939730564530082,166,True,4,0.03536590421072083,5
Marketaxess,M15,MeanReversion,"window=50,z=3.0",0.06556783838075197,0.5684210526315789,0.2544729370154601,1.3845742222023165,95,True,4,0.01677171864982685,5
MartinMarietta,H1,MeanReversion,"window=20,z=1.5",0.38626841245306853,0.5006675567423231,0.3734147899055051,1.1311184548065158,1498,True,4,0.04720299330590472,5
MartinMarietta,H1,MeanReversion,"window=100,z=1.5",0.5935586151251538,0.5030978934324659,0.5156474123349957,1.1832131596664206,1615,True,4,0.1622779115996622,5
MartinMarietta,H1,MeanReversion,"window=50,z=1.75",0.42184135529951405,0.5191409897292251,0.4556562336301658,1.1945218329354492,1070,True,4,0.03404478850983905,5
MartinMarietta,H4,MeanReversion,"window=20,z=1.5",1.3927160065544038,0.5342126957955482,0.5873667238684612,1.2342910657811088,1214,True,5,0.5220836595146797,5
MartinMarietta,H4,MeanReversion,"window=50,z=1.5",-0.14484197959934209,0.5126719768283853,-0.056563681059329574,0.9808721160446346,1383,True,4,0.21700665877283154,5
MartinMarietta,H4,MeanReversion,"window=20,z=1.75",1.238885054647782,0.5267275097783573,0.6641762783646614,1.3530467493145037,767,True,5,0.4401255296441936,5
MartinMarietta,H4,MeanReversion,"window=50,z=1.75",0.3271516908835155,0.5324947589098532,0.14916039170086098,1.064714718196442,955,True,4,0.2729853583571704,5
MartinMarietta,H4,MeanReversion,"window=20,z=2.0",0.7451112476063733,0.5285087719298246,0.5208203385413659,1.35439545615515,456,True,5,0.4223875497880286,5
MartinMarietta,H4,MeanReversion,"window=50,z=2.0",0.26881097687203304,0.5321739130434783,0.1487590417534023,1.0863982107717225,575,True,4,0.1279623835744742,5
MartinMarietta,H4,MeanReversion,"window=20,z=2.25",0.5390647322449504,0.532,0.5057752475680407,1.5083882128813386,250,True,5,0.22510198870023346,5
MartinMarietta,H4,MeanReversion,"window=20,z=2.5",0.2861719170204752,0.5648148148148148,0.40579439222391767,1.7111700000989811,108,True,4,0.06468918108677923,5
MartinMarietta,H4,TrendFollowing,"fast=5,slow=20",-0.8930069356501721,0.5,-0.21047293830293257,0.9607517261754925,4167,True,4,0.3294523362622327,5
MartinMarietta,H4,TrendFollowing,"fast=8,slow=21",-0.8033230367177672,0.5002401536983669,-0.18933215131544584,0.9646236748080256,4167,True,4,0.42109609506804235,5
MartinMarietta,H4,TrendFollowing,"fast=13,slow=34",0.9797566658945064,0.5134486071085494,0.23092313119168184,1.044909206335753,4167,True,4,0.6603177283277776,5
MartinMarietta,M15,MeanReversion,"window=20,z=1.5",0.9045271847759923,0.5808980755523877,1.310208643579003,1.603474745852095,1433,True,5,0.18746817631217605,5
MartinMarietta,M15,MeanReversion,"window=50,z=1.5",0.7869336096768889,0.5648508430609598,1.1828283632943615,1.4915125064193235,1590,True,5,0.2139609929125117,5
MartinMarietta,M15,MeanReversion,"window=100,z=1.5",0.565588728002275,0.5470668485675307,0.841990448909113,1.358047892356326,1510,True,4,0.10343643630983934,5
MartinMarietta,M15,MeanReversion,"window=20,z=1.75",0.8144355216009592,0.6,1.4887837561184531,1.8663967213217316,975,True,5,0.1829058202219217,5
MartinMarietta,M15,MeanReversion,"window=50,z=1.75",0.5880181891287977,0.582741116751269,1.0294277226110757,1.5562706182846335,1011,True,5,0.13849681755925702,5
MartinMarietta,M15,MeanReversion,"window=100,z=1.75",0.534232334161233,0.5616291532690246,0.9584960169603396,1.5428658260874928,959,True,4,0.061965370303477485,5
MartinMarietta,M15,MeanReversion,"window=20,z=2.0",0.5683821764546744,0.5878378378378378,1.2071453643469972,1.9185210874056848,604,True,5,0.1032733311398305,5
MartinMarietta,M15,MeanReversion,"window=50,z=2.0",0.4169582161815659,0.6006600660066007,0.9031341746252229,1.614419298848496,618,True,4,0.0737828341925153,5
MartinMarietta,M15,MeanReversion,"window=100,z=2.0",0.4010811765686687,0.568695652173913,0.8951832264807802,1.668018913685563,589,True,4,0.07518352879055945,5
MartinMarietta,M15,MeanReversion,"window=100,z=2.25",0.3912019166348807,0.6101190476190477,1.0066037258779275,2.1646566044941564,344,True,4,0.0821900841908122,5
MartinMarietta,M15,MeanReversion,"window=50,z=2.5",0.20557278615783714,0.5767634854771784,0.6412140417775964,1.720424477405574,243,True,4,0.03024880967457677,5
MartinMarietta,M15,MeanReversion,"window=100,z=2.5",0.20497449087632835,0.6342857142857142,0.7330118764537571,2.0919655628954685,179,True,4,0.05942580541320508,5
McCormick,H1,MeanReversion,"window=20,z=2.25",0.21291594126050672,0.5292096219931272,0.48067565915378907,1.4258844976097484,293,True,4,0.063300624547455,5
McCormick,H1,TrendFollowing,"fast=5,slow=20",0.474883339184219,0.5036585365853659,0.263548132223124,1.0540302227109415,4999,True,4,0.258282429117487,5
McCormick,H1,TrendFollowing,"fast=10,slow=30",0.5560478978863898,0.5022357723577235,0.30860817463972046,1.0635582500213847,4999,True,4,0.3101048615510904,5
McCormick,H1,TrendFollowing,"fast=13,slow=34",0.6377261310821639,0.49959349593495933,0.3539609259207984,1.0732362330724827,4999,True,4,0.259794580132521,5
McCormick,H1,VolatilityExpansion,"ema=20,mult=2.5",0.0054916541006985176,0.5087281795511222,0.010569099939561039,1.0067829323282884,405,True,4,0.06204725105557041,5
McCormick,H4,MeanReversion,"window=50,z=1.75",0.5293757309355979,0.509518477043673,0.302213433607078,1.1483397026502309,896,True,5,0.12742634675772357,5
McCormick,M15,MeanReversion,"window=50,z=1.75",0.13363184885684876,0.5078369905956113,0.3162257153870748,1.134911840317583,984,True,4,0.020357089091497582,5
McCormick,M15,MeanReversion,"window=100,z=2.25",0.0849439468068226,0.505586592178771,0.3298371057600325,1.2402856034461416,372,True,4,0.01864231360027513,5
Mettler-Toledo,H1,MeanReversion,"window=20,z=1.75",0.9894730855622331,0.54421768707483,0.8583169415986375,1.4737355863448873,884,True,4,0.2806226089926145,5
Mettler-Toledo,H1,MeanReversion,"window=50,z=1.75",0.617648180599667,0.5407636738906089,0.49195630696510095,1.2552126968115231,970,True,4,0.10660138833493815,5
Mettler-Toledo,H1,MeanReversion,"window=20,z=2.0",0.7455826316192771,0.5587121212121212,0.8240537685679111,1.5871983630019832,529,True,4,0.1915163337785737,5
Mettler-Toledo,H1,MeanReversion,"window=50,z=2.0",0.4891495239134843,0.5577235772357724,0.44004938737296506,1.3001389040764144,616,True,4,0.030428169529814975,5
Mettler-Toledo,H1,MeanReversion,"window=20,z=2.25",0.43947645759264875,0.5525423728813559,0.5995367604035668,1.576918807850943,294,True,4,0.1690103832967098,5
Mettler-Toledo,H1,MeanReversion,"window=50,z=2.25",0.20655416984216568,0.546875,0.2110796674202073,1.1849276657796228,384,True,4,0.0570008750557669,5
Mettler-Toledo,H1,MeanReversion,"window=50,z=2.5",0.25612962291562813,0.5707762557077626,0.44678177208621894,1.485630529517696,218,True,4,0.06947055632034427,5
Mettler-Toledo,H1,MeanReversion,"window=20,z=2.75",0.27646971960953914,0.6333333333333333,0.571298925315414,2.174808482746664,89,True,4,0.1587190495208074,5
Mettler-Toledo,H1,MeanReversion,"window=50,z=2.75",0.20594480934043735,0.5877862595419847,0.4495812635176803,1.6399876820679737,130,True,4,0.10371306348894094,5
Mettler-Toledo,H1,TrendFollowing,"fast=50,slow=200",-0.07649619008430875,0.5043112091437738,-0.029629177545831886,0.9942063249887515,4999,True,4,0.07433819065224812,5
Mettler-Toledo,H4,MeanReversion,"window=20,z=1.5",2.195855418148667,0.5169435215946844,0.8215335842212009,1.3211447632524516,1504,True,4,0.28294834209557684,5
Mettler-Toledo,H4,MeanReversion,"window=20,z=2.0",1.2683477340123557,0.536723163841808,0.7355641090581527,1.558797278166136,530,True,5,0.30460957438829706,5
Mettler-Toledo,H4,MeanReversion,"window=100,z=2.0",0.87983180317528,0.49,0.4813190240870372,1.2487567597930866,802,True,4,0.0855653166961381,5
Mettler-Toledo,H4,MeanReversion,"window=20,z=2.25",0.5863719046958843,0.5625,0.4242193988107945,1.424454236640953,271,True,4,0.0628098948751683,5
Mettler-Toledo,H4,MeanReversion,"window=100,z=2.25",0.9598649979847514,0.5207877461706784,0.6534706790610205,1.5091703992854493,457,True,4,0.06559809220476642,5
Mettler-Toledo,H4,MeanReversion,"window=100,z=2.5",0.6353966889486236,0.5550239234449761,0.5858460309417548,1.7982605220128425,208,True,5,0.12009825213836589,5
Mettler-Toledo,H4,TrendFollowing,"fast=8,slow=21",-0.48609233350738135,0.5098157051282052,-0.10043377851898748,0.9820039272755468,4999,True,4,0.6196571285489698,5
Mettler-Toledo,H4,TrendFollowing,"fast=10,slow=30",-0.20804080209539466,0.5114182692307693,-0.042983566626927316,0.9922580818757334,4999,True,4,0.5232184914500468,5
Mettler-Toledo,H4,TrendFollowing,"fast=13,slow=34",-0.5842122794815799,0.5118189102564102,-0.120707866953742,0.9784105510326956,4999,True,4,0.37569346870006437,5
Mettler-Toledo,M15,MeanReversion,"window=20,z=1.5",1.2541295496283493,0.5636497424576895,1.3161328655971054,1.6404390732791139,1388,True,5,0.4242081370502109,5
Mettler-Toledo,M15,MeanReversion,"window=50,z=1.5",1.008773441565244,0.5355976485956891,0.9813790136223439,1.4557354786816614,1565,True,5,0.2796719981900112,5
Mettler-Toledo,M15,MeanReversion,"window=100,z=1.5",0.8989292152122828,0.5261044176706827,0.8756558702355571,1.4096375493176025,1529,True,4,0.31907430562306227,5
Mettler-Toledo,M15,MeanReversion,"window=20,z=1.75",1.0710630876348404,0.5795964125560538,1.2658934639654815,1.8051152947520863,907,True,5,0.34532695328348995,5
Mettler-Toledo,M15,MeanReversion,"window=50,z=1.75",0.8699588505656904,0.5569620253164557,0.9672796905125791,1.5625035890776657,1048,True,5,0.17517872022058112,5
Mettler-Toledo,M15,MeanReversion,"window=100,z=1.75",0.6381271305590838,0.5400390625,0.786204366831352,1.434817669434155,1053,True,4,0.17901004398910014,5
Mettler-Toledo,M15,MeanReversion,"window=20,z=2.0",0.8463659908293417,0.6028880866425993,1.1055735555535275,1.940480980118209,559,True,5,0.32085350164584914,5
Mettler-Toledo,M15,MeanReversion,"window=50,z=2.0",0.6101327146350919,0.5776119402985075,0.9019357843604977,1.619394850614565,686,True,5,0.0933180113054296,5
Mettler-Toledo,M15,MeanReversion,"window=20,z=2.25",0.5109832458166166,0.591304347826087,0.8143452736773491,1.7763930785628455,347,True,5,0.15945641680409983,5
Mettler-Toledo,M15,MeanReversion,"window=50,z=2.25",0.5111576251522013,0.6131578947368421,0.8913376611855315,1.861526989464701,385,True,4,0.11067158340756567,5
Mettler-Toledo,M15,MeanReversion,"window=50,z=2.5",0.33671545132089575,0.6330275229357798,0.769506749403296,1.914080008060772,220,True,4,0.06419912592266941,5
Mettler-Toledo,M15,MeanReversion,"window=50,z=2.75",0.2802948446978317,0.672,0.753839121320239,2.342608323273698,125,True,4,0.060026172092816354,5
Mohawk,H1,VolatilityExpansion,"ema=20,mult=1.5",0.14405408688820287,0.4717101080737444,0.08406390396764801,1.031879502705967,1584,True,4,0.1870624712532637,5
Mohawk,H1,VolatilityExpansion,"ema=50,mult=1.5",-0.15160514319787366,0.48179271708683474,-0.07078201295767339,0.9812097997553924,2874,True,4,0.10139846104020978,5
Mohawk,H1,VolatilityExpansion,"ema=20,mult=2.0",0.47263471615360597,0.48497854077253216,0.3510288538669753,1.1882105780724062,935,True,4,0.06967813433083303,5
Mohawk,H1,VolatilityExpansion,"ema=50,mult=2.0",0.006501225908948971,0.4785046728971963,0.003460136174823449,1.001078538959407,2151,True,4,0.12650058217507154,5
Mohawk,H1,VolatilityExpansion,"ema=50,mult=2.5",0.07444350789532372,0.48269351793580867,0.043715981363311944,1.0163983262213852,1596,True,4,0.1551232848711671,5
Mohawk,H1,VolatilityExpansion,"ema=50,mult=3.0",-0.014835144045765802,0.4693333333333333,-0.010057086137287861,0.9954440453120624,1131,True,4,0.09716335823718458,5
Mohawk,H4,MeanReversion,"window=20,z=1.75",0.38054375425799425,0.5191441441441441,0.1419647941264389,1.0684842363085185,891,True,4,0.2928964308261194,5
Mohawk,H4,MeanReversion,"window=50,z=2.5",0.1253355941060501,0.5418502202643172,0.06717752772963873,1.0708859915535254,228,True,4,0.10829565469390723,5
Mohawk,H4,MeanReversion,"window=50,z=2.75",0.0907371966063173,0.5371900826446281,0.09109163786064195,1.1145948050604877,121,True,4,0.1412287488265187,5
Mohawk,M15,MeanReversion,"window=20,z=1.5",0.8105740948940142,0.533288948069241,0.9432847274158833,1.3808703769028587,1529,True,5,0.23714107846529076,5
Mohawk,M15,MeanReversion,"window=50,z=1.5",0.2283432720353098,0.5073295092415552,0.28648812809916274,1.0966590974598374,1596,True,4,0.08254266485451645,5
Mohawk,M15,MeanReversion,"window=20,z=1.75",0.5981170581634696,0.5533678756476684,0.796360824591503,1.4010645025446613,983,True,5,0.20148571344371713,5
Mohawk,M15,MeanReversion,"window=50,z=1.75",0.16210791623602416,0.5050597976080957,0.23226530464805767,1.0947479764246095,1105,True,4,0.0918283701597511,5
Mohawk,M15,MeanReversion,"window=20,z=2.0",0.5165926441862448,0.5756578947368421,0.7891491089967344,1.5288587005838676,615,True,5,0.2023256988174219,5
Mohawk,M15,MeanReversion,"window=20,z=2.25",0.43571057754533105,0.596401028277635,0.7672206754173007,1.6633320119526636,392,True,5,0.12167200289353763,5
Mohawk,M15,MeanReversion,"window=50,z=2.25",0.20937795592833697,0.5337837837837838,0.42806408623076997,1.2851179085864606,452,True,4,0.08687171963706619,5
Mohawk,M15,MeanReversion,"window=100,z=2.25",0.004820519663649603,0.4823091247672253,0.009740607346064752,1.005348238773935,543,True,4,0.0312500426665705,5
Mohawk,M15,MeanReversion,"window=20,z=2.5",0.3173707087749912,0.610655737704918,0.6252268661028839,1.695471223108622,245,True,4,0.10503684861927243,5
Mohawk,M15,MeanReversion,"window=50,z=2.5",0.21456503510986435,0.5335570469798657,0.5133285721215548,1.4281946158698522,303,True,5,0.07904365403436742,5
Mohawk,M15,MeanReversion,"window=20,z=2.75",0.2763294233380953,0.6170212765957447,0.6294172754436457,2.0073332360895484,140,True,4,0.08151429279790945,5
Mohawk,M15,MeanReversion,"window=50,z=2.75",0.12835937028314048,0.5196078431372549,0.35457451508939025,1.3465527840044755,206,True,4,0.05491148040695426,5
Mohawk,M15,MeanReversion,"window=100,z=2.75",0.09875875906526665,0.5052083333333334,0.3146899940990288,1.3299069848262837,192,True,4,0.03353466347057854,5
Mohawk,M15,MeanReversion,"window=20,z=3.0",0.13314247807379853,0.627906976744186,0.4185561077721482,1.7434068318994296,85,True,4,0.054578882173847876,5
Mohawk,M15,MeanReversion,"window=50,z=3.0",0.09400560021196092,0.5702479338842975,0.3071799052196612,1.3794201010166476,121,True,4,0.057813903871676287,5
Mohawk,M15,MeanReversion,"window=100,z=3.0",0.06343039424507213,0.5178571428571429,0.2328025952630573,1.3117715382124566,111,True,4,0.023523106807360028,5
MolsonCoors,H1,MeanReversion,"window=20,z=1.5",0.14807402034133255,0.5071225071225072,0.1590744634762867,1.0563895680741981,1424,True,5,0.23606245087711009,5
MolsonCoors,H1,MeanReversion,"window=20,z=1.75",0.15621581837878507,0.5230439442658092,0.1984691736085899,1.0877512683994013,947,True,4,0.1407283406787181,5
MolsonCoors,H1,MeanReversion,"window=50,z=1.75",0.24274852348115583,0.51661918328585,0.24446304462108587,1.1154001286430932,1067,True,4,0.08356034038659865,5
MolsonCoors,H1,MeanReversion,"window=20,z=2.0",0.19834153929596998,0.5355871886120996,0.30253435306435705,1.1812168783478931,572,True,5,0.17471499149345004,5
MolsonCoors,H1,MeanReversion,"window=50,z=2.0",0.2703502409076918,0.5336463223787168,0.3773921217562151,1.215115612357719,646,True,4,0.032247661986213205,5
MolsonCoors,H1,MeanReversion,"window=20,z=2.25",0.1421720865105357,0.5220125786163522,0.298646768369571,1.2280359965636205,324,True,5,0.107668084342747,5
MolsonCoors,H1,MeanReversion,"window=50,z=2.25",0.10771848913978455,0.5216284987277354,0.1843572249844714,1.129093776560012,396,True,4,0.07710354319509949,5
MolsonCoors,H1,MeanReversion,"window=20,z=2.5",0.09431015472451543,0.5146198830409356,0.2552949361646965,1.2654603013993166,175,True,4,0.09249991668014512,5
MolsonCoors,H1,MeanReversion,"window=50,z=2.5",0.13921550912704683,0.521551724137931,0.30603456290028136,1.2778709980882967,233,True,4,0.08691837621636744,5
MolsonCoors,H1,MeanReversion,"window=20,z=2.75",0.1050801200241459,0.5340909090909091,0.353709950027244,1.593073665265564,90,True,4,0.03720747589111273,5
MolsonCoors,H4,MeanReversion,"window=20,z=1.5",0.6965662224270875,0.5180635838150289,0.27758312223048803,1.1056025681331598,1394,True,4,0.4832222502414927,5
MolsonCoors,H4,MeanReversion,"window=50,z=1.5",0.923058848453579,0.5241477272727273,0.3826971029492553,1.145192826554673,1419,True,4,0.6136434230530088,5
MolsonCoors,H4,MeanReversion,"window=100,z=1.5",0.7084267001150775,0.5181208053691275,0.27729619854697046,1.1069683183486163,1502,True,5,0.4764976967452865,5
MolsonCoors,H4,MeanReversion,"window=20,z=1.75",0.5248940726497466,0.521239954075775,0.2593933345029122,1.1234517888236237,874,True,4,0.16749237974255815,5
MolsonCoors,H4,MeanReversion,"window=50,z=1.75",0.8453903052460653,0.5422077922077922,0.4340536618984914,1.209816932947216,932,True,4,0.557855910970697,5
MolsonCoors,H4,MeanReversion,"window=100,z=1.75",0.8586718246137046,0.5355303810504635,0.4023781596891478,1.20063902343344,978,True,4,0.3925610518219961,5
MolsonCoors,H4,MeanReversion,"window=20,z=2.0",0.2773310644427336,0.5223880597014925,0.18592993616475884,1.1052062313455788,537,True,4,0.25683206257100755,5
MolsonCoors,H4,MeanReversion,"window=50,z=2.0",0.3868720253119987,0.5380530973451327,0.2532529946323708,1.1523189036011923,568,True,4,0.2657734853893615,5
MolsonCoors,H4,MeanReversion,"window=100,z=2.0",0.549510790364714,0.5333333333333333,0.3243213848677847,1.203272052523682,602,True,4,0.2769037456170612,5
MolsonCoors,H4,MeanReversion,"window=50,z=2.25",0.23554559308319867,0.5487804878048781,0.17991566936905326,1.1432001192025087,329,True,4,0.22499431617154286,5
MolsonCoors,H4,MeanReversion,"window=100,z=2.25",0.06508410991969782,0.5194444444444445,0.045304250183434695,1.034805788686139,360,True,4,0.1324688421268867,5
MolsonCoors,H4,MeanReversion,"window=50,z=2.5",0.21930273404594947,0.5555555555555556,0.18538439463219353,1.1986074587792621,198,True,5,0.20262583513604793,5
MolsonCoors,H4,MeanReversion,"window=100,z=2.5",0.13926798458528877,0.5492957746478874,0.12434541881944894,1.131601322984008,212,True,4,0.11079147947388057,5
MolsonCoors,H4,MeanReversion,"window=50,z=2.75",0.06343758548347322,0.5338983050847458,0.06732432621375779,1.0912209958747912,118,True,4,0.1343340930373419,5
MolsonCoors,M15,MeanReversion,"window=50,z=2.25",0.21405637140646738,0.5680473372781065,0.5728631926207864,1.5137509549025647,353,True,5,0.07869775982088023,5
MolsonCoors,M15,MeanReversion,"window=100,z=2.25",0.12862917457248124,0.5052083333333334,0.40319574708463335,1.293385837536471,402,True,4,0.023584577007347063,5
MolsonCoors,M15,MeanReversion,"window=100,z=2.5",0.1285416746607445,0.5109170305676856,0.4685199800754802,1.4861520209638925,241,True,4,0.04685725022265508,5
MolsonCoors,M15,MeanReversion,"window=50,z=2.75",0.12073350532823623,0.5952380952380952,0.5034759080825537,1.7605507375287148,131,True,4,0.028302229118557065,5
MolsonCoors,M15,MeanReversion,"window=100,z=2.75",0.0912532996802149,0.5384615384615384,0.41709945171695234,1.6288933064396744,123,True,4,0.04698874819910259,5
NVR,H1,MeanReversion,"window=20,z=1.5",1.186598575257701,0.552437223042836,1.0576053345347662,1.4233555189235068,1364,True,5,0.49126845743248193,5
NVR,H1,MeanReversion,"window=50,z=1.5",1.0259793362235596,0.5289312457454051,0.8642260967809725,1.329099760250965,1481,True,5,0.41510603444014604,5
NVR,H1,MeanReversion,"window=100,z=1.5",0.6926761276080828,0.521978021978022,0.5933097036185503,1.2168038487974593,1472,True,5,0.36818603127776506,5
NVR,H1,MeanReversion,"window=20,z=1.75",0.8212434211821471,0.5440356744704571,0.8736117373337133,1.437328253832655,903,True,4,0.3159902247979558,5
NVR,H1,MeanReversion,"window=50,z=1.75",0.9239112638091942,0.5390781563126252,0.9103704963810569,1.4401797411067354,1005,True,5,0.2874089352476239,5
NVR,H1,MeanReversion,"window=100,z=1.75",0.6801698988842682,0.5258536585365854,0.6896747904513109,1.3141715866859558,1038,True,5,0.23870850192196502,5
NVR,H1,MeanReversion,"window=20,z=2.0",0.5255045845440794,0.5429616087751371,0.7096195486371896,1.4467701667538782,551,True,5,0.2183721846356561,5
NVR,H1,MeanReversion,"window=50,z=2.0",0.5365086434498055,0.5305164319248826,0.6868810065275343,1.3981641365210182,646,True,5,0.22313813531440108,5
NVR,H1,MeanReversion,"window=100,z=2.0",0.5783305074297225,0.5327380952380952,0.6807373882641125,1.3997523564991161,678,True,5,0.2096693873512302,5
NVR,H1,MeanReversion,"window=20,z=2.25",0.4095924015562217,0.534375,0.6392623690033399,1.5407703148403245,321,True,4,0.1943944436691356,5
NVR,H1,MeanReversion,"window=50,z=2.25",0.34698136469185625,0.531578947368421,0.5709241062450177,1.4340053052827082,384,True,5,0.15410814376922977,5
NVR,H1,MeanReversion,"window=100,z=2.25",0.29272123174400955,0.5254237288135594,0.42032687099502175,1.28975408574986,415,True,5,0.10647696723443267,5
NVR,H1,MeanReversion,"window=20,z=2.5",0.2450760749844627,0.5423728813559322,0.46557746806393485,1.5197096061698268,177,True,4,0.15898105501947568,5
NVR,H1,MeanReversion,"window=50,z=2.5",0.15773843663870635,0.5136363636363637,0.3211231142701346,1.3072726488809638,222,True,4,0.08540337232794004,5
NVR,H1,MeanReversion,"window=100,z=2.5",0.35889150805418646,0.5657370517928287,0.6151622957355175,1.6526344925372556,253,True,4,0.09334323877148698,5
NVR,H1,MeanReversion,"window=20,z=2.75",0.10603746514067847,0.5063291139240507,0.25656219066081964,1.427151740692368,78,True,4,0.07482823000306893,5
NVR,H1,MeanReversion,"window=50,z=2.75",0.1955474991700833,0.5391304347826087,0.4931165946369617,1.7962880619952275,117,True,4,0.0805809449854713,5
NVR,H4,MeanReversion,"window=20,z=1.5",1.368861485678393,0.5285714285714286,0.5773737378859535,1.2344787847036718,1261,True,5,0.5633520078967813,5
NVR,H4,MeanReversion,"window=50,z=1.5",1.640611970808251,0.5240562546262029,0.6011716185478452,1.256403722024186,1353,True,4,0.541759121489277,5
NVR,H4,MeanReversion,"window=20,z=1.75",1.2739508314515922,0.5445420326223338,0.6370955808501505,1.3605564165976975,797,True,5,0.520082404351565,5
NVR,H4,MeanReversion,"window=50,z=1.75",1.0009522779751894,0.5302857142857142,0.40504911229556234,1.2203757662718675,876,True,5,0.49126951913180794,5
NVR,H4,MeanReversion,"window=20,z=2.0",1.1295023690729424,0.5726495726495726,0.7477064469973358,1.5695604892709059,468,True,5,0.46195432351480514,5
NVR,H4,MeanReversion,"window=50,z=2.0",0.6732744870166012,0.5235404896421846,0.30751252061624407,1.2264822189887892,532,True,4,0.4159175813278695,5
NVR,H4,MeanReversion,"window=100,z=2.0",0.47920977362566763,0.5286624203821656,0.2214888773080088,1.1463522776866424,628,True,4,0.12745100809670973,5
NVR,H4,MeanReversion,"window=20,z=2.25",0.6446844505794856,0.5604838709677419,0.5045195082516049,1.5420992219555927,248,True,5,0.21662255183186452,5
NVR,H4,MeanReversion,"window=50,z=2.25",0.7291300976205703,0.5509554140127388,0.41155392595787926,1.4343163973649733,314,True,5,0.3123283247199,5
NVR,H4,MeanReversion,"window=20,z=2.5",0.44943733161112487,0.5882352941176471,0.4170020354681659,1.7944675070568867,119,True,4,0.15583498534653506,5
NVR,H4,TrendFollowing,"fast=50,slow=200",0.9767931133858577,0.5128805620608899,0.22238151016505556,1.0444150782401125,4276,True,4,0.7253114065341126,5
NVR,M15,MeanReversion,"window=20,z=1.5",1.2369380728016957,0.5887412040656763,1.5590575972781568,1.7724096119039052,1389,True,5,0.31620327934282144,5
NVR,M15,MeanReversion,"window=50,z=1.5",0.8314693912195316,0.5449233016800584,1.1338680018247496,1.4715930437480782,1485,True,5,0.30890595230650353,5
NVR,M15,MeanReversion,"window=100,z=1.5",0.6160066669625366,0.5372297838270617,0.8678682774563053,1.3652227730184678,1384,True,4,0.08970736915933986,5
NVR,M15,MeanReversion,"window=20,z=1.75",0.921222247719252,0.5980392156862745,1.3614123861884286,1.8888751790692286,892,True,5,0.23408027540389786,5
NVR,M15,MeanReversion,"window=50,z=1.75",0.6881848741854719,0.5497382198952879,1.1487684318412565,1.59001310250873,1036,True,5,0.22807654263890098,5
NVR,M15,MeanReversion,"window=100,z=1.75",0.45208386776528375,0.5281531531531531,0.7740340679062163,1.387039478908871,978,True,5,0.13978077367450503,5
NVR,M15,MeanReversion,"window=20,z=2.0",0.7123603513079795,0.6228239845261122,1.2734478378402216,2.081457976501096,557,True,5,0.22651642430842,5
NVR,M15,MeanReversion,"window=50,z=2.0",0.5312328816575932,0.554858934169279,1.050219332986141,1.6750097381581324,691,True,5,0.2159008815673602,5
NVR,M15,MeanReversion,"window=100,z=2.0",0.4465137364583741,0.5434412265758092,0.9283253311884405,1.6317894753354814,647,True,5,0.18254445351031245,5
NVR,M15,MeanReversion,"window=20,z=2.25",0.4392573958110221,0.617363344051447,0.9384856167798017,2.026026812462092,334,True,5,0.12370006179467563,5
NVR,M15,MeanReversion,"window=50,z=2.25",0.3505280823085658,0.5652173913043478,0.8374044998284604,1.700116874265801,421,True,5,0.15200643909421374,5
NVR,M15,MeanReversion,"window=100,z=2.25",0.34606328943980047,0.5324324324324324,0.8862473936649702,1.7863607469310863,399,True,5,0.11821960749427363,5
NVR,M15,MeanReversion,"window=20,z=2.5",0.32294473512377186,0.625,0.7798768083738103,2.165506743891707,196,True,5,0.10707726780083071,5
NVR,M15,MeanReversion,"window=50,z=2.5",0.20016766829245802,0.579185520361991,0.6065207904945313,1.6360255444067455,239,True,5,0.11593118270763236,5
NVR,M15,MeanReversion,"window=20,z=2.75",0.23973813218852302,0.6637168141592921,0.8124390278603483,2.5404156861538625,118,True,5,0.09202616286747578,5
NVR,M15,MeanReversion,"window=50,z=2.75",0.1283954569245851,0.5746268656716418,0.46676990433266646,1.617412027729691,144,True,5,0.07716689006786293,5
NVR,M15,TrendFollowing,"fast=50,slow=200",-0.5560369029489486,0.4919550363676438,-0.41170780410375074,0.9244535734772467,4999,True,4,0.05888361419506094,5
OldDominion,H1,MeanReversion,"window=100,z=1.75",0.33301589854786007,0.49949849548645936,0.26637328156296114,1.1231364885595827,997,True,4,0.07865633370954739,5
OldDominion,H1,MeanReversion,"window=100,z=2.0",0.23663948556933934,0.4946070878274268,0.2416428700643329,1.1326475556285187,648,True,4,0.031176334777726855,5
OldDominion,H4,MeanReversion,"window=50,z=1.5",0.22657640311349436,0.4957528957528958,0.09945031301336965,1.0329941285787312,1302,True,4,0.3401450610342497,5
OldDominion,M15,MeanReversion,"window=20,z=1.5",0.5215640669579663,0.5497494631352899,0.5532643779223023,1.225473615672562,1415,True,5,0.24125636078771184,5
OldDominion,M15,MeanReversion,"window=50,z=1.5",0.40542934205714976,0.5416666666666666,0.45421581561710334,1.1883645968211827,1387,True,5,0.15210479090153384,5
OldDominion,M15,MeanReversion,"window=100,z=1.5",0.36544908807536536,0.5341660543717854,0.39272523437327767,1.1707130484877883,1377,True,5,0.07431367513823994,5
OldDominion,M15,MeanReversion,"window=20,z=1.75",0.299577406025893,0.5455508474576272,0.3554636976402913,1.171791885956516,954,True,4,0.21149464528242679,5
OldDominion,M15,MeanReversion,"window=50,z=1.75",0.29104188402298714,0.5355969331872946,0.3599132121986676,1.1852423031802535,926,True,4,0.1408224097790104,5
OldDominion,M15,MeanReversion,"window=100,z=1.75",0.3565097641023105,0.5477707006369427,0.48019410986100386,1.2427023580176315,953,True,4,0.05780717267198665,5
OldDominion,M15,MeanReversion,"window=20,z=2.0",0.2093623657524083,0.5417348608837971,0.280744883321076,1.1713295064767657,617,True,5,0.21825586231314775,5
OldDominion,M15,MeanReversion,"window=50,z=2.0",0.08187954332068537,0.5368782161234992,0.13859100339878758,1.0768949674904982,590,True,4,0.06764655349044801,5
OldDominion,M15,MeanReversion,"window=20,z=2.25",0.06280882647230235,0.5194805194805194,0.10446675258416431,1.0743022293627746,389,True,5,0.11047062132330265,5
OldDominion,M15,MeanReversion,"window=50,z=2.25",0.056198406760436415,0.5146666666666667,0.10619150760650171,1.07359722339306,381,True,4,0.03844056697865672,5
OldDominion,M15,MeanReversion,"window=100,z=2.25",0.18063586234207019,0.5586734693877551,0.32107737825476673,1.2547214193317113,398,True,4,0.017495592858798092,5
OldDominion,M15,MeanReversion,"window=20,z=2.5",-0.050761864894008135,0.5,-0.10687939911121833,0.9190534501022447,243,True,4,0.08572993768676163,5
OldDominion,M15,MeanReversion,"window=20,z=2.75",-0.051961506154669546,0.5067567567567568,-0.1340034715072361,0.8750049513210508,148,True,4,0.07357219696490336,5
Otis,H1,MeanReversion,"window=20,z=1.5",0.499838437973396,0.5258855585831063,0.5705855180778976,1.2373743382211555,1481,True,5,0.17253439187007946,5
Otis,H1,MeanReversion,"window=50,z=1.5",0.5558640614770783,0.5176252319109462,0.6086063795632545,1.2417514174452,1636,True,5,0.1871031485542426,5
Otis,H1,MeanReversion,"window=20,z=1.75",0.3975608409014326,0.5262593783494105,0.5377959016168402,1.2997498642613823,943,True,4,0.0722596033902686,5
Otis,H1,MeanReversion,"window=50,z=1.75",0.4397275499204125,0.5189639222941721,0.538964854964768,1.278330598087956,1092,True,5,0.1335902320584864,5
Otis,H1,MeanReversion,"window=20,z=2.0",0.25855838625483274,0.519163763066202,0.39770253355738994,1.2924771022031574,577,True,4,0.05719567592187569,5
Otis,H1,MeanReversion,"window=50,z=2.0",0.2665985834586997,0.5287878787878788,0.4875341860621019,1.2773952823195711,668,True,5,0.07055547430872144,5
Otis,H1,MeanReversion,"window=100,z=2.0",0.18115247135293,0.5365497076023392,0.33186098927749086,1.1699138237248172,687,True,4,0.05369005762042045,5
Otis,H1,MeanReversion,"window=50,z=2.25",0.14154048006823383,0.5437158469945356,0.31252656021616393,1.241391672443694,368,True,4,0.047230581996990484,5
Otis,H1,MeanReversion,"window=100,z=2.25",0.10369988610829539,0.5340314136125655,0.22732399589335694,1.1574160615284579,383,True,4,0.06454015672372704,5
Otis,H1,MeanReversion,"window=20,z=2.5",0.09536351576031832,0.5714285714285714,0.28027565013792755,1.3023496387141753,177,True,4,0.052366732009877515,5
Otis,H1,MeanReversion,"window=50,z=2.5",0.05268794357465156,0.5121951219512195,0.13960544984745887,1.140276058390393,206,True,4,0.026137074094819024,5
Otis,H4,MeanReversion,"window=20,z=2.0",0.469533577921632,0.5209003215434084,0.6554153449465646,1.4841857914650558,314,True,5,0.07264900872601554,5
Otis,H4,TrendFollowing,"fast=13,slow=34",0.024325871807474475,0.5025658569962368,0.011421212503267147,1.0022606511755303,2955,True,4,0.39330179807389487,5
Otis,H4,TrendFollowing,"fast=21,slow=55",-0.44145662137359165,0.49914471433458774,-0.20728541964102684,0.9598436718564036,2955,True,5,0.41154884131526126,5
Otis,M15,MeanReversion,"window=20,z=1.5",0.3154799406214265,0.524602026049204,0.4380245751200881,1.2632706203073338,1423,True,4,0.20856552688578334,5
Otis,M15,MeanReversion,"window=50,z=1.5",0.339363320469643,0.5100453661697991,0.5047187410215093,1.2946240865016998,1599,True,4,0.17589034036623463,5
Otis,M15,MeanReversion,"window=100,z=1.5",0.30109224184517247,0.5188118811881188,0.4605258809127674,1.272464349581744,1563,True,4,0.14008844452716251,5
Otis,M15,MeanReversion,"window=20,z=1.75",0.16764057372743868,0.5337078651685393,0.38406138216083224,1.1999957333479607,910,True,4,0.08569192089806044,5
Otis,M15,MeanReversion,"window=50,z=1.75",0.3688090147068386,0.5404298874104401,0.590252935433353,1.520427916962074,1004,True,4,0.18463631706516737,5
Otis,M15,MeanReversion,"window=100,z=1.75",0.19866782338372735,0.5313725490196078,0.6143495596229127,1.288570670588711,1054,True,4,0.05721500229733778,5
Otis,M15,MeanReversion,"window=20,z=2.0",0.14689612672371943,0.5481611208406305,0.3666862753522287,1.2438790623035898,581,True,4,0.08958605415272414,5
Otis,M15,MeanReversion,"window=50,z=2.0",0.1905908549839106,0.5456,0.5993740822783487,1.3733414937513053,643,True,5,0.08278710465202621,5
Otis,M15,MeanReversion,"window=20,z=2.25",0.12137700575608301,0.5670391061452514,0.3583074042647876,1.30710245485336,362,True,4,0.0723049774306691,5
Otis,M15,MeanReversion,"window=100,z=2.25",0.16705603087559162,0.5945121951219512,0.7306445457573321,1.7547100647545562,338,True,5,0.048303798456474256,5
Otis,M15,MeanReversion,"window=20,z=2.5",0.12432500569898264,0.5550847457627118,0.4699299415266972,1.490838727767637,239,True,4,0.06499796856684259,5
Otis,M15,MeanReversion,"window=100,z=2.5",0.13497126587801644,0.5901639344262295,0.7128377787169894,2.126646536724064,186,True,5,0.04251870680437364,5
Otis,M15,MeanReversion,"window=20,z=2.75",0.0828467998019018,0.5337837837837838,0.3561239030842268,1.4687400673144941,147,True,4,0.04526037706938579,5
Otis,M15,MeanReversion,"window=100,z=2.75",0.07742148568231788,0.5272727272727272,0.4769066689772451,1.904306995007731,112,True,4,0.02653602453166881,5
Otis,M15,MeanReversion,"window=50,z=3.0",0.0782199287087787,0.6037735849056604,0.42836795831539304,1.7522422292448268,106,True,4,0.02544018482051269,5
PPG,H1,MeanReversion,"window=20,z=1.5",0.3253973598918568,0.511340206185567,0.3229722909759111,1.1221407436477258,1470,True,5,0.1894640143576125,5
PPG,H1,MeanReversion,"window=50,z=1.5",0.07969084411174376,0.5134271099744245,0.0780353968727055,1.026947485357996,1576,True,5,0.18945698481335116,5
PPG,H1,MeanReversion,"window=100,z=1.5",0.2553725206106928,0.5140664961636828,0.24409262451650776,1.0898633667187088,1579,True,5,0.1647279517307063,5
PPG,H1,MeanReversion,"window=50,z=1.75",-0.043583627318880325,0.5042492917847026,-0.050811345322502775,0.9790005858777038,1067,True,5,0.07166533339349979,5
PPG,H1,MeanReversion,"window=100,z=1.75",0.14970905421502367,0.5321100917431193,0.17703779571051692,1.0743910461454247,1099,True,5,0.16431879463898513,5
PPG,H1,MeanReversion,"window=20,z=2.0",0.20540969601820525,0.5123674911660777,0.3112335097109429,1.1929725675157539,570,True,4,0.0950683419758509,5
PPG,H1,MeanReversion,"window=50,z=2.0",0.06100632048275367,0.5226939970717424,0.08644168428431653,1.0461916973304402,688,True,4,0.11490074025517061,5
PPG,H1,MeanReversion,"window=100,z=2.0",0.14673918213069947,0.5540540540540541,0.221640586890485,1.1219093881913056,671,True,5,0.08485171643763012,5
PPG,H1,MeanReversion,"window=100,z=2.25",0.10354660285297845,0.5583333333333333,0.19510115804544514,1.1447768906405749,363,True,4,0.06229208199379521,5
PPG,H1,MeanReversion,"window=100,z=2.5",0.07439214607478228,0.5572916666666666,0.17522612517811148,1.1884994027831688,194,True,4,0.04065494777972378,5
PPG,H4,MeanReversion,"window=100,z=2.25",0.18833288894372002,0.524390243902439,0.10770104462401381,1.0823242027254338,410,True,4,0.01894751959520813,5
PPG,H4,MeanReversion,"window=20,z=2.5",-0.08867523643225239,0.4935897435897436,-0.13093321208371614,0.8751740038579809,155,True,4,0.06152584124982752,5
PPG,H4,TrendFollowing,"fast=5,slow=20",-0.4648917290105328,0.48782941058137197,-0.10982320331852223,0.9797246132989406,4999,True,4,0.6202281511816914,5
PPG,H4,TrendFollowing,"fast=8,slow=21",-1.2304897580033225,0.48300140816737075,-0.290725234578114,0.9472157185746566,4999,True,5,0.5687912220387301,5
PPG,H4,TrendFollowing,"fast=10,slow=30",-0.7927918518049031,0.48501307583987124,-0.18729289450793782,0.9656693374602033,4999,True,4,0.5180236380849177,5
PPG,H4,TrendFollowing,"fast=13,slow=34",-0.3484291175522318,0.48662240997787165,-0.08230991867249322,0.9847652221338871,4999,True,4,0.523488758299165,5
PPG,H4,VolatilityExpansion,"ema=20,mult=1.5",-0.2894396082778429,0.4765415549597855,-0.11406263705874886,0.9597834376424398,1499,True,4,0.22592408657580176,5
PPG,M15,MeanReversion,"window=50,z=1.5",0.16718857995621705,0.5283276450511946,0.2657266832835096,1.1009294850518578,1495,True,4,0.0925130635520115,5
PPG,M15,MeanReversion,"window=100,z=1.5",0.14056993914403737,0.5173852573018081,0.2370570990039868,1.0912231188346737,1473,True,5,0.0904362201938036,5
PPG,M15,MeanReversion,"window=20,z=1.75",0.33398198031072057,0.5437302423603794,0.5790898758037785,1.2852879819711522,966,True,5,0.08905938150037729,5
PPG,M15,MeanReversion,"window=50,z=1.75",0.11781485000515957,0.5264227642276422,0.21573280498625716,1.0996349729830603,1001,True,5,0.09799523567672608,5
PPG,M15,MeanReversion,"window=100,z=1.75",0.08285818788710375,0.5054945054945055,0.17063406764863412,1.076115734380628,1025,True,5,0.03213012130218518,5
PPG,M15,MeanReversion,"window=20,z=2.0",0.24875100505205172,0.5537190082644629,0.524534996415022,1.3127363753610024,613,True,5,0.08501421273833976,5
PPG,M15,MeanReversion,"window=50,z=2.0",0.14219806249339162,0.5377358490566038,0.29366912657520994,1.1762459508682868,646,True,5,0.11417074526776194,5
PPG,M15,MeanReversion,"window=100,z=2.0",0.07168388794594627,0.5222222222222223,0.18357597883596125,1.0953453259148094,644,True,4,0.01613348447188767,5
PPG,M15,MeanReversion,"window=20,z=2.25",0.16779441298678954,0.5488721804511278,0.43059398239914815,1.3127055409555155,403,True,4,0.07949840300041866,5
PPG,M15,MeanReversion,"window=50,z=2.25",0.14812429105944314,0.5390243902439025,0.4191165679868739,1.2887450732478074,417,True,5,0.08375680220584769,5
PPG,M15,MeanReversion,"window=100,z=2.25",0.05406625093182604,0.5227817745803357,0.1621419808777105,1.1026261926913112,427,True,4,0.042053011994907186,5
PPG,M15,MeanReversion,"window=20,z=2.5",0.10191939471046096,0.5440613026819924,0.29222165331191363,1.2547963199475152,263,True,4,0.0633102065191814,5
PVH,H1,MeanReversion,"window=50,z=1.5",0.29263068901535816,0.5118733509234829,0.1816902783578586,1.0662296941335707,1527,True,5,0.262941231524526,5
PVH,H1,MeanReversion,"window=100,z=1.5",0.119085766617535,0.5051347881899871,0.063030914328917,1.0250187308580723,1576,True,4,0.07580203902455851,5
PVH,H1,MeanReversion,"window=20,z=1.75",0.3916792786313109,0.5368852459016393,0.34580669852227086,1.149500951594427,981,True,5,0.3889788731445516,5
PVH,H1,MeanReversion,"window=50,z=1.75",0.17896899498406849,0.5080416272469253,0.1458507380848073,1.0592221541321898,1063,True,4,0.19149132935095425,5
PVH,H1,MeanReversion,"window=20,z=2.0",0.28848106782719607,0.5371329879101899,0.3437145254933715,1.1900829051799473,581,True,5,0.29275901038018703,5
PVH,H1,MeanReversion,"window=50,z=2.0",0.10299324672630217,0.5167883211678832,0.10698860879182635,1.0530649911375825,688,True,5,0.13295213129907812,5
PVH,H1,MeanReversion,"window=20,z=2.25",0.06640131910255809,0.5217391304347826,0.10370588195893302,1.0712732211515168,322,True,5,0.18370227476329093,5
PVH,H1,MeanReversion,"window=100,z=2.25",0.27431866977870756,0.5403422982885085,0.2798982462913751,1.2229237980348777,410,True,5,0.15128509365611642,5
PVH,H1,MeanReversion,"window=20,z=2.5",0.04241153204779102,0.521978021978022,0.081915119175073,1.0743584521486564,182,True,5,0.1441929501346837,5
PVH,H4,MeanReversion,"window=20,z=2.0",0.35798328506831356,0.5225225225225225,0.16315728144274924,1.0977391210080238,556,True,4,0.3357274801099992,5
PVH,H4,MeanReversion,"window=20,z=2.5",-0.00044798045967708866,0.48951048951048953,-0.0004694807032819217,0.9995219736733746,142,True,4,0.09100764478918744,5
PVH,H4,MeanReversion,"window=50,z=2.5",0.43302735125330916,0.5446428571428571,0.24211588893472483,1.2671342121922549,224,True,4,0.16982376972534552,5
PVH,H4,MeanReversion,"window=20,z=2.75",0.0720743079600149,0.5147058823529411,0.11663227899882012,1.2002755185495568,67,True,5,0.12301258340756271,5
PVH,H4,MeanReversion,"window=50,z=2.75",0.42316865106382584,0.575,0.2844856224064009,1.4801441544788383,119,True,4,0.11037340598755907,5
PVH,H4,VolatilityExpansion,"ema=50,mult=1.5",-0.5416437618000887,0.4909217877094972,-0.09371629110264784,0.9750476405659224,2879,True,4,0.5848014844490134,5
PVH,H4,VolatilityExpansion,"ema=20,mult=2.0",0.2812937591680491,0.49760765550239233,0.070669329232492,1.0340666734361945,1049,True,4,0.7408322292685822,5
PVH,H4,VolatilityExpansion,"ema=50,mult=2.0",0.12319086586223338,0.4969244288224956,0.023223887332514757,1.0072384794351101,2288,True,4,0.8574189762870452,5
PVH,M15,MeanReversion,"window=20,z=1.5",0.553743068435461,0.5300802139037433,0.5209722318303793,1.207586103633631,1524,True,5,0.151039502065902,5
PVH,M15,MeanReversion,"window=50,z=1.5",0.16403960727430655,0.5196013289036545,0.17835422964698514,1.0656167630914775,1542,True,4,0.06210581086700884,5
PVH,M15,MeanReversion,"window=100,z=1.5",0.2534458305154751,0.5201711491442543,0.27299614906622527,1.0965469347406878,1668,True,4,0.16413498095748535,5
PVH,M15,MeanReversion,"window=100,z=2.0",0.3255550276033067,0.5331369661266568,0.545847424850015,1.3155479307618447,696,True,4,0.09292542603512455,5
PVH,M15,VolatilityExpansion,"ema=20,mult=2.0",-0.21704837211610206,0.4724310776942356,-0.280322578825561,0.8762034548739925,813,True,4,0.026210014373574397,5
PackagingCorpofAmerica,H1,MeanReversion,"window=50,z=1.5",0.30546964858653014,0.5118577075098815,0.2789518513151642,1.1135887218551006,1525,True,5,0.20321818047221563,5
PackagingCorpofAmerica,H1,MeanReversion,"window=100,z=1.5",0.05862201787312582,0.49905719673161536,0.05260511642291605,1.0201267384380976,1601,True,4,0.10911453035617025,5
PackagingCorpofAmerica,H1,MeanReversion,"window=20,z=1.75",0.36044993354341637,0.5386266094420601,0.4942254645957756,1.2347087943897053,934,True,4,0.18593524315627175,5
PackagingCorpofAmerica,H1,MeanReversion,"window=50,z=1.75",0.21860577640114764,0.510184287099903,0.26779638963870195,1.1237155041059357,1035,True,4,0.17121730507928012,5
PackagingCorpofAmerica,H1,MeanReversion,"window=50,z=2.0",0.06071603792131475,0.5043988269794721,0.0962737963829105,1.0499646026663538,686,True,5,0.06488481739758889,5
PackagingCorpofAmerica,H1,MeanReversion,"window=100,z=2.0",-0.006974957517130842,0.4943820224719101,-0.010026626210590651,0.9950094102815231,716,True,5,0.0706622184520882,5
PackagingCorpofAmerica,H1,MeanReversion,"window=20,z=2.25",0.008754338951604268,0.53125,0.018720208415346114,1.013719113473,320,True,4,0.10184174404207258,5
PackagingCorpofAmerica,H1,MeanReversion,"window=50,z=2.25",0.027608510994915347,0.5303030303030303,0.05492181510623908,1.036205530635493,397,True,4,0.049028754370113226,5
PackagingCorpofAmerica,H1,MeanReversion,"window=100,z=2.25",0.07060941810834698,0.5077262693156733,0.12349767256351864,1.0788254032292899,454,True,4,0.07347242130598286,5
PackagingCorpofAmerica,H1,MeanReversion,"window=50,z=2.5",0.04615277366763604,0.5681818181818182,0.11581555733714904,1.1100895202027001,220,True,4,0.04836080326148562,5
PackagingCorpofAmerica,H1,MeanReversion,"window=100,z=2.5",0.015669388506001525,0.5052264808362369,0.03381405432712427,1.0269924944258462,286,True,4,0.02803250591872286,5
PackagingCorpofAmerica,H4,MeanReversion,"window=20,z=1.5",0.802787931929719,0.5245901639344263,0.33361406601478366,1.1247775483231115,1412,True,4,0.3269915652829327,5
PackagingCorpofAmerica,H4,MeanReversion,"window=50,z=1.5",0.6476059177568105,0.5199252801992528,0.24306795188909008,1.0870405741800602,1615,True,4,0.3144162660850671,5
PackagingCorpofAmerica,H4,MeanReversion,"window=50,z=1.75",0.6677855922636808,0.5213358070500927,0.2947436988710694,1.1330964322837287,1084,True,4,0.2630595356443707,5
PackagingCorpofAmerica,H4,MeanReversion,"window=50,z=2.0",0.6894387493693118,0.5426470588235294,0.4005740730862321,1.2275244998233357,685,True,4,0.27137657917926106,5
PackagingCorpofAmerica,H4,MeanReversion,"window=100,z=2.0",0.30614932568234476,0.5251479289940828,0.15071456575055864,1.0869305119786132,680,True,5,0.19895187950838622,5
PackagingCorpofAmerica,H4,MeanReversion,"window=50,z=2.25",0.5884272211464213,0.5486935866983373,0.4006355655877607,1.3038820146645547,423,True,4,0.17100609605998796,5
PackagingCorpofAmerica,H4,MeanReversion,"window=50,z=2.5",0.5761044330141606,0.5949367088607594,0.516257442654243,1.5678451801371691,237,True,4,0.21222781535648327,5
PackagingCorpofAmerica,M15,MeanReversion,"window=50,z=1.5",0.6335831051103209,0.5432595573440644,0.9707385873549684,1.3988158388530347,1520,True,4,0.1221694774634845,5
PackagingCorpofAmerica,M15,MeanReversion,"window=100,z=1.5",0.3877540615765318,0.5167693360711841,0.5897480486610874,1.2363604286310967,1495,True,5,0.10418109983757984,5
PackagingCorpofAmerica,M15,MeanReversion,"window=50,z=1.75",0.5396968564765178,0.5438247011952191,0.9627313674223816,1.503811748001474,1020,True,4,0.08825963857404007,5
PackagingCorpofAmerica,M15,MeanReversion,"window=100,z=1.75",0.35372765511392845,0.5248508946322068,0.6578973028615147,1.3201136368537965,1033,True,4,0.02827996929509713,5
PackagingCorpofAmerica,M15,MeanReversion,"window=50,z=2.0",0.38992623167390983,0.5536277602523659,0.825929820531474,1.554531743585367,644,True,4,0.04280516752507901,5
PackagingCorpofAmerica,M15,MeanReversion,"window=20,z=2.5",0.3028643305255694,0.615,0.8238550191204888,2.2679036571230946,200,True,4,0.07778332013798384,5
PackagingCorpofAmerica,M15,MeanReversion,"window=20,z=2.75",0.24625759840014194,0.6422764227642277,0.745560942647713,2.660328146399883,123,True,4,0.04902060280413467,5
PackagingCorpofAmerica,M15,MeanReversion,"window=20,z=3.0",0.1831793761118553,0.6164383561643836,0.6049407746262534,2.8271213020214496,73,True,5,0.04152726652108463,5
Parker-Hannifin,H1,MeanReversion,"window=20,z=1.75",0.30412834202739836,0.5241521068859198,0.3164341652466271,1.152100368752929,974,True,4,0.09674286600559145,5
Parker-Hannifin,H1,MeanReversion,"window=20,z=2.0",0.24893120193700768,0.5229202037351444,0.2988206346168142,1.195241133408214,589,True,4,0.06704164271726165,5
Parker-Hannifin,H1,MeanReversion,"window=20,z=2.75",0.09073654561385969,0.5876288659793815,0.27516172154335883,1.3899149965512079,96,True,4,0.04976626870885226,5
Parker-Hannifin,H1,TrendFollowing,"fast=10,slow=30",-0.3382918612872011,0.5038106698756518,-0.1535754093928653,0.9685688315084218,4999,True,4,0.26079263149104637,5
Parker-Hannifin,H1,TrendFollowing,"fast=34,slow=89",0.32633843078217983,0.5036101083032491,0.14814839195747537,1.0312865580959776,4999,True,5,0.22299175921677328,5
Parker-Hannifin,H4,MeanReversion,"window=20,z=1.5",0.9054682734039562,0.5259467040673211,0.339732302046829,1.1295497734982913,1429,True,5,0.717612945547014,5
Parker-Hannifin,H4,MeanReversion,"window=50,z=1.5",0.6463698553879034,0.5319561007101355,0.21617357026523468,1.0854491663215216,1553,True,5,0.770121342350538,5
Parker-Hannifin,H4,MeanReversion,"window=100,z=1.5",0.6400289204377025,0.5246876859012493,0.21314239192739393,1.083314026420765,1685,True,5,0.3353178514230609,5
Parker-Hannifin,H4,MeanReversion,"window=20,z=1.75",0.8172327630818463,0.5309050772626932,0.38846610865809267,1.1881956160607292,908,True,4,0.3912400098154567,5
Parker-Hannifin,H4,MeanReversion,"window=50,z=1.75",0.46222711048056,0.5271687321258341,0.17469826296093605,1.087534859516557,1052,True,5,0.6587391679152521,5
Parker-Hannifin,H4,MeanReversion,"window=100,z=1.75",0.3384263079647042,0.5232142857142857,0.13159676945671803,1.0650877635116618,1123,True,5,0.32882043733845523,5
Parker-Hannifin,H4,MeanReversion,"window=50,z=2.0",-0.12339237318525054,0.5269461077844312,-0.05505330825763943,0.9669498539671765,670,True,5,0.28592643623634406,5
Parker-Hannifin,H4,MeanReversion,"window=100,z=2.0",0.0718700777549478,0.5212464589235127,0.030399850387405784,1.0197175347816447,706,True,5,0.23201640838374127,5
Parker-Hannifin,H4,MeanReversion,"window=50,z=2.25",-0.39144987452266544,0.5128205128205128,-0.2029002014068051,0.8440327758743379,390,True,4,0.123995716491759,5
Parker-Hannifin,H4,MeanReversion,"window=100,z=2.25",-0.18210419695941593,0.525,-0.08991512322606016,0.9218729798523865,400,True,4,0.0980921056073869,5
Parker-Hannifin,M15,MeanReversion,"window=20,z=1.5",0.5954154504733644,0.5555555555555556,0.7413936735670321,1.3734061054358335,1396,True,4,0.10029454751327327,5
Parker-Hannifin,M15,MeanReversion,"window=50,z=1.5",0.6772354111767402,0.5433017591339648,0.8725753459965443,1.449044573496217,1513,True,5,0.17354788651619346,5
Parker-Hannifin,M15,MeanReversion,"window=100,z=1.5",0.49085078165090446,0.5386125654450262,0.5984030535190319,1.296729940058477,1557,True,5,0.147174340030781,5
Parker-Hannifin,M15,MeanReversion,"window=20,z=1.75",0.3318139005752473,0.5594855305466238,0.5554222438665439,1.2876570048054197,952,True,5,0.12089576488128617,5
Parker-Hannifin,M15,MeanReversion,"window=50,z=1.75",0.4458809495268722,0.5417075564278705,0.6666719567617068,1.408694351859488,1042,True,4,0.14014447297125887,5
Parker-Hannifin,M15,MeanReversion,"window=100,z=1.75",0.4530782105071083,0.5503875968992248,0.6227777174702811,1.4003127121961594,1049,True,5,0.13304284045906756,5
Parker-Hannifin,M15,MeanReversion,"window=20,z=2.0",0.20025924913469317,0.5749588138385503,0.3902816817968147,1.2457605635626303,619,True,5,0.11605841920831084,5
Parker-Hannifin,M15,MeanReversion,"window=100,z=2.0",0.3077831254688196,0.5552099533437014,0.46889378175468766,1.3983305793130434,652,True,5,0.10600062341832994,5
Parker-Hannifin,M15,MeanReversion,"window=20,z=2.25",0.27667546243130325,0.6155913978494624,0.6510034408859412,1.5693979916513854,376,True,5,0.1118377495166265,5
Parker-Hannifin,M15,MeanReversion,"window=50,z=2.25",0.1696317447691057,0.5825688073394495,0.49495399260362116,1.346571125925068,447,True,4,0.06012025659002285,5
Parker-Hannifin,M15,MeanReversion,"window=100,z=2.25",0.22305186800339405,0.5552941176470588,0.38999893565291055,1.412262427490976,432,True,4,0.04275316942271057,5
Parker-Hannifin,M15,MeanReversion,"window=20,z=2.5",0.22523665057958098,0.6229508196721312,0.6350399702926742,1.738274247602618,246,True,4,0.07367910630708607,5
Parker-Hannifin,M15,MeanReversion,"window=50,z=2.5",0.14478903636229323,0.6037037037037037,0.5539915927229605,1.509408472581283,277,True,4,0.05242155665569492,5
Parker-Hannifin,M15,MeanReversion,"window=20,z=3.0",0.1412025203496753,0.6987951807228916,0.5533905181114518,2.538503088252371,83,True,4,0.04933083204064914,5
Pentair,H1,MeanReversion,"window=20,z=1.5",0.14306631187508,0.5173130193905817,0.131336879433369,1.0475609328773174,1463,True,4,0.1668262979723567,5
Pentair,H1,MeanReversion,"window=50,z=1.5",0.19711082675116376,0.512434554973822,0.1624187033309011,1.0599723778283978,1548,True,4,0.10741162713722041,5
Pentair,H1,MeanReversion,"window=100,z=1.5",0.22952147810743784,0.5127388535031847,0.21361905257612215,1.0712743645367928,1586,True,4,0.0778357317556786,5
Pentair,H1,MeanReversion,"window=20,z=1.75",0.08747612029327834,0.5130072840790842,0.09381438438995762,1.0419459239505993,975,True,4,0.07951466341183266,5
Pentair,H1,MeanReversion,"window=50,z=1.75",0.029456343173472344,0.5098591549295775,0.030625283817690464,1.0126107910547664,1077,True,4,0.05460802972913692,5
Pentair,H1,MeanReversion,"window=100,z=1.75",0.15363058557933895,0.5045871559633027,0.16669084208635246,1.0664336195109048,1102,True,4,0.09225456102666874,5
Pentair,H1,MeanReversion,"window=50,z=2.0",0.08484580806575948,0.5247093023255814,0.11178054851424436,1.05542707820995,692,True,4,0.05508598017576016,5
Pentair,H1,MeanReversion,"window=100,z=2.0",0.09434778120962051,0.49732620320855614,0.12093422308943583,1.0578401644746358,755,True,4,0.07271941992225395,5
Pentair,H1,MeanReversion,"window=50,z=2.5",0.11394598867480155,0.5075187969924813,0.2379321803247584,1.193383204805057,269,True,4,0.060506032240665863,5
Pentair,H1,MeanReversion,"window=100,z=2.5",0.019320831978600017,0.47419354838709676,0.03520642321971202,1.0259952665565677,309,True,4,0.05209125723488195,5
Pentair,H1,TrendFollowing,"fast=13,slow=34",0.11505200046573139,0.5057868020304569,0.05559593532849778,1.011178782148401,4999,True,4,0.24574542068557736,5
Pentair,H1,TrendFollowing,"fast=21,slow=55",0.03374869858384777,0.5041624365482233,0.016308103618841302,1.0032662192771968,4999,True,4,0.15798896206648005,5
Pentair,H4,MeanReversion,"window=20,z=1.5",0.8461333458845129,0.536293164200141,0.3192095641879395,1.1245060231898547,1431,True,4,0.3713722826372836,5
Pentair,H4,MeanReversion,"window=50,z=1.5",0.9215267573291865,0.541405269761606,0.337840092453132,1.1285245639951975,1605,True,5,0.5957201773548884,5
Pentair,H4,MeanReversion,"window=50,z=1.75",0.5657155105126476,0.5373423860329777,0.24920370762619315,1.1214332053199751,1039,True,5,0.40083234709520277,5
Pentair,H4,MeanReversion,"window=50,z=2.0",0.4541215108106874,0.5512820512820513,0.22885166527752485,1.1512062482945042,629,True,4,0.39375717449970427,5
Pentair,H4,MeanReversion,"window=20,z=2.25",-0.13171880365856536,0.5035211267605634,-0.13455603965003318,0.9060521506528589,285,True,4,0.24235819298620043,5
Pentair,H4,MeanReversion,"window=50,z=2.5",-0.02390225677115121,0.5204081632653061,-0.02631511283583717,0.9761775083951456,197,True,4,0.07434246743054407,5
Pentair,M15,MeanReversion,"window=100,z=1.5",0.3656794986640809,0.5319303338171263,0.619409519170589,1.2453250918593801,1407,True,5,0.1068603835989137,5
Pentair,M15,MeanReversion,"window=100,z=1.75",0.2795857648041349,0.5236220472440944,0.5327326272360311,1.246023169357711,1040,True,5,0.10259848007690375,5
Pentair,M15,MeanReversion,"window=100,z=2.0",0.2109379230058227,0.5238784370477568,0.4631304626342644,1.265214569825504,708,True,5,0.0909366621624591,5
Pentair,M15,MeanReversion,"window=20,z=2.25",0.2927752065548178,0.612565445026178,0.5086541167275098,1.5550396697890705,387,True,4,0.15523605663278384,5
Pentair,M15,MeanReversion,"window=50,z=2.25",0.172346586683766,0.5238095238095238,0.5066939860487378,1.35125944069832,428,True,5,0.07728396785003544,5
Pentair,M15,MeanReversion,"window=100,z=2.25",0.1574870009341398,0.5303370786516854,0.4122950330761183,1.2936699494954853,457,True,5,0.09141847861979502,5
Pentair,M15,MeanReversion,"window=20,z=2.5",0.14272464160966636,0.5795918367346938,0.26372287504669634,1.3561502607457145,248,True,4,0.08965533094477085,5
Pentair,M15,MeanReversion,"window=50,z=2.5",0.13595014996742116,0.5578512396694215,0.47762839218110015,1.4622215007771011,247,True,4,0.0781069351058632,5
Pentair,M15,MeanReversion,"window=100,z=2.5",0.18403546703034568,0.5416666666666666,0.5396852499502296,1.5205274146074998,294,True,4,0.08000802195584855,5
Pentair,M15,MeanReversion,"window=20,z=2.75",0.15045843707584616,0.5789473684210527,0.5160439903242019,1.7406285215808734,152,True,4,0.0614729901976977,5
Pentair,M15,MeanReversion,"window=100,z=2.75",0.13983855026926362,0.5562130177514792,0.5154444806645385,1.622112050340638,170,True,4,0.06181811158783834,5
PerkinElmer,H1,MeanReversion,"window=50,z=1.5",0.19122824699014784,0.5233463035019456,0.12327949491150325,1.0470274585481574,1551,True,4,0.23894069166195986,5
PerkinElmer,H1,MeanReversion,"window=100,z=1.5",0.18849110627420473,0.5341207349081365,0.11924212404903962,1.046224431609063,1533,True,4,0.19559129877630854,5
PerkinElmer,H1,MeanReversion,"window=50,z=1.75",0.485716835209972,0.5487329434697856,0.4581169231174361,1.2031719133827137,1032,True,4,0.11476785954263635,5
PerkinElmer,H1,MeanReversion,"window=100,z=1.75",0.3036529680644039,0.5352504638218923,0.2499855642459269,1.1097102487952972,1084,True,4,0.26780793301584527,5
PerkinElmer,H1,MeanReversion,"window=20,z=2.0",0.17572060470649908,0.5326633165829145,0.21513393698093677,1.1146876895515738,603,True,4,0.147665958637185,5
PerkinElmer,H1,MeanReversion,"window=100,z=2.0",0.2654737045932618,0.5360230547550432,0.28331027307916906,1.151624891112694,698,True,4,0.14696011564558942,5
PerkinElmer,H1,MeanReversion,"window=20,z=2.25",0.23778719719986807,0.546742209631728,0.37249442095125906,1.2715352890863438,358,True,4,0.10795487532719594,5
PerkinElmer,H1,MeanReversion,"window=50,z=2.25",0.11773233981914277,0.5544041450777202,0.1527796896472074,1.1080183739692913,387,True,4,0.04463673684937519,5
PerkinElmer,H1,MeanReversion,"window=100,z=2.25",0.19960279395320624,0.5187793427230047,0.24457212858514166,1.1719229779582605,429,True,5,0.1363088993870578,5
PerkinElmer,H1,MeanReversion,"window=20,z=2.5",0.27983448343736717,0.5858585858585859,0.5454035229095288,1.6003328037066695,200,True,4,0.1362822171241932,5
PerkinElmer,H1,MeanReversion,"window=50,z=2.5",0.2054081309015542,0.5787037037037037,0.3728840698063839,1.3851836698264632,216,True,4,0.06218649942722898,5
PerkinElmer,H1,MeanReversion,"window=100,z=2.5",0.04095660208813856,0.504,0.06572316256477152,1.0545318280441736,251,True,5,0.11280124061822339,5
PerkinElmer,H1,MeanReversion,"window=20,z=2.75",0.06854452321636995,0.5565217391304348,0.16651225348880194,1.2078118699807683,116,True,4,0.08833574750703399,5
PerkinElmer,H1,MeanReversion,"window=100,z=2.75",0.09279314602664512,0.5102040816326531,0.16880653142060278,1.1885040207978042,146,True,5,0.10312659165494564,5
PerkinElmer,H4,MeanReversion,"window=100,z=2.25",0.4468144770938145,0.5195402298850574,0.2928644580955965,1.2125099315495234,437,True,4,0.31498460158268504,5
PerkinElmer,H4,MeanReversion,"window=50,z=2.5",0.10306534838673098,0.5198019801980198,0.09879597310613596,1.0950626840804814,203,True,4,0.16390710820745547,5
PerkinElmer,M15,MeanReversion,"window=20,z=1.5",0.5206087669537564,0.5405405405405406,0.5354067863507601,1.2082853230183386,1496,True,5,0.18889304839607868,5
PerkinElmer,M15,MeanReversion,"window=50,z=1.5",0.3895081097344174,0.5150784077201448,0.4253625709446373,1.1514411325460643,1689,True,4,0.1198544763166024,5
PerkinElmer,M15,MeanReversion,"window=20,z=1.75",0.47256348343672516,0.5457348406988695,0.550202525039868,1.2721438463232715,982,True,4,0.20340590918315993,5
PerkinElmer,M15,MeanReversion,"window=50,z=1.75",0.2394240186604083,0.5076370170709793,0.2938737856897573,1.1274905848831964,1131,True,5,0.0948307921017627,5
PerkinElmer,M15,MeanReversion,"window=100,z=1.75",0.2706806986130078,0.5129740518962076,0.3779171176324024,1.1755470295035995,1023,True,4,0.04095772174692813,5
PerkinElmer,M15,MeanReversion,"window=20,z=2.0",0.4257777411888196,0.5576923076923077,0.5978709560970213,1.3758871987918753,630,True,4,0.1309705480122917,5
PerkinElmer,M15,MeanReversion,"window=50,z=2.0",0.3235217950274072,0.5295774647887324,0.5087484335348602,1.2753352861788687,717,True,5,0.09915982328192174,5
PerkinElmer,M15,MeanReversion,"window=50,z=2.25",0.2993450378875564,0.5311778290993071,0.5809732048884996,1.4343238667293463,434,True,4,0.056094421588095855,5
PerkinElmer,M15,MeanReversion,"window=50,z=2.5",0.14238864779055316,0.5402298850574713,0.36744385516738637,1.307991134296662,261,True,4,0.037676457399802854,5
PerkinElmer,M15,MeanReversion,"window=50,z=2.75",0.20373411554299758,0.5443037974683544,0.6170934934947447,1.7889840478590817,158,True,5,0.03872207449202414,5
Pinnacle,H1,MeanReversion,"window=20,z=1.5",0.4623481828815632,0.5168690958164642,0.5795028628721923,1.2018347445117679,1503,True,4,0.12009197405155358,5
Pinnacle,H1,MeanReversion,"window=100,z=1.5",0.22403468731287535,0.49537037037037035,0.2790454471671906,1.0936579636050563,1532,True,4,0.08152307648071311,5
Pinnacle,H1,MeanReversion,"window=20,z=2.25",0.18500827431243416,0.5381944444444444,0.45700673008088744,1.3868930914164526,289,True,4,0.07462895733796082,5
Pinnacle,H1,MeanReversion,"window=20,z=2.5",0.13249916174272092,0.543046357615894,0.4289306526592809,1.5378909111670873,152,True,4,0.07248399139056172,5
Pinnacle,H4,MeanReversion,"window=50,z=1.5",0.2510794038709647,0.5003215434083601,0.10940728867723398,1.0406026657195044,1563,True,5,0.31408000285421567,5
Pinnacle,H4,MeanReversion,"window=100,z=1.5",0.6082169561282262,0.5042235217673814,0.2717956223363727,1.1051974038694412,1545,True,4,0.28820339066997236,5
Pinnacle,H4,MeanReversion,"window=100,z=1.75",0.6102186823461219,0.5123395853899309,0.30718449461110325,1.156686803585449,1017,True,5,0.41475042631507986,5
Pinnacle,H4,MeanReversion,"window=100,z=2.0",0.7329396346090098,0.5204778156996587,0.4591155523398152,1.3280897543752122,588,True,5,0.18062668086198808,5
Pinnacle,H4,MeanReversion,"window=100,z=2.25",0.5880131734345951,0.5208333333333334,0.4074432520816675,1.4266110814860644,338,True,4,0.09559806382537728,5
Pinnacle,M15,MeanReversion,"window=100,z=1.5",0.33808631499558484,0.5307377049180327,0.8430889637850711,1.3087577748942003,1508,True,4,0.06786367096585477,5
Pinnacle,M15,MeanReversion,"window=20,z=1.75",0.45680025408083225,0.5820433436532507,1.1683678205588557,1.5798717208452437,996,True,4,0.05700134790565692,5
Pinnacle,M15,MeanReversion,"window=50,z=1.75",0.40650793300927124,0.5588526211671613,1.1352665623599416,1.5453490955338856,1038,True,5,0.06898698616826171,5
Pinnacle,M15,MeanReversion,"window=20,z=2.0",0.3191934382022945,0.5900826446280992,0.959640499330892,1.6069351307419326,619,True,4,0.050818908048213096,5
Pinnacle,M15,MeanReversion,"window=50,z=2.0",0.285990617741506,0.5688225538971807,0.9716648849112234,1.6178932170855644,619,True,4,0.021311076784937377,5
Pinnacle,M15,MeanReversion,"window=100,z=2.0",0.1492806891759545,0.5225694444444444,0.5718552151269564,1.326227690252693,589,True,4,0.01111429515763429,5
Pinnacle,M15,MeanReversion,"window=20,z=2.25",0.2684931324212855,0.6261127596439169,0.9774871710385356,1.9036320993828986,344,True,4,0.0371525529389487,5
Pinnacle,M15,MeanReversion,"window=20,z=2.5",0.22577832779865692,0.6907216494845361,1.0252048258828659,2.4139271117311902,198,True,4,0.04773092919381283,5
Pinnacle,M15,MeanReversion,"window=50,z=2.5",0.18100935138943708,0.6192893401015228,0.9057808648333543,2.16814530746052,202,True,4,0.02178352216086543,5
Pinnacle,M15,MeanReversion,"window=20,z=2.75",0.162925307777128,0.7181818181818181,0.9938848588532133,3.1755565274521187,110,True,4,0.03481812157998365,5
Pinnacle,M15,TrendFollowing,"fast=8,slow=21",-0.26868754053154387,0.5021743632221992,-0.32697254518044744,0.9415087812373418,4999,True,4,0.05460410545476102,5
Pinnacle,M15,TrendFollowing,"fast=13,slow=34",-0.14561012309619104,0.5059018430316836,-0.17717002928874093,0.9678713807155094,4999,True,4,0.11366126531014009,5
Pioneer,H1,MeanReversion,"window=20,z=1.5",-0.05188829501417369,0.512987012987013,-0.03657141867574398,0.9874503234894999,1549,True,4,0.13460518881501826,5
Pioneer,H1,MeanReversion,"window=50,z=1.5",0.16583102097906388,0.5087939698492462,0.11525187938571267,1.0397641162313735,1600,True,4,0.04784556035746523,5
Pioneer,H1,MeanReversion,"window=20,z=1.75",-0.0040338055752277,0.5141129032258065,-0.003908177160033037,0.998385177191808,995,True,4,0.06432038138732399,5
Pioneer,H1,MeanReversion,"window=20,z=2.5",0.05583371124125558,0.5421686746987951,0.12826815570896247,1.126991050952615,168,True,4,0.06949096605581673,5
Pioneer,H1,TrendFollowing,"fast=5,slow=20",0.21013073622326994,0.5001004621257786,0.07848399159229238,1.015446725163447,4999,True,5,0.2649710691097247,5
Pioneer,H1,TrendFollowing,"fast=8,slow=21",0.07089089911656232,0.4994976893711071,0.026477518517326944,1.005184661090496,4999,True,4,0.24598065753038023,5
Pioneer,H4,MeanReversion,"window=20,z=1.75",0.7953571060585953,0.513215859030837,0.19401409655068444,1.1053691772894023,912,True,4,0.04474901568682754,5
Pioneer,H4,MeanReversion,"window=20,z=2.0",0.7670978075914173,0.5037453183520599,0.2335162051139757,1.1713000204326698,537,True,4,0.1914372121605712,5
Pioneer,H4,MeanReversion,"window=20,z=2.25",0.17929376128510688,0.4928571428571429,0.06937773319132483,1.0732260114829217,282,True,4,0.1848254651900647,5
Pioneer,M15,MeanReversion,"window=100,z=1.5",0.028594298589808997,0.4976303317535545,0.06446185316730625,1.021160353393909,1703,True,4,0.06008105736882163,5
Pioneer,M15,MeanReversion,"window=20,z=1.75",0.13336095492240163,0.5116022099447514,0.3147335823809846,1.1521225802737958,916,True,4,0.08877295581244182,5
Pioneer,M15,MeanReversion,"window=100,z=1.75",0.005458862426978128,0.48877374784110533,0.014570205427859558,1.0056312059635062,1168,True,4,0.04674674524363853,5
Pioneer,M15,MeanReversion,"window=20,z=2.0",0.13817226490122847,0.5225225225225225,0.3865172817586555,1.2492073582625114,562,True,5,0.1079819833531569,5
Pioneer,M15,MeanReversion,"window=100,z=2.0",-0.013795974939096456,0.49863387978142076,-0.04715967304507597,0.9782550137466988,736,True,4,0.02611375383473047,5
Pioneer,M15,MeanReversion,"window=20,z=2.25",0.12268573025696194,0.5197568389057751,0.39627817480020355,1.3516596478521399,331,True,5,0.07787637203491526,5
Pioneer,M15,MeanReversion,"window=20,z=2.5",0.035295150600313296,0.5172413793103449,0.17091632670428406,1.1602330854469824,203,True,4,0.036001494188029004,5
Quanta,H1,MeanReversion,"window=20,z=1.5",0.43762044952853285,0.5108254397834912,0.3273354377849922,1.1215994867441683,1479,True,5,0.24234784770344908,5
Quanta,H1,MeanReversion,"window=50,z=1.5",0.3264213211550714,0.4986979166666667,0.2529340950577857,1.0881364790262662,1536,True,5,0.18514183852698973,5
Quanta,H1,MeanReversion,"window=20,z=2.25",0.034663269952293074,0.49698795180722893,0.05661372501816469,1.0395601574055078,331,True,4,0.11512216697176414,5
Quanta,H1,MeanReversion,"window=50,z=2.75",0.10045482447933773,0.5862068965517241,0.2748351490289011,1.3491212657290765,115,True,4,0.0416007171353886,5
Quanta,H4,MeanReversion,"window=50,z=1.75",0.8004797536352771,0.5099904852521409,0.28217511025831504,1.144291179815734,1052,True,4,0.5986533257917723,5
Quanta,H4,MeanReversion,"window=100,z=1.75",0.15959296057067174,0.4877250409165303,0.055366439828653455,1.0235656007968588,1224,True,4,0.1406662805003286,5
Quanta,H4,MeanReversion,"window=50,z=2.0",0.22595296667327847,0.5052005943536404,0.10518941745600564,1.060494973362413,672,True,4,0.24367832960196423,5
Quanta,H4,MeanReversion,"window=100,z=2.0",-0.06635300199927374,0.4854981084489281,-0.027294828757534768,0.985726716011171,794,True,4,0.17082808762920043,5
Quanta,H4,MeanReversion,"window=50,z=2.25",-0.017689969386319393,0.5091863517060368,-0.010664369804527923,0.992279933140988,380,True,4,0.2725224958589788,5
Quanta,H4,MeanReversion,"window=100,z=2.25",0.3928667590082626,0.4989339019189765,0.1887654487627084,1.1404638573480321,468,True,4,0.2049257524513678,5
Quanta,H4,MeanReversion,"window=50,z=2.5",0.32525571586950675,0.5207373271889401,0.23483807918701177,1.257383589626476,216,True,5,0.35049560749187525,5
Quanta,H4,MeanReversion,"window=100,z=2.5",0.13032905787767224,0.5,0.07995678707702705,1.0732604589143144,273,True,4,0.09560199914818512,5
Quanta,H4,TrendFollowing,"fast=34,slow=89",1.1982482916041128,0.5171928413432536,0.22306878062479518,1.043645747534385,4999,True,4,0.20674545973390546,5
Quanta,M15,VolatilityExpansion,"ema=20,mult=2.0",-0.09449917064591684,0.4908062234794908,-0.140242179830647,0.9338071973355505,717,True,4,0.1156226436087705,5
Quanta,M15,VolatilityExpansion,"ema=20,mult=2.5",-0.09525347225978997,0.49019607843137253,-0.16576746533108996,0.8978448576523566,414,True,4,0.09124215203149666,5
Quanta,M15,VolatilityExpansion,"ema=20,mult=3.0",-0.06136744270547223,0.4909090909090909,-0.14049542793139622,0.8899806977381602,221,True,4,0.06393570431392115,5
RaymondJames,H1,MeanReversion,"window=20,z=1.5",0.39048499091330546,0.5142487046632125,0.36077756238485437,1.132724459696498,1553,True,5,0.20919515652614507,5
RaymondJames,H1,TrendFollowing,"fast=8,slow=21",0.10508522336287096,0.5089663509973806,0.049998148401215824,1.0100764478350615,4999,True,4,0.1570022456441732,5
RaymondJames,H1,TrendFollowing,"fast=10,slow=30",0.14405598286885435,0.5113842434011686,0.0685402152200714,1.0138391466988215,4999,True,5,0.2769640508980512,5
RaymondJames,H1,TrendFollowing,"fast=21,slow=55",0.2704152920462648,0.5055410034253476,0.12866357952518692,1.0261368507035953,4999,True,4,0.30102847291680146,5
RaymondJames,H4,MeanReversion,"window=50,z=1.5",-0.14965891017189714,0.4959941733430444,-0.057779820169733834,0.9794670873795128,1383,True,4,0.18477034431809203,5
RaymondJames,H4,MeanReversion,"window=20,z=2.0",-0.08796135268863337,0.492,-0.06614332265502826,0.965252830266867,501,True,4,0.05818947580358236,5
RaymondJames,H4,MeanReversion,"window=50,z=2.25",0.05245030961364627,0.4956268221574344,0.03249053922572319,1.024531579163701,346,True,4,0.15007528612426113,5
RaymondJames,H4,MeanReversion,"window=50,z=2.5",0.15260357898892862,0.495,0.10589861405746585,1.1119288256069355,201,True,4,0.15764894947187091,5
RaymondJames,H4,TrendFollowing,"fast=21,slow=55",-0.9176397672573187,0.49729220626324466,-0.21442458057797872,0.9599274470582713,4278,True,4,0.25734716330327456,5
RaymondJames,H4,TrendFollowing,"fast=34,slow=89",-1.2454629270120947,0.5024723334118201,-0.2910492751212377,0.945998225017994,4278,True,4,0.4931188362283415,5
RaymondJames,M15,MeanReversion,"window=20,z=1.5",0.42627595062196155,0.5271105010295127,0.6253956660208153,1.2571256063726701,1484,True,5,0.12407800327138485,5
RaymondJames,M15,MeanReversion,"window=20,z=1.75",0.32619976874701395,0.5363357215967247,0.5279909106857819,1.2693742663183454,997,True,5,0.09533763721559763,5
RaymondJames,M15,MeanReversion,"window=20,z=2.5",0.08489435117174315,0.5252100840336135,0.2326327873499443,1.2070912586069775,246,True,4,0.027848769868234702,5
RaymondJames,M15,MeanReversion,"window=50,z=2.5",0.2154949171889068,0.5747126436781609,0.7580313933402566,1.7796164909611483,267,True,5,0.05438283952852463,5
RaymondJames,M15,MeanReversion,"window=20,z=2.75",0.14699316143852148,0.5364238410596026,0.5378125845059237,1.6912371225561047,156,True,4,0.012539702555122823,5
RaymondJames,M15,MeanReversion,"window=50,z=2.75",0.18219011766554505,0.6118421052631579,0.7679546134377164,2.140832349248198,155,True,4,0.05078006065857055,5
RaymondJames,M15,MeanReversion,"window=20,z=3.0",0.12315698710130563,0.5555555555555556,0.5234442113362088,1.8962888726634524,101,True,4,0.015483802811674274,5
RaymondJames,M15,MeanReversion,"window=20,z=3.25",0.09825642747481256,0.5833333333333334,0.5242011330759552,2.4113327903545745,60,True,4,0.02529727418203076,5
RaymondJames,M15,TrendFollowing,"fast=8,slow=21",-0.19394153331092867,0.49624212878326224,-0.1617968584585277,0.9664023856730556,4999,True,4,0.06620247077873953,5
RaymondJames,M15,TrendFollowing,"fast=10,slow=30",-0.42809941186366185,0.4936014625228519,-0.35721630979131,0.9273121354268525,4999,True,5,0.09718226686554898,5
RaymondJames,M15,TrendFollowing,"fast=13,slow=34",-0.41320612091005904,0.4942108470444851,-0.34478302514083614,0.9297520772676421,4999,True,4,0.07063568989118141,5
RepublicServices,H1,MeanReversion,"window=100,z=1.5",0.081445466249079,0.49466192170818507,0.11452920445567241,1.0369363576351036,1697,True,4,0.09112856454581286,5
RepublicServices,H1,MeanReversion,"window=100,z=1.75",0.025414192453466766,0.4912718204488778,0.04414419069989942,1.0161496460958241,1210,True,4,0.083222034041193,5
RepublicServices,H1,MeanReversion,"window=20,z=2.0",0.13536894521702802,0.5033444816053512,0.3186037943437545,1.1793469085535446,603,True,4,0.015878439460910054,5
RepublicServices,H1,MeanReversion,"window=50,z=2.0",0.12849236385567753,0.5073099415204678,0.2763381630481438,1.1458061963875321,691,True,4,0.09114314981620297,5
RepublicServices,H1,MeanReversion,"window=100,z=2.0",0.028122255628200366,0.4942084942084942,0.059422226006940373,1.0274818555789695,781,True,4,0.05693037358589925,5
RepublicServices,H1,MeanReversion,"window=50,z=2.5",0.01220213213506205,0.5324074074074074,0.04672834945210159,1.0397811626379891,217,True,4,0.030966996492168164,5
RepublicServices,H1,MeanReversion,"window=20,z=2.75",0.08493017148861415,0.6,0.4498058048777235,1.8256963717531918,84,True,4,0.018050923956136944,5
RepublicServices,H1,MeanReversion,"window=50,z=2.75",-0.0029876142526347182,0.5396825396825397,-0.015402253832135934,0.9839755886391077,126,True,4,0.0116907077072681,5
RepublicServices,H4,MeanReversion,"window=20,z=1.5",0.5606111045522677,0.5066666666666667,0.32518699324956896,1.1255148276994327,1509,True,4,0.26277536503495547,5
RepublicServices,H4,MeanReversion,"window=50,z=1.5",0.2558844310298628,0.4936936936936937,0.1471431570830896,1.0514505266800436,1673,True,4,0.24788848361426963,5
RepublicServices,H4,MeanReversion,"window=20,z=2.0",0.721784198839215,0.5397412199630314,0.688536987825553,1.4864692339910988,544,True,4,0.2916584645348791,5
RepublicServices,H4,MeanReversion,"window=20,z=2.5",0.3562161084235135,0.5755395683453237,0.5986475082461994,1.9854844991954839,139,True,4,0.0899821053106743,5
RepublicServices,H4,TrendFollowing,"fast=34,slow=89",0.26604587342538133,0.5188470066518847,0.08741348209792103,1.0169907971341825,4999,True,5,0.4896832812173322,5
RepublicServices,H4,TrendFollowing,"fast=50,slow=200",1.0383818335235673,0.5301350534166499,0.3412500567324824,1.0679922315662158,4999,True,4,0.4934973757800494,5
RepublicServices,M15,MeanReversion,"window=50,z=1.5",0.2599329724607876,0.5235494880546075,0.6375855732812888,1.2434298486819202,1483,True,5,0.07109705777861253,5
RepublicServices,M15,MeanReversion,"window=100,z=1.5",0.13593340513774244,0.5023442732752846,0.31551525809896386,1.117844409954334,1518,True,5,0.07543802351721063,5
RepublicServices,M15,MeanReversion,"window=20,z=1.75",0.34082343449367425,0.5345188284518828,0.8985559622624589,1.4492868477674996,976,True,5,0.060138516859862046,5
RepublicServices,M15,MeanReversion,"window=50,z=1.75",0.19859055500190426,0.5279503105590062,0.5606235397223444,1.2680240790645199,979,True,5,0.07291765901086822,5
RepublicServices,M15,MeanReversion,"window=100,z=1.75",0.13604109459473324,0.5051449953227315,0.39845100849209386,1.1701435370909543,1086,True,4,0.04550604281356929,5
RepublicServices,M15,MeanReversion,"window=20,z=2.0",0.24796181547279839,0.5261382799325464,0.768636387381231,1.491874753422676,602,True,4,0.03908930488995632,5
RepublicServices,M15,MeanReversion,"window=50,z=2.0",0.09770419413270393,0.5304054054054054,0.3235447589488,1.1907252783262146,600,True,4,0.026001811753406323,5
RepublicServices,M15,MeanReversion,"window=100,z=2.0",0.0892597890033,0.5189504373177842,0.33274017690777086,1.1723063003373078,698,True,4,0.034637612377852456,5
RepublicServices,M15,MeanReversion,"window=50,z=2.25",0.0834096800083498,0.5464788732394367,0.3381476646081477,1.2522872082272338,360,True,4,0.03352933677981007,5
RepublicServices,M15,MeanReversion,"window=50,z=2.5",0.08732163722911679,0.5458515283842795,0.440060326546058,1.4353297083341414,233,True,4,0.03651142586647371,5
RepublicServices,M15,TrendFollowing,"fast=5,slow=20",-0.12049095459769243,0.5021389284986759,-0.15104499621954992,0.9701177088842552,4999,True,4,0.08577633489873415,5
Resmed,H1,MeanReversion,"window=50,z=1.5",0.2108612409224775,0.5294117647058824,0.14875287903723272,1.0641365388166046,1413,True,4,0.20033748744608737,5
Resmed,H1,MeanReversion,"window=100,z=1.5",0.3673299105436092,0.5188547486033519,0.28872778796962656,1.1165026814875612,1438,True,5,0.23737602948717162,5
Resmed,H1,MeanReversion,"window=100,z=1.75",0.15162561427533527,0.5229826353421859,0.13532391692135728,1.0654617547311094,981,True,4,0.12465123731479988,5
Resmed,H1,MeanReversion,"window=100,z=2.25",0.18721978542235806,0.5452380952380952,0.21865591137678053,1.1753052548670908,420,True,4,0.0628943769676622,5
Resmed,H1,VolatilityExpansion,"ema=20,mult=2.5",0.200444999181023,0.48853211009174313,0.22583804733698812,1.1737827043682074,438,True,4,0.142223523936572,5
Resmed,H1,VolatilityExpansion,"ema=20,mult=3.0",0.05534513777842964,0.4827586206896552,0.08933669169541872,1.08112449529303,232,True,4,0.1308616413632291,5
Resmed,H1,VolatilityExpansion,"ema=20,mult=3.5",0.08051840171325197,0.496,0.1584152009959954,1.2114178550565373,124,True,4,0.10243540580669552,5
Resmed,H4,MeanReversion,"window=50,z=1.75",0.853869089973677,0.5,0.36226382271606866,1.1794707934149542,1047,True,5,0.41601665248175745,5
Resmed,H4,MeanReversion,"window=50,z=2.0",0.706865375562313,0.5176110260336907,0.3561825576802184,1.2361800407918244,653,True,4,0.17331143294694817,5
Resmed,M15,MeanReversion,"window=20,z=1.5",0.88520879883802,0.5724962630792227,1.2114060853731607,1.6563144684426565,1359,True,4,0.1410278141829353,5
Resmed,M15,MeanReversion,"window=50,z=1.5",0.7696884300792919,0.5542607428987618,1.2187022719662204,1.5962604256766637,1402,True,4,0.09937852772424793,5
Resmed,M15,MeanReversion,"window=100,z=1.75",0.4785924155948481,0.549792531120332,0.8867867058612633,1.5212621670233488,983,True,5,0.08687012602826927,5
Resmed,M15,MeanReversion,"window=20,z=2.0",0.6252856077521703,0.600358422939068,1.0476351827377532,2.0529480538859595,564,True,4,0.13491652876494498,5
Resmed,M15,MeanReversion,"window=50,z=2.0",0.4381592351847542,0.5721925133689839,1.0328405973164827,1.799841483722722,568,True,4,0.11863097444823212,5
Resmed,M15,MeanReversion,"window=100,z=2.0",0.37153357851396773,0.576530612244898,0.8978640040882447,1.6514298572583435,596,True,5,0.06434572809069561,5
Resmed,M15,MeanReversion,"window=20,z=2.25",0.4496834082441048,0.6109510086455331,1.0831940076906437,2.26120814458482,348,True,4,0.10014509809901395,5
Resmed,M15,MeanReversion,"window=50,z=2.25",0.3197641438215867,0.5730337078651685,0.8709410205535384,1.858991561596979,360,True,4,0.059483300173428844,5
Resmed,M15,MeanReversion,"window=100,z=2.25",0.2432365323575727,0.5755813953488372,0.7533012657189418,1.656138738523505,346,True,4,0.04784219330617634,5
Resmed,M15,MeanReversion,"window=100,z=2.5",0.13076241349652107,0.5775862068965517,0.4785592474196859,1.4557152774242064,233,True,4,0.03518866872691784,5
Resmed,M15,MeanReversion,"window=50,z=2.75",0.1263606035522552,0.5804195804195804,0.49029493219026915,1.6497748331257318,143,True,4,0.012766654953742296,5
Rollins,H1,MeanReversion,"window=50,z=2.25",0.04086873098144528,0.4733178654292343,0.0655096783692436,1.0457840742035553,445,True,4,0.05130803320355892,5
Rollins,H1,MeanReversion,"window=50,z=2.5",-0.017988708456142977,0.43478260869565216,-0.03437424580149764,0.9687471767482253,260,True,4,0.03507945372944121,5
Rollins,H1,MeanReversion,"window=20,z=2.75",0.0007122432875700246,0.47058823529411764,0.002976208737596971,1.0047274654507077,68,True,5,0.028713086407568533,5
Rollins,H4,MeanReversion,"window=100,z=1.5",0.8076980588275988,0.508235294117647,0.44394095564707303,1.1684853644213378,1300,True,4,0.33481387208420166,5
Rollins,H4,MeanReversion,"window=50,z=1.75",0.40196275136279946,0.49436936936936937,0.2557233539101109,1.1166104170883566,907,True,4,0.36418891782536356,5
Rollins,H4,MeanReversion,"window=100,z=1.75",0.5373788705059634,0.5064629847238543,0.3609761244736336,1.1734157361314355,866,True,4,0.27198600469542733,5
Rollins,H4,MeanReversion,"window=50,z=2.0",0.5463927217140159,0.5009345794392523,0.40563604898510586,1.259394833920171,550,True,4,0.3045174965372045,5
Rollins,H4,MeanReversion,"window=100,z=2.0",0.2259733540357708,0.4860335195530726,0.18908093531453962,1.108576123474991,547,True,5,0.18996267506045228,5
Rollins,H4,MeanReversion,"window=20,z=2.25",0.27676265765964814,0.5095057034220533,0.26350924394362135,1.248435031014635,268,True,4,0.14304349068907296,5
Rollins,H4,MeanReversion,"window=100,z=2.25",0.25333594203003595,0.4983277591973244,0.2889281261925483,1.2336437840638466,306,True,5,0.19652589229230089,5
Rollins,H4,MeanReversion,"window=20,z=2.5",0.2808589461202452,0.5069444444444444,0.3159811218327762,1.4496962201437573,147,True,4,0.16531372533520639,5
Rollins,M15,MeanReversion,"window=20,z=1.5",0.38436617906825277,0.5540540540540541,0.7522131891005536,1.3167150657479902,1384,True,5,0.103394596701753,5
Rollins,M15,MeanReversion,"window=50,z=1.5",0.29439939496856127,0.535181236673774,0.6082070502065897,1.2314299555692032,1480,True,4,0.040701544836235226,5
Rollins,M15,MeanReversion,"window=20,z=1.75",0.33796301884414426,0.560622914349277,0.7641064018263616,1.3973345546890186,929,True,4,0.061118697702502445,5
Rollins,M15,MeanReversion,"window=50,z=1.75",0.2567559020793696,0.5424083769633508,0.6379653850814582,1.3035703581923177,997,True,4,0.0491298810186096,5
Rollins,M15,MeanReversion,"window=20,z=2.0",0.2866268450240873,0.5563380281690141,0.7267729248586033,1.49884493180291,587,True,4,0.058548951421809936,5
Rollins,M15,MeanReversion,"window=20,z=2.25",0.27210572563194846,0.5548961424332344,0.775897349057268,1.7701482095128653,346,True,4,0.031045936220466253,5
Rollins,M15,MeanReversion,"window=50,z=2.25",0.18192282317393837,0.5607734806629834,0.6122109072337668,1.5219681009225352,377,True,5,0.036848460118953374,5
Roper,H1,MeanReversion,"window=50,z=1.5",0.2719921127394316,0.5058823529411764,0.3405453368978795,1.1219872284951697,1452,True,4,0.19935690927434047,5
Roper,H1,MeanReversion,"window=100,z=1.5",0.5041757988325236,0.5155555555555555,0.6258684030731582,1.2529874291516057,1355,True,5,0.20731890361942285,5
Roper,H1,MeanReversion,"window=20,z=1.75",0.21120176077846264,0.5394144144144144,0.34955095213186765,1.1618305886773075,892,True,4,0.06203694790757208,5
Roper,H1,MeanReversion,"window=50,z=1.75",0.1969424701024015,0.5098231827111984,0.28577483217485466,1.1241597513251624,1022,True,4,0.08080763642134414,5
Roper,H1,MeanReversion,"window=100,z=1.75",0.4424117959551733,0.5164113785557987,0.6319553560865938,1.32425079194521,917,True,5,0.15993426559729618,5
Roper,H1,MeanReversion,"window=50,z=2.0",0.2461442555709109,0.524517087667162,0.4349770614212357,1.2494906997405242,676,True,4,0.07117414809464817,5
Roper,H1,MeanReversion,"window=100,z=2.0",0.2767710948525527,0.5067114093959731,0.46199371629581026,1.3009693977590435,597,True,5,0.0887824580602854,5
Roper,H1,MeanReversion,"window=50,z=2.25",0.14223331484710133,0.5070422535211268,0.291329901865278,1.2073490349869611,428,True,4,0.04052530399971721,5
Roper,H1,MeanReversion,"window=100,z=2.25",0.25835640349008937,0.5264705882352941,0.5525248483918161,1.4986593465205902,339,True,5,0.035793283778727814,5
Roper,H4,MeanReversion,"window=20,z=1.5",1.3931937461988495,0.5305131761442441,0.6807530940526728,1.2787800616253542,1444,True,4,0.14628072646382573,5
Roper,H4,MeanReversion,"window=50,z=1.5",1.1934202773989608,0.5252525252525253,0.511043640743044,1.2103580256181492,1587,True,4,0.10689604221458904,5
Roper,H4,MeanReversion,"window=20,z=1.75",1.1268443109836015,0.5420258620689655,0.7020075956961696,1.364055431176723,929,True,5,0.29448826362273306,5
Roper,H4,MeanReversion,"window=20,z=2.0",0.9187525556692658,0.5432098765432098,0.6933757111558888,1.4923117970581787,568,True,4,0.3533493033642313,5
Roper,H4,MeanReversion,"window=50,z=2.0",0.7600646667190597,0.5192307692307693,0.46378863464974035,1.3350756118313316,626,True,4,0.1188199896979576,5
Roper,H4,MeanReversion,"window=100,z=2.0",0.7359262282303395,0.5052083333333334,0.44421257319652446,1.2836900936189073,769,True,4,0.08209394260858682,5
Roper,H4,MeanReversion,"window=20,z=2.25",0.643754228342608,0.5643564356435643,0.6656794997497301,1.6710360395472221,304,True,5,0.22766394541002044,5
Roper,H4,MeanReversion,"window=20,z=2.5",0.2738127156531509,0.6290322580645161,0.46217160720355294,1.7647095318750063,125,True,5,0.10472024794780643,5
Roper,M15,MeanReversion,"window=100,z=1.5",0.3345723823269213,0.5288611544461779,0.6351025544229822,1.278104097666524,1313,True,4,0.05042595666216909,5
Roper,M15,MeanReversion,"window=100,z=1.75",0.2269586359299911,0.5301075268817205,0.49356735278839287,1.2586250677367194,949,True,4,0.03272944830749813,5
Roper,M15,MeanReversion,"window=100,z=2.0",0.1697148969586214,0.5310457516339869,0.42137464949082215,1.2716691106695441,623,True,4,0.030495775281812465,5
Roper,M15,MeanReversion,"window=20,z=2.25",0.26989430660893454,0.589041095890411,0.8076397467381564,1.7109809691985807,369,True,4,0.03721605575762621,5
Roper,M15,MeanReversion,"window=20,z=2.5",0.20803316835730046,0.5990990990990991,0.7646593472737497,1.9177348777880185,226,True,5,0.027094135534927566,5
Roper,M15,MeanReversion,"window=20,z=2.75",0.11332478088847098,0.5714285714285714,0.5109716494835717,1.775284998758593,135,True,4,0.019145008351627357,5
SeattleGenetics,H1,MeanReversion,"window=20,z=1.5",0.045660733773494444,0.49794520547945204,0.03265942919722462,1.011595640100399,1473,True,4,0.12966335044267763,5
SeattleGenetics,H1,MeanReversion,"window=50,z=1.75",-0.19316577775496135,0.4812734082397004,-0.13460429443327507,0.93872328720628,1083,True,4,0.08853321818089432,5
SeattleGenetics,H1,MeanReversion,"window=20,z=2.0",-0.03156977251005566,0.511504424778761,-0.033609832740689266,0.9810542907167182,569,True,4,0.07433589183313394,5
SeattleGenetics,H1,MeanReversion,"window=50,z=2.0",0.18894358550823032,0.4883720930232558,0.16305458394631403,1.0983338646555938,697,True,4,0.11540509654971087,5
SeattleGenetics,H1,MeanReversion,"window=20,z=2.25",-0.03817341662604745,0.5127388535031847,-0.05120548601507527,0.9602092273167543,316,True,4,0.09526915088479582,5
SeattleGenetics,H1,MeanReversion,"window=50,z=2.25",0.2826148726100012,0.5,0.28138238177165187,1.2442304187688227,395,True,5,0.09505953760358332,5
SeattleGenetics,H1,MeanReversion,"window=20,z=2.5",0.03455221704005318,0.5494505494505495,0.054948538731631115,1.0613837090510165,181,True,4,0.10296926567265874,5
SeattleGenetics,H1,MeanReversion,"window=50,z=2.5",0.1021003475538158,0.5082644628099173,0.14584038866089624,1.1402235091122859,243,True,5,0.13365964499372995,5
SeattleGenetics,H1,TrendFollowing,"fast=34,slow=89",0.8692586279827929,0.5038383838383839,0.31115289641629224,1.069227286346455,4999,True,4,0.11966915644221154,5
SeattleGenetics,H4,MeanReversion,"window=100,z=1.5",inf,0.5157509157509158,,inf,1371,True,4,inf,5
SeattleGenetics,H4,MeanReversion,"window=20,z=2.25",inf,0.5420875420875421,,inf,297,True,4,inf,5
SeattleGenetics,H4,MeanReversion,"window=100,z=2.5",inf,0.5136186770428015,,inf,257,True,4,inf,5
SeattleGenetics,H4,MeanReversion,"window=20,z=2.75",inf,0.6363636363636364,,inf,76,True,4,inf,5
SeattleGenetics,M15,MeanReversion,"window=20,z=1.5",0.10579560422085543,0.5373250388802489,0.21398859372581866,1.1410219522895249,1340,True,4,0.0717484639356446,5
SeattleGenetics,M15,MeanReversion,"window=50,z=1.5",0.17532450122611842,0.5184659090909091,0.682524701331029,1.2899480262275607,1491,True,4,0.035960824046301965,5
SeattleGenetics,M15,MeanReversion,"window=20,z=1.75",0.15751454801939746,0.5571748878923767,0.3613544570289578,1.3025902676148644,925,True,4,0.047579050696753056,5
SeattleGenetics,M15,MeanReversion,"window=50,z=1.75",0.15521153784262032,0.5252631578947369,0.6807054586476587,1.3637606546357017,994,True,4,0.030658741394499422,5
SeattleGenetics,M15,MeanReversion,"window=100,z=1.75",0.19476040087495727,0.5228821811100293,0.7167910209154872,1.4582957712138807,1100,True,4,0.02826024653399184,5
SeattleGenetics,M15,MeanReversion,"window=20,z=2.0",0.14747772302202133,0.5817555938037866,0.359159946601539,1.3954048757639923,597,True,4,0.039754796159785166,5
SeattleGenetics,M15,MeanReversion,"window=50,z=2.0",0.17940674049368455,0.5506535947712419,0.8799658813968346,1.665026086378885,643,True,4,0.03983941087977261,5
SeattleGenetics,M15,MeanReversion,"window=100,z=2.0",0.17127450686354118,0.5485362095531587,0.8752075318861867,1.6358687540863897,694,True,4,0.02353043821539058,5
SeattleGenetics,M15,MeanReversion,"window=20,z=2.25",0.10755209203844707,0.5824175824175825,0.26978886157349075,1.3847666912155094,376,True,4,0.01725035505664707,5
SeattleGenetics,M15,MeanReversion,"window=50,z=2.25",0.1506297520910762,0.5649867374005305,0.8051459962349815,1.8103013700842299,396,True,4,0.027471576376016493,5
SeattleGenetics,M15,MeanReversion,"window=100,z=2.25",0.1280309344685231,0.5676392572944297,0.7912200884685654,1.7844953746612986,404,True,4,0.02286233869969223,5
SeattleGenetics,M15,MeanReversion,"window=20,z=2.5",0.10827014789106426,0.6045454545454545,0.3015361768978785,1.593858233651409,228,True,5,0.04396057159591793,5
SeattleGenetics,M15,MeanReversion,"window=50,z=2.5",0.14229863152519384,0.602510460251046,0.8332151806337607,2.200878505428035,248,True,4,0.02976477018492052,5
SeattleGenetics,M15,MeanReversion,"window=100,z=2.5",0.1267146335868592,0.5967078189300411,0.9003454782576544,2.3356897024568606,262,True,5,0.033631501935681984,5
SeattleGenetics,M15,MeanReversion,"window=20,z=2.75",0.15139746974792467,0.6549295774647887,0.9917086667486757,3.3333849177015704,146,True,4,0.03636034774050234,5
SeattleGenetics,M15,MeanReversion,"window=50,z=2.75",0.13265122147621444,0.6164383561643836,0.8428416165351267,2.829936856178042,151,True,4,0.02516887330576345,5
SeattleGenetics,M15,TrendFollowing,"fast=13,slow=34",-0.18591050098356088,0.5041113219481341,-0.20576735592628348,0.9213336666444278,4999,True,4,0.10035586722205958,5
SeattleGenetics,M15,TrendFollowing,"fast=21,slow=55",-0.1931434232236755,0.5074847143158339,-0.2137742418959671,0.9183979948567828,4999,True,4,0.11608596427618856,5
SeattleGenetics,M15,TrendFollowing,"fast=34,slow=89",-0.20980923050515599,0.5026354627872655,-0.23222401636658754,0.9116677683053284,4999,True,4,0.1178740666699557,5
SeattleGenetics,M15,TrendFollowing,"fast=50,slow=200",-0.002807219572714237,0.4952561669829222,-0.003106794007383212,0.9987642797690237,4999,True,4,0.10973122156028092,5
Snap-On,H1,MeanReversion,"window=50,z=1.5",0.1390785852015436,0.50682261208577,0.14693385710630863,1.0505192529702994,1546,True,4,0.0974200206605832,5
Snap-On,H1,MeanReversion,"window=20,z=1.75",0.2620204307815861,0.5276008492569002,0.35931557106601875,1.1595595155396994,946,True,4,0.12818248578446612,5
Snap-On,H1,MeanReversion,"window=50,z=2.0",0.0008009169556887352,0.5073313782991202,0.0013160420939295737,1.0006195980977306,684,True,4,0.044001045132963434,5
Snap-On,H1,MeanReversion,"window=100,z=2.0",0.2556791783532677,0.5171898355754858,0.37801182249779264,1.208907785333229,673,True,4,0.03788732765451375,5
Snap-On,H1,TrendFollowing,"fast=13,slow=34",-0.12063789538609926,0.5002011263073209,-0.06812463766322188,0.9866453566182244,4999,True,4,0.3488714693286523,5
Snap-On,H1,TrendFollowing,"fast=21,slow=55",-0.12703649564893305,0.50201126307321,-0.0717380213566468,0.9859420088889838,4999,True,4,0.39644778812590875,5
Snap-On,H1,TrendFollowing,"fast=34,slow=89",-0.32700278239922975,0.49698310539018503,-0.18467040087499365,0.9642095253894883,4999,True,4,0.41672266871491703,5
Snap-On,H1,TrendFollowing,"fast=50,slow=200",-0.2519185436322563,0.497385358004827,-0.14226367818193295,0.9723137374319765,4999,True,5,0.4490413164485696,5
Snap-On,H4,MeanReversion,"window=50,z=1.5",0.9322956697248136,0.5279146141215106,0.4367403775393404,1.1797503644937508,1221,True,4,0.37937296358529804,5
Snap-On,H4,MeanReversion,"window=100,z=1.5",0.6056060405886704,0.5217391304347826,0.279534824477351,1.1095412761004744,1266,True,4,0.2912999595152287,5
Snap-On,H4,MeanReversion,"window=100,z=1.75",0.9501260081873543,0.5421836228287841,0.5068766731733882,1.2729601556549086,807,True,4,0.2178582881990746,5
Snap-On,H4,MeanReversion,"window=100,z=2.0",0.5814244680894128,0.5569620253164557,0.36572104864689364,1.2610997194742875,474,True,5,0.21778538042843443,5
Snap-On,H4,MeanReversion,"window=50,z=2.25",0.6706830233951576,0.5625,0.6263183391697493,1.6103043025775503,287,True,5,0.14534243694408866,5
Snap-On,M15,MeanReversion,"window=20,z=1.5",0.99642683063537,0.5946745562130178,1.4751914498298888,1.7014374855328984,1404,True,5,0.3626579790651222,5
Snap-On,M15,MeanReversion,"window=50,z=1.5",0.8327624331010278,0.5692530819434373,1.3440261709084884,1.5827522574494741,1436,True,5,0.28210349919792754,5
Snap-On,M15,MeanReversion,"window=100,z=1.5",0.5213821114872804,0.5446043165467626,0.7699706529914553,1.3234368119403948,1446,True,5,0.20123548997587282,5
Snap-On,M15,MeanReversion,"window=20,z=1.75",0.8008027784856212,0.6022222222222222,1.4883798378534716,1.8493345573592581,928,True,5,0.2697736283406068,5
Snap-On,M15,MeanReversion,"window=50,z=1.75",0.7175106441221923,0.5884244372990354,1.3522088537110897,1.7726334058957898,968,True,5,0.26851571084328074,5
Snap-On,M15,MeanReversion,"window=100,z=1.75",0.5380967445676794,0.5450733752620545,0.9870655803340581,1.5158852343012401,990,True,5,0.1622870103391535,5
Snap-On,M15,MeanReversion,"window=20,z=2.0",0.6264343333215554,0.6128472222222222,1.3454507280136105,2.0400426527444306,592,True,5,0.24157635432609148,5
Snap-On,M15,MeanReversion,"window=50,z=2.0",0.49948704209973405,0.6027164685908319,1.1749458761747595,1.839674059420315,607,True,5,0.1905314378298294,5
Snap-On,M15,MeanReversion,"window=100,z=2.0",0.46035469762465164,0.5662460567823344,0.9483414190385134,1.6308868447163034,659,True,5,0.12567925661687473,5
Snap-On,M15,MeanReversion,"window=20,z=2.25",0.49796326617223696,0.6337209302325582,1.29148575227358,2.4014006878588035,353,True,5,0.1898445396103674,5
Snap-On,M15,MeanReversion,"window=50,z=2.25",0.38461707506696596,0.606951871657754,1.0192068715390663,1.949243945402437,383,True,5,0.12427691548224629,5
Snap-On,M15,MeanReversion,"window=100,z=2.25",0.3116075356798649,0.5763546798029556,0.809812684236935,1.6749001584633667,420,True,5,0.12786766114556058,5
Snap-On,M15,MeanReversion,"window=20,z=2.5",0.35439105528495385,0.6272727272727273,1.0586904222443032,2.4421486374948085,225,True,5,0.13196137381376194,5
Snap-On,M15,MeanReversion,"window=50,z=2.5",0.222720040357126,0.6036036036036037,0.7099109608639746,1.8181319337192814,224,True,5,0.0902894085369168,5
Snap-On,M15,MeanReversion,"window=100,z=2.5",0.21788222897571063,0.5950413223140496,0.6956389912261332,1.7632923485312382,247,True,4,0.10736168586498684,5
Snap-On,M15,MeanReversion,"window=20,z=2.75",0.25235755110268565,0.626984126984127,0.9002247988255099,2.8185549102401404,128,True,5,0.08354000336412404,5
Stellantis,H1,MeanReversion,"window=20,z=1.75",-0.06587944102308618,0.5091352009744214,-0.062421600237996644,0.969788691294431,833,True,4,0.0993449013317631,5
Stellantis,H1,MeanReversion,"window=20,z=2.0",-0.07368504268675469,0.5096899224806202,-0.08639654162669058,0.9501734213643338,523,True,4,0.0728030168617193,5
Stellantis,H1,MeanReversion,"window=100,z=2.0",-0.28978093384526005,0.47994467496542187,-0.25513904559653977,0.8639360970109053,737,True,4,0.013891573176478489,5
Stellantis,H1,MeanReversion,"window=20,z=2.5",0.00485075919846234,0.5,0.009668644282230564,1.0094393069753622,170,True,4,0.012259091827176882,5
Stellantis,H1,MeanReversion,"window=50,z=2.5",-0.12663302531238807,0.49812734082397003,-0.19248285485251287,0.8542145617820659,271,True,4,0.021488271576936224,5
Stellantis,H1,MeanReversion,"window=50,z=2.75",-0.06409083476146749,0.49673202614379086,-0.1306582900358007,0.8663084328965109,155,True,4,0.03959017586546976,5
Stellantis,H1,TrendFollowing,"fast=8,slow=21",0.43651252086383874,0.5055814897503552,0.16584275179666486,1.0362334525736825,4999,True,4,0.5545555303779637,5
Stellantis,H1,TrendFollowing,"fast=10,slow=30",0.2992489473281392,0.5043637101684595,0.11368936935868222,1.024698952482597,4999,True,4,0.4915515630516756,5
Stellantis,H4,TrendFollowing,"fast=5,slow=20",1.7543383052565547,0.518429003021148,0.4006477333839176,1.0800453098500369,4999,True,4,0.7006103329412252,5
Stellantis,H4,VolatilityExpansion,"ema=20,mult=1.5",1.211516127345362,0.5271530444322545,0.42889568186168564,1.1501978748553818,1836,True,4,0.27612526192829234,5
Stellantis,H4,VolatilityExpansion,"ema=20,mult=2.5",0.3390612188624508,0.5180327868852459,0.2080320286769256,1.1213486790583123,615,True,5,0.2554179557181747,5
Stellantis,H4,VolatilityExpansion,"ema=50,mult=2.5",0.8993620197807233,0.5253505933117584,0.31143238216451063,1.107873351140871,1870,True,4,0.25582129350914085,5
Stellantis,H4,VolatilityExpansion,"ema=20,mult=3.0",0.31858397397928895,0.5233333333333333,0.260651255107625,1.233710793158764,301,True,5,0.17195867940490295,5
Stellantis,H4,VolatilityExpansion,"ema=50,mult=3.0",0.5652204363518972,0.5197984161267099,0.21610313293209826,1.087760982692029,1401,True,4,0.18552029704586936,5
Stellantis,H4,VolatilityExpansion,"ema=20,mult=3.5",0.23272370991190672,0.5539568345323741,0.23977457271545835,1.33770731547668,139,True,4,0.06127977301392096,5
Stellantis,M15,MeanReversion,"window=20,z=2.0",0.025551940518224736,0.509212730318258,0.04283939338927347,1.0239620558589018,606,True,4,0.06358969464418107,5
Stellantis,M15,MeanReversion,"window=100,z=2.0",0.08313430576484837,0.5238805970149254,0.13601939838233695,1.0773640756004303,679,True,4,0.05893352184185874,5
Stellantis,M15,MeanReversion,"window=100,z=2.25",0.04167137233521734,0.5182481751824818,0.07550147061076619,1.0560300078029314,413,True,4,0.041586103364247284,5
Stellantis,M15,TrendFollowing,"fast=10,slow=30",0.5078396584650484,0.5078427378284783,0.35573167182564186,1.078055830869824,4999,True,4,0.20685394042657923,5
Stellantis,M15,TrendFollowing,"fast=21,slow=55",0.5762516275651159,0.5094723976369933,0.4036820620692435,1.0890389926186863,4999,True,4,0.252592940986351,5
Stellantis,M15,TrendFollowing,"fast=34,slow=89",0.7161297548089127,0.5139539621104094,0.5017593558441829,1.111860966788015,4999,True,4,0.21131589565048103,5
Steris,H1,MeanReversion,"window=50,z=1.5",0.5502700417948106,0.5265573770491804,0.5361391158173889,1.2026992695526781,1532,True,5,0.1603876863168756,5
Steris,H4,MeanReversion,"window=20,z=1.5",0.3107329448157109,0.5010295126973233,0.13887094383283766,1.0498605066772204,1465,True,4,0.24377316550978945,5
Steris,H4,MeanReversion,"window=50,z=1.5",0.6455554363332322,0.5012820512820513,0.2699496140744002,1.0990121700301347,1567,True,5,0.25495479171813307,5
Steris,H4,MeanReversion,"window=100,z=1.5",0.7436082644650888,0.4989912575655683,0.33026088540637044,1.1231892487944624,1493,True,4,0.21483818303337876,5
Steris,H4,MeanReversion,"window=20,z=1.75",0.22671830239737156,0.5113513513513513,0.1259961041303519,1.0565500003918311,929,True,4,0.21172883898992068,5
Steris,H4,MeanReversion,"window=50,z=1.75",0.07713473588942976,0.4835466179159049,0.038882863103461354,1.016238465859112,1100,True,5,0.19625450036723935,5
Steris,H4,MeanReversion,"window=100,z=1.75",0.4422587672168158,0.5004878048780488,0.22471305549067638,1.1024049169041719,1028,True,4,0.26277323166730815,5
Steris,H4,MeanReversion,"window=20,z=2.0",0.3082940070958131,0.5307262569832403,0.22203315133400764,1.1339163622756387,539,True,5,0.2152715367897169,5
Steris,H4,MeanReversion,"window=100,z=2.0",0.30473822906833625,0.5055467511885895,0.1845043425455655,1.1110706818488243,632,True,4,0.0769838507751186,5
Steris,H4,MeanReversion,"window=20,z=2.25",0.017785523283272986,0.5132450331125827,0.01685188150744294,1.0125711725417623,304,True,4,0.06236521426244712,5
Steris,H4,MeanReversion,"window=50,z=2.25",0.06328948235684329,0.4744525547445255,0.04875968410511557,1.0353032238964148,413,True,5,0.13157156812525572,5
Steris,M15,MeanReversion,"window=20,z=1.5",0.8048598638029643,0.5787545787545788,1.2225827511318013,1.6115197942748616,1392,True,4,0.2541358095067098,5
Steris,M15,MeanReversion,"window=50,z=1.5",0.6445519368844828,0.5616343490304709,0.9991302434985729,1.4673477108275268,1484,True,4,0.21499661929021163,5
Steris,M15,MeanReversion,"window=100,z=1.5",0.40915228435599027,0.5426786953504511,0.6276960823683859,1.2771514148440979,1483,True,4,0.10454203942892826,5
Steris,M15,MeanReversion,"window=20,z=1.75",0.7328641124719544,0.5930493273542601,1.4462335748304265,1.8939803265260913,909,True,5,0.2287141424597804,5
Steris,M15,MeanReversion,"window=50,z=1.75",0.5174430224668103,0.5678233438485805,1.0797597707429105,1.5790863524506868,978,True,4,0.1558229158783062,5
Steris,M15,MeanReversion,"window=100,z=1.75",0.37548014290790677,0.5497017892644135,0.7325513720510255,1.3730978074497826,1035,True,4,0.12747367476349702,5
Steris,M15,MeanReversion,"window=20,z=2.0",0.5308007429134711,0.5986038394415357,1.180523810686622,1.9486503674297608,583,True,4,0.14722269084555228,5
Steris,M15,MeanReversion,"window=50,z=2.0",0.4405136212562515,0.5945017182130584,1.137873177274737,1.8488957749499495,595,True,4,0.09074945186415773,5
Steris,M15,MeanReversion,"window=100,z=2.0",0.33269721131652197,0.5714285714285714,0.746597929226362,1.4931084524307925,676,True,4,0.060262549849047,5
Steris,M15,MeanReversion,"window=20,z=2.25",0.4642144944270217,0.6554878048780488,1.2904172626115151,2.5212735324590456,333,True,4,0.1125049435338843,5
Steris,M15,MeanReversion,"window=50,z=2.25",0.32449148257246296,0.6210826210826211,1.0221401181090035,1.967837024530055,359,True,4,0.06911970296720349,5
Synopsys,H1,MeanReversion,"window=20,z=2.25",-0.2929730200586338,0.44551282051282054,-0.4290645494372981,0.7289187645969661,311,True,4,0.03782413897970438,5
Synopsys,H1,MeanReversion,"window=20,z=2.75",-0.0433146112273427,0.45132743362831856,-0.10926712741720654,0.8856814656134786,112,True,4,0.06650357047927913,5
Synopsys,H1,TrendFollowing,"fast=10,slow=30",-0.5325974032035955,0.5034068136272545,-0.17314531956151788,0.9608661833460637,4999,True,4,0.1874297629145406,5
Synopsys,H4,MeanReversion,"window=100,z=1.5",0.7772036879648855,0.4953271028037383,0.27691213105291385,1.1022855805388474,1612,True,4,0.41961256695556237,5
Synopsys,H4,MeanReversion,"window=20,z=1.75",0.4145171342455076,0.5072164948453608,0.19930392992032958,1.0883158721444761,974,True,4,0.25702072416509314,5
Synopsys,H4,MeanReversion,"window=50,z=1.75",0.5154547776213013,0.499546690843155,0.22480598029045493,1.0979265027613232,1110,True,4,0.1817382894222428,5
Synopsys,H4,MeanReversion,"window=100,z=2.0",0.3632664319791499,0.4757412398921833,0.19573617282821346,1.1082311396182192,745,True,4,0.14530447645784927,5
Synopsys,H4,VolatilityExpansion,"ema=20,mult=1.5",-0.2232348662650362,0.509242695289207,-0.0779422915493949,0.9745696790032506,1684,True,5,0.3325351008436336,5
Synopsys,M15,MeanReversion,"window=100,z=1.5",0.251964722309983,0.4975845410628019,0.2596344185592105,1.1107011461398877,1460,True,4,0.042749417090676145,5
Synopsys,M15,MeanReversion,"window=20,z=2.25",0.10676245318662403,0.5314285714285715,0.17485730706383812,1.1425983962671262,351,True,4,0.12957659434251045,5
Synopsys,M15,MeanReversion,"window=20,z=2.5",-0.03718834176027619,0.5320197044334976,-0.07491314141707439,0.9283952973727564,203,True,4,0.048765283483192534,5
Synopsys,M15,MeanReversion,"window=100,z=2.5",0.08210988110990847,0.4875444839857651,0.16775706974543214,1.1442363706388594,281,True,4,0.01903883454222921,5
Synopsys,M15,MeanReversion,"window=20,z=2.75",0.007518944302456698,0.546875,0.016723987370150177,1.0217943306615462,128,True,4,0.061495422554588286,5
Synopsys,M15,MeanReversion,"window=50,z=2.75",-0.026280591093618577,0.5056179775280899,-0.054780162151767176,0.9428397795950269,178,True,4,0.10929405420087623,5
Synopsys,M15,MeanReversion,"window=100,z=2.75",0.045124076383668665,0.48554913294797686,0.10658419982771405,1.111958059907693,173,True,4,0.019082380667176047,5
Synopsys,M15,MeanReversion,"window=50,z=3.0",0.06360869510166511,0.49557522123893805,0.19008858444041055,1.2632137610820937,113,True,4,0.07635467691519093,5
Synopsys,M15,MeanReversion,"window=100,z=3.0",0.030864827958562602,0.5126050420168067,0.09667463279080711,1.1141760676344925,119,True,4,0.019809655440085838,5
TEConnectivity,H1,MeanReversion,"window=50,z=1.75",-0.07215917575391395,0.5066666666666667,-0.08127789328075909,0.9645217973323492,1060,True,4,0.09487255850360032,5
TEConnectivity,H1,MeanReversion,"window=100,z=2.25",-0.09416998083701023,0.48291571753986334,-0.14698523991232204,0.9052574435443008,440,True,4,0.021383153842308822,5
TEConnectivity,H4,MeanReversion,"window=50,z=2.75",0.025493456766086053,0.4864864864864865,0.037233240401523364,1.0486554590635135,110,True,4,0.04487378941528408,5
TEConnectivity,H4,TrendFollowing,"fast=34,slow=89",-0.2530389320193077,0.5102286401925391,-0.05787380770925282,0.9891450840032362,4999,True,4,0.25947072548097594,5
TEConnectivity,M15,MeanReversion,"window=20,z=1.5",0.3196699101244519,0.5362517099863201,0.44638218865487034,1.1750157968452046,1489,True,4,0.12342641748738203,5
TEConnectivity,M15,MeanReversion,"window=50,z=1.5",0.26764644745678745,0.5119741100323625,0.4286606282197704,1.1596153002513816,1570,True,4,0.1044802835991897,5
TEConnectivity,M15,MeanReversion,"window=20,z=1.75",0.29004712849044156,0.5545267489711934,0.4591918967918449,1.223837736910546,988,True,4,0.14583788085526572,5
TEConnectivity,M15,MeanReversion,"window=50,z=1.75",0.16003608705972328,0.5203488372093024,0.31555513134834035,1.1356074489847872,1049,True,4,0.11375167561808064,5
TEConnectivity,M15,MeanReversion,"window=20,z=2.0",0.23096214278074934,0.5583596214511041,0.43291796967682766,1.263667218949807,643,True,4,0.1094707231190577,5
TEConnectivity,M15,MeanReversion,"window=50,z=2.0",0.16545270339407803,0.5354330708661418,0.3731951194258624,1.2083924205882592,644,True,4,0.09326117593406746,5
TEConnectivity,M15,MeanReversion,"window=20,z=2.25",0.250840150331619,0.5922330097087378,0.56349114825287,1.4383543416944662,418,True,4,0.1039053572314681,5
TEConnectivity,M15,MeanReversion,"window=50,z=2.25",0.23538768242933417,0.5614035087719298,0.6450878122420703,1.4924132742466896,404,True,4,0.09055477006669355,5
TEConnectivity,M15,MeanReversion,"window=20,z=2.5",0.17274337995605682,0.60546875,0.43290239181220685,1.4169456967151035,261,True,4,0.101135729475058,5
TEConnectivity,M15,TrendFollowing,"fast=21,slow=55",0.35944971998693553,0.5087647778230738,0.28227513915551394,1.0639140631636452,4999,True,4,0.1595828351887193,5
Teleflex,H1,MeanReversion,"window=50,z=1.5",0.4369735556948513,0.4986754966887417,0.3106954365636714,1.1178794785075368,1520,True,4,0.2227135953285656,5
Teleflex,H1,MeanReversion,"window=100,z=1.5",0.7266566595479035,0.5012706480304956,0.5029655127227167,1.1941614262461044,1586,True,4,0.35970526660202606,5
Teleflex,H1,MeanReversion,"window=100,z=1.75",0.6952397473633828,0.5218687872763419,0.5532842666034959,1.2839713935165433,1011,True,5,0.3276308546361182,5
Teleflex,H1,MeanReversion,"window=100,z=2.0",0.4993392576442979,0.5382059800664452,0.5346254858440799,1.3244234564274202,605,True,5,0.13976419829463727,5
Teleflex,H1,MeanReversion,"window=100,z=2.25",0.33450898658104433,0.5297297297297298,0.40480059796205264,1.3139914099234717,372,True,4,0.09983524969867541,5
Teleflex,H1,MeanReversion,"window=50,z=2.5",0.04850012321953434,0.48535564853556484,0.0797457155749997,1.0671380648696733,239,True,4,0.015407316540461347,5
Teleflex,H1,VolatilityExpansion,"ema=50,mult=3.5",-0.18857656946289847,0.5184094256259205,-0.2098075698350917,0.903092007498913,683,True,4,0.05452761127268968,5
Teleflex,H4,MeanReversion,"window=20,z=1.75",0.3990576414184851,0.506572295247725,0.18482357224174842,1.0838522277631073,989,True,4,0.4800987669712171,5
Teleflex,H4,MeanReversion,"window=50,z=1.75",0.6032813645207895,0.4980430528375734,0.25647348964639693,1.1177009257127377,1024,True,4,0.4312607589799655,5
Teleflex,H4,MeanReversion,"window=50,z=2.0",0.47568852202004497,0.49916805324459235,0.2523129297946364,1.1520272110277514,602,True,4,0.30945421837134446,5
Teleflex,H4,MeanReversion,"window=100,z=2.0",-0.3653391036547283,0.4914586070959264,-0.19249373314400145,0.9069932869950221,761,True,4,0.1280259716334513,5
Teleflex,H4,MeanReversion,"window=50,z=2.25",0.603844595932736,0.5190615835777126,0.4037690441684986,1.3511641427062442,341,True,5,0.23386292806069486,5
Teleflex,H4,TrendFollowing,"fast=50,slow=200",-0.14752189948284766,0.5141254257663794,-0.031142680951740893,0.9940054831712838,4999,True,4,0.05003697988328659,5
Teleflex,M15,MeanReversion,"window=100,z=1.5",0.44343940442950414,0.521594684385382,0.5321279251924352,1.201842002965412,1553,True,4,0.13123511103576102,5
Teleflex,M15,MeanReversion,"window=100,z=1.75",0.15356376001290284,0.518840579710145,0.21001469797455452,1.0905838970024246,1069,True,4,0.08714749542321798,5
Teleflex,M15,MeanReversion,"window=100,z=2.0",0.23188617265390843,0.5378031383737518,0.3709775515127566,1.2014351704535582,719,True,4,0.09445640132374156,5
Teleflex,M15,MeanReversion,"window=20,z=2.25",0.3554538096064309,0.6317280453257791,0.6341861544872506,1.56312123072807,364,True,4,0.10312879291017762,5
Teleflex,M15,MeanReversion,"window=50,z=2.25",0.23722516869319588,0.5707317073170731,0.44483846053044007,1.3389432103178525,419,True,4,0.08804604585125486,5
Teleflex,M15,MeanReversion,"window=20,z=2.5",0.19846471294218437,0.6487804878048781,0.44136175737541317,1.5166996781788606,210,True,4,0.05437084458443553,5
Teleflex,M15,MeanReversion,"window=50,z=2.5",0.1852743376909458,0.5819672131147541,0.41810064758543514,1.4180699677790736,249,True,4,0.09021124111404433,5
Teleflex,M15,MeanReversion,"window=50,z=2.75",0.10177352163394737,0.5548387096774193,0.26647287715759493,1.3205903557670864,157,True,4,0.05875645615152858,5
Textron,H1,MeanReversion,"window=20,z=1.75",-0.02128734051749792,0.5014955134596212,-0.026870511184368697,0.98886545811749,1016,True,4,0.041339903363473596,5
Textron,H1,MeanReversion,"window=100,z=1.75",0.2854350461229337,0.5249734325185972,0.3177608020538682,1.1578139408090464,952,True,4,0.05203545416464883,5
Textron,H1,MeanReversion,"window=20,z=2.0",0.003229093210551648,0.5173010380622838,0.005574561851601303,1.0029088719090151,586,True,4,0.051687660325950846,5
Textron,H1,MeanReversion,"window=100,z=2.0",0.13042689395492935,0.5181975736568457,0.16437384097095656,1.1067482194222122,583,True,4,0.0330053665489074,5
Textron,H1,MeanReversion,"window=20,z=2.5",-0.026899533739886405,0.48520710059171596,-0.07717631150367218,0.928183156308104,170,True,4,0.01897157248893322,5
Textron,H1,TrendFollowing,"fast=8,slow=21",0.6490026519224815,0.5084195577196186,0.33770608332977703,1.0719920099265408,4999,True,4,0.2922222781015468,5
Textron,H1,TrendFollowing,"fast=13,slow=34",0.37032843626397083,0.5106512477175897,0.19266959993329905,1.040454204382213,4999,True,4,0.24284720245578317,5
Textron,H4,MeanReversion,"window=20,z=1.5",0.7050118818520069,0.5282051282051282,0.28026430326849877,1.1176929558752018,1175,True,4,0.23935052161698,5
Textron,H4,MeanReversion,"window=100,z=2.0",0.2412335292846407,0.527927927927928,0.11050318797366424,1.0717604161846626,561,True,4,0.07910807807422826,5
Textron,H4,MeanReversion,"window=50,z=2.25",0.4310761435794641,0.569620253164557,0.2595142660735039,1.2358340420104859,315,True,5,0.18392678642322025,5
Textron,H4,MeanReversion,"window=100,z=2.25",-0.024286754401100952,0.5070028011204482,-0.012124107038209346,0.9903257253222657,358,True,4,0.08580631554978035,5
Textron,H4,MeanReversion,"window=100,z=2.5",-0.019911528316482796,0.5630630630630631,-0.010804182136722856,0.9892338878468301,222,True,4,0.16341177010946173,5
Textron,H4,TrendFollowing,"fast=50,slow=200",0.7654018533263013,0.5036513545347467,0.16972997200336745,1.0350719312652263,4278,True,4,0.4466951973895027,5
Textron,M15,MeanReversion,"window=20,z=1.5",0.3975822961269495,0.5581570996978852,0.6892771914468203,1.2796080938884087,1370,True,4,0.09911041338138216,5
Textron,M15,MeanReversion,"window=20,z=1.75",0.25486261147568656,0.5627906976744186,0.5098043820318254,1.2491636121948178,892,True,4,0.10534740934414144,5
Textron,M15,MeanReversion,"window=20,z=2.0",0.19552795250745447,0.5501730103806228,0.46246402786392976,1.2667613447275705,596,True,4,0.0791650875013129,5
Textron,M15,MeanReversion,"window=20,z=2.25",0.11632457559162379,0.5376044568245125,0.34009510671248167,1.2448246556489972,368,True,4,0.058440664278777255,5
Textron,M15,MeanReversion,"window=50,z=2.5",0.1323212336239371,0.5582329317269076,0.46638867472006035,1.4690079183019704,254,True,4,0.02395577270858007,5
Textron,M15,MeanReversion,"window=20,z=2.75",0.15973801568586876,0.6086956521739131,0.7115478230811281,2.1359838725333407,138,True,4,0.0628808125951551,5
Trane,H1,MeanReversion,"window=100,z=1.5",0.1848151524993248,0.5073920756948551,0.17170668115745086,1.056601245105029,1700,True,4,0.2031270735935219,5
Trane,H1,MeanReversion,"window=100,z=1.75",0.2623995677212404,0.5077202543142597,0.30507172858045895,1.122548467419838,1105,True,4,0.17469988424852512,5
Trane,H1,MeanReversion,"window=100,z=2.0",0.13697390990012592,0.494550408719346,0.194565710964547,1.094994057909185,735,True,4,0.13969536852941689,5
Trane,H4,MeanReversion,"window=50,z=1.75",0.9655885871620622,0.513413506012951,0.4427376791295205,1.2085255928389298,1086,True,4,0.2849937840585798,5
Trane,H4,MeanReversion,"window=50,z=2.0",0.9460949061176915,0.5363636363636364,0.5286791818574232,1.3399086346205415,661,True,5,0.29764386367927165,5
Trane,H4,TrendFollowing,"fast=10,slow=30",-0.15106998210517242,0.5094453376205788,-0.0345867944672888,0.9935577763602023,4999,True,5,0.42696313954698173,5
Trane,H4,VolatilityExpansion,"ema=50,mult=2.0",-0.4533533326995558,0.5099913119026933,-0.16374593164799348,0.9554385921391356,2313,True,4,0.28833327770755846,5
Trane,H4,VolatilityExpansion,"ema=50,mult=2.5",-0.35622282743414746,0.5140080045740423,-0.1500437719814645,0.9529251447546412,1759,True,4,0.15290919443692064,5
Trane,M15,MeanReversion,"window=20,z=1.5",0.44772089682144534,0.5402708481824662,0.5837856283731431,1.2859670812693709,1426,True,4,0.09421040210301901,5
Trane,M15,MeanReversion,"window=100,z=1.5",0.501397476781302,0.5042791310072416,0.8783993172457125,1.346077115637667,1540,True,4,0.11046380443773529,5
Trane,M15,MeanReversion,"window=20,z=1.75",0.4270907818090691,0.552801724137931,0.7685020842943375,1.4074757000915685,944,True,5,0.192379355353273,5
Trane,M15,MeanReversion,"window=100,z=1.75",0.42062545119870276,0.5166163141993958,0.869867484258108,1.4480714588993213,1009,True,4,0.07652815024549386,5
Trane,M15,MeanReversion,"window=20,z=2.0",0.3068359406592187,0.5480132450331126,0.6785061998202924,1.4258823827061113,616,True,4,0.08571954536100068,5
Trane,M15,MeanReversion,"window=100,z=2.0",0.32454957178814536,0.5268630849220104,0.781249483996444,1.5523970991485758,586,True,4,0.09742462167558352,5
Trane,M15,MeanReversion,"window=100,z=2.25",0.25381017284492646,0.5294117647058824,0.7011941359222285,1.6912991128420223,344,True,4,0.08930426047256623,5
Trane,M15,MeanReversion,"window=50,z=2.5",0.14319543753077557,0.5387931034482759,0.46356541591635797,1.4887217425345833,237,True,5,0.07476661375564686,5
Trane,M15,MeanReversion,"window=100,z=2.5",0.21493421229158471,0.5346534653465347,0.6662963095076413,1.9255302377744836,204,True,4,0.07970890143958365,5
Trane,M15,MeanReversion,"window=50,z=2.75",0.10970071919196445,0.5533333333333333,0.3983724596790571,1.5298981329807977,154,True,5,0.069077724641185,5
Trane,M15,MeanReversion,"window=50,z=3.0",0.0656432709398489,0.550561797752809,0.2841472892795319,1.477379250825983,91,True,4,0.05604839350712776,5
UnitedRentals,H1,MeanReversion,"window=50,z=1.5",-0.3819789103984611,0.48967355096602266,-0.2531191026224182,0.9171260155782983,1502,True,4,0.05351897422564034,5
UnitedRentals,H1,MeanReversion,"window=20,z=2.5",-0.15851327219360378,0.5108695652173914,-0.26049202881866407,0.777182682814618,183,True,4,0.07678529813555202,5
UnitedRentals,H1,MeanReversion,"window=100,z=2.5",0.04707815144444616,0.5231316725978647,0.06889254293934656,1.0554946649409593,282,True,4,0.10189147776114083,5
UnitedRentals,H4,MeanReversion,"window=20,z=1.75",0.08906893543328065,0.5111346765641569,0.03125068290531372,1.0132820489871779,945,True,4,0.3569177689532035,5
UnitedRentals,H4,MeanReversion,"window=100,z=2.25",-0.059638344042153846,0.5011820330969267,-0.025061664525679723,0.980656012124209,423,True,4,0.18408371620479635,5
UnitedRentals,H4,MeanReversion,"window=100,z=2.5",0.10748443687979059,0.5277777777777778,0.0535987025426861,1.0636425322578102,216,True,4,0.17519744348743416,5
UnitedRentals,H4,TrendFollowing,"fast=8,slow=21",0.19889165848473878,0.49608983356727493,0.028092669224716853,1.0052923110722387,4999,True,4,0.6065394294595097,5
UnitedRentals,M15,MeanReversion,"window=100,z=1.5",0.15397676418997852,0.49043231750531535,0.17169186556297075,1.072364394466186,1427,True,4,0.09014942003407,5
UnitedRentals,M15,MeanReversion,"window=100,z=1.75",0.046095396976417735,0.48432760364004046,0.059692593367587414,1.0294749397361653,997,True,4,0.06202507723756756,5
UnitedRentals,M15,MeanReversion,"window=100,z=2.75",0.09823828807327617,0.5163398692810458,0.2812066670554166,1.3415820727932535,152,True,4,0.048643343689628527,5
UniversalHealth,H1,MeanReversion,"window=100,z=1.5",-0.011651629322302792,0.5,-0.008789219503490877,0.9972118575572527,1730,True,4,0.08836936124152994,5
UniversalHealth,H1,MeanReversion,"window=20,z=1.75",0.4915374409652934,0.5275754422476587,0.45186635472936953,1.2212894241346508,963,True,4,0.24207903906563732,5
UniversalHealth,H1,MeanReversion,"window=100,z=1.75",0.1481810762738125,0.513840830449827,0.13477673508322446,1.0530214891388312,1161,True,4,0.0926797746651099,5
UniversalHealth,H1,MeanReversion,"window=100,z=2.0",0.1394020982675459,0.5116598079561042,0.15575298652299763,1.0763948884637358,732,True,4,0.0863063641379267,5
UniversalHealth,H1,MeanReversion,"window=100,z=2.25",0.1744463402716917,0.503448275862069,0.24959377941559385,1.1626703165315382,438,True,4,0.1063552373296085,5
UniversalHealth,H1,MeanReversion,"window=20,z=3.0",0.13940637257707855,0.5357142857142857,0.3785213176830554,1.865107875279318,55,True,4,0.08934904225487095,5
UniversalHealth,H4,MeanReversion,"window=100,z=2.0",-0.20581018353573377,0.49065420560747663,-0.0806196805495693,0.9475027533615503,643,True,4,0.2890521067750198,5
UniversalHealth,H4,MeanReversion,"window=20,z=2.25",0.4100003075496571,0.5047619047619047,0.3151354319756818,1.2559020572254955,314,True,4,0.1660718397856299,5
UniversalHealth,H4,MeanReversion,"window=50,z=2.25",0.015398259641507206,0.5012165450121655,0.006866996887826854,1.0058986234535052,412,True,4,0.21406894765613327,5
UniversalHealth,H4,MeanReversion,"window=20,z=2.5",-0.13447940290268856,0.44966442953020136,-0.1548823596838847,0.85197036146459,148,True,5,0.13340673745181608,5
UniversalHealth,H4,TrendFollowing,"fast=5,slow=20",-0.517432923512534,0.4972929617004211,-0.09642427846325864,0.9809518044920419,4999,True,4,0.40067195349133133,5
UniversalHealth,H4,TrendFollowing,"fast=10,slow=30",-0.00034448989665980534,0.5005013033888109,-6.419494262493231e-05,0.9999871964743364,4999,True,4,0.781314834354273,5
UniversalHealth,H4,TrendFollowing,"fast=13,slow=34",0.07754905374436172,0.5029075596551033,0.014451103405756251,1.0028864144850835,4999,True,4,0.5986957039357738,5
UniversalHealth,M15,MeanReversion,"window=20,z=1.5",0.8443804993100039,0.548014440433213,1.0135542693249964,1.4645784112752112,1417,True,5,0.1639519084624298,5
UniversalHealth,M15,MeanReversion,"window=20,z=1.75",0.6667140544835757,0.577728776185226,1.008638531738643,1.527516230653705,923,True,5,0.180743894366731,5
UniversalHealth,M15,MeanReversion,"window=20,z=2.0",0.4994083781138956,0.5885509838998211,0.9143456301810814,1.632555970398914,569,True,4,0.11410084500708884,5
UniversalHealth,M15,MeanReversion,"window=20,z=2.25",0.33267713349928363,0.5830985915492958,0.7245055273344949,1.607005018081243,359,True,5,0.06625293680298627,5
UniversalHealth,M15,MeanReversion,"window=20,z=2.5",0.28135452691736884,0.6113744075829384,0.7113390553195643,1.8092365517080238,213,True,5,0.07065052436671315,5
UniversalHealth,M15,MeanReversion,"window=50,z=2.5",0.10023511396802698,0.5209790209790209,0.2614881837836755,1.204991339055448,293,True,4,0.029704169153358606,5
UniversalHealth,M15,MeanReversion,"window=20,z=2.75",0.18798695702902768,0.6030534351145038,0.5994507563462341,1.8557343913630395,132,True,4,0.049827342789724005,5
Unum,H1,MeanReversion,"window=20,z=1.5",0.13413444373859718,0.5218002812939522,0.13203265700270783,1.0499122624999684,1443,True,4,0.2362847642266055,5
Unum,H1,MeanReversion,"window=100,z=1.5",0.42899448852084765,0.5353866317169069,0.38503509947202985,1.1522126958919052,1546,True,4,0.10769167152682979,5
Unum,H1,MeanReversion,"window=20,z=1.75",0.03417098317999412,0.5096153846153846,0.04741925736008753,1.0196979575629481,946,True,4,0.11016863657399512,5
Unum,H1,MeanReversion,"window=100,z=1.75",0.1861349585148112,0.5358898721730581,0.20690313399318688,1.096213692940801,1032,True,4,0.1321334075613516,5
Unum,H1,TrendFollowing,"fast=34,slow=89",0.08378491593462611,0.4986753617281435,0.04111594012365024,1.0086610415531456,4999,True,4,0.1788250932872767,5
Unum,H4,MeanReversion,"window=50,z=1.5",0.22708212032574748,0.5274294670846394,0.07185758418759254,1.030718361424664,1288,True,4,0.5645716635465359,5
Unum,H4,MeanReversion,"window=100,z=1.5",0.8437808648535473,0.532051282051282,0.26244396510614504,1.1176952123364938,1262,True,4,0.4003714426725479,5
Unum,H4,MeanReversion,"window=100,z=1.75",0.43632278630858623,0.5263761467889908,0.1504282122265631,1.0815604538988266,881,True,4,0.274632444875609,5
Unum,H4,MeanReversion,"window=20,z=2.0",0.2881968857234982,0.5479744136460555,0.1766331918234633,1.1116136260460798,472,True,4,0.30919217674470467,5
Unum,H4,MeanReversion,"window=50,z=2.0",-0.5811610802754146,0.5208711433756806,-0.24738327966213836,0.8526521497094917,556,True,4,0.06317085365480024,5
Unum,H4,MeanReversion,"window=100,z=2.0",0.5195998323910445,0.5354609929078015,0.19157932954378112,1.1369732571892255,566,True,4,0.10415957187027092,5
Unum,H4,TrendFollowing,"fast=34,slow=89",0.5161462455732152,0.49693251533742333,0.10202663493772075,1.0217009039679694,4278,True,4,0.21356908685105958,5
Unum,H4,TrendFollowing,"fast=50,slow=200",0.3948542221101009,0.49292118924020767,0.07805017034672464,1.0165590676716405,4278,True,4,0.29402628856306623,5
Unum,M15,MeanReversion,"window=20,z=1.5",0.5098220352616586,0.5451851851851852,0.7635939135993955,1.33766648393223,1373,True,4,0.13564895487626738,5
Unum,M15,MeanReversion,"window=50,z=1.5",0.4185647192039017,0.54253037884203,0.7075835436286859,1.292105560676505,1429,True,4,0.04434680831694071,5
Unum,M15,MeanReversion,"window=20,z=1.75",0.35439017471300516,0.5489067894131185,0.6153673762890104,1.3284060354476313,886,True,4,0.12207295244757788,5
Unum,M15,MeanReversion,"window=50,z=1.75",0.23987296628245292,0.5285868392664509,0.4788213314054995,1.2386319117302131,948,True,4,0.06023782622827567,5
Unum,M15,MeanReversion,"window=100,z=1.75",0.24702325479107523,0.5400890868596881,0.50574227061057,1.2560740721753771,919,True,4,0.04179906004740552,5
Unum,M15,MeanReversion,"window=20,z=2.0",0.2559605666297501,0.5614035087719298,0.5349589446843037,1.3353757077478312,579,True,4,0.09872262159726464,5
Unum,M15,MeanReversion,"window=50,z=2.0",0.23585166918687883,0.5320945945945946,0.5448080805259025,1.3463067146703578,605,True,4,0.06643653323522847,5
Unum,M15,MeanReversion,"window=20,z=2.25",0.19828988530236735,0.5623342175066313,0.4646013963772354,1.35915545130507,382,True,4,0.04990979021746611,5
Unum,M15,MeanReversion,"window=50,z=2.25",0.16487077683997498,0.525,0.435151816649972,1.358593571714355,364,True,4,0.07564628044370858,5
Unum,M15,MeanReversion,"window=50,z=2.5",0.1570646765757916,0.5384615384615384,0.46266788593597147,1.5035733521450745,224,True,4,0.046715027414074295,5
Unum,M15,MeanReversion,"window=50,z=2.75",0.1271930888475028,0.54,0.4214562129581237,1.584738478830863,151,True,4,0.06772263351514518,5
Viatris,H1,MeanReversion,"window=50,z=1.5",-0.08855827484972278,0.49642346208869814,-0.0678640809560301,0.9770056932112824,1508,True,4,0.1451413237928737,5
Viatris,H1,MeanReversion,"window=20,z=1.75",0.19644863031839832,0.5329192546583851,0.1491055358472207,1.0824677829930094,867,True,4,0.15728233443720918,5
Viatris,H1,MeanReversion,"window=50,z=1.75",0.025779158018424453,0.5090715048025614,0.022230177340393203,1.0094453369944967,1009,True,4,0.13469837977827093,5
Viatris,H1,MeanReversion,"window=20,z=2.0",0.07593135689782549,0.5095137420718816,0.0964433152433289,1.0538890827620622,507,True,4,0.10562997282026643,5
Viatris,H1,MeanReversion,"window=20,z=2.25",0.04014359126599931,0.49433962264150944,0.07076044867907814,1.051084876266501,283,True,4,0.08107807627614005,5
Viatris,H1,TrendFollowing,"fast=5,slow=20",0.37149984272924697,0.4995633187772926,0.14790948086422384,1.030658855029004,4999,True,5,0.2696145478544293,5
Viatris,H1,TrendFollowing,"fast=8,slow=21",0.6123436256214211,0.501528384279476,0.24381754541027112,1.0510422892817117,4999,True,4,0.18738744215383563,5
Viatris,H1,TrendFollowing,"fast=10,slow=30",0.1288431646900542,0.49868995633187774,0.051295843472454535,1.010527657895955,4999,True,4,0.4701937645952238,5
Viatris,H1,TrendFollowing,"fast=13,slow=34",-0.0036831194824694657,0.5002183406113537,-0.0014663388250546526,0.9997006762829915,4999,True,4,0.2440385317352739,5
Viatris,H1,TrendFollowing,"fast=34,slow=89",-0.04763169262904288,0.5093886462882096,-0.01896334074521082,0.9961359169486944,4999,True,4,0.1541009563326422,5
Viatris,H1,TrendFollowing,"fast=50,slow=200",0.820038146207365,0.5072052401746725,0.3265460710822205,1.068951660171012,4999,True,4,0.43872604354589295,5
Viatris,H1,VolatilityExpansion,"ema=50,mult=1.5",-0.12826178429817425,0.4961382861346083,-0.06888699969245311,0.9828516069132632,2955,True,4,0.021754425540345013,5
Viatris,H4,MeanReversion,"window=20,z=2.25",-0.1852403235682326,0.5292096219931272,-0.12788230753260263,0.9010026958867261,297,True,4,0.20130613018503096,5
Viatris,H4,MeanReversion,"window=20,z=2.5",0.15258553927548346,0.5612903225806452,0.13831451720806356,1.167151580478241,159,True,4,0.23360216096167952,5
Viatris,H4,VolatilityExpansion,"ema=20,mult=1.5",0.6410195908779617,0.4876282438141219,0.2137456304241611,1.073136915883234,1695,True,5,0.6039524146993132,5
Viatris,H4,VolatilityExpansion,"ema=20,mult=2.0",0.5869746361561696,0.49324324324324326,0.24453357389916994,1.1050869274895432,1058,True,4,0.5008028800352377,5
Viatris,H4,VolatilityExpansion,"ema=50,mult=2.0",-0.24472931783260676,0.48084910013844023,-0.07238605173394577,0.9793624087370265,2227,True,4,0.4622010425956403,5
Viatris,H4,VolatilityExpansion,"ema=50,mult=2.5",0.23721403697980215,0.4876580373269115,0.07844325741064882,1.0262568073898837,1707,True,4,0.37606911374908714,5
Viatris,H4,VolatilityExpansion,"ema=20,mult=3.0",0.2725248314870885,0.48905109489051096,0.19009057093614745,1.1614352928556178,278,True,5,0.1864609060279735,5
Viatris,H4,VolatilityExpansion,"ema=50,mult=3.0",-0.010255287856779205,0.4754625905068383,-0.004056918148585802,0.9984958862035492,1273,True,4,0.21308997114890282,5
Viatris,H4,VolatilityExpansion,"ema=20,mult=3.5",0.025396774922944787,0.4966887417218543,0.023691102374881867,1.0252754056995572,152,True,4,0.046622796891838236,5
Viatris,H4,VolatilityExpansion,"ema=50,mult=3.5",0.026489368185162343,0.4799554565701559,0.011623698162914763,1.0050930378436647,917,True,5,0.33289532713724723,5
Viatris,M15,VolatilityExpansion,"ema=20,mult=3.0",-0.08494146432124883,0.5439560439560439,-0.13758556006853406,0.9033803766491028,434,True,4,0.10690193235725498,5
Viatris,M15,VolatilityExpansion,"ema=20,mult=3.5",-0.04810474219406735,0.5235849056603774,-0.1000598534695526,0.9111539405525277,252,True,5,0.1041391124692077,5
