Date,Time,Symbol,Side,Quantity,Price,P&L,Commission,Swap,Order,Deal
2025-09-30,16:23:10,GOLD,Sell,5.0,3844.79,33785.0,0.0,-583.0,1466333366,1436077101
2025-09-30,16:52:41,GOLD,Sell,5.0,3821.79,-2305.0,0.0,-291.5,1466365084,1436108583
2025-09-30,17:19:16,GOLD,Buy,5.0,3820.25,1975.0,0.0,100.0,1466402581,1436145444
2025-09-30,17:19:18,GOLD,Buy,5.0,3820.21,1965.0,0.0,100.0,1466402586,1436145450
2025-09-30,17:19:24,GOLD,Buy,5.0,3820.29,1915.0,0.0,100.0,1466402635,1436145499
2025-09-30,17:19:33,GOLD,Buy,20.01,3820.89,0.0,0.0,0.0,1466402693,1436145557
2025-09-30,17:20:21,GOLD,Sell,20.01,3817.93,-5922.96,0.0,0.0,1466403237,1436146110
2025-09-30,17:22:08,GOLD,Buy,20.01,3820.26,0.0,0.0,0.0,1466404098,1436146975
2025-09-30,17:22:09,GOLD,Buy,20.01,3820.23,0.0,0.0,0.0,1466404113,1436146990
2025-09-30,17:22:20,GOLD,Buy,10.01,3820.15,0.0,0.0,0.0,1466404271,1436147150
2025-09-30,17:31:29,GOLD,Sell,0.01,3818.93,47.8,0.0,-3.49,1466411230,1436153995
2025-09-30,17:37:12,GOLD,Buy,5.0,3817.08,0.0,0.0,0.0,1466414296,1436157001
2025-09-30,17:42:03,GOLD,Sell,20.01,3805.64,-29254.62,0.0,0.0,1466421176,1436163859
2025-09-30,17:45:50,GOLD,Buy,5.0,3804.51,0.0,0.0,0.0,1466427692,1436170356
2025-09-30,17:45:50,GOLD,Buy,5.0,3804.6,0.0,0.0,0.0,1466427704,1436170367
2025-09-30,17:45:54,GOLD,Buy,5.0,3804.9,0.0,0.0,0.0,1466427793,1436170453
2025-09-30,17:46:30,GOLD,Buy,5.0,3805.76,0.0,0.0,0.0,1466428842,1436171487
2025-09-30,17:46:31,GOLD,Buy,5.0,3805.49,0.0,0.0,0.0,1466428862,1436171506
2025-09-30,17:46:33,GOLD,Buy,5.0,3805.46,0.0,0.0,0.0,1466428873,1436171516
2025-09-30,17:46:33,GOLD,Buy,5.0,3805.46,0.0,0.0,0.0,1466428888,1436171531
2025-09-30,17:46:55,GOLD,Buy,5.0,3805.88,0.0,0.0,0.0,1466429252,1436171889
2025-09-30,17:46:56,GOLD,Buy,5.0,3805.96,0.0,0.0,0.0,1466429257,1436171894
2025-09-30,17:46:57,GOLD,Buy,5.0,3806.09,0.0,0.0,0.0,1466429263,1436171899
2025-09-30,17:52:51,GOLD,Buy,5.0,3802.52,0.0,0.0,0.0,1466433637,1436176284
2025-09-30,17:52:52,GOLD,Buy,5.0,3802.68,0.0,0.0,0.0,1466433650,1436176296
2025-09-30,17:52:52,GOLD,Buy,5.0,3802.38,0.0,0.0,0.0,1466433659,1436176304
2025-09-30,17:52:53,GOLD,Buy,5.0,3802.34,0.0,0.0,0.0,1466433663,1436176308
2025-09-30,17:55:14,GOLD,Buy,5.0,3799.78,0.0,0.0,0.0,1466435059,1436177681
2025-09-30,17:55:16,GOLD,Buy,5.0,3800.41,0.0,0.0,0.0,1466435089,1436177701
2025-09-30,17:55:17,GOLD,Buy,5.0,3800.38,0.0,0.0,0.0,1466435096,1436177705
2025-09-30,17:55:17,GOLD,Buy,5.0,3800.16,0.0,0.0,0.0,1466435106,1436177715
2025-09-30,17:55:18,GOLD,Buy,5.0,3800.16,0.0,0.0,0.0,1466435111,1436177719
2025-09-30,17:55:19,GOLD,Buy,5.0,3800.26,0.0,0.0,0.0,1466435119,1436177727
2025-09-30,17:56:04,GOLD,Buy,5.0,3801.88,0.0,0.0,0.0,1466435860,1436178464
2025-09-30,18:07:43,GOLD,Sell,5.0,3803.32,1580.0,0.0,0.0,1466442475,1436184788
2025-09-30,18:07:45,GOLD,Sell,5.0,3803.07,1405.0,0.0,0.0,1466442498,1436184812
2025-09-30,18:07:48,GOLD,Sell,5.0,3802.15,995.0,0.0,0.0,1466442582,1436184893
2025-09-30,18:07:53,GOLD,Sell,5.0,3802.22,-60.0,0.0,0.0,1466442685,1436184994
2025-09-30,18:07:55,GOLD,Sell,5.0,3802.13,1175.0,0.0,0.0,1466442718,1436185026
2025-09-30,18:07:58,GOLD,Sell,5.0,3802.09,840.0,0.0,0.0,1466442755,1436185065
2025-09-30,18:08:00,GOLD,Sell,5.0,3801.89,755.0,0.0,0.0,1466442790,1436185100
2025-09-30,18:22:04,GOLD,Buy,5.0,3799.93,0.0,0.0,0.0,1466455305,1436197480
2025-09-30,18:22:04,GOLD,Buy,5.0,3799.91,0.0,0.0,0.0,1466455310,1436197484
2025-09-30,18:22:05,GOLD,Buy,5.0,3800.04,0.0,0.0,0.0,1466455322,1436197498
2025-09-30,18:22:06,GOLD,Buy,5.0,3800.02,0.0,0.0,0.0,1466455332,1436197509
2025-09-30,18:22:18,GOLD,Buy,5.0,3801.44,0.0,0.0,0.0,1466455819,1436197994
2025-09-30,18:22:19,GOLD,Buy,5.0,3801.5,0.0,0.0,0.0,1466455838,1436198013
2025-09-30,18:22:34,GOLD,Buy,5.0,3801.89,0.0,0.0,0.0,1466456105,1436198277
2025-09-30,18:22:34,GOLD,Buy,5.0,3801.81,0.0,0.0,0.0,1466456113,1436198284
2025-09-30,18:22:35,GOLD,Buy,5.0,3801.76,0.0,0.0,0.0,1466456120,1436198291
2025-10-01,06:20:45,,Other,0.0,0.0,-16.09,0.0,0.0,0,1436606822
2025-10-01,18:29:03,GOLD,Sell,5.0,3888.92,43710.0,0.0,-291.5,1467174701,1436905051
2025-10-01,18:33:20,GOLD,Sell,5.0,3886.41,42325.0,0.0,-291.5,1467176326,1436906629
2025-10-01,18:33:30,GOLD,Sell,10.01,3886.11,66025.96,0.0,-583.58,1467176428,1436906734
2025-10-01,18:37:43,GOLD,Sell,5.0,3886.57,43330.0,0.0,-291.5,1467178172,1436908479
2025-10-01,18:37:46,GOLD,Sell,5.0,3886.39,43230.0,0.0,-291.5,1467178204,1436908512
2025-10-01,18:37:49,GOLD,Sell,5.0,3886.57,42345.0,0.0,-291.5,1467178227,1436908534
2025-10-01,18:37:50,GOLD,Sell,5.0,3886.64,43300.0,0.0,-291.5,1467178232,1436908540
2025-10-01,18:37:52,GOLD,Sell,5.0,3886.71,43345.0,0.0,-291.5,1467178241,1436908548
2025-10-01,18:38:12,GOLD,Sell,5.0,3887.0,42310.0,0.0,-291.5,1467178347,1436908654
2025-10-01,18:38:14,GOLD,Sell,5.0,3887.54,40725.0,0.0,-291.5,1467178357,1436908665
2025-10-01,18:38:16,GOLD,Sell,5.0,3887.85,41195.0,0.0,-291.5,1467178453,1436908762
2025-10-01,18:38:18,GOLD,Sell,5.0,3887.8,41155.0,0.0,-291.5,1467178494,1436908805
2025-10-01,18:38:20,GOLD,Sell,5.0,3887.59,40915.0,0.0,-291.5,1467178505,1436908816
2025-10-01,18:38:21,GOLD,Sell,5.0,3887.57,41055.0,0.0,-291.5,1467178511,1436908821
2025-10-01,18:38:23,GOLD,Sell,5.0,3888.2,41160.0,0.0,-291.5,1467178520,1436908830
2025-10-01,18:38:24,GOLD,Sell,5.0,3888.34,41720.0,0.0,-291.5,1467178533,1436908843
2025-10-01,18:38:26,GOLD,Sell,5.0,3888.24,41820.0,0.0,-291.5,1467178544,1436908854
2025-10-01,18:38:27,GOLD,Sell,5.0,3888.27,35595.0,0.0,-291.5,1467178578,1436908888
2025-10-01,18:38:29,GOLD,Sell,5.0,3888.31,41900.0,0.0,-291.5,1467178609,1436908918
2025-10-01,18:40:31,GOLD,Sell,5.0,3886.06,40050.0,0.0,-291.5,1467179694,1436909984
2025-10-01,18:40:34,GOLD,Sell,5.0,3885.84,41580.0,0.0,-291.5,1467179724,1436910015
2025-10-01,18:40:37,GOLD,Sell,5.0,3885.83,42195.0,0.0,-291.5,1467179738,1436910029
2025-10-01,18:40:40,GOLD,Sell,5.0,3885.85,42020.0,0.0,-291.5,1467179763,1436910054
2025-10-02,16:51:04,AUDUSD,Buy,50.0,0.66212,0.0,0.0,0.0,1467752500,1437482646
2025-10-02,17:05:52,EURUSD,Buy,12.0,1.17521,0.0,0.0,0.0,1467757730,1437487852
2025-10-02,17:51:03,GOLD,Buy,5.0,3876.73,0.0,0.0,0.0,1467778706,1437509026
2025-10-02,17:51:05,GOLD,Buy,5.0,3876.88,0.0,0.0,0.0,1467778728,1437509047
2025-10-02,17:51:15,AUDUSD,Sell,20.0,0.66173,740.0,0.0,-792.4,1467778792,1437509111
2025-10-02,17:51:19,EURUSD,Sell,5.0,1.17557,1530.0,0.0,-265.5,1467778828,1437509152
2025-10-02,17:51:21,EURUSD,Sell,12.0,1.17556,420.0,0.0,0.0,1467778848,1437509170
2025-10-02,19:00:55,GOLD,Buy,0.02,3882.36,0.0,0.0,0.0,1467804916,1437535354
2025-10-02,19:06:11,BTCUSD,Buy,0.01,118775.45,0.0,0.0,0.0,1467806448,1437536883
2025-10-02,19:07:10,GOLD,Buy,0.01,3880.86,0.0,0.0,0.0,1467806655,1437537092
2025-10-02,19:08:21,US100Cash,Buy,0.1,24895.23,0.0,0.0,0.0,1467806841,1437537285
2025-10-02,22:25:37,GOLD,Buy,0.01,3877.45,0.0,0.0,0.0,1467966889,1437697738
2025-10-02,22:54:05,BTCUSD,Buy,0.01,119669.35,0.0,0.0,0.0,1468002971,1437733935
2025-10-02,22:56:19,US100Cash,Buy,0.1,24867.8,0.0,0.0,0.0,1468006708,1437737750
2025-10-03,03:03:16,GOLD,Buy,50.0,3847.91,0.0,0.0,0.0,1468213115,1437941101
2025-10-03,03:35:54,GOLD,Sell,50.0,3856.04,40650.0,0.0,0.0,1468222285,1437949864
2025-10-03,03:36:01,GOLD,Sell,5.0,3855.44,0.0,0.0,0.0,1468222351,1437949930
2025-10-03,04:34:14,GOLD,Buy,5.0,3855.5,0.0,0.0,0.0,1468234269,1437961737
2025-10-03,04:51:01,XPDUSD,Buy,5.0,1257.85,0.0,0.0,0.0,1468237615,1437965014
2025-10-03,05:46:37,,Other,0.0,0.0,-15.68,0.0,0.0,0,1437971695
2025-10-03,06:23:03,,Other,0.0,0.0,-24.37,0.0,0.0,0,1437975852
2025-10-03,06:23:03,,Other,0.0,0.0,0.24,0.0,0.0,0,1437975853
2025-10-03,06:23:03,,Other,0.0,0.0,0.24,0.0,0.0,0,1437975854
2025-10-03,10:02:29,GOLD,Buy,5.0,3850.33,2555.0,0.0,100.0,1468290108,1438020309
2025-10-03,16:39:06,GOLD,Sell,5.0,3863.55,30515.0,0.0,-1457.5,1468430577,1438157609
2025-10-03,16:39:14,GOLD,Sell,5.0,3863.56,0.0,0.0,0.0,1468430606,1438157640
2025-10-03,16:39:51,GOLD,Sell,20.01,3863.46,86503.23,0.0,-5832.91,1468430685,1438157713
2025-10-03,16:40:00,GOLD,Sell,5.0,3863.35,3925.0,0.0,-291.5,1468430716,1438157743
2025-10-03,16:41:08,GOLD,Buy,5.0,3863.15,205.0,0.0,0.0,1468431226,1438158244
2025-10-04,04:30:53,BTCUSD,Sell,5.0,122555.95,0.0,0.0,0.0,1468838685,1438560571
2025-10-04,04:36:34,BTCUSD,Buy,5.0,122379.15,884.0,0.0,0.0,1468840031,1438561939
2025-10-04,04:37:42,BTCUSD,Sell,5.0,122414.35,0.0,0.0,0.0,1468840160,1438562079
2025-10-04,04:48:51,GOLD,Sell,5.0,3884.03,0.0,0.0,0.0,1468842036,1438564018
2025-10-04,05:45:50,,Other,0.0,0.0,-47.05,0.0,0.0,0,1438569391
2025-10-06,12:10:01,SILVER,Sell,1.0,48.474,18870.0,0.0,-165.25,1469106740,1438839458
2025-10-06,12:17:47,GOLD,Sell,0.46,3930.64,8771.28,0.0,-241.37,1469111965,1438844763
2025-10-06,15:51:27,GOLD,Sell,5.0,3930.6,26860.0,0.0,-583.0,1469229267,1438962084
2025-10-06,15:52:07,GOLD,Sell,0.01,3930.94,0.0,0.0,0.0,1469229699,1438962528
2025-10-06,15:52:18,GOLD,Sell,10.0,3930.69,0.0,0.0,0.0,1469229883,1438962713
2025-10-06,16:10:11,GOLD,Buy,10.0,3936.42,-5730.0,0.0,0.0,1469243825,1438976671
2025-10-07,05:44:04,,Other,0.0,0.0,-15.68,0.0,0.0,0,1439505975
2025-10-08,05:44:25,,Other,0.0,0.0,-15.68,0.0,0.0,0,1440261144
2025-10-09,05:46:38,,Other,0.0,0.0,-15.68,0.0,0.0,0,1441022955
2025-10-09,06:21:45,,Other,0.0,0.0,-4.43,0.0,0.0,0,1441026119
2025-10-09,06:21:45,,Other,0.0,0.0,0.04,0.0,0.0,0,1441026120
2025-10-09,06:21:45,,Other,0.0,0.0,0.04,0.0,0.0,0,1441026121
2025-10-09,14:39:31,GOLD,Sell,5.0,4038.79,118450.0,0.0,-3206.5,1471533833,1441228456
2025-10-10,05:44:03,,Other,0.0,0.0,-15.68,0.0,0.0,0,1441893965
2025-10-10,06:21:07,,Other,0.0,0.0,-0.68,0.0,0.0,0,1441898150
2025-10-10,06:21:07,,Other,0.0,0.0,0.01,0.0,0.0,0,1441898151
2025-10-10,06:21:07,,Other,0.0,0.0,0.01,0.0,0.0,0,1441898152
2025-10-11,05:45:01,,Other,0.0,0.0,-47.05,0.0,0.0,0,1442855399
2025-10-12,23:49:37,BTCUSD,Buy,5.0,113804.35,43050.0,0.0,-2461.76,1473505734,1443164843
2025-10-13,17:59:04,GOLD,Sell,5.0,4072.31,0.0,0.0,0.0,1473964000,1443617248
2025-10-13,17:59:20,GOLD,Sell,5.0,4072.17,0.0,0.0,0.0,1473964039,1443617285
2025-10-13,17:59:21,GOLD,Sell,5.0,4072.22,0.0,0.0,0.0,1473964041,1443617287
2025-10-13,17:59:22,GOLD,Sell,5.0,4072.03,0.0,0.0,0.0,1473964043,1443617289
2025-10-13,17:59:24,GOLD,Sell,5.0,4072.01,0.0,0.0,0.0,1473964049,1443617294
2025-10-13,17:59:54,GOLD,Sell,5.0,4071.54,97405.0,0.0,-2623.5,1473964208,1443617446
2025-10-13,18:00:06,GOLD,Sell,0.01,4071.03,299.83,0.0,-11.05,1473964321,1443617557
2025-10-13,18:00:09,GOLD,Sell,0.01,4071.06,193.61,0.0,-5.23,1473964332,1443617567
2025-10-13,18:00:26,GOLD,Buy,5.0,4071.77,225.0,0.0,0.0,1473964467,1443617698
2025-10-13,18:00:30,GOLD,Buy,5.0,4071.67,320.0,0.0,0.0,1473964508,1443617737
2025-10-13,18:00:40,GOLD,Sell,50.0,4070.83,0.0,0.0,0.0,1473964574,1443617796
2025-10-13,18:00:44,GOLD,Buy,5.0,4071.26,455.0,0.0,0.0,1473964600,1443617818
2025-10-13,18:01:10,GOLD,Buy,5.0,4071.19,410.0,0.0,0.0,1473964730,1443617952
2025-10-13,18:03:14,GOLD,Buy,5.0,4071.33,350.0,0.0,0.0,1473965913,1443619138
2025-10-13,18:26:08,GOLD,Buy,50.0,4078.95,-40600.0,0.0,0.0,1473981488,1443634538
2025-10-13,18:40:55,GOLD,Sell,5.0,4071.4,0.0,0.0,0.0,1473991119,1443644058
2025-10-13,18:41:00,GOLD,Sell,50.0,4071.41,0.0,0.0,0.0,1473991151,1443644090
2025-10-13,18:43:26,GOLD,Sell,50.0,4072.25,0.0,0.0,0.0,1473992753,1443645679
2025-10-13,18:43:54,GOLD,Buy,50.0,4072.49,-1200.0,0.0,0.0,1473992878,1443645798
2025-10-13,18:44:03,GOLD,Sell,50.0,4071.71,0.0,0.0,0.0,1473992929,1443645846
2025-10-13,19:09:13,GOLD,Buy,50.0,4079.33,-38100.0,0.0,0.0,1474004066,1443656818
2025-10-13,19:13:58,GOLD,Sell,50.0,4078.81,0.0,0.0,0.0,1474007764,1443660503
2025-10-13,19:20:20,GOLD,Buy,50.0,4081.29,-12400.0,0.0,0.0,1474012368,1443665093
2025-10-13,19:20:31,GOLD,Buy,50.0,4081.28,-49350.0,0.0,0.0,1474012475,1443665199
2025-10-13,19:22:39,GOLD,Buy,50.0,4084.54,0.0,0.0,0.0,1474016139,1443668913
2025-10-13,19:23:07,GOLD,Sell,50.0,4083.89,0.0,0.0,0.0,1474016560,1443669313
2025-10-13,19:23:21,GOLD,Buy,50.0,4084.35,-2300.0,0.0,0.0,1474016759,1443669509
2025-10-13,19:23:53,GOLD,Sell,0.01,4083.9,203.04,0.0,-5.23,1474017249,1443669983
2025-10-13,19:24:08,GOLD,Sell,50.0,4083.65,-4450.0,0.0,0.0,1474017366,1443670097
2025-10-13,19:25:48,BTCUSD,Sell,5.0,114876.45,0.0,0.0,0.0,1474018395,1443671110
2025-10-13,19:30:23,GOLD,Sell,50.0,4079.57,0.0,0.0,0.0,1474020904,1443673612
2025-10-13,19:34:33,GOLD,Buy,50.0,4078.87,3500.0,0.0,0.0,1474024379,1443677082
2025-10-13,19:34:41,GOLD,Sell,50.0,4078.05,0.0,0.0,0.0,1474024420,1443677123
2025-10-13,19:35:55,GOLD,Buy,50.0,4080.92,-14350.0,0.0,0.0,1474025441,1443678146
2025-10-13,19:36:29,GOLD,Sell,50.0,4080.32,0.0,0.0,0.0,1474025767,1443678469
2025-10-13,19:39:03,GOLD,Buy,50.0,4079.8,2600.0,0.0,0.0,1474028424,1443681122
2025-10-13,19:39:20,GOLD,Sell,5.0,4079.42,0.0,0.0,0.0,1474028563,1443681261
2025-10-13,19:52:29,GOLD,Sell,5.0,4081.9,0.0,0.0,0.0,1474037280,1443689873
2025-10-13,19:53:03,BTCUSD,Sell,50.0,114292.25,0.0,0.0,0.0,1474037509,1443690098
2025-10-13,19:53:13,GOLD,Sell,50.0,4081.1,0.0,0.0,0.0,1474037564,1443690153
2025-10-13,20:19:10,GOLD,Sell,50.0,4076.66,0.0,0.0,0.0,1474054174,1443706677
2025-10-13,20:19:23,GOLD,Buy,50.0,4077.08,20100.0,0.0,0.0,1474054402,1443706900
2025-10-13,20:19:49,GOLD,Buy,5.0,4076.38,2760.0,0.0,0.0,1474054764,1443707257
2025-10-13,20:21:57,BTCUSD,Buy,50.0,114142.75,7475.0,0.0,0.0,1474056303,1443708892
2025-10-13,20:31:26,GOLD,Buy,50.0,4075.22,7200.0,0.0,0.0,1474061625,1443714137
2025-10-13,20:31:53,GOLD,Sell,50.0,4073.71,0.0,0.0,0.0,1474061907,1443714416
2025-10-13,20:39:27,GOLD,Buy,50.0,4076.02,-11550.0,0.0,0.0,1474066510,1443718984
2025-10-13,20:40:19,GOLD,Buy,5.0,4076.16,1630.0,0.0,0.0,1474067064,1443719524
2025-10-13,20:45:30,BTCUSD,Sell,50.0,114288.55,0.0,0.0,0.0,1474071239,1443723604
2025-10-13,20:50:28,GOLD,Buy,5.0,4079.49,-4045.0,0.0,0.0,1474074687,1443727084
2025-10-13,21:02:10,BTCUSD,Buy,50.0,114467.75,-8960.0,0.0,0.0,1474088030,1443740381
2025-10-13,21:03:20,BTCUSD,Buy,5.0,114605.75,1353.5,0.0,0.0,1474090500,1443742851
2025-10-13,21:09:52,GOLD,Sell,5.0,4079.38,0.0,0.0,0.0,1474099443,1443751717
2025-10-13,21:10:45,GOLD,Sell,5.0,4079.13,0.0,0.0,0.0,1474100166,1443752431
2025-10-14,05:47:18,,Other,0.0,0.0,-24.82,0.0,0.0,0,1444072466
2025-10-14,18:06:26,GOLD,Sell,5.0,4137.31,0.0,0.0,0.0,1474858591,1444515287
2025-10-14,18:14:57,GOLD,Sell,50.0,4136.44,0.0,0.0,0.0,1474865403,1444522150
2025-10-14,18:16:49,GOLD,Buy,50.0,4133.36,15400.0,0.0,0.0,1474868627,1444525426
2025-10-14,18:17:01,GOLD,Sell,50.0,4131.68,0.0,0.0,0.0,1474868702,1444525504
2025-10-14,18:18:00,GOLD,Buy,50.0,4131.49,950.0,0.0,0.0,1474869612,1444526438
2025-10-14,18:18:13,GOLD,Buy,5.0,4133.02,2145.0,0.0,0.0,1474869845,1444526668
2025-10-14,18:18:49,GOLD,Sell,50.0,4134.81,0.0,0.0,0.0,1474870440,1444527265
2025-10-14,18:20:03,GOLD,Buy,50.0,4133.78,5150.0,0.0,0.0,1474871163,1444528007
2025-10-14,18:20:52,GOLD,Sell,5.0,4132.84,0.0,0.0,0.0,1474871514,1444528358
2025-10-14,18:21:41,GOLD,Sell,5.0,4131.44,0.0,0.0,0.0,1474871862,1444528705
2025-10-14,18:22:44,GOLD,Buy,5.0,4130.44,1200.0,0.0,0.0,1474872484,1444529338
2025-10-14,18:22:58,GOLD,Sell,50.0,4129.65,0.0,0.0,0.0,1474872618,1444529475
2025-10-14,18:24:44,GOLD,Buy,50.0,4127.98,8350.0,0.0,0.0,1474875647,1444532565
2025-10-14,18:27:03,GOLD,Buy,5.0,4123.59,3925.0,0.0,0.0,1474878231,1444535174
2025-10-14,18:27:24,GOLD,Sell,50.0,4123.65,0.0,0.0,0.0,1474878572,1444535518
2025-10-14,18:27:50,GOLD,Buy,50.0,4123.8,-750.0,0.0,0.0,1474878899,1444535846
2025-10-14,18:28:40,GOLD,Sell,1.99,4126.27,70366.4,0.0,-2320.37,1474879434,1444536387
2025-10-14,18:30:23,GOLD,Buy,50.0,4128.29,0.0,0.0,0.0,1474880987,1444537907
2025-10-14,18:31:06,GOLD,Sell,50.0,4128.87,2900.0,0.0,0.0,1474881578,1444538496
2025-10-14,18:32:59,GOLD,Buy,50.0,4128.11,0.0,0.0,0.0,1474882615,1444539545
2025-10-14,18:35:02,GOLD,Sell,50.0,4128.6,2450.0,0.0,0.0,1474883703,1444540655
2025-10-14,18:35:09,GOLD,Buy,5.0,4128.78,0.0,0.0,0.0,1474883759,1444540710
2025-10-14,18:36:44,GOLD,Buy,50.0,4129.84,0.0,0.0,0.0,1474884782,1444541735
2025-10-14,18:37:39,GOLD,Sell,5.0,4129.59,405.0,0.0,0.0,1474885636,1444542589
2025-10-14,18:39:56,GOLD,Buy,50.0,4128.29,0.0,0.0,0.0,1474887242,1444544208
2025-10-14,18:42:02,GOLD,Sell,50.0,4126.09,-18750.0,0.0,0.0,1474888741,1444545723
2025-10-14,18:42:40,GOLD,Buy,50.0,4127.24,0.0,0.0,0.0,1474889458,1444546455
2025-10-14,18:46:01,GOLD,Sell,50.0,4127.48,1200.0,0.0,0.0,1474891760,1444548789
2025-10-14,18:46:34,GOLD,Buy,50.0,4129.28,0.0,0.0,0.0,1474892011,1444549045
2025-10-14,18:52:23,GOLD,Sell,50.0,4135.03,33700.0,0.0,0.0,1474896705,1444553807
2025-10-14,19:11:44,GOLD,Sell,50.0,4139.1,49100.0,0.0,0.0,1474910745,1444567966
2025-10-14,20:51:57,GOLD,Sell,5.0,4128.27,0.0,0.0,0.0,1474977431,1444635267
2025-10-14,20:55:10,GOLD,Sell,50.0,4121.03,0.0,0.0,0.0,1474984566,1444642492
2025-10-14,20:55:33,GOLD,Buy,5.0,4117.66,5305.0,0.0,0.0,1474986404,1444644378
2025-10-14,21:04:41,GOLD,Buy,50.0,4115.86,25850.0,0.0,0.0,1475002328,1444660361
2025-10-14,21:05:07,GOLD,Sell,50.0,4112.78,0.0,0.0,0.0,1475002941,1444660980
2025-10-14,21:06:21,GOLD,Buy,50.0,4115.42,-13200.0,0.0,0.0,1475004260,1444662315
2025-10-14,21:09:59,GOLD,Sell,5.0,4110.58,0.0,0.0,0.0,1475007988,1444666071
2025-10-14,21:10:01,GOLD,Sell,5.0,4110.89,0.0,0.0,0.0,1475008067,1444666148
2025-10-14,21:10:07,GOLD,Sell,50.0,4110.06,0.0,0.0,0.0,1475008439,1444666527
2025-10-14,21:13:53,GOLD,Buy,5.0,4109.68,605.0,0.0,0.0,1475013569,1444671705
2025-10-14,21:15:33,GOLD,Buy,50.0,4112.78,-13600.0,0.0,0.0,1475016818,1444674956
2025-10-14,21:18:51,GOLD,Sell,50.0,4109.78,0.0,0.0,0.0,1475020101,1444678273
2025-10-14,21:19:30,GOLD,Buy,50.0,4110.85,-5350.0,0.0,0.0,1475020862,1444679039
2025-10-14,21:20:03,GOLD,Sell,50.0,4109.18,0.0,0.0,0.0,1475021174,1444679344
2025-10-14,21:20:50,GOLD,Buy,5.0,4108.19,1195.0,0.0,0.0,1475022341,1444680506
2025-10-14,21:21:39,GOLD,Buy,50.0,4108.22,4800.0,0.0,0.0,1475023583,1444681752
2025-10-14,21:21:59,GOLD,Sell,50.0,4106.94,0.0,0.0,0.0,1475023866,1444682039
2025-10-14,21:30:41,GOLD,Buy,50.0,4103.31,18150.0,0.0,0.0,1475037091,1444695335
2025-10-15,00:29:25,GOLD,Buy,5.0,4138.0,0.0,0.0,0.0,1475241292,1444900104
2025-10-15,00:31:07,GOLD,Buy,50.0,4139.63,0.0,0.0,0.0,1475243305,1444902096
2025-10-15,00:38:40,GOLD,Sell,5.0,4130.96,-3520.0,0.0,0.0,1475250007,1444908833
2025-10-15,01:46:45,GOLD,Sell,50.0,4143.45,19100.0,0.0,0.0,1475307232,1444966181
2025-10-15,01:47:02,GOLD,Buy,50.0,4144.27,0.0,0.0,0.0,1475307469,1444966407
2025-10-15,01:58:20,GOLD,Sell,50.0,4149.63,26800.0,0.0,0.0,1475315880,1444974846
2025-10-15,02:00:17,GOLD,Buy,5.0,4147.83,0.0,0.0,0.0,1475317243,1444976215
2025-10-15,02:00:25,GOLD,Buy,50.0,4149.71,0.0,0.0,0.0,1475317338,1444976312
2025-10-15,02:00:37,GOLD,Sell,5.0,4148.63,400.0,0.0,0.0,1475317441,1444976420
2025-10-15,02:32:44,GOLD,Sell,50.0,4150.21,2500.0,0.0,0.0,1475331957,1444990726
2025-10-15,02:33:29,GOLD,Buy,50.0,4152.73,0.0,0.0,0.0,1475332277,1444991035
2025-10-15,02:48:23,GOLD,Buy,5.0,4145.64,0.0,0.0,0.0,1475339493,1444998264
2025-10-15,02:49:07,PlugPower,Sell,40.0,3.94,504.0,0.0,-7.03,1475339975,1444998734
2025-10-15,02:52:46,GOLD,Sell,5.0,4143.01,-1315.0,0.0,0.0,1475342031,1445000795
2025-10-15,04:06:28,GOLD,Sell,50.0,4141.16,-57850.0,0.0,0.0,1475365583,1445024075
2025-10-15,05:52:27,,Other,0.0,0.0,-24.82,0.0,0.0,0,1445055868
2025-10-15,17:26:57,GOLD,Sell,50.0,4212.87,0.0,0.0,0.0,1475701542,1445351434
2025-10-15,17:27:02,GOLD,Sell,50.0,4212.9,0.0,0.0,0.0,1475701579,1445351465
2025-10-15,17:40:04,GOLD,Buy,50.0,4208.25,23250.0,0.0,0.0,1475709876,1445359140
2025-10-15,17:50:07,GOLD,Buy,24.41,4191.96,51041.31,0.0,0.0,1475724038,1445373333
2025-10-15,17:51:19,GOLD,Buy,25.59,4166.57,118481.7,0.0,0.0,1475729050,1445378502
2025-10-15,17:51:32,GOLD,Buy,5.0,4167.65,0.0,0.0,0.0,1475730505,1445379974
2025-10-15,17:51:47,GOLD,Sell,5.0,4176.91,4630.0,0.0,0.0,1475731152,1445380619
2025-10-15,17:52:27,GOLD,Buy,5.0,4180.9,0.0,0.0,0.0,1475732802,1445382161
2025-10-15,17:52:28,GOLD,Buy,5.0,4181.51,0.0,0.0,0.0,1475732812,1445382171
2025-10-15,17:52:29,GOLD,Buy,5.0,4181.46,0.0,0.0,0.0,1475732820,1445382180
2025-10-15,17:52:29,GOLD,Buy,5.0,4182.06,0.0,0.0,0.0,1475732823,1445382183
2025-10-15,17:52:30,GOLD,Buy,5.0,4182.35,0.0,0.0,0.0,1475732828,1445382188
2025-10-15,17:52:30,GOLD,Buy,5.0,4181.71,0.0,0.0,0.0,1475732832,1445382192
2025-10-15,17:52:31,GOLD,Buy,5.0,4181.81,0.0,0.0,0.0,1475732837,1445382197
2025-10-15,17:52:32,GOLD,Buy,5.0,4181.69,0.0,0.0,0.0,1475732843,1445382203
2025-10-15,17:52:39,GOLD,Buy,50.0,4183.0,0.0,0.0,0.0,1475733013,1445382372
2025-10-15,17:52:43,GOLD,Sell,5.0,4182.78,545.0,0.0,0.0,1475733065,1445382425
2025-10-15,17:52:54,GOLD,Sell,5.0,4182.3,245.0,0.0,0.0,1475733333,1445382692
2025-10-15,17:52:56,GOLD,Sell,5.0,4182.36,325.0,0.0,0.0,1475733380,1445382740
2025-10-15,17:54:00,GOLD,Sell,5.0,4182.25,95.0,0.0,0.0,1475734708,1445384062
2025-10-15,17:54:03,GOLD,Sell,5.0,4181.54,40.0,0.0,0.0,1475734816,1445384171
2025-10-15,17:54:09,GOLD,Sell,5.0,4181.77,435.0,0.0,0.0,1475734918,1445384269
2025-10-15,17:54:10,GOLD,Sell,5.0,4182.74,615.0,0.0,0.0,1475734947,1445384297
2025-10-15,17:54:30,GOLD,Sell,5.0,4183.29,470.0,0.0,0.0,1475735325,1445384684
2025-10-15,17:59:14,GOLD,Sell,50.0,4189.59,32950.0,0.0,0.0,1475740257,1445389583
2025-10-15,17:59:41,GOLD,Sell,5.0,4189.39,0.0,0.0,0.0,1475740560,1445389885
2025-10-15,18:02:41,GOLD,Buy,5.0,4192.16,-1385.0,0.0,0.0,1475742476,1445391733
2025-10-15,18:03:39,GOLD,Sell,5.0,4192.5,0.0,0.0,0.0,1475743782,1445393048
2025-10-15,18:06:05,GOLD,Buy,5.0,4194.65,-1075.0,0.0,0.0,1475745643,1445394885
2025-10-15,18:14:03,GOLD,Sell,5.0,4191.23,0.0,0.0,0.0,1475750958,1445400168
2025-10-15,18:16:12,GOLD,Buy,5.0,4194.62,-1695.0,0.0,0.0,1475752743,1445401955
2025-10-15,19:32:45,GOLD,Sell,5.0,4200.0,0.0,0.0,0.0,1475804562,1445452404
2025-10-15,19:33:01,GOLD,Sell,50.0,4199.58,0.0,0.0,0.0,1475804666,1445452496
2025-10-15,19:33:38,GOLD,Sell,50.0,4199.44,0.0,0.0,0.0,1475805108,1445452889
2025-10-15,20:08:28,GOLD,Buy,50.0,4202.44,-14300.0,0.0,0.0,1475822296,1445468997
2025-10-15,20:53:23,GOLD,Buy,28.9,4184.05,44477.1,0.0,0.0,1475857724,1445504573
2025-10-15,20:54:36,GOLD,Sell,5.0,4181.01,0.0,0.0,0.0,1475858747,1445505610
2025-10-15,20:55:48,GOLD,Buy,5.0,4185.97,-2480.0,0.0,0.0,1475859840,1445506682
2025-10-15,20:58:30,GOLD,Buy,5.0,4183.59,8205.0,0.0,0.0,1475862363,1445509200
2025-10-15,20:58:47,GOLD,Buy,5.0,4183.09,0.0,0.0,0.0,1475862557,1445509392
2025-10-15,21:00:03,GOLD,Sell,5.0,4180.0,-1545.0,0.0,0.0,1475863691,1445510526
2025-10-15,21:00:54,GOLD,Buy,5.0,4183.02,0.0,0.0,0.0,1475865808,1445512683
2025-10-15,21:01:24,GOLD,Sell,5.0,4183.68,330.0,0.0,0.0,1475866481,1445513355
2025-10-15,21:01:29,GOLD,Buy,5.0,4184.2,0.0,0.0,0.0,1475866614,1445513488
2025-10-15,21:01:30,GOLD,Buy,21.1,4183.91,32768.3,0.0,0.0,1475866687,1445513561
2025-10-15,21:03:14,GOLD,Sell,5.0,4180.87,-1665.0,0.0,0.0,1475868248,1445515138
2025-10-15,21:04:54,GOLD,Buy,5.0,4185.31,0.0,0.0,0.0,1475869634,1445516559
2025-10-15,21:04:55,GOLD,Buy,5.0,4185.33,0.0,0.0,0.0,1475869669,1445516595
2025-10-15,21:04:56,GOLD,Buy,5.0,4185.64,0.0,0.0,0.0,1475869689,1445516611
2025-10-15,21:04:57,GOLD,Buy,5.0,4185.99,0.0,0.0,0.0,1475869698,1445516621
2025-10-15,21:04:58,GOLD,Buy,5.0,4186.49,0.0,0.0,0.0,1475869743,1445516668
2025-10-15,21:04:59,GOLD,Buy,5.0,4186.88,0.0,0.0,0.0,1475869769,1445516696
2025-10-15,21:04:59,GOLD,Buy,5.0,4186.9,0.0,0.0,0.0,1475869785,1445516713
2025-10-15,21:05:00,GOLD,Buy,5.0,4186.96,0.0,0.0,0.0,1475869813,1445516738
2025-10-15,21:05:01,GOLD,Buy,5.0,4186.79,0.0,0.0,0.0,1475869906,1445516830
2025-10-15,21:05:13,GOLD,Buy,5.0,4187.21,0.0,0.0,0.0,1475870376,1445517306
2025-10-15,21:05:14,GOLD,Buy,5.0,4187.69,0.0,0.0,0.0,1475870400,1445517331
2025-10-15,21:05:15,GOLD,Buy,5.0,4187.47,0.0,0.0,0.0,1475870416,1445517346
2025-10-15,21:05:16,GOLD,Buy,5.0,4187.61,0.0,0.0,0.0,1475870422,1445517351
2025-10-15,21:05:33,GOLD,Sell,5.0,4187.7,455.0,0.0,0.0,1475870638,1445517564
2025-10-15,21:05:54,GOLD,Sell,5.0,4187.8,295.0,0.0,0.0,1475871029,1445517956
2025-10-15,21:05:56,GOLD,Sell,5.0,4187.68,360.0,0.0,0.0,1475871065,1445517990
2025-10-15,21:05:58,GOLD,Sell,5.0,4188.08,590.0,0.0,0.0,1475871087,1445518012
2025-10-15,21:06:03,GOLD,Sell,5.0,4188.6,1055.0,0.0,0.0,1475871193,1445518116
2025-10-15,21:06:05,GOLD,Sell,5.0,4188.92,1465.0,0.0,0.0,1475871236,1445518159
2025-10-15,21:06:06,GOLD,Sell,5.0,4188.81,1585.0,0.0,0.0,1475871257,1445518180
2025-10-15,21:06:07,GOLD,Sell,5.0,4189.24,1955.0,0.0,0.0,1475871285,1445518208
2025-10-15,21:06:08,GOLD,Sell,5.0,4189.48,2085.0,0.0,0.0,1475871305,1445518227
2025-10-15,21:06:11,GOLD,Sell,5.0,4189.05,680.0,0.0,0.0,1475871372,1445518292
2025-10-15,21:06:12,GOLD,Sell,5.0,4188.98,755.0,0.0,0.0,1475871401,1445518322
2025-10-15,21:06:14,GOLD,Sell,5.0,4189.14,765.0,0.0,0.0,1475871441,1445518363
2025-10-15,21:06:17,GOLD,Sell,5.0,4189.02,1070.0,0.0,0.0,1475871522,1445518444
2025-10-15,21:07:19,GOLD,Sell,5.0,4188.08,0.0,0.0,0.0,1475872256,1445519166
2025-10-15,21:07:20,GOLD,Sell,5.0,4188.16,0.0,0.0,0.0,1475872260,1445519170
2025-10-15,21:08:57,GOLD,Buy,5.0,4185.24,1460.0,0.0,0.0,1475873384,1445520310
2025-10-15,21:09:06,GOLD,Buy,5.0,4185.14,1470.0,0.0,0.0,1475873545,1445520469
2025-10-15,21:09:28,GOLD,Buy,5.0,4186.39,0.0,0.0,0.0,1475873864,1445520792
2025-10-15,21:09:42,GOLD,Buy,5.0,4186.77,-53695.0,0.0,200.0,1475873946,1445520877
2025-10-15,21:10:36,GOLD,Sell,5.0,4186.48,45.0,0.0,0.0,1475874411,1445521330
2025-10-15,21:16:48,GOLD,Sell,5.0,4184.09,0.0,0.0,0.0,1475877122,1445524016
2025-10-15,21:16:49,GOLD,Sell,5.0,4184.18,0.0,0.0,0.0,1475877126,1445524020
2025-10-15,21:16:52,GOLD,Sell,5.0,4184.04,0.0,0.0,0.0,1475877147,1445524042
2025-10-15,21:17:09,GOLD,Buy,5.0,4184.04,70.0,0.0,0.0,1475877451,1445524344
2025-10-15,21:19:39,GOLD,Buy,5.0,4182.75,645.0,0.0,0.0,1475880424,1445527326
2025-10-15,21:19:47,GOLD,Buy,5.0,4183.52,285.0,0.0,0.0,1475880535,1445527437
2025-10-15,21:22:30,GOLD,Buy,5.0,4187.56,0.0,0.0,0.0,1475883246,1445530154
2025-10-15,21:22:31,GOLD,Buy,5.0,4187.35,0.0,0.0,0.0,1475883255,1445530162
2025-10-15,21:22:32,GOLD,Buy,5.0,4187.36,0.0,0.0,0.0,1475883267,1445530174
2025-10-15,21:22:32,GOLD,Buy,5.0,4187.51,0.0,0.0,0.0,1475883275,1445530182
2025-10-15,21:22:46,GOLD,Sell,5.0,4188.17,330.0,0.0,0.0,1475883561,1445530473
2025-10-15,21:22:47,GOLD,Sell,5.0,4188.25,445.0,0.0,0.0,1475883599,1445530511
2025-10-15,21:22:50,GOLD,Sell,5.0,4188.31,480.0,0.0,0.0,1475883635,1445530547
2025-10-15,21:22:55,GOLD,Sell,5.0,4187.86,150.0,0.0,0.0,1475883816,1445530727
2025-10-15,21:23:48,GOLD,Buy,5.0,4188.81,0.0,0.0,0.0,1475884683,1445531589
2025-10-15,21:24:28,GOLD,Sell,5.0,4189.05,120.0,0.0,0.0,1475885218,1445532126
2025-10-15,22:42:06,GOLD,Buy,0.01,4210.89,0.0,0.0,0.0,1475978161,1445624875
2025-10-15,22:42:22,GOLD,Buy,0.5,4211.93,0.0,0.0,0.0,1475978847,1445625553
2025-10-15,22:42:43,GOLD,Buy,50.0,4212.56,0.0,0.0,0.0,1475979271,1445625946
2025-10-16,00:23:43,GOLD,Buy,5.0,4187.16,0.0,0.0,0.0,1476099651,1445741398
2025-10-16,00:24:15,GOLD,Sell,5.0,4189.27,1055.0,0.0,0.0,1476100324,1445742066
2025-10-16,00:29:12,GOLD,Buy,5.0,4192.01,0.0,0.0,0.0,1476107059,1445748709
2025-10-16,02:48:51,GOLD,Sell,5.0,4197.6,2795.0,0.0,0.0,1476203013,1445840891
2025-10-16,02:53:45,GBPUSD,Buy,5.0,1.33808,0.0,0.0,0.0,1476205400,1445843252
2025-10-16,05:48:55,,Other,0.0,0.0,-24.82,0.0,0.0,0,1445895546
2025-10-16,18:26:41,GOLD,Sell,27.63,4235.76,64101.6,0.0,-4832.49,1476651037,1446260307
2025-10-16,18:42:38,GOLD,Sell,22.37,4235.63,51607.59,0.0,-3912.51,1476669271,1446278200
2025-10-16,18:48:53,BTCUSD,Buy,5.0,111658.45,0.0,0.0,0.0,1476675236,1446284158
2025-10-16,22:41:24,BTCUSD,Sell,5.0,110206.85,-7258.0,0.0,0.0,1476876847,1446484090
2025-10-17,05:47:17,,Other,0.0,0.0,-24.82,0.0,0.0,0,1446812310
2025-10-17,19:09:00,GOLD,Sell,0.01,4323.48,0.0,0.0,0.0,1477731990,1447336683
2025-10-17,19:09:10,GOLD,Sell,10.0,4323.57,0.0,0.0,0.0,1477732143,1447336840
2025-10-17,22:55:58,GOLD,Buy,10.0,4232.09,91480.0,0.0,0.0,1478061764,1447666678
2025-10-17,22:55:59,GOLD,Buy,5.0,4231.93,0.0,0.0,0.0,1478061800,1447666713
2025-10-17,22:56:06,GOLD,Buy,50.0,4233.5,0.0,0.0,0.0,1478061982,1447666895
2025-10-17,22:59:05,GOLD,Sell,50.0,4237.44,19700.0,0.0,0.0,1478069610,1447674520
2025-10-17,22:59:17,GOLD,Buy,50.0,4241.0,0.0,0.0,0.0,1478069807,1447674712
2025-10-17,23:00:09,GOLD,Sell,50.0,4242.2,6000.0,0.0,0.0,1478070718,1447675613
2025-10-17,23:00:12,GOLD,Buy,50.0,4244.56,0.0,0.0,0.0,1478070745,1447675640
2025-10-17,23:02:03,GOLD,Sell,50.0,4244.97,2050.0,0.0,0.0,1478072707,1447677626
2025-10-17,23:02:06,GOLD,Buy,50.0,4245.33,0.0,0.0,0.0,1478072768,1447677688
2025-10-17,23:04:54,GOLD,Sell,5.0,4236.98,2525.0,0.0,0.0,1478076705,1447681667
2025-10-17,23:11:28,GOLD,Buy,5.0,4265.81,-93340.0,0.0,578.25,1478090610,1447695569
2025-10-17,23:11:40,GOLD,Sell,50.0,4260.97,78200.0,0.0,0.0,1478090920,1447695871
2025-10-17,23:12:11,GOLD,Buy,50.0,4258.63,0.0,0.0,0.0,1478091973,1447696931
2025-10-17,23:13:02,GOLD,Sell,50.0,4259.91,6400.0,0.0,0.0,1478092954,1447697913
2025-10-17,23:13:35,GOLD,Buy,5.0,4259.96,0.0,0.0,0.0,1478094088,1447699058
2025-10-17,23:21:57,XPDUSD,Sell,5.0,1547.65,14490.0,0.0,0.0,1478105197,1447709842
2025-10-17,23:22:07,GOLD,Buy,5.0,4256.49,0.0,0.0,0.0,1478105287,1447709935
2025-10-17,23:27:18,GOLD,Sell,5.0,4252.03,-2230.0,0.0,0.0,1478109524,1447714156
2025-10-17,23:59:22,GOLD,Buy,5.0,4247.15,0.0,0.0,0.0,1478148059,1447751930
2025-10-17,23:59:23,GOLD,Buy,5.0,4247.14,0.0,0.0,0.0,1478148082,1447751953
2025-10-17,23:59:24,GOLD,Buy,5.0,4247.43,0.0,0.0,0.0,1478148087,1447751957
2025-10-17,23:59:24,GOLD,Buy,5.0,4247.47,0.0,0.0,0.0,1478148098,1447751968
2025-10-17,23:59:25,GOLD,Buy,5.0,4247.47,0.0,0.0,0.0,1478148101,1447751971
2025-10-17,23:59:26,GOLD,Buy,5.0,4247.52,0.0,0.0,0.0,1478148106,1447751976
2025-10-17,23:59:41,GOLD,Buy,25.0,4248.29,0.0,0.0,0.0,1478148331,1447752201
2025-10-18,00:13:10,GOLD,Sell,5.0,4255.81,4170.0,0.0,0.0,1478163657,1447767299
2025-10-18,00:13:11,GOLD,Sell,5.0,4255.44,4005.0,0.0,0.0,1478163671,1447767313
2025-10-18,00:13:12,GOLD,Sell,5.0,4255.61,4235.0,0.0,0.0,1478163677,1447767320
2025-10-18,00:13:13,GOLD,Sell,5.0,4255.25,4050.0,0.0,0.0,1478163685,1447767328
2025-10-18,02:52:21,GOLD,Buy,25.0,4239.68,0.0,0.0,0.0,1478332544,1447931530
2025-10-18,03:32:21,GOLD,Buy,25.0,4236.63,0.0,0.0,0.0,1478354604,1447953254
2025-10-18,04:37:40,GOLD,Buy,25.0,4233.08,0.0,0.0,0.0,1478385440,1447983375
2025-10-18,04:40:00,EURUSD,Sell,5.0,1.16685,-8680.0,0.0,-1693.7,1478385832,1447983758
2025-10-18,04:40:00,AUDUSD,Sell,50.0,0.64979,-61650.0,0.0,-2387.5,1478385838,1447983763
2025-10-18,04:40:01,GOLD,Buy,5.0,4232.39,-174180.0,0.0,1378.25,1478385842,1447983767
2025-10-18,04:40:02,GOLD,Sell,5.0,4231.9,-14030.0,0.0,0.0,1478385844,1447983769
2025-10-18,04:40:03,GOLD,Sell,5.0,4231.71,-7880.0,0.0,0.0,1478385847,1447983771
2025-10-18,04:40:04,GOLD,Sell,5.0,4231.5,-8010.0,0.0,0.0,1478385848,1447983772
2025-10-18,04:40:04,GOLD,Sell,25.0,4231.3,-42475.0,0.0,0.0,1478385853,1447983776
2025-10-18,04:40:05,GOLD,Sell,25.0,4231.21,-21175.0,0.0,0.0,1478385856,1447983779
2025-10-18,04:40:06,GOLD,Sell,25.0,4231.21,-13550.0,0.0,0.0,1478385875,1447983798
2025-10-18,04:40:48,US100Cash,Buy,0.1,24841.23,0.0,0.0,0.0,1478386108,1447984029
2025-10-18,04:40:49,GOLD,Buy,0.01,4231.07,0.0,0.0,0.0,1478386113,1447984034
2025-10-18,04:40:49,SILVER,Buy,0.01,51.768,0.0,0.0,0.0,1478386114,1447984035
2025-10-18,04:40:50,AUDUSD,Sell,0.01,0.64978,0.0,0.0,0.0,1478386116,1447984037
2025-10-18,04:40:51,NZDUSD,Sell,0.01,0.57357,0.0,0.0,0.0,1478386117,1447984038
2025-10-18,04:40:52,USDCAD,Buy,0.01,1.40157,0.0,0.0,0.0,1478386119,1447984040
2025-10-18,04:40:52,EURGBP,Sell,0.01,0.8686,0.0,0.0,0.0,1478386121,1447984041
2025-10-18,04:40:53,GBPJPY,Buy,0.01,202.187,0.0,0.0,0.0,1478386123,1447984043
2025-10-18,04:40:53,EURAUD,Buy,0.01,1.79577,0.0,0.0,0.0,1478386125,1447984044
2025-10-18,04:40:54,US30Cash,Sell,0.1,46239.75,0.0,0.0,0.0,1478386127,1447984046
2025-10-18,04:40:56,US500Cash,Sell,0.1,6672.33,0.0,0.0,0.0,1478386130,1447984049
2025-10-18,04:40:56,EURUSD,Buy,0.01,1.16706,0.0,0.0,0.0,1478386134,1447984054
2025-10-18,04:40:57,GBPUSD,Buy,0.01,1.34341,0.0,0.0,0.0,1478386136,1447984056
2025-10-18,04:40:57,USDJPY,Sell,0.01,150.488,0.0,0.0,0.0,1478386137,1447984057
2025-10-18,04:40:58,EURJPY,Sell,0.01,175.614,0.0,0.0,0.0,1478386153,1447984072
2025-10-18,04:44:25,GOLD,Buy,25.0,4234.2,0.0,0.0,0.0,1478386885,1447984787
2025-10-18,05:03:08,US100Cash,Buy,0.1,24864.6,0.0,0.0,0.0,1478392538,1447990313
2025-10-18,05:03:11,EURGBP,Sell,0.02,0.8685,0.0,0.0,0.0,1478392544,1447990318
2025-10-18,05:03:14,EURAUD,Buy,0.01,1.79524,0.0,0.0,0.0,1478392552,1447990326
2025-10-18,05:03:17,EURNZD,Buy,0.01,2.03413,0.0,0.0,0.0,1478392567,1447990342
2025-10-18,05:03:19,GBPAUD,Buy,0.01,2.06675,0.0,0.0,0.0,1478392577,1447990352
2025-10-18,05:03:26,China50Cash,Buy,0.01,15010.62,0.0,0.0,0.0,1478392625,1447990400
2025-10-18,05:03:27,GOLD,Buy,0.01,4244.03,0.0,0.0,0.0,1478392627,1447990401
2025-10-18,05:03:30,SILVER,Buy,0.01,51.973,0.0,0.0,0.0,1478392629,1447990403
2025-10-18,05:03:32,AUDJPY,Sell,0.01,97.814,0.0,0.0,0.0,1478392655,1447990428
2025-10-18,05:03:34,US500Cash,Sell,0.1,6672.83,0.0,0.0,0.0,1478392663,1447990436
2025-10-18,05:03:35,JP225Cash,Buy,0.1,48218.0,0.0,0.0,0.0,1478392665,1447990438
2025-10-18,05:03:41,AUDUSD,Sell,0.01,0.64957,0.0,0.0,0.0,1478392673,1447990446
2025-10-18,05:03:42,NZDUSD,Sell,0.01,0.57326,0.0,0.0,0.0,1478392681,1447990454
2025-10-18,05:03:44,GBPNZD,Buy,0.01,2.34192,0.0,0.0,0.0,1478392695,1447990468
2025-10-18,05:03:45,AUDCAD,Sell,0.01,0.91034,0.0,0.0,0.0,1478392709,1447990482
2025-10-18,05:03:48,CHFJPY,Buy,0.01,189.869,0.0,0.0,0.0,1478392737,1447990509
2025-10-18,05:03:49,CADCHF,Sell,0.01,0.56574,0.0,0.0,0.0,1478392759,1447990530
2025-10-18,05:03:51,NZDCAD,Sell,0.01,0.8034,0.0,0.0,0.0,1478392770,1447990541
2025-10-18,05:03:52,NZDCHF,Sell,0.01,0.45459,0.0,0.0,0.0,1478392778,1447990549
2025-10-18,05:03:55,USDTRY,Buy,0.01,41.97538,0.0,0.0,0.0,1478392783,1447990554
2025-10-18,05:03:56,EURTRY,Buy,0.01,49.01496,0.0,0.0,0.0,1478392787,1447990559
2025-10-18,05:03:58,NZDSGD,Sell,0.01,0.74114,0.0,0.0,0.0,1478392790,1447990562
2025-10-18,05:03:59,NZDJPY,Sell,0.01,86.322,0.0,0.0,0.0,1478392793,1447990564
2025-10-18,05:04:01,CADJPY,Sell,0.01,107.424,0.0,0.0,0.0,1478392795,1447990566
2025-10-18,05:04:02,USDMXN,Sell,0.01,18.37104,0.0,0.0,0.0,1478392805,1447990576
2025-10-18,05:04:04,US30Cash,Sell,0.1,46235.75,0.0,0.0,0.0,1478392809,1447990581
2025-10-18,05:04:10,US2000Cash,Sell,0.1,2454.1,0.0,0.0,0.0,1478392832,1447990603
2025-10-18,05:04:11,XAUCNH,Buy,0.01,30253.56,0.0,0.0,0.0,1478392833,1447990604
2025-10-18,05:04:16,EURUSD,Buy,0.01,1.16636,0.0,0.0,0.0,1478392879,1447990649
2025-10-18,05:04:17,GBPUSD,Buy,0.01,1.34271,0.0,0.0,0.0,1478392883,1447990653
2025-10-18,05:04:19,USDJPY,Sell,0.01,150.57,0.0,0.0,0.0,1478392890,1447990661
2025-10-18,05:04:21,EURJPY,Sell,0.01,175.597,0.0,0.0,0.0,1478392907,1447990677
2025-10-18,05:04:22,GBPJPY,Sell,0.01,202.148,0.0,0.0,0.0,1478392917,1447990687
2025-10-18,05:04:24,AUDNZD,Sell,0.01,1.1329799999999999,0.0,0.0,0.0,1478392928,1447990698
2025-10-18,05:04:25,USDSGD,Sell,0.01,1.29387,0.0,0.0,0.0,1478392938,1447990708
2025-10-18,05:04:27,USDZAR,Buy,0.01,17.3805,0.0,0.0,0.0,1478392947,1447990716
2025-10-18,05:04:28,USDSEK,Sell,0.01,9.42063,0.0,0.0,0.0,1478392953,1447990722
2025-10-18,05:04:30,USDDKK,Sell,0.01,6.40125,0.0,0.0,0.0,1478392958,1447990726
2025-10-18,05:04:30,EURSGD,Buy,0.01,1.51189,0.0,0.0,0.0,1478392960,1447990728
2025-10-18,05:04:31,EURZAR,Buy,0.01,20.27081,0.0,0.0,0.0,1478392962,1447990729
2025-10-18,05:04:32,GBPSGD,Buy,0.01,1.74099,0.0,0.0,0.0,1478392964,1447990731
2025-10-18,05:04:32,SGDJPY,Sell,0.01,116.115,0.0,0.0,0.0,1478392967,1447990734
2025-10-18,05:04:35,USDNOK,Sell,0.01,10.04155,0.0,0.0,0.0,1478392970,1447990738
2025-10-18,05:04:35,GOLD,Sell,25.0,4243.4,23000.0,0.0,0.0,1478392973,1447990741
2025-10-18,05:08:08,GOLD,Buy,25.0,4247.83,0.0,0.0,0.0,1478394244,1447992016
2025-10-18,05:08:09,GOLD,Buy,25.0,4247.97,0.0,0.0,0.0,1478394359,1447992132
2025-10-18,05:08:13,GOLD,Buy,25.0,4248.0,0.0,0.0,0.0,1478394413,1447992179
2025-10-18,05:08:17,GOLD,Buy,25.0,4248.02,0.0,0.0,0.0,1478394433,1447992198
2025-10-18,05:09:48,GOLD,Sell,25.0,4246.14,32650.0,0.0,0.0,1478394805,1447992579
2025-10-18,05:10:46,USDSGD,Buy,0.01,1.29768,-2.94,0.0,0.0,1478395012,1447992790
2025-10-18,05:16:35,USDTRY,Sell,0.01,41.81836,-3.75,0.0,0.0,1478396795,1447994531
2025-10-18,18:57:32,BTCUSD,Buy,5.0,106983.45,0.0,0.0,0.0,1478448814,1448048802
2025-10-19,06:46:28,BTCUSD,Sell,5.0,107073.15,448.5,0.0,0.0,1478507746,1448108832
2025-10-20,05:32:03,GBPJPY,Sell,0.01,201.965,-1.48,0.0,0.02,1478637655,1448242461
2025-10-20,05:32:28,NZDSGD,Buy,0.01,0.74628,-3.96,0.0,-0.09,1478637744,1448242547
2025-10-20,06:21:42,,Other,0.0,0.0,-0.93,0.0,0.0,0,1448247490
2025-10-20,06:21:42,,Other,0.0,0.0,-0.93,0.0,0.0,0,1448247491
2025-10-20,06:21:42,,Other,0.0,0.0,-0.01,0.0,0.0,0,1448247492
2025-10-20,06:21:42,,Other,0.0,0.0,-0.01,0.0,0.0,0,1448247493
2025-10-20,06:33:08,GOLD,Sell,25.0,4262.13,35750.0,0.0,-2447.75,1478646757,1448253868
2025-10-20,09:49:46,SGDJPY,Buy,0.01,116.82,-4.66,0.0,-0.06,1478760758,1448362938
2025-10-20,14:45:54,GOLD,Buy,0.01,4244.72,0.0,0.0,0.0,1478939703,1448539113
2025-10-20,15:31:03,GOLD,Buy,25.0,4236.23,0.0,0.0,0.0,1478975597,1448574472
2025-10-20,15:49:19,GOLD,Sell,25.0,4256.2,49925.0,0.0,0.0,1478993999,1448592721
2025-10-20,15:54:27,GOLD,Sell,25.0,4255.41,18475.0,0.0,-2447.75,1478998351,1448597007
2025-10-20,15:59:00,GOLD,Sell,25.0,4254.69,16725.0,0.0,-2447.75,1479002024,1448600661
2025-10-20,15:59:18,GOLD,Sell,25.0,4254.64,16675.0,0.0,-2447.75,1479002216,1448600853
2025-10-20,16:02:09,GOLD,Buy,5.0,4256.09,0.0,0.0,0.0,1479004949,1448603585
2025-10-20,16:11:39,GOLD,Buy,50.0,4255.85,0.0,0.0,0.0,1479011730,1448610219
2025-10-20,17:20:56,GOLD,Sell,50.0,4252.6,-16250.0,0.0,0.0,1479058578,1448656807
2025-10-20,17:39:12,GOLD,Sell,5.0,4253.99,-1050.0,0.0,0.0,1479070576,1448668698
2025-10-20,17:49:06,BTCUSD,Sell,5.0,110725.55,0.0,0.0,0.0,1479076180,1448674311
2025-10-20,18:09:44,GOLD,Buy,50.0,4255.09,0.0,0.0,0.0,1479086155,1448684215
2025-10-20,18:23:56,USDJPY,Buy,50.0,150.682,0.0,0.0,0.0,1479096415,1448694592
2025-10-20,18:27:32,GOLD,Sell,50.0,4260.7,28050.0,0.0,0.0,1479097923,1448696087
2025-10-20,18:28:08,GOLD,Buy,5.0,4261.14,0.0,0.0,0.0,1479098316,1448696477
2025-10-20,18:58:23,GOLD,Buy,5.0,4255.3,0.0,0.0,0.0,1479128687,1448726717
2025-10-20,19:03:54,GOLD,Buy,50.0,4256.56,0.0,0.0,0.0,1479134104,1448732109
2025-10-20,19:05:41,GOLD,Sell,50.0,4252.5,-20300.0,0.0,0.0,1479135931,1448733981
2025-10-20,19:07:08,GOLD,Buy,50.0,4256.25,0.0,0.0,0.0,1479138166,1448736211
2025-10-20,19:15:56,GOLD,Sell,50.0,4257.06,4050.0,0.0,0.0,1479146802,1448744833
2025-10-20,19:16:05,GOLD,Buy,50.0,4257.55,0.0,0.0,0.0,1479146880,1448744913
2025-10-20,19:40:37,GOLD,Buy,50.0,4256.73,0.0,0.0,0.0,1479167765,1448765683
2025-10-20,20:25:41,GOLD,Sell,5.0,4266.82,5760.0,0.0,0.0,1479201013,1448799066
2025-10-20,20:26:05,GOLD,Sell,50.0,4267.8,55350.0,0.0,0.0,1479201752,1448799812
2025-10-20,20:30:04,GOLD,Sell,0.01,4280.33,36.3,0.0,-0.98,1479209822,1448807911
2025-10-20,20:30:07,GOLD,Sell,50.0,4280.72,115850.0,0.0,0.0,1479210000,1448808067
2025-10-20,20:35:36,GOLD,Buy,5.0,4276.54,0.0,0.0,0.0,1479216231,1448814247
2025-10-20,20:35:50,GOLD,Sell,5.0,4276.16,7510.0,0.0,0.0,1479216309,1448814329
2025-10-20,20:37:06,GOLD,Sell,5.0,4274.07,-1235.0,0.0,0.0,1479217424,1448815415
2025-10-20,22:02:27,JP225Cash,Sell,0.1,49509.0,0.86,0.0,-0.0,1479332565,1448926996
2025-10-20,23:42:54,EURZAR,Sell,0.01,20.07968,-11.09,0.0,-0.27,1479487838,1449080086
2025-10-20,23:43:38,USDZAR,Sell,0.01,17.2249,-9.03,0.0,-0.16,1479489082,1449081288
2025-10-21,02:40:18,EURSGD,Sell,0.01,1.50523,-5.15,0.0,-0.08,1479629150,1449214832
2025-10-21,04:20:00,EURTRY,Sell,0.01,48.48122,-12.82,0.0,-1.54,1479681008,1449263749
2025-10-21,05:30:30,NZDCAD,Buy,0.01,0.80766,-3.03,0.0,-0.06,1479724085,1449303747
2025-10-21,07:02:33,GOLD,Sell,50.0,4368.02,0.0,0.0,0.0,1479738652,1449319313
2025-10-21,07:08:06,GOLD,Buy,50.0,4364.19,19150.0,0.0,0.0,1479740522,1449321105
2025-10-21,07:08:35,GOLD,Buy,50.0,4365.37,0.0,0.0,0.0,1479740638,1449321212
2025-10-21,07:25:44,GOLD,Sell,50.0,4366.52,5750.0,0.0,0.0,1479747391,1449327917
2025-10-21,07:26:28,GOLD,Buy,50.0,4366.75,0.0,0.0,0.0,1479747532,1449328038
2025-10-21,07:38:42,GOLD,Sell,50.0,4367.18,2150.0,0.0,0.0,1479750768,1449331086
2025-10-21,07:43:07,GOLD,Buy,50.0,4367.6,0.0,0.0,0.0,1479751962,1449332220
2025-10-21,07:48:26,GOLD,Sell,50.0,4365.64,-9800.0,0.0,0.0,1479753568,1449333555
2025-10-21,14:30:01,USDJPY,Buy,0.01,151.552,-7.02,0.0,-0.36,1479969412,1449544987
2025-10-21,14:33:12,USDDKK,Buy,0.01,6.42829,-4.21,0.0,-0.3,1479973046,1449548604
2025-10-21,14:37:32,EURUSD,Sell,0.01,1.1617899999999999,-5.27,0.0,-0.2,1479976822,1449552355
2025-10-21,16:30:00,USDMXN,Buy,0.01,18.48673,-6.26,0.0,0.05,1480081102,1449656218
2025-10-21,16:42:16,SILVER,Sell,0.01,49.917,-102.8,0.0,-0.64,1480105389,1449680297
2025-10-21,16:42:26,SILVER,Sell,0.01,49.774,-99.7,0.0,-0.64,1480105882,1449680789
2025-10-21,17:19:52,USDJPY,Buy,0.01,151.639,-7.05,0.0,-0.36,1480160595,1449734400
2025-10-21,18:04:59,CHFJPY,Sell,0.01,191.186,8.68,0.0,-0.2,1480203063,1449776128
2025-10-21,18:24:22,GOLD,Buy,50.0,4267.85,0.0,0.0,0.0,1480215922,1449788753
2025-10-21,18:46:26,EURUSD,Sell,0.01,1.16103,-5.33,0.0,-0.2,1480237308,1449809978
2025-10-21,18:50:07,GBPUSD,Sell,5.0,1.33656,-760.0,0.0,-137.7,1480242254,1449814839
2025-10-21,19:44:05,EURJPY,Buy,0.01,176.571,-6.41,0.0,-0.2,1480285208,1449857487
2025-10-21,20:27:08,GOLD,Buy,50.0,4247.06,0.0,0.0,0.0,1480329961,1449901959
2025-10-21,20:28:02,GOLD,Sell,50.0,4248.58,7600.0,0.0,0.0,1480331750,1449903737
2025-10-21,20:28:05,GOLD,Buy,50.0,4249.47,0.0,0.0,0.0,1480331812,1449903799
2025-10-21,20:28:22,GOLD,Sell,50.0,4251.73,11300.0,0.0,0.0,1480332326,1449904310
2025-10-21,20:29:02,GOLD,Buy,5.0,4253.76,0.0,0.0,0.0,1480333496,1449905478
2025-10-21,20:29:09,GOLD,Sell,5.0,4253.63,-65.0,0.0,0.0,1480333662,1449905643
2025-10-21,20:29:13,GOLD,Sell,5.0,4252.81,0.0,0.0,0.0,1480333728,1449905707
2025-10-21,20:29:21,GOLD,Buy,5.0,4253.11,-150.0,0.0,0.0,1480333855,1449905835
2025-10-21,20:33:39,CADJPY,Buy,0.01,108.229,-5.3,0.0,-0.16,1480338683,1449910465
2025-10-21,20:34:40,GOLD,Buy,5.0,4253.94,0.0,0.0,0.0,1480339778,1449911513
2025-10-21,20:34:46,GOLD,Buy,50.0,4254.19,0.0,0.0,0.0,1480339848,1449911583
2025-10-21,21:16:52,NZDJPY,Buy,0.01,87.112,-5.19,0.0,-0.18,1480423271,1449994188
2025-10-21,22:37:39,US30Cash,Buy,0.1,46818.25,-58.25,0.0,0.59,1480612868,1450181366
2025-10-21,22:37:40,US30Cash,Buy,0.1,46821.25,-58.15,0.0,0.59,1480612904,1450181401
2025-10-21,22:59:00,XAUCNH,Sell,0.01,29466.82,-110.48,0.0,-1.22,1480665826,1450233776
2025-10-21,23:00:45,GOLD,Sell,0.01,4122.06,-109.01,0.0,-1.98,1480675300,1450243157
2025-10-21,23:26:51,BTCUSD,Buy,5.0,111911.85,-5931.5,0.0,-222.5,1480762109,1450328945
2025-10-21,23:34:48,EURNZD,Sell,0.01,2.02148,-7.27,0.0,-0.2,1480781911,1450348508
2025-10-21,23:40:27,GOLD,Buy,50.0,4135.41,0.0,0.0,0.0,1480791727,1450358095
2025-10-21,23:41:02,GOLD,Buy,50.0,4139.63,0.0,0.0,0.0,1480792720,1450359072
2025-10-21,23:41:03,GOLD,Buy,50.0,4140.2,0.0,0.0,0.0,1480792753,1450359095
2025-10-21,23:41:10,GOLD,Buy,50.0,4142.4,0.0,0.0,0.0,1480793105,1450359438
2025-10-21,23:41:11,GOLD,Buy,50.0,4142.63,0.0,0.0,0.0,1480793205,1450359540
2025-10-21,23:41:15,GOLD,Buy,50.0,4144.91,0.0,0.0,0.0,1480794049,1450360384
2025-10-21,23:41:40,GOLD,Buy,50.0,4147.86,0.0,0.0,0.0,1480795250,1450361559
2025-10-21,23:41:41,GOLD,Buy,50.0,4147.55,0.0,0.0,0.0,1480795285,1450361597
2025-10-22,01:08:48,GOLD,Sell,50.0,4103.91,-819700.0,0.0,0.0,1480926505,1450490636
2025-10-22,01:08:48,GOLD,Sell,50.0,4103.91,-751400.0,0.0,0.0,1480926515,1450490644
2025-10-22,01:08:48,GOLD,Sell,50.0,4103.91,-219750.0,0.0,0.0,1480926518,1450490649
2025-10-22,01:08:48,GOLD,Sell,50.0,4103.51,-220200.0,0.0,0.0,1480926619,1450490753
2025-10-22,01:08:48,GOLD,Sell,50.0,4103.51,-207000.0,0.0,0.0,1480926624,1450490756
2025-10-22,01:08:48,GOLD,Sell,50.0,4103.32,-196550.0,0.0,0.0,1480926654,1450490788
2025-10-22,01:08:59,GOLD,Sell,50.0,4102.86,-197700.0,0.0,0.0,1480926935,1450491061
2025-10-22,01:09:03,GOLD,Sell,50.0,4102.29,-189550.0,0.0,0.0,1480927102,1450491235
2025-10-22,01:34:15,USDJPY,Sell,50.0,151.844,38262.95,0.0,98.85,1480959829,1450523469
2025-10-22,01:35:20,GOLD,Sell,50.0,4104.26,-155750.0,0.0,0.0,1480961637,1450525252
2025-10-22,01:36:13,GOLD,Buy,5.0,4107.95,0.0,0.0,0.0,1480963180,1450526803
2025-10-22,01:42:23,GOLD,Buy,5.0,4108.01,0.0,0.0,0.0,1480969351,1450532826
2025-10-22,01:43:02,GOLD,Buy,1.0,4108.34,0.0,0.0,0.0,1480970232,1450533704
2025-10-22,01:43:06,GOLD,Buy,1.0,4108.77,0.0,0.0,0.0,1480970271,1450533741
2025-10-22,01:43:07,GOLD,Buy,1.0,4108.87,0.0,0.0,0.0,1480970276,1450533746
2025-10-22,01:43:07,GOLD,Buy,1.0,4108.78,0.0,0.0,0.0,1480970284,1450533754
2025-10-22,01:43:08,GOLD,Buy,1.0,4108.85,0.0,0.0,0.0,1480970340,1450533811
2025-10-22,01:43:13,GOLD,Buy,1.0,4110.05,0.0,0.0,0.0,1480970459,1450533929
2025-10-22,01:44:16,GOLD,Buy,10.0,4113.01,0.0,0.0,0.0,1480971380,1450534841
2025-10-22,01:44:19,GOLD,Sell,5.0,4113.17,2580.0,0.0,0.0,1480971436,1450534896
2025-10-22,01:45:13,GOLD,Buy,10.0,4114.77,0.0,0.0,0.0,1480972133,1450535579
2025-10-22,01:45:26,GOLD,Buy,10.0,4116.71,0.0,0.0,0.0,1480972355,1450535792
2025-10-22,01:45:27,GOLD,Buy,10.0,4116.8,0.0,0.0,0.0,1480972370,1450535805
2025-10-22,01:45:34,GOLD,Buy,10.0,4117.38,0.0,0.0,0.0,1480972576,1450536015
2025-10-22,01:46:11,GOLD,Sell,10.0,4117.12,4110.0,0.0,0.0,1480973241,1450536681
2025-10-22,01:51:19,GOLD,Sell,5.0,4110.61,1330.0,0.0,0.0,1480978291,1450541650
2025-10-22,01:56:48,GOLD,Sell,50.0,4105.52,-170550.0,0.0,0.0,1480982713,1450545977
2025-10-22,01:57:01,GOLD,Sell,5.0,4104.23,-74855.0,0.0,0.0,1480983402,1450546648
2025-10-22,01:57:01,GOLD,Sell,10.0,4104.23,-13150.0,0.0,0.0,1480983411,1450546655
2025-10-22,01:57:04,GOLD,Sell,10.0,4103.78,-13020.0,0.0,0.0,1480983758,1450547000
2025-10-22,01:57:04,GOLD,Sell,10.0,4103.01,-13700.0,0.0,0.0,1480983902,1450547142
2025-10-22,01:57:09,GOLD,Sell,10.0,4102.42,-12350.0,0.0,0.0,1480984270,1450547505
2025-10-22,01:57:30,US100Cash,Buy,10.0,25109.73,-7458.8,0.0,282.0,1480984962,1450548203
2025-10-22,01:57:30,GOLD,Sell,0.5,4099.32,-5630.5,0.0,-235.17,1480984980,1450548241
2025-10-22,01:57:30,GOLD,Sell,1.0,4099.32,-1073.0,0.0,0.0,1480985006,1450548261
2025-10-22,01:57:30,GOLD,Sell,1.0,4099.32,-955.0,0.0,0.0,1480985015,1450548272
2025-10-22,01:57:30,GOLD,Sell,1.0,4099.32,-953.0,0.0,0.0,1480985022,1450548282
2025-10-22,01:57:30,GOLD,Sell,1.0,4098.97,-981.0,0.0,0.0,1480985135,1450548401
2025-10-22,01:57:31,GOLD,Sell,1.0,4098.41,-1036.0,0.0,0.0,1480985198,1450548460
2025-10-22,01:57:33,GOLD,Sell,1.0,4097.15,-1119.0,0.0,0.0,1480985585,1450548858
2025-10-22,01:57:35,GOLD,Buy,0.01,4095.67,-164.73,0.0,2.88,1480986151,1450549424
2025-10-22,01:57:35,GOLD,Sell,0.01,4095.22,-149.5,0.0,-1.0,1480986152,1450549425
2025-10-22,01:57:35,GOLD,Sell,0.01,4095.22,-115.67,0.0,-4.71,1480986153,1450549426
2025-10-22,01:57:35,BTCUSD,Sell,0.01,112355.15,-73.14,0.0,-9.12,1480986154,1450549427
2025-10-22,01:57:35,BTCUSD,Sell,0.01,112355.15,-64.2,0.0,-9.12,1480986155,1450549428
2025-10-22,01:57:35,EURUSD,Sell,0.01,1.1604,-21.18,0.0,-2.93,1480986156,1450549429
2025-10-22,01:57:35,OfficeDepot,Buy,2.0,27.96,-9.0,0.0,-0.3,1480986157,1450549430
2025-10-22,01:57:35,GBPNZD,Sell,0.01,2.32864,-7.62,0.0,-0.04,1480986158,1450549431
2025-10-22,01:57:35,GBPUSD,Sell,0.01,1.33655,-6.86,0.0,-0.1,1480986159,1450549432
2025-10-22,01:57:35,US500Cash,Buy,0.1,6736.05,-6.37,0.0,0.09,1480986165,1450549439
2025-10-22,01:57:35,US500Cash,Buy,0.1,6736.05,-6.32,0.0,0.09,1480986170,1450549444
2025-10-22,01:57:35,GBPJPY,Buy,0.01,203.101,-6.27,0.0,-0.48,1480986173,1450549448
2025-10-22,01:57:36,GBPUSD,Sell,0.01,1.33655,-6.16,0.0,-0.1,1480986175,1450549449
2025-10-22,01:57:36,GBPSGD,Sell,0.01,1.73385,-5.5,0.0,-0.04,1480986176,1450549450
2025-10-22,01:57:36,AUDJPY,Buy,0.01,98.554,-4.87,0.0,-0.18,1480986177,1450549451
2025-10-22,01:57:36,EURJPY,Buy,0.01,176.331,-4.72,0.0,-0.2,1480986178,1450549452
2025-10-22,01:57:36,EURAUD,Sell,0.01,1.78911,-4.32,0.0,-0.2,1480986179,1450549453
2025-10-22,01:57:36,EURAUD,Sell,0.01,1.78911,-3.98,0.0,-0.2,1480986180,1450549454
2025-10-22,01:57:36,GBPAUD,Sell,0.01,2.06067,-3.94,0.0,-0.08,1480986181,1450549463
2025-10-22,01:57:36,US2000Cash,Buy,0.1,2488.75,-3.4699999999999998,0.0,0.03,1480986208,1450549478
2025-10-22,01:57:36,NZDCHF,Buy,0.01,0.45704,-3.08,0.0,-0.15,1480986219,1450549490
2025-10-22,01:57:36,CADCHF,Buy,0.01,0.56786,-2.66,0.0,-0.17,1480986227,1450549505
2025-10-22,01:57:36,USDNOK,Buy,0.01,10.06526,-2.36,0.0,-0.16,1480986239,1450549515
2025-10-22,01:57:36,NZDUSD,Buy,0.01,0.57405,-0.79,0.0,0.01,1480986248,1450549524
2025-10-22,02:06:09,GOLD,Buy,0.1,4112.39,0.0,0.0,0.0,1480996634,1450559787
2025-10-22,02:06:11,GOLD,Buy,0.1,4112.25,0.0,0.0,0.0,1480996655,1450559807
2025-10-22,02:06:12,GOLD,Buy,0.1,4112.65,0.0,0.0,0.0,1480996697,1450559848
2025-10-22,02:06:14,GOLD,Buy,0.1,4113.43,0.0,0.0,0.0,1480996732,1450559885
2025-10-22,02:06:14,GOLD,Buy,0.1,4113.28,0.0,0.0,0.0,1480996747,1450559900
2025-10-22,02:06:15,GOLD,Buy,0.1,4113.98,0.0,0.0,0.0,1480996763,1450559915
2025-10-22,02:06:16,GOLD,Buy,0.1,4114.43,0.0,0.0,0.0,1480996773,1450559925
2025-10-22,02:06:16,GOLD,Buy,0.1,4114.62,0.0,0.0,0.0,1480996779,1450559931
2025-10-22,02:06:17,GOLD,Buy,0.1,4114.72,0.0,0.0,0.0,1480996786,1450559936
2025-10-22,02:06:18,GOLD,Buy,0.1,4114.69,0.0,0.0,0.0,1480996794,1450559944
2025-10-22,02:06:19,GOLD,Buy,0.1,4115.61,0.0,0.0,0.0,1480996835,1450559985
2025-10-22,02:54:54,GOLD,Buy,0.1,4117.24,0.0,0.0,0.0,1481035957,1450598725
2025-10-22,02:54:54,GOLD,Buy,0.1,4117.24,0.0,0.0,0.0,1481035963,1450598731
2025-10-22,02:54:55,GOLD,Buy,0.1,4117.25,0.0,0.0,0.0,1481035969,1450598737
2025-10-22,02:54:55,GOLD,Buy,0.1,4118.04,0.0,0.0,0.0,1481035977,1450598744
2025-10-22,02:54:56,GOLD,Buy,0.1,4117.98,0.0,0.0,0.0,1481035982,1450598748
2025-10-22,02:54:56,GOLD,Buy,0.1,4117.96,0.0,0.0,0.0,1481035986,1450598751
2025-10-22,02:54:57,GOLD,Buy,0.1,4117.97,0.0,0.0,0.0,1481035996,1450598759
2025-10-22,02:54:57,GOLD,Buy,0.1,4118.11,0.0,0.0,0.0,1481036004,1450598766
2025-10-22,02:54:58,GOLD,Buy,0.1,4118.0,0.0,0.0,0.0,1481036008,1450598770
2025-10-22,02:55:01,GOLD,Buy,0.1,4118.12,0.0,0.0,0.0,1481036044,1450598806
2025-10-22,02:55:04,US100Cash,Sell,0.1,25148.78,25.36,0.0,-8.1,1481036063,1450598828
2025-10-22,02:55:05,US100Cash,Sell,0.1,25149.28,28.15,0.0,-8.1,1481036068,1450598833
2025-10-22,03:16:00,GOLD,Sell,0.1,4110.99,-71.3,0.0,0.0,1481052734,1450615429
2025-10-22,03:16:00,GOLD,Sell,0.1,4110.99,-71.2,0.0,0.0,1481052737,1450615434
2025-10-22,03:16:00,GOLD,Sell,0.1,4110.99,-70.5,0.0,0.0,1481052739,1450615438
2025-10-22,03:16:00,GOLD,Sell,0.1,4110.96,-70.4,0.0,0.0,1481052743,1450615442
2025-10-22,03:16:00,GOLD,Sell,0.1,4110.86,-71.2,0.0,0.0,1481052749,1450615449
2025-10-22,03:16:00,GOLD,Sell,0.1,4110.7,-72.7,0.0,0.0,1481052756,1450615456
2025-10-22,03:16:00,GOLD,Sell,0.1,4110.7,-72.6,0.0,0.0,1481052758,1450615458
2025-10-22,03:16:00,GOLD,Sell,0.1,4110.64,-66.1,0.0,0.0,1481052767,1450615467
2025-10-22,03:16:00,GOLD,Sell,0.1,4110.64,-66.0,0.0,0.0,1481052768,1450615468
2025-10-22,03:16:00,GOLD,Sell,0.1,4110.52,-67.2,0.0,0.0,1481052778,1450615477
2025-10-22,03:16:01,GOLD,Sell,0.1,4110.3,-53.1,0.0,0.0,1481052809,1450615508
2025-10-22,03:16:01,GOLD,Sell,0.1,4110.24,-44.8,0.0,0.0,1481052863,1450615562
2025-10-22,03:16:01,GOLD,Sell,0.1,4110.18,-45.1,0.0,0.0,1481052874,1450615573
2025-10-22,03:16:05,GOLD,Sell,0.1,4109.7,-49.2,0.0,0.0,1481053014,1450615714
2025-10-22,03:16:06,GOLD,Sell,0.1,4109.61,-48.2,0.0,0.0,1481053036,1450615734
2025-10-22,03:16:07,GOLD,Sell,0.1,4109.24,-47.4,0.0,0.0,1481053061,1450615760
2025-10-22,03:16:13,GOLD,Sell,0.1,4108.98,-44.5,0.0,0.0,1481053127,1450615828
2025-10-22,03:16:13,GOLD,Sell,0.1,4108.89,-43.9,0.0,0.0,1481053137,1450615836
2025-10-22,03:16:14,GOLD,Sell,0.1,4108.83,-38.2,0.0,0.0,1481053138,1450615837
2025-10-22,03:16:18,GOLD,Sell,0.1,4109.19,-32.0,0.0,0.0,1481053174,1450615876
2025-10-22,03:16:18,GOLD,Sell,0.1,4108.83,-34.2,0.0,0.0,1481053177,1450615877
2025-10-22,03:16:21,NZDUSD,Buy,0.01,0.57442,-0.85,0.0,0.01,1481053199,1450615899
2025-10-22,03:16:21,USDSEK,Buy,0.01,9.4214,-0.08,0.0,-0.3,1481053200,1450615900
2025-10-22,03:16:21,USDCAD,Sell,0.01,1.4019,0.24,0.0,0.04,1481053201,1450615901
2025-10-22,03:16:21,AUDCAD,Buy,0.01,0.90995,0.28,0.0,-0.1,1481053202,1450615902
2025-10-22,03:16:21,AUDUSD,Buy,0.01,0.64905,0.52,0.0,-0.02,1481053203,1450615903
2025-10-22,03:16:21,AUDUSD,Buy,0.01,0.64905,0.73,0.0,-0.02,1481053204,1450615904
2025-10-22,03:16:21,EURGBP,Buy,0.01,0.86798,0.83,0.0,0.06,1481053205,1450615905
2025-10-22,03:16:21,EURGBP,Buy,0.02,0.86798,1.3900000000000001,0.0,0.12,1481053206,1450615906
2025-10-22,03:16:26,AUDNZD,Buy,0.01,1.13022,1.58,0.0,-0.08,1481053229,1450615929
2025-10-22,03:16:26,China50Cash,Sell,0.01,15191.58,1.81,0.0,-0.11,1481053230,1450615930
2025-10-22,03:16:26,US100Cash,Sell,0.1,25136.9,27.23,0.0,-1.71,1481053231,1450615931
2025-10-22,03:16:26,US100Cash,Sell,0.1,25136.9,29.57,0.0,-1.71,1481053232,1450615932
2025-10-22,03:16:26,GOLD,Buy,0.01,4109.47,214.01,0.0,0.32,1481053233,1450615933
2025-10-22,03:16:26,GOLD,Sell,0.02,4109.09,453.46,0.0,-22.27,1481053234,1450615934
2025-10-22,03:16:26,SILVER,Sell,1.0,48.497,34320.0,0.0,-477.2,1481053235,1450615935
2025-10-22,03:34:36,GOLD,Buy,0.1,4121.46,0.0,0.0,0.0,1481061041,1450623624
2025-10-22,03:40:10,GOLD,Sell,0.1,4112.76,-87.0,0.0,0.0,1481062884,1450625418
2025-10-22,04:03:21,GOLD,Buy,0.01,4110.29,0.0,0.0,0.0,1481075588,1450637913
2025-10-22,04:10:49,GOLD,Sell,0.01,4102.4,0.0,0.0,0.0,1481079950,1450642231
2025-10-22,04:19:43,GOLD,Buy,0.01,4106.14,-3.74,0.0,0.0,1481084436,1450646622
2025-10-22,08:25:54,GOLD,Sell,0.01,4099.57,-10.72,0.0,-1.0,1481151746,1450715245
2025-10-24,19:13:36,,Other,0.0,0.0,9999.0,0.0,0.0,0,1453688180
2025-10-24,19:48:53,GOLD,Buy,1.0,4060.13,0.0,0.0,0.0,1484230968,1453726450
2025-10-25,02:22:39,GOLD,Sell,1.0,4111.23,5110.0,0.0,0.0,1484727149,1454202229
2025-10-25,02:25:41,GOLD,Buy,1.0,4110.1,0.0,0.0,0.0,1484730294,1454205327
2025-10-25,02:50:35,GOLD,Buy,1.0,4109.54,0.0,0.0,0.0,1484754814,1454228736
2025-10-25,04:31:02,GOLD,Sell,1.0,4101.75,-835.0,0.0,0.0,1484817764,1454288470
2025-10-25,04:38:01,GOLD,Sell,1.0,4101.57,-797.0,0.0,0.0,1484821069,1454291515
2025-10-25,05:17:52,GOLD,Buy,0.01,4110.58,0.0,0.0,0.0,1484839003,1454308811
2025-10-25,05:18:16,GOLD,Buy,1.0,4109.94,0.0,0.0,0.0,1484839096,1454308903
2025-10-27,14:35:34,GOLD,Buy,1.0,4075.19,0.0,0.0,0.0,1485475318,1454940551
2025-10-27,15:52:10,GOLD,Sell,1.0,4061.71,-1348.0,0.0,0.0,1485534825,1454998344
2025-10-27,15:52:12,GOLD,Sell,1.0,4061.78,-4816.0,0.0,-99.59,1485534854,1454998364
2025-10-27,16:27:04,GOLD,Buy,1.01,4032.52,0.0,0.0,0.0,1485584672,1455047562
2025-10-27,16:27:26,GOLD,Buy,1.01,4033.82,0.0,0.0,0.0,1485585469,1455048352
2025-10-27,16:27:27,GOLD,Buy,1.01,4033.65,0.0,0.0,0.0,1485585490,1455048374
2025-10-27,16:27:28,GOLD,Buy,1.01,4033.79,0.0,0.0,0.0,1485585513,1455048398
2025-10-27,16:27:30,GOLD,Buy,1.01,4034.79,0.0,0.0,0.0,1485585604,1455048488
2025-10-27,16:28:55,GOLD,Sell,1.01,4037.12,464.6,0.0,0.0,1485588760,1455051566
2025-10-27,16:29:06,GOLD,Sell,1.01,4036.34,254.52,0.0,0.0,1485589084,1455051881
2025-10-27,16:30:08,GOLD,Sell,1.01,4042.85,915.06,0.0,0.0,1485592030,1455054778
2025-10-27,16:30:11,GOLD,Sell,1.01,4043.25,969.6,0.0,0.0,1485592098,1455054844
2025-10-27,16:30:34,GOLD,Sell,0.55,4046.79,660.0,0.0,0.0,1485593921,1455056655
2025-10-27,16:31:23,GOLD,Sell,0.46,4044.98,468.74,0.0,0.0,1485595876,1455058605
2025-10-27,16:42:30,GOLD,Buy,0.01,4039.03,0.0,0.0,0.0,1485615817,1455077997
2025-10-27,16:42:41,GOLD,Buy,1.0,4039.79,0.0,0.0,0.0,1485616590,1455078694
2025-10-27,17:08:05,GOLD,Buy,0.01,4046.26,0.0,0.0,0.0,1485646962,1455108358
2025-10-27,17:08:21,GOLD,Buy,0.1,4045.81,0.0,0.0,0.0,1485647319,1455108704
2025-10-27,17:08:45,GOLD,Buy,1.0,4045.45,0.0,0.0,0.0,1485647724,1455109107
2025-10-27,17:23:31,GOLD,Sell,1.0,4041.07,128.0,0.0,0.0,1485660657,1455121494
2025-10-27,17:24:20,GOLD,Buy,1.0,4040.9,0.0,0.0,0.0,1485661235,1455122070
2025-10-27,19:28:34,GOLD,Buy,0.01,4024.75,0.0,0.0,0.0,1485795022,1455253627
2025-10-27,19:33:46,GOLD,Buy,0.01,4036.63,0.0,0.0,0.0,1485803056,1455261553
2025-10-27,19:33:55,GOLD,Buy,2.0,4035.84,0.0,0.0,0.0,1485803385,1455261881
2025-10-27,19:49:42,GOLD,Buy,1.0,4035.82,0.0,0.0,0.0,1485822414,1455280287
2025-10-27,19:54:25,GOLD,Sell,0.01,4038.03,13.28,0.0,0.0,1485827948,1455285694
2025-10-27,19:55:17,GOLD,Sell,1.0,4039.9,408.0,0.0,0.0,1485830394,1455288126
2025-10-27,19:55:59,GOLD,Buy,1.0,4041.12,0.0,0.0,0.0,1485831521,1455289225
2025-10-27,20:38:52,GOLD,Sell,2.0,4041.35,1102.0,0.0,0.0,1485883093,1455339892
2025-10-27,20:39:13,GOLD,Buy,1.0,4042.11,0.0,0.0,0.0,1485883344,1455340142
2025-10-27,21:17:54,GOLD,Sell,1.0,4013.8,-3165.0,0.0,0.0,1485954814,1455410586
2025-10-27,21:18:10,GOLD,Sell,1.0,4013.26,-2885.0,0.0,0.0,1485956027,1455411807
2025-10-27,21:33:01,GOLD,Sell,1.0,4012.46,-2866.0,0.0,0.0,1485987075,1455442493
2025-10-27,21:33:02,GOLD,Sell,1.0,4010.29,-3061.0,0.0,0.0,1485987871,1455443314
2025-10-27,21:37:15,GOLD,Sell,0.1,4006.27,-395.4,0.0,0.0,1486001762,1455457280
2025-10-27,21:38:13,GOLD,Sell,0.01,4003.61,-106.97,0.0,-1.0,1486005998,1455461572
2025-10-27,21:38:13,GOLD,Sell,0.01,4002.83,-43.43,0.0,0.0,1486006186,1455461759
2025-10-27,21:38:18,GOLD,Sell,0.01,4002.23,-36.8,0.0,0.0,1486006547,1455462144
2025-10-27,21:38:28,GOLD,Sell,0.01,4001.21,-35.42,0.0,0.0,1486007537,1455463173
2025-10-31,03:27:52,,Other,0.0,0.0,9997.81,0.0,0.0,0,1459547958
2025-10-31,04:01:24,GOLD,Buy,2.0,4019.63,0.0,0.0,0.0,1490146589,1459562374
2025-10-31,04:03:53,GOLD,Sell,2.0,4016.16,-694.0,0.0,0.0,1490147918,1459563716
2025-10-31,04:09:32,GOLD,Buy,2.0,4018.96,0.0,0.0,0.0,1490149729,1459565561
2025-10-31,09:37:45,GOLD,Sell,2.0,4011.8,-1432.0,0.0,-199.66,1490282101,1459701843
2025-10-31,15:36:29,GOLD,Buy,0.01,4025.67,0.0,0.0,0.0,1490536557,1459952651
2025-10-31,15:36:32,GOLD,Buy,1.0,4025.54,0.0,0.0,0.0,1490536615,1459952709
2025-10-31,15:36:42,GOLD,Buy,1.0,4025.72,0.0,0.0,0.0,1490536775,1459952867
2025-10-31,15:36:43,GOLD,Buy,1.0,4025.73,0.0,0.0,0.0,1490536792,1459952883
2025-10-31,15:53:51,GOLD,Buy,1.0,4021.19,0.0,0.0,0.0,1490549301,1459965066
2025-10-31,15:53:53,GOLD,Buy,1.0,4021.18,0.0,0.0,0.0,1490549323,1459965087
2025-10-31,16:24:25,GOLD,Sell,1.0,4010.06,-1567.0,0.0,0.0,1490582033,1459997681
2025-10-31,16:24:26,GOLD,Sell,1.0,4009.69,-1603.0,0.0,0.0,1490582088,1459997744
2025-10-31,16:24:26,GOLD,Sell,0.01,4008.83,-16.84,0.0,0.0,1490582170,1459997832
2025-10-31,16:24:26,GOLD,Sell,1.0,4008.83,-1671.0,0.0,0.0,1490582186,1459997847
2025-10-31,16:24:39,GOLD,Sell,1.0,4008.58,-1261.0,0.0,0.0,1490582500,1459998162
2025-10-31,16:24:48,GOLD,Sell,1.0,4006.76,-1442.0,0.0,0.0,1490582964,1459998646
2025-11-05,22:58:30,GOLD,Buy,0.01,3977.63,0.0,0.0,0.0,1494859496,1463966230
2025-11-05,22:58:50,GOLD,Buy,0.1,3978.78,0.0,0.0,0.0,1494859935,1463966647
2025-11-05,22:59:34,BTCUSD,Buy,0.01,103407.95,0.0,0.0,0.0,1494861430,1463968086
2025-11-06,06:31:58,BTCUSD,Sell,0.01,103809.85,4.02,0.0,-0.46,1495131928,1464196491
2025-11-06,06:32:00,GOLD,Sell,0.1,3972.0,-67.8,0.0,-23.77,1495132517,1464197123
2025-11-18,01:22:22,GOLD,Buy,0.01,4072.89,0.0,0.0,0.0,1805824950,1473944578
2025-11-18,03:12:50,GOLD,Sell,0.01,4018.8,-54.09,0.0,0.0,1805932051,1474050648
2025-11-18,03:13:17,GOLD,Sell,0.01,4017.25,39.62,0.0,-9.5,1805933367,1474051965
2025-12-07,16:54:14,,Other,0.0,0.0,9998.48,0.0,0.0,0,1491528278
2025-12-08,15:52:07,GOLD,Buy,1.0,4215.56,0.0,0.0,0.0,1824804630,1492020871
2025-12-08,15:52:10,GOLD,Buy,1.0,4215.75,0.0,0.0,0.0,1824804714,1492020958
2025-12-08,15:58:47,GOLD,Buy,1.0,4211.46,0.0,0.0,0.0,1824811196,1492027427
2025-12-08,15:58:49,GOLD,Buy,1.0,4211.91,0.0,0.0,0.0,1824811220,1492027451
2025-12-08,15:59:15,GOLD,Buy,3.0,4211.68,0.0,0.0,0.0,1824811486,1492027718
2025-12-08,16:35:43,USDJPY,Sell,0.01,155.431,0.0,0.0,0.0,1824839956,1492054674
2025-12-08,16:35:48,EURJPY,Sell,0.01,181.149,0.0,0.0,0.0,1824840010,1492054720
2025-12-08,16:35:52,AUDUSD,Buy,0.01,0.66372,0.0,0.0,0.0,1824840053,1492054760
2025-12-08,16:35:56,EURAUD,Sell,0.01,1.75611,0.0,0.0,0.0,1824840130,1492054823
2025-12-08,16:36:00,AUDCHF,Buy,0.01,0.53374,0.0,0.0,0.0,1824840195,1492054880
2025-12-08,16:36:02,GBPCHF,Buy,0.01,1.07149,0.0,0.0,0.0,1824840230,1492054913
2025-12-08,16:36:45,USDJPY,Sell,0.01,155.417,0.0,0.0,0.0,1824840795,1492055422
2025-12-08,16:36:50,EURJPY,Sell,0.01,181.163,0.0,0.0,0.0,1824840849,1492055468
2025-12-08,16:36:54,AUDUSD,Buy,0.01,0.66386,0.0,0.0,0.0,1824841175,1492055789
2025-12-08,16:36:57,EURCAD,Sell,0.01,1.6110600000000002,0.0,0.0,0.0,1824841220,1492055824
2025-12-08,16:37:07,EURAUD,Sell,0.01,1.75597,0.0,0.0,0.0,1824841388,1492055975
2025-12-08,16:37:09,AUDCHF,Buy,0.01,0.53381,0.0,0.0,0.0,1824841410,1492055992
2025-12-08,16:37:12,GBPCHF,Buy,0.01,1.07145,0.0,0.0,0.0,1824841437,1492056014
2025-12-08,16:37:44,USDJPY,Sell,0.01,155.428,0.0,0.0,0.0,1824841763,1492056303
2025-12-08,16:37:47,EURJPY,Sell,0.01,181.163,0.0,0.0,0.0,1824841810,1492056346
2025-12-08,16:37:49,AUDUSD,Buy,0.01,0.66391,0.0,0.0,0.0,1824841876,1492056408
2025-12-08,16:37:51,EURCAD,Sell,0.01,1.61078,0.0,0.0,0.0,1824841894,1492056422
2025-12-08,16:37:54,EURAUD,Sell,0.01,1.75569,0.0,0.0,0.0,1824841914,1492056438
2025-12-08,16:37:58,AUDCHF,Buy,0.01,0.53393,0.0,0.0,0.0,1824841971,1492056488
2025-12-08,16:42:08,GOLD,Buy,1.0,4209.16,0.0,0.0,0.0,1824846831,1492061036
2025-12-08,16:43:41,GOLD,Sell,1.0,4210.22,106.0,0.0,0.0,1824848728,1492062940
2025-12-08,16:47:45,USDJPY,Sell,0.01,155.474,0.0,0.0,0.0,1824851407,1492065401
2025-12-08,16:47:51,EURJPY,Sell,0.01,181.147,0.0,0.0,0.0,1824851451,1492065445
2025-12-08,16:47:56,USDCAD,Sell,0.01,1.38235,0.0,0.0,0.0,1824851463,1492065458
2025-12-08,16:48:07,AUDUSD,Buy,0.01,0.66373,0.0,0.0,0.0,1824851507,1492065498
2025-12-08,16:48:14,EURAUD,Sell,0.01,1.75562,0.0,0.0,0.0,1824851706,1492065696
2025-12-08,16:48:22,AUDCHF,Buy,0.01,0.5338,0.0,0.0,0.0,1824851763,1492065753
2025-12-08,16:48:25,GBPCHF,Buy,0.01,1.07159,0.0,0.0,0.0,1824851786,1492065773
2025-12-08,16:48:42,GBPUSD,Sell,1.0,1.33216,0.0,0.0,0.0,1824851874,1492065851
2025-12-08,16:48:45,USDJPY,Sell,0.01,155.496,0.0,0.0,0.0,1824851897,1492065874
2025-12-08,16:48:50,EURJPY,Sell,0.01,181.153,0.0,0.0,0.0,1824851941,1492065925
2025-12-08,16:48:54,USDCAD,Sell,0.01,1.38226,0.0,0.0,0.0,1824851975,1492065960
2025-12-08,16:48:57,AUDUSD,Buy,0.01,0.66369,0.0,0.0,0.0,1824852008,1492065991
2025-12-08,16:49:02,EURJPY,Sell,1.0,181.143,0.0,0.0,0.0,1824852059,1492066042
2025-12-08,16:49:04,EURNZD,Sell,0.01,2.01505,0.0,0.0,0.0,1824852070,1492066052
2025-12-08,16:49:16,EURAUD,Sell,0.01,1.7554699999999999,0.0,0.0,0.0,1824852186,1492066166
2025-12-08,16:49:19,AUDCHF,Buy,0.01,0.53377,0.0,0.0,0.0,1824852211,1492066191
2025-12-08,16:49:21,GBPCHF,Buy,0.01,1.07147,0.0,0.0,0.0,1824852218,1492066198
2025-12-08,16:49:43,USDJPY,Sell,0.01,155.507,0.0,0.0,0.0,1824852375,1492066352
2025-12-08,16:49:46,EURJPY,Sell,0.01,181.149,0.0,0.0,0.0,1824852396,1492066373
2025-12-08,16:49:49,USDCAD,Sell,0.01,1.38235,0.0,0.0,0.0,1824852411,1492066388
2025-12-08,16:49:53,AUDUSD,Buy,0.01,0.66366,0.0,0.0,0.0,1824852423,1492066401
2025-12-08,16:49:57,EURAUD,Sell,0.01,1.7553299999999998,0.0,0.0,0.0,1824852440,1492066420
2025-12-08,16:50:02,AUDCHF,Buy,0.01,0.5338,0.0,0.0,0.0,1824852488,1492066466
2025-12-08,16:50:09,GBPCHF,Buy,0.01,1.0714,0.0,0.0,0.0,1824852543,1492066522
2025-12-08,16:50:47,USDJPY,Sell,0.01,155.504,0.0,0.0,0.0,1824852735,1492066708
2025-12-08,16:50:52,EURJPY,Sell,0.01,181.134,0.0,0.0,0.0,1824852762,1492066736
2025-12-08,16:50:57,USDCAD,Sell,0.01,1.38245,0.0,0.0,0.0,1824852802,1492066779
2025-12-08,16:51:00,AUDUSD,Buy,0.01,0.6637,0.0,0.0,0.0,1824852810,1492066787
2025-12-08,16:51:07,EURNZD,Sell,0.01,2.01505,0.0,0.0,0.0,1824852838,1492066813
2025-12-08,16:51:09,EURAUD,Sell,0.01,1.7552699999999999,0.0,0.0,0.0,1824852848,1492066823
2025-12-08,16:51:15,AUDCHF,Buy,0.01,0.53381,0.0,0.0,0.0,1824852886,1492066862
2025-12-08,16:51:17,GBPCHF,Buy,0.01,1.0715,0.0,0.0,0.0,1824852890,1492066866
2025-12-08,16:51:43,USDJPY,Sell,0.01,155.504,0.0,0.0,0.0,1824853185,1492067126
2025-12-08,16:51:45,EURJPY,Sell,0.01,181.157,0.0,0.0,0.0,1824853196,1492067135
2025-12-08,16:51:47,USDCAD,Sell,0.01,1.38236,0.0,0.0,0.0,1824853206,1492067143
2025-12-08,16:51:50,AUDUSD,Buy,0.01,0.66368,0.0,0.0,0.0,1824853218,1492067153
2025-12-08,18:36:00,GOLD,Sell,3.0,4200.23,-3435.0,0.0,0.0,1824923557,1492132253
2025-12-08,19:02:53,GOLD,Buy,0.1,4212.03,0.0,0.0,0.0,1824947349,1492154518
2025-12-08,19:03:04,GOLD,Buy,1.0,4211.38,0.0,0.0,0.0,1824947541,1492154703
2025-12-08,19:06:58,GOLD,Buy,1.0,4212.9,0.0,0.0,0.0,1824951522,1492158586
2025-12-08,19:09:20,AUDCHF,Buy,1.0,0.53424,0.0,0.0,0.0,1824955993,1492163068
2025-12-08,19:09:21,AUDCHF,Buy,1.0,0.53424,0.0,0.0,0.0,1824956006,1492163077
2025-12-08,20:54:47,GOLD,Sell,1.0,4204.18,-1157.0,0.0,0.0,1825058719,1492263528
2025-12-08,20:54:55,GOLD,Sell,1.0,4203.85,-1171.0,0.0,0.0,1825059183,1492263994
2025-12-08,20:55:00,GOLD,Sell,1.0,4203.47,-943.0,0.0,0.0,1825059602,1492264444
2025-12-08,20:59:41,GOLD,Sell,1.0,4202.55,-936.0,0.0,0.0,1825066180,1492270555
2025-12-08,21:00:49,GOLD,Sell,1.0,4201.92,-954.0,0.0,0.0,1825068880,1492273105
2025-12-08,21:01:12,GOLD,Sell,1.0,4200.33,-1105.0,0.0,0.0,1825070511,1492274760
2025-12-08,21:37:37,EURJPY,Buy,1.0,181.324,-116.32,0.0,0.0,1825119637,1492320563
2025-12-08,22:13:07,GOLD,Sell,0.1,4200.4,-116.3,0.0,0.0,1825167008,1492366330
2025-12-08,22:14:16,GBPUSD,Buy,1.0,1.3332,-104.0,0.0,0.0,1825169376,1492368591
2025-12-08,22:30:37,USDJPY,Buy,0.01,155.834,-2.68,0.0,0.0,1825202204,1492400107
2025-12-08,22:30:37,USDJPY,Buy,0.01,155.834,-2.61,0.0,0.0,1825202205,1492400108
2025-12-08,22:30:37,USDJPY,Buy,0.01,155.838,-2.61,0.0,0.0,1825202206,1492400109
2025-12-08,22:30:37,USDJPY,Buy,0.01,155.838,-2.34,0.0,0.0,1825202207,1492400110
2025-12-08,22:30:37,USDJPY,Buy,0.01,155.844,-2.23,0.0,0.0,1825202211,1492400113
2025-12-08,22:30:39,USDJPY,Buy,0.01,155.846,-2.19,0.0,0.0,1825202276,1492400176
2025-12-08,22:30:39,USDJPY,Buy,0.01,155.846,-2.19,0.0,0.0,1825202278,1492400178
2025-12-08,22:30:39,USDJPY,Buy,0.01,155.846,-2.18,0.0,0.0,1825202280,1492400180
2025-12-08,22:30:39,EURJPY,Buy,0.01,181.386,-1.62,0.0,0.0,1825202281,1492400181
2025-12-08,22:30:39,EURJPY,Buy,0.01,181.386,-1.53,0.0,0.0,1825202282,1492400182
2025-12-08,22:30:39,EURJPY,Buy,0.01,181.386,-1.52,0.0,0.0,1825202283,1492400183
2025-12-08,22:30:39,EURJPY,Buy,0.01,181.38,-1.48,0.0,0.0,1825202284,1492400184
2025-12-08,22:30:43,EURJPY,Buy,0.01,181.384,-1.48,0.0,0.0,1825202455,1492400354
2025-12-08,22:30:43,EURJPY,Buy,0.01,181.384,-1.46,0.0,0.0,1825202456,1492400355
2025-12-08,22:30:43,EURJPY,Buy,0.01,181.384,-1.42,0.0,0.0,1825202457,1492400356
2025-12-08,22:30:43,EURJPY,Buy,0.01,181.384,-1.42,0.0,0.0,1825202458,1492400357
2025-12-08,22:30:43,AUDUSD,Sell,0.01,0.66266,-1.25,0.0,0.0,1825202459,1492400358
2025-12-08,22:30:43,AUDUSD,Sell,0.01,0.66266,-1.2,0.0,0.0,1825202460,1492400359
2025-12-08,22:30:43,AUDUSD,Sell,0.01,0.66266,-1.07,0.0,0.0,1825202461,1492400360
2025-12-08,22:30:43,AUDUSD,Sell,0.01,0.66267,-1.05,0.0,0.0,1825202464,1492400362
2025-12-08,22:30:49,AUDUSD,Sell,0.01,0.66264,-1.06,0.0,0.0,1825203277,1492401176
2025-12-08,22:30:49,AUDUSD,Sell,0.01,0.66264,-1.05,0.0,0.0,1825203278,1492401177
2025-12-08,22:30:49,AUDUSD,Sell,0.01,0.66264,-1.04,0.0,0.0,1825203279,1492401178
2025-12-08,22:30:49,AUDUSD,Sell,0.01,0.66264,-1.02,0.0,0.0,1825203280,1492401179
2025-12-08,22:30:49,EURNZD,Buy,0.01,2.01617,-0.65,0.0,0.0,1825203281,1492401180
2025-12-08,22:30:49,EURNZD,Buy,0.01,2.01617,-0.65,0.0,0.0,1825203282,1492401181
2025-12-08,22:30:49,EURAUD,Buy,0.01,1.75617,-0.6,0.0,0.0,1825203284,1492401184
2025-12-08,22:30:49,EURAUD,Buy,0.01,1.75617,-0.56,0.0,0.0,1825203286,1492401185
2025-12-08,22:30:49,EURAUD,Buy,0.01,1.75617,-0.46,0.0,0.0,1825203287,1492401186
2025-12-08,22:30:49,EURAUD,Buy,0.01,1.75617,-0.36,0.0,0.0,1825203288,1492401187
2025-12-08,22:30:49,EURAUD,Buy,0.01,1.75617,-0.32,0.0,0.0,1825203289,1492401188
2025-12-08,22:30:49,EURAUD,Buy,0.01,1.75617,-0.13,0.0,0.0,1825203290,1492401189
2025-12-08,22:30:49,USDCAD,Buy,0.01,1.3824,-0.1,0.0,0.0,1825203291,1492401190
2025-12-08,22:30:49,EURAUD,Buy,0.01,1.75617,-0.04,0.0,0.0,1825203292,1492401191
2025-12-08,22:30:51,USDCAD,Buy,0.01,1.3824,-0.04,0.0,0.0,1825204247,1492402197
2025-12-08,22:30:51,USDCAD,Buy,0.01,1.3824,-0.04,0.0,0.0,1825204248,1492402198
2025-12-08,22:30:51,USDCAD,Buy,0.01,1.3824,-0.03,0.0,0.0,1825204249,1492402199
2025-12-08,22:30:51,USDCAD,Buy,0.01,1.3824,0.04,0.0,0.0,1825204251,1492402202
2025-12-08,22:30:51,AUDCHF,Sell,0.01,0.53432,0.48,0.0,0.0,1825204253,1492402203
2025-12-08,22:30:51,AUDCHF,Sell,0.01,0.53432,0.63,0.0,0.0,1825204254,1492402204
2025-12-08,22:31:02,AUDCHF,Sell,0.01,0.53431,0.62,0.0,0.0,1825205290,1492403219
2025-12-08,22:31:02,AUDCHF,Sell,0.01,0.53431,0.63,0.0,0.0,1825205291,1492403220
2025-12-08,22:31:02,AUDCHF,Sell,0.01,0.53431,0.63,0.0,0.0,1825205292,1492403221
2025-12-08,22:31:02,AUDCHF,Sell,0.01,0.53431,0.67,0.0,0.0,1825205293,1492403222
2025-12-08,22:31:02,AUDCHF,Sell,0.01,0.53431,0.71,0.0,0.0,1825205294,1492403223
2025-12-08,22:31:02,EURCAD,Buy,0.01,1.6086399999999998,1.55,0.0,0.0,1825205298,1492403227
2025-12-08,22:31:02,EURCAD,Buy,0.01,1.6086399999999998,1.75,0.0,0.0,1825205299,1492403228
2025-12-08,22:31:02,GBPCHF,Sell,0.01,1.07419,3.22,0.0,0.0,1825205300,1492403229
2025-12-08,22:31:02,GBPCHF,Sell,0.01,1.07417,3.31,0.0,0.0,1825205318,1492403246
2025-12-08,22:31:02,GBPCHF,Sell,0.01,1.07417,3.32,0.0,0.0,1825205319,1492403247
2025-12-08,22:31:02,GBPCHF,Sell,0.01,1.07417,3.35,0.0,0.0,1825205320,1492403248
2025-12-08,22:31:02,GBPCHF,Sell,0.01,1.07417,3.37,0.0,0.0,1825205321,1492403249
2025-12-08,22:31:20,GBPCHF,Sell,0.01,1.07418,3.45,0.0,0.0,1825206240,1492404145
2025-12-08,22:31:20,AUDCHF,Sell,1.0,0.53429,6.2,0.0,0.0,1825206241,1492404146
2025-12-09,02:00:45,AUDCHF,Sell,1.0,0.53403,-26.03,0.0,0.0,1825446803,1492645555
2025-12-09,16:48:33,,Other,0.0,0.0,4967.4,0.0,0.0,0,1493083867
2025-12-09,16:48:46,GOLD,Buy,2.0,4209.99,0.0,0.0,0.0,1825969706,1493085007
2025-12-09,16:50:55,GOLD,Sell,1.0,4208.31,0.0,0.0,0.0,1825974556,1493089564
2025-12-09,16:50:56,GOLD,Sell,1.0,4208.4,0.0,0.0,0.0,1825974564,1493089570
2025-12-09,16:51:01,GOLD,Sell,1.0,4208.44,0.0,0.0,0.0,1825974632,1493089627
2025-12-09,16:52:09,GOLD,Sell,2.0,4209.03,-192.0,0.0,0.0,1825975683,1493090529
2025-12-09,16:53:51,GOLD,Sell,1.0,4209.82,0.0,0.0,0.0,1825980583,1493095216
2025-12-09,16:55:12,GOLD,Buy,1.0,4208.36,146.0,0.0,0.0,1825982750,1493097180
2025-12-09,16:55:50,GOLD,Buy,1.0,4208.02,42.0,0.0,0.0,1825984177,1493098505
2025-12-09,16:56:35,GOLD,Buy,1.0,4207.17,123.0,0.0,0.0,1825985124,1493099355
2025-12-09,16:56:46,GOLD,Buy,1.0,4208.21,10.0,0.0,0.0,1825985346,1493099552
2025-12-09,16:56:57,GOLD,Buy,1.0,4208.26,0.0,0.0,0.0,1825985539,1493099714
2025-12-09,16:59:09,GOLD,Buy,1.0,4207.66,0.0,0.0,0.0,1825989533,1493103389
2025-12-09,16:59:10,GOLD,Buy,1.0,4207.45,0.0,0.0,0.0,1825989546,1493103401
2025-12-09,16:59:10,GOLD,Buy,1.0,4207.62,0.0,0.0,0.0,1825989555,1493103410
2025-12-09,17:04:17,GOLD,Buy,0.1,4205.49,0.0,0.0,0.0,1825997233,1493110350
2025-12-09,17:04:47,GOLD,Buy,0.1,4205.94,0.0,0.0,0.0,1825997586,1493110648
2025-12-09,17:04:48,GOLD,Buy,0.1,4205.92,0.0,0.0,0.0,1825997602,1493110662
2025-12-09,17:04:48,GOLD,Buy,0.1,4205.85,0.0,0.0,0.0,1825997637,1493110697
2025-12-09,17:04:49,GOLD,Buy,0.1,4205.85,0.0,0.0,0.0,1825997645,1493110703
2025-12-09,17:04:50,GOLD,Buy,0.1,4205.86,0.0,0.0,0.0,1825997653,1493110706
2025-12-09,17:04:50,GOLD,Buy,0.1,4205.9,0.0,0.0,0.0,1825997659,1493110710
2025-12-09,17:41:48,GOLD,Sell,0.01,4205.6,0.0,0.0,0.0,1826035521,1493143125
2025-12-09,17:46:49,GOLD,Sell,0.01,4205.0,0.0,0.0,0.0,1826039905,1493146814
2025-12-09,17:51:49,GOLD,Sell,0.01,4207.39,0.0,0.0,0.0,1826048175,1493154390
2025-12-09,17:52:51,GOLD,Sell,0.1,4206.82,9.0,0.0,0.0,1826049095,1493155160
2025-12-09,17:52:53,GOLD,Sell,0.1,4207.22,13.7,0.0,0.0,1826049129,1493155193
2025-12-09,17:53:34,GOLD,Sell,0.1,4206.95,10.9,0.0,0.0,1826049538,1493155501
2025-12-09,17:53:40,GOLD,Sell,0.1,4206.53,6.8,0.0,0.0,1826049599,1493155557
2025-12-09,17:53:45,GOLD,Sell,0.1,4206.56,6.2,0.0,0.0,1826049642,1493155593
2025-12-09,17:53:46,GOLD,Sell,0.1,4206.5,6.0,0.0,0.0,1826049652,1493155599
2025-12-09,17:54:41,GOLD,Buy,0.1,4206.15,0.0,0.0,0.0,1826050805,1493156623
2025-12-09,17:55:18,GOLD,Buy,0.1,4206.02,0.0,0.0,0.0,1826051668,1493157383
2025-12-09,17:55:20,GOLD,Buy,0.1,4206.03,0.0,0.0,0.0,1826051687,1493157398
2025-12-09,17:55:22,GOLD,Buy,0.1,4206.02,0.0,0.0,0.0,1826051733,1493157439
2025-12-09,17:55:23,GOLD,Buy,0.1,4205.98,0.0,0.0,0.0,1826051757,1493157459
2025-12-09,17:55:24,GOLD,Buy,0.1,4206.02,0.0,0.0,0.0,1826051768,1493157467
2025-12-09,17:55:24,GOLD,Buy,0.1,4206.02,0.0,0.0,0.0,1826051778,1493157475
2025-12-09,17:55:25,GOLD,Buy,0.1,4206.02,0.0,0.0,0.0,1826051780,1493157476
2025-12-09,17:56:50,GOLD,Sell,0.01,4205.1,0.0,0.0,0.0,1826052762,1493158277
2025-12-09,17:57:46,GOLD,Buy,0.01,4205.52,1.87,0.0,0.0,1826053312,1493158708
2025-12-09,18:16:53,GOLD,Sell,0.01,4202.09,0.0,0.0,0.0,1826069907,1493173035
2025-12-09,19:50:05,GOLD,Sell,1.0,4198.46,-980.0,0.0,0.0,1826134384,1493232426
2025-12-09,20:20:13,GOLD,Buy,0.01,4207.15,-5.06,0.0,0.0,1826156342,1493254452
2025-12-09,21:00:30,GOLD,Sell,1.0,4197.94,-972.0,0.0,0.0,1826210913,1493308074
2025-12-09,21:00:32,GOLD,Sell,1.0,4197.47,-1015.0,0.0,0.0,1826211502,1493308686
2025-12-09,21:00:40,GOLD,Sell,1.0,4196.57,-1088.0,0.0,0.0,1826212394,1493309612
2025-12-09,21:34:09,,Other,0.0,0.0,8876.59,0.0,0.0,0,1493352241
2025-12-09,21:36:03,GOLD,Buy,0.01,4195.41,10.19,0.0,0.0,1826258010,1493355269
2025-12-09,21:36:04,GOLD,Buy,0.01,4195.09,10.01,0.0,0.0,1826258246,1493355500
2025-12-09,21:40:43,GOLD,Buy,0.01,4194.81,10.19,0.0,0.0,1826263571,1493360873
2025-12-09,22:13:26,GOLD,Sell,0.1,4202.1,-33.9,0.0,0.0,1826323937,1493421303
2025-12-09,22:13:26,GOLD,Sell,0.1,4202.38,-37.7,0.0,0.0,1826323946,1493421313
2025-12-09,22:13:27,GOLD,Sell,0.1,4202.39,-36.3,0.0,0.0,1826323954,1493421319
2025-12-09,22:13:27,GOLD,Sell,0.1,4202.39,-36.4,0.0,0.0,1826323958,1493421324
2025-12-09,22:13:27,GOLD,Sell,0.1,4202.35,-36.7,0.0,0.0,1826323984,1493421350
2025-12-09,22:13:28,GOLD,Sell,0.1,4202.21,-37.7,0.0,0.0,1826323988,1493421354
2025-12-09,22:13:28,GOLD,Sell,0.1,4202.26,-37.6,0.0,0.0,1826323994,1493421360
2025-12-09,22:13:28,GOLD,Sell,0.1,4202.26,-37.6,0.0,0.0,1826324007,1493421373
2025-12-09,22:13:29,GOLD,Sell,0.1,4202.16,-38.6,0.0,0.0,1826324011,1493421378
2025-12-09,22:14:57,USDJPY,Buy,0.01,156.464,0.0,0.0,0.0,1826327325,1493424671
2025-12-09,22:15:27,USDCAD,Sell,0.01,1.38267,0.0,0.0,0.0,1826328435,1493425745
2025-12-09,22:15:52,CHFJPY,Sell,0.01,193.944,0.0,0.0,0.0,1826329291,1493426605
2025-12-09,22:16:27,USDCAD,Sell,0.01,1.38257,0.0,0.0,0.0,1826330860,1493428155
2025-12-09,22:16:34,CHFJPY,Sell,0.01,193.942,0.0,0.0,0.0,1826330945,1493428242
2025-12-09,22:17:27,USDJPY,Buy,0.01,156.474,0.0,0.0,0.0,1826332192,1493429497
2025-12-09,22:17:32,USDCAD,Sell,0.01,1.3828,0.0,0.0,0.0,1826332261,1493429567
2025-12-09,22:18:28,USDJPY,Buy,0.01,156.453,0.0,0.0,0.0,1826333455,1493430797
2025-12-09,22:18:42,USDCAD,Sell,0.01,1.38266,0.0,0.0,0.0,1826333666,1493431005
2025-12-09,22:19:28,USDJPY,Buy,0.01,156.474,0.0,0.0,0.0,1826335147,1493432459
2025-12-09,22:19:32,USDCAD,Sell,0.01,1.38265,0.0,0.0,0.0,1826335283,1493432590
2025-12-09,22:19:40,CHFJPY,Sell,0.01,193.916,0.0,0.0,0.0,1826335419,1493432725
2025-12-09,22:20:28,USDJPY,Buy,0.01,156.474,0.0,0.0,0.0,1826336812,1493434106
2025-12-09,22:20:33,USDCAD,Sell,0.01,1.38247,0.0,0.0,0.0,1826336855,1493434148
2025-12-09,22:20:41,CHFJPY,Sell,0.01,193.913,0.0,0.0,0.0,1826336968,1493434258
2025-12-09,22:21:29,USDJPY,Buy,0.01,156.456,0.0,0.0,0.0,1826339020,1493436298
2025-12-09,22:21:40,USDCAD,Sell,0.01,1.38239,0.0,0.0,0.0,1826339381,1493436658
2025-12-09,22:22:29,USDJPY,Buy,0.01,156.44,0.0,0.0,0.0,1826340359,1493437628
2025-12-09,22:22:35,USDCAD,Sell,0.01,1.38246,0.0,0.0,0.0,1826340435,1493437704
2025-12-09,22:22:39,CHFJPY,Sell,0.01,193.927,0.0,0.0,0.0,1826340512,1493437783
2025-12-09,22:23:30,USDJPY,Buy,0.01,156.464,0.0,0.0,0.0,1826341511,1493438780
2025-12-09,22:23:42,USDCAD,Sell,0.01,1.3823699999999999,0.0,0.0,0.0,1826341780,1493439049
2025-12-09,22:23:47,CHFJPY,Sell,0.01,193.945,0.0,0.0,0.0,1826341892,1493439153
2025-12-09,22:23:50,GBPCHF,Buy,0.01,1.07373,0.0,0.0,0.0,1826342034,1493439292
2025-12-09,22:24:31,USDJPY,Buy,0.01,156.44,0.0,0.0,0.0,1826345242,1493442480
2025-12-09,22:24:43,USDCAD,Sell,0.01,1.3823699999999999,0.0,0.0,0.0,1826345484,1493442702
2025-12-09,22:24:49,CHFJPY,Sell,0.01,193.935,0.0,0.0,0.0,1826345628,1493442833
2025-12-09,22:25:01,GBPCHF,Buy,0.01,1.07374,0.0,0.0,0.0,1826345949,1493443128
2025-12-09,22:25:31,USDJPY,Buy,0.01,156.42,0.0,0.0,0.0,1826346761,1493443938
2025-12-09,22:25:43,USDCAD,Sell,0.01,1.38236,0.0,0.0,0.0,1826347170,1493444329
2025-12-09,22:25:47,AUDJPY,Sell,0.01,103.927,0.0,0.0,0.0,1826347349,1493444506
2025-12-09,22:25:53,CHFJPY,Sell,0.01,193.953,0.0,0.0,0.0,1826347389,1493444542
2025-12-09,22:26:05,GBPCHF,Buy,0.01,1.07367,0.0,0.0,0.0,1826347482,1493444635
2025-12-09,22:26:32,USDJPY,Buy,0.01,156.43,0.0,0.0,0.0,1826348651,1493445805
2025-12-09,22:26:36,USDCAD,Sell,0.01,1.3823699999999999,0.0,0.0,0.0,1826348923,1493446078
2025-12-09,22:26:40,EURCAD,Sell,0.01,1.6087099999999999,0.0,0.0,0.0,1826348994,1493446149
2025-12-09,22:26:44,AUDJPY,Sell,0.01,103.94,0.0,0.0,0.0,1826349078,1493446237
2025-12-09,22:26:51,CHFJPY,Sell,0.01,193.99,0.0,0.0,0.0,1826349193,1493446351
2025-12-09,22:27:01,EURCHF,Buy,0.01,0.93842,0.0,0.0,0.0,1826349452,1493446606
2025-12-09,22:27:21,GBPCHF,Buy,0.01,1.07357,0.0,0.0,0.0,1826350175,1493447301
2025-12-09,22:27:32,USDJPY,Buy,0.01,156.427,0.0,0.0,0.0,1826350778,1493447888
2025-12-09,22:27:35,USDCAD,Sell,0.01,1.38235,0.0,0.0,0.0,1826351059,1493448172
2025-12-09,22:27:40,AUDJPY,Sell,0.01,103.94,0.0,0.0,0.0,1826351239,1493448343
2025-12-09,22:27:47,CHFJPY,Sell,0.01,194.006,0.0,0.0,0.0,1826351403,1493448489
2025-12-09,22:27:53,EURCHF,Buy,0.01,0.93835,0.0,0.0,0.0,1826351504,1493448578
2025-12-09,22:28:02,GBPCHF,Buy,0.01,1.07355,0.0,0.0,0.0,1826351743,1493448796
2025-12-09,22:28:33,USDJPY,Buy,0.01,156.446,0.0,0.0,0.0,1826352696,1493449725
2025-12-09,22:28:39,USDCAD,Sell,0.01,1.38246,0.0,0.0,0.0,1826352804,1493449824
2025-12-09,22:28:41,EURCAD,Sell,0.01,1.60869,0.0,0.0,0.0,1826352897,1493449914
2025-12-09,22:28:53,AUDJPY,Sell,0.01,103.965,0.0,0.0,0.0,1826353124,1493450126
2025-12-09,22:28:57,CHFJPY,Sell,0.01,194.017,0.0,0.0,0.0,1826353156,1493450152
2025-12-09,22:29:02,AUDCAD,Buy,0.01,0.9192,0.0,0.0,0.0,1826353323,1493450312
2025-12-09,22:29:05,EURCHF,Buy,0.01,0.93836,0.0,0.0,0.0,1826353436,1493450418
2025-12-09,22:29:15,GBPCHF,Buy,0.01,1.07368,0.0,0.0,0.0,1826353588,1493450556
2025-12-09,22:29:33,USDJPY,Buy,0.01,156.427,0.0,0.0,0.0,1826353993,1493450931
2025-12-09,22:29:42,USDCAD,Sell,0.01,1.38265,0.0,0.0,0.0,1826354160,1493451091
2025-12-09,22:29:48,EURCAD,Sell,0.01,1.60903,0.0,0.0,0.0,1826354282,1493451204
2025-12-09,22:29:57,AUDJPY,Sell,0.01,103.939,0.0,0.0,0.0,1826354518,1493451433
2025-12-09,22:30:09,CHFJPY,Sell,0.01,193.999,0.0,0.0,0.0,1826356416,1493453324
2025-12-09,22:30:48,USDJPY,Sell,0.01,156.585,0.0,0.0,0.0,1826358357,1493455219
2025-12-09,22:30:56,EURCAD,Sell,0.01,1.6088900000000002,0.0,0.0,0.0,1826358621,1493455474
2025-12-09,22:31:01,AUDJPY,Sell,0.01,103.998,0.0,0.0,0.0,1826358870,1493455710
2025-12-09,22:31:09,CHFJPY,Sell,0.01,194.016,0.0,0.0,0.0,1826359364,1493456182
2025-12-09,22:31:13,AUDCAD,Buy,0.01,0.91934,0.0,0.0,0.0,1826359436,1493456248
2025-12-09,22:31:34,USDJPY,Sell,0.01,156.632,0.0,0.0,0.0,1826360311,1493457092
2025-12-09,22:31:40,GBPUSD,Buy,0.01,1.32996,0.0,0.0,0.0,1826360446,1493457220
2025-12-09,22:31:45,AUDJPY,Sell,0.01,104.015,0.0,0.0,0.0,1826360836,1493457605
2025-12-09,22:31:49,CHFJPY,Sell,0.01,193.995,0.0,0.0,0.0,1826361015,1493457778
2025-12-09,22:31:51,AUDCAD,Buy,0.01,0.91932,0.0,0.0,0.0,1826361113,1493457876
2025-12-09,22:32:33,USDJPY,Sell,0.01,156.7,0.0,0.0,0.0,1826363179,1493459910
2025-12-09,22:32:37,GBPUSD,Buy,0.01,1.32988,0.0,0.0,0.0,1826363331,1493460056
2025-12-09,22:32:41,AUDJPY,Sell,0.01,104.047,0.0,0.0,0.0,1826363613,1493460329
2025-12-09,22:32:50,CHFJPY,Sell,0.01,194.01,0.0,0.0,0.0,1826364116,1493460819
2025-12-09,22:32:53,AUDCAD,Buy,0.01,0.91958,0.0,0.0,0.0,1826364210,1493460905
2025-12-09,22:33:34,USDJPY,Sell,0.01,156.637,0.0,0.0,0.0,1826365587,1493462209
2025-12-09,22:33:37,GBPUSD,Buy,0.01,1.33006,0.0,0.0,0.0,1826365654,1493462271
2025-12-09,22:33:41,EURCAD,Sell,0.01,1.6088900000000002,0.0,0.0,0.0,1826365751,1493462358
2025-12-09,22:33:45,AUDJPY,Sell,0.01,104.042,0.0,0.0,0.0,1826365864,1493462468
2025-12-09,22:33:58,CHFJPY,Sell,0.01,193.996,0.0,0.0,0.0,1826366308,1493462887
2025-12-09,22:34:02,AUDCAD,Buy,0.01,0.91955,0.0,0.0,0.0,1826366679,1493463252
2025-12-09,22:34:35,USDJPY,Sell,0.01,156.645,0.0,0.0,0.0,1826367819,1493464335
2025-12-09,22:34:39,EURCAD,Sell,0.01,1.60895,0.0,0.0,0.0,1826367962,1493464471
2025-12-09,22:34:41,AUDJPY,Sell,0.01,104.054,0.0,0.0,0.0,1826368074,1493464581
2025-12-09,22:34:46,CHFJPY,Sell,0.01,194.015,0.0,0.0,0.0,1826368187,1493464688
2025-12-09,22:34:49,AUDCAD,Buy,0.01,0.91956,0.0,0.0,0.0,1826368302,1493464798
2025-12-09,22:35:35,USDJPY,Sell,0.01,156.682,0.0,0.0,0.0,1826369746,1493466141
2025-12-09,22:35:39,GBPUSD,Buy,0.01,1.32982,0.0,0.0,0.0,1826369931,1493466326
2025-12-09,22:35:55,EURCAD,Sell,0.01,1.60884,0.0,0.0,0.0,1826370894,1493467266
2025-12-09,22:35:59,AUDJPY,Sell,0.01,104.06,0.0,0.0,0.0,1826371119,1493467529
2025-12-09,22:36:07,CHFJPY,Sell,0.01,193.998,0.0,0.0,0.0,1826371577,1493467978
2025-12-09,22:36:10,AUDCAD,Buy,0.01,0.91942,0.0,0.0,0.0,1826371643,1493468041
2025-12-09,22:36:35,USDJPY,Sell,0.01,156.735,0.0,0.0,0.0,1826373221,1493469582
2025-12-09,22:36:39,GBPUSD,Buy,0.01,1.32938,0.0,0.0,0.0,1826373314,1493469670
2025-12-09,22:36:43,EURUSD,Buy,0.01,1.16207,0.0,0.0,0.0,1826373411,1493469760
2025-12-09,22:36:57,AUDJPY,Sell,0.01,104.048,0.0,0.0,0.0,1826373907,1493470239
2025-12-09,22:37:03,CHFJPY,Sell,0.01,193.984,0.0,0.0,0.0,1826374132,1493470449
2025-12-09,22:37:09,AUDCAD,Buy,0.01,0.91927,0.0,0.0,0.0,1826374254,1493470563
2025-12-09,22:37:36,USDJPY,Sell,0.01,156.788,0.0,0.0,0.0,1826374983,1493471264
2025-12-09,22:37:40,GBPUSD,Buy,0.01,1.32907,0.0,0.0,0.0,1826375341,1493471616
2025-12-09,22:37:46,EURUSD,Buy,0.01,1.16177,0.0,0.0,0.0,1826375475,1493471743
2025-12-09,22:37:58,AUDJPY,Sell,0.01,104.039,0.0,0.0,0.0,1826375815,1493472063
2025-12-09,22:38:05,CHFJPY,Sell,0.01,194.002,0.0,0.0,0.0,1826375951,1493472190
2025-12-09,22:38:36,USDJPY,Sell,0.01,156.77,0.0,0.0,0.0,1826376831,1493473057
2025-12-09,22:38:39,GBPUSD,Buy,0.01,1.32929,0.0,0.0,0.0,1826376872,1493473097
2025-12-09,22:38:43,EURUSD,Buy,0.01,1.16184,0.0,0.0,0.0,1826376908,1493473123
2025-12-09,22:38:46,AUDJPY,Sell,0.01,104.034,0.0,0.0,0.0,1826376948,1493473161
2025-12-09,22:38:52,CHFJPY,Sell,0.01,194.031,0.0,0.0,0.0,1826377077,1493473281
2025-12-09,22:39:37,USDJPY,Sell,0.01,156.777,0.0,0.0,0.0,1826380628,1493476831
2025-12-09,22:39:41,GBPUSD,Buy,0.01,1.32927,0.0,0.0,0.0,1826380792,1493476997
2025-12-09,22:39:46,EURUSD,Buy,0.01,1.16195,0.0,0.0,0.0,1826380888,1493477086
2025-12-09,22:39:58,AUDJPY,Sell,0.01,104.045,0.0,0.0,0.0,1826381732,1493477957
2025-12-09,22:40:02,CHFJPY,Sell,0.01,194.046,0.0,0.0,0.0,1826382438,1493478680
2025-12-09,22:40:39,USDJPY,Sell,0.01,156.817,0.0,0.0,0.0,1826384961,1493481231
2025-12-09,22:40:43,GBPUSD,Buy,0.01,1.32901,0.0,0.0,0.0,1826385231,1493481499
2025-12-09,22:40:48,EURUSD,Buy,0.01,1.16163,0.0,0.0,0.0,1826385425,1493481695
2025-12-09,22:40:53,AUDJPY,Sell,0.01,104.053,0.0,0.0,0.0,1826385572,1493481843
2025-12-09,22:40:57,CHFJPY,Sell,0.01,194.047,0.0,0.0,0.0,1826385684,1493481957
2025-12-09,22:41:37,USDJPY,Sell,0.01,156.814,0.0,0.0,0.0,1826387042,1493483319
2025-12-09,22:41:42,EURJPY,Sell,0.01,182.175,0.0,0.0,0.0,1826387290,1493483563
2025-12-09,22:41:53,GBPUSD,Buy,0.01,1.32916,0.0,0.0,0.0,1826387716,1493483978
2025-12-09,22:41:56,EURUSD,Buy,0.01,1.16184,0.0,0.0,0.0,1826387786,1493484050
2025-12-09,22:42:00,AUDJPY,Sell,0.01,104.055,0.0,0.0,0.0,1826387887,1493484154
2025-12-09,22:42:06,CHFJPY,Sell,0.01,194.075,0.0,0.0,0.0,1826388019,1493484277
2025-12-09,22:42:38,USDJPY,Sell,0.01,156.752,0.0,0.0,0.0,1826389140,1493485385
2025-12-09,22:42:43,GBPUSD,Buy,0.01,1.32968,0.0,0.0,0.0,1826389199,1493485445
2025-12-09,22:42:56,EURUSD,Buy,0.01,1.16226,0.0,0.0,0.0,1826389435,1493485683
2025-12-09,22:43:05,EURCAD,Sell,0.01,1.6088200000000001,0.0,0.0,0.0,1826389618,1493485867
2025-12-09,22:43:07,AUDJPY,Sell,0.01,104.052,0.0,0.0,0.0,1826389652,1493485899
2025-12-09,22:43:19,CHFJPY,Sell,0.01,194.049,0.0,0.0,0.0,1826389805,1493486055
2025-12-09,22:43:23,AUDCAD,Buy,0.01,0.9192,0.0,0.0,0.0,1826389861,1493486111
2025-12-09,22:43:38,USDJPY,Sell,0.01,156.736,0.0,0.0,0.0,1826390064,1493486312
2025-12-09,22:43:40,GBPUSD,Buy,0.01,1.3296999999999999,0.0,0.0,0.0,1826390108,1493486354
2025-12-09,22:43:55,EURUSD,Buy,0.01,1.16221,0.0,0.0,0.0,1826390354,1493486601
2025-12-09,22:44:07,AUDJPY,Sell,0.01,104.017,0.0,0.0,0.0,1826390486,1493486731
2025-12-09,22:44:13,CHFJPY,Sell,0.01,194.064,0.0,0.0,0.0,1826390568,1493486813
2025-12-09,22:44:38,USDJPY,Sell,0.01,156.769,0.0,0.0,0.0,1826391108,1493487355
2025-12-09,22:44:44,EURJPY,Sell,0.01,182.175,0.0,0.0,0.0,1826391165,1493487410
2025-12-09,22:44:46,GBPUSD,Buy,0.01,1.3295,0.0,0.0,0.0,1826391188,1493487433
2025-12-09,22:44:54,EURUSD,Buy,0.01,1.16207,0.0,0.0,0.0,1826391257,1493487500
2025-12-09,22:45:01,AUDJPY,Sell,0.01,104.048,0.0,0.0,0.0,1826391380,1493487603
2025-12-09,22:45:04,CHFJPY,Sell,0.01,194.102,0.0,0.0,0.0,1826391455,1493487661
2025-12-09,22:45:06,NZDJPY,Sell,0.01,90.571,0.0,0.0,0.0,1826391514,1493487720
2025-12-09,22:45:40,USDJPY,Sell,0.01,156.766,0.0,0.0,0.0,1826392299,1493488504
2025-12-09,22:45:43,GBPUSD,Buy,0.01,1.32947,0.0,0.0,0.0,1826392383,1493488593
2025-12-09,22:45:46,EURUSD,Buy,0.01,1.16214,0.0,0.0,0.0,1826392427,1493488639
2025-12-09,22:45:49,EURCAD,Sell,0.01,1.60873,0.0,0.0,0.0,1826392503,1493488715
2025-12-09,22:46:00,AUDJPY,Sell,0.01,104.037,0.0,0.0,0.0,1826392729,1493488940
2025-12-09,22:46:02,CHFJPY,Sell,0.01,194.093,0.0,0.0,0.0,1826392776,1493488989
2025-12-09,22:46:14,NZDJPY,Sell,0.01,90.57,0.0,0.0,0.0,1826393015,1493489237
2025-12-09,22:46:40,USDJPY,Sell,0.01,156.793,0.0,0.0,0.0,1826393354,1493489579
2025-12-09,22:46:44,EURJPY,Sell,0.01,182.224,0.0,0.0,0.0,1826393510,1493489735
2025-12-09,22:46:46,GBPUSD,Buy,0.01,1.32969,0.0,0.0,0.0,1826393523,1493489748
2025-12-09,22:46:52,AUDJPY,Sell,0.01,104.063,0.0,0.0,0.0,1826393573,1493489798
2025-12-09,22:46:58,CHFJPY,Sell,0.01,194.127,0.0,0.0,0.0,1826393758,1493489985
2025-12-09,22:47:02,NZDJPY,Sell,0.01,90.614,0.0,0.0,0.0,1826393974,1493490209
2025-12-09,22:47:39,USDJPY,Sell,0.01,156.76,0.0,0.0,0.0,1826394640,1493490881
2025-12-09,22:47:43,EURJPY,Sell,0.01,182.205,0.0,0.0,0.0,1826394670,1493490911
2025-12-09,22:47:45,GBPUSD,Buy,0.01,1.33,0.0,0.0,0.0,1826394688,1493490931
2025-12-09,22:47:51,AUDJPY,Sell,0.01,104.071,0.0,0.0,0.0,1826394774,1493491017
2025-12-09,22:47:58,CHFJPY,Sell,0.01,194.112,0.0,0.0,0.0,1826394833,1493491078
2025-12-09,22:48:01,NZDJPY,Sell,0.01,90.605,0.0,0.0,0.0,1826394860,1493491102
2025-12-09,22:48:40,USDJPY,Sell,0.01,156.729,0.0,0.0,0.0,1826395664,1493491913
2025-12-09,22:48:45,EURJPY,Sell,0.01,182.204,0.0,0.0,0.0,1826395745,1493491997
2025-12-09,22:49:04,AUDJPY,Sell,0.01,104.074,0.0,0.0,0.0,1826396098,1493492344
2025-12-09,22:49:18,CHFJPY,Sell,0.01,194.146,0.0,0.0,0.0,1826396396,1493492650
2025-12-09,22:49:22,NZDJPY,Sell,0.01,90.623,0.0,0.0,0.0,1826396456,1493492707
2025-12-09,22:49:26,AUDCAD,Buy,0.01,0.91918,0.0,0.0,0.0,1826396576,1493492826
2025-12-09,22:49:40,USDJPY,Sell,0.01,156.743,0.0,0.0,0.0,1826396942,1493493188
2025-12-09,22:49:46,EURJPY,Sell,0.01,182.216,0.0,0.0,0.0,1826397005,1493493255
2025-12-09,22:49:49,EURCAD,Sell,0.01,1.60874,0.0,0.0,0.0,1826397027,1493493276
2025-12-09,22:49:52,AUDJPY,Sell,0.01,104.083,0.0,0.0,0.0,1826397153,1493493403
2025-12-09,22:49:55,CHFJPY,Sell,0.01,194.164,0.0,0.0,0.0,1826397240,1493493490
2025-12-09,22:50:03,NZDJPY,Sell,0.01,90.638,0.0,0.0,0.0,1826397332,1493493581
2025-12-09,22:50:08,AUDCAD,Buy,0.01,0.91931,0.0,0.0,0.0,1826397404,1493493652
2025-12-09,22:50:41,USDJPY,Sell,0.01,156.744,0.0,0.0,0.0,1826398070,1493494314
2025-12-09,22:50:54,EURJPY,Sell,0.01,182.217,0.0,0.0,0.0,1826398662,1493494906
2025-12-09,22:50:57,AUDJPY,Sell,0.01,104.091,0.0,0.0,0.0,1826398731,1493494977
2025-12-09,22:51:02,CHFJPY,Sell,0.01,194.175,0.0,0.0,0.0,1826399041,1493495286
2025-12-09,22:51:04,NZDJPY,Sell,0.01,90.637,0.0,0.0,0.0,1826399067,1493495312
2025-12-09,22:51:23,AUDCAD,Buy,0.01,0.91942,0.0,0.0,0.0,1826400173,1493496427
2025-12-09,22:51:42,USDJPY,Sell,0.01,156.723,0.0,0.0,0.0,1826400776,1493497038
2025-12-09,22:51:47,EURJPY,Sell,0.01,182.256,0.0,0.0,0.0,1826400868,1493497132
2025-12-09,22:51:50,USDCAD,Sell,0.01,1.38343,0.0,0.0,0.0,1826400922,1493497186
2025-12-09,22:51:59,EURCAD,Sell,0.01,1.60874,0.0,0.0,0.0,1826401118,1493497390
2025-12-09,22:52:02,AUDJPY,Sell,0.01,104.111,0.0,0.0,0.0,1826401216,1493497479
2025-12-09,22:52:07,CHFJPY,Sell,0.01,194.191,0.0,0.0,0.0,1826401286,1493497549
2025-12-09,22:52:10,NZDJPY,Sell,0.01,90.647,0.0,0.0,0.0,1826401390,1493497651
2025-12-09,22:52:15,AUDCAD,Buy,0.01,0.91938,0.0,0.0,0.0,1826401454,1493497712
2025-12-09,22:52:42,SILVER,Sell,0.01,59.361,0.0,0.0,0.0,1826402676,1493498905
2025-12-09,22:52:46,USDJPY,Sell,0.01,156.674,0.0,0.0,0.0,1826402808,1493499033
2025-12-09,22:52:49,EURJPY,Sell,0.01,182.224,0.0,0.0,0.0,1826402854,1493499078
2025-12-09,22:52:52,USDCAD,Sell,0.01,1.38319,0.0,0.0,0.0,1826402909,1493499131
2025-12-09,22:52:58,AUDJPY,Sell,0.01,104.107,0.0,0.0,0.0,1826402985,1493499199
2025-12-09,22:53:02,CHFJPY,Sell,0.01,194.191,0.0,0.0,0.0,1826403071,1493499282
2025-12-09,22:53:04,NZDJPY,Sell,0.01,90.658,0.0,0.0,0.0,1826403134,1493499341
2025-12-09,22:53:07,AUDCAD,Buy,0.01,0.91949,0.0,0.0,0.0,1826403171,1493499373
2025-12-09,22:53:43,SILVER,Sell,0.01,59.392,0.0,0.0,0.0,1826403866,1493500032
2025-12-09,22:53:47,USDJPY,Sell,0.01,156.673,0.0,0.0,0.0,1826403961,1493500120
2025-12-09,22:53:50,EURJPY,Sell,0.01,182.227,0.0,0.0,0.0,1826404018,1493500173
2025-12-09,22:53:54,USDCAD,Sell,0.01,1.38313,0.0,0.0,0.0,1826404122,1493500271
2025-12-09,22:53:59,AUDJPY,Sell,0.01,104.116,0.0,0.0,0.0,1826404423,1493500565
2025-12-09,22:54:02,CHFJPY,Sell,0.01,194.191,0.0,0.0,0.0,1826404571,1493500708
2025-12-09,22:54:12,NZDJPY,Sell,0.01,90.67,0.0,0.0,0.0,1826404859,1493500981
2025-12-09,22:54:15,AUDCAD,Buy,0.01,0.91944,0.0,0.0,0.0,1826405090,1493501210
2025-12-09,22:54:43,SILVER,Sell,0.01,59.495,0.0,0.0,0.0,1826406247,1493502341
2025-12-09,22:54:47,USDJPY,Sell,0.01,156.646,0.0,0.0,0.0,1826406293,1493502384
2025-12-09,22:54:55,EURJPY,Sell,0.01,182.2,0.0,0.0,0.0,1826406476,1493502550
2025-12-09,22:54:58,USDCAD,Sell,0.01,1.38303,0.0,0.0,0.0,1826406621,1493502693
2025-12-09,22:55:03,AUDJPY,Sell,0.01,104.123,0.0,0.0,0.0,1826406800,1493502871
2025-12-09,22:55:08,CHFJPY,Sell,0.01,194.184,0.0,0.0,0.0,1826407168,1493503238
2025-12-09,22:55:11,NZDJPY,Sell,0.01,90.673,0.0,0.0,0.0,1826407226,1493503291
2025-12-09,22:55:14,AUDCAD,Buy,0.01,0.91946,0.0,0.0,0.0,1826407270,1493503328
2025-12-09,22:55:44,SILVER,Sell,0.01,59.591,0.0,0.0,0.0,1826408030,1493504051
2025-12-09,22:55:49,USDJPY,Sell,0.01,156.67,0.0,0.0,0.0,1826408292,1493504315
2025-12-09,22:55:53,EURJPY,Sell,0.01,182.225,0.0,0.0,0.0,1826408366,1493504388
2025-12-09,22:55:57,USDCAD,Sell,0.01,1.38294,0.0,0.0,0.0,1826408519,1493504545
2025-12-09,22:56:00,AUDJPY,Sell,0.01,104.131,0.0,0.0,0.0,1826408561,1493504587
2025-12-09,22:56:05,GBPNZD,Buy,0.01,2.29895,0.0,0.0,0.0,1826408897,1493504919
2025-12-09,22:56:08,CHFJPY,Sell,0.01,194.18,0.0,0.0,0.0,1826409246,1493505264
2025-12-09,22:56:12,NZDJPY,Sell,0.01,90.691,0.0,0.0,0.0,1826409337,1493505352
2025-12-09,22:56:14,AUDCAD,Buy,0.01,0.91963,0.0,0.0,0.0,1826409443,1493505457
2025-12-09,22:56:44,SILVER,Sell,0.01,59.582,0.0,0.0,0.0,1826410281,1493506299
2025-12-09,22:56:51,USDJPY,Sell,0.01,156.668,0.0,0.0,0.0,1826410353,1493506374
2025-12-09,22:56:53,EURJPY,Sell,0.01,182.242,0.0,0.0,0.0,1826410389,1493506411
2025-12-09,22:56:56,USDCAD,Sell,0.01,1.38303,0.0,0.0,0.0,1826410414,1493506433
2025-12-09,22:57:00,AUDJPY,Sell,0.01,104.137,0.0,0.0,0.0,1826410466,1493506488
2025-12-09,22:57:03,GBPNZD,Buy,0.01,2.29893,0.0,0.0,0.0,1826410512,1493506529
2025-12-09,22:57:10,CHFJPY,Sell,0.01,194.186,0.0,0.0,0.0,1826410575,1493506586
2025-12-09,22:57:15,NZDJPY,Sell,0.01,90.686,0.0,0.0,0.0,1826410653,1493506666
2025-12-09,22:57:24,AUDCAD,Buy,0.01,0.91959,0.0,0.0,0.0,1826410882,1493506885
2025-12-09,22:57:44,SILVER,Sell,0.01,59.688,0.0,0.0,0.0,1826411400,1493507406
2025-12-09,22:57:47,USDJPY,Sell,0.01,156.673,0.0,0.0,0.0,1826411456,1493507462
2025-12-09,22:57:50,EURJPY,Sell,0.01,182.21,0.0,0.0,0.0,1826411510,1493507515
2025-12-09,22:57:53,USDCAD,Sell,0.01,1.38309,0.0,0.0,0.0,1826411563,1493507571
2025-12-09,22:57:57,EURCAD,Sell,0.01,1.6087799999999999,0.0,0.0,0.0,1826411658,1493507668
2025-12-09,22:58:09,AUDJPY,Sell,0.01,104.116,0.0,0.0,0.0,1826411910,1493507913
2025-12-09,22:58:12,GBPNZD,Buy,0.01,2.29901,0.0,0.0,0.0,1826411944,1493507947
2025-12-09,22:58:17,CHFJPY,Sell,0.01,194.182,0.0,0.0,0.0,1826412017,1493508020
2025-12-09,22:58:20,NZDJPY,Sell,0.01,90.674,0.0,0.0,0.0,1826412079,1493508088
2025-12-09,22:58:25,AUDCAD,Buy,0.01,0.91967,0.0,0.0,0.0,1826412129,1493508139
2025-12-09,22:58:28,GBPCHF,Buy,0.01,1.07367,0.0,0.0,0.0,1826412178,1493508186
2025-12-09,22:58:45,SILVER,Sell,0.01,59.709,0.0,0.0,0.0,1826412554,1493508554
2025-12-09,22:58:49,USDJPY,Sell,0.01,156.629,0.0,0.0,0.0,1826412632,1493508625
2025-12-09,22:58:53,EURJPY,Sell,0.01,182.219,0.0,0.0,0.0,1826412850,1493508852
2025-12-09,22:58:58,USDCAD,Sell,0.01,1.383,0.0,0.0,0.0,1826413145,1493509135
2025-12-09,22:59:00,EURCAD,Sell,0.01,1.6088,0.0,0.0,0.0,1826413361,1493509354
2025-12-09,22:59:03,AUDJPY,Sell,0.01,104.128,0.0,0.0,0.0,1826413518,1493509512
2025-12-09,22:59:08,GBPNZD,Buy,0.01,2.29908,0.0,0.0,0.0,1826413726,1493509713
2025-12-09,22:59:09,CHFJPY,Sell,0.01,194.191,0.0,0.0,0.0,1826413775,1493509759
2025-12-09,22:59:23,NZDJPY,Sell,0.01,90.679,0.0,0.0,0.0,1826414216,1493510197
2025-12-09,22:59:31,AUDCAD,Buy,0.01,0.91971,0.0,0.0,0.0,1826414362,1493510340
2025-12-09,22:59:46,SILVER,Sell,0.01,59.64,0.0,0.0,0.0,1826414625,1493510605
2025-12-09,22:59:48,USDJPY,Sell,0.01,156.607,0.0,0.0,0.0,1826414645,1493510624
2025-12-09,22:59:52,EURJPY,Sell,0.01,182.203,0.0,0.0,0.0,1826414721,1493510703
2025-12-09,22:59:54,USDCAD,Sell,0.01,1.38294,0.0,0.0,0.0,1826414772,1493510756
2025-12-09,22:59:57,EURCAD,Sell,0.01,1.60887,0.0,0.0,0.0,1826414818,1493510803
2025-12-09,23:00:00,AUDJPY,Sell,0.01,104.118,0.0,0.0,0.0,1826414944,1493510930
2025-12-09,23:00:03,GBPNZD,Buy,0.01,2.29903,0.0,0.0,0.0,1826415086,1493511034
2025-12-09,23:00:06,CHFJPY,Sell,0.01,194.17,0.0,0.0,0.0,1826415186,1493511134
2025-12-09,23:00:19,NZDJPY,Sell,0.01,90.687,0.0,0.0,0.0,1826415566,1493511507
2025-12-09,23:00:31,AUDCAD,Buy,0.01,0.91961,0.0,0.0,0.0,1826416289,1493512224
2025-12-09,23:00:47,SILVER,Sell,0.01,59.576,0.0,0.0,0.0,1826416984,1493512892
2025-12-09,23:00:49,USDJPY,Sell,0.01,156.622,0.0,0.0,0.0,1826417250,1493513158
2025-12-09,23:01:05,EURJPY,Sell,0.01,182.214,0.0,0.0,0.0,1826417814,1493513704
2025-12-09,23:01:08,USDCAD,Sell,0.01,1.38274,0.0,0.0,0.0,1826417890,1493513783
2025-12-09,23:01:10,EURCAD,Sell,0.01,1.6088200000000001,0.0,0.0,0.0,1826417934,1493513829
2025-12-09,23:01:13,AUDJPY,Sell,0.01,104.127,0.0,0.0,0.0,1826418007,1493513898
2025-12-09,23:01:20,GBPNZD,Buy,0.01,2.29869,0.0,0.0,0.0,1826418199,1493514089
2025-12-09,23:01:23,CHFJPY,Sell,0.01,194.169,0.0,0.0,0.0,1826418255,1493514146
2025-12-09,23:01:25,NZDJPY,Sell,0.01,90.687,0.0,0.0,0.0,1826418316,1493514208
2025-12-09,23:01:27,AUDCAD,Buy,0.01,0.91976,0.0,0.0,0.0,1826418369,1493514259
2025-12-09,23:01:47,SILVER,Sell,0.01,59.689,0.0,0.0,0.0,1826418709,1493514603
2025-12-09,23:01:51,USDJPY,Sell,0.01,156.576,0.0,0.0,0.0,1826418771,1493514667
2025-12-09,23:01:53,EURJPY,Sell,0.01,182.196,0.0,0.0,0.0,1826418801,1493514693
2025-12-09,23:01:56,USDCAD,Sell,0.01,1.38266,0.0,0.0,0.0,1826418828,1493514721
2025-12-09,23:01:58,EURCAD,Sell,0.01,1.60876,0.0,0.0,0.0,1826418856,1493514745
2025-12-09,23:02:01,AUDJPY,Sell,0.01,104.131,0.0,0.0,0.0,1826418904,1493514784
2025-12-09,23:02:09,GBPNZD,Buy,0.01,2.29841,0.0,0.0,0.0,1826419033,1493514902
2025-12-09,23:02:24,CHFJPY,Sell,0.01,194.172,0.0,0.0,0.0,1826419249,1493515115
2025-12-09,23:02:26,NZDJPY,Sell,0.01,90.709,0.0,0.0,0.0,1826419290,1493515156
2025-12-09,23:02:28,AUDCAD,Buy,0.01,0.92012,0.0,0.0,0.0,1826419319,1493515189
2025-12-09,23:02:31,EURCHF,Buy,0.01,0.9383,0.0,0.0,0.0,1826419353,1493515223
2025-12-09,23:02:34,GBPCHF,Buy,0.01,1.07362,0.0,0.0,0.0,1826419488,1493515359
2025-12-09,23:02:48,SILVER,Sell,0.01,59.673,0.0,0.0,0.0,1826419792,1493515666
2025-12-09,23:02:49,USDJPY,Sell,0.01,156.574,0.0,0.0,0.0,1826419887,1493515759
2025-12-09,23:02:52,EURJPY,Sell,0.01,182.19,0.0,0.0,0.0,1826420012,1493515882
2025-12-09,23:02:57,USDCAD,Sell,0.01,1.3829,0.0,0.0,0.0,1826420651,1493516508
2025-12-09,23:03:00,EURCAD,Sell,0.01,1.60885,0.0,0.0,0.0,1826421106,1493516954
2025-12-09,23:03:03,AUDJPY,Sell,0.01,104.166,0.0,0.0,0.0,1826421195,1493517034
2025-12-09,23:03:06,GBPNZD,Buy,0.01,2.2979,0.0,0.0,0.0,1826421277,1493517114
2025-12-09,23:03:17,CHFJPY,Sell,0.01,194.17,0.0,0.0,0.0,1826421613,1493517435
2025-12-09,23:03:19,NZDJPY,Sell,0.01,90.723,0.0,0.0,0.0,1826421648,1493517467
2025-12-09,23:03:23,AUDCAD,Buy,0.01,0.92033,0.0,0.0,0.0,1826421732,1493517546
2025-12-09,23:03:36,EURCHF,Buy,0.01,0.93844,0.0,0.0,0.0,1826422095,1493517892
2025-12-09,23:03:48,SILVER,Sell,0.01,59.67,0.0,0.0,0.0,1826422460,1493518247
2025-12-09,23:03:50,USDJPY,Sell,0.01,156.609,0.0,0.0,0.0,1826422542,1493518327
2025-12-09,23:03:53,EURJPY,Sell,0.01,182.184,0.0,0.0,0.0,1826422629,1493518408
2025-12-09,23:04:01,USDCAD,Sell,0.01,1.38283,0.0,0.0,0.0,1826422817,1493518588
2025-12-09,23:04:05,AUDJPY,Sell,0.01,104.177,0.0,0.0,0.0,1826422887,1493518651
2025-12-09,23:04:16,GBPNZD,Buy,0.01,2.2976,0.0,0.0,0.0,1826423139,1493518891
2025-12-09,23:05:24,SILVER,Buy,0.01,59.864,-25.15,0.0,0.0,1826424675,1493520369
2025-12-09,23:05:40,SILVER,Buy,0.01,59.894,-25.1,0.0,0.0,1826424985,1493520680
2025-12-09,23:05:49,SILVER,Sell,0.01,59.87,0.0,0.0,0.0,1826425415,1493521111
2025-12-09,23:05:51,USDJPY,Sell,0.01,156.626,0.0,0.0,0.0,1826425493,1493521189
2025-12-09,23:12:53,SILVER,Buy,0.01,60.001,-25.3,0.0,0.0,1826434091,1493529613
2025-12-09,23:12:54,EURCAD,Sell,0.01,1.6087099999999999,0.0,0.0,0.0,1826434110,1493529631
2025-12-09,23:25:28,CHFJPY,Buy,0.01,194.414,-3.19,0.0,0.0,1826453997,1493548518
2025-12-09,23:25:28,CHFJPY,Buy,0.01,194.417,-3.19,0.0,0.0,1826454002,1493548522
2025-12-09,23:26:00,SILVER,Sell,0.01,59.978,0.0,0.0,0.0,1826455054,1493549570
2025-12-09,23:26:05,USDJPY,Sell,0.01,156.898,0.0,0.0,0.0,1826455138,1493549655
2025-12-09,23:27:02,CHFJPY,Buy,0.01,194.427,-3.19,0.0,0.0,1826456836,1493551366
2025-12-09,23:27:03,GBPCHF,Buy,0.01,1.07303,0.0,0.0,0.0,1826456860,1493551388
2025-12-09,23:27:05,SILVER,Buy,0.01,60.067,-24.25,0.0,0.0,1826456978,1493551507
2025-12-09,23:27:15,SILVER,Buy,0.01,60.088,-25.6,0.0,0.0,1826457402,1493551916
2025-12-09,23:27:16,SILVER,Buy,0.01,60.094,-25.15,0.0,0.0,1826457442,1493551956
2025-12-09,23:27:34,CHFJPY,Buy,0.01,194.434,-3.18,0.0,0.0,1826458155,1493552648
2025-12-09,23:27:37,CHFJPY,Buy,0.01,194.443,-3.19,0.0,0.0,1826458200,1493552692
2025-12-09,23:27:37,CHFJPY,Buy,0.01,194.445,-3.19,0.0,0.0,1826458203,1493552695
2025-12-09,23:27:37,CHFJPY,Buy,0.01,194.445,-3.19,0.0,0.0,1826458204,1493552696
2025-12-09,23:27:39,CHFJPY,Buy,0.01,194.458,-3.22,0.0,0.0,1826458246,1493552744
2025-12-09,23:28:00,SILVER,Sell,0.01,60.07,0.0,0.0,0.0,1826458739,1493553218
2025-12-09,23:28:02,USDJPY,Sell,0.01,156.898,0.0,0.0,0.0,1826458868,1493553344
2025-12-09,23:28:13,EURJPY,Sell,0.01,182.43,0.0,0.0,0.0,1826459109,1493553577
2025-12-09,23:28:16,GBPUSD,Buy,0.01,1.32959,0.0,0.0,0.0,1826459200,1493553663
2025-12-09,23:28:21,EURCAD,Sell,0.01,1.6091199999999999,0.0,0.0,0.0,1826459299,1493553758
2025-12-09,23:28:22,AUDJPY,Sell,0.01,104.222,0.0,0.0,0.0,1826459330,1493553785
2025-12-09,23:28:23,SILVER,Buy,0.01,60.144,-25.2,0.0,0.0,1826459376,1493553831
2025-12-09,23:28:26,GBPNZD,Buy,0.01,2.29902,0.0,0.0,0.0,1826459611,1493554058
2025-12-09,23:28:34,NZDJPY,Sell,0.01,90.737,0.0,0.0,0.0,1826459917,1493554361
2025-12-09,23:28:35,SILVER,Buy,0.01,60.17,-25.0,0.0,0.0,1826459919,1493554363
2025-12-09,23:28:35,SILVER,Buy,0.01,60.176,-25.15,0.0,0.0,1826459923,1493554367
2025-12-09,23:28:38,SILVER,Buy,0.01,60.186,-24.9,0.0,0.0,1826460147,1493554587
2025-12-09,23:28:38,AUDCAD,Buy,0.01,0.91966,0.0,0.0,0.0,1826460161,1493554602
2025-12-09,23:28:38,SILVER,Buy,0.01,60.19,-25.05,0.0,0.0,1826460186,1493554628
2025-12-09,23:28:40,SILVER,Buy,0.01,60.233,-26.2,0.0,0.0,1826460901,1493555363
2025-12-09,23:28:43,GBPCHF,Buy,0.01,1.07308,0.0,0.0,0.0,1826461806,1493556262
2025-12-09,23:29:00,SILVER,Sell,0.01,60.21,0.0,0.0,0.0,1826462930,1493557362
2025-12-09,23:29:03,USDJPY,Sell,0.01,156.887,0.0,0.0,0.0,1826463210,1493557645
2025-12-09,23:29:05,EURJPY,Sell,0.01,182.427,0.0,0.0,0.0,1826463744,1493558225
2025-12-09,23:29:06,GBPUSD,Buy,0.01,1.32971,0.0,0.0,0.0,1826463925,1493558420
2025-12-09,23:31:31,SILVER,Buy,0.01,60.37,-25.0,0.0,0.0,1826469615,1493563834
2025-12-09,23:32:01,SILVER,Sell,0.01,60.365,0.0,0.0,0.0,1826471362,1493565467
2025-12-09,23:32:28,SILVER,Buy,0.01,60.478,-25.0,0.0,0.0,1826472213,1493566239
2025-12-09,23:33:01,SILVER,Sell,0.01,60.398,0.0,0.0,0.0,1826473838,1493567836
2025-12-09,23:34:40,CHFJPY,Buy,0.01,194.483,-3.18,0.0,0.0,1826476371,1493570260
2025-12-09,23:34:57,CHFJPY,Buy,0.01,194.489,-3.18,0.0,0.0,1826476775,1493570646
2025-12-09,23:35:02,SILVER,Sell,0.01,60.437,0.0,0.0,0.0,1826477007,1493570876
2025-12-09,23:35:10,CHFJPY,Buy,0.01,194.495,-3.19,0.0,0.0,1826477604,1493571507
2025-12-09,23:35:10,CHFJPY,Buy,0.01,194.5,-3.19,0.0,0.0,1826477626,1493571529
2025-12-09,23:35:10,CHFJPY,Buy,0.01,194.5,-3.21,0.0,0.0,1826477627,1493571530
2025-12-09,23:35:10,CHFJPY,Buy,0.01,194.5,-3.2,0.0,0.0,1826477628,1493571532
2025-12-09,23:35:10,USDJPY,Sell,0.01,156.855,0.0,0.0,0.0,1826477641,1493571544
2025-12-09,23:35:11,CHFJPY,Buy,0.01,194.502,-3.19,0.0,0.0,1826477663,1493571568
2025-12-09,23:35:13,CHFJPY,Buy,0.01,194.506,-3.19,0.0,0.0,1826477688,1493571593
2025-12-09,23:35:14,CHFJPY,Buy,0.01,194.511,-3.19,0.0,0.0,1826477696,1493571602
2025-12-09,23:35:15,CHFJPY,Buy,0.01,194.514,-3.18,0.0,0.0,1826477706,1493571613
2025-12-09,23:35:15,EURJPY,Sell,0.01,182.477,0.0,0.0,0.0,1826477709,1493571616
2025-12-09,23:35:18,CHFJPY,Buy,0.01,194.517,-3.19,0.0,0.0,1826477778,1493571683
2025-12-09,23:35:18,CHFJPY,Buy,0.01,194.517,-3.19,0.0,0.0,1826477779,1493571684
2025-12-09,23:35:18,USDCAD,Sell,0.01,1.38352,0.0,0.0,0.0,1826477780,1493571685
2025-12-09,23:35:24,EURCAD,Sell,0.01,1.60948,0.0,0.0,0.0,1826477886,1493571792
2025-12-09,23:35:28,AUDJPY,Sell,0.01,104.258,0.0,0.0,0.0,1826477928,1493571836
2025-12-09,23:35:31,CHFJPY,Buy,0.01,194.532,-3.19,0.0,0.0,1826477984,1493571891
2025-12-09,23:35:34,GBPNZD,Buy,0.01,2.29879,0.0,0.0,0.0,1826478038,1493571943
2025-12-09,23:35:34,CHFJPY,Buy,0.01,194.546,-3.19,0.0,0.0,1826478043,1493571948
2025-12-09,23:35:34,CHFJPY,Buy,0.01,194.546,-3.17,0.0,0.0,1826478044,1493571949
2025-12-09,23:35:34,CHFJPY,Buy,0.01,194.547,-3.19,0.0,0.0,1826478059,1493571965
2025-12-09,23:35:36,NZDJPY,Sell,0.01,90.805,0.0,0.0,0.0,1826478090,1493571996
2025-12-09,23:35:38,EURCHF,Buy,0.01,0.9384,0.0,0.0,0.0,1826478126,1493572031
2025-12-09,23:35:49,GBPCHF,Buy,0.01,1.07333,0.0,0.0,0.0,1826478444,1493572353
2025-12-09,23:36:02,SILVER,Sell,0.01,60.261,0.0,0.0,0.0,1826479022,1493572924
2025-12-09,23:36:05,USDJPY,Sell,0.01,156.882,0.0,0.0,0.0,1826479165,1493573061
2025-12-09,23:36:09,EURJPY,Sell,0.01,182.505,0.0,0.0,0.0,1826479409,1493573312
2025-12-09,23:36:11,CHFJPY,Buy,0.01,194.564,-3.19,0.0,0.0,1826479439,1493573341
2025-12-09,23:36:14,USDCAD,Sell,0.01,1.38351,0.0,0.0,0.0,1826479501,1493573404
2025-12-09,23:36:17,EURCAD,Sell,0.01,1.60938,0.0,0.0,0.0,1826479616,1493573522
2025-12-09,23:36:19,AUDJPY,Sell,0.01,104.284,0.0,0.0,0.0,1826479688,1493573592
2025-12-09,23:36:26,GBPNZD,Buy,0.01,2.29865,0.0,0.0,0.0,1826479882,1493573787
2025-12-09,23:36:46,CHFJPY,Buy,0.01,194.575,-3.19,0.0,0.0,1826480304,1493574215
2025-12-09,23:37:03,SILVER,Sell,0.01,60.304,0.0,0.0,0.0,1826480800,1493574707
2025-12-09,23:41:02,CHFJPY,Buy,0.01,194.594,-3.19,0.0,0.0,1826486122,1493580040
2025-12-09,23:41:21,CHFJPY,Buy,0.01,194.605,-3.21,0.0,0.0,1826488389,1493582442
2025-12-09,23:41:22,SILVER,Sell,0.01,60.481,0.0,0.0,0.0,1826488398,1493582451
2025-12-09,23:41:27,USDJPY,Sell,0.01,156.845,0.0,0.0,0.0,1826488532,1493582586
2025-12-09,23:41:43,CHFJPY,Buy,0.01,194.613,-3.19,0.0,0.0,1826488966,1493583026
2025-12-09,23:42:06,SILVER,Sell,0.01,60.434,0.0,0.0,0.0,1826489849,1493583922
2025-12-09,23:44:15,CHFJPY,Buy,0.01,194.632,-3.22,0.0,0.0,1826493165,1493587063
2025-12-09,23:45:06,SILVER,Sell,0.01,60.348,0.0,0.0,0.0,1826494475,1493588333
2025-12-09,23:55:00,CHFJPY,Buy,0.01,194.646,-3.19,0.0,0.0,1826509754,1493603481
2025-12-09,23:55:13,SILVER,Sell,0.01,60.304,0.0,0.0,0.0,1826510051,1493603751
2025-12-09,23:55:39,CHFJPY,Buy,0.01,194.658,-3.1,0.0,0.0,1826510537,1493604197
2025-12-09,23:55:41,CHFJPY,Buy,0.01,194.663,-3.18,0.0,0.0,1826510568,1493604224
2025-12-09,23:56:11,CHFJPY,Buy,0.01,194.669,-3.18,0.0,0.0,1826511363,1493604976
2025-12-09,23:56:11,CHFJPY,Buy,0.01,194.669,-3.19,0.0,0.0,1826511364,1493604977
2025-12-09,23:56:11,CHFJPY,Buy,0.01,194.671,-3.19,0.0,0.0,1826511368,1493604981
2025-12-09,23:56:13,SILVER,Sell,0.01,60.24,0.0,0.0,0.0,1826511402,1493605012
2025-12-09,23:56:15,CHFJPY,Buy,0.01,194.673,-3.17,0.0,0.0,1826511422,1493605031
2025-12-09,23:56:16,CHFJPY,Buy,0.01,194.683,-3.21,0.0,0.0,1826511428,1493605037
2025-12-09,23:56:16,CHFJPY,Buy,0.01,194.683,-3.19,0.0,0.0,1826511429,1493605038
2025-12-09,23:56:16,CHFJPY,Buy,0.01,194.684,-3.19,0.0,0.0,1826511432,1493605040
2025-12-09,23:56:16,USDJPY,Sell,0.01,156.901,0.0,0.0,0.0,1826511438,1493605046
2025-12-09,23:56:28,EURJPY,Sell,0.01,182.612,0.0,0.0,0.0,1826511619,1493605224
2025-12-09,23:56:32,USDCAD,Sell,0.01,1.38304,0.0,0.0,0.0,1826511666,1493605270
2025-12-09,23:56:32,CHFJPY,Buy,0.01,194.689,-3.17,0.0,0.0,1826511668,1493605272
2025-12-09,23:56:32,CHFJPY,Buy,0.01,194.689,-3.21,0.0,0.0,1826511669,1493605273
2025-12-09,23:56:33,CHFJPY,Buy,0.01,194.69,-3.18,0.0,0.0,1826511675,1493605278
2025-12-09,23:56:34,CHFJPY,Buy,0.01,194.691,-3.19,0.0,0.0,1826511682,1493605285
2025-12-09,23:56:34,CHFJPY,Buy,0.01,194.691,-3.19,0.0,0.0,1826511683,1493605286
2025-12-09,23:56:34,EURCAD,Sell,0.01,1.60969,0.0,0.0,0.0,1826511686,1493605289
2025-12-09,23:56:38,AUDJPY,Sell,0.01,104.368,0.0,0.0,0.0,1826511964,1493605565
2025-12-09,23:56:42,NZDJPY,Sell,0.01,90.867,0.0,0.0,0.0,1826511994,1493605595
2025-12-09,23:56:46,EURCHF,Buy,0.01,0.93833,0.0,0.0,0.0,1826512019,1493605619
2025-12-09,23:56:51,GBPCHF,Buy,0.01,1.07343,0.0,0.0,0.0,1826512108,1493605706
2025-12-09,23:57:14,SILVER,Sell,0.01,60.306,0.0,0.0,0.0,1826512558,1493606145
2025-12-09,23:57:26,USDJPY,Sell,0.01,156.893,0.0,0.0,0.0,1826512710,1493606299
2025-12-09,23:57:29,EURJPY,Sell,0.01,182.608,0.0,0.0,0.0,1826512751,1493606336
2025-12-09,23:57:32,USDCAD,Sell,0.01,1.3830200000000001,0.0,0.0,0.0,1826512784,1493606366
2025-12-09,23:57:43,EURCAD,Sell,0.01,1.60974,0.0,0.0,0.0,1826512990,1493606566
2025-12-10,00:15:19,SILVER,Buy,0.01,60.577,-25.35,0.0,0.0,1826533247,1493626346
2025-12-10,01:39:04,SILVER,Sell,1.0,60.315,0.0,0.0,0.0,1826617547,1493708873
2025-12-10,01:42:47,SILVER,Buy,1.0,60.312,15.0,0.0,0.0,1826620072,1493711407
2025-12-10,01:42:51,SILVER,Sell,1.0,60.286,0.0,0.0,0.0,1826620094,1493711430
2025-12-10,02:03:40,SILVER,Buy,0.01,60.379,-3.75,0.0,0.0,1826633006,1493724350
2025-12-10,02:03:41,SILVER,Buy,0.01,60.381,-3.85,0.0,0.0,1826633040,1493724385
2025-12-10,02:03:42,USDJPY,Sell,0.01,156.885,2.68,0.0,0.0,1826633080,1493724424
2025-12-10,02:03:43,USDCAD,Buy,0.01,1.3856899999999999,-2.18,0.0,0.0,1826633085,1493724429
2025-12-10,02:03:43,USDCAD,Buy,0.01,1.3856899999999999,-2.25,0.0,0.0,1826633090,1493724435
2025-12-10,02:03:43,BTCUSD,Sell,1.0,93979.75,0.0,0.0,0.0,1826633093,1493724438
2025-12-10,02:03:43,USDJPY,Sell,0.01,156.883,2.61,0.0,0.0,1826633097,1493724443
2025-12-10,02:03:44,USDCAD,Buy,0.01,1.38565,-2.06,0.0,0.0,1826633103,1493724449
2025-12-10,02:03:44,USDJPY,Sell,0.01,156.883,2.74,0.0,0.0,1826633108,1493724454
2025-12-10,02:03:45,USDCAD,Buy,0.01,1.38565,-2.16,0.0,0.0,1826633113,1493724459
2025-12-10,02:03:45,USDJPY,Sell,0.01,156.883,2.61,0.0,0.0,1826633122,1493724468
2025-12-10,02:03:45,USDCAD,Buy,0.01,1.38565,-2.17,0.0,0.0,1826633130,1493724476
2025-12-10,02:03:46,USDJPY,Sell,0.01,156.882,2.6,0.0,0.0,1826633141,1493724487
2025-12-10,02:03:46,USDCAD,Buy,0.01,1.38564,-2.29,0.0,0.0,1826633156,1493724502
2025-12-10,02:03:46,USDJPY,Sell,0.01,156.882,2.7199999999999998,0.0,0.0,1826633162,1493724508
2025-12-10,02:03:47,USDCAD,Buy,0.01,1.38564,-2.35,0.0,0.0,1826633169,1493724515
2025-12-10,02:03:47,USDJPY,Sell,0.01,156.882,2.82,0.0,0.0,1826633176,1493724522
2025-12-10,02:03:48,USDCAD,Buy,0.01,1.38564,-2.29,0.0,0.0,1826633182,1493724528
2025-12-10,02:03:48,USDJPY,Sell,0.01,156.882,2.66,0.0,0.0,1826633187,1493724533
2025-12-10,02:03:48,USDCAD,Buy,0.01,1.38564,-2.36,0.0,0.0,1826633194,1493724540
2025-12-10,02:03:49,GBPCHF,Sell,0.01,1.07246,-1.58,0.0,0.0,1826633196,1493724542
2025-12-10,02:03:49,BTCUSD,Sell,1.0,93961.05,0.0,0.0,0.0,1826633200,1493724546
2025-12-10,02:03:49,USDJPY,Sell,0.01,156.882,2.82,0.0,0.0,1826633205,1493724551
2025-12-10,02:03:49,USDCAD,Buy,0.01,1.38564,-2.36,0.0,0.0,1826633207,1493724553
2025-12-10,02:03:50,GBPCHF,Sell,0.01,1.07246,-1.5899999999999999,0.0,0.0,1826633210,1493724556
2025-12-10,02:03:50,USDJPY,Sell,0.01,156.883,2.95,0.0,0.0,1826633274,1493724622
2025-12-10,02:03:51,USDCAD,Buy,0.01,1.38565,-2.37,0.0,0.0,1826633280,1493724628
2025-12-10,02:03:51,AUDJPY,Buy,0.01,104.147,-1.4,0.0,0.0,1826633293,1493724640
2025-12-10,02:03:52,GBPCHF,Sell,0.01,1.07246,-1.5,0.0,0.0,1826633309,1493724656
2025-12-10,02:03:52,USDJPY,Sell,0.01,156.882,2.88,0.0,0.0,1826633341,1493724689
2025-12-10,02:03:52,USDCAD,Buy,0.01,1.38564,-2.36,0.0,0.0,1826633348,1493724695
2025-12-10,02:03:53,EURCAD,Buy,0.01,1.6105,-1.29,0.0,0.0,1826633359,1493724706
2025-12-10,02:03:53,AUDJPY,Buy,0.01,104.147,-1.32,0.0,0.0,1826633364,1493724710
2025-12-10,02:03:53,EURCHF,Sell,0.01,0.93715,-1.58,0.0,0.0,1826633375,1493724720
2025-12-10,02:03:54,GBPCHF,Sell,0.01,1.07247,-1.3599999999999999,0.0,0.0,1826633414,1493724760
2025-12-10,02:03:54,USDJPY,Sell,0.01,156.881,2.89,0.0,0.0,1826633422,1493724767
2025-12-10,02:03:55,USDCAD,Buy,0.01,1.3856600000000001,-2.39,0.0,0.0,1826633444,1493724791
2025-12-10,02:03:55,AUDJPY,Buy,0.01,104.147,-1.32,0.0,0.0,1826633479,1493724831
2025-12-10,02:03:55,EURCHF,Sell,0.01,0.93715,-1.49,0.0,0.0,1826633500,1493724852
2025-12-10,02:03:56,GBPCHF,Sell,0.01,1.07246,-1.35,0.0,0.0,1826633528,1493724880
2025-12-10,02:03:56,USDJPY,Sell,0.01,156.883,2.79,0.0,0.0,1826633536,1493724888
2025-12-10,02:03:57,USDCAD,Buy,0.01,1.38565,-2.3,0.0,0.0,1826633544,1493724896
2025-12-10,02:03:57,EURCAD,Buy,0.01,1.6105,-1.31,0.0,0.0,1826633553,1493724905
2025-12-10,02:03:57,AUDJPY,Buy,0.01,104.147,-1.16,0.0,0.0,1826633605,1493724958
2025-12-10,02:03:58,AUDCAD,Sell,0.01,0.91931,0.08,0.0,0.0,1826633612,1493724965
2025-12-10,02:03:58,EURCHF,Sell,0.01,0.93715,-1.5,0.0,0.0,1826633621,1493724974
2025-12-10,02:03:59,GBPCHF,Sell,0.01,1.07247,-1.5,0.0,0.0,1826633628,1493724981
2025-12-10,02:03:59,USDJPY,Sell,0.01,156.883,2.91,0.0,0.0,1826633634,1493724987
2025-12-10,02:03:59,USDCAD,Buy,0.01,1.38564,-2.16,0.0,0.0,1826633640,1493724993
2025-12-10,02:04:00,EURCAD,Buy,0.01,1.61051,-1.07,0.0,0.0,1826633644,1493724997
2025-12-10,02:04:00,AUDJPY,Buy,0.01,104.147,-1.33,0.0,0.0,1826633657,1493725010
2025-12-10,02:04:00,USDJPY,Buy,0.01,156.906,-2.05,0.0,0.0,1826633661,1493725014
2025-12-10,02:04:01,EURCAD,Buy,0.01,1.61049,-1.15,0.0,0.0,1826633666,1493725019
2025-12-10,02:04:01,AUDJPY,Buy,0.01,104.147,-0.95,0.0,0.0,1826633675,1493725028
2025-12-10,02:04:02,AUDCAD,Sell,0.01,0.91932,-0.01,0.0,0.0,1826633686,1493725039
2025-12-10,02:04:02,USDJPY,Buy,0.01,156.907,-1.75,0.0,0.0,1826633696,1493725049
2025-12-10,02:04:03,GBPUSD,Sell,0.01,1.3301,0.14,0.0,0.0,1826633707,1493725060
2025-12-10,02:04:03,AUDJPY,Buy,0.01,104.147,-0.84,0.0,0.0,1826633713,1493725066
2025-12-10,02:04:03,AUDCAD,Sell,0.01,0.91932,0.0,0.0,0.0,1826633727,1493725080
2025-12-10,02:04:04,USDJPY,Buy,0.01,156.906,-1.31,0.0,0.0,1826633738,1493725091
2025-12-10,02:04:04,GBPUSD,Sell,0.01,1.3301,0.22,0.0,0.0,1826633740,1493725093
2025-12-10,02:04:05,AUDJPY,Buy,0.01,104.148,-0.64,0.0,0.0,1826633747,1493725100
2025-12-10,02:04:05,AUDCAD,Sell,0.01,0.9193,-0.2,0.0,0.0,1826633748,1493725101
2025-12-10,02:04:05,USDJPY,Buy,0.01,156.907,-1.72,0.0,0.0,1826633755,1493725109
2025-12-10,02:04:06,GBPUSD,Sell,0.01,1.3301,0.04,0.0,0.0,1826633760,1493725113
2025-12-10,02:04:06,EURCAD,Buy,0.01,1.6105,-1.16,0.0,0.0,1826633764,1493725116
2025-12-10,02:04:07,AUDJPY,Buy,0.01,104.147,-0.67,0.0,0.0,1826633767,1493725119
2025-12-10,02:04:07,AUDCAD,Sell,0.01,0.9193,-0.18,0.0,0.0,1826633769,1493725121
2025-12-10,02:04:07,USDJPY,Buy,0.01,156.907,-1.67,0.0,0.0,1826633770,1493725123
2025-12-10,02:04:08,EURCAD,Buy,0.01,1.6105,-1.12,0.0,0.0,1826633772,1493725124
2025-12-10,02:04:08,AUDJPY,Buy,0.01,104.147,-0.59,0.0,0.0,1826633773,1493725125
2025-12-10,02:04:09,AUDCAD,Sell,0.01,0.91928,-0.2,0.0,0.0,1826633819,1493725171
2025-12-10,02:04:09,USDJPY,Buy,0.01,156.907,-1.43,0.0,0.0,1826633822,1493725175
2025-12-10,02:04:09,GBPUSD,Sell,0.01,1.3301,0.28,0.0,0.0,1826633825,1493725178
2025-12-10,02:04:10,EURCAD,Buy,0.01,1.6105,-1.2,0.0,0.0,1826633829,1493725182
2025-12-10,02:04:10,AUDJPY,Buy,0.01,104.147,-0.55,0.0,0.0,1826633838,1493725191
2025-12-10,02:04:11,AUDCAD,Sell,0.01,0.9193,-0.09,0.0,0.0,1826633840,1493725193
2025-12-10,02:04:11,USDJPY,Buy,0.01,156.907,-1.1,0.0,0.0,1826633842,1493725195
2025-12-10,02:04:11,GBPUSD,Sell,0.01,1.3301,0.72,0.0,0.0,1826633845,1493725198
2025-12-10,02:04:12,EURUSD,Sell,0.01,1.16223,0.16,0.0,0.0,1826633847,1493725200
2025-12-10,02:04:12,AUDJPY,Buy,0.01,104.147,-0.63,0.0,0.0,1826633849,1493725202
2025-12-10,02:04:13,AUDCAD,Sell,0.01,0.9193,0.02,0.0,0.0,1826633851,1493725205
2025-12-10,02:04:13,USDJPY,Buy,0.01,156.907,-0.76,0.0,0.0,1826633855,1493725209
2025-12-10,02:04:13,GBPUSD,Sell,0.01,1.3301,1.03,0.0,0.0,1826633859,1493725211
2025-12-10,02:04:14,EURUSD,Sell,0.01,1.16223,0.46,0.0,0.0,1826633863,1493725215
2025-12-10,02:04:14,AUDJPY,Buy,0.01,104.147,-0.69,0.0,0.0,1826633865,1493725218
2025-12-10,02:04:15,USDJPY,Buy,0.01,156.907,-0.87,0.0,0.0,1826633869,1493725221
2025-12-10,02:04:15,GBPUSD,Sell,0.01,1.3301,0.81,0.0,0.0,1826633875,1493725228
2025-12-10,02:04:16,EURUSD,Sell,0.01,1.16224,0.4,0.0,0.0,1826633878,1493725231
2025-12-10,02:04:16,AUDJPY,Buy,0.01,104.147,-0.72,0.0,0.0,1826633884,1493725237
2025-12-10,02:04:16,USDJPY,Buy,0.01,156.907,-0.83,0.0,0.0,1826633887,1493725240
2025-12-10,02:04:17,GBPUSD,Sell,0.01,1.3301,0.83,0.0,0.0,1826633894,1493725247
2025-12-10,02:04:17,EURUSD,Sell,0.01,1.16224,0.29,0.0,0.0,1826633902,1493725256
2025-12-10,02:04:18,AUDJPY,Buy,0.01,104.147,-0.65,0.0,0.0,1826633907,1493725261
2025-12-10,02:04:18,USDJPY,Buy,0.01,156.906,-0.57,0.0,0.0,1826633911,1493725265
2025-12-10,02:04:18,GBPUSD,Sell,0.01,1.3301,1.09,0.0,0.0,1826633917,1493725271
2025-12-10,02:04:19,EURUSD,Sell,0.01,1.16224,0.61,0.0,0.0,1826633922,1493725276
2025-12-10,02:04:19,AUDJPY,Buy,0.01,104.147,-0.6,0.0,0.0,1826633930,1493725284
2025-12-10,02:04:20,USDJPY,Buy,0.01,156.906,-0.59,0.0,0.0,1826633934,1493725289
2025-12-10,02:04:20,EURJPY,Buy,0.01,182.382,-1.32,0.0,0.0,1826633938,1493725293
2025-12-10,02:04:20,GBPUSD,Sell,0.01,1.33011,0.95,0.0,0.0,1826633942,1493725296
2025-12-10,02:04:21,EURUSD,Sell,0.01,1.16227,0.43,0.0,0.0,1826633945,1493725299
2025-12-10,02:04:21,AUDJPY,Buy,0.01,104.148,-0.59,0.0,0.0,1826633948,1493725302
2025-12-10,02:04:22,USDJPY,Buy,0.01,156.906,-0.98,0.0,0.0,1826633949,1493725303
2025-12-10,02:04:22,GBPUSD,Sell,0.01,1.33011,0.43,0.0,0.0,1826633954,1493725308
2025-12-10,02:04:22,EURUSD,Sell,0.01,1.16227,0.01,0.0,0.0,1826633961,1493725315
2025-12-10,02:04:23,EURCAD,Buy,0.01,1.61055,-1.25,0.0,0.0,1826633965,1493725319
2025-12-10,02:04:23,AUDJPY,Buy,0.01,104.148,-0.61,0.0,0.0,1826633967,1493725321
2025-12-10,02:04:24,AUDCAD,Sell,0.01,0.91931,0.08,0.0,0.0,1826633980,1493725334
2025-12-10,02:04:24,USDJPY,Buy,0.01,156.906,-1.08,0.0,0.0,1826634004,1493725358
2025-12-10,02:04:24,GBPUSD,Sell,0.01,1.33011,0.41,0.0,0.0,1826634006,1493725360
2025-12-10,02:04:25,EURUSD,Sell,0.01,1.16227,0.06,0.0,0.0,1826634008,1493725362
2025-12-10,02:04:25,AUDJPY,Buy,0.01,104.148,-0.83,0.0,0.0,1826634010,1493725364
2025-12-10,02:04:26,USDJPY,Buy,0.01,156.906,-0.87,0.0,0.0,1826634021,1493725377
2025-12-10,02:04:26,EURJPY,Buy,0.01,182.385,-1.34,0.0,0.0,1826634024,1493725379
2025-12-10,02:04:26,GBPUSD,Sell,0.01,1.3301,0.6,0.0,0.0,1826634026,1493725381
2025-12-10,02:04:27,EURUSD,Sell,0.01,1.16227,0.2,0.0,0.0,1826634031,1493725386
2025-12-10,02:04:27,AUDJPY,Buy,0.01,104.148,-0.64,0.0,0.0,1826634033,1493725388
2025-12-10,02:04:28,NZDJPY,Buy,0.01,90.656,-0.54,0.0,0.0,1826634034,1493725389
2025-12-10,02:04:28,USDJPY,Buy,0.01,156.906,-0.89,0.0,0.0,1826634037,1493725392
2025-12-10,02:04:28,GBPUSD,Sell,0.01,1.33011,0.64,0.0,0.0,1826634041,1493725396
2025-12-10,02:04:29,EURUSD,Sell,0.01,1.16225,0.11,0.0,0.0,1826634047,1493725402
2025-12-10,02:04:29,EURCAD,Buy,0.01,1.61052,-1.29,0.0,0.0,1826634051,1493725406
2025-12-10,02:04:30,AUDJPY,Buy,0.01,104.149,-0.71,0.0,0.0,1826634052,1493725407
2025-12-10,02:04:30,NZDJPY,Buy,0.01,90.657,-0.55,0.0,0.0,1826634054,1493725409
2025-12-10,02:04:30,USDJPY,Buy,0.01,156.907,-0.73,0.0,0.0,1826634058,1493725414
2025-12-10,02:04:31,EURJPY,Buy,0.01,182.388,-1.05,0.0,0.0,1826634060,1493725416
2025-12-10,02:04:31,GBPUSD,Sell,0.01,1.33012,0.43,0.0,0.0,1826634062,1493725418
2025-12-10,02:04:32,AUDJPY,Buy,0.01,104.148,-0.54,0.0,0.0,1826634064,1493725420
2025-12-10,02:04:32,NZDJPY,Buy,0.01,90.656,-0.27,0.0,0.0,1826634067,1493725423
2025-12-10,02:04:32,USDJPY,Buy,0.01,156.907,-0.94,0.0,0.0,1826634069,1493725425
2025-12-10,02:04:33,EURJPY,Buy,0.01,182.387,-1.16,0.0,0.0,1826634070,1493725427
2025-12-10,02:04:33,GBPUSD,Sell,0.01,1.33012,0.12,0.0,0.0,1826634073,1493725429
2025-12-10,02:04:34,AUDJPY,Buy,0.01,104.149,-0.5,0.0,0.0,1826634075,1493725432
2025-12-10,02:04:34,NZDJPY,Buy,0.01,90.661,-0.36,0.0,0.0,1826634078,1493725435
2025-12-10,02:04:34,USDJPY,Buy,0.01,156.907,-1.13,0.0,0.0,1826634082,1493725438
2025-12-10,02:04:35,EURJPY,Buy,0.01,182.387,-1.17,0.0,0.0,1826634084,1493725441
2025-12-10,02:04:35,AUDJPY,Buy,0.01,104.147,-0.47,0.0,0.0,1826634085,1493725443
2025-12-10,02:04:36,NZDJPY,Buy,0.01,90.657,-0.22,0.0,0.0,1826634089,1493725447
2025-12-10,02:04:36,AUDCAD,Sell,0.01,0.91929,0.08,0.0,0.0,1826634092,1493725450
2025-12-10,02:04:36,USDJPY,Buy,0.01,156.907,-1.05,0.0,0.0,1826634093,1493725451
2025-12-10,02:04:37,EURJPY,Buy,0.01,182.387,-1.09,0.0,0.0,1826634095,1493725453
2025-12-10,02:04:37,EURCAD,Buy,0.01,1.61056,-1.31,0.0,0.0,1826634100,1493725458
2025-12-10,02:04:38,AUDJPY,Buy,0.01,104.149,-0.42,0.0,0.0,1826634108,1493725466
2025-12-10,02:04:38,NZDJPY,Buy,0.01,90.657,-0.12,0.0,0.0,1826634112,1493725470
2025-12-10,02:04:38,AUDCAD,Sell,0.01,0.91931,0.0,0.0,0.0,1826634129,1493725487
2025-12-10,02:04:39,USDJPY,Buy,0.01,156.907,-1.04,0.0,0.0,1826634131,1493725489
2025-12-10,02:04:39,EURJPY,Buy,0.01,182.387,-1.08,0.0,0.0,1826634134,1493725493
2025-12-10,02:04:40,AUDJPY,Buy,0.01,104.147,-0.36,0.0,0.0,1826634135,1493725494
2025-12-10,02:04:40,NZDJPY,Buy,0.01,90.657,-0.13,0.0,0.0,1826634138,1493725497
2025-12-10,02:04:41,AUDCAD,Sell,0.01,0.91929,-0.09,0.0,0.0,1826634142,1493725502
2025-12-10,02:04:41,USDJPY,Buy,0.01,156.907,-1.17,0.0,0.0,1826634155,1493725514
2025-12-10,02:04:41,EURJPY,Buy,0.01,182.387,-0.83,0.0,0.0,1826634157,1493725516
2025-12-10,02:04:42,USDCAD,Buy,0.01,1.38563,-1.5899999999999999,0.0,0.0,1826634161,1493725520
2025-12-10,02:04:42,EURCAD,Buy,0.01,1.61055,-1.31,0.0,0.0,1826634166,1493725525
2025-12-10,02:04:43,AUDJPY,Buy,0.01,104.148,-0.24,0.0,0.0,1826634169,1493725529
2025-12-10,02:04:43,NZDJPY,Buy,0.01,90.657,-0.06,0.0,0.0,1826634171,1493725530
2025-12-10,02:04:43,AUDCAD,Sell,0.01,0.91929,-0.06,0.0,0.0,1826634173,1493725532
2025-12-10,02:04:44,USDJPY,Buy,0.01,156.908,-1.49,0.0,0.0,1826634175,1493725534
2025-12-10,02:04:44,EURJPY,Buy,0.01,182.386,-1.03,0.0,0.0,1826634178,1493725537
2025-12-10,02:04:45,USDCAD,Buy,0.01,1.38563,-1.76,0.0,0.0,1826634181,1493725540
2025-12-10,02:04:45,AUDJPY,Buy,0.01,104.148,-0.26,0.0,0.0,1826634183,1493725542
2025-12-10,02:04:45,NZDJPY,Buy,0.01,90.657,0.01,0.0,0.0,1826634184,1493725543
2025-12-10,02:04:46,AUDCAD,Sell,0.01,0.9193,-0.14,0.0,0.0,1826634187,1493725546
2025-12-10,02:04:46,USDJPY,Buy,0.01,156.908,-1.5,0.0,0.0,1826634188,1493725547
2025-12-10,02:04:47,EURJPY,Buy,0.01,182.388,-1.03,0.0,0.0,1826634199,1493725559
2025-12-10,02:04:47,USDCAD,Buy,0.01,1.38563,-1.8,0.0,0.0,1826634202,1493725562
2025-12-10,02:04:48,AUDJPY,Buy,0.01,104.149,-0.21,0.0,0.0,1826634206,1493725566
2025-12-10,02:04:48,NZDJPY,Buy,0.01,90.658,0.08,0.0,0.0,1826634210,1493725570
2025-12-10,02:04:49,AUDCAD,Sell,0.01,0.91928,-0.12,0.0,0.0,1826634214,1493725574
2025-12-10,02:04:49,USDJPY,Buy,0.01,156.909,-1.6800000000000002,0.0,0.0,1826634216,1493725576
2025-12-10,02:04:49,EURJPY,Buy,0.01,182.389,-1.2,0.0,0.0,1826634219,1493725579
2025-12-10,02:04:50,USDCAD,Buy,0.01,1.38563,-1.88,0.0,0.0,1826634222,1493725582
2025-12-10,02:04:50,AUDJPY,Buy,0.01,104.149,-0.17,0.0,0.0,1826634228,1493725588
2025-12-10,02:04:51,NZDJPY,Buy,0.01,90.659,0.09,0.0,0.0,1826634232,1493725592
2025-12-10,02:04:51,AUDCAD,Sell,0.01,0.91928,-0.13,0.0,0.0,1826634239,1493725601
2025-12-10,02:04:51,USDJPY,Buy,0.01,156.915,-1.56,0.0,0.0,1826634244,1493725604
2025-12-10,02:04:52,EURJPY,Buy,0.01,182.39,-1.05,0.0,0.0,1826634248,1493725608
2025-12-10,02:04:52,USDCAD,Buy,0.01,1.38563,-1.94,0.0,0.0,1826634251,1493725611
2025-12-10,02:04:53,AUDJPY,Buy,0.01,104.15,-0.12,0.0,0.0,1826634253,1493725613
2025-12-10,02:04:53,GBPNZD,Sell,0.01,2.3020300000000002,1.78,0.0,0.0,1826634256,1493725617
2025-12-10,02:04:53,NZDJPY,Buy,0.01,90.659,0.2,0.0,0.0,1826634260,1493725619
2025-12-10,02:04:54,AUDCAD,Sell,0.01,0.91928,-0.25,0.0,0.0,1826634263,1493725622
2025-12-10,02:04:54,USDJPY,Buy,0.01,156.915,-1.5699999999999998,0.0,0.0,1826634266,1493725625
2025-12-10,02:04:54,EURJPY,Buy,0.01,182.39,-0.94,0.0,0.0,1826634269,1493725628
2025-12-10,02:04:55,USDCAD,Buy,0.01,1.38563,-1.88,0.0,0.0,1826634271,1493725630
2025-12-10,02:04:55,AUDJPY,Buy,0.01,104.15,-0.08,0.0,0.0,1826634273,1493725633
2025-12-10,02:04:56,GBPNZD,Sell,0.01,2.3020300000000002,1.79,0.0,0.0,1826634276,1493725635
2025-12-10,02:04:56,NZDJPY,Buy,0.01,90.659,0.17,0.0,0.0,1826634280,1493725640
2025-12-10,02:04:56,AUDCAD,Sell,0.01,0.91928,-0.22,0.0,0.0,1826634284,1493725644
2025-12-10,02:04:57,USDJPY,Buy,0.01,156.914,-1.54,0.0,0.0,1826634287,1493725647
2025-12-10,02:04:57,EURJPY,Buy,0.01,182.39,-1.15,0.0,0.0,1826634290,1493725650
2025-12-10,02:04:58,USDCAD,Buy,0.01,1.38563,-1.83,0.0,0.0,1826634293,1493725653
2025-12-10,02:04:58,EURCAD,Buy,0.01,1.61049,-1.23,0.0,0.0,1826634298,1493725658
2025-12-10,02:04:59,AUDJPY,Buy,0.01,104.15,-0.22,0.0,0.0,1826634300,1493725660
2025-12-10,02:04:59,GBPNZD,Sell,0.01,2.3020300000000002,1.75,0.0,0.0,1826634305,1493725665
2025-12-10,02:04:59,NZDJPY,Buy,0.01,90.659,0.1,0.0,0.0,1826634309,1493725669
2025-12-10,02:05:00,AUDCAD,Sell,0.01,0.91928,-0.28,0.0,0.0,1826634320,1493725680
2025-12-10,02:05:00,GBPCHF,Sell,0.01,1.07246,-1.5,0.0,0.0,1826634329,1493725688
2025-12-10,02:05:00,USDJPY,Buy,0.01,156.917,-1.8399999999999999,0.0,0.0,1826634334,1493725693
2025-12-10,02:05:01,EURJPY,Buy,0.01,182.392,-1.1,0.0,0.0,1826634340,1493725697
2025-12-10,02:05:01,USDCAD,Buy,0.01,1.38565,-1.9100000000000001,0.0,0.0,1826634342,1493725699
2025-12-10,02:05:02,EURCAD,Buy,0.01,1.61049,-1.22,0.0,0.0,1826634344,1493725701
2025-12-10,02:05:02,AUDJPY,Buy,0.01,104.151,-0.15,0.0,0.0,1826634346,1493725703
2025-12-10,02:05:02,GBPNZD,Sell,0.01,2.30202,1.7,0.0,0.0,1826634349,1493725706
2025-12-10,02:05:03,NZDJPY,Buy,0.01,90.659,0.13,0.0,0.0,1826634354,1493725711
2025-12-10,02:05:03,AUDCAD,Sell,0.01,0.91927,-0.32,0.0,0.0,1826634355,1493725712
2025-12-10,02:05:04,USDJPY,Buy,0.01,156.917,-1.98,0.0,0.0,1826634359,1493725716
2025-12-10,02:05:04,EURJPY,Buy,0.01,182.39,-1.19,0.0,0.0,1826634361,1493725718
2025-12-10,02:05:04,USDCAD,Buy,0.01,1.38564,-1.95,0.0,0.0,1826634363,1493725720
2025-12-10,02:05:05,EURCAD,Buy,0.01,1.61049,-1.17,0.0,0.0,1826634366,1493725723
2025-12-10,02:05:05,AUDJPY,Buy,0.01,104.15,-0.2,0.0,0.0,1826634370,1493725727
2025-12-10,02:05:06,GBPNZD,Sell,0.01,2.302,1.72,0.0,0.0,1826634372,1493725729
2025-12-10,02:05:06,NZDJPY,Buy,0.01,90.659,0.18,0.0,0.0,1826634373,1493725730
2025-12-10,02:05:06,AUDCAD,Sell,0.01,0.91927,-0.25,0.0,0.0,1826634377,1493725734
2025-12-10,02:05:07,USDJPY,Buy,0.01,156.916,-1.87,0.0,0.0,1826634380,1493725737
2025-12-10,02:05:07,EURJPY,Buy,0.01,182.389,-1.12,0.0,0.0,1826634382,1493725739
2025-12-10,02:05:08,USDCAD,Buy,0.01,1.38564,-2.09,0.0,0.0,1826634385,1493725742
2025-12-10,02:05:08,EURCAD,Buy,0.01,1.61049,-1.21,0.0,0.0,1826634390,1493725747
2025-12-10,02:05:08,AUDJPY,Buy,0.01,104.15,-0.15,0.0,0.0,1826634395,1493725751
2025-12-10,02:05:09,GBPNZD,Sell,0.01,2.30201,1.92,0.0,0.0,1826634401,1493725758
2025-12-10,02:05:09,NZDJPY,Buy,0.01,90.655,0.2,0.0,0.0,1826634402,1493725759
2025-12-10,02:05:10,AUDCAD,Sell,0.01,0.91924,-0.38,0.0,0.0,1826634404,1493725762
2025-12-10,02:05:10,USDJPY,Buy,0.01,156.917,-2.17,0.0,0.0,1826634409,1493725767
2025-12-10,02:05:10,EURJPY,Buy,0.01,182.39,-1.24,0.0,0.0,1826634416,1493725774
2025-12-10,02:05:11,USDCAD,Buy,0.01,1.38564,-2.15,0.0,0.0,1826634421,1493725779
2025-12-10,02:05:11,EURCAD,Buy,0.01,1.61049,-1.25,0.0,0.0,1826634428,1493725785
2025-12-10,02:05:11,AUDJPY,Buy,0.01,104.146,-0.1,0.0,0.0,1826634431,1493725788
2025-12-10,02:05:12,GBPNZD,Sell,0.01,2.30212,2.14,0.0,0.0,1826634437,1493725794
2025-12-10,02:05:12,NZDJPY,Buy,0.01,90.655,0.34,0.0,0.0,1826634442,1493725799
2025-12-10,02:05:13,AUDCAD,Sell,0.01,0.91926,-0.62,0.0,0.0,1826634448,1493725805
2025-12-10,02:05:13,EURCHF,Sell,0.01,0.93718,-1.3900000000000001,0.0,0.0,1826634453,1493725810
2025-12-10,02:05:14,GBPCHF,Sell,0.01,1.07245,-1.45,0.0,0.0,1826634455,1493725812
2025-12-10,02:05:14,USDJPY,Buy,0.01,156.918,-2.19,0.0,0.0,1826634457,1493725814
2025-12-10,02:05:14,EURJPY,Buy,0.01,182.392,-1.29,0.0,0.0,1826634458,1493725815
2025-12-10,02:05:15,USDCAD,Buy,0.01,1.38565,-1.98,0.0,0.0,1826634460,1493725817
2025-12-10,02:05:15,EURCAD,Buy,0.01,1.61048,-1.18,0.0,0.0,1826634461,1493725819
2025-12-10,02:05:15,AUDJPY,Buy,0.01,104.147,0.12,0.0,0.0,1826634462,1493725820
2025-12-10,02:05:16,GBPNZD,Sell,0.01,2.30207,2.41,0.0,0.0,1826634463,1493725821
2025-12-10,02:05:16,NZDJPY,Buy,0.01,90.659,0.41,0.0,0.0,1826634465,1493725823
2025-12-10,02:05:17,AUDCAD,Sell,0.01,0.91925,-0.78,0.0,0.0,1826634467,1493725825
2025-12-10,02:05:17,EURCHF,Sell,0.01,0.93716,-1.5899999999999999,0.0,0.0,1826634468,1493725826
2025-12-10,02:05:17,USDJPY,Buy,0.01,156.917,-1.96,0.0,0.0,1826634471,1493725830
2025-12-10,02:05:18,EURJPY,Buy,0.01,182.392,-1.33,0.0,0.0,1826634475,1493725834
2025-12-10,02:05:18,USDCAD,Buy,0.01,1.38565,-2.04,0.0,0.0,1826634478,1493725839
2025-12-10,02:05:19,AUDJPY,Buy,0.01,104.148,0.18,0.0,0.0,1826634483,1493725841
2025-12-10,02:05:19,GBPNZD,Sell,0.01,2.30209,2.59,0.0,0.0,1826634486,1493725844
2025-12-10,02:05:19,USDJPY,Buy,0.01,156.917,-1.85,0.0,0.0,1826634489,1493725847
2025-12-10,02:05:20,EURCAD,Buy,0.01,1.6105,-1.29,0.0,0.0,1826634493,1493725851
2025-12-10,02:05:20,USDJPY,Buy,0.01,156.917,-0.12,0.0,0.0,1826634494,1493725852
2025-12-10,02:05:21,GBPCHF,Sell,0.01,1.07246,-0.71,0.0,0.0,1826634495,1493725853
2025-12-10,02:05:21,USDJPY,Buy,0.01,156.917,-0.12,0.0,0.0,1826634498,1493725856
2025-12-10,02:05:21,EURJPY,Buy,0.01,182.39,0.25,0.0,0.0,1826634505,1493725863
2025-12-10,02:05:22,GBPUSD,Sell,0.01,1.33006,0.47,0.0,0.0,1826634509,1493725867
2025-12-10,02:05:22,EURCAD,Buy,0.01,1.61049,-0.99,0.0,0.0,1826634515,1493725873
2025-12-10,02:05:22,AUDJPY,Buy,0.01,104.149,0.47,0.0,0.0,1826634520,1493725878
2025-12-10,02:05:23,GBPNZD,Sell,0.01,2.30207,1.76,0.0,0.0,1826634525,1493725883
2025-12-10,02:05:23,BTCUSD,Sell,1.0,93923.25,0.0,0.0,0.0,1826634526,1493725884
2025-12-10,02:05:23,NZDJPY,Buy,0.01,90.661,0.48,0.0,0.0,1826634527,1493725885
2025-12-10,02:05:24,AUDCAD,Sell,0.01,0.91927,-0.28,0.0,0.0,1826634531,1493725889
2025-12-10,02:05:24,BTCUSD,Sell,1.0,93923.25,0.0,0.0,0.0,1826634532,1493725890
2025-12-10,02:05:24,GBPCHF,Sell,0.01,1.07246,-0.77,0.0,0.0,1826634534,1493725892
2025-12-10,02:05:24,SILVER,Buy,0.01,60.356,-7.3,0.0,0.0,1826634537,1493725895
2025-12-10,02:05:24,BTCUSD,Sell,1.0,93923.25,0.0,0.0,0.0,1826634538,1493725896
2025-12-10,02:05:25,USDJPY,Buy,0.01,156.919,-0.2,0.0,0.0,1826634540,1493725898
2025-12-10,02:05:25,EURJPY,Buy,0.01,182.393,0.22,0.0,0.0,1826634542,1493725902
2025-12-10,02:05:25,BTCUSD,Sell,1.0,93915.95,0.0,0.0,0.0,1826634543,1493725903
2025-12-10,02:05:26,GBPUSD,Sell,0.01,1.33006,0.35,0.0,0.0,1826634548,1493725908
2025-12-10,02:05:26,BTCUSD,Sell,1.0,93913.35,0.0,0.0,0.0,1826634550,1493725911
2025-12-10,02:05:26,SILVER,Buy,0.01,60.349,0.8,0.0,0.0,1826634552,1493725913
2025-12-10,02:05:26,SILVER,Buy,0.01,60.349,2.45,0.0,0.0,1826634554,1493725914
2025-12-10,02:05:27,SILVER,Buy,0.01,60.359,3.9,0.0,0.0,1826634558,1493725918
2025-12-10,02:05:27,USDJPY,Buy,0.01,156.918,-0.4,0.0,0.0,1826634562,1493725922
2025-12-10,02:05:28,EURJPY,Buy,0.01,182.391,0.55,0.0,0.0,1826634568,1493725928
2025-12-10,02:05:28,USDCAD,Buy,0.01,1.38565,-1.54,0.0,0.0,1826634572,1493725932
2025-12-10,02:05:28,EURCAD,Buy,0.01,1.6105,-0.74,0.0,0.0,1826634575,1493725935
2025-12-10,02:05:29,AUDJPY,Buy,0.01,104.15,0.69,0.0,0.0,1826634579,1493725939
2025-12-10,02:05:29,GBPNZD,Sell,0.01,2.30205,1.88,0.0,0.0,1826634585,1493725945
2025-12-10,02:05:30,NZDJPY,Buy,0.01,90.661,0.92,0.0,0.0,1826634588,1493725949
2025-12-10,02:05:30,EURCHF,Sell,0.01,0.93718,-1.51,0.0,0.0,1826634593,1493725954
2025-12-10,02:05:31,GBPCHF,Sell,0.01,1.07247,-1.07,0.0,0.0,1826634596,1493725957
2025-12-10,02:05:31,SILVER,Buy,0.01,60.363,-5.1,0.0,0.0,1826634597,1493725958
2025-12-10,02:05:31,USDJPY,Buy,0.01,156.917,-0.22,0.0,0.0,1826634598,1493725959
2025-12-10,02:05:32,EURJPY,Buy,0.01,182.391,0.73,0.0,0.0,1826634599,1493725960
2025-12-10,02:05:32,USDCAD,Buy,0.01,1.38564,-1.54,0.0,0.0,1826634600,1493725961
2025-12-10,02:05:33,EURCAD,Buy,0.01,1.61052,-0.82,0.0,0.0,1826634602,1493725963
2025-12-10,02:05:33,AUDJPY,Buy,0.01,104.15,0.85,0.0,0.0,1826634605,1493725966
2025-12-10,02:05:33,GBPNZD,Sell,0.01,2.30207,1.98,0.0,0.0,1826634608,1493725969
2025-12-10,02:05:34,SILVER,Buy,0.01,60.364,5.85,0.0,0.0,1826634609,1493725970
2025-12-10,02:05:34,USDJPY,Buy,0.01,156.917,-0.46,0.0,0.0,1826634615,1493725976
2025-12-10,02:05:34,SILVER,Buy,0.01,60.368,3.3,0.0,0.0,1826634616,1493725978
2025-12-10,02:05:35,SILVER,Buy,0.01,60.368,-1.0,0.0,0.0,1826634618,1493725979
2025-12-10,02:05:35,SILVER,Buy,0.01,60.369,-6.45,0.0,0.0,1826634621,1493725981
2025-12-10,02:05:36,USDJPY,Buy,0.01,156.917,-0.1,0.0,0.0,1826634623,1493725983
2025-12-10,02:05:36,EURJPY,Buy,0.01,182.393,1.4,0.0,0.0,1826634625,1493725985
2025-12-10,02:05:36,USDCAD,Buy,0.01,1.38564,-1.88,0.0,0.0,1826634627,1493725987
2025-12-10,02:05:37,EURCAD,Buy,0.01,1.61049,-0.58,0.0,0.0,1826634628,1493725988
2025-12-10,02:05:37,AUDJPY,Buy,0.01,104.153,1.37,0.0,0.0,1826634629,1493725989
2025-12-10,02:05:38,NZDJPY,Buy,0.01,90.662,1.31,0.0,0.0,1826634630,1493725990
2025-12-10,02:05:38,EURCHF,Sell,0.01,0.93716,-1.45,0.0,0.0,1826634631,1493725991
2025-12-10,02:05:38,GBPCHF,Sell,0.01,1.07244,-1.23,0.0,0.0,1826634632,1493725992
2025-12-10,02:05:39,SILVER,Buy,0.01,60.368,-3.1,0.0,0.0,1826634634,1493725993
2025-12-10,02:05:39,USDJPY,Buy,0.01,156.92,-0.17,0.0,0.0,1826634636,1493725995
2025-12-10,02:05:39,EURJPY,Buy,0.01,182.389,1.4,0.0,0.0,1826634638,1493725997
2025-12-10,02:05:40,USDCAD,Buy,0.01,1.38564,-1.8900000000000001,0.0,0.0,1826634639,1493725998
2025-12-10,02:05:40,EURCAD,Buy,0.01,1.61044,-0.51,0.0,0.0,1826634641,1493726000
2025-12-10,02:05:41,SILVER,Buy,1.0,60.369,-415.0,0.0,0.0,1826634644,1493726004
2025-12-10,02:11:43,SILVER,Sell,1.0,60.391,0.0,0.0,0.0,1826637240,1493728671
2025-12-10,02:11:44,SILVER,Sell,1.0,60.39,0.0,0.0,0.0,1826637246,1493728676
2025-12-10,02:11:46,SILVER,Sell,1.0,60.391,0.0,0.0,0.0,1826637255,1493728684
2025-12-10,02:30:35,ETHUSD,Sell,3.0,3370.98,0.0,0.0,0.0,1826648333,1493739687
2025-12-10,02:30:44,BTCUSD,Buy,1.0,93933.15,46.6,0.0,0.0,1826648366,1493739719
2025-12-10,02:31:06,ETHUSD,Sell,3.0,3369.8,0.0,0.0,0.0,1826648480,1493739830
2025-12-10,02:31:35,SILVER,Sell,1.0,60.551,0.0,0.0,0.0,1826648826,1493740179
2025-12-10,02:31:37,SILVER,Sell,1.0,60.555,0.0,0.0,0.0,1826648848,1493740201
2025-12-10,02:33:07,BTCUSD,Sell,1.0,93706.45,0.0,0.0,0.0,1826649610,1493740968
2025-12-10,02:33:24,BTCUSD,Sell,1.0,93698.25,0.0,0.0,0.0,1826649684,1493741045
2025-12-10,02:33:25,BTCUSD,Sell,1.0,93698.25,0.0,0.0,0.0,1826649685,1493741046
2025-12-10,02:42:40,SILVER,Buy,1.0,60.702,-1560.0,0.0,0.0,1826656412,1493747829
2025-12-10,02:42:44,SILVER,Buy,1.0,60.719,-1640.0,0.0,0.0,1826656524,1493747945
2025-12-10,02:52:40,ETHUSD,Buy,3.0,3373.77,-8.37,0.0,0.0,1826661628,1493753094
2025-12-10,02:58:03,SILVER,Buy,1.0,60.73,-1695.0,0.0,0.0,1826663134,1493754591
2025-12-10,02:58:20,SILVER,Buy,1.0,60.729,-890.0,0.0,0.0,1826663159,1493754616
2025-12-10,02:58:20,SILVER,Buy,1.0,60.729,-870.0,0.0,0.0,1826663160,1493754617
2025-12-10,02:58:21,BTCUSD,Buy,1.0,94037.85,-339.6,0.0,0.0,1826663163,1493754620
2025-12-10,02:58:30,BTCUSD,Buy,1.0,94042.95,-344.7,0.0,0.0,1826663180,1493754637
2025-12-10,02:58:31,BTCUSD,Buy,1.0,94050.45,-344.0,0.0,0.0,1826663184,1493754641
2025-12-10,02:58:31,BTCUSD,Buy,1.0,94051.75,-138.4,0.0,0.0,1826663185,1493754642
2025-12-10,03:00:44,BTCUSD,Buy,1.0,94061.85,-145.9,0.0,0.0,1826663856,1493755298
2025-12-10,03:00:45,BTCUSD,Buy,1.0,94067.05,-143.8,0.0,0.0,1826663861,1493755303
2025-12-10,03:00:55,BTCUSD,Buy,1.0,94077.55,-154.3,0.0,0.0,1826663915,1493755358
2025-12-10,03:00:58,BTCUSD,Buy,1.0,94096.55,-173.3,0.0,0.0,1826663934,1493755377
2025-12-10,03:01:50,BTCUSD,Buy,1.0,94124.95,-163.9,0.0,0.0,1826664139,1493755584
2025-12-10,03:26:21,EURUSD,Sell,0.01,1.16286,0.0,0.0,0.0,1826675729,1493767228
2025-12-10,03:27:08,USDJPY,Buy,0.01,156.848,0.0,0.0,0.0,1826675967,1493767471
2025-12-10,03:34:14,BTCUSD,Sell,0.1,93606.25,0.0,0.0,0.0,1826678518,1493769993
2025-12-10,05:21:00,BTCUSD,Buy,0.1,92411.95,119.43,0.0,0.0,1826714310,1493799125
2025-12-10,05:23:05,SILVER,Sell,0.1,60.643,0.0,0.0,0.0,1826714878,1493799698
2025-12-10,05:23:10,SILVER,Sell,0.1,60.643,0.0,0.0,0.0,1826714920,1493799740
2025-12-10,05:23:12,SILVER,Sell,0.1,60.643,0.0,0.0,0.0,1826714941,1493799761
2025-12-10,05:23:16,SILVER,Sell,0.1,60.643,0.0,0.0,0.0,1826714967,1493799787
2025-12-10,06:46:53,SILVER,Buy,0.1,60.771,-64.0,0.0,-2.36,1826723687,1493818814
2025-12-10,06:47:07,SILVER,Buy,0.1,60.784,-70.5,0.0,-2.36,1826723736,1493818852
2025-12-10,06:47:21,SILVER,Buy,0.1,60.794,-75.5,0.0,-2.36,1826723844,1493818946
2025-12-10,06:47:25,SILVER,Buy,0.1,60.81,-83.5,0.0,-2.36,1826723856,1493818957
2025-12-10,06:51:10,USDJPY,Sell,0.01,156.842,-0.04,0.0,0.02,1826724986,1493819747
2025-12-10,06:52:22,EURUSD,Buy,0.01,1.1627399999999999,0.12,0.0,0.03,1826725336,1493819975
2025-12-10,06:52:22,ETHUSD,Buy,3.0,3328.6,123.6,0.0,-3.81,1826725337,1493819976
2025-12-11,17:46:39,,Other,0.0,0.0,9996.18,0.0,0.0,0,1495280509
2025-12-11,20:41:37,EURDKK,Buy,0.01,7.47126,0.0,0.0,0.0,1828338844,1495432863
2025-12-11,20:46:28,EURDKK,Buy,0.01,7.47128,0.0,0.0,0.0,1828347803,1495441909
2025-12-11,20:46:56,EURDKK,Buy,0.01,7.47128,0.0,0.0,0.0,1828350398,1495444559
2025-12-11,20:47:58,EURDKK,Buy,0.01,7.47128,0.0,0.0,0.0,1828353194,1495447357
2025-12-11,20:57:34,GER40Cash,Sell,0.1,24194.72,0.0,0.0,0.0,1828366205,1495460407
2025-12-11,20:58:09,GER40Cash,Sell,0.1,24193.35,0.0,0.0,0.0,1828366607,1495460800
2025-12-11,21:00:39,GER40Cash,Buy,0.1,24184.5,1.2,0.0,0.0,1828371230,1495465465
2025-12-11,21:00:39,EU50Cash,Sell,0.1,5739.85,0.0,0.0,0.0,1828371231,1495465466
2025-12-11,21:00:47,GER40Cash,Buy,0.1,24183.06,1.21,0.0,0.0,1828371790,1495466031
2025-12-11,21:01:01,GER40Cash,Sell,1.0,24180.65,0.0,0.0,0.0,1828372296,1495466527
2025-12-11,21:03:33,GER40Cash,Sell,10.0,24189.13,0.0,0.0,0.0,1828377821,1495472092
2025-12-11,21:12:27,GOLD,Buy,1.0,4218.61,0.0,0.0,0.0,1828391441,1495485763
2025-12-11,21:12:48,GER40Cash,Buy,10.0,24193.16,-47.27,0.0,0.0,1828392024,1495486361
2025-12-11,21:13:57,GOLD,Sell,1.0,4220.26,165.0,0.0,0.0,1828395039,1495489384
2025-12-11,21:15:23,GOLD,Sell,1.0,4218.06,0.0,0.0,0.0,1828396863,1495491165
2025-12-11,21:17:54,GOLD,Buy,1.0,4220.54,-248.0,0.0,0.0,1828399533,1495493829
2025-12-11,21:17:55,EU50Cash,Buy,0.1,5746.45,-0.77,0.0,0.0,1828399542,1495493838
2025-12-11,21:17:59,GER40Cash,Buy,1.0,24205.68,-29.37,0.0,0.0,1828399618,1495493913
2025-12-11,21:18:45,GOLD,Buy,1.0,4220.98,0.0,0.0,0.0,1828400623,1495494930
2025-12-11,21:19:39,GOLD,Buy,1.0,4221.64,0.0,0.0,0.0,1828401895,1495496185
2025-12-11,21:19:39,GOLD,Buy,1.0,4221.65,0.0,0.0,0.0,1828401912,1495496200
2025-12-11,21:19:40,GOLD,Buy,1.0,4221.87,0.0,0.0,0.0,1828401937,1495496225
2025-12-11,21:23:12,DOGEUSD,Buy,0.06,0.13886,0.0,0.0,0.0,1828407678,1495501947
2025-12-11,21:24:43,SILVER,Buy,0.1,62.551,0.0,0.0,0.0,1828409204,1495503482
2025-12-11,21:24:54,SILVER,Buy,5.1,62.585,0.0,0.0,0.0,1828409329,1495503608
2025-12-11,21:25:06,GOLD,Sell,1.0,4221.76,78.0,0.0,0.0,1828409485,1495503760
2025-12-11,21:38:09,GOLD,Sell,1.0,4224.25,261.0,0.0,0.0,1828427194,1495521495
2025-12-11,21:53:25,MANAUSD,Buy,0.01,0.1496,0.0,0.0,0.0,1828455568,1495549916
2025-12-11,21:55:53,SILVER,Sell,5.1,62.589,102.0,0.0,0.0,1828459262,1495553626
2025-12-11,21:56:00,GOLD,Sell,1.0,4228.07,620.0,0.0,0.0,1828459371,1495553733
2025-12-11,21:56:18,SILVER,Sell,0.1,62.573,11.0,0.0,0.0,1828459715,1495554076
2025-12-11,21:56:25,SILVER,Buy,5.1,62.641,0.0,0.0,0.0,1828459923,1495554283
2025-12-11,21:57:29,GOLD,Sell,1.0,4228.08,643.0,0.0,0.0,1828460988,1495555351
2025-12-11,22:08:31,US500Cash,Buy,0.1,6868.3,0.0,0.0,0.0,1828483930,1495578498
2025-12-11,22:10:03,US500Cash,Sell,0.1,6862.7,-0.56,0.0,0.0,1828487716,1495582304
2025-12-11,22:18:13,SILVER,Sell,5.1,62.484,-4003.5,0.0,0.0,1828505090,1495599443
2025-12-11,22:21:22,USDJPY,Buy,0.01,155.106,0.0,0.0,0.0,1828513105,1495607516
2025-12-11,22:33:36,LTCUSD,Sell,0.07,79.76,0.0,0.0,0.0,1828539327,1495633700
2025-12-11,22:38:40,NETH25Cash,Buy,0.1,946.52,0.0,0.0,0.0,1828548175,1495642589
2025-12-11,22:48:45,SHIBUSD,Buy,0.05,0.00836,0.0,0.0,0.0,1828563656,1495658343
2025-12-11,22:53:49,US500Cash,Buy,0.1,6874.3,0.0,0.0,0.0,1828573273,1495667965
2025-12-11,22:58:53,ETHUSD,Buy,0.02,3198.61,0.0,0.0,0.0,1828582780,1495677465
2025-12-11,22:58:53,ETHUSD,Sell,0.02,3193.48,-0.1,0.0,0.0,1828582790,1495677475
2025-12-11,23:05:02,US500Cash,Sell,0.1,6868.89,-0.54,0.0,0.0,1828594166,1495688898
2025-12-11,23:13:57,COMPUSD,Sell,0.08,29.76,0.0,0.0,0.0,1828613107,1495708081
2025-12-11,23:26:27,ETHUSD,Buy,0.02,3185.06,0.0,0.0,0.0,1828638324,1495733361
2025-12-11,23:26:29,ETHUSD,Sell,0.02,3179.95,-0.1,0.0,0.0,1828638356,1495733393
2025-12-11,23:29:01,AAVEUSD,Buy,0.05,192.95,0.0,0.0,0.0,1828645290,1495740333
2025-12-11,23:34:05,AalbertsIndustries,Buy,0.4,28.87,0.0,0.0,0.0,1828653659,1495748604
2025-12-11,23:39:09,ETCUSD,Sell,0.02,12.91,0.0,0.0,0.0,1828661822,1495756751
2025-12-11,23:44:15,AAVEUSD,Sell,0.05,187.95,-2.5,0.0,0.0,1828668185,1495763095
2025-12-11,23:54:15,ETHBTC,Buy,0.01,0.03544,0.0,0.0,0.0,1828682550,1495777496
2025-12-11,23:59:19,EU50Cash,Sell,0.1,5749.95,0.0,0.0,0.0,1828687697,1495782627
2025-12-12,00:03:30,EU50Cash,Buy,0.1,5755.65,-0.67,0.0,0.0,1828692698,1495787574
2025-12-12,00:04:23,SWI20Cash,Sell,0.1,12901.6,0.0,0.0,0.0,1828693963,1495788840
2025-12-12,00:04:23,SWI20Cash,Buy,0.1,12906.6,-0.63,0.0,0.0,1828693964,1495788841
2025-12-12,00:09:26,TaiwanCash,Buy,0.05,2365.17,0.0,0.0,0.0,1828700585,1495795434
2025-12-12,00:14:30,EU50Cash,Buy,0.1,5762.65,0.0,0.0,0.0,1828707717,1495802661
2025-12-12,00:16:31,GBPUSD,Buy,0.01,1.34254,0.0,0.0,0.0,1828711590,1495806547
2025-12-12,00:22:18,EU50Cash,Sell,0.1,5757.05,-0.66,0.0,0.0,1828730154,1495825344
2025-12-12,00:24:36,ATOMUSD,Buy,0.05,2.199,0.0,0.0,0.0,1828734070,1495829242
2025-12-12,00:49:45,US100Cash,Buy,0.1,25561.85,0.0,0.0,0.0,1828762153,1495857267
2025-12-12,00:50:45,US100Cash,Sell,0.1,25571.82,1.0,0.0,0.0,1828763635,1495858741
2025-12-12,01:14:06,GOLD,Sell,1.0,4276.07,0.0,0.0,0.0,1828785806,1495880900
2025-12-12,01:14:11,GOLD,Sell,1.0,4276.57,0.0,0.0,0.0,1828785853,1495880947
2025-12-12,01:14:11,GOLD,Sell,1.0,4276.59,0.0,0.0,0.0,1828785857,1495880951
2025-12-12,01:14:52,ICPUSD,Sell,0.01,3.328,0.0,0.0,0.0,1828786775,1495881870
2025-12-12,01:19:56,STORJUSD,Sell,0.08,0.1344,0.0,0.0,0.0,1828792090,1495887171
2025-12-12,01:21:23,EURUSD,Sell,0.05,1.17539,0.0,0.0,0.0,1828793196,1495888276
2025-12-12,01:45:03,BCHUSD,Buy,0.02,561.76,0.0,0.0,0.0,1828816856,1495911914
2025-12-12,01:50:07,ENJUSD,Buy,0.15,0.03237,0.0,0.0,0.0,1828820065,1495915178
2025-12-12,01:55:10,XTZUSD,Buy,0.04,0.508,0.0,0.0,0.0,1828824530,1495919579
2025-12-12,02:00:14,GRTUSD,Sell,0.28,0.0426,0.0,0.0,0.0,1828826806,1495921815
2025-12-12,02:05:17,EGLDUSD,Buy,0.01,7.74,0.0,0.0,0.0,1828832155,1495927155
2025-12-12,02:22:43,GOLD,Sell,1.0,4278.36,0.0,0.0,0.0,1828844298,1495939238
2025-12-12,02:24:11,ETHUSD,Sell,0.02,3196.99,0.0,0.0,0.0,1828845097,1495940033
2025-12-12,02:25:27,FRA40Cash,Sell,0.1,8097.03,0.0,0.0,0.0,1828845971,1495940917
2025-12-12,02:30:31,XPTUSD,Sell,0.1,1704.01,0.0,0.0,0.0,1828854888,1495949787
2025-12-12,02:30:31,XPTUSD,Buy,0.1,1709.01,-5.0,0.0,0.0,1828854900,1495949799
2025-12-12,02:30:48,ETHUSD,Buy,0.02,3210.92,-0.28,0.0,0.0,1828855192,1495950091
2025-12-12,02:30:50,FRA40Cash,Buy,0.1,8102.18,-0.61,0.0,0.0,1828855215,1495950114
2025-12-12,02:35:34,XAUEUR,Sell,0.01,3633.68,0.0,0.0,0.0,1828864447,1495959336
2025-12-12,02:40:38,WheatonPreciousMetals,Sell,0.07,117.39,0.0,0.0,0.0,1828870367,1495965443
2025-12-12,03:05:36,XAUEUR,Buy,0.01,3638.89,-6.12,0.0,0.0,1828886610,1495981474
2025-12-12,03:13:13,GOLD,Sell,4.0,4275.57,0.0,0.0,0.0,1828891323,1495986193
2025-12-12,03:25:43,TrumpWinners,Buy,0.05,1384.13,0.0,0.0,0.0,1828897652,1495992466
2025-12-12,03:39:15,BTCUSD,Buy,0.01,91296.75,0.0,0.0,0.0,1828906705,1496001428
2025-12-12,03:40:47,AUS200Cash,Sell,0.1,8678.06,0.0,0.0,0.0,1828907721,1496002433
2025-12-12,03:42:25,GOLD,Buy,1.0,4268.69,967.0,0.0,0.0,1828908355,1496003076
2025-12-12,03:42:27,GOLD,Buy,1.0,4268.46,813.0,0.0,0.0,1828908357,1496003078
2025-12-12,03:42:56,GOLD,Buy,1.0,4268.67,790.0,0.0,0.0,1828908607,1496003335
2025-12-12,03:43:19,GOLD,Buy,1.0,4268.24,783.0,0.0,0.0,1828908733,1496003457
2025-12-12,03:50:46,BTCUSD,Sell,0.01,91138.75,-1.58,0.0,0.0,1828912938,1496007578
2025-12-12,03:55:28,TrumpWinners,Sell,0.05,1379.1,-0.25,0.0,0.0,1828915403,1496010015
2025-12-12,03:57:10,EURDKK,Sell,0.01,7.46656,-0.74,0.0,0.0,1828916307,1496010902
2025-12-12,03:57:10,EURDKK,Sell,0.01,7.46656,-0.74,0.0,0.0,1828916308,1496010903
2025-12-12,03:57:10,EURDKK,Sell,0.01,7.46656,-0.74,0.0,0.0,1828916309,1496010904
2025-12-12,03:57:11,EURDKK,Sell,0.01,7.46656,-0.74,0.0,0.0,1828916310,1496010905
2025-12-12,03:57:11,DOGEUSD,Sell,0.06,0.13801,-0.51,0.0,0.0,1828916311,1496010906
2025-12-12,03:57:11,MANAUSD,Sell,0.01,0.1456,-0.4,0.0,0.0,1828916312,1496010907
2025-12-12,03:57:11,LTCUSD,Buy,0.07,82.86,-2.17,0.0,0.0,1828916313,1496010908
2025-12-12,03:57:12,SHIBUSD,Sell,0.05,0.0083,-0.3,0.0,0.0,1828916314,1496010909
2025-12-12,03:57:12,COMPUSD,Buy,0.08,30.45,-0.55,0.0,0.0,1828916316,1496010911
2025-12-12,03:57:12,ETCUSD,Buy,0.02,13.23,-0.64,0.0,0.0,1828916317,1496010912
2025-12-12,03:57:13,ETHBTC,Sell,0.01,0.03506,-0.38,0.0,0.0,1828916318,1496010913
2025-12-12,03:57:13,GBPUSD,Sell,0.01,1.339,-3.54,0.0,0.0,1828916319,1496010914
2025-12-12,03:57:13,ATOMUSD,Sell,0.05,2.157,-0.21,0.0,0.0,1828916320,1496010915
2025-12-12,03:57:13,ICPUSD,Buy,0.01,3.41,-0.82,0.0,0.0,1828916321,1496010916
2025-12-12,03:57:13,STORJUSD,Buy,0.08,0.1403,-0.47,0.0,0.0,1828916323,1496010918
2025-12-12,03:57:14,ENJUSD,Sell,0.15,0.03146,-0.14,0.0,0.0,1828916324,1496010919
2025-12-12,03:57:14,XTZUSD,Sell,0.04,0.5,-0.32,0.0,0.0,1828916325,1496010920
2025-12-12,03:57:14,GRTUSD,Buy,0.28,0.04418,-0.44,0.0,0.0,1828916326,1496010921
2025-12-12,03:57:14,EGLDUSD,Sell,0.01,7.42,-0.32,0.0,0.0,1828916327,1496010922
2025-12-12,04:00:17,WheatonPreciousMetals,Buy,0.07,118.11,-0.5,0.0,0.0,1828917363,1496011919
2025-12-12,04:00:59,DOTUSD,Sell,0.06,2.017,0.0,0.0,0.0,1828917858,1496012409
2025-12-12,04:01:18,DOTUSD,Buy,0.06,2.042,-0.15,0.0,0.0,1828918036,1496012591
2025-12-12,04:03:08,GOLD,Buy,4.0,4272.01,1424.0,0.0,0.0,1828918748,1496013294
2025-12-12,04:04:20,ETHUSD,Buy,0.02,3219.25,0.0,0.0,0.0,1828919331,1496013870
2025-12-12,04:04:25,AUS200Cash,Buy,0.1,8678.18,-0.01,0.0,0.0,1828919344,1496013883
2025-12-12,04:04:28,GOLD,Sell,4.0,4272.58,0.0,0.0,0.0,1828919353,1496013892
2025-12-12,04:04:42,ETHUSD,Sell,0.02,3212.98,-0.13,0.0,0.0,1828919720,1496014260
2025-12-12,04:05:57,USDJPY,Buy,0.01,155.531,0.0,0.0,0.0,1828920114,1496014649
2025-12-12,04:05:58,NETH25Cash,Buy,0.1,951.71,0.0,0.0,0.0,1828920128,1496014663
2025-12-12,04:05:58,TaiwanCash,Buy,0.05,2371.42,0.0,0.0,0.0,1828920150,1496014688
2025-12-12,04:05:58,EURUSD,Sell,0.02,1.17441,0.0,0.0,0.0,1828920153,1496014691
2025-12-12,04:05:58,BCHUSD,Buy,0.02,569.16,0.0,0.0,0.0,1828920158,1496014694
2025-12-12,04:06:02,GOLD,Buy,4.0,4274.18,-640.0,0.0,0.0,1828920221,1496014757
2025-12-12,04:06:04,CFIndustries,Buy,0.1,79.71,0.0,0.0,0.0,1828920262,1496014798
2025-12-12,04:06:29,USDJPY,Buy,0.01,155.528,0.0,0.0,0.0,1828920427,1496014962
2025-12-12,04:06:29,NETH25Cash,Buy,0.1,951.71,0.0,0.0,0.0,1828920429,1496014965
2025-12-12,04:06:29,TaiwanCash,Buy,0.05,2371.42,0.0,0.0,0.0,1828920432,1496014967
2025-12-12,04:06:30,EURUSD,Sell,0.02,1.17444,0.0,0.0,0.0,1828920435,1496014970
2025-12-12,04:06:30,BCHUSD,Buy,0.02,568.86,0.0,0.0,0.0,1828920437,1496014972
2025-12-12,04:06:31,BCHUSD,Sell,0.02,564.84,-0.86,0.0,0.0,1828920439,1496014974
2025-12-12,04:06:31,CFIndustries,Sell,0.1,78.6,-1.11,0.0,0.0,1828920441,1496014976
2025-12-12,04:07:01,USDJPY,Buy,0.01,155.525,0.0,0.0,0.0,1828920815,1496015348
2025-12-12,04:07:02,NETH25Cash,Buy,0.1,951.58,0.0,0.0,0.0,1828920817,1496015349
2025-12-12,04:07:02,TaiwanCash,Buy,0.05,2371.17,0.0,0.0,0.0,1828920822,1496015355
2025-12-12,04:07:02,EURUSD,Sell,0.02,1.17444,0.0,0.0,0.0,1828920824,1496015357
2025-12-12,04:07:03,BCHUSD,Buy,0.02,568.76,0.0,0.0,0.0,1828920826,1496015359
2025-12-12,04:07:03,TaiwanCash,Sell,0.05,2369.42,-0.1,0.0,0.0,1828920829,1496015362
2025-12-12,04:07:03,BCHUSD,Sell,0.02,564.54,-0.86,0.0,0.0,1828920831,1496015364
2025-12-12,04:07:34,USDJPY,Buy,0.01,155.544,0.0,0.0,0.0,1828920920,1496015460
2025-12-12,04:07:34,NETH25Cash,Buy,0.1,951.76,0.0,0.0,0.0,1828920927,1496015467
2025-12-12,04:07:34,TaiwanCash,Buy,0.05,2371.47,0.0,0.0,0.0,1828920930,1496015470
2025-12-12,04:07:35,EURUSD,Sell,0.02,1.17432,0.0,0.0,0.0,1828920934,1496015474
2025-12-12,04:07:35,BCHUSD,Buy,0.02,567.86,0.0,0.0,0.0,1828920937,1496015477
2025-12-12,04:07:35,BCHUSD,Sell,0.02,563.84,-0.98,0.0,0.0,1828920942,1496015482
2025-12-12,04:08:06,USDJPY,Buy,0.01,155.556,0.0,0.0,0.0,1828921061,1496015598
2025-12-12,04:08:06,NETH25Cash,Buy,0.1,951.66,0.0,0.0,0.0,1828921062,1496015599
2025-12-12,04:08:06,TaiwanCash,Buy,0.05,2371.17,0.0,0.0,0.0,1828921064,1496015601
2025-12-12,04:08:07,EURUSD,Sell,0.02,1.1743000000000001,0.0,0.0,0.0,1828921065,1496015602
2025-12-12,04:08:07,BCHUSD,Buy,0.02,568.36,0.0,0.0,0.0,1828921067,1496015604
2025-12-12,04:08:08,BCHUSD,Sell,0.02,564.24,-0.72,0.0,0.0,1828921071,1496015608
2025-12-12,04:08:38,USDJPY,Buy,0.01,155.561,0.0,0.0,0.0,1828921100,1496015638
2025-12-12,04:08:38,NETH25Cash,Buy,0.1,951.76,0.0,0.0,0.0,1828921101,1496015639
2025-12-12,04:08:39,TaiwanCash,Buy,0.05,2371.22,0.0,0.0,0.0,1828921102,1496015640
2025-12-12,04:08:39,EURUSD,Sell,0.02,1.17426,0.0,0.0,0.0,1828921103,1496015641
2025-12-12,04:08:39,BCHUSD,Buy,0.02,568.46,0.0,0.0,0.0,1828921106,1496015644
2025-12-12,04:08:40,BCHUSD,Sell,0.02,564.34,-0.8,0.0,0.0,1828921111,1496015648
2025-12-12,04:09:11,USDJPY,Buy,0.01,155.565,0.0,0.0,0.0,1828921599,1496016128
2025-12-12,04:09:11,NETH25Cash,Buy,0.1,951.81,0.0,0.0,0.0,1828921602,1496016131
2025-12-12,04:09:11,TaiwanCash,Buy,0.05,2371.17,0.0,0.0,0.0,1828921604,1496016133
2025-12-12,04:09:12,EURUSD,Sell,0.02,1.17427,0.0,0.0,0.0,1828921606,1496016135
2025-12-12,04:09:12,BCHUSD,Buy,0.02,568.46,0.0,0.0,0.0,1828921609,1496016138
2025-12-12,04:09:13,BCHUSD,Sell,0.02,564.44,-0.8,0.0,0.0,1828921616,1496016145
2025-12-12,04:09:43,USDJPY,Buy,0.01,155.569,0.0,0.0,0.0,1828921795,1496016327
2025-12-12,04:09:43,NETH25Cash,Buy,0.1,951.83,0.0,0.0,0.0,1828921796,1496016328
2025-12-12,04:09:44,TaiwanCash,Buy,0.05,2371.17,0.0,0.0,0.0,1828921797,1496016329
2025-12-12,04:09:44,EURUSD,Sell,0.02,1.17421,0.0,0.0,0.0,1828921800,1496016332
2025-12-12,04:09:44,BCHUSD,Buy,0.02,568.36,0.0,0.0,0.0,1828921801,1496016333
2025-12-12,04:09:45,BCHUSD,Sell,0.02,564.24,-0.84,0.0,0.0,1828921802,1496016334
2025-12-12,04:10:15,USDJPY,Buy,0.01,155.563,0.0,0.0,0.0,1828921912,1496016442
2025-12-12,04:10:15,NETH25Cash,Buy,0.1,952.11,0.0,0.0,0.0,1828921917,1496016448
2025-12-12,04:10:16,EURUSD,Sell,0.02,1.17426,0.0,0.0,0.0,1828921928,1496016458
2025-12-12,04:10:16,BCHUSD,Buy,0.02,568.66,0.0,0.0,0.0,1828921931,1496016461
2025-12-12,04:10:17,BCHUSD,Sell,0.02,564.34,-0.8,0.0,0.0,1828921938,1496016467
2025-12-12,04:10:47,USDJPY,Buy,0.01,155.567,0.0,0.0,0.0,1828922136,1496016665
2025-12-12,04:10:48,NETH25Cash,Buy,0.1,952.11,0.0,0.0,0.0,1828922139,1496016668
2025-12-12,04:10:48,EURUSD,Sell,0.02,1.17427,0.0,0.0,0.0,1828922140,1496016669
2025-12-12,04:10:49,BCHUSD,Buy,0.02,568.66,0.0,0.0,0.0,1828922141,1496016670
2025-12-12,04:10:49,BCHUSD,Sell,0.02,564.54,-0.82,0.0,0.0,1828922142,1496016671
2025-12-12,04:11:19,USDJPY,Buy,0.01,155.561,0.0,0.0,0.0,1828922394,1496016908
2025-12-12,04:11:20,NETH25Cash,Buy,0.1,952.23,0.0,0.0,0.0,1828922395,1496016909
2025-12-12,04:11:20,EURUSD,Sell,0.02,1.17431,0.0,0.0,0.0,1828922398,1496016912
2025-12-12,04:11:20,BCHUSD,Buy,0.02,568.76,0.0,0.0,0.0,1828922399,1496016913
2025-12-12,04:11:21,BCHUSD,Sell,0.02,564.64,-0.8,0.0,0.0,1828922401,1496016916
2025-12-12,04:11:23,GOLD,Sell,2.0,4272.94,0.0,0.0,0.0,1828922423,1496016938
2025-12-12,04:11:28,GOLD,Sell,2.0,4272.61,0.0,0.0,0.0,1828922446,1496016960
2025-12-12,04:11:51,USDJPY,Buy,0.01,155.548,0.0,0.0,0.0,1828922514,1496017027
2025-12-12,04:11:52,NETH25Cash,Buy,0.1,952.41,0.0,0.0,0.0,1828922516,1496017029
2025-12-12,04:11:52,EURUSD,Sell,0.02,1.17432,0.0,0.0,0.0,1828922521,1496017033
2025-12-12,04:11:53,BCHUSD,Buy,0.02,568.96,0.0,0.0,0.0,1828922524,1496017036
2025-12-12,04:11:53,BCHUSD,Sell,0.02,564.84,-0.78,0.0,0.0,1828922526,1496017038
2025-12-12,04:12:24,USDJPY,Buy,0.01,155.551,0.0,0.0,0.0,1828922668,1496017177
2025-12-12,04:12:24,NETH25Cash,Buy,0.1,952.41,0.0,0.0,0.0,1828922671,1496017180
2025-12-12,04:12:25,EURUSD,Sell,0.02,1.17431,0.0,0.0,0.0,1828922673,1496017183
2025-12-12,04:12:25,BCHUSD,Buy,0.02,568.46,0.0,0.0,0.0,1828922676,1496017185
2025-12-12,04:12:26,BCHUSD,Sell,0.02,564.44,-0.9,0.0,0.0,1828922678,1496017187
2025-12-12,04:12:56,USDJPY,Buy,0.01,155.548,0.0,0.0,0.0,1828922808,1496017316
2025-12-12,04:12:56,NETH25Cash,Buy,0.1,952.41,0.0,0.0,0.0,1828922810,1496017318
2025-12-12,04:12:57,EURUSD,Sell,0.02,1.17431,0.0,0.0,0.0,1828922814,1496017322
2025-12-12,04:12:57,BCHUSD,Buy,0.02,568.76,0.0,0.0,0.0,1828922816,1496017324
2025-12-12,04:12:58,BCHUSD,Sell,0.02,564.74,-0.74,0.0,0.0,1828922817,1496017325
2025-12-12,04:13:28,USDJPY,Buy,0.01,155.548,0.0,0.0,0.0,1828922929,1496017435
2025-12-12,04:13:28,NETH25Cash,Buy,0.1,952.36,0.0,0.0,0.0,1828922941,1496017447
2025-12-12,04:13:29,EURUSD,Sell,0.02,1.17427,0.0,0.0,0.0,1828922943,1496017449
2025-12-12,04:13:29,BCHUSD,Buy,0.02,568.46,0.0,0.0,0.0,1828922944,1496017451
2025-12-12,04:13:29,BCHUSD,Sell,0.02,564.34,-0.88,0.0,0.0,1828922946,1496017453
2025-12-12,04:14:00,USDJPY,Buy,0.01,155.549,0.0,0.0,0.0,1828923030,1496017531
2025-12-12,04:14:00,NETH25Cash,Buy,0.1,952.36,0.0,0.0,0.0,1828923032,1496017533
2025-12-12,04:14:01,EURUSD,Sell,0.02,1.17421,0.0,0.0,0.0,1828923037,1496017538
2025-12-12,04:14:01,BCHUSD,Buy,0.02,568.16,0.0,0.0,0.0,1828923039,1496017539
2025-12-12,04:14:01,BCHUSD,Sell,0.02,564.14,-0.86,0.0,0.0,1828923042,1496017541
2025-12-12,04:14:32,USDJPY,Buy,0.01,155.556,0.0,0.0,0.0,1828923244,1496017736
2025-12-12,04:14:32,NETH25Cash,Buy,0.1,952.41,0.0,0.0,0.0,1828923245,1496017737
2025-12-12,04:14:32,EURUSD,Sell,0.02,1.17424,0.0,0.0,0.0,1828923246,1496017738
2025-12-12,04:14:33,BCHUSD,Buy,0.02,568.66,0.0,0.0,0.0,1828923247,1496017739
2025-12-12,04:14:33,BCHUSD,Sell,0.02,564.64,-0.7,0.0,0.0,1828923248,1496017740
2025-12-12,04:15:04,USDJPY,Buy,0.01,155.562,0.0,0.0,0.0,1828923324,1496017786
2025-12-12,04:15:04,NETH25Cash,Buy,0.1,952.41,0.0,0.0,0.0,1828923325,1496017787
2025-12-12,04:15:05,EURUSD,Sell,0.02,1.17424,0.0,0.0,0.0,1828923327,1496017789
2025-12-12,04:15:05,BCHUSD,Buy,0.02,568.86,0.0,0.0,0.0,1828923329,1496017791
2025-12-12,04:15:06,BCHUSD,Sell,0.02,564.74,-0.78,0.0,0.0,1828923340,1496017802
2025-12-12,04:15:36,USDJPY,Buy,0.01,155.542,0.0,0.0,0.0,1828923411,1496017872
2025-12-12,04:15:37,NETH25Cash,Buy,0.1,952.41,0.0,0.0,0.0,1828923416,1496017877
2025-12-12,04:15:37,EURUSD,Sell,0.02,1.17431,0.0,0.0,0.0,1828923424,1496017885
2025-12-12,04:15:38,BCHUSD,Buy,0.02,568.56,0.0,0.0,0.0,1828923425,1496017886
2025-12-12,04:15:38,BCHUSD,Sell,0.02,564.54,-0.86,0.0,0.0,1828923426,1496017888
2025-12-12,04:16:08,GER40Cash,Sell,0.1,24352.21,0.0,0.0,0.0,1828923734,1496018193
2025-12-12,04:16:09,USDJPY,Buy,0.01,155.543,0.0,0.0,0.0,1828923739,1496018198
2025-12-12,04:16:09,NETH25Cash,Buy,0.1,952.21,0.0,0.0,0.0,1828923746,1496018205
2025-12-12,04:16:10,EURUSD,Sell,0.02,1.17431,0.0,0.0,0.0,1828923757,1496018216
2025-12-12,04:16:10,BCHUSD,Buy,0.02,568.16,0.0,0.0,0.0,1828923760,1496018219
2025-12-12,04:16:11,BCHUSD,Sell,0.02,564.14,-0.88,0.0,0.0,1828923770,1496018229
2025-12-12,04:16:41,USDJPY,Buy,0.01,155.543,0.0,0.0,0.0,1828923874,1496018334
2025-12-12,04:16:41,NETH25Cash,Buy,0.1,952.21,0.0,0.0,0.0,1828923875,1496018335
2025-12-12,04:16:42,EURUSD,Sell,0.02,1.17428,0.0,0.0,0.0,1828923877,1496018338
2025-12-12,04:16:42,BCHUSD,Buy,0.02,568.46,0.0,0.0,0.0,1828923878,1496018339
2025-12-12,04:16:42,BCHUSD,Sell,0.02,564.34,-0.76,0.0,0.0,1828923883,1496018344
2025-12-12,04:17:13,USDJPY,Buy,0.01,155.529,0.0,0.0,0.0,1828923978,1496018429
2025-12-12,04:17:13,NETH25Cash,Buy,0.1,952.11,0.0,0.0,0.0,1828923981,1496018432
2025-12-12,04:17:14,EURUSD,Sell,0.02,1.17433,0.0,0.0,0.0,1828923984,1496018435
2025-12-12,04:17:14,BCHUSD,Buy,0.02,568.56,0.0,0.0,0.0,1828923985,1496018436
2025-12-12,04:17:14,BCHUSD,Sell,0.02,564.54,-0.78,0.0,0.0,1828923987,1496018438
2025-12-12,04:17:45,USDJPY,Buy,0.01,155.522,0.0,0.0,0.0,1828924032,1496018488
2025-12-12,04:17:45,NETH25Cash,Buy,0.1,952.11,0.0,0.0,0.0,1828924033,1496018489
2025-12-12,04:17:45,EURUSD,Sell,0.02,1.17439,0.0,0.0,0.0,1828924036,1496018492
2025-12-12,04:17:46,BCHUSD,Buy,0.02,568.76,0.0,0.0,0.0,1828924037,1496018493
2025-12-12,04:17:46,BCHUSD,Sell,0.02,564.64,-0.78,0.0,0.0,1828924039,1496018495
2025-12-12,04:17:55,GER40Cash,Buy,0.1,24358.21,-0.7,0.0,0.0,1828924105,1496018563
2025-12-12,04:18:16,USDJPY,Buy,0.01,155.539,0.0,0.0,0.0,1828924159,1496018616
2025-12-12,04:18:17,NETH25Cash,Buy,0.1,952.41,0.0,0.0,0.0,1828924160,1496018617
2025-12-12,04:18:17,EURUSD,Sell,0.02,1.17436,0.0,0.0,0.0,1828924161,1496018618
2025-12-12,04:18:17,BCHUSD,Buy,0.02,568.76,0.0,0.0,0.0,1828924163,1496018620
2025-12-12,04:18:18,BCHUSD,Sell,0.02,564.64,-0.82,0.0,0.0,1828924165,1496018622
2025-12-12,04:18:48,USDJPY,Buy,0.01,155.537,0.0,0.0,0.0,1828924245,1496018702
2025-12-12,04:18:48,NETH25Cash,Buy,0.1,952.36,0.0,0.0,0.0,1828924246,1496018703
2025-12-12,04:18:49,EURUSD,Sell,0.02,1.17437,0.0,0.0,0.0,1828924247,1496018705
2025-12-12,04:18:49,BCHUSD,Buy,0.02,568.56,0.0,0.0,0.0,1828924248,1496018706
2025-12-12,04:18:50,BCHUSD,Sell,0.02,564.44,-0.86,0.0,0.0,1828924250,1496018708
2025-12-12,04:19:20,USDJPY,Buy,0.01,155.543,0.0,0.0,0.0,1828924317,1496018778
2025-12-12,04:19:20,NETH25Cash,Buy,0.1,952.31,0.0,0.0,0.0,1828924318,1496018779
2025-12-12,04:19:21,EURUSD,Sell,0.02,1.17437,0.0,0.0,0.0,1828924320,1496018781
2025-12-12,04:19:21,BCHUSD,Buy,0.02,568.56,0.0,0.0,0.0,1828924321,1496018782
2025-12-12,04:19:22,BCHUSD,Sell,0.02,564.44,-0.82,0.0,0.0,1828924322,1496018783
2025-12-12,04:19:52,USDJPY,Buy,0.01,155.545,0.0,0.0,0.0,1828924387,1496018848
2025-12-12,04:19:53,NETH25Cash,Buy,0.1,952.36,0.0,0.0,0.0,1828924388,1496018849
2025-12-12,04:19:53,EURUSD,Sell,0.02,1.17429,0.0,0.0,0.0,1828924389,1496018850
2025-12-12,04:19:54,BCHUSD,Buy,0.02,568.56,0.0,0.0,0.0,1828924390,1496018851
2025-12-12,04:19:55,BCHUSD,Sell,0.02,564.34,-0.84,0.0,0.0,1828924392,1496018853
2025-12-12,04:20:25,USDJPY,Buy,0.01,155.556,0.0,0.0,0.0,1828924526,1496018980
2025-12-12,04:20:25,NETH25Cash,Buy,0.1,952.96,0.0,0.0,0.0,1828924529,1496018983
2025-12-12,04:20:26,EURUSD,Sell,0.02,1.17428,0.0,0.0,0.0,1828924532,1496018986
2025-12-12,04:20:26,BCHUSD,Buy,0.02,568.56,0.0,0.0,0.0,1828924534,1496018988
2025-12-12,04:20:28,BCHUSD,Sell,0.02,564.64,-0.78,0.0,0.0,1828924540,1496018995
2025-12-12,04:20:59,USDJPY,Buy,0.01,155.556,0.0,0.0,0.0,1828924650,1496019103
2025-12-12,04:20:59,NETH25Cash,Buy,0.1,953.06,0.0,0.0,0.0,1828924652,1496019105
2025-12-12,04:20:59,EURUSD,Sell,0.02,1.1743000000000001,0.0,0.0,0.0,1828924656,1496019110
2025-12-12,04:21:00,BCHUSD,Buy,0.02,568.96,0.0,0.0,0.0,1828924657,1496019112
2025-12-12,04:21:00,NETH25Cash,Buy,0.1,953.01,0.0,0.0,0.0,1828924660,1496019114
2025-12-12,04:21:00,BCHUSD,Sell,0.02,564.84,-0.74,0.0,0.0,1828924663,1496019117
2025-12-12,04:21:31,USDJPY,Buy,0.01,155.542,0.0,0.0,0.0,1828924728,1496019181
2025-12-12,04:21:31,NETH25Cash,Buy,0.1,953.06,0.0,0.0,0.0,1828924732,1496019184
2025-12-12,04:21:32,EURUSD,Sell,0.02,1.17436,0.0,0.0,0.0,1828924737,1496019189
2025-12-12,04:21:32,BCHUSD,Buy,0.02,568.76,0.0,0.0,0.0,1828924741,1496019193
2025-12-12,04:21:33,NETH25Cash,Buy,0.1,952.96,0.0,0.0,0.0,1828924754,1496019204
2025-12-12,04:21:35,BCHUSD,Sell,0.02,564.74,-0.84,0.0,0.0,1828924784,1496019234
2025-12-12,04:22:06,USDJPY,Buy,0.01,155.554,0.0,0.0,0.0,1828924963,1496019414
2025-12-12,04:22:06,NETH25Cash,Buy,0.1,952.91,0.0,0.0,0.0,1828924964,1496019415
2025-12-12,04:22:07,EURUSD,Sell,0.02,1.17431,0.0,0.0,0.0,1828924966,1496019417
2025-12-12,04:22:07,BCHUSD,Buy,0.02,568.86,0.0,0.0,0.0,1828924968,1496019418
2025-12-12,04:22:07,NETH25Cash,Buy,0.1,952.91,0.0,0.0,0.0,1828924984,1496019437
2025-12-12,04:22:07,BCHUSD,Sell,0.02,564.84,-0.78,0.0,0.0,1828924997,1496019446
2025-12-12,04:22:38,GOLD,Buy,2.0,4275.37,-486.0,0.0,0.0,1828925205,1496019649
2025-12-12,04:22:38,USDJPY,Buy,0.01,155.556,0.0,0.0,0.0,1828925206,1496019650
2025-12-12,04:22:38,NETH25Cash,Buy,0.1,952.86,0.0,0.0,0.0,1828925209,1496019653
2025-12-12,04:22:39,EURUSD,Sell,0.02,1.17432,0.0,0.0,0.0,1828925213,1496019657
2025-12-12,04:22:39,BCHUSD,Buy,0.02,568.56,0.0,0.0,0.0,1828925214,1496019658
2025-12-12,04:22:40,BCHUSD,Sell,0.02,564.54,-0.86,0.0,0.0,1828925216,1496019660
2025-12-12,04:23:02,NETH25Cash,Sell,0.1,951.83,0.0,0.0,0.0,1828925406,1496019845
2025-12-12,04:23:06,NETH25Cash,Sell,0.1,951.78,-0.0,0.0,0.0,1828925423,1496019856
2025-12-12,04:23:10,USDJPY,Buy,0.01,155.558,0.0,0.0,0.0,1828925434,1496019868
2025-12-12,04:23:11,NETH25Cash,Buy,0.1,952.51,0.0,0.0,0.0,1828925435,1496019869
2025-12-12,04:23:11,EURUSD,Sell,0.02,1.17429,0.0,0.0,0.0,1828925437,1496019871
2025-12-12,04:23:11,BCHUSD,Buy,0.02,569.06,0.0,0.0,0.0,1828925438,1496019872
2025-12-12,04:23:12,NETH25Cash,Sell,0.1,951.78,-0.14,0.0,0.0,1828925440,1496019874
2025-12-12,04:23:13,NETH25Cash,Sell,0.1,951.78,-0.15,0.0,0.0,1828925441,1496019875
2025-12-12,04:23:13,NETH25Cash,Sell,0.1,951.78,-0.14,0.0,0.0,1828925443,1496019877
2025-12-12,04:23:13,NETH25Cash,Sell,0.1,951.78,-0.15,0.0,0.0,1828925444,1496019878
2025-12-12,04:23:14,NETH25Cash,Sell,0.1,951.78,-0.14,0.0,0.0,1828925447,1496019881
2025-12-12,04:23:14,NETH25Cash,Sell,0.1,951.78,-0.13,0.0,0.0,1828925459,1496019893
2025-12-12,04:23:14,NETH25Cash,Sell,0.1,951.78,-0.13,0.0,0.0,1828925461,1496019895
2025-12-12,04:23:15,NETH25Cash,Sell,0.1,951.78,-0.13,0.0,0.0,1828925469,1496019906
2025-12-12,04:23:15,BCHUSD,Sell,0.02,565.04,-0.7,0.0,0.0,1828925470,1496019907
2025-12-12,04:23:17,NETH25Cash,Sell,0.1,951.73,-0.0,0.0,0.0,1828925476,1496019917
2025-12-12,04:23:17,NETH25Cash,Sell,0.1,951.73,-0.0,0.0,0.0,1828925477,1496019918
2025-12-12,04:23:45,USDJPY,Buy,0.01,155.561,0.0,0.0,0.0,1828925616,1496020057
2025-12-12,04:23:45,NETH25Cash,Buy,0.1,952.51,0.0,0.0,0.0,1828925617,1496020058
2025-12-12,04:23:46,EURUSD,Sell,0.02,1.17429,0.0,0.0,0.0,1828925620,1496020061
2025-12-12,04:23:46,BCHUSD,Buy,0.02,569.06,0.0,0.0,0.0,1828925622,1496020063
2025-12-12,04:23:49,BCHUSD,Sell,0.02,565.04,-0.8,0.0,0.0,1828925673,1496020115
2025-12-12,04:24:16,USDJPY,Buy,0.01,155.556,0.0,0.0,0.0,1828926015,1496020455
2025-12-12,04:24:16,NETH25Cash,Buy,0.1,952.51,0.0,0.0,0.0,1828926020,1496020460
2025-12-12,04:24:17,EURUSD,Sell,0.02,1.1743000000000001,0.0,0.0,0.0,1828926034,1496020474
2025-12-12,04:24:17,BCHUSD,Buy,0.02,569.16,0.0,0.0,0.0,1828926037,1496020477
2025-12-12,04:24:19,BCHUSD,Sell,0.02,565.14,-0.78,0.0,0.0,1828926050,1496020492
2025-12-12,04:24:19,USDJPY,Buy,0.01,155.556,0.0,0.0,0.0,1828926052,1496020494
2025-12-12,04:24:20,NETH25Cash,Buy,0.1,952.51,0.0,0.0,0.0,1828926053,1496020495
2025-12-12,04:24:20,EURUSD,Sell,0.02,1.17429,0.0,0.0,0.0,1828926062,1496020504
2025-12-12,04:24:21,BCHUSD,Buy,0.02,569.26,0.0,0.0,0.0,1828926063,1496020505
2025-12-12,04:24:22,BCHUSD,Sell,0.02,565.24,-0.78,0.0,0.0,1828926088,1496020532
2025-12-12,04:24:52,USDJPY,Buy,0.01,155.558,0.0,0.0,0.0,1828926150,1496020590
2025-12-12,04:24:52,USDJPY,Buy,0.01,155.558,0.0,0.0,0.0,1828926152,1496020592
2025-12-12,04:24:52,NETH25Cash,Buy,0.1,952.51,0.0,0.0,0.0,1828926153,1496020593
2025-12-12,04:24:53,NETH25Cash,Buy,0.1,952.51,0.0,0.0,0.0,1828926154,1496020594
2025-12-12,04:24:54,EURUSD,Sell,0.02,1.17425,0.0,0.0,0.0,1828926155,1496020595
2025-12-12,04:24:54,EURUSD,Sell,0.02,1.17425,0.0,0.0,0.0,1828926156,1496020596
2025-12-12,04:24:54,BCHUSD,Buy,0.02,568.86,0.0,0.0,0.0,1828926157,1496020597
2025-12-12,04:24:54,BCHUSD,Buy,0.02,568.86,0.0,0.0,0.0,1828926158,1496020598
2025-12-12,04:24:55,BCHUSD,Sell,0.02,564.64,-0.92,0.0,0.0,1828926159,1496020599
2025-12-12,04:25:25,USDJPY,Buy,0.01,155.594,0.0,0.0,0.0,1828926295,1496020737
2025-12-12,04:25:26,EURUSD,Sell,0.02,1.17402,0.0,0.0,0.0,1828926298,1496020739
2025-12-12,04:25:26,BCHUSD,Buy,0.02,568.96,0.0,0.0,0.0,1828926299,1496020740
2025-12-12,04:25:28,USDJPY,Buy,0.01,155.593,0.0,0.0,0.0,1828926304,1496020745
2025-12-12,04:25:29,EURUSD,Sell,0.02,1.17401,0.0,0.0,0.0,1828926308,1496020749
2025-12-12,04:25:30,BCHUSD,Buy,0.02,568.96,0.0,0.0,0.0,1828926309,1496020750
2025-12-12,04:25:33,BCHUSD,Sell,0.02,564.84,-0.8,0.0,0.0,1828926326,1496020767
2025-12-12,04:25:34,BCHUSD,Sell,0.02,564.84,-0.8,0.0,0.0,1828926327,1496020768
2025-12-12,04:26:04,USDJPY,Buy,0.01,155.579,0.0,0.0,0.0,1828926641,1496021078
2025-12-12,04:26:05,EURUSD,Sell,0.02,1.17404,0.0,0.0,0.0,1828926664,1496021101
2025-12-12,04:26:05,BCHUSD,Buy,0.02,568.86,0.0,0.0,0.0,1828926671,1496021108
2025-12-12,04:26:10,USDJPY,Buy,0.01,155.579,0.0,0.0,0.0,1828926711,1496021150
2025-12-12,04:26:11,EURUSD,Sell,0.02,1.17405,0.0,0.0,0.0,1828926733,1496021173
2025-12-12,04:26:11,BCHUSD,Buy,0.02,568.96,0.0,0.0,0.0,1828926739,1496021179
2025-12-12,04:26:14,BCHUSD,Sell,0.02,564.64,-0.86,0.0,0.0,1828926761,1496021201
2025-12-12,04:26:14,BCHUSD,Sell,0.02,564.64,-0.86,0.0,0.0,1828926764,1496021205
2025-12-12,04:26:19,BCHUSD,Sell,0.02,564.64,-0.84,0.0,0.0,1828927010,1496021451
2025-12-12,04:26:45,USDJPY,Buy,0.01,155.588,0.0,0.0,0.0,1828927144,1496021585
2025-12-12,04:26:45,EURUSD,Sell,0.02,1.17405,0.0,0.0,0.0,1828927146,1496021587
2025-12-12,04:26:46,BCHUSD,Buy,0.02,569.46,0.0,0.0,0.0,1828927147,1496021588
2025-12-12,04:26:52,BCHUSD,Sell,0.02,565.24,-0.74,0.0,0.0,1828927240,1496021682
2025-12-12,04:26:53,USDJPY,Buy,0.01,155.584,0.0,0.0,0.0,1828927241,1496021683
2025-12-12,04:26:54,EURUSD,Sell,0.02,1.17404,0.0,0.0,0.0,1828927243,1496021685
2025-12-12,04:26:54,BCHUSD,Buy,0.02,569.36,0.0,0.0,0.0,1828927245,1496021687
2025-12-12,04:27:02,BCHUSD,Sell,0.02,565.14,-0.86,0.0,0.0,1828927271,1496021711
2025-12-12,04:27:23,USDJPY,Buy,0.01,155.58,0.0,0.0,0.0,1828927389,1496021833
2025-12-12,04:27:24,EURUSD,Sell,0.02,1.1740599999999999,0.0,0.0,0.0,1828927393,1496021837
2025-12-12,04:27:24,BCHUSD,Buy,0.02,569.56,0.0,0.0,0.0,1828927397,1496021840
2025-12-12,04:27:31,BCHUSD,Sell,0.02,565.34,-0.8,0.0,0.0,1828927415,1496021858
2025-12-12,04:27:35,USDJPY,Buy,0.01,155.581,0.0,0.0,0.0,1828927440,1496021883
2025-12-12,04:27:36,EURUSD,Sell,0.02,1.17407,0.0,0.0,0.0,1828927441,1496021884
2025-12-12,04:27:36,BCHUSD,Buy,0.02,569.46,0.0,0.0,0.0,1828927442,1496021885
2025-12-12,04:27:45,BCHUSD,Sell,0.02,565.34,-0.84,0.0,0.0,1828927610,1496022053
2025-12-12,04:28:01,USDJPY,Buy,0.01,155.591,0.0,0.0,0.0,1828927752,1496022194
2025-12-12,04:28:02,EURUSD,Sell,0.02,1.1740599999999999,0.0,0.0,0.0,1828927753,1496022195
2025-12-12,04:28:02,BCHUSD,Buy,0.02,569.16,0.0,0.0,0.0,1828927754,1496022196
2025-12-12,04:28:10,BCHUSD,Sell,0.02,565.04,-0.88,0.0,0.0,1828927789,1496022227
2025-12-12,04:28:18,USDJPY,Buy,0.01,155.59,0.0,0.0,0.0,1828927807,1496022244
2025-12-12,04:28:19,EURUSD,Sell,0.02,1.17402,0.0,0.0,0.0,1828927818,1496022255
2025-12-12,04:28:19,BCHUSD,Buy,0.02,569.36,0.0,0.0,0.0,1828927819,1496022256
2025-12-12,04:28:27,BCHUSD,Sell,0.02,565.14,-0.8,0.0,0.0,1828927855,1496022288
2025-12-12,04:28:40,USDJPY,Buy,0.01,155.6,0.0,0.0,0.0,1828927875,1496022305
2025-12-12,04:28:41,EURUSD,Sell,0.02,1.17401,0.0,0.0,0.0,1828927877,1496022308
2025-12-12,04:28:42,BCHUSD,Buy,0.02,569.06,0.0,0.0,0.0,1828927878,1496022309
2025-12-12,04:28:51,BCHUSD,Sell,0.02,564.94,-0.88,0.0,0.0,1828927958,1496022387
2025-12-12,04:29:00,USDJPY,Buy,0.01,155.592,0.0,0.0,0.0,1828928073,1496022498
2025-12-12,04:29:01,EURUSD,Sell,0.02,1.17402,0.0,0.0,0.0,1828928117,1496022552
2025-12-12,04:29:01,BCHUSD,Buy,0.02,568.96,0.0,0.0,0.0,1828928128,1496022563
2025-12-12,04:29:08,BCHUSD,Sell,0.02,564.54,-0.9,0.0,0.0,1828928243,1496022675
2025-12-12,04:29:21,USDJPY,Buy,0.01,155.594,0.0,0.0,0.0,1828928388,1496022862
2025-12-12,04:29:22,EURUSD,Sell,0.02,1.17399,0.0,0.0,0.0,1828928394,1496022868
2025-12-12,04:29:22,BCHUSD,Buy,0.02,568.66,0.0,0.0,0.0,1828928395,1496022869
2025-12-12,04:29:28,BCHUSD,Sell,0.02,564.54,-0.88,0.0,0.0,1828928433,1496022905
2025-12-12,04:29:42,USDJPY,Buy,0.01,155.599,0.0,0.0,0.0,1828928462,1496022934
2025-12-12,04:29:42,EURUSD,Sell,0.02,1.17399,0.0,0.0,0.0,1828928463,1496022935
2025-12-12,04:29:43,BCHUSD,Buy,0.02,568.76,0.0,0.0,0.0,1828928464,1496022936
2025-12-12,04:30:06,USDJPY,Buy,0.01,155.618,0.0,0.0,0.0,1828928625,1496023043
2025-12-12,04:30:07,EURUSD,Sell,0.02,1.17392,0.0,0.0,0.0,1828928629,1496023048
2025-12-12,04:30:07,BCHUSD,Buy,0.02,569.06,0.0,0.0,0.0,1828928630,1496023049
2025-12-12,04:30:15,BCHUSD,Sell,0.02,564.94,-0.74,0.0,0.0,1828928686,1496023106
2025-12-12,04:30:15,BCHUSD,Sell,0.02,564.94,-0.76,0.0,0.0,1828928687,1496023107
2025-12-12,04:30:48,USDJPY,Buy,0.01,155.633,0.0,0.0,0.0,1828928826,1496023243
2025-12-12,04:30:49,EURUSD,Sell,0.02,1.17391,0.0,0.0,0.0,1828928828,1496023245
2025-12-12,04:30:50,BCHUSD,Buy,0.02,568.76,0.0,0.0,0.0,1828928831,1496023248
2025-12-12,04:30:50,USDJPY,Buy,0.01,155.628,0.0,0.0,0.0,1828928834,1496023250
2025-12-12,04:30:56,BCHUSD,Sell,0.02,564.84,-0.84,0.0,0.0,1828928859,1496023274
2025-12-12,04:31:29,USDJPY,Buy,0.01,155.595,0.0,0.0,0.0,1828929223,1496023640
2025-12-12,04:31:30,EURUSD,Sell,0.02,1.174,0.0,0.0,0.0,1828929233,1496023650
2025-12-12,04:31:30,BCHUSD,Buy,0.02,569.46,0.0,0.0,0.0,1828929235,1496023652
2025-12-12,04:31:35,BCHUSD,Sell,0.02,565.24,-0.7,0.0,0.0,1828929280,1496023697
2025-12-12,04:32:08,USDJPY,Buy,0.01,155.6,0.0,0.0,0.0,1828929512,1496023927
2025-12-12,04:32:09,EURUSD,Sell,0.02,1.17402,0.0,0.0,0.0,1828929514,1496023929
2025-12-12,04:32:09,BCHUSD,Buy,0.02,569.76,0.0,0.0,0.0,1828929515,1496023930
2025-12-12,04:32:13,BCHUSD,Sell,0.02,565.74,-0.74,0.0,0.0,1828929520,1496023937
2025-12-12,04:32:46,USDJPY,Buy,0.01,155.614,0.0,0.0,0.0,1828929602,1496024019
2025-12-12,04:32:47,EURUSD,Sell,0.02,1.17391,0.0,0.0,0.0,1828929603,1496024020
2025-12-12,04:32:48,BCHUSD,Buy,0.02,569.46,0.0,0.0,0.0,1828929605,1496024022
2025-12-12,04:35:58,USDJPY,Sell,0.01,155.562,-0.01,0.0,0.0,1828930525,1496024939
2025-12-12,04:35:58,USDJPY,Sell,0.01,155.562,0.0,0.0,0.0,1828930526,1496024940
2025-12-12,04:35:58,USDJPY,Sell,0.01,155.554,-0.01,0.0,0.0,1828930527,1496024941
2025-12-12,04:35:58,USDJPY,Sell,0.01,155.554,-0.05,0.0,0.0,1828930528,1496024942
2025-12-12,04:35:58,USDJPY,Sell,0.01,155.554,-0.05,0.0,0.0,1828930529,1496024943
2025-12-12,04:35:58,USDJPY,Sell,0.01,155.554,-0.01,0.0,0.0,1828930530,1496024944
2025-12-12,04:38:22,EURUSD,Buy,0.02,1.17436,0.0,0.0,0.0,1828931092,1496025513
2025-12-12,04:38:22,EURUSD,Buy,0.02,1.17436,0.0,0.0,0.0,1828931093,1496025514
2025-12-12,04:38:22,EURUSD,Buy,0.02,1.17438,-0.02,0.0,0.0,1828931094,1496025515
2025-12-12,04:38:22,EURUSD,Buy,0.02,1.17438,-0.02,0.0,0.0,1828931095,1496025516
2025-12-12,04:38:22,USDJPY,Sell,0.01,155.549,-0.01,0.0,0.0,1828931096,1496025517
2025-12-12,04:38:22,USDJPY,Sell,0.01,155.549,0.0,0.0,0.0,1828931097,1496025518
2025-12-12,04:38:23,USDJPY,Sell,0.01,155.548,0.0,0.0,0.0,1828931099,1496025520
2025-12-12,04:38:23,USDJPY,Sell,0.01,155.548,0.0,0.0,0.0,1828931100,1496025521
2025-12-12,04:38:23,USDJPY,Sell,0.01,155.548,0.0,0.0,0.0,1828931101,1496025522
2025-12-12,04:39:21,GOLD,Sell,2.0,4273.69,0.0,0.0,0.0,1828931293,1496025715
2025-12-12,04:39:23,GOLD,Sell,2.0,4273.55,0.0,0.0,0.0,1828931294,1496025716
2025-12-12,04:39:24,GOLD,Sell,2.0,4273.53,0.0,0.0,0.0,1828931299,1496025720
2025-12-12,04:39:31,USDJPY,Buy,0.01,155.58,0.0,0.0,0.0,1828931304,1496025728
2025-12-12,04:39:32,EURUSD,Sell,0.02,1.17413,0.0,0.0,0.0,1828931306,1496025730
2025-12-12,04:39:32,BCHUSD,Buy,0.02,570.46,0.0,0.0,0.0,1828931308,1496025732
2025-12-12,04:39:37,BCHUSD,Sell,0.02,566.44,-0.66,0.0,0.0,1828931311,1496025734
2025-12-12,04:39:37,BCHUSD,Sell,0.02,566.44,-0.6,0.0,0.0,1828931312,1496025735
2025-12-12,04:40:11,USDJPY,Buy,0.01,155.582,0.0,0.0,0.0,1828931394,1496025812
2025-12-12,04:40:12,EURUSD,Sell,0.02,1.17413,0.0,0.0,0.0,1828931395,1496025813
2025-12-12,04:40:12,BCHUSD,Buy,0.02,570.56,0.0,0.0,0.0,1828931396,1496025814
2025-12-12,04:40:16,BCHUSD,Sell,0.02,566.54,-0.78,0.0,0.0,1828931402,1496025820
2025-12-12,04:40:49,USDJPY,Buy,0.01,155.579,0.0,0.0,0.0,1828931511,1496025932
2025-12-12,04:40:50,EURUSD,Sell,0.02,1.17415,0.0,0.0,0.0,1828931513,1496025934
2025-12-12,04:40:51,BCHUSD,Buy,0.02,570.56,0.0,0.0,0.0,1828931514,1496025935
2025-12-12,04:40:55,BCHUSD,Sell,0.02,566.44,-0.82,0.0,0.0,1828931516,1496025937
2025-12-12,04:41:28,USDJPY,Buy,0.01,155.583,0.0,0.0,0.0,1828931600,1496026027
2025-12-12,04:41:29,EURUSD,Sell,0.02,1.17411,0.0,0.0,0.0,1828931603,1496026030
2025-12-12,04:41:29,BCHUSD,Buy,0.02,570.46,0.0,0.0,0.0,1828931604,1496026031
2025-12-12,04:41:46,USDJPY,Buy,0.01,155.583,0.0,0.0,0.0,1828931653,1496026080
2025-12-12,04:41:48,EURUSD,Buy,0.02,1.1743000000000001,2.18,0.0,0.0,1828931655,1496026083
2025-12-12,04:41:48,EURUSD,Sell,0.02,1.17411,0.0,0.0,0.0,1828931656,1496026084
2025-12-12,04:41:48,BCHUSD,Sell,0.02,566.44,0.94,0.0,0.0,1828931658,1496026086
2025-12-12,04:41:48,BCHUSD,Buy,0.02,570.46,0.0,0.0,0.0,1828931659,1496026087
2025-12-12,04:41:53,BCHUSD,Sell,0.02,566.44,-0.82,0.0,0.0,1828931671,1496026098
2025-12-12,04:41:53,BCHUSD,Sell,0.02,566.44,-0.8,0.0,0.0,1828931672,1496026099
2025-12-12,04:42:24,EURUSD,Buy,0.02,1.17441,0.0,0.0,0.0,1828931848,1496026278
2025-12-12,04:42:24,EURUSD,Buy,0.02,1.17441,-0.04,0.0,0.0,1828931849,1496026279
2025-12-12,04:42:26,USDJPY,Buy,0.01,155.58,0.0,0.0,0.0,1828931853,1496026283
2025-12-12,04:42:28,EURUSD,Buy,0.02,1.17443,1.92,0.0,0.0,1828931854,1496026284
2025-12-12,04:42:28,EURUSD,Sell,0.02,1.17421,0.0,0.0,0.0,1828931855,1496026285
2025-12-12,04:42:32,EURUSD,Buy,0.02,1.17442,-1.02,0.0,0.0,1828931860,1496026292
2025-12-12,04:42:33,EURUSD,Buy,0.02,1.17442,-1.02,0.0,0.0,1828931862,1496026294
2025-12-12,04:42:33,BCHUSD,Sell,0.02,567.04,-0.68,0.0,0.0,1828931872,1496026305
2025-12-12,04:43:06,USDJPY,Buy,0.01,155.588,0.0,0.0,0.0,1828932167,1496026598
2025-12-12,04:43:08,EURUSD,Sell,0.01,1.17421,0.0,0.0,0.0,1828932174,1496026604
2025-12-12,04:43:58,USDJPY,Buy,0.01,155.587,0.0,0.0,0.0,1828932249,1496026673
2025-12-12,04:43:59,EURUSD,Sell,0.01,1.17421,0.0,0.0,0.0,1828932252,1496026676
2025-12-12,04:44:39,USDJPY,Buy,0.01,155.582,0.0,0.0,0.0,1828932406,1496026829
2025-12-12,04:44:40,EURUSD,Sell,0.01,1.17422,0.0,0.0,0.0,1828932408,1496026831
2025-12-12,04:45:18,USDJPY,Buy,0.01,155.592,0.0,0.0,0.0,1828932657,1496027045
2025-12-12,04:45:20,EURUSD,Sell,0.01,1.1742,0.0,0.0,0.0,1828932710,1496027098
2025-12-12,04:45:57,USDJPY,Buy,0.01,155.613,0.0,0.0,0.0,1828932819,1496027214
2025-12-12,04:45:59,EURUSD,Sell,0.01,1.17412,0.0,0.0,0.0,1828932822,1496027218
2025-12-12,04:46:47,USDJPY,Buy,0.01,155.601,0.0,0.0,0.0,1828933447,1496027845
2025-12-12,04:46:48,EURUSD,Sell,0.01,1.17416,0.0,0.0,0.0,1828933448,1496027846
2025-12-12,04:47:27,USDJPY,Buy,0.01,155.6,0.0,0.0,0.0,1828933600,1496028000
2025-12-12,04:47:28,EURUSD,Sell,0.01,1.17422,0.0,0.0,0.0,1828933601,1496028001
2025-12-12,04:47:33,EURUSD,Buy,0.02,1.17442,-1.0,0.0,0.0,1828933618,1496028018
2025-12-12,04:48:06,USDJPY,Buy,0.01,155.601,0.0,0.0,0.0,1828933790,1496028192
2025-12-12,04:48:07,EURUSD,Sell,0.01,1.17422,0.0,0.0,0.0,1828933801,1496028203
2025-12-12,04:48:46,USDJPY,Buy,0.01,155.591,0.0,0.0,0.0,1828933924,1496028313
2025-12-12,04:48:48,EURUSD,Sell,0.01,1.17422,0.0,0.0,0.0,1828933927,1496028316
2025-12-12,04:49:25,USDJPY,Buy,0.01,155.592,0.0,0.0,0.0,1828934041,1496028428
2025-12-12,04:49:26,EURUSD,Sell,0.01,1.17408,0.0,0.0,0.0,1828934044,1496028431
2025-12-12,04:49:41,GOLD,Buy,2.0,4275.13,-288.0,0.0,0.0,1828934065,1496028449
2025-12-12,04:50:04,USDJPY,Buy,0.01,155.601,0.0,0.0,0.0,1828934120,1496028501
2025-12-12,04:50:05,EURUSD,Sell,0.01,1.17402,0.0,0.0,0.0,1828934122,1496028502
2025-12-12,04:50:42,USDJPY,Buy,0.01,155.591,0.0,0.0,0.0,1828934165,1496028547
2025-12-12,04:50:43,EURUSD,Sell,0.01,1.17401,0.0,0.0,0.0,1828934174,1496028557
2025-12-12,04:51:20,USDJPY,Buy,0.01,155.591,0.0,0.0,0.0,1828934355,1496028738
2025-12-12,04:51:22,EURUSD,Sell,0.01,1.17395,0.0,0.0,0.0,1828934368,1496028751
2025-12-12,04:51:59,USDJPY,Buy,0.01,155.593,0.0,0.0,0.0,1828934665,1496029034
2025-12-12,04:52:00,EURUSD,Sell,0.01,1.17391,0.0,0.0,0.0,1828934681,1496029048
2025-12-12,04:52:39,USDJPY,Buy,0.01,155.588,0.0,0.0,0.0,1828934913,1496029273
2025-12-12,04:52:40,EURUSD,Sell,0.01,1.17397,0.0,0.0,0.0,1828934917,1496029278
2025-12-12,04:53:17,USDJPY,Buy,0.01,155.589,0.0,0.0,0.0,1828935404,1496029779
2025-12-12,04:53:19,EURUSD,Sell,0.01,1.17407,0.0,0.0,0.0,1828935436,1496029811
2025-12-12,04:53:40,GOLD,Buy,5.1,4278.26,0.0,0.0,0.0,1828935537,1496029915
2025-12-12,04:53:56,USDJPY,Buy,0.01,155.582,0.0,0.0,0.0,1828935579,1496029956
2025-12-12,04:53:57,EURUSD,Sell,0.01,1.17413,0.0,0.0,0.0,1828935583,1496029960
2025-12-12,04:55:00,USDJPY,Buy,0.01,155.58,0.0,0.0,0.0,1828935757,1496030122
2025-12-12,04:55:02,EURUSD,Sell,0.01,1.17409,0.0,0.0,0.0,1828935766,1496030126
2025-12-12,04:55:39,USDJPY,Buy,0.01,155.583,0.0,0.0,0.0,1828935973,1496030333
2025-12-12,04:55:41,EURUSD,Sell,0.01,1.17407,0.0,0.0,0.0,1828935978,1496030338
2025-12-12,04:56:19,USDJPY,Buy,0.01,155.578,0.0,0.0,0.0,1828936033,1496030393
2025-12-12,04:56:20,EURUSD,Sell,0.01,1.17408,0.0,0.0,0.0,1828936040,1496030401
2025-12-12,04:56:58,USDJPY,Buy,0.01,155.589,0.0,0.0,0.0,1828936109,1496030471
2025-12-12,04:56:59,EURUSD,Sell,0.01,1.1740599999999999,0.0,0.0,0.0,1828936113,1496030475
2025-12-12,04:57:37,USDJPY,Buy,0.01,155.579,0.0,0.0,0.0,1828936165,1496030523
2025-12-12,04:57:38,EURUSD,Sell,0.01,1.17408,0.0,0.0,0.0,1828936167,1496030525
2025-12-12,04:58:15,USDJPY,Buy,0.01,155.582,0.0,0.0,0.0,1828936258,1496030617
2025-12-12,04:58:17,EURUSD,Sell,0.01,1.17404,0.0,0.0,0.0,1828936259,1496030619
2025-12-12,04:58:54,USDJPY,Buy,0.01,155.582,0.0,0.0,0.0,1828936569,1496030925
2025-12-12,04:58:55,EURUSD,Sell,0.01,1.17405,0.0,0.0,0.0,1828936574,1496030931
2025-12-12,04:59:32,USDJPY,Buy,0.01,155.591,0.0,0.0,0.0,1828936862,1496031229
2025-12-12,04:59:34,EURUSD,Sell,0.01,1.174,0.0,0.0,0.0,1828936865,1496031232
2025-12-12,05:00:11,USDJPY,Buy,0.01,155.586,0.0,0.0,0.0,1828937181,1496031536
2025-12-12,05:00:12,EURUSD,Sell,0.01,1.17403,0.0,0.0,0.0,1828937191,1496031546
2025-12-12,05:00:12,GOLD,Buy,2.0,4280.34,-1546.0,0.0,0.0,1828937192,1496031547
2025-12-12,05:00:16,GOLD,Buy,2.0,4280.01,-1292.0,0.0,0.0,1828937208,1496031563
2025-12-12,05:00:17,GOLD,Buy,2.0,4280.01,-1296.0,0.0,0.0,1828937209,1496031564
2025-12-12,05:00:50,USDJPY,Buy,0.01,155.581,0.0,0.0,0.0,1828937410,1496031756
2025-12-12,05:00:51,EURUSD,Sell,0.01,1.17407,0.0,0.0,0.0,1828937411,1496031757
2025-12-12,05:01:28,USDJPY,Buy,0.01,155.592,0.0,0.0,0.0,1828937653,1496032038
2025-12-12,05:01:30,EURUSD,Sell,0.01,1.17403,0.0,0.0,0.0,1828937656,1496032041
2025-12-12,05:02:07,USDJPY,Buy,0.01,155.603,0.0,0.0,0.0,1828937839,1496032204
2025-12-12,05:02:08,EURUSD,Sell,0.01,1.17399,0.0,0.0,0.0,1828937844,1496032209
2025-12-12,05:02:47,USDJPY,Buy,0.01,155.605,0.0,0.0,0.0,1828938101,1496032471
2025-12-12,05:02:48,EURUSD,Sell,0.01,1.17398,0.0,0.0,0.0,1828938108,1496032478
2025-12-12,05:03:26,USDJPY,Buy,0.01,155.603,0.0,0.0,0.0,1828938484,1496032849
2025-12-12,05:03:27,EURUSD,Sell,0.01,1.17403,0.0,0.0,0.0,1828938502,1496032866
2025-12-12,05:04:05,USDJPY,Buy,0.01,155.613,0.0,0.0,0.0,1828938679,1496033041
2025-12-12,05:04:07,EURUSD,Sell,0.01,1.17399,0.0,0.0,0.0,1828938682,1496033044
2025-12-12,05:04:44,USDJPY,Buy,0.01,155.614,0.0,0.0,0.0,1828938922,1496033288
2025-12-12,05:04:45,EURUSD,Sell,0.01,1.17393,0.0,0.0,0.0,1828938930,1496033296
2025-12-12,05:05:11,USDJPY,Buy,0.01,155.615,0.0,0.0,0.0,1828939059,1496033423
2025-12-12,05:05:12,EURUSD,Sell,0.01,1.17394,0.0,0.0,0.0,1828939061,1496033425
2025-12-12,05:05:50,USDJPY,Buy,0.01,155.614,0.0,0.0,0.0,1828939132,1496033498
2025-12-12,05:05:51,EURUSD,Sell,0.01,1.17395,0.0,0.0,0.0,1828939136,1496033502
2025-12-12,05:06:29,USDJPY,Buy,0.01,155.615,0.0,0.0,0.0,1828939480,1496033844
2025-12-12,05:06:30,EURUSD,Sell,0.01,1.17394,0.0,0.0,0.0,1828939487,1496033851
2025-12-12,05:07:07,USDJPY,Buy,0.01,155.603,0.0,0.0,0.0,1828939700,1496034058
2025-12-12,05:07:08,EURUSD,Sell,0.01,1.17395,0.0,0.0,0.0,1828939705,1496034063
2025-12-12,05:07:45,USDJPY,Buy,0.01,155.603,0.0,0.0,0.0,1828939854,1496034218
2025-12-12,05:07:47,EURUSD,Sell,0.01,1.1739600000000001,0.0,0.0,0.0,1828939856,1496034220
2025-12-12,05:08:24,USDJPY,Buy,0.01,155.603,0.0,0.0,0.0,1828940015,1496034382
2025-12-12,05:08:25,EURUSD,Sell,0.01,1.17397,0.0,0.0,0.0,1828940017,1496034384
2025-12-12,05:09:02,USDJPY,Buy,0.01,155.597,0.0,0.0,0.0,1828940073,1496034443
2025-12-12,05:09:04,EURUSD,Sell,0.01,1.17391,0.0,0.0,0.0,1828940090,1496034458
2025-12-12,05:09:41,USDJPY,Buy,0.01,155.592,0.0,0.0,0.0,1828940173,1496034544
2025-12-12,05:09:42,EURUSD,Sell,0.01,1.17395,0.0,0.0,0.0,1828940176,1496034547
2025-12-12,05:10:21,USDJPY,Buy,0.01,155.59,0.0,0.0,0.0,1828940345,1496034710
2025-12-12,05:10:23,EURUSD,Sell,0.01,1.17401,0.0,0.0,0.0,1828940356,1496034721
2025-12-12,05:11:00,USDJPY,Buy,0.01,155.579,0.0,0.0,0.0,1828940687,1496035050
2025-12-12,05:11:01,EURUSD,Sell,0.01,1.17402,0.0,0.0,0.0,1828940694,1496035056
2025-12-12,05:11:38,USDJPY,Buy,0.01,155.58,0.0,0.0,0.0,1828940733,1496035095
2025-12-12,05:11:39,EURUSD,Sell,0.01,1.174,0.0,0.0,0.0,1828940738,1496035100
2025-12-12,05:12:17,USDJPY,Buy,0.01,155.579,0.0,0.0,0.0,1828940945,1496035302
2025-12-12,05:12:18,EURUSD,Sell,0.01,1.17401,0.0,0.0,0.0,1828940965,1496035322
2025-12-12,05:12:58,USDJPY,Buy,0.01,155.579,0.0,0.0,0.0,1828941046,1496035401
2025-12-12,05:12:59,EURUSD,Sell,0.01,1.17399,0.0,0.0,0.0,1828941049,1496035404
2025-12-12,05:13:37,USDJPY,Buy,0.01,155.577,0.0,0.0,0.0,1828941165,1496035510
2025-12-12,05:13:38,EURUSD,Sell,0.01,1.174,0.0,0.0,0.0,1828941168,1496035513
2025-12-12,05:13:54,USDJPY,Sell,0.01,155.543,-0.01,0.0,0.0,1828941302,1496035636
2025-12-12,05:13:54,USDJPY,Sell,0.01,155.543,0.0,0.0,0.0,1828941303,1496035637
2025-12-12,05:13:54,USDJPY,Sell,0.01,155.543,0.0,0.0,0.0,1828941304,1496035638
2025-12-12,05:13:54,USDJPY,Sell,0.01,155.543,0.0,0.0,0.0,1828941305,1496035639
2025-12-12,05:13:54,USDJPY,Sell,0.01,155.543,-0.01,0.0,0.0,1828941306,1496035640
2025-12-12,05:14:15,USDJPY,Buy,0.01,155.571,0.0,0.0,0.0,1828941658,1496035987
2025-12-12,05:14:16,EURUSD,Sell,0.01,1.17398,0.0,0.0,0.0,1828941669,1496035998
2025-12-12,05:14:20,USDJPY,Sell,0.01,155.546,-0.56,0.0,0.0,1828941700,1496036029
2025-12-12,05:14:54,USDJPY,Buy,0.01,155.571,0.0,0.0,0.0,1828942264,1496036602
2025-12-12,05:14:55,EURUSD,Sell,0.01,1.17399,0.0,0.0,0.0,1828942268,1496036606
2025-12-12,05:15:08,USDJPY,Sell,0.01,155.54,-0.01,0.0,0.0,1828942411,1496036706
2025-12-12,05:15:08,USDJPY,Sell,0.01,155.54,-0.01,0.0,0.0,1828942412,1496036707
2025-12-12,05:15:32,USDJPY,Buy,0.01,155.571,0.0,0.0,0.0,1828942526,1496036819
2025-12-12,05:15:34,EURUSD,Sell,0.01,1.17391,0.0,0.0,0.0,1828942532,1496036825
2025-12-12,05:15:39,USDJPY,Sell,0.01,155.541,-0.5,0.0,0.0,1828942554,1496036847
2025-12-12,05:15:39,USDJPY,Sell,0.01,155.541,-0.56,0.0,0.0,1828942560,1496036853
2025-12-12,05:18:34,USDJPY,Buy,0.01,155.588,0.0,0.0,0.0,1828943144,1496037420
2025-12-12,05:18:35,EURUSD,Sell,0.01,1.17375,0.0,0.0,0.0,1828943151,1496037428
2025-12-12,05:18:36,EURUSD,Sell,0.01,1.17375,0.0,0.0,0.0,1828943153,1496037430
2025-12-12,05:18:36,EURUSD,Sell,0.01,1.17375,0.0,0.0,0.0,1828943154,1496037431
2025-12-12,05:19:15,USDJPY,Buy,0.01,155.595,0.0,0.0,0.0,1828943485,1496037765
2025-12-12,05:19:16,EURUSD,Sell,0.01,1.17371,0.0,0.0,0.0,1828943486,1496037766
2025-12-12,05:19:17,EURUSD,Sell,0.01,1.17371,0.0,0.0,0.0,1828943488,1496037767
2025-12-12,05:19:17,EURUSD,Sell,0.01,1.17371,0.0,0.0,0.0,1828943489,1496037768
2025-12-12,05:19:21,EURUSD,Sell,0.01,1.17368,0.0,0.0,0.0,1828943506,1496037785
2025-12-12,05:19:59,USDJPY,Buy,0.01,155.598,0.0,0.0,0.0,1828944037,1496038315
2025-12-12,05:20:00,EURUSD,Sell,0.01,1.17367,0.0,0.0,0.0,1828944078,1496038354
2025-12-12,05:20:01,EURUSD,Sell,0.01,1.17367,0.0,0.0,0.0,1828944086,1496038360
2025-12-12,05:20:01,EURUSD,Sell,0.01,1.17366,0.0,0.0,0.0,1828944092,1496038364
2025-12-12,05:20:38,USDJPY,Buy,0.01,155.599,0.0,0.0,0.0,1828944368,1496038639
2025-12-12,05:20:39,EURUSD,Sell,0.01,1.17364,0.0,0.0,0.0,1828944374,1496038644
2025-12-12,05:20:40,EURUSD,Sell,0.01,1.17364,0.0,0.0,0.0,1828944379,1496038648
2025-12-12,05:20:41,EURUSD,Sell,0.01,1.17364,0.0,0.0,0.0,1828944383,1496038652
2025-12-12,05:20:41,EURUSD,Sell,0.01,1.17364,0.0,0.0,0.0,1828944385,1496038654
2025-12-12,05:20:42,EURUSD,Sell,0.01,1.17364,0.0,0.0,0.0,1828944390,1496038659
2025-12-12,05:20:43,EURUSD,Sell,0.01,1.17363,0.0,0.0,0.0,1828944423,1496038691
2025-12-12,05:20:44,EURUSD,Sell,0.01,1.17363,0.0,0.0,0.0,1828944425,1496038693
2025-12-12,05:20:44,EURUSD,Sell,0.01,1.17363,0.0,0.0,0.0,1828944429,1496038696
2025-12-12,05:20:47,EURUSD,Sell,0.01,1.17362,0.0,0.0,0.0,1828944439,1496038707
2025-12-12,05:20:48,EURUSD,Sell,0.01,1.17362,0.0,0.0,0.0,1828944441,1496038708
2025-12-12,05:20:48,EURUSD,Sell,0.01,1.17362,0.0,0.0,0.0,1828944442,1496038709
2025-12-12,05:20:50,EURUSD,Sell,0.01,1.17363,0.0,0.0,0.0,1828944451,1496038719
2025-12-12,05:20:51,EURUSD,Sell,0.01,1.17363,0.0,0.0,0.0,1828944454,1496038722
2025-12-12,05:20:52,EURUSD,Sell,0.01,1.17365,0.0,0.0,0.0,1828944456,1496038724
2025-12-12,05:21:32,USDJPY,Buy,0.01,155.603,0.0,0.0,0.0,1828944695,1496038961
2025-12-12,05:21:33,EURUSD,Sell,0.01,1.17368,0.0,0.0,0.0,1828944698,1496038964
2025-12-12,05:21:34,EURUSD,Sell,0.01,1.17368,0.0,0.0,0.0,1828944699,1496038965
2025-12-12,05:21:34,EURUSD,Sell,0.01,1.17368,0.0,0.0,0.0,1828944701,1496038967
2025-12-12,05:22:16,USDJPY,Buy,0.01,155.602,0.0,0.0,0.0,1828944852,1496039109
2025-12-12,05:22:17,EURUSD,Sell,0.01,1.1737,0.0,0.0,0.0,1828944855,1496039112
2025-12-12,05:22:17,EURUSD,Sell,0.01,1.1737,0.0,0.0,0.0,1828944856,1496039113
2025-12-12,05:22:17,EURUSD,Sell,0.01,1.1737,0.0,0.0,0.0,1828944857,1496039114
2025-12-12,05:22:56,USDJPY,Buy,0.01,155.595,0.0,0.0,0.0,1828944914,1496039170
2025-12-12,05:22:57,EURUSD,Sell,0.01,1.1737,0.0,0.0,0.0,1828944916,1496039172
2025-12-12,05:22:57,EURUSD,Sell,0.01,1.1737,0.0,0.0,0.0,1828944917,1496039173
2025-12-12,05:22:57,EURUSD,Sell,0.01,1.1737,0.0,0.0,0.0,1828944920,1496039176
2025-12-12,05:23:36,USDJPY,Buy,0.01,155.592,0.0,0.0,0.0,1828945099,1496039349
2025-12-12,05:23:37,EURUSD,Sell,0.01,1.1736900000000001,0.0,0.0,0.0,1828945101,1496039351
2025-12-12,05:23:37,EURUSD,Sell,0.01,1.1736900000000001,0.0,0.0,0.0,1828945102,1496039352
2025-12-12,05:23:37,EURUSD,Sell,0.01,1.1736900000000001,0.0,0.0,0.0,1828945105,1496039355
2025-12-12,05:24:14,USDJPY,Buy,0.01,155.573,0.0,0.0,0.0,1828945182,1496039420
2025-12-12,05:24:16,EURUSD,Sell,0.01,1.17374,0.0,0.0,0.0,1828945187,1496039426
2025-12-12,05:24:16,EURUSD,Sell,0.01,1.17376,0.0,0.0,0.0,1828945189,1496039428
2025-12-12,05:24:16,EURUSD,Sell,0.01,1.17376,0.0,0.0,0.0,1828945190,1496039429
2025-12-12,05:24:19,USDJPY,Sell,0.01,155.539,0.0,0.0,0.0,1828945196,1496039435
2025-12-12,05:24:22,USDJPY,Sell,0.01,155.538,-0.5,0.0,0.0,1828945204,1496039443
2025-12-12,05:24:22,USDJPY,Sell,0.01,155.538,-0.5,0.0,0.0,1828945205,1496039444
2025-12-12,05:24:57,USDJPY,Buy,0.01,155.571,0.0,0.0,0.0,1828945321,1496039560
2025-12-12,05:24:58,EURUSD,Sell,0.01,1.17378,0.0,0.0,0.0,1828945326,1496039565
2025-12-12,05:25:00,USDJPY,Sell,0.01,155.537,0.0,0.0,0.0,1828945329,1496039568
2025-12-12,05:25:03,USDJPY,Sell,0.01,155.537,-0.5,0.0,0.0,1828945395,1496039632
2025-12-12,05:25:03,USDJPY,Sell,0.01,155.537,-0.5,0.0,0.0,1828945399,1496039636
2025-12-12,05:25:03,USDJPY,Sell,0.01,155.537,-0.5,0.0,0.0,1828945400,1496039637
2025-12-12,05:25:37,USDJPY,Buy,0.01,155.581,0.0,0.0,0.0,1828945612,1496039848
2025-12-12,05:25:38,EURUSD,Sell,0.01,1.17373,0.0,0.0,0.0,1828945615,1496039850
2025-12-12,05:25:38,EURUSD,Sell,0.01,1.17373,0.0,0.0,0.0,1828945622,1496039857
2025-12-12,05:25:39,EURUSD,Sell,0.01,1.17373,0.0,0.0,0.0,1828945625,1496039859
2025-12-12,05:26:17,USDJPY,Buy,0.01,155.582,0.0,0.0,0.0,1828945948,1496040175
2025-12-12,05:26:18,EURUSD,Sell,0.01,1.17376,0.0,0.0,0.0,1828945949,1496040176
2025-12-12,05:26:55,USDJPY,Buy,0.01,155.587,0.0,0.0,0.0,1828946040,1496040261
2025-12-12,05:26:57,EURUSD,Sell,0.01,1.17373,0.0,0.0,0.0,1828946042,1496040264
2025-12-12,05:26:57,EURUSD,Sell,0.01,1.17373,0.0,0.0,0.0,1828946044,1496040266
2025-12-12,05:26:57,EURUSD,Sell,0.01,1.17373,0.0,0.0,0.0,1828946060,1496040282
2025-12-12,05:27:35,USDJPY,Buy,0.01,155.588,0.0,0.0,0.0,1828946172,1496040386
2025-12-12,05:27:36,EURUSD,Sell,0.01,1.17377,0.0,0.0,0.0,1828946175,1496040389
2025-12-12,05:28:15,USDJPY,Buy,0.01,155.579,0.0,0.0,0.0,1828946245,1496040459
2025-12-12,05:28:16,EURUSD,Sell,0.01,1.17384,0.0,0.0,0.0,1828946247,1496040461
2025-12-12,05:28:55,USDJPY,Buy,0.01,155.588,0.0,0.0,0.0,1828946274,1496040490
2025-12-12,05:28:56,EURUSD,Sell,0.01,1.17376,0.0,0.0,0.0,1828946277,1496040492
2025-12-12,05:28:56,EURUSD,Sell,0.01,1.17376,0.0,0.0,0.0,1828946278,1496040493
2025-12-12,05:28:57,EURUSD,Sell,0.01,1.17376,0.0,0.0,0.0,1828946279,1496040494
2025-12-12,05:30:09,EURUSD,Buy,0.02,1.17432,-0.12,0.0,0.06,1828946407,1496040629
2025-12-12,05:30:09,EURUSD,Buy,0.02,1.17432,-0.1,0.0,0.06,1828946408,1496040631
2025-12-12,05:30:09,EURUSD,Buy,0.02,1.17432,-0.02,0.0,0.06,1828946409,1496040632
2025-12-12,05:30:09,EURUSD,Buy,0.02,1.17432,0.0,0.0,0.06,1828946410,1496040633
2025-12-12,05:30:09,EURUSD,Buy,0.02,1.17432,-0.02,0.0,0.06,1828946411,1496040634
2025-12-12,05:30:09,EURUSD,Buy,0.02,1.17432,-0.02,0.0,0.06,1828946412,1496040636
2025-12-12,05:30:09,EURUSD,Buy,0.02,1.17432,-0.1,0.0,0.06,1828946413,1496040637
2025-12-12,05:30:09,EURUSD,Buy,0.02,1.17432,-0.22,0.0,0.06,1828946414,1496040639
2025-12-12,05:30:09,EURUSD,Buy,0.02,1.17432,-0.16,0.0,0.06,1828946415,1496040640
2025-12-12,05:30:09,EURUSD,Buy,0.02,1.17432,-0.16,0.0,0.06,1828946416,1496040641
2025-12-12,05:30:09,EURUSD,Buy,0.02,1.17432,-0.02,0.0,0.06,1828946417,1496040642
2025-12-12,05:30:09,EURUSD,Buy,0.02,1.17432,-0.02,0.0,0.06,1828946418,1496040643
2025-12-12,05:30:09,EURUSD,Buy,0.02,1.17432,-0.08,0.0,0.06,1828946419,1496040644
2025-12-12,05:30:09,EURUSD,Buy,0.02,1.17432,-0.06,0.0,0.06,1828946420,1496040645
2025-12-12,05:30:09,EURUSD,Buy,0.02,1.17432,-0.08,0.0,0.06,1828946421,1496040646
2025-12-12,05:30:09,EURUSD,Buy,0.02,1.17432,-0.04,0.0,0.06,1828946422,1496040647
2025-12-12,05:30:09,EURUSD,Buy,0.02,1.17432,-0.02,0.0,0.06,1828946423,1496040648
2025-12-12,05:30:09,EURUSD,Buy,0.02,1.17432,0.0,0.0,0.06,1828946424,1496040649
2025-12-12,05:30:09,EURUSD,Buy,0.02,1.17432,-0.06,0.0,0.06,1828946425,1496040650
2025-12-12,05:30:09,EURUSD,Buy,0.02,1.17432,-0.06,0.0,0.06,1828946426,1496040651
2025-12-12,05:30:09,EURUSD,Buy,0.02,1.17432,-0.04,0.0,0.06,1828946427,1496040652
2025-12-12,05:30:09,EURUSD,Buy,0.02,1.17432,-0.06,0.0,0.06,1828946428,1496040653
2025-12-12,05:30:09,EURUSD,Buy,0.02,1.17432,-0.14,0.0,0.06,1828946429,1496040654
2025-12-12,05:30:09,EURUSD,Buy,0.02,1.17432,-0.14,0.0,0.06,1828946430,1496040655
2025-12-12,05:30:09,EURUSD,Buy,0.01,1.17432,-0.68,0.0,0.03,1828946431,1496040656
2025-12-12,05:30:09,EURUSD,Buy,0.01,1.17432,-0.68,0.0,0.03,1828946432,1496040657
2025-12-12,05:30:09,EURUSD,Buy,0.01,1.17432,-0.69,0.0,0.03,1828946433,1496040658
2025-12-12,05:30:09,EURUSD,Buy,0.01,1.17432,-0.69,0.0,0.03,1828946434,1496040659
2025-12-12,05:30:09,EURUSD,Buy,0.01,1.17432,-0.69,0.0,0.03,1828946435,1496040660
2025-12-12,05:30:09,EURUSD,Buy,0.01,1.17432,-0.7,0.0,0.03,1828946436,1496040661
2025-12-12,05:30:09,EURUSD,Buy,0.01,1.17432,-0.7,0.0,0.03,1828946437,1496040662
2025-12-12,05:30:09,EURUSD,Buy,0.01,1.17432,-0.69,0.0,0.03,1828946438,1496040663
2025-12-12,05:30:09,EURUSD,Buy,0.01,1.17432,-0.69,0.0,0.03,1828946439,1496040664
2025-12-12,05:30:09,EURUSD,Buy,0.01,1.17432,-0.67,0.0,0.03,1828946440,1496040665
2025-12-12,05:30:09,EURUSD,Buy,0.02,1.17432,0.0,0.0,0.06,1828946442,1496040666
2025-12-12,05:30:09,EURUSD,Buy,0.02,1.17432,-0.04,0.0,0.06,1828946443,1496040667
2025-12-12,05:30:09,EURUSD,Buy,0.02,1.17432,-0.12,0.0,0.06,1828946444,1496040668
2025-12-12,05:30:09,EURUSD,Buy,0.02,1.17432,-0.1,0.0,0.06,1828946445,1496040669
2025-12-12,05:30:13,USDJPY,Buy,0.01,155.653,0.0,0.0,0.0,1828946459,1496040679
2025-12-12,05:30:15,EURUSD,Sell,0.01,1.17357,0.0,0.0,0.0,1828946461,1496040681
2025-12-12,05:30:19,EURUSD,Buy,0.01,1.17432,-0.57,0.0,0.03,1828946466,1496040688
2025-12-12,05:30:19,EURUSD,Buy,0.01,1.17432,-0.57,0.0,0.03,1828946467,1496040689
2025-12-12,05:30:19,EURUSD,Buy,0.01,1.17432,-0.57,0.0,0.03,1828946468,1496040690
2025-12-12,05:30:20,EURUSD,Buy,0.01,1.17432,-0.61,0.0,0.03,1828946469,1496040691
2025-12-12,05:30:20,EURUSD,Buy,0.01,1.17432,-0.61,0.0,0.03,1828946470,1496040692
2025-12-12,05:30:20,EURUSD,Buy,0.01,1.17432,-0.61,0.0,0.03,1828946471,1496040693
2025-12-12,05:30:20,EURUSD,Buy,0.01,1.17432,-0.64,0.0,0.03,1828946473,1496040695
2025-12-12,05:30:20,EURUSD,Buy,0.01,1.17432,-0.65,0.0,0.03,1828946477,1496040699
2025-12-12,05:30:21,EURUSD,Buy,0.01,1.17432,-0.65,0.0,0.03,1828946478,1496040700
2025-12-12,05:30:21,EURUSD,Buy,0.01,1.17432,-0.66,0.0,0.03,1828946480,1496040702
2025-12-12,05:30:21,EURUSD,Buy,0.01,1.17419,-0.55,0.0,0.03,1828946482,1496040705
2025-12-12,05:30:21,EURUSD,Buy,0.01,1.17419,-0.55,0.0,0.03,1828946484,1496040706
2025-12-12,05:30:22,EURUSD,Buy,0.01,1.17419,-0.55,0.0,0.03,1828946485,1496040708
2025-12-12,05:30:22,EURUSD,Buy,0.01,1.17419,-0.57,0.0,0.03,1828946487,1496040710
2025-12-12,05:30:22,EURUSD,Buy,0.01,1.17419,-0.51,0.0,0.03,1828946489,1496040712
2025-12-12,05:30:22,EURUSD,Buy,0.01,1.17419,-0.51,0.0,0.03,1828946490,1496040713
2025-12-12,05:30:23,EURUSD,Buy,0.01,1.17419,-0.51,0.0,0.03,1828946492,1496040715
2025-12-12,05:30:23,EURUSD,Buy,0.01,1.17419,-0.49,0.0,0.03,1828946493,1496040716
2025-12-12,05:30:23,EURUSD,Buy,0.01,1.17419,-0.49,0.0,0.03,1828946494,1496040717
2025-12-12,05:30:23,EURUSD,Buy,0.01,1.17419,-0.49,0.0,0.03,1828946495,1496040718
2025-12-12,05:30:23,EURUSD,Buy,0.01,1.17419,-0.49,0.0,0.03,1828946496,1496040719
2025-12-12,05:30:24,EURUSD,Buy,0.01,1.17419,-0.49,0.0,0.03,1828946497,1496040720
2025-12-12,05:30:24,EURUSD,Buy,0.01,1.17419,-0.49,0.0,0.03,1828946498,1496040721
2025-12-12,05:30:24,EURUSD,Buy,0.01,1.17419,-0.5,0.0,0.03,1828946499,1496040722
2025-12-12,05:30:24,EURUSD,Buy,0.01,1.17419,-0.5,0.0,0.03,1828946500,1496040723
2025-12-12,05:30:25,EURUSD,Buy,0.01,1.17419,-0.5,0.0,0.03,1828946502,1496040725
2025-12-12,05:30:25,EURUSD,Buy,0.01,1.17419,-0.45,0.0,0.03,1828946504,1496040727
2025-12-12,05:30:25,EURUSD,Buy,0.01,1.17419,-0.46,0.0,0.03,1828946506,1496040729
2025-12-12,05:30:25,EURUSD,Buy,0.01,1.17419,-0.46,0.0,0.03,1828946508,1496040731
2025-12-12,05:30:25,EURUSD,Buy,0.01,1.17419,-0.46,0.0,0.03,1828946510,1496040733
2025-12-12,05:30:26,EURUSD,Buy,0.01,1.17419,-0.46,0.0,0.03,1828946512,1496040735
2025-12-12,05:30:26,EURUSD,Buy,0.01,1.17419,-0.46,0.0,0.03,1828946514,1496040737
2025-12-12,05:30:26,EURUSD,Buy,0.01,1.17419,-0.46,0.0,0.03,1828946515,1496040738
2025-12-12,05:31:00,USDJPY,Buy,0.01,155.681,0.0,0.0,0.0,1828946551,1496040779
2025-12-12,05:31:01,EURUSD,Sell,0.01,1.17362,0.0,0.0,0.0,1828946556,1496040784
2025-12-12,05:31:05,EURUSD,Buy,0.01,1.17421,-0.45,0.0,0.03,1828946559,1496040787
2025-12-12,05:31:05,EURUSD,Buy,0.01,1.17421,-0.45,0.0,0.03,1828946560,1496040788
2025-12-12,05:31:06,EURUSD,Buy,0.01,1.17421,-0.45,0.0,0.03,1828946561,1496040789
2025-12-12,05:31:06,EURUSD,Buy,0.01,1.17421,-0.44,0.0,0.03,1828946562,1496040790
2025-12-12,05:31:06,EURUSD,Buy,0.01,1.17421,-0.45,0.0,0.03,1828946563,1496040791
2025-12-12,05:31:06,EURUSD,Buy,0.01,1.17421,-0.45,0.0,0.03,1828946564,1496040792
2025-12-12,05:31:06,EURUSD,Buy,0.01,1.17421,-0.45,0.0,0.03,1828946565,1496040793
2025-12-12,05:31:07,USDJPY,Sell,0.01,155.542,-0.71,0.0,0.0,1828946566,1496040794
2025-12-12,05:31:07,EURUSD,Buy,0.01,1.17421,-0.64,0.0,0.0,1828946567,1496040795
2025-12-12,05:31:40,USDJPY,Buy,0.01,155.627,0.0,0.0,0.0,1828946609,1496040842
2025-12-12,05:31:41,EURUSD,Sell,0.01,1.17365,0.0,0.0,0.0,1828946610,1496040843
2025-12-12,05:31:46,EURUSD,Buy,0.01,1.17426,-0.48,0.0,0.03,1828946616,1496040849
2025-12-12,05:31:46,USDJPY,Sell,0.01,155.542,-0.89,0.0,0.0,1828946617,1496040850
2025-12-12,05:31:46,EURUSD,Buy,0.01,1.17426,-0.64,0.0,0.0,1828946618,1496040851
2025-12-12,05:31:46,EURUSD,Buy,0.02,1.17435,-0.04,0.0,0.06,1828946619,1496040852
2025-12-12,05:32:19,USDJPY,Buy,0.01,155.627,0.0,0.0,0.0,1828946637,1496040870
2025-12-12,05:32:21,EURUSD,Sell,0.01,1.17384,0.0,0.0,0.0,1828946638,1496040871
2025-12-12,05:32:25,EURUSD,Buy,0.01,1.17432,-0.48,0.0,0.03,1828946647,1496040880
2025-12-12,05:32:25,USDJPY,Sell,0.01,155.542,-0.55,0.0,0.0,1828946648,1496040881
2025-12-12,05:32:25,EURUSD,Buy,0.01,1.17432,-0.67,0.0,0.0,1828946650,1496040883
2025-12-12,05:32:58,USDJPY,Buy,0.01,155.627,0.0,0.0,0.0,1828946692,1496040927
2025-12-12,05:33:00,EURUSD,Sell,0.01,1.17384,0.0,0.0,0.0,1828946696,1496040931
2025-12-12,05:33:04,USDJPY,Sell,0.01,155.542,-0.55,0.0,0.0,1828946705,1496040939
2025-12-12,05:33:04,EURUSD,Buy,0.01,1.17432,-0.48,0.0,0.0,1828946706,1496040940
2025-12-12,05:33:37,USDJPY,Buy,0.01,155.627,0.0,0.0,0.0,1828946716,1496040951
2025-12-12,05:33:39,EURUSD,Sell,0.01,1.17384,0.0,0.0,0.0,1828946717,1496040952
2025-12-12,05:33:43,USDJPY,Sell,0.01,155.542,-0.55,0.0,0.0,1828946718,1496040954
2025-12-12,05:33:43,EURUSD,Buy,0.01,1.17432,-0.48,0.0,0.0,1828946719,1496040955
2025-12-12,05:34:17,USDJPY,Buy,0.01,155.626,0.0,0.0,0.0,1828946726,1496040967
2025-12-12,05:34:18,EURUSD,Sell,0.01,1.17364,0.0,0.0,0.0,1828946728,1496040969
2025-12-12,05:34:22,USDJPY,Sell,0.01,155.543,-0.54,0.0,0.0,1828946736,1496040978
2025-12-12,05:34:56,USDJPY,Buy,0.01,155.626,0.0,0.0,0.0,1828946747,1496040993
2025-12-12,05:34:57,EURUSD,Sell,0.01,1.17361,0.0,0.0,0.0,1828946750,1496040996
2025-12-12,05:35:05,USDJPY,Sell,0.01,155.552,-0.48,0.0,0.0,1828946756,1496041003
2025-12-12,05:35:06,EURUSD,Buy,0.01,1.17422,-0.58,0.0,0.0,1828946757,1496041004
2025-12-12,05:35:30,USDJPY,Sell,0.01,155.53,-0.01,0.0,0.02,1828946764,1496041016
2025-12-12,05:35:31,USDJPY,Sell,0.01,155.528,0.0,0.0,0.02,1828946765,1496041018
2025-12-12,05:35:31,USDJPY,Sell,0.01,155.528,-0.01,0.0,0.02,1828946766,1496041019
2025-12-12,05:35:39,USDJPY,Buy,0.01,155.588,0.0,0.0,0.0,1828946771,1496041023
2025-12-12,05:35:41,EURUSD,Sell,0.01,1.17371,0.0,0.0,0.0,1828946772,1496041024
2025-12-12,05:35:45,USDJPY,Sell,0.01,155.528,-0.55,0.0,0.02,1828946773,1496041025
2025-12-12,05:35:45,USDJPY,Sell,0.01,155.528,-0.48,0.0,0.02,1828946774,1496041026
2025-12-12,05:35:45,USDJPY,Sell,0.01,155.528,-0.5,0.0,0.02,1828946775,1496041027
2025-12-12,05:35:46,USDJPY,Sell,0.01,155.528,-0.48,0.0,0.02,1828946776,1496041028
2025-12-12,05:35:46,USDJPY,Sell,0.01,155.528,-0.55,0.0,0.02,1828946777,1496041029
2025-12-12,05:35:46,USDJPY,Sell,0.01,155.528,-0.48,0.0,0.02,1828946778,1496041030
2025-12-12,05:35:46,USDJPY,Sell,0.01,155.528,-0.48,0.0,0.02,1828946779,1496041031
2025-12-12,05:35:47,USDJPY,Sell,0.01,155.528,-0.48,0.0,0.02,1828946780,1496041032
2025-12-12,05:35:47,USDJPY,Sell,0.01,155.528,-0.48,0.0,0.02,1828946781,1496041033
2025-12-12,05:35:47,USDJPY,Sell,0.01,155.528,-0.63,0.0,0.0,1828946782,1496041034
2025-12-12,05:35:47,EURUSD,Buy,0.01,1.17421,-0.6,0.0,0.0,1828946783,1496041035
2025-12-12,05:36:10,USDJPY,Sell,0.01,155.525,0.0,0.0,0.02,1828946789,1496041043
2025-12-12,05:36:10,USDJPY,Sell,0.01,155.517,-0.03,0.0,0.02,1828946790,1496041044
2025-12-12,05:36:21,USDJPY,Buy,0.01,155.594,0.0,0.0,0.0,1828946799,1496041054
2025-12-12,05:36:22,EURUSD,Sell,0.01,1.17373,0.0,0.0,0.0,1828946801,1496041056
2025-12-12,05:36:26,USDJPY,Sell,0.01,155.524,-0.49,0.0,0.02,1828946802,1496041057
2025-12-12,05:36:26,USDJPY,Sell,0.01,155.524,-0.49,0.0,0.02,1828946803,1496041058
2025-12-12,05:36:27,USDJPY,Sell,0.01,155.524,-0.5,0.0,0.02,1828946804,1496041059
2025-12-12,05:36:27,USDJPY,Sell,0.01,155.524,-0.49,0.0,0.02,1828946805,1496041060
2025-12-12,05:36:27,USDJPY,Sell,0.01,155.524,-0.5,0.0,0.02,1828946806,1496041061
2025-12-12,05:36:27,USDJPY,Sell,0.01,155.524,-0.5,0.0,0.02,1828946807,1496041062
2025-12-12,05:36:28,USDJPY,Sell,0.01,155.524,-0.5,0.0,0.02,1828946808,1496041063
2025-12-12,05:37:02,EURUSD,Sell,0.01,1.17375,0.0,0.0,0.0,1828946823,1496041078
2025-12-12,05:37:06,USDJPY,Sell,0.01,155.513,-0.52,0.0,0.02,1828946825,1496041080
2025-12-12,05:37:06,USDJPY,Sell,0.01,155.513,-0.51,0.0,0.02,1828946826,1496041081
2025-12-12,05:37:06,USDJPY,Sell,0.01,155.513,-0.5,0.0,0.02,1828946827,1496041082
2025-12-12,05:37:06,USDJPY,Sell,0.01,155.513,-0.5,0.0,0.02,1828946828,1496041083
2025-12-12,05:37:07,USDJPY,Sell,0.01,155.513,-0.51,0.0,0.02,1828946830,1496041085
2025-12-12,05:37:07,USDJPY,Sell,0.01,155.513,-0.52,0.0,0.02,1828946831,1496041086
2025-12-12,05:37:07,USDJPY,Sell,0.01,155.513,-0.55,0.0,0.02,1828946832,1496041087
2025-12-12,05:37:07,USDJPY,Sell,0.01,155.513,-0.53,0.0,0.02,1828946833,1496041088
2025-12-12,05:37:08,USDJPY,Sell,0.01,155.513,-0.51,0.0,0.02,1828946835,1496041090
2025-12-12,05:37:08,USDJPY,Sell,0.01,155.513,-0.5,0.0,0.02,1828946836,1496041091
2025-12-12,05:37:08,USDJPY,Sell,0.01,155.513,-0.51,0.0,0.02,1828946837,1496041093
2025-12-12,05:37:08,USDJPY,Sell,0.01,155.513,-0.5,0.0,0.02,1828946838,1496041094
2025-12-12,05:37:09,USDJPY,Sell,0.01,155.513,-0.5,0.0,0.02,1828946840,1496041096
2025-12-12,05:37:09,USDJPY,Sell,0.01,155.513,-0.51,0.0,0.02,1828946842,1496041098
2025-12-12,05:37:09,USDJPY,Sell,0.01,155.513,-0.49,0.0,0.02,1828946843,1496041099
2025-12-12,05:37:09,USDJPY,Sell,0.01,155.513,-0.49,0.0,0.02,1828946844,1496041100
2025-12-12,05:37:10,USDJPY,Sell,0.01,155.513,-0.5,0.0,0.02,1828946845,1496041101
2025-12-12,05:37:10,USDJPY,Sell,0.01,155.513,-0.51,0.0,0.02,1828946846,1496041102
2025-12-12,05:37:10,USDJPY,Sell,0.01,155.513,-0.54,0.0,0.02,1828946848,1496041103
2025-12-12,05:37:10,USDJPY,Sell,0.01,155.513,-0.51,0.0,0.02,1828946849,1496041104
2025-12-12,05:37:11,USDJPY,Sell,0.01,155.513,-0.5,0.0,0.02,1828946850,1496041105
2025-12-12,05:37:11,USDJPY,Sell,0.01,155.513,-0.53,0.0,0.02,1828946851,1496041106
2025-12-12,05:37:11,USDJPY,Sell,0.01,155.513,-0.55,0.0,0.02,1828946852,1496041107
2025-12-12,05:37:12,USDJPY,Sell,0.01,155.513,-0.55,0.0,0.02,1828946853,1496041108
2025-12-12,05:37:12,USDJPY,Sell,0.01,155.513,-0.53,0.0,0.02,1828946854,1496041109
2025-12-12,05:37:12,USDJPY,Sell,0.01,155.513,-0.51,0.0,0.02,1828946855,1496041110
2025-12-12,05:37:12,EURUSD,Buy,0.01,1.17418,-0.47,0.0,0.0,1828946856,1496041111
2025-12-12,05:37:12,USDJPY,Sell,0.01,155.513,-0.52,0.0,0.0,1828946857,1496041112
2025-12-12,05:37:47,EURUSD,Sell,0.01,1.17375,0.0,0.0,0.0,1828946870,1496041126
2025-12-12,05:37:51,USDJPY,Sell,0.01,155.507,-0.52,0.0,0.02,1828946872,1496041128
2025-12-12,05:37:51,USDJPY,Sell,0.01,155.507,-0.5,0.0,0.02,1828946873,1496041129
2025-12-12,05:37:51,USDJPY,Sell,0.01,155.507,-0.52,0.0,0.02,1828946874,1496041130
2025-12-12,05:37:51,USDJPY,Sell,0.01,155.507,-0.51,0.0,0.02,1828946875,1496041131
2025-12-12,05:37:52,USDJPY,Sell,0.01,155.507,-0.52,0.0,0.02,1828946876,1496041133
2025-12-12,05:37:52,USDJPY,Sell,0.01,155.507,-0.51,0.0,0.02,1828946877,1496041134
2025-12-12,05:37:52,USDJPY,Sell,0.01,155.507,-0.52,0.0,0.02,1828946878,1496041135
2025-12-12,05:37:53,USDJPY,Sell,0.01,155.507,-0.51,0.0,0.02,1828946879,1496041136
2025-12-12,05:37:53,USDJPY,Sell,0.01,155.507,-0.52,0.0,0.02,1828946880,1496041137
2025-12-12,05:37:53,USDJPY,Sell,0.01,155.507,-0.52,0.0,0.02,1828946881,1496041138
2025-12-12,05:37:54,USDJPY,Sell,0.01,155.507,-0.52,0.0,0.0,1828946882,1496041139
2025-12-12,05:37:54,EURUSD,Buy,0.01,1.17419,-0.46,0.0,0.0,1828946883,1496041140
2025-12-12,07:32:08,EURUSD,Buy,0.02,1.17444,0.0,0.0,0.06,1828967688,1496071749
2025-12-12,07:32:08,EURUSD,Buy,0.02,1.17444,0.0,0.0,0.06,1828967689,1496071750
2025-12-12,08:30:30,GOLD,Sell,5.1,4267.21,-5635.5,0.0,-531.17,1828993720,1496097456
2025-12-12,08:30:30,EURUSD,Buy,0.01,1.17419,-0.44,0.0,0.0,1828993765,1496097489
2025-12-12,08:33:15,TaiwanCash,Sell,0.05,2365.07,-0.01,0.0,-0.02,1828995982,1496099674
2025-12-12,08:33:15,TaiwanCash,Sell,0.05,2365.07,-0.32,0.0,-0.02,1828995983,1496099676
2025-12-12,08:33:15,TaiwanCash,Sell,0.05,2365.07,-0.31,0.0,-0.02,1828995984,1496099677
2025-12-12,08:33:15,TaiwanCash,Sell,0.05,2365.07,-0.32,0.0,-0.02,1828995985,1496099678
2025-12-12,08:33:15,TaiwanCash,Sell,0.05,2365.07,-0.31,0.0,-0.02,1828995986,1496099679
2025-12-12,08:33:15,TaiwanCash,Sell,0.05,2365.07,-0.31,0.0,-0.02,1828995987,1496099680
2025-12-12,08:33:15,TaiwanCash,Sell,0.05,2365.07,-0.31,0.0,-0.02,1828995988,1496099681
2025-12-12,08:33:15,TaiwanCash,Sell,0.05,2365.07,-0.31,0.0,-0.02,1828995989,1496099682
2025-12-12,15:29:15,NETH25Cash,Sell,0.1,951.71,0.0,0.0,-0.02,1829205109,1496304912
2025-12-12,15:29:15,NETH25Cash,Sell,0.1,951.71,0.0,0.0,-0.02,1829205110,1496304913
2025-12-12,15:29:32,NETH25Cash,Sell,0.1,951.66,0.0,0.0,-0.02,1829205169,1496304971
2025-12-12,15:29:45,NETH25Cash,Sell,0.1,951.46,-0.01,0.0,-0.02,1829205228,1496305031
2025-12-12,16:34:58,NETH25Cash,Sell,0.1,949.76,0.38,0.0,-0.02,1829284782,1496383004
2025-12-12,16:35:00,EURUSD,Sell,0.01,1.17286,0.0,0.0,0.0,1829284848,1496383070
2025-12-12,16:35:01,EURUSD,Sell,0.01,1.17286,0.0,0.0,0.0,1829284864,1496383084
2025-12-12,16:35:01,EURUSD,Sell,0.01,1.17287,0.0,0.0,0.0,1829284872,1496383090
2025-12-12,16:35:03,USDJPY,Buy,0.01,155.817,0.0,0.0,0.0,1829284893,1496383112
2025-12-12,16:35:04,USDJPY,Buy,0.01,155.818,0.0,0.0,0.0,1829284907,1496383124
2025-12-12,16:35:06,EURUSD,Buy,0.01,1.17307,1.1400000000000001,0.0,0.03,1829284914,1496383131
2025-12-12,16:35:07,EURUSD,Sell,0.01,1.17287,0.0,0.0,0.0,1829284920,1496383139
2025-12-12,16:35:07,NETH25Cash,Sell,0.1,949.68,-0.28,0.0,-0.02,1829284925,1496383144
2025-12-12,16:35:09,USDJPY,Buy,0.01,155.821,0.0,0.0,0.0,1829284947,1496383166
2025-12-12,16:35:10,NETH25Cash,Sell,0.1,949.76,-0.28,0.0,-0.02,1829284956,1496383175
2025-12-12,16:35:11,NETH25Cash,Sell,0.1,949.83,-0.28,0.0,-0.02,1829284964,1496383183
2025-12-12,16:35:12,NETH25Cash,Sell,0.1,949.83,-0.31,0.0,-0.02,1829284969,1496383188
2025-12-12,16:35:13,NETH25Cash,Sell,0.1,949.81,-0.31,0.0,-0.02,1829284994,1496383215
2025-12-12,16:35:13,NETH25Cash,Sell,0.1,949.81,-0.31,0.0,-0.02,1829285020,1496383242
2025-12-12,16:35:15,NETH25Cash,Sell,0.1,949.81,-0.31,0.0,-0.02,1829285041,1496383263
2025-12-12,16:35:16,NETH25Cash,Sell,0.1,949.83,-0.29,0.0,-0.02,1829285059,1496383279
2025-12-12,16:35:17,NETH25Cash,Sell,0.1,949.8,-0.31,0.0,-0.02,1829285063,1496383283
2025-12-12,16:35:18,NETH25Cash,Sell,0.1,949.85,-0.31,0.0,-0.02,1829285078,1496383298
2025-12-12,16:35:19,NETH25Cash,Sell,0.1,949.88,-0.29,0.0,-0.02,1829285107,1496383326
2025-12-12,16:35:20,NETH25Cash,Sell,0.1,949.95,-0.27,0.0,-0.02,1829285122,1496383343
2025-12-12,16:35:23,NETH25Cash,Sell,0.1,949.9,-0.27,0.0,-0.02,1829285155,1496383379
2025-12-12,16:35:24,NETH25Cash,Sell,0.1,949.9,-0.26,0.0,-0.02,1829285167,1496383391
2025-12-12,16:35:25,NETH25Cash,Sell,0.1,949.85,-0.27,0.0,-0.02,1829285174,1496383398
2025-12-12,16:35:26,NETH25Cash,Sell,0.1,949.85,-0.31,0.0,-0.02,1829285181,1496383405
2025-12-12,16:35:27,NETH25Cash,Sell,0.1,949.85,-0.29,0.0,-0.02,1829285191,1496383415
2025-12-12,16:35:28,NETH25Cash,Sell,0.1,949.85,-0.29,0.0,-0.02,1829285195,1496383420
2025-12-12,16:35:30,NETH25Cash,Sell,0.1,949.85,-0.29,0.0,-0.02,1829285223,1496383448
2025-12-12,16:35:32,USDJPY,Buy,0.01,155.821,0.0,0.0,0.0,1829285264,1496383487
2025-12-12,16:35:34,USDJPY,Buy,0.01,155.822,0.0,0.0,0.0,1829285412,1496383635
2025-12-12,16:35:36,USDJPY,Buy,0.01,155.822,0.0,0.0,0.0,1829285434,1496383657
2025-12-12,16:35:37,USDJPY,Buy,0.01,155.822,0.0,0.0,0.0,1829285439,1496383663
2025-12-12,16:35:40,USDJPY,Buy,0.01,155.828,0.0,0.0,0.0,1829285613,1496383840
2025-12-12,16:35:40,NETH25Cash,Sell,0.1,949.81,-0.32,0.0,-0.02,1829285679,1496383903
2025-12-12,16:35:42,USDJPY,Buy,0.01,155.831,0.0,0.0,0.0,1829285699,1496383922
2025-12-12,16:35:44,NETH25Cash,Sell,0.1,949.68,-0.33,0.0,-0.02,1829285717,1496383940
2025-12-12,16:35:46,USDJPY,Buy,0.01,155.829,0.0,0.0,0.0,1829285748,1496383971
2025-12-12,16:35:46,NETH25Cash,Sell,0.1,949.63,-0.34,0.0,-0.02,1829285757,1496383978
2025-12-12,16:35:48,USDJPY,Buy,0.01,155.83,0.0,0.0,0.0,1829285777,1496383997
2025-12-12,16:35:49,NETH25Cash,Sell,0.1,949.71,-0.33,0.0,-0.02,1829285786,1496384006
2025-12-12,16:35:51,USDJPY,Buy,0.01,155.829,0.0,0.0,0.0,1829285812,1496384032
2025-12-12,16:35:53,USDJPY,Buy,0.01,155.831,0.0,0.0,0.0,1829285819,1496384039
2025-12-12,16:35:54,NETH25Cash,Sell,0.1,949.68,-0.33,0.0,-0.02,1829285828,1496384048
2025-12-12,16:35:55,NETH25Cash,Sell,0.1,949.68,-0.33,0.0,-0.02,1829285862,1496384081
2025-12-12,16:35:57,EURUSD,Buy,0.01,1.17316,0.86,0.0,0.03,1829285881,1496384099
2025-12-12,16:35:58,EURUSD,Sell,0.01,1.17297,0.0,0.0,0.0,1829285889,1496384108
2025-12-12,16:36:00,EURUSD,Buy,0.01,1.17316,0.85,0.0,0.03,1829285903,1496384119
2025-12-12,16:36:01,EURUSD,Sell,0.01,1.17297,0.0,0.0,0.0,1829285907,1496384121
2025-12-12,16:36:03,USDJPY,Buy,0.01,155.831,0.0,0.0,0.0,1829285991,1496384213
2025-12-12,16:36:04,EURUSD,Buy,0.01,1.17313,0.91,0.0,0.03,1829286012,1496384234
2025-12-12,16:36:09,EURUSD,Sell,0.01,1.17297,0.0,0.0,0.0,1829286170,1496384391
2025-12-12,16:36:11,USDJPY,Buy,0.01,155.821,0.0,0.0,0.0,1829286217,1496384438
2025-12-12,16:36:12,EURUSD,Buy,0.01,1.17317,0.88,0.0,0.03,1829286245,1496384466
2025-12-12,16:36:13,EURUSD,Sell,0.01,1.17298,0.0,0.0,0.0,1829286257,1496384478
2025-12-12,16:36:14,EURUSD,Buy,0.01,1.17317,0.88,0.0,0.03,1829286279,1496384499
2025-12-12,16:36:16,EURUSD,Sell,0.01,1.17298,0.0,0.0,0.0,1829286320,1496384540
2025-12-12,16:36:18,EURUSD,Buy,0.01,1.17317,0.87,0.0,0.03,1829286380,1496384599
2025-12-12,16:36:19,EURUSD,Sell,0.01,1.17298,0.0,0.0,0.0,1829286406,1496384625
2025-12-12,16:36:21,USDJPY,Buy,0.01,155.829,0.0,0.0,0.0,1829286449,1496384669
2025-12-12,16:36:23,EURUSD,Buy,0.01,1.17317,0.89,0.0,0.03,1829286476,1496384696
2025-12-12,16:36:24,EURUSD,Sell,0.01,1.17298,0.0,0.0,0.0,1829286504,1496384723
2025-12-12,16:36:28,USDJPY,Buy,0.01,155.829,0.0,0.0,0.0,1829286585,1496384802
2025-12-12,16:36:30,EURUSD,Buy,0.01,1.17321,0.86,0.0,0.03,1829286628,1496384845
2025-12-12,16:36:31,EURUSD,Sell,0.01,1.17302,0.0,0.0,0.0,1829286638,1496384855
2025-12-12,16:36:33,EURUSD,Buy,0.01,1.17321,0.85,0.0,0.03,1829286657,1496384876
2025-12-12,16:36:34,EURUSD,Sell,0.01,1.17299,0.0,0.0,0.0,1829286678,1496384896
2025-12-12,16:36:36,EURUSD,Buy,0.01,1.17316,0.86,0.0,0.03,1829286737,1496384953
2025-12-12,16:36:38,EURUSD,Sell,0.01,1.17297,0.0,0.0,0.0,1829286755,1496384971
2025-12-12,16:36:40,EURUSD,Buy,0.01,1.17316,0.85,0.0,0.03,1829286777,1496384993
2025-12-12,16:36:41,EURUSD,Sell,0.01,1.17297,0.0,0.0,0.0,1829286785,1496385001
2025-12-12,16:36:43,EURUSD,Buy,0.01,1.17318,0.84,0.0,0.03,1829286821,1496385037
2025-12-12,16:36:44,EURUSD,Sell,0.01,1.17298,0.0,0.0,0.0,1829286830,1496385046
2025-12-12,16:36:46,EURUSD,Buy,0.01,1.17321,0.78,0.0,0.03,1829286987,1496385202
2025-12-12,16:36:47,EURUSD,Sell,0.01,1.17302,0.0,0.0,0.0,1829286994,1496385209
2025-12-12,16:36:49,EURUSD,Buy,0.01,1.17321,0.78,0.0,0.03,1829287022,1496385237
2025-12-12,16:36:51,EURUSD,Sell,0.01,1.17302,0.0,0.0,0.0,1829287198,1496385411
2025-12-12,16:36:53,EURUSD,Buy,0.01,1.17322,0.78,0.0,0.03,1829287244,1496385458
2025-12-12,16:36:54,EURUSD,Sell,0.01,1.17298,0.0,0.0,0.0,1829287262,1496385475
2025-12-12,16:36:58,EURUSD,Buy,0.01,1.17322,0.8,0.0,0.03,1829287347,1496385560
2025-12-12,16:36:59,EURUSD,Sell,0.01,1.17301,0.0,0.0,0.0,1829287367,1496385580
2025-12-12,16:37:01,USDJPY,Buy,0.01,155.825,0.0,0.0,0.0,1829287419,1496385630
2025-12-12,16:37:03,EURUSD,Buy,0.01,1.1732,0.93,0.0,0.03,1829287442,1496385655
2025-12-12,16:37:05,EURUSD,Sell,0.01,1.173,0.0,0.0,0.0,1829287472,1496385685
2025-12-12,16:37:07,USDJPY,Buy,0.01,155.828,0.0,0.0,0.0,1829287531,1496385745
2025-12-12,16:37:09,EURUSD,Buy,0.01,1.17312,1.01,0.0,0.03,1829287568,1496385779
2025-12-12,16:37:10,EURUSD,Sell,0.01,1.17289,0.0,0.0,0.0,1829287578,1496385788
2025-12-12,16:37:11,USDJPY,Buy,0.01,155.835,0.0,0.0,0.0,1829287601,1496385812
2025-12-12,16:37:13,EURUSD,Buy,0.01,1.17305,1.1,0.0,0.03,1829287629,1496385840
2025-12-12,16:37:14,EURUSD,Sell,0.01,1.17286,0.0,0.0,0.0,1829287641,1496385852
2025-12-12,16:37:16,USDJPY,Buy,0.01,155.838,0.0,0.0,0.0,1829287698,1496385910
2025-12-12,16:37:18,EURUSD,Buy,0.01,1.17306,1.05,0.0,0.03,1829287730,1496385941
2025-12-12,16:37:19,EURUSD,Sell,0.01,1.17287,0.0,0.0,0.0,1829287743,1496385954
2025-12-12,16:37:20,USDJPY,Buy,0.01,155.836,0.0,0.0,0.0,1829287771,1496385985
2025-12-12,16:37:22,EURUSD,Buy,0.01,1.17306,1.05,0.0,0.03,1829287809,1496386023
2025-12-12,16:37:23,EURUSD,Sell,0.01,1.17287,0.0,0.0,0.0,1829287819,1496386032
2025-12-12,16:37:25,USDJPY,Buy,0.01,155.834,0.0,0.0,0.0,1829287859,1496386074
2025-12-12,16:37:27,EURUSD,Buy,0.01,1.17302,1.19,0.0,0.03,1829287897,1496386112
2025-12-12,16:37:28,EURUSD,Sell,0.01,1.17283,0.0,0.0,0.0,1829287907,1496386122
2025-12-12,16:37:30,EURUSD,Sell,0.01,1.17283,0.0,0.0,0.0,1829288038,1496386251
2025-12-12,16:37:32,EURUSD,Sell,0.01,1.17282,0.0,0.0,0.0,1829288076,1496386289
2025-12-12,16:37:33,USDJPY,Buy,0.01,155.842,0.0,0.0,0.0,1829288089,1496386303
2025-12-12,16:37:35,EURUSD,Sell,0.01,1.17282,0.0,0.0,0.0,1829288103,1496386316
2025-12-12,16:37:37,EURUSD,Sell,0.01,1.1728399999999999,0.0,0.0,0.0,1829288117,1496386331
2025-12-12,16:37:38,EURUSD,Sell,0.01,1.17286,0.0,0.0,0.0,1829288129,1496386344
2025-12-12,16:37:40,EURUSD,Sell,0.01,1.17293,0.0,0.0,0.0,1829288144,1496386359
2025-12-12,16:37:42,EURUSD,Sell,0.01,1.17288,0.0,0.0,0.0,1829288166,1496386381
2025-12-12,16:37:45,EURUSD,Sell,0.01,1.17296,0.0,0.0,0.0,1829288223,1496386436
2025-12-12,16:37:48,EURUSD,Sell,0.01,1.17298,0.0,0.0,0.0,1829288261,1496386474
2025-12-12,16:37:50,EURUSD,Sell,0.01,1.17299,0.0,0.0,0.0,1829288281,1496386494
2025-12-12,16:37:52,EURUSD,Sell,0.01,1.17298,0.0,0.0,0.0,1829288307,1496386521
2025-12-12,16:37:54,EURUSD,Sell,0.01,1.17298,0.0,0.0,0.0,1829288427,1496386641
2025-12-12,16:37:56,EURUSD,Sell,0.01,1.17298,0.0,0.0,0.0,1829288436,1496386650
2025-12-12,16:37:58,EURUSD,Sell,0.01,1.17298,0.0,0.0,0.0,1829288444,1496386657
2025-12-12,16:38:00,EURUSD,Sell,0.01,1.17299,0.0,0.0,0.0,1829288478,1496386688
2025-12-12,16:38:02,EURUSD,Sell,0.01,1.17301,0.0,0.0,0.0,1829288496,1496386706
2025-12-12,16:38:05,USDJPY,Buy,0.01,155.804,0.0,0.0,0.0,1829288584,1496386791
2025-12-12,16:38:07,EURUSD,Sell,0.01,1.17305,0.0,0.0,0.0,1829288623,1496386825
2025-12-12,16:38:09,USDJPY,Buy,0.01,155.805,0.0,0.0,0.0,1829288666,1496386865
2025-12-12,16:38:11,EURUSD,Sell,0.01,1.17304,0.0,0.0,0.0,1829288730,1496386916
2025-12-12,16:38:13,USDJPY,Buy,0.01,155.804,0.0,0.0,0.0,1829288849,1496387028
2025-12-12,16:38:14,EURUSD,Sell,0.01,1.17304,0.0,0.0,0.0,1829288879,1496387052
2025-12-12,16:38:16,USDJPY,Buy,0.01,155.804,0.0,0.0,0.0,1829288901,1496387065
2025-12-12,16:38:18,EURUSD,Sell,0.01,1.17303,0.0,0.0,0.0,1829288925,1496387081
2025-12-12,16:38:21,EURUSD,Sell,0.01,1.17301,0.0,0.0,0.0,1829288969,1496387121
2025-12-12,16:38:23,USDJPY,Buy,0.01,155.809,0.0,0.0,0.0,1829289017,1496387162
2025-12-12,16:38:26,EURUSD,Sell,0.01,1.17297,0.0,0.0,0.0,1829289090,1496387226
2025-12-12,16:38:28,USDJPY,Buy,0.01,155.818,0.0,0.0,0.0,1829289112,1496387245
2025-12-12,16:38:30,EURUSD,Sell,0.01,1.17296,0.0,0.0,0.0,1829289158,1496387288
2025-12-12,16:38:31,USDJPY,Buy,0.01,155.817,0.0,0.0,0.0,1829289176,1496387301
2025-12-12,16:38:34,EURUSD,Sell,0.01,1.17296,0.0,0.0,0.0,1829289209,1496387328
2025-12-12,16:38:36,EURUSD,Sell,0.01,1.17297,0.0,0.0,0.0,1829289242,1496387358
2025-12-12,16:38:38,EURUSD,Sell,0.01,1.17298,0.0,0.0,0.0,1829289271,1496387383
2025-12-12,16:38:39,USDJPY,Buy,0.01,155.819,0.0,0.0,0.0,1829289287,1496387395
2025-12-12,16:38:42,EURUSD,Sell,0.01,1.17297,0.0,0.0,0.0,1829289324,1496387426
2025-12-12,16:38:43,EURUSD,Sell,0.01,1.17297,0.0,0.0,0.0,1829289346,1496387445
2025-12-12,16:38:46,EURUSD,Sell,0.01,1.17297,0.0,0.0,0.0,1829289364,1496387453
2025-12-12,16:38:48,EURUSD,Sell,0.01,1.17297,0.0,0.0,0.0,1829289389,1496387476
2025-12-12,16:38:50,EURUSD,Sell,0.01,1.17297,0.0,0.0,0.0,1829289406,1496387490
2025-12-12,16:38:52,EURUSD,Sell,0.01,1.17296,0.0,0.0,0.0,1829289448,1496387535
2025-12-12,16:38:53,EURUSD,Sell,0.01,1.17296,0.0,0.0,0.0,1829289502,1496387587
2025-12-12,16:38:55,EURUSD,Sell,0.01,1.17297,0.0,0.0,0.0,1829289567,1496387648
2025-12-12,16:38:57,EURUSD,Sell,0.01,1.17297,0.0,0.0,0.0,1829289591,1496387668
2025-12-12,16:38:59,EURUSD,Sell,0.01,1.17296,0.0,0.0,0.0,1829289615,1496387690
2025-12-12,16:39:01,EURUSD,Sell,0.01,1.17296,0.0,0.0,0.0,1829289651,1496387723
2025-12-12,16:39:03,EURUSD,Sell,0.01,1.17296,0.0,0.0,0.0,1829289667,1496387738
2025-12-12,16:39:05,EURUSD,Sell,0.01,1.17298,0.0,0.0,0.0,1829289697,1496387769
2025-12-12,16:39:07,EURUSD,Sell,0.01,1.17298,0.0,0.0,0.0,1829289729,1496387806
2025-12-12,16:39:09,EURUSD,Sell,0.01,1.17296,0.0,0.0,0.0,1829289779,1496387859
2025-12-12,16:39:11,EURUSD,Sell,0.01,1.17296,0.0,0.0,0.0,1829289826,1496387907
2025-12-12,16:39:16,USDJPY,Buy,0.01,155.808,0.0,0.0,0.0,1829289953,1496388033
2025-12-12,16:39:18,EURUSD,Sell,0.01,1.17294,0.0,0.0,0.0,1829289984,1496388064
2025-12-12,16:39:21,USDJPY,Buy,0.01,155.807,0.0,0.0,0.0,1829290026,1496388106
2025-12-12,16:39:23,EURUSD,Sell,0.01,1.17294,0.0,0.0,0.0,1829290071,1496388152
2025-12-12,16:39:24,USDJPY,Buy,0.01,155.809,0.0,0.0,0.0,1829290104,1496388185
2025-12-12,16:39:26,EURUSD,Sell,0.01,1.17293,0.0,0.0,0.0,1829290126,1496388204
2025-12-12,16:39:28,USDJPY,Buy,0.01,155.806,0.0,0.0,0.0,1829290142,1496388219
2025-12-12,16:39:30,EURUSD,Sell,0.01,1.17297,0.0,0.0,0.0,1829290166,1496388243
2025-12-12,16:39:31,USDJPY,Buy,0.01,155.806,0.0,0.0,0.0,1829290186,1496388258
2025-12-12,16:39:33,EURUSD,Sell,0.01,1.17297,0.0,0.0,0.0,1829290224,1496388291
2025-12-12,16:39:36,USDJPY,Buy,0.01,155.808,0.0,0.0,0.0,1829290252,1496388316
2025-12-12,16:39:38,EURUSD,Sell,0.01,1.17297,0.0,0.0,0.0,1829290277,1496388342
2025-12-12,16:39:40,USDJPY,Buy,0.01,155.806,0.0,0.0,0.0,1829290292,1496388359
2025-12-12,16:39:41,EURUSD,Sell,0.01,1.17297,0.0,0.0,0.0,1829290376,1496388444
2025-12-12,16:39:43,USDJPY,Buy,0.01,155.804,0.0,0.0,0.0,1829290429,1496388497
2025-12-12,16:39:45,EURUSD,Sell,0.01,1.17298,0.0,0.0,0.0,1829290440,1496388509
2025-12-12,16:39:46,USDJPY,Buy,0.01,155.804,0.0,0.0,0.0,1829290454,1496388527
2025-12-12,16:39:48,USDJPY,Buy,0.01,155.804,0.0,0.0,0.0,1829290499,1496388572
2025-12-12,16:39:51,USDJPY,Buy,0.01,155.804,0.0,0.0,0.0,1829290529,1496388601
2025-12-12,16:39:53,USDJPY,Buy,0.01,155.807,0.0,0.0,0.0,1829290550,1496388620
2025-12-12,16:39:55,USDJPY,Buy,0.01,155.808,0.0,0.0,0.0,1829290601,1496388669
2025-12-12,16:39:58,EURUSD,Sell,0.01,1.17297,0.0,0.0,0.0,1829290617,1496388685
2025-12-12,16:39:58,EURUSD,Sell,0.01,1.17297,0.0,0.0,0.0,1829290623,1496388693
2025-12-12,16:40:00,EURUSD,Sell,0.01,1.17297,0.0,0.0,0.0,1829290639,1496388710
2025-12-12,16:40:34,USDJPY,Buy,0.01,155.795,0.0,0.0,0.0,1829291183,1496389192
2025-12-12,16:40:34,EURUSD,Sell,0.01,1.17297,0.0,0.0,0.0,1829291187,1496389196
2025-12-12,16:40:35,USDJPY,Buy,0.01,155.795,0.0,0.0,0.0,1829291200,1496389208
2025-12-12,16:40:35,USDJPY,Buy,0.01,155.795,0.0,0.0,0.0,1829291205,1496389212
2025-12-12,16:40:35,EURUSD,Sell,0.01,1.17297,0.0,0.0,0.0,1829291209,1496389216
2025-12-12,16:40:36,USDJPY,Buy,0.01,155.795,0.0,0.0,0.0,1829291212,1496389219
2025-12-12,16:40:36,USDJPY,Buy,0.01,155.795,0.0,0.0,0.0,1829291217,1496389224
2025-12-12,16:42:17,USDJPY,Buy,0.01,155.805,0.0,0.0,0.0,1829292962,1496390967
2025-12-12,16:42:17,EURUSD,Sell,0.01,1.17299,0.0,0.0,0.0,1829292967,1496390972
2025-12-12,16:42:51,USDJPY,Buy,0.01,155.835,0.0,0.0,0.0,1829293537,1496391537
2025-12-12,16:42:51,EURUSD,Sell,0.01,1.17292,0.0,0.0,0.0,1829293539,1496391539
2025-12-12,16:42:51,USDJPY,Buy,0.01,155.831,0.0,0.0,0.0,1829293541,1496391541
2025-12-12,16:42:52,USDJPY,Buy,0.01,155.831,0.0,0.0,0.0,1829293545,1496391545
2025-12-12,16:42:52,EURUSD,Sell,0.01,1.17292,0.0,0.0,0.0,1829293548,1496391548
2025-12-12,16:42:52,USDJPY,Buy,0.01,155.831,0.0,0.0,0.0,1829293552,1496391552
2025-12-12,16:42:52,USDJPY,Buy,0.01,155.831,0.0,0.0,0.0,1829293555,1496391555
2025-12-12,16:42:53,USDJPY,Buy,0.01,155.831,0.0,0.0,0.0,1829293557,1496391557
2025-12-12,16:42:53,USDJPY,Buy,0.01,155.831,0.0,0.0,0.0,1829293560,1496391560
2025-12-12,16:42:53,USDJPY,Buy,0.01,155.831,0.0,0.0,0.0,1829293562,1496391562
2025-12-12,16:42:54,USDJPY,Buy,0.01,155.831,0.0,0.0,0.0,1829293564,1496391564
2025-12-12,16:42:54,USDJPY,Buy,0.01,155.831,0.0,0.0,0.0,1829293572,1496391573
2025-12-12,16:46:14,USDJPY,Buy,0.01,155.854,0.0,0.0,0.0,1829300666,1496398652
2025-12-12,16:46:48,USDJPY,Buy,0.01,155.859,0.0,0.0,0.0,1829301438,1496399436
2025-12-12,16:46:48,EURUSD,Sell,0.01,1.17297,0.0,0.0,0.0,1829301443,1496399440
2025-12-12,16:46:48,USDJPY,Buy,0.01,155.859,0.0,0.0,0.0,1829301452,1496399451
2025-12-12,16:46:49,USDJPY,Buy,0.01,155.862,0.0,0.0,0.0,1829301462,1496399459
2025-12-12,16:46:49,EURUSD,Sell,0.01,1.17297,0.0,0.0,0.0,1829301468,1496399466
2025-12-12,16:47:22,USDJPY,Buy,0.01,155.866,0.0,0.0,0.0,1829302134,1496400081
2025-12-12,16:47:23,EURUSD,Sell,0.01,1.17293,0.0,0.0,0.0,1829302140,1496400086
2025-12-12,16:47:23,USDJPY,Buy,0.01,155.866,0.0,0.0,0.0,1829302145,1496400090
2025-12-12,16:47:23,USDJPY,Buy,0.01,155.866,0.0,0.0,0.0,1829302148,1496400094
2025-12-12,20:18:37,USDJPY,Sell,0.01,156.106,3.36,0.0,0.02,1829544250,1496620439
2025-12-12,20:18:37,USDJPY,Sell,0.01,156.106,3.38,0.0,0.02,1829544251,1496620440
2025-12-12,20:18:37,USDJPY,Sell,0.01,156.106,3.35,0.0,0.02,1829544252,1496620441
2025-12-12,20:18:37,USDJPY,Sell,0.01,156.106,3.35,0.0,0.02,1829544253,1496620442
2025-12-12,20:18:37,USDJPY,Sell,0.01,156.106,3.37,0.0,0.02,1829544254,1496620444
2025-12-12,20:18:37,USDJPY,Sell,0.01,156.106,3.36,0.0,0.02,1829544255,1496620445
2025-12-12,20:18:37,USDJPY,Sell,0.01,156.106,3.36,0.0,0.02,1829544256,1496620446
2025-12-12,20:18:37,USDJPY,Sell,0.01,156.106,3.37,0.0,0.02,1829544257,1496620447
2025-12-12,20:18:37,USDJPY,Sell,0.01,156.106,3.35,0.0,0.02,1829544258,1496620448
2025-12-12,20:18:37,USDJPY,Sell,0.01,156.106,3.38,0.0,0.02,1829544259,1496620451
2025-12-12,20:18:37,USDJPY,Sell,0.01,156.106,3.38,0.0,0.02,1829544260,1496620452
2025-12-12,20:18:37,USDJPY,Sell,0.01,156.106,3.36,0.0,0.02,1829544261,1496620454
2025-12-12,20:18:37,USDJPY,Sell,0.01,156.106,3.36,0.0,0.02,1829544262,1496620455
2025-12-12,20:18:37,USDJPY,Sell,0.01,156.106,3.36,0.0,0.02,1829544263,1496620456
2025-12-12,20:18:37,USDJPY,Sell,0.01,156.106,3.38,0.0,0.02,1829544264,1496620457
2025-12-12,20:18:37,USDJPY,Sell,0.01,156.106,3.37,0.0,0.02,1829544265,1496620458
2025-12-12,20:18:37,USDJPY,Sell,0.01,156.106,3.38,0.0,0.02,1829544266,1496620459
2025-12-12,20:18:37,USDJPY,Sell,0.01,156.106,3.38,0.0,0.02,1829544267,1496620460
2025-12-12,20:18:37,USDJPY,Sell,0.01,156.106,3.39,0.0,0.02,1829544268,1496620461
2025-12-12,20:18:37,USDJPY,Sell,0.01,156.106,3.43,0.0,0.02,1829544269,1496620462
2025-12-12,20:18:37,USDJPY,Sell,0.01,156.106,3.43,0.0,0.02,1829544270,1496620463
2025-12-12,20:18:37,USDJPY,Sell,0.01,156.106,3.43,0.0,0.02,1829544271,1496620464
2025-12-12,20:18:37,USDJPY,Sell,0.01,156.106,3.41,0.0,0.02,1829544272,1496620465
2025-12-12,20:18:37,USDJPY,Sell,0.01,156.106,3.43,0.0,0.02,1829544273,1496620466
2025-12-12,20:18:37,USDJPY,Sell,0.01,156.106,3.36,0.0,0.02,1829544274,1496620467
2025-12-12,20:18:37,USDJPY,Sell,0.01,156.106,3.36,0.0,0.02,1829544275,1496620468
2025-12-12,20:18:37,USDJPY,Sell,0.01,156.109,3.4,0.0,0.02,1829544276,1496620469
2025-12-12,20:18:37,USDJPY,Sell,0.01,156.109,1.87,0.0,0.0,1829544277,1496620470
2025-12-12,20:18:37,USDJPY,Sell,0.01,156.109,1.8599999999999999,0.0,0.0,1829544278,1496620471
2025-12-12,20:18:37,USDJPY,Sell,0.01,156.109,1.8399999999999999,0.0,0.0,1829544279,1496620472
2025-12-12,20:18:37,USDJPY,Sell,0.01,156.109,1.8399999999999999,0.0,0.0,1829544280,1496620473
2025-12-12,20:18:37,USDJPY,Sell,0.01,156.109,1.8399999999999999,0.0,0.0,1829544281,1496620474
2025-12-12,20:18:37,USDJPY,Sell,0.01,156.109,1.8399999999999999,0.0,0.0,1829544282,1496620475
2025-12-12,20:18:37,USDJPY,Sell,0.01,156.109,1.8399999999999999,0.0,0.0,1829544283,1496620476
2025-12-12,20:18:37,USDJPY,Sell,0.01,156.109,1.8,0.0,0.0,1829544284,1496620477
2025-12-12,20:18:37,USDJPY,Sell,0.01,156.109,1.78,0.0,0.0,1829544285,1496620478
2025-12-12,20:18:37,USDJPY,Sell,0.01,156.109,1.79,0.0,0.0,1829544286,1496620479
2025-12-12,20:18:37,USDJPY,Sell,0.01,156.109,1.79,0.0,0.0,1829544287,1496620480
2025-12-12,20:18:37,USDJPY,Sell,0.01,156.109,1.79,0.0,0.0,1829544288,1496620481
2025-12-12,20:18:37,USDJPY,Sell,0.01,156.109,1.78,0.0,0.0,1829544289,1496620482
2025-12-12,20:18:37,USDJPY,Sell,0.01,156.109,1.78,0.0,0.0,1829544290,1496620483
2025-12-12,20:18:37,USDJPY,Sell,0.01,156.109,1.8399999999999999,0.0,0.0,1829544291,1496620484
2025-12-12,20:18:37,USDJPY,Sell,0.01,156.109,1.79,0.0,0.0,1829544292,1496620485
2025-12-12,20:18:37,USDJPY,Sell,0.01,156.109,1.79,0.0,0.0,1829544293,1496620486
2025-12-12,20:18:37,USDJPY,Sell,0.01,156.109,1.8199999999999998,0.0,0.0,1829544294,1496620487
2025-12-12,20:18:37,USDJPY,Sell,0.01,156.109,1.8,0.0,0.0,1829544295,1496620488
2025-12-12,20:18:37,USDJPY,Sell,0.01,156.109,1.76,0.0,0.0,1829544296,1496620489
2025-12-12,20:18:37,USDJPY,Sell,0.01,156.109,1.74,0.0,0.0,1829544297,1496620490
2025-12-12,20:18:37,USDJPY,Sell,0.01,156.109,1.75,0.0,0.0,1829544298,1496620491
2025-12-12,20:18:37,USDJPY,Sell,0.01,156.109,1.76,0.0,0.0,1829544299,1496620492
2025-12-12,20:18:37,USDJPY,Sell,0.01,156.109,1.71,0.0,0.0,1829544300,1496620493
2025-12-12,20:18:37,USDJPY,Sell,0.01,156.109,1.95,0.0,0.0,1829544301,1496620494
2025-12-12,20:18:37,USDJPY,Sell,0.01,156.109,1.95,0.0,0.0,1829544302,1496620495
2025-12-12,20:18:37,USDJPY,Sell,0.01,156.109,1.95,0.0,0.0,1829544303,1496620496
2025-12-12,20:18:37,USDJPY,Sell,0.01,156.109,1.95,0.0,0.0,1829544304,1496620497
2025-12-12,20:18:37,USDJPY,Sell,0.01,156.109,1.92,0.0,0.0,1829544305,1496620498
2025-12-12,20:18:37,USDJPY,Sell,0.01,156.109,1.8599999999999999,0.0,0.0,1829544306,1496620499
2025-12-12,20:18:37,USDJPY,Sell,0.01,156.109,1.87,0.0,0.0,1829544307,1496620500
2025-12-12,20:18:37,USDJPY,Sell,0.01,156.109,1.8599999999999999,0.0,0.0,1829544308,1496620501
2025-12-12,20:18:37,USDJPY,Sell,0.01,156.109,1.9300000000000002,0.0,0.0,1829544309,1496620502
2025-12-12,20:18:37,USDJPY,Sell,0.01,156.109,1.9300000000000002,0.0,0.0,1829544310,1496620503
2025-12-12,20:18:37,USDJPY,Sell,0.01,156.109,1.92,0.0,0.0,1829544311,1496620504
2025-12-12,20:18:37,USDJPY,Sell,0.01,156.109,1.94,0.0,0.0,1829544312,1496620505
2025-12-12,20:18:37,USDJPY,Sell,0.01,156.109,1.94,0.0,0.0,1829544313,1496620506
2025-12-12,20:18:37,USDJPY,Sell,0.01,156.109,1.9300000000000002,0.0,0.0,1829544314,1496620507
2025-12-12,20:18:37,USDJPY,Sell,0.01,156.109,1.94,0.0,0.0,1829544315,1496620508
2025-12-12,20:18:37,USDJPY,Sell,0.01,156.109,1.95,0.0,0.0,1829544316,1496620509
2025-12-12,20:18:37,USDJPY,Sell,0.01,156.109,1.95,0.0,0.0,1829544317,1496620510
2025-12-12,20:18:37,USDJPY,Sell,0.01,156.109,1.95,0.0,0.0,1829544318,1496620511
2025-12-12,20:18:37,USDJPY,Sell,0.01,156.109,1.95,0.0,0.0,1829544319,1496620512
2025-12-12,20:18:37,USDJPY,Sell,0.01,156.109,1.9300000000000002,0.0,0.0,1829544320,1496620513
2025-12-12,20:18:37,USDJPY,Sell,0.01,156.109,1.9300000000000002,0.0,0.0,1829544321,1496620514
2025-12-12,20:18:37,USDJPY,Sell,0.01,156.109,2.01,0.0,0.0,1829544322,1496620515
2025-12-12,20:18:37,USDJPY,Sell,0.01,156.109,2.01,0.0,0.0,1829544323,1496620516
2025-12-12,20:18:37,USDJPY,Sell,0.01,156.109,2.01,0.0,0.0,1829544324,1496620517
2025-12-12,20:18:37,USDJPY,Sell,0.01,156.109,2.01,0.0,0.0,1829544325,1496620518
2025-12-12,20:18:37,USDJPY,Sell,0.01,156.109,2.01,0.0,0.0,1829544326,1496620519
2025-12-12,20:18:37,USDJPY,Sell,0.01,156.109,1.95,0.0,0.0,1829544327,1496620521
2025-12-12,20:18:37,USDJPY,Sell,0.01,156.109,1.76,0.0,0.0,1829544328,1496620522
2025-12-12,20:18:37,USDJPY,Sell,0.01,156.109,1.78,0.0,0.0,1829544329,1496620523
2025-12-12,20:18:37,USDJPY,Sell,0.01,156.109,1.78,0.0,0.0,1829544330,1496620524
2025-12-12,20:18:37,USDJPY,Sell,0.01,156.109,1.78,0.0,0.0,1829544331,1496620525
2025-12-12,20:18:37,USDJPY,Sell,0.01,156.109,1.78,0.0,0.0,1829544332,1496620526
2025-12-12,20:18:37,USDJPY,Sell,0.01,156.107,1.77,0.0,0.0,1829544333,1496620527
2025-12-12,20:18:37,USDJPY,Sell,0.01,156.107,1.77,0.0,0.0,1829544334,1496620528
2025-12-12,20:18:37,USDJPY,Sell,0.01,156.107,1.77,0.0,0.0,1829544335,1496620529
2025-12-12,20:18:37,USDJPY,Sell,0.01,156.107,1.77,0.0,0.0,1829544336,1496620530
2025-12-12,20:18:37,USDJPY,Sell,0.01,156.107,1.77,0.0,0.0,1829544337,1496620531
2025-12-12,20:18:37,USDJPY,Sell,0.01,156.107,1.62,0.0,0.0,1829544338,1496620532
2025-12-12,20:18:37,USDJPY,Sell,0.01,156.107,1.5899999999999999,0.0,0.0,1829544339,1496620533
2025-12-12,20:18:37,USDJPY,Sell,0.01,156.107,1.5899999999999999,0.0,0.0,1829544340,1496620534
2025-12-12,20:18:37,USDJPY,Sell,0.01,156.107,1.5699999999999998,0.0,0.0,1829544341,1496620535
2025-12-12,20:18:37,USDJPY,Sell,0.01,156.107,1.54,0.0,0.0,1829544342,1496620536
2025-12-12,20:18:37,USDJPY,Sell,0.01,156.107,1.54,0.0,0.0,1829544343,1496620537
2025-12-12,20:18:37,USDJPY,Sell,0.01,156.107,1.54,0.0,0.0,1829544344,1496620538
2025-12-12,20:18:37,USDJPY,Sell,0.01,156.107,6.41,0.0,0.02,1829544345,1496620539
2025-12-12,20:18:37,USDJPY,Sell,0.01,156.107,3.4699999999999998,0.0,0.02,1829544346,1496620540
2025-12-12,20:18:37,USDJPY,Sell,0.01,156.107,3.45,0.0,0.02,1829544347,1496620541
2025-12-12,20:18:37,USDJPY,Sell,0.01,156.107,3.46,0.0,0.02,1829544348,1496620542
2025-12-12,20:18:37,USDJPY,Sell,0.01,156.107,3.5300000000000002,0.0,0.02,1829544350,1496620543
2025-12-12,20:18:37,USDJPY,Sell,0.01,156.107,3.5300000000000002,0.0,0.02,1829544351,1496620544
2025-12-12,20:18:37,USDJPY,Sell,0.01,156.107,3.54,0.0,0.02,1829544352,1496620545
2025-12-12,20:18:37,USDJPY,Sell,0.01,156.107,3.5300000000000002,0.0,0.02,1829544353,1496620546
2025-12-12,20:18:37,USDJPY,Sell,0.01,156.107,3.52,0.0,0.02,1829544354,1496620547
2025-12-12,20:18:37,USDJPY,Sell,0.01,156.107,3.5,0.0,0.02,1829544355,1496620548
2025-12-12,20:18:37,USDJPY,Sell,0.01,156.107,3.5300000000000002,0.0,0.02,1829544356,1496620549
2025-12-12,20:18:37,USDJPY,Sell,0.01,156.107,3.5300000000000002,0.0,0.02,1829544357,1496620550
2025-12-12,20:18:37,USDJPY,Sell,0.01,156.107,3.52,0.0,0.02,1829544358,1496620551
2025-12-12,20:18:37,USDJPY,Sell,0.01,156.107,3.52,0.0,0.02,1829544359,1496620552
2025-12-12,20:18:37,USDJPY,Sell,0.01,156.107,3.38,0.0,0.02,1829544360,1496620553
2025-12-12,20:18:37,USDJPY,Sell,0.01,156.107,3.38,0.0,0.02,1829544361,1496620554
2025-12-12,20:18:37,USDJPY,Sell,0.01,156.107,3.38,0.0,0.02,1829544362,1496620555
2025-12-12,20:18:37,USDJPY,Sell,0.01,156.106,3.36,0.0,0.02,1829544363,1496620556
2025-12-12,20:18:37,USDJPY,Sell,0.01,156.106,3.37,0.0,0.02,1829544364,1496620557
2025-12-12,22:02:27,EURUSD,Buy,0.01,1.17375,0.0,0.0,0.0,1829710591,1496781098
2025-12-12,22:09:30,EURUSD,Buy,0.01,1.17384,0.0,0.0,0.0,1829722159,1496792410
2025-12-12,22:10:19,EURUSD,Buy,0.01,1.17399,0.0,0.0,0.03,1829725609,1496795819
2025-12-12,22:10:19,EURUSD,Buy,0.01,1.17399,0.0,0.0,0.03,1829725610,1496795823
2025-12-12,22:10:19,EURUSD,Buy,0.01,1.17399,-0.04,0.0,0.03,1829725611,1496795825
2025-12-12,22:10:19,EURUSD,Buy,0.01,1.17399,-0.08,0.0,0.03,1829725612,1496795827
2025-12-12,22:10:19,EURUSD,Buy,0.01,1.17399,-0.02,0.0,0.03,1829725613,1496795829
2025-12-12,22:10:19,EURUSD,Buy,0.01,1.17399,0.0,0.0,0.03,1829725614,1496795831
2025-12-12,22:10:19,EURUSD,Buy,0.01,1.17399,-0.01,0.0,0.03,1829725615,1496795833
2025-12-12,22:10:19,EURUSD,Buy,0.01,1.17399,0.0,0.0,0.03,1829725616,1496795834
2025-12-12,22:10:19,EURUSD,Buy,0.01,1.17399,-0.06,0.0,0.03,1829725617,1496795835
2025-12-12,22:10:19,EURUSD,Buy,0.01,1.17399,-0.05,0.0,0.03,1829725618,1496795836
2025-12-12,22:10:19,EURUSD,Buy,0.01,1.17399,-0.04,0.0,0.03,1829725619,1496795837
2025-12-12,22:10:19,EURUSD,Buy,0.01,1.17399,-0.05,0.0,0.03,1829725620,1496795839
2025-12-12,22:10:19,EURUSD,Buy,0.01,1.17399,-0.04,0.0,0.03,1829725621,1496795841
2025-12-12,22:10:19,EURUSD,Buy,0.01,1.17399,-0.03,0.0,0.03,1829725622,1496795842
2025-12-12,22:10:19,EURUSD,Buy,0.01,1.17399,-0.02,0.0,0.03,1829725623,1496795843
2025-12-12,22:10:19,EURUSD,Buy,0.01,1.17399,-0.08,0.0,0.03,1829725624,1496795845
2025-12-12,22:10:19,EURUSD,Buy,0.01,1.17399,-0.04,0.0,0.03,1829725625,1496795846
2025-12-12,22:10:19,EURUSD,Buy,0.01,1.17399,0.0,0.0,0.03,1829725626,1496795848
2025-12-12,22:10:19,EURUSD,Buy,0.01,1.17399,-0.01,0.0,0.03,1829725627,1496795849
2025-12-12,22:10:19,EURUSD,Buy,0.01,1.17399,0.0,0.0,0.03,1829725628,1496795850
2025-12-12,22:10:19,EURUSD,Buy,0.01,1.17399,-0.08,0.0,0.03,1829725629,1496795852
2025-12-12,22:10:31,EURUSD,Buy,0.01,1.174,0.0,0.0,0.03,1829726240,1496796454
2025-12-12,22:10:31,EURUSD,Buy,0.01,1.174,0.0,0.0,0.03,1829726241,1496796455
2025-12-12,22:10:31,EURUSD,Buy,0.01,1.174,0.0,0.0,0.03,1829726242,1496796456
2025-12-12,22:10:31,EURUSD,Buy,0.01,1.174,0.0,0.0,0.03,1829726243,1496796457
2025-12-12,22:10:32,EURUSD,Buy,0.01,1.17403,-0.02,0.0,0.03,1829726248,1496796464
2025-12-12,22:10:32,EURUSD,Buy,0.01,1.17403,-0.01,0.0,0.03,1829726249,1496796465
2025-12-12,22:10:32,EURUSD,Buy,0.01,1.17403,-0.02,0.0,0.03,1829726250,1496796466
2025-12-12,22:10:32,EURUSD,Buy,0.01,1.17403,-0.01,0.0,0.03,1829726251,1496796467
2025-12-12,22:10:32,EURUSD,Buy,0.01,1.17403,-0.01,0.0,0.03,1829726253,1496796469
2025-12-12,22:10:32,EURUSD,Buy,0.01,1.17403,-0.01,0.0,0.03,1829726254,1496796470
2025-12-12,22:10:32,EURUSD,Buy,0.01,1.17403,-0.02,0.0,0.03,1829726255,1496796471
2025-12-12,22:10:32,EURUSD,Buy,0.01,1.17403,0.0,0.0,0.03,1829726256,1496796472
2025-12-12,22:10:32,EURUSD,Buy,0.01,1.17403,0.0,0.0,0.03,1829726257,1496796473
2025-12-12,22:10:32,EURUSD,Buy,0.01,1.17403,0.0,0.0,0.03,1829726258,1496796474
2025-12-12,22:10:32,EURUSD,Buy,0.01,1.17403,-0.02,0.0,0.03,1829726259,1496796475
2025-12-12,22:10:32,EURUSD,Buy,0.01,1.17403,-0.01,0.0,0.03,1829726260,1496796476
2025-12-12,22:10:32,EURUSD,Buy,0.01,1.17403,-0.02,0.0,0.03,1829726261,1496796477
2025-12-12,22:10:32,EURUSD,Buy,0.01,1.17403,-0.01,0.0,0.03,1829726262,1496796478
2025-12-12,22:18:07,EURUSD,Buy,0.01,1.17404,0.0,0.0,0.03,1829737407,1496807165
2025-12-12,22:18:07,EURUSD,Buy,0.01,1.17404,0.0,0.0,0.03,1829737408,1496807167
2025-12-12,22:18:07,EURUSD,Buy,0.01,1.17404,0.0,0.0,0.03,1829737409,1496807168
2025-12-12,22:18:08,EURUSD,Buy,0.01,1.17405,0.0,0.0,0.03,1829737459,1496807214
2025-12-12,22:18:08,EURUSD,Buy,0.01,1.17405,0.0,0.0,0.03,1829737460,1496807216
2025-12-12,22:18:08,EURUSD,Buy,0.01,1.17405,0.0,0.0,0.03,1829737461,1496807217
2025-12-12,22:18:22,EURUSD,Buy,0.01,1.17407,-0.01,0.0,0.03,1829737827,1496807561
2025-12-12,22:18:22,EURUSD,Buy,0.01,1.17407,0.0,0.0,0.03,1829737828,1496807562
2025-12-12,22:18:22,EURUSD,Buy,0.01,1.17407,-0.01,0.0,0.03,1829737829,1496807563
2025-12-12,22:18:22,EURUSD,Buy,0.01,1.17407,0.0,0.0,0.03,1829737830,1496807564
2025-12-12,22:18:22,EURUSD,Buy,0.01,1.17407,0.0,0.0,0.03,1829737831,1496807565
2025-12-12,22:18:22,EURUSD,Buy,0.01,1.17407,-0.01,0.0,0.03,1829737832,1496807566
2025-12-12,22:18:22,EURUSD,Buy,0.01,1.17407,0.0,0.0,0.03,1829737833,1496807567
2025-12-12,22:18:22,EURUSD,Buy,0.01,1.17408,0.0,0.0,0.03,1829737837,1496807571
2025-12-12,22:18:22,EURUSD,Buy,0.01,1.17408,0.0,0.0,0.03,1829737838,1496807573
2025-12-12,22:18:22,EURUSD,Buy,0.01,1.17408,0.0,0.0,0.03,1829737839,1496807574
2025-12-12,22:18:31,EURUSD,Buy,0.01,1.17409,0.0,0.0,0.03,1829737949,1496807667
2025-12-12,22:21:33,EURUSD,Buy,0.01,1.17411,0.0,0.0,0.03,1829743605,1496813232
2025-12-12,22:21:33,EURUSD,Buy,0.01,1.17411,0.0,0.0,0.03,1829743606,1496813233
2025-12-12,22:21:36,EURUSD,Buy,0.01,1.1742,-0.07,0.0,0.03,1829743709,1496813338
2025-12-12,22:21:36,EURUSD,Buy,0.01,1.1742,-0.07,0.0,0.03,1829743710,1496813346
2025-12-12,22:21:36,EURUSD,Buy,0.01,1.1742,-0.05,0.0,0.03,1829743711,1496813349
2025-12-12,22:21:36,EURUSD,Buy,0.01,1.1742,0.0,0.0,0.03,1829743712,1496813351
2025-12-12,22:21:36,EURUSD,Buy,0.01,1.1742,-0.08,0.0,0.03,1829743713,1496813353
2025-12-12,22:21:36,EURUSD,Buy,0.01,1.1742,-0.04,0.0,0.03,1829743714,1496813355
2025-12-12,22:21:36,EURUSD,Buy,0.01,1.1742,-0.07,0.0,0.03,1829743715,1496813357
2025-12-12,22:21:36,EURUSD,Buy,0.01,1.17422,-0.01,0.0,0.03,1829743756,1496813387
2025-12-12,22:21:36,EURUSD,Buy,0.01,1.17422,-0.01,0.0,0.03,1829743757,1496813390
2025-12-12,22:21:36,EURUSD,Buy,0.01,1.17422,-0.01,0.0,0.03,1829743758,1496813392
2025-12-12,22:21:36,EURUSD,Buy,0.01,1.17422,-0.01,0.0,0.03,1829743759,1496813394
2025-12-12,22:21:36,EURUSD,Buy,0.01,1.17422,0.0,0.0,0.03,1829743760,1496813396
2025-12-12,22:21:36,EURUSD,Buy,0.01,1.17422,0.0,0.0,0.03,1829743761,1496813397
2025-12-12,22:21:36,EURUSD,Buy,0.01,1.17422,0.0,0.0,0.03,1829743762,1496813398
2025-12-12,22:21:36,EURUSD,Buy,0.01,1.17422,0.0,0.0,0.03,1829743763,1496813399
2025-12-12,22:21:36,EURUSD,Buy,0.01,1.17422,-1.25,0.0,0.0,1829743764,1496813400
2025-12-12,22:21:36,EURUSD,Buy,0.01,1.17422,-1.3,0.0,0.0,1829743765,1496813401
2025-12-12,22:21:36,EURUSD,Buy,0.01,1.17422,-1.25,0.0,0.0,1829743766,1496813402
2025-12-12,22:24:17,EURUSD,Buy,0.01,1.17445,-1.5899999999999999,0.0,0.0,1829752098,1496821771
2025-12-12,22:24:17,EURUSD,Buy,0.01,1.17445,-1.58,0.0,0.0,1829752099,1496821774
2025-12-15,19:49:31,EURUSD,Buy,0.01,1.17544,-0.05,0.0,0.06,1830983734,1498061505
2025-12-15,19:49:31,EURUSD,Buy,0.01,1.17544,-2.58,0.0,0.03,1830983735,1498061509
2025-12-15,19:49:31,EURUSD,Buy,0.01,1.17544,-2.57,0.0,0.03,1830983736,1498061511
2025-12-15,19:49:31,EURUSD,Buy,0.01,1.17544,-2.4699999999999998,0.0,0.03,1830983737,1498061512
2025-12-15,19:49:31,EURUSD,Buy,0.01,1.17544,-2.4699999999999998,0.0,0.03,1830983738,1498061515
2025-12-15,19:49:31,EURUSD,Buy,0.01,1.17544,-2.4699999999999998,0.0,0.03,1830983739,1498061516
2025-12-15,19:49:31,EURUSD,Buy,0.01,1.17544,-2.46,0.0,0.03,1830983740,1498061518
2025-12-15,19:49:31,EURUSD,Buy,0.01,1.17544,-2.46,0.0,0.03,1830983741,1498061519
2025-12-15,19:49:31,EURUSD,Buy,0.01,1.17544,-2.46,0.0,0.03,1830983742,1498061520
2025-12-15,19:49:31,EURUSD,Buy,0.01,1.17544,-2.46,0.0,0.03,1830983743,1498061521
2025-12-15,19:49:31,EURUSD,Buy,0.01,1.17544,-2.42,0.0,0.03,1830983744,1498061522
2025-12-15,19:49:31,EURUSD,Buy,0.01,1.17544,-2.45,0.0,0.03,1830983745,1498061523
2025-12-15,19:49:31,EURUSD,Buy,0.01,1.17544,-2.4699999999999998,0.0,0.03,1830983746,1498061524
2025-12-15,19:49:31,EURUSD,Buy,0.01,1.17544,-2.4699999999999998,0.0,0.03,1830983747,1498061525
2025-12-15,19:49:31,EURUSD,Buy,0.01,1.17544,-2.46,0.0,0.03,1830983748,1498061526
2025-12-15,19:49:31,EURUSD,Buy,0.01,1.17544,-2.42,0.0,0.03,1830983749,1498061527
2025-12-15,19:49:31,EURUSD,Buy,0.01,1.17544,-2.42,0.0,0.03,1830983750,1498061528
2025-12-15,19:49:31,EURUSD,Buy,0.01,1.17544,-2.46,0.0,0.03,1830983751,1498061529
2025-12-15,19:49:31,EURUSD,Buy,0.01,1.17544,-2.43,0.0,0.03,1830983752,1498061530
2025-12-15,19:49:31,EURUSD,Buy,0.01,1.17544,-2.44,0.0,0.03,1830983753,1498061531
2025-12-15,19:49:31,EURUSD,Buy,0.01,1.17544,-2.55,0.0,0.03,1830983754,1498061532
2025-12-15,19:49:31,EURUSD,Buy,0.01,1.17544,-2.58,0.0,0.03,1830983755,1498061533
2025-12-15,19:49:31,EURUSD,Buy,0.01,1.17544,-2.57,0.0,0.03,1830983756,1498061534
2025-12-15,19:49:31,EURUSD,Buy,0.01,1.17544,-2.57,0.0,0.03,1830983757,1498061535
2025-12-15,19:49:31,EURUSD,Buy,0.01,1.17544,-2.61,0.0,0.03,1830983758,1498061536
2025-12-15,19:49:31,EURUSD,Buy,0.01,1.17544,-2.61,0.0,0.03,1830983759,1498061537
2025-12-15,19:49:31,EURUSD,Buy,0.01,1.17544,-2.62,0.0,0.03,1830983760,1498061538
2025-12-15,19:49:31,EURUSD,Buy,0.01,1.17544,-2.62,0.0,0.03,1830983761,1498061539
2025-12-15,19:49:31,EURUSD,Buy,0.01,1.17544,-2.6,0.0,0.03,1830983762,1498061540
2025-12-15,19:49:31,EURUSD,Buy,0.01,1.17544,-2.58,0.0,0.03,1830983763,1498061541
2025-12-15,19:49:31,EURUSD,Buy,0.01,1.17544,-2.51,0.0,0.03,1830983764,1498061542
2025-12-15,19:49:31,EURUSD,Buy,0.01,1.17544,-2.56,0.0,0.03,1830983765,1498061543
2025-12-15,19:49:31,EURUSD,Buy,0.01,1.17544,-2.48,0.0,0.03,1830983766,1498061544
2025-12-15,19:49:31,EURUSD,Buy,0.01,1.17544,-2.46,0.0,0.03,1830983767,1498061545
2025-12-15,19:49:31,EURUSD,Buy,0.01,1.17544,-2.45,0.0,0.03,1830983768,1498061546
2025-12-15,19:49:31,EURUSD,Buy,0.01,1.17544,-2.46,0.0,0.03,1830983769,1498061547
2025-12-15,19:49:31,EURUSD,Buy,0.01,1.17544,-2.46,0.0,0.03,1830983770,1498061548
2025-12-15,19:49:31,EURUSD,Buy,0.01,1.17544,-2.46,0.0,0.03,1830983771,1498061549
2025-12-15,19:49:31,EURUSD,Buy,0.01,1.17544,-2.46,0.0,0.03,1830983772,1498061550
2025-12-15,19:49:31,EURUSD,Buy,0.01,1.17544,-2.45,0.0,0.03,1830983773,1498061551
2025-12-15,19:49:31,EURUSD,Buy,0.01,1.17544,-2.43,0.0,0.03,1830983774,1498061552
2025-12-15,19:49:31,EURUSD,Buy,0.01,1.17544,-2.39,0.0,0.03,1830983775,1498061553
2025-12-15,19:49:31,EURUSD,Buy,0.01,1.17544,-2.4,0.0,0.03,1830983776,1498061554
2025-12-15,19:49:31,EURUSD,Buy,0.01,1.17544,-2.4,0.0,0.03,1830983777,1498061555
2025-12-15,19:49:31,EURUSD,Buy,0.01,1.17544,-2.41,0.0,0.03,1830983778,1498061556
2025-12-15,19:49:31,EURUSD,Buy,0.01,1.17544,-2.43,0.0,0.03,1830983779,1498061557
2025-12-15,19:49:31,EURUSD,Buy,0.01,1.17544,-2.4699999999999998,0.0,0.03,1830983780,1498061558
2025-12-15,19:49:31,EURUSD,Buy,0.01,1.17544,-2.48,0.0,0.03,1830983781,1498061559
2025-12-15,19:49:31,EURUSD,Buy,0.01,1.17544,-2.48,0.0,0.03,1830983782,1498061560
2025-12-15,19:49:31,EURUSD,Buy,0.01,1.17544,-2.4699999999999998,0.0,0.03,1830983783,1498061561
2025-12-15,19:49:31,EURUSD,Buy,0.01,1.17544,-2.46,0.0,0.03,1830983784,1498061562
2025-12-15,19:49:31,EURUSD,Buy,0.01,1.17544,-2.4699999999999998,0.0,0.03,1830983785,1498061563
2025-12-15,19:49:31,EURUSD,Buy,0.01,1.17544,-2.4699999999999998,0.0,0.03,1830983786,1498061564
2025-12-15,19:49:31,EURUSD,Buy,0.01,1.17544,-2.4699999999999998,0.0,0.03,1830983787,1498061565
2025-12-15,19:49:31,EURUSD,Buy,0.01,1.17544,-2.4699999999999998,0.0,0.03,1830983788,1498061566
2025-12-15,19:49:31,EURUSD,Buy,0.01,1.17544,-2.4699999999999998,0.0,0.03,1830983789,1498061567
2025-12-15,19:49:31,EURUSD,Buy,0.01,1.17544,-2.48,0.0,0.03,1830983790,1498061568
2025-12-15,19:49:31,EURUSD,Buy,0.01,1.17544,-2.48,0.0,0.03,1830983791,1498061569
2025-12-15,19:49:31,EURUSD,Buy,0.01,1.17544,-2.4699999999999998,0.0,0.03,1830983792,1498061570
2025-12-15,19:49:31,EURUSD,Buy,0.01,1.17544,-2.4699999999999998,0.0,0.03,1830983793,1498061571
2025-12-15,19:49:31,EURUSD,Buy,0.01,1.17544,-2.48,0.0,0.03,1830983794,1498061572
2025-12-15,19:49:31,EURUSD,Buy,0.01,1.17544,-2.48,0.0,0.03,1830983795,1498061573
2025-12-15,19:49:31,EURUSD,Buy,0.01,1.17544,-2.48,0.0,0.03,1830983796,1498061574
2025-12-15,19:49:31,EURUSD,Buy,0.01,1.17544,-2.46,0.0,0.03,1830983797,1498061575
2025-12-15,19:49:31,EURUSD,Buy,0.01,1.17544,-2.46,0.0,0.03,1830983798,1498061576
2025-12-15,19:49:31,EURUSD,Buy,0.01,1.17544,-2.48,0.0,0.03,1830983799,1498061577
2025-12-15,19:49:31,EURUSD,Buy,0.01,1.17544,-2.48,0.0,0.03,1830983800,1498061578
2025-12-15,19:49:31,EURUSD,Buy,0.01,1.17544,-2.5,0.0,0.03,1830983801,1498061579
2025-12-15,19:49:31,EURUSD,Buy,0.01,1.17544,-2.5,0.0,0.03,1830983802,1498061580
2025-12-15,19:49:31,EURUSD,Buy,0.01,1.17544,-2.51,0.0,0.03,1830983803,1498061581
2025-12-15,19:49:31,EURUSD,Buy,0.01,1.17544,-2.4699999999999998,0.0,0.03,1830983804,1498061582
2025-12-15,19:49:31,EURUSD,Buy,0.01,1.17544,-2.4699999999999998,0.0,0.03,1830983805,1498061583
2025-12-15,19:49:31,EURUSD,Buy,0.01,1.17544,-2.4699999999999998,0.0,0.03,1830983806,1498061584
2025-12-15,19:49:31,EURUSD,Buy,0.01,1.17544,-2.4699999999999998,0.0,0.03,1830983807,1498061585
2025-12-15,19:49:31,EURUSD,Buy,0.01,1.17544,-2.46,0.0,0.03,1830983808,1498061586
2025-12-15,19:49:31,EURUSD,Buy,0.01,1.17544,-2.4699999999999998,0.0,0.03,1830983809,1498061587
2025-12-15,19:49:31,EURUSD,Buy,0.01,1.17544,-2.4699999999999998,0.0,0.03,1830983810,1498061588
2025-12-15,19:49:31,EURUSD,Buy,0.01,1.17544,-2.4699999999999998,0.0,0.03,1830983811,1498061589
2025-12-15,19:49:31,EURUSD,Buy,0.01,1.17544,-2.4699999999999998,0.0,0.03,1830983812,1498061590
2025-12-15,19:49:31,EURUSD,Buy,0.01,1.17544,-2.45,0.0,0.03,1830983813,1498061591
2025-12-15,19:49:31,EURUSD,Buy,0.01,1.17544,-2.52,0.0,0.03,1830983814,1498061592
2025-12-15,19:49:31,EURUSD,Buy,0.01,1.17544,-2.4699999999999998,0.0,0.03,1830983815,1498061593
2025-12-15,19:49:31,EURUSD,Buy,0.01,1.17544,-2.51,0.0,0.03,1830983816,1498061594
2025-12-16,13:01:29,,Other,0.0,0.0,9447.09,0.0,0.0,0,1498905909
2025-12-16,13:01:43,BTCUSD,Buy,2.0,85985.85,0.0,0.0,0.0,1831828027,1498906176
2025-12-18,15:43:41,AalbertsIndustries,Sell,0.4,27.71,-5.45,0.0,-0.2,1834368138,1801353930
2025-12-18,15:46:40,ETHUSD,Buy,5.1,2845.25,0.0,0.0,0.0,1834370138,1801355654
2025-12-18,15:47:36,ETHUSD,Sell,5.1,2837.97,-37.13,0.0,0.0,1834371145,1801356528
2025-12-18,17:21:14,ETHUSD,Buy,5.1,2856.78,0.0,0.0,0.0,1834435503,1801412807
2025-12-18,17:21:30,SILVER,Sell,1.0,66.027,0.0,0.0,0.0,1834435686,1801412963
2025-12-18,17:21:37,GOLD,Sell,5.1,4322.15,0.0,0.0,0.0,1834435729,1801413001
2025-12-18,17:25:57,SILVER,Buy,1.0,65.919,540.0,0.0,0.0,1834439361,1801416253
2025-12-18,17:26:08,SILVER,Sell,5.0,65.898,0.0,0.0,0.0,1834439522,1801416385
2025-12-18,17:31:19,ETHUSD,Sell,5.1,2849.66,-36.31,0.0,0.0,1834443203,1801419625
2025-12-18,18:34:45,SILVER,Buy,5.0,66.215,-7925.0,0.0,0.0,1834477155,1801452420
2025-12-18,18:37:27,GOLD,Buy,5.1,4328.81,-3396.6,0.0,0.0,1834479957,1801455209
2025-12-18,19:06:00,,Other,0.0,0.0,10860.69,0.0,0.0,0,1801470747
2025-12-18,19:57:03,SILVER,Sell,1.0,66.075,0.0,0.0,0.0,1834537446,1801510194
2025-12-18,20:00:24,GOLD,Sell,5.1,4319.15,0.0,0.0,0.0,1834548199,1801520993
2025-12-18,20:16:24,GOLD,Sell,5.1,4321.99,0.0,0.0,0.0,1834567584,1801537461
2025-12-18,21:00:03,GOLD,Buy,5.1,4331.44,-6267.9,0.0,0.0,1834638826,1801603669
2025-12-18,21:00:05,GOLD,Buy,5.1,4335.35,-6813.6,0.0,0.0,1834641502,1801606010
2025-12-18,21:00:05,SILVER,Buy,1.0,66.125,-250.0,0.0,0.0,1834641504,1801606012
2025-12-18,22:14:13,BTCUSD,Sell,2.0,87737.55,3503.4,0.0,-150.24,1834824772,1801769680
2025-12-19,04:12:59,GOLD,Buy,0.01,4337.79,0.0,0.0,0.0,1835277497,1802192511
2025-12-19,08:53:24,GOLD,Sell,0.01,4319.05,-18.74,0.0,-1.24,1835354158,1802273123
2025-12-19,15:49:31,,Other,0.0,0.0,99998.32,0.0,0.0,0,1802479192
2025-12-19,16:05:17,GOLD,Buy,10.0,4326.98,0.0,0.0,0.0,1835582387,1802486694
2025-12-19,16:25:37,GOLD,Sell,10.0,4327.51,530.0,0.0,0.0,1835594500,1802498380
2025-12-19,16:28:56,GOLD,Buy,10.0,4327.25,0.0,0.0,0.0,1835596263,1802499917
2025-12-19,23:54:43,GOLD,Sell,5.2,4343.26,8325.2,0.0,0.0,1836051266,1802941245
2025-12-20,01:59:59,BTCUSD,Buy,0.01,87360.15,0.0,0.0,0.0,1836153806,1803041886
2025-12-20,02:00:10,BTCUSD,Buy,0.2,87364.35,0.0,0.0,0.0,1836154012,1803042068
2025-12-20,02:06:24,GOLD,Sell,4.8,4349.54,10699.2,0.0,0.0,1836158931,1803046957
2025-12-20,02:11:47,GOLD,Buy,0.01,4347.1,0.0,0.0,0.0,1836163198,1803051215
2025-12-20,02:12:40,GOLD,Buy,2.0,4346.7,0.0,0.0,0.0,1836164291,1803052313
2025-12-20,02:12:44,GOLD,Buy,2.0,4347.08,0.0,0.0,0.0,1836164333,1803052355
2025-12-20,02:28:49,GOLD,Buy,20.0,4348.49,0.0,0.0,0.0,1836173626,1803061311
2025-12-20,02:28:55,GOLD,Sell,2.0,4348.06,272.0,0.0,0.0,1836173635,1803061319
2025-12-20,02:31:44,GOLD,Sell,2.0,4348.38,260.0,0.0,0.0,1836174589,1803062210
2025-12-20,02:36:33,BTCUSD,Buy,10.0,87369.45,0.0,0.0,0.0,1836176473,1803064073
2025-12-20,03:28:52,BTCUSD,Sell,10.0,87777.25,4078.0,0.0,0.0,1836196058,1803082955
2025-12-20,03:31:03,GOLD,Sell,20.0,4344.19,-8600.0,0.0,0.0,1836197915,1803084758
2025-12-20,03:50:30,BTCUSD,Buy,10.0,88038.65,0.0,0.0,0.0,1836205803,1803091707
2025-12-20,03:54:46,GOLD,Buy,10.0,4345.17,0.0,0.0,0.0,1836207433,1803093116
2025-12-20,03:56:03,BTCUSD,Sell,10.0,88124.85,862.0,0.0,0.0,1836207882,1803093558
2025-12-20,03:56:48,BTCUSD,Buy,20.0,88188.75,0.0,0.0,0.0,1836208174,1803093780
2025-12-20,04:09:48,GOLD,Sell,10.0,4341.06,-4110.0,0.0,0.0,1836212216,1803097592
2025-12-22,07:43:51,BTCUSD,Sell,20.0,89307.9,22383.0,0.0,-2253.65,1836484085,1803361886
2025-12-22,12:26:12,SILVER,Sell,0.01,69.344,0.0,0.0,0.0,1836660333,1803528810
2025-12-22,12:26:24,SILVER,Sell,10.0,69.338,0.0,0.0,0.0,1836660461,1803528930
2025-12-22,13:09:07,SILVER,Buy,5.52,68.835,13882.8,0.0,0.0,1836696636,1803563625
2025-12-22,13:10:05,SILVER,Buy,2.51,68.902,5471.8,0.0,0.0,1836697200,1803564108
2025-12-22,19:25:07,GOLD,Sell,20.0,4408.91,0.0,0.0,0.0,1836963701,1803816414
2025-12-22,22:45:40,SILVER,Buy,1.97,68.453,8717.25,0.0,0.0,1837212019,1804058293
2025-12-23,02:03:07,GOLD,Sell,0.01,4436.95,0.0,0.0,0.0,1837371091,1804214312
2025-12-23,02:03:17,GOLD,Sell,30.0,4437.04,0.0,0.0,0.0,1837371144,1804214361
2025-12-23,04:38:17,GOLD,Sell,30.0,4442.48,0.0,0.0,0.0,1837426391,1804268240
2025-12-23,06:32:47,GOLD,Buy,20.0,4450.49,-83160.0,0.0,433.4,1837442713,1804288105
2025-12-23,06:33:15,GOLD,Buy,30.0,4451.27,-42690.0,0.0,650.1,1837443557,1804288933
2025-12-23,06:43:17,GOLD,Buy,30.0,4452.96,-31440.0,0.0,650.1,1837447098,1804292342
2025-12-26,18:59:03,GOLD,Sell,0.01,4504.92,0.0,0.0,0.0,1839632538,1806424483
2025-12-26,18:59:13,GOLD,Sell,1.0,4505.18,0.0,0.0,0.0,1839632673,1806424613
2025-12-26,18:59:29,GOLD,Sell,3.0,4503.92,0.0,0.0,0.0,1839633101,1806425033
2025-12-26,20:01:02,GOLD,Buy,3.0,4514.93,-3303.0,0.0,0.0,1839676697,1806467869
2025-12-26,21:00:30,GOLD,Buy,1.0,4520.41,-1523.0,0.0,0.0,1839728361,1806518899
2025-12-26,22:19:44,SILVER,Buy,0.01,74.556,-260.6,0.0,0.25,1839829702,1806618313
2025-12-26,22:19:45,GOLD,Buy,0.01,4517.09,-80.14,0.0,1.31,1839829713,1806618324
2025-12-26,22:19:47,GOLD,Buy,0.01,4517.24,-12.32,0.0,0.0,1839829734,1806618348
2025-12-26,22:19:47,BTCUSD,Sell,0.01,87918.85,5.59,0.0,-2.61,1839829740,1806618351
2025-12-26,22:19:47,BTCUSD,Sell,0.2,87918.85,110.9,0.0,-51.94,1839829741,1806618353
2025-12-27,01:03:53,GOLD,Sell,0.01,4511.74,164.64,0.0,-9.04,1840012293,1806798457
2025-12-28,01:01:21,,Other,0.0,0.0,99998.76,0.0,0.0,0,1806960625
2025-12-28,01:06:17,BTCUSD,Buy,20.0,87552.75,0.0,0.0,0.0,1840179476,1806960787
2025-12-28,01:30:32,ZECUSD,Buy,2.0,526.1,0.0,0.0,0.0,1840180223,1806961556
2025-12-28,01:30:52,ZECUSD,Sell,1.0,517.02,0.0,0.0,0.0,1840180231,1806961564
2025-12-28,01:30:59,ZECUSD,Sell,2.0,517.51,0.0,0.0,0.0,1840180235,1806961566
2025-12-29,11:09:38,BTCUSD,Sell,20.0,89885.05,46646.0,0.0,0.0,1840472954,1807246571
