time,open,high,low,close,tick_volume,spread,real_volume,RSI,Avg_Volume,Rel_Volume,Volume_Surge,ATR,ATR_Pct,SMA_20,Distance_SMA_20,SMA_50,Distance_SMA_50,SMA_200,Distance_SMA_200,Golden_Cross,Death_Cross,BB_Upper,BB_Lower,BB_Width,ADX,High_20,Low_20,Near_High_20,Near_Low_20,High_52,Low_52,Near_High_52,Near_Low_52,Change_Pct,Change_3bar,Trend
2021-10-20 16:00:00,19.3,19.59,19.26,19.49,674,14,0,,,,0,,,,,,,,,0,0,,,,,,,0,0,,,0,0,,,Neutral
2021-10-20 20:00:00,19.49,19.5,19.28,19.33,340,14,0,,,,0,,,,,,,,,0,0,,,,,,,0,0,,,0,0,-0.8209338122113885,,Neutral
2021-10-21 16:00:00,19.23,19.36,19.19,19.2,791,14,0,,,,0,,,,,,,,,0,0,,,,,,,0,0,,,0,0,-0.6725297465080105,,Neutral
2021-10-21 20:00:00,19.2,19.29,19.14,19.28,319,14,0,,,,0,,,,,,,,,0,0,,,,,,,0,0,,,0,0,0.4166666666666874,-1.077475628527436,Neutral
2021-10-22 16:00:00,19.81,19.97,19.35,19.55,1695,14,0,,,,0,,,,,,,,,0,0,,,,,,,0,0,,,0,0,1.4004149377593311,1.138127263321275,Neutral
2021-10-22 20:00:00,19.54,19.57,19.38,19.41,477,14,0,,,,0,,,,,,,,,0,0,,,,,,,0,0,,,0,0,-0.7161125319693151,1.0937500000000044,Neutral
2021-10-25 16:00:00,19.54,19.69,19.5,19.57,1257,14,0,,,,0,,,,,,,,,0,0,,,,,,,0,0,,,0,0,0.8243173621844457,1.5041493775933565,Neutral
2021-10-25 20:00:00,19.57,19.64,19.45,19.48,339,14,0,,,,0,,,,,,,,,0,0,,,,,,,0,0,,,0,0,-0.4598875830352567,-0.3580562659846562,Neutral
2021-10-26 16:00:00,19.34,19.5,19.3,19.36,798,14,0,,,,0,,,,,,,,,0,0,,,,,,,0,0,,,0,0,-0.6160164271047264,-0.25759917568264146,Neutral
2021-10-26 20:00:00,19.36,19.45,19.34,19.36,306,14,0,,,,0,,,,,,,,,0,0,,,,,,,0,0,,,0,0,0.0,-1.0730710270822732,Neutral
2021-10-27 16:00:00,19.34,19.45,19.24,19.33,1265,14,0,,,,0,,,,,,,,,0,0,,,,,,,0,0,,,0,0,-0.15495867768595684,-0.7700205338809144,Neutral
2021-10-27 20:00:00,19.33,19.42,19.3,19.3,346,14,0,,,,0,,,,,,,,,0,0,,,,,,,0,0,,,0,0,-0.15519917227106994,-0.30991735537189424,Neutral
2021-10-28 16:00:00,19.31,19.33,18.89,18.9,1413,14,0,,,,0,,,,,,,,,0,0,,,,,,,0,0,,,0,0,-2.0725388601036343,-2.3760330578512443,Neutral
2021-10-28 20:00:00,18.89,19.01,18.83,18.86,429,14,0,30.909090909090963,,,0,0.24857142857142836,1.317982123920617,,,,,,,0,0,,,,,,,0,0,,,0,0,-0.2116402116402072,-2.4314536989136,Neutral
2021-10-29 16:00:00,18.47,18.64,18.34,18.35,1041,14,0,23.611111111111185,,,0,0.262142857142857,1.4285714285714277,,,,,,,0,0,,,,,,,0,0,,,0,0,-2.7041357370095387,-4.92227979274611,Neutral
2021-10-29 20:00:00,18.35,18.43,18.3,18.3,320,14,0,24.878048780487873,,,0,0.2557142857142856,1.397345823575331,,,,,,,0,0,,,,,,,0,0,,,0,0,-0.27247956403270157,-3.1746031746031633,Neutral
2021-11-01 12:00:00,18.18,18.41,18.18,18.41,530,14,0,30.54187192118229,,,0,0.26000000000000006,1.4122759369907663,,,,,,,0,0,,,,,,,0,0,,,0,0,0.6010928961748707,-2.3860021208907707,Neutral
2021-11-01 16:00:00,18.41,18.63,18.37,18.47,809,14,0,29.850746268656636,,,0,0.26785714285714285,1.4502281692319592,,,,,,,0,0,,,,,,,0,0,,,0,0,0.32590983161324694,0.6539509536784601,Neutral
2021-11-01 20:00:00,18.47,18.5,18.4,18.41,245,14,0,18.333333333333258,,,0,0.22571428571428598,1.2260417474974794,,,,,,,0,0,,,,,,,0,0,,,0,0,-0.3248511099079532,0.6010928961748602,Neutral
2021-11-02 12:00:00,18.35,18.39,18.31,18.34,267,14,0,19.075144508670448,683.05,0.3908937852280214,0,0.21928571428571456,1.1956691073375931,19.035,-3.6511688993958513,,,,,0,0,19.984426419642826,18.085573580357174,9.97558623212846,,19.97,18.18,0,1,,,0,0,-0.38022813688213253,-0.38022813688213086,Neutral
2021-11-02 16:00:00,18.33,18.35,18.19,18.24,532,14,0,10.17964071856278,675.95,0.7870404615726014,0,0.2107142857142859,1.155231829573936,18.9725,-3.8608512320463917,,,,,0,0,19.95963567563191,17.98536432436809,10.405963111154689,,19.97,18.18,0,1,,,0,0,-0.5452562704471142,-1.2452625879805113,Neutral
2021-11-02 20:00:00,18.24,18.41,18.22,18.4,167,14,0,18.965517241379217,667.3,0.2502622508616814,0,0.2107142857142859,1.1451863354037277,18.926,-2.7792454824051562,,,,,0,0,19.929706813975603,17.922293186024394,10.60664497490864,,19.97,18.18,0,1,,,0,0,0.8771929824561431,-0.05431830526888411,Neutral
2021-11-03 12:00:00,18.27,18.34,18.14,18.2,379,14,0,18.131868131868075,646.7,0.586052265347147,0,0.2150000000000001,1.181318681318682,18.875999999999998,-3.5812672176308458,,,,,0,0,19.92101624263378,17.830983757366216,11.072433170521107,,19.97,18.14,0,1,,,0,0,-1.0869565217391242,-0.7633587786259572,Neutral
2021-11-03 16:00:00,18.19,18.48,18.16,18.41,874,14,0,26.60098522167486,674.45,1.295870709466973,0,0.23000000000000018,1.24932102118414,18.8325,-2.243462100092921,,,,,0,0,19.879136215894068,17.78586378410593,11.11521270032198,,19.97,18.14,0,1,,,0,0,1.1538461538461497,0.9320175438596586,Neutral
2021-11-03 20:00:00,18.4,18.69,18.37,18.54,937,14,0,31.45539906103285,636.55,1.4719974864503969,0,0.237857142857143,1.2829403606102643,18.782,-1.2884676818230267,,,,,0,0,19.779166511988635,17.784833488011365,10.61832086027723,,19.69,18.14,0,0,,,0,0,0.7061379684953684,0.7608695652173945,Neutral
2021-11-04 12:00:00,18.96,19.05,18.68,18.8,481,14,0,39.406779661016955,636.75,0.7553985080486847,0,0.2657142857142859,1.4133738601823718,18.7515,0.25864597498867103,,,,,0,0,19.704109159375616,17.798890840624384,10.160351538550149,,19.69,18.14,0,0,,,0,0,1.4023732470334505,3.2967032967033045,Neutral
2021-11-04 16:00:00,18.8,18.92,18.53,18.71,1648,14,0,45.365853658536636,656.3,2.5110467773883896,1,0.2621428571428575,1.4010842177597942,18.7085,0.008017745944357146,,,,,0,0,19.57970666470797,17.83729333529203,9.313484936878632,,19.64,18.14,0,0,,,0,0,-0.4787234042553212,1.6295491580662722,Neutral
2021-11-04 20:00:00,18.71,18.73,18.61,18.68,496,14,0,45.58823529411765,664.15,0.7468192426409697,0,0.25785714285714306,1.3803915570510872,18.6685,0.06160109274980886,,,,,0,0,19.460413737992376,17.876586262007628,8.48395680416074,40.40571254191069,19.5,18.14,0,0,,,0,0,-0.16034206306788645,0.755124056094933,Neutral
2021-11-05 12:00:00,18.78,19.04,18.72,18.92,552,14,0,66.10169491525423,651.85,0.8468205875584873,0,0.24642857142857164,1.3024765931742686,18.646499999999996,1.466763199528092,,,,,0,0,19.379806139846682,17.91319386015331,7.865348884205467,41.08923954122719,19.45,18.14,0,0,,,0,0,1.2847965738758127,0.6382978723404308,Neutral
2021-11-05 16:00:00,18.93,19.39,18.83,19.39,944,14,0,74.88584474885843,683.75,1.3806215722120658,0,0.2771428571428576,1.4293081853680123,18.648000000000003,3.9789789789789642,,,,,0,0,19.387547514576177,17.90845248542383,7.931655025484487,42.571370855291285,19.45,18.14,1,0,,,0,0,2.484143763213531,3.634420096205236,Neutral
2021-11-05 20:00:00,19.39,19.52,19.37,19.52,273,14,0,75.11312217194568,634.15,0.43049751636048256,0,0.27142857142857174,1.3905152224824373,18.6575,4.622805842154634,,,,,0,0,19.43769902993774,17.877300970062258,8.363382338874349,44.77458098801686,19.52,18.14,1,0,,,0,0,0.6704486848891023,4.49678800856531,Neutral
2021-11-08 16:00:00,19.48,19.53,19.26,19.33,1346,14,0,68.37606837606833,684.15,1.96740480888694,0,0.2721428571428576,1.4078782056019534,18.659,3.596119834932201,,,,,0,0,19.44449749572451,17.87350250427549,8.419502607047642,47.040278482603966,19.53,18.14,1,0,,,0,0,-0.9733606557377095,2.1670190274841254,Neutral
2021-11-08 20:00:00,19.34,19.45,19.31,19.4,358,14,0,71.06382978723397,631.4,0.566993981628128,0,0.27500000000000036,1.4175257731958781,18.684,3.8321558552772292,,,,,0,0,19.531197236713354,17.83680276328665,9.068692321915568,46.093819281427805,19.53,18.14,1,0,,,0,0,0.36213140196585947,0.05157297576069113,Neutral
2021-11-09 16:00:00,19.36,19.49,19.2,19.44,740,14,0,73.7068965517241,646.95,1.1438287348326763,0,0.28857142857142876,1.4844209288653742,18.713,3.8849997328060724,,,,,0,0,19.622947366898945,17.803052633101057,9.725296498679462,44.98404633679251,19.53,18.14,1,0,,,0,0,0.20618556701033075,-0.40983606557376173,Neutral
2021-11-09 20:00:00,19.44,19.56,19.39,19.54,367,14,0,78.01724137931032,613.25,0.5984508764777823,0,0.2892857142857143,1.4804796022810354,18.7725,4.088427220668522,,,,,0,0,19.73652391322164,17.808476086778363,10.270597024601283,43.66477938372275,19.56,18.14,1,0,,,0,0,0.5144032921810648,1.086394205897573,Neutral
2021-11-10 16:00:00,20.4,20.53,20.14,20.31,1617,14,0,82.59385665529007,678.1,2.3846040407019613,1,0.34642857142857153,1.7057044383484568,18.872999999999998,7.614051820060411,,,,,0,0,20.02949379364389,17.716506206356105,12.255537473045019,43.70065536399603,20.53,18.14,1,0,,,0,0,3.9406345957011313,4.690721649484537,Neutral
2021-11-10 20:00:00,20.3,20.47,20.2,20.38,677,14,0,88.92857142857136,685.45,0.9876723320446421,0,0.34714285714285736,1.7033506238609293,18.9715,7.424294336241205,,,,,0,0,20.2866469799788,17.656353020021196,13.864449094471206,44.149577949790114,20.53,18.14,1,0,,,0,0,0.3446578040374293,4.835390946502045,Neutral
2021-11-11 16:00:00,20.57,20.83,20.49,20.59,1263,14,0,88.92857142857136,708.15,1.783520440584622,0,0.3564285714285716,1.7310761118434757,19.0775,7.92818765561525,,,,,0,0,20.554265669327826,17.600734330672175,15.481752528662826,45.59621193626182,20.83,18.14,1,0,,,0,0,1.0304219823356275,5.373592630501539,Neutral
2021-11-11 20:00:00,20.59,20.66,20.54,20.55,433,14,0,87.08487084870846,717.55,0.6034422688314404,0,0.34214285714285736,1.6649287452207169,19.1845,7.117725246944152,,,,,0,0,20.764153193117497,17.604846806882502,16.46801525312098,48.228274862442404,20.83,18.14,1,0,,,0,0,-0.19426906265176402,1.1816838995568784,Neutral
2021-11-12 16:00:00,20.67,20.87,20.54,20.79,994,14,0,86.98884758364308,753.9,1.318477251624884,0,0.3292857142857145,1.5838658695801564,19.307,7.681151913813646,,,,,0,0,20.987665281807672,17.626334718192325,17.40990606316542,52.246765237315785,20.87,18.14,1,0,,,0,0,1.1678832116788218,2.011776251226694,Neutral
2021-11-12 20:00:00,20.78,20.83,20.67,20.67,359,14,0,86.02941176470591,745.25,0.4817175444481718,0,0.3128571428571428,1.513580758863777,19.4285,6.390097022415535,,,,,0,0,21.13551678837364,17.72148321162636,17.57229624905309,57.678476932809915,20.87,18.14,1,0,,,0,0,-0.5772005772005651,0.38853812530355436,Neutral
2021-11-15 16:00:00,20.61,20.82,20.53,20.78,1090,14,0,87.50000000000006,791.4,1.3773060399292394,0,0.3249999999999998,1.5640038498556292,19.547500000000003,6.3051541117789895,,,,,0,0,21.284198319407135,17.81080168059287,17.76900697692423,62.64772921078107,20.87,18.14,1,0,,,0,0,0.5321722302854326,1.119221411192216,Neutral
2021-11-15 20:00:00,20.78,20.88,20.76,20.82,339,14,0,86.53846153846159,789.4,0.4294400810742336,0,0.3078571428571425,1.4786606285165345,19.6785,5.8007470081561125,,,,,0,0,21.382171268019054,17.974828731980946,17.315052143395626,65.15007883484121,20.88,18.16,1,0,,,0,0,0.19249278152069227,0.14430014430014976,Neutral
2021-11-16 16:00:00,20.85,20.97,20.49,20.51,1367,14,0,72.95081967213122,814.05,1.679258030833487,0,0.30214285714285666,1.4731489865570777,19.7835,3.6722521292996766,,,,,0,0,21.415331712169507,18.151668287830493,16.49689602112374,65.2680428118118,20.97,18.37,0,0,,,0,0,-1.4889529298751092,-0.7740686985970011,Neutral
2021-11-16 20:00:00,20.51,20.57,20.45,20.52,363,14,0,71.5517241379311,785.35,0.4622142993569746,0,0.2999999999999997,1.461988304093566,19.8825,3.206337231233493,,,,,0,0,21.43500391981875,18.32999608018125,15.616787826669187,64.2399986386063,20.97,18.53,0,0,,,0,0,0.04875670404680399,-1.2512030798845117,Neutral
2021-11-17 16:00:00,20.76,21.11,20.73,20.91,1246,14,0,81.34920634920647,823.6,1.51287032540068,0,0.32285714285714256,1.5440322470451582,19.988000000000003,4.612767660596343,,,,,0,0,21.517370011337643,18.458629988662363,15.302881842481888,65.18757740986753,21.11,18.53,1,0,,,0,0,1.900584795321647,0.4322766570605181,Neutral
2021-11-17 20:00:00,20.91,21.01,20.81,20.92,455,14,0,80.89430894308957,763.95,0.5955887165390404,0,0.327142857142857,1.5637803878721652,20.098499999999998,4.087369704206802,,,,,0,0,21.556779808541535,18.64022019145846,14.511329786218246,66.13515618112875,21.11,18.61,1,0,,,0,0,0.04782400765184214,1.9990248659190646,Neutral
2021-11-18 16:00:00,20.83,20.9,20.49,20.51,1283,14,0,68.90459363957604,803.3,1.597161707954687,0,0.3371428571428573,1.6437974507209032,20.19,1.5849430411094614,,,,,0,0,21.495131572314676,18.884868427685326,12.928495020452452,66.28734986199585,21.11,18.72,0,0,,,0,0,-1.9598470363288767,-0.04873294346977588,Neutral
2021-11-18 20:00:00,20.5,20.53,20.42,20.48,361,14,0,67.02898550724643,793.75,0.4548031496062992,0,0.33285714285714313,1.6252790178571441,20.267999999999997,1.0459838168541706,,,,,0,0,21.432430739618443,19.10356926038155,11.490336881966115,65.39666372563369,21.11,18.83,0,0,,,0,0,-0.14627011214042307,-2.0564323290291715,Neutral
2021-11-19 16:00:00,20.53,20.63,20.07,20.16,1359,14,0,46.75324675324678,814.5,1.6685082872928176,0,0.30214285714285716,1.4987244897959184,20.3065,-0.7214438726516121,19.4624,3.5843472541927066,,,0,0,21.397289670497063,19.215710329502937,10.743256302140331,60.84465871310232,21.11,19.2,0,0,,,0,0,-1.5625,-3.6328871892925503,Neutral
2021-11-19 20:00:00,20.15,20.27,20.14,20.17,426,14,0,45.33333333333338,822.15,0.5181536216018975,0,0.29214285714285715,1.4484028613924498,20.339000000000002,-0.8309159742366904,19.476,3.5633600328609703,,,0,0,21.368111011351132,19.309888988648872,10.119583178633464,55.96370633214992,21.11,19.2,0,0,,,0,0,0.04960317460318553,-1.6577279375914178,Neutral
2021-11-22 16:00:00,19.53,19.95,19.46,19.77,1625,14,0,33.196721311475386,836.1,1.9435474225571103,0,0.31071428571428583,1.571645350097551,20.361,-2.9026079269191154,19.484799999999996,1.4637050418788147,,,0,0,21.315389305979668,19.406610694020333,9.3746800842755,52.648279839417526,21.11,19.2,0,0,21.11,18.14,0,0,-1.98314328210214,-3.466796875000004,Neutral
2021-11-22 20:00:00,19.77,19.8,19.69,19.7,430,14,0,32.79352226720644,839.7,0.5120876503513159,0,0.31,1.5736040609137056,20.375999999999998,-3.3176285826462424,19.4948,1.0525883825430258,,,0,0,21.27459305232354,19.477406947676457,8.820112409928752,49.450380822703174,21.11,19.2,0,0,21.11,18.14,0,0,-0.3540718259989917,-2.281746031746036,Neutral
2021-11-23 16:00:00,19.57,19.59,19.24,19.25,1541,14,0,21.268656716417922,879.75,1.7516339869281046,0,0.31928571428571423,1.6586270871985154,20.3665,-5.482041587901694,19.4942,-1.2526802843922773,,,0,0,21.309669907113314,19.423330092886683,9.261973408423788,47.69590055347982,21.11,19.24,0,1,21.11,18.14,0,0,-2.2842639593908642,-4.561229548834912,Neutral
2021-11-23 20:00:00,19.25,19.39,19.25,19.36,359,14,0,25.468164794007464,879.35,0.40825609825439246,0,0.31785714285714306,1.641824085005904,20.3575,-4.8999140365958604,19.4904,-0.6690473258629972,,,0,0,21.336626893555756,19.378373106444247,9.619323527503422,45.24415356977721,21.11,19.24,0,1,21.11,18.14,0,0,0.5714285714285783,-2.0738492665655044,Neutral
2021-11-24 16:00:00,19.18,19.45,19.18,19.28,1218,14,0,21.590909090909093,859.4,1.4172678612985805,0,0.31642857142857167,1.6412270302311807,20.306,-5.05269378508815,19.4878,-1.0663081517667408,,,0,0,21.397544535822586,19.214455464177416,10.750955735473115,43.1573011500124,21.11,19.18,0,1,21.11,18.14,0,0,-0.4132231404958553,-2.131979695431463,Neutral
2021-11-24 20:00:00,19.28,19.35,19.23,19.33,419,14,0,21.886792452830136,846.5,0.4949793266391022,0,0.3164285714285719,1.6369817456211688,20.253500000000003,-4.559705729873869,19.483,-0.7853000051326912,,,0,0,21.42791631639316,19.079083683606846,11.597169046270086,41.45382370640339,21.11,19.18,0,1,21.11,18.14,0,0,0.2593360995850391,0.41558441558440673,Neutral
2021-11-26 16:00:00,19.4,19.52,19.15,19.3,1956,14,0,24.472573839662402,881.15,2.2198263632752653,1,0.3085714285714291,1.5988156920799437,20.189,-4.403387983555398,19.479400000000002,-0.9209729252441098,,,0,0,21.42564912268255,18.95235087731745,12.250721904824907,40.71393597962309,21.11,19.15,0,1,21.11,18.14,0,0,-0.15519917227106994,-0.30991735537189424,Neutral
2021-11-29 16:00:00,19.02,19.08,18.81,19.05,1009,14,0,21.83908045977013,909.95,1.1088521347326776,0,0.3350000000000006,1.7585301837270373,20.113999999999997,-5.289847867157187,19.473200000000002,-2.1732432265883435,,,0,0,21.437367315839225,18.79063268416077,13.15866874653702,40.72552805278515,21.11,18.81,0,1,21.11,18.14,0,0,-1.2953367875647714,-1.1929460580912885,Neutral
2021-11-29 20:00:00,19.05,19.12,18.93,19.07,481,14,0,8.928571428571402,884.3,0.5439330543933054,0,0.3064285714285721,1.6068619372237656,20.028,-4.783303375274608,19.4674,-2.041361455561611,,,0,0,21.389401754384817,18.66659824561518,13.594984565456548,41.547989663424126,21.11,18.81,0,1,21.11,18.14,0,0,0.10498687664042272,-1.3450594930160271,Neutral
2021-11-30 16:00:00,19.32,19.68,18.85,18.9,3395,14,0,7.916666666666586,1036.1,3.276710742206351,1,0.3514285714285718,1.8594104308390043,19.939500000000002,-5.2132701421801135,19.4588,-2.8717084301190283,,,0,0,21.354256441750188,18.524743558249817,14.190490651723318,40.36426190034511,21.11,18.81,0,1,21.11,18.14,0,0,-0.8914525432616727,-2.072538860103638,Neutral
2021-11-30 20:00:00,18.9,19.07,18.9,18.92,566,14,0,10.447761194029894,1009.9,0.560451529854441,0,0.33285714285714313,1.7592872244035047,19.8465,-4.66832942836267,19.4512,-2.730936908776828,,,0,0,21.27310841822391,18.41989158177609,14.37642323053345,39.59135189264044,21.11,18.81,0,1,21.11,18.14,0,0,0.10582010582012025,-0.6824146981627245,Neutral
2021-12-01 16:00:00,19.0,19.36,18.92,18.94,1634,14,0,11.500000000000014,1074.65,1.5204950448983388,0,0.3564285714285716,1.8818826368984771,19.7525,-4.113403366662448,19.452,-2.6321200904791304,,,0,0,21.15659738753556,18.348402612464444,14.216908113257132,38.17030832355278,21.11,18.81,0,1,21.11,18.14,0,0,0.10570824524311906,-0.6816990036706817,Neutral
2021-12-01 20:00:00,18.93,18.94,18.31,18.32,911,14,0,10.000000000000028,1051.85,0.8660930741075249,0,0.3614285714285718,1.9728633811603267,19.643,-6.735223743827319,19.441200000000002,-5.767133716025768,,,0,0,21.13705981702276,18.148940182977242,15.212134775978809,40.1722519581495,21.11,18.31,0,1,21.11,18.14,0,1,-3.2734952481520696,-3.06878306878306,Neutral
2021-12-02 16:00:00,18.1,18.25,17.87,17.94,2269,14,0,8.239700374531793,1147.15,1.9779453428060845,0,0.38428571428571473,2.142060837713014,19.514000000000003,-8.066003894639753,19.433,-7.682807595327529,,,0,0,21.12979571402875,17.898204285971257,16.56037423417798,42.704551699751605,21.11,17.87,0,1,21.11,17.87,0,1,-2.0742358078602585,-5.179704016913321,Neutral
2021-12-02 20:00:00,17.94,18.17,17.87,18.1,567,14,0,15.637860082304513,1113.2,0.5093424362199066,0,0.3550000000000004,1.961325966850831,19.3735,-6.573412135133035,19.429,-6.840290287714228,,,0,0,20.96671290743612,17.78028709256388,16.447342064532673,42.666478514976504,21.01,17.87,0,1,21.11,17.87,0,1,0.8918617614269708,-4.435058078141498,Neutral
2021-12-03 16:00:00,18.09,18.11,17.76,18.0,1737,14,0,15.447154471544707,1177.3,1.4754098360655739,0,0.37214285714285744,2.0674603174603194,19.2275,-6.384085294500061,19.4208,-7.31586752347998,,,0,0,20.75793337515538,17.69706662484462,15.919213367888485,42.79559446290778,20.9,17.76,0,1,21.11,17.76,0,1,-0.5524861878453136,-1.746724890829696,Neutral
2021-12-03 20:00:00,17.99,18.18,17.98,18.14,616,14,0,24.186046511627907,1143.95,0.5384850736483238,0,0.35357142857142876,1.9491258465900152,19.109,-5.070908995761165,19.414199999999997,-6.563237218118681,,,0,0,20.58744726513647,17.630552734863535,15.473831860761594,40.60252369189576,20.63,17.76,0,0,21.11,17.76,0,0,0.7777777777777883,1.1148272017837195,Neutral
2021-12-06 16:00:00,18.05,18.47,17.95,18.43,1742,14,0,30.042918454935617,1213.0,1.436108821104699,0,0.38071428571428584,2.065731338655919,19.0065,-3.033172861915657,19.4146,-5.071441080424012,,,0,0,20.36404073312932,17.64895926687068,14.28501547501454,37.70579753686305,20.63,17.76,0,0,21.11,17.76,0,0,1.5986769570010884,1.823204419889493,Neutral
2021-12-06 20:00:00,18.43,18.45,18.34,18.42,437,14,0,30.973451327433622,1166.9,0.3744965292655754,0,0.3692857142857144,2.004808438033194,18.9195,-2.6401331959089704,19.4162,-5.130767091397895,,,0,0,20.185733120633603,17.653266879366395,13.385481864040848,35.100110515658955,20.27,17.76,0,0,21.11,17.76,0,0,-0.054259359739539104,2.333333333333343,Neutral
2021-12-07 16:00:00,18.46,18.66,18.34,18.53,1447,14,0,32.75862068965523,1217.95,1.1880619073032554,0,0.3835714285714286,2.0700023128517464,18.8375,-1.6323822163238089,19.422,-4.5927298939347105,,,0,0,19.967881863749938,17.70711813625006,12.001400013270754,31.79874716752958,19.95,17.76,0,0,21.11,17.76,0,0,0.5971769815418027,2.1499448732083826,Neutral
2021-12-07 20:00:00,18.53,18.57,18.44,18.5,481,14,0,32.75862068965519,1160.75,0.41438724962308854,0,0.3664285714285714,1.9806949806949803,18.774,-1.4594652178544842,19.424,-4.757001647446455,,,0,0,19.823619479921955,17.724380520078046,11.181628634515334,29.246722811411853,19.8,17.76,0,0,21.11,17.76,0,0,-0.1618996222342184,0.379815518176887,Neutral
2021-12-08 16:00:00,18.33,18.51,18.27,18.4,1405,14,0,35.02304147465436,1209.5,1.1616370400992146,0,0.3485714285714285,1.8944099378881984,18.709,-1.651611523865525,19.428,-5.291332098002894,,,0,0,19.674835335208286,17.743164664791713,10.324820516417619,26.000981683744794,19.68,17.76,0,0,21.11,17.76,0,0,-0.5405405405405461,-0.1085776330076174,Neutral
2021-12-08 20:00:00,18.4,18.58,18.4,18.5,346,14,0,37.333333333333364,1149.75,0.3009349858664927,0,0.3478571428571427,1.8803088803088797,18.6715,-0.918512170955744,19.4298,-4.785432685874277,,,0,0,19.606644795993514,17.73635520400649,10.01681488893246,20.916175380020864,19.68,17.76,0,0,21.11,17.76,0,0,0.5434782608695787,-0.1618996222342209,Neutral
2021-12-09 16:00:00,18.1,18.22,17.95,17.99,1090,14,0,32.43243243243248,1186.3,0.9188232318974965,0,0.32785714285714285,1.8224410386722782,18.603,-3.295167446110859,19.418799999999997,-7.3578181967989735,,,0,0,19.5264283946252,17.679571605374804,9.927736328820059,20.009722998552782,19.68,17.76,0,1,21.11,17.76,0,1,-2.756756756756762,-2.7567567567567655,Neutral
2021-12-09 20:00:00,17.99,18.11,17.97,18.11,440,14,0,34.944237918215606,1147.4,0.38347568415548194,0,0.3257142857142856,1.7985327758933498,18.544500000000003,-2.3430127531074088,19.405,-6.6735377480031,,,0,0,19.434998973077857,17.65400102692215,9.603914617033123,19.516894061305997,19.68,17.76,0,1,21.11,17.76,0,1,0.6670372429127269,-1.5760869565217346,Neutral
2021-12-10 16:00:00,17.99,18.06,17.85,17.99,1077,14,0,32.97491039426522,1180.3,0.9124798779971194,0,0.3128571428571428,1.7390613833081867,18.4775,-2.638343931808961,19.3906,-7.223087475374671,,,0,0,19.31947449642591,17.635525503574087,9.113510988238803,21.289200456466055,19.68,17.76,0,1,21.11,17.76,0,1,-0.662617338487026,-2.7567567567567655,Neutral
2021-12-10 20:00:00,17.99,18.01,17.86,17.87,406,14,0,40.174672489082994,1102.8,0.3681537903518317,0,0.27857142857142847,1.5588776081221514,18.406,-2.9120938824296307,19.3744,-7.764885622264433,,,0,0,19.195094084177743,17.616905915822255,8.57431363878892,21.28920045646605,19.68,17.76,0,1,21.11,17.76,0,1,-0.6670372429127158,-0.6670372429127152,Neutral
2021-12-13 16:00:00,17.97,18.07,17.78,17.84,1023,14,0,47.42268041237111,1103.5,0.9270502945174445,0,0.267142857142857,1.4974375400384363,18.3455,-2.7554441143604773,19.3528,-7.816956719441108,,,0,0,19.111912696301896,17.579087303698106,8.355320883070998,19.39947099598848,19.68,17.76,0,1,21.11,17.76,0,1,-0.16787912702854735,-1.4908890115958011,Neutral
2021-12-13 20:00:00,17.84,18.04,17.78,17.9,394,14,0,44.56521739130428,1099.15,0.3584588090797434,0,0.26428571428571396,1.4764565043894637,18.287,-2.116257450648004,19.323,-7.3642809087615895,,,0,0,18.997110443596895,17.576889556403103,7.76628690979271,18.391048591637535,19.68,17.76,0,1,21.11,17.76,0,1,0.33632286995515237,-0.5002779321845462,Neutral
2021-12-14 16:00:00,17.77,17.94,17.66,17.84,1209,14,0,45.55555555555555,989.85,1.2213971813911197,0,0.25928571428571423,1.4533952594490707,18.234,-2.160798508281243,19.2894,-7.513971403983538,,,0,0,18.908822393788192,17.55917760621181,7.401803156610621,17.251509488026578,19.36,17.66,0,1,21.11,17.66,0,1,-0.3351955307262511,-0.16787912702854582,Neutral
2021-12-14 20:00:00,17.83,17.92,17.78,17.79,375,14,0,39.766081871344994,980.3,0.38253595838008775,0,0.255,1.433389544688027,18.1775,-2.1317562921193747,19.258599999999998,-7.625684109956065,,,0,0,18.79747877722601,17.557521222773985,6.821386628810486,17.448427296245768,19.36,17.66,0,1,21.11,17.66,0,1,-0.2802690582959677,-0.2802690582959681,Neutral
2021-12-15 16:00:00,17.59,17.72,17.26,17.34,1082,14,0,20.85561497326205,952.7,1.1357195339561246,0,0.2557142857142856,1.4747075300708514,18.0975,-4.185661002900955,19.2174,-9.769271597614669,,,0,0,18.716119005272517,17.478880994727483,6.836513388838429,21.275587790072937,18.94,17.26,0,1,21.11,17.26,0,1,-2.5295109612141653,-3.128491620111725,Neutral
2021-12-15 20:00:00,17.33,17.67,17.19,17.58,1311,14,0,29.99999999999993,972.7,1.3477947979849902,0,0.2821428571428571,1.604908174874045,18.060499999999998,-2.6605022009357397,19.1802,-8.34297869678106,,,0,0,18.710794670049577,17.41020532995042,7.201291991357706,25.200922905118677,18.66,17.19,0,0,21.11,17.19,0,0,1.384083044982698,-1.457399103139022,Neutral
2021-12-16 16:00:00,18.09,18.39,18.07,18.33,1537,14,0,46.350364963503594,936.1,1.6419185984403375,0,0.3171428571428572,1.7301847089081137,18.08,1.3827433628318584,19.156,-4.311964919607437,,,0,0,18.738419159406703,17.421580840593293,7.283397781047622,27.112651451959113,18.66,17.19,1,0,21.11,17.19,0,0,4.266211604095571,3.0354131534569935,Neutral
2021-12-16 20:00:00,18.33,18.38,18.16,18.35,559,14,0,47.252747252747284,935.7,0.5974137009725339,0,0.3235714285714287,1.7633320358116003,18.0925,1.4232416747270984,19.1168,-4.011131570137261,,,0,0,18.76191844359991,17.423081556400092,7.399955159319155,28.80446824382246,18.66,17.19,1,0,21.11,17.19,0,0,0.10911074740864724,5.8246828143022,Neutral
2021-12-17 16:00:00,18.46,18.77,18.39,18.58,1541,14,0,53.14685314685314,925.9,1.664326601144832,0,0.33642857142857124,1.8107027525757335,18.1215,2.5301437518969028,19.0808,-2.624627898201342,,,0,0,18.82350539809001,17.419494601909992,7.747762581353737,29.08487748974895,18.77,17.19,1,0,21.11,17.19,0,0,1.253405994550394,5.688282138794085,Neutral
2021-12-17 20:00:00,18.57,18.61,18.3,18.31,551,14,0,46.864686468646845,922.65,0.597192868368287,0,0.3457142857142855,1.8881173441522965,18.13,0.9928295642581343,19.0352,-3.809783979154414,,,0,0,18.837047232845038,17.42295276715496,7.799748845505114,29.7263445082579,18.77,17.19,0,0,21.11,17.19,0,0,-1.4531754574811595,-0.10911074740861744,Neutral
2021-12-20 16:00:00,18.3,18.32,18.01,18.21,1406,14,0,54.19847328244281,905.85,1.552133355412044,0,0.3285714285714282,1.8043461206558384,18.118999999999996,0.5022352226944349,18.988400000000002,-4.099344863179632,,,0,0,18.81312269505442,17.42487730494557,7.661821237975881,27.78072025535215,18.77,17.19,0,0,21.11,17.19,0,0,-0.5461496450027137,-0.7629427792915562,Neutral
2021-12-20 20:00:00,18.22,18.29,18.17,18.25,506,14,0,52.755905511811044,909.3,0.5564720114373695,0,0.3271428571428565,1.7925636007827754,18.1105,0.7702713895254231,18.9376,-3.6308719161878997,,,0,0,18.79317199490804,17.427828005091957,7.5389635284287175,25.835096002446413,18.77,17.19,0,0,21.11,17.19,0,0,0.21965952773201902,-1.776103336921412,Neutral
2021-12-21 16:00:00,18.31,18.42,18.12,18.32,1213,14,0,56.62650602409645,897.6,1.3513814616755793,0,0.32999999999999957,1.80131004366812,18.1,1.215469613259662,18.8906,-3.0205499031264167,,,0,0,18.761640703896592,17.43835929610341,7.3109470043822204,22.476528191405,18.77,17.19,0,0,21.11,17.19,0,0,0.3835616438356171,0.05461496450028162,Neutral
2021-12-21 20:00:00,18.31,18.43,18.31,18.32,334,14,0,59.493670886075954,890.25,0.3751755124964897,0,0.32785714285714235,1.7896132252027421,18.091,1.265822784810122,18.8414,-2.767310284798369,,,0,0,18.734375964408912,17.44762403559109,7.112663361991165,20.252487812972422,18.77,17.19,0,0,21.11,17.19,0,0,0.0,0.6040637012630391,Neutral
2021-12-22 16:00:00,18.38,18.39,18.1,18.28,1109,14,0,59.243697478991656,875.45,1.2667770860700212,0,0.32785714285714235,1.7935292278837107,18.085,1.0782416367155117,18.790599999999998,-2.7173161048609233,,,0,0,18.71840350488464,17.45159649511536,7.004738787775949,19.408452330382705,18.77,17.19,0,0,21.11,17.19,0,0,-0.21834061135370675,0.16438356164384185,Neutral
2021-12-22 20:00:00,18.28,18.47,18.24,18.45,428,14,0,61.04417670682736,879.55,0.48661247228696497,0,0.32571428571428535,1.7653890824622511,18.0825,2.0323517212774767,18.7494,-1.5968510992351865,,,0,0,18.70936773556699,17.45563226443301,6.933418891934073,18.34299647711889,18.77,17.19,1,0,21.11,17.19,0,0,0.9299781181619116,0.7096069868995578,Neutral
2021-12-23 16:00:00,18.37,18.61,18.31,18.54,952,14,0,63.888888888888914,872.65,1.0909299260872056,0,0.3271428571428568,1.7645245800585587,18.11,2.374378796245167,18.7098,-0.9075457781483616,,,0,0,18.767299098784793,17.452700901215206,7.2589629904449895,17.82308392127818,18.77,17.19,1,0,21.11,17.19,0,0,0.4878048780487809,1.2008733624454087,Neutral
2021-12-23 20:00:00,18.54,18.57,18.46,18.48,306,14,0,63.63636363636371,865.95,0.35336913216698423,0,0.32499999999999957,1.7586580086580064,18.1285,1.9389359296136,18.6612,-0.9709986496045295,,,0,0,18.80630683477175,17.450693165228248,7.477803842256677,16.94014741334166,18.77,17.19,1,0,21.11,17.19,0,0,-0.3236245954692518,1.0940919037199084,Neutral
2021-12-27 16:00:00,18.22,18.5,18.18,18.3,763,14,0,71.23893805309746,850.25,0.8973831226109967,0,0.3099999999999997,1.69398907103825,18.144,0.8597883597883729,18.6088,-1.659429947121781,,,0,0,18.822648812366495,17.4653511876335,7.480696785344981,13.889431191893712,18.77,17.19,0,0,21.11,17.19,0,0,-0.9740259740259716,-0.8130081300812931,Neutral
2021-12-27 20:00:00,18.3,18.34,18.29,18.33,331,14,0,68.29268292682936,846.5,0.39102185469580625,0,0.279285714285714,1.5236536513132246,18.167,0.8972312434634045,18.5652,-1.2668864326805125,,,0,0,18.837682292029722,17.49631770797028,7.383522783395394,10.987730382243097,18.77,17.19,0,0,21.01,17.19,0,0,0.16393442622948395,-1.1326860841423994,Neutral
2021-12-28 16:00:00,18.47,18.59,18.32,18.35,953,14,0,50.757575757575886,843.0,1.1304863582443654,0,0.24071428571428527,1.3117944725574129,18.1925,0.8657413769410603,18.5226,-0.9318346236489434,,,0,0,18.849474725140787,17.53552527485921,7.222478770271137,9.244533103331522,18.77,17.19,0,0,20.9,17.19,0,0,0.10911074740864724,-0.703463203463198,Neutral
2021-12-28 20:00:00,18.35,18.36,18.24,18.29,314,14,0,47.79411764705873,839.0,0.3742550655542312,0,0.2335714285714283,1.2770444427087386,18.212,0.4282890401932759,18.4852,-1.0559799190703907,,,0,0,18.855431589624292,17.568568410375708,7.066017896159589,7.203716776800893,18.77,17.19,0,0,20.63,17.19,0,0,-0.326975476839253,-0.05464480874317794,Neutral
2021-12-29 16:00:00,18.26,18.58,18.14,18.5,950,14,0,47.01492537313438,826.05,1.1500514496701169,0,0.23499999999999968,1.2702702702702686,18.244999999999997,1.3976431899150594,18.451800000000002,0.2612211274780661,,,0,0,18.8756721560535,17.614327843946494,6.913369756684058,7.8733062546805215,18.77,17.19,1,0,20.63,17.19,0,0,1.1481683980317126,0.9274413529732772,Neutral
2021-12-29 20:00:00,18.5,18.51,18.3,18.32,345,14,0,50.40000000000006,824.55,0.4184100418410042,0,0.2278571428571427,1.2437616968184646,18.2715,0.2654407136797781,18.422800000000002,-0.5580042121718848,,,0,0,18.865124903719433,17.677875096280566,6.49782342686078,7.808705240029728,18.77,17.19,0,0,20.27,17.19,0,0,-0.9729729729729741,-0.16348773841962472,Neutral
2021-12-30 16:00:00,18.55,18.66,18.51,18.6,700,14,0,63.63636363636366,805.45,0.8690793966105903,0,0.22999999999999993,1.2365591397849456,18.3345,1.4480896670212058,18.4008,1.0825616277553212,,,0,0,18.7536959722588,17.915304027741197,4.572755976533876,8.552710159070516,18.77,17.19,1,0,19.95,17.19,0,0,1.5283842794759916,1.6949152542373007,Neutral
2021-12-30 20:00:00,18.6,18.81,18.59,18.74,294,14,0,66.01307189542482,754.6,0.3896103896103896,0,0.23714285714285716,1.2654368043909134,18.392500000000002,1.8893570748946393,18.3906,1.8998836362054488,,,0,0,18.668781702158256,18.116218297841748,3.0042865533043814,9.787289686332969,18.81,18.01,1,0,19.8,17.19,0,0,0.7526881720429923,1.297297297297289,Neutral
2021-12-31 16:00:00,18.88,18.95,18.71,18.77,755,14,0,65.1006711409396,715.5,1.055206149545772,0,0.2328571428571427,1.2405814749980966,18.4145,1.9305438648890778,18.3788,2.1285394040960313,,,0,0,18.736171620723738,18.092828379276263,3.493677490279264,11.41530737591339,18.95,18.01,1,0,19.68,17.19,0,0,0.16008537886873508,2.4563318777292538,Neutral
2022-01-03 16:00:00,18.65,18.66,18.44,18.49,1107,14,0,54.802259887005604,742.9,1.490106340018845,0,0.24785714285714253,1.3404929305416038,18.4215,0.3718481122601127,18.363,0.6916081250340298,,,0,0,18.74335482179995,18.099645178200053,3.4943389170257473,11.816838212226829,18.95,18.01,0,0,19.68,17.19,0,0,-1.491742141715513,-0.5913978494623816,Neutral
2022-01-03 20:00:00,18.48,18.54,18.46,18.47,292,14,0,55.42857142857136,680.45,0.4291277830847233,0,0.23285714285714246,1.2607316884523145,18.416,0.29322328410077375,18.3458,0.6769941894057403,,,0,0,18.7301169745243,18.1018830254757,3.41134855043766,13.078211247793405,18.95,18.01,0,0,19.68,17.19,0,0,-0.10816657652784611,-1.4407684098185678,Neutral
2022-01-04 16:00:00,18.49,18.83,18.48,18.69,1215,14,0,56.666666666666714,713.65,1.7025152385623206,0,0.2421428571428567,1.295574409539094,18.435,1.3832384052074997,18.3336,1.943971724047654,,,0,0,18.767549956674625,18.102450043325373,3.6078107586072794,15.129806274729107,18.95,18.01,1,0,19.68,17.19,0,0,1.1911207363291876,-0.4262120404901348,Neutral
2022-01-04 20:00:00,18.69,18.74,18.64,18.65,320,14,0,53.14285714285712,659.35,0.4853264578751801,0,0.22785714285714218,1.221754117196473,18.457,1.045673728124819,18.325599999999998,1.7702012485266552,,,0,0,18.78506289512527,18.12893710487473,3.554888607306397,16.234337897395427,18.95,18.1,1,0,19.68,17.19,0,0,-0.21401819154629464,0.8653326122228239,Neutral
2022-01-05 16:00:00,18.85,19.02,18.81,18.88,831,14,0,60.41666666666658,675.6,1.2300177619893429,0,0.24642857142857086,1.3052360774818372,18.488500000000002,2.117532520215253,18.3218,3.0466438887008884,,,0,0,18.851949844509196,18.125050155490808,3.9316314953532654,18.023463804168376,19.02,18.1,1,0,19.68,17.19,0,0,1.2332439678284235,2.2198159177043864,Neutral
2022-01-05 20:00:00,18.88,18.92,18.47,18.48,701,14,0,54.20560747663549,650.0,1.0784615384615384,0,0.25571428571428534,1.3837353123067389,18.496499999999997,-0.08920606601247304,18.3134,0.9097163825395556,,,0,0,18.851273463672783,18.141726536327212,3.8361145478634917,18.800912421952216,19.02,18.1,0,0,19.68,17.19,0,0,-2.1186440677966045,-1.123595505617982,Neutral
2022-01-06 16:00:00,18.18,18.23,17.92,18.03,1249,14,0,44.14062500000008,695.75,1.795185052102048,0,0.29214285714285665,1.6203153474368088,18.482,-2.445622768098681,18.2956,-1.4517151664881127,,,0,0,18.88726015036487,18.07673984963513,4.385457746616935,17.511768615226288,19.02,17.92,0,1,19.68,17.19,0,0,-2.4350649350649345,-3.3243967828418097,Neutral
2022-01-06 20:00:00,18.02,18.04,17.91,17.93,349,14,0,42.04545454545453,657.75,0.5305967312808818,0,0.2821428571428566,1.573579794438687,18.4645,-2.8947439681551153,18.2754,-1.8899723125075318,,,0,0,18.931944339495512,17.99705566050449,5.063168127980841,17.546375481228498,19.02,17.91,0,1,19.36,17.19,0,0,-0.5546311702717799,-5.031779661016945,Neutral
2022-01-07 16:00:00,18.03,18.13,17.86,18.02,1186,14,0,44.94382022471912,695.65,1.7048803277510243,0,0.2928571428571422,1.6251783732360834,18.443,-2.2935531095808805,18.2694,-1.3651241967442904,,,0,0,18.951044755591763,17.93495524440824,5.5093504916961615,17.546375481228498,19.02,17.86,0,1,19.36,17.19,0,0,0.5019520356943641,-2.489177489177494,Neutral
2022-01-07 20:00:00,18.02,18.14,18.01,18.03,342,14,0,40.48582995951421,665.15,0.5141697361497407,0,0.27071428571428513,1.5014658109500005,18.4175,-2.103977195602005,18.2712,-1.3201103375804502,,,0,0,18.955366154354493,17.879633845645508,5.840816118957436,16.88433210531557,19.02,17.86,0,1,19.02,17.19,0,0,0.05549389567147678,0.0,Neutral
2022-01-10 16:00:00,18.06,18.33,17.96,18.33,1409,14,0,50.19305019305015,720.3,1.956129390531723,0,0.2821428571428563,1.5392409009430241,18.41,-0.4345464421510149,18.2758,0.2965670449446701,,,0,0,18.948379635182313,17.871620364817687,5.848773874875751,16.268953996704496,19.02,17.86,0,0,19.02,17.19,0,0,1.6638935108152841,2.230897936419401,Neutral
2022-01-10 20:00:00,18.33,18.55,18.33,18.55,568,14,0,49.01185770750987,710.55,0.7993807613820281,0,0.27357142857142797,1.4747785906815523,18.4225,0.6920884787623899,18.2868,1.4392895421834395,,,0,0,18.961734349991367,17.88326565000863,5.854084407559972,15.447079792477362,19.02,17.86,0,0,19.02,17.19,0,0,1.200218221494831,2.9411764705882417,Neutral
2022-01-11 16:00:00,18.6,18.72,18.43,18.69,1407,14,0,49.01185770750995,764.35,1.840779747497874,0,0.27857142857142797,1.490483833983028,18.4405,1.3530001897996322,18.2978,2.143427078665209,,,0,0,18.990656915415077,17.890343084584924,5.966832953716835,14.186302366286412,19.02,17.86,1,0,19.02,17.19,1,0,0.7547169811320753,3.6605657237936775,Neutral
2022-01-11 20:00:00,18.69,18.8,18.66,18.79,332,14,0,50.38461538461539,733.3,0.4527478521750989,0,0.27142857142857096,1.4445373679008566,18.4625,1.7738659444820615,18.305,2.6495493034689943,,,0,0,19.032259875552455,17.892740124447542,6.172077189464662,12.496362471926645,19.02,17.86,1,0,19.02,17.19,1,0,0.5350454788656922,2.5095471903982594,Neutral
2022-01-12 16:00:00,18.78,18.98,18.71,18.86,1150,14,0,57.74058577405858,775.1,1.4836795252225519,0,0.2671428571428568,1.4164520527192832,18.491,1.9955654101995555,18.3138,2.98245039260011,,,0,0,19.0810900912484,17.9009099087516,6.382457317055855,13.292075410373005,19.02,17.86,1,0,19.02,17.19,1,0,0.37253858435337683,1.6711590296495888,Neutral
2022-01-12 20:00:00,18.85,19.15,18.83,19.14,369,14,0,62.64150943396227,746.05,0.49460491924133776,0,0.2842857142857141,1.4852963128825187,18.523,3.330993899476332,18.326,4.441776710684274,,,0,0,19.180686535476763,17.865313464523236,7.101296069500225,13.568343837821033,19.15,17.86,1,0,19.15,17.19,1,0,1.4846235418876086,2.407704654895662,Neutral
2022-01-13 16:00:00,19.18,19.21,18.89,18.97,1125,14,0,55.38461538461533,785.05,1.4330297433284505,0,0.28142857142857125,1.4835454476993741,18.555500000000002,2.233839023470112,18.3354,3.461064389105222,,,0,0,19.234833264466403,17.8761667355336,7.322176869029673,12.775397259603846,19.21,17.86,1,0,19.21,17.19,1,0,-0.8881922675026188,0.9579563597658315,Neutral
2022-01-13 20:00:00,18.96,18.97,18.74,18.76,329,14,0,51.98555956678706,766.5,0.4292237442922374,0,0.29071428571428576,1.549649710630521,18.563499999999998,1.058528833463538,18.342599999999997,2.2755770719527453,,,0,0,19.24878211631956,17.878217883680435,7.38311327410847,11.86012082619271,19.21,17.86,0,0,19.21,17.19,0,0,-1.1070110701106861,-0.5302226935312719,Neutral
2022-01-14 16:00:00,18.81,18.83,18.48,18.5,1135,14,0,43.21428571428573,808.55,1.4037474491373447,0,0.2892857142857141,1.5637065637065628,18.551499999999997,-0.2776055844540723,18.342599999999997,0.8581117180770592,,,0,0,19.232158350036002,17.870841649963992,7.338041129137859,10.100526111741635,19.21,17.86,0,0,19.21,17.19,0,0,-1.3859275053304976,-3.3437826541274847,Neutral
2022-01-14 20:00:00,18.49,18.66,18.45,18.59,388,14,0,52.20883534136546,790.2,0.49101493292837256,0,0.2721428571428568,1.4639206946899237,18.542499999999997,0.2561682621005959,18.3546,1.2825122857485236,,,0,0,19.215713034242306,17.869286965757688,7.2612973896972814,8.149613588141893,19.21,17.86,0,0,19.21,17.19,0,0,0.4864864864864815,-2.00316288877174,Neutral
2022-01-18 16:00:00,18.44,18.77,18.39,18.45,1297,14,0,59.63302752293573,799.7,1.6218581968238088,0,0.25928571428571395,1.4053426248548182,18.5405,-0.4881206008468069,18.3614,0.482534011567743,,,0,0,19.214606816461647,17.866393183538356,7.271722083672446,10.327127619759253,19.21,17.86,0,0,19.21,17.19,0,0,-0.7530930607853703,-1.6524520255863662,Neutral
2022-01-18 20:00:00,18.44,18.6,18.41,18.47,363,14,0,62.85714285714283,803.25,0.4519140989729225,0,0.2635714285714284,1.427024518524247,18.5405,-0.3802486448585673,18.371000000000002,0.5388928202057408,,,0,0,19.214606816461647,17.866393183538356,7.271722083672446,12.5784883322778,19.21,17.86,0,0,19.21,17.19,0,0,0.10840108401084514,-0.1621621621621683,Neutral
2022-01-19 16:00:00,18.83,20.11,18.82,20.02,1872,14,0,78.08988764044942,836.1,2.238966630785791,1,0.3614285714285713,1.8053375196232333,18.607,7.593916268071157,18.414,8.721624850657097,,,0,0,19.551415162944792,17.662584837055206,10.151181415002881,17.30376305755252,20.11,17.86,1,0,20.11,17.19,1,0,8.391987005955603,7.692307692307692,Neutral
2022-01-19 20:00:00,20.02,20.16,19.9,20.09,673,14,0,78.45303867403312,853.75,0.7882869692532943,0,0.37071428571428583,1.845267723814265,18.679,7.553937576958089,18.459,8.83579825559348,,,0,0,19.833431279439097,17.5245687205609,12.360739648151382,21.721214450492123,20.16,17.86,1,0,20.16,17.19,1,0,0.34965034965035446,8.888888888888893,Neutral
2022-01-20 16:00:00,20.02,20.22,19.81,20.04,2053,14,0,75.37091988130561,914.85,2.244083729573154,1,0.37357142857142883,1.8641288850869704,18.737000000000002,6.954154880717282,18.5018,8.313785685717065,,,0,0,20.04084209570267,17.433157904297335,13.917298347682836,26.146763366556616,20.22,17.86,1,0,20.22,17.19,1,0,-0.24888003982080908,8.50027070925826,Neutral
2022-01-20 20:00:00,20.03,20.05,19.82,19.83,538,14,0,69.047619047619,906.7,0.5933605382155067,0,0.37428571428571444,1.8874720841437944,18.8045,5.453481879337379,18.5416,6.9486991413901675,,,0,0,20.18957039532292,17.41942960467708,14.731265338859528,30.19067806483372,20.22,17.86,1,0,20.22,17.19,1,0,-1.0479041916167664,-0.9490509490509554,Neutral
2022-01-21 16:00:00,19.83,19.98,19.41,19.44,1936,14,0,60.387811634349035,941.05,2.0572764465225015,1,0.3942857142857145,2.0282186948853624,18.875,2.9933774834437155,18.5746,4.659050531370802,,,0,0,20.23743589902327,17.51256410097673,14.436406877067775,32.57474381928195,20.22,17.86,0,0,20.22,17.19,0,0,-1.966717095310122,-3.235440517670476,Neutral
2022-01-21 20:00:00,19.44,19.46,19.19,19.26,598,14,0,56.368563685636886,953.5,0.627163083377032,0,0.40357142857142875,2.0953864411808345,18.941499999999998,1.6814930179764214,18.613,3.4760651157793054,,,0,0,20.237961175256448,17.645038824743548,13.689107781922766,34.36569096737195,20.22,17.86,0,0,20.22,17.19,0,0,-0.9259259259259189,-3.8922155688622637,Neutral
2022-01-24 16:00:00,19.16,19.18,18.74,19.0,2508,14,0,51.80412371134021,1019.6,2.4597881522165554,1,0.4214285714285718,2.2180451127819567,18.9905,0.05002501250624879,18.641399999999997,1.9236752604418272,,,0,0,20.212241207845313,17.76875879215469,12.866867200392957,33.484994939989924,20.22,17.96,0,0,20.22,17.19,0,0,-1.349948078920049,-4.185577407967718,Neutral
2022-01-24 20:00:00,19.0,19.33,18.93,19.3,1036,14,0,52.05128205128205,1054.3,0.9826425116190838,0,0.42714285714285744,2.21317542561066,19.054,1.2910674923900611,18.6608,3.4253622567092648,,,0,0,20.194884236943082,17.913115763056915,11.975272771523917,32.20685851487371,20.22,17.96,0,0,20.22,17.19,0,0,1.5789473684210575,-0.7201646090535008,Neutral
2022-01-25 16:00:00,19.14,19.47,19.06,19.18,2490,14,0,52.72727272727274,1108.35,2.246582758154013,1,0.43357142857142883,2.2605392521972307,19.0965,0.43725289974603093,18.6774,2.690952702196243,,,0,0,20.185995779079253,18.007004220920745,11.410423680561925,31.572411937171758,20.22,18.33,0,0,20.22,17.86,0,0,-0.6217616580310947,-0.41536863966771465,Neutral
2022-01-25 20:00:00,19.17,19.51,19.14,19.41,655,14,0,58.397932816537434,1112.7,0.5886582187471915,0,0.4435714285714289,2.285272687127403,19.139499999999998,1.413307557668706,18.694,3.8301059163367985,,,0,0,20.20581633501307,18.073183664986928,11.142572533379349,31.825650318901758,20.22,18.39,0,0,20.22,17.86,0,0,1.1991657977059367,2.1578947368421058,Neutral
2022-01-26 16:00:00,19.39,19.64,19.35,19.4,1454,14,0,62.43093922651931,1115.05,1.3039774001165867,0,0.43928571428571467,2.26435935198822,19.175,1.1734028683181115,18.715799999999998,3.6557347268083684,,,0,0,20.225463556821673,18.12453644317833,10.956595116784062,33.086664330168546,20.22,18.39,0,0,20.22,17.86,0,0,-0.05151983513653757,0.5181347150258957,Neutral
2022-01-26 20:00:00,19.39,19.46,18.85,18.96,2885,14,0,54.65994962216625,1242.7,2.32155789812505,1,0.46785714285714314,2.467600964436409,19.183500000000002,-1.1650637266400883,18.7308,1.2236530206932021,,,0,0,20.223546051611947,18.143453948388057,10.843131353631454,33.704592432813,20.22,18.39,0,0,20.22,17.86,0,0,-2.268041237113394,-1.1470281543274186,Neutral
2022-01-27 16:00:00,18.84,19.07,18.66,18.74,2026,14,0,53.580246913580226,1286.5,1.5748153905946367,0,0.47000000000000036,2.5080042689434383,19.177500000000002,-2.281319254334525,18.7406,-0.0032016050713539286,,,0,0,20.226747850906303,18.1282521490937,10.942488342133242,31.57130821105888,20.22,18.39,0,1,20.22,17.86,0,0,-1.1603375527426296,-3.4518289541473552,Neutral
2022-01-27 20:00:00,18.74,18.8,18.59,18.63,875,14,0,51.93236714975845,1311.8,0.6670224119530417,0,0.4714285714285718,2.530480791350359,19.152,-2.725563909774446,18.7468,-0.6230396654362416,,,0,0,20.22949416899139,18.07450583100861,11.25202766281735,29.25491075485137,20.22,18.39,0,1,20.22,17.86,0,0,-0.5869797225186768,-3.969072164948452,Neutral
2022-01-28 16:00:00,18.38,18.44,18.19,18.22,1775,14,0,20.00000000000003,1344.3,1.320389793944804,0,0.38571428571428584,2.1169829073231936,19.1145,-4.679693426456359,18.7448,-2.7997097861807143,,,0,0,20.26817559063238,17.960824409367618,12.071208670196782,28.864611399034775,20.22,18.19,0,1,20.22,17.86,0,0,-2.2007514761137936,-3.902953586497901,Neutral
2022-01-28 20:00:00,18.22,18.5,18.22,18.49,600,14,0,25.000000000000014,1357.85,0.44187502301432413,0,0.3871428571428573,2.093795874217725,19.101,-3.1987854039055583,18.749000000000002,-1.3814070083738006,,,0,0,20.278220633973326,17.92377936602667,12.326272278658996,28.405476220506255,20.22,18.19,0,1,20.22,17.86,0,0,1.4818880351262331,-1.3340448239060834,Neutral
2022-01-31 16:00:00,18.57,18.93,18.5,18.9,1495,14,0,33.98876404494382,1375.85,1.0866010102845514,0,0.3892857142857145,2.0597127739984895,19.121000000000002,-1.1557972909366854,18.758,0.7570103422539688,,,0,0,20.268443841075015,17.97355615892499,12.001922923225909,26.785038468602995,20.22,18.19,0,0,20.22,17.86,0,0,2.217414818820984,1.4492753623188384,Neutral
2022-01-31 20:00:00,18.89,19.1,18.88,19.06,395,14,0,39.031339031339044,1376.2,0.2870222351402412,0,0.3885714285714289,2.0386748613401307,19.1445,-0.4413800308182612,18.7684,1.5536753266128118,,,0,0,20.26509147915635,18.02390852084365,11.706667493602334,24.85151338071549,20.22,18.19,0,0,20.22,17.86,0,0,0.846560846560851,4.610318331503841,Neutral
2022-02-01 16:00:00,19.14,19.21,18.8,19.07,1536,14,0,44.08945686900958,1388.15,1.1065086626085077,0,0.3771428571428575,1.9776762304292477,19.1755,-0.5501812208286577,18.7802,1.5431145568204792,,,0,0,20.248488448458897,18.102511551541102,11.191243497785166,23.69207425197621,20.22,18.19,0,0,20.22,17.86,0,0,0.05246589716685346,3.1368307193077443,Neutral
2022-02-01 20:00:00,19.06,19.11,18.97,19.01,347,14,0,45.847176079734226,1387.35,0.25011712977979605,0,0.36785714285714327,1.935071766739312,19.2025,-1.0024736362452753,18.7944,1.1471502149576576,,,0,0,20.226812349566085,18.178187650433916,10.668531176316465,22.86153655744635,20.22,18.19,0,0,20.22,17.86,0,0,-0.3146303093864655,0.5820105820105979,Neutral
2022-02-02 16:00:00,19.15,19.39,18.81,19.38,1440,14,0,56.08974358974357,1365.75,1.0543657331136738,0,0.37214285714285744,1.920241780922897,19.1705,1.092824913278206,18.8154,3.0007334417551506,,,0,0,20.124879930966433,18.21612006903357,9.956755754585767,22.56089998689414,20.22,18.19,0,0,20.22,17.86,0,0,1.946344029458169,1.6789087093389312,Neutral
2022-02-02 20:00:00,19.38,19.42,19.12,19.14,428,14,0,47.385620915032675,1353.5,0.3162172146287403,0,0.3650000000000005,1.9070010449320818,19.122999999999998,0.08889818543117196,18.8312,1.6398317685543222,,,0,0,19.973612163463173,18.272387836536822,8.896220922064273,22.052271312775332,20.22,18.19,0,0,20.22,17.86,0,0,-1.238390092879249,0.3670686942842175,Neutral
2022-02-03 16:00:00,19.04,19.22,18.74,19.0,1627,14,0,47.07792207792208,1332.2,1.2212880948806486,0,0.3700000000000005,1.947368421052634,19.070999999999998,-0.37229301032980944,18.845399999999998,0.8203593449860553,,,0,0,19.80469719840497,18.337302801595026,7.694375737034995,22.62417519305884,20.05,18.19,0,0,20.22,17.86,0,0,-0.7314524555903867,-0.05260389268806713,Neutral
2022-02-03 20:00:00,19.0,19.2,18.97,18.97,410,14,0,42.36111111111109,1325.8,0.30924724694524064,0,0.36000000000000043,1.8977332630469186,19.028,-0.30481395837712755,18.8548,0.6109850011668009,,,0,0,19.669399785009684,18.386600214990313,6.741641633484187,22.90844278361742,19.98,18.19,0,0,20.22,17.86,0,0,-0.15789473684211242,-2.115583075335398,Neutral
2022-02-04 16:00:00,18.89,19.32,18.88,19.12,1518,14,0,45.364238410596066,1304.9,1.1633075331443021,0,0.37071428571428633,1.9388822474596563,19.012,0.5680622764569774,18.8708,1.3205587468469904,,,0,0,19.625483581901836,18.398516418098165,6.453645927854361,22.54184153328865,19.64,18.19,0,0,20.22,17.86,0,0,0.7907221929362329,-0.10449320794148158,Neutral
2022-02-04 20:00:00,19.12,19.17,19.04,19.11,438,14,0,52.895752895752864,1296.9,0.3377284293314827,0,0.33642857142857224,1.7604844135456421,19.0045,0.5551316793391,18.881,1.2128594883745523,,,0,0,19.60881692626334,18.40018307373666,6.359724552220164,22.17613382719343,19.64,18.19,0,0,20.22,17.86,0,0,-0.05230125523013607,0.5789473684210497,Neutral
2022-02-07 16:00:00,19.22,19.45,19.12,19.43,1540,14,0,62.82527881040894,1248.5,1.2334801762114538,0,0.33142857142857224,1.7057569296375308,19.026,2.1234100704299372,18.8948,2.83252535089019,,,0,0,19.659533117150367,18.392466882849632,6.6596564401384155,22.582879480303735,19.64,18.19,1,0,20.22,17.86,0,0,1.6745159602302495,2.424881391671064,Neutral
2022-02-07 20:00:00,19.43,19.58,19.43,19.5,427,14,0,66.41509433962264,1218.05,0.3505603218258692,0,0.3271428571428578,1.677655677655681,19.035999999999998,2.437486866988875,18.9094,3.123314330438821,,,0,0,19.693600102445842,18.378399897554154,6.9090155751822255,23.628715520455465,19.64,18.19,1,0,20.22,17.86,0,0,0.3602676273803507,1.9874476987447647,Neutral
2022-02-08 16:00:00,19.51,19.72,19.46,19.67,1408,14,0,80.08298755186723,1163.95,1.2096739550667983,0,0.31428571428571495,1.5977921417677423,19.060499999999998,3.197712546890188,18.933,3.8926741667987215,,,0,0,19.774760014575214,18.34623998542478,7.494661887938061,22.313484634156445,19.72,18.19,1,0,20.22,17.86,0,0,0.8717948717948731,2.9304029304029426,Neutral
2022-02-08 20:00:00,19.67,19.74,19.56,19.73,351,14,0,78.18181818181819,1148.75,0.3055495103373232,0,0.3071428571428577,1.5567301426399276,19.076500000000003,3.4256808114695954,18.958199999999998,4.071061598674993,,,0,0,19.836590714807635,18.31640928519237,7.968869706787215,20.969545848793096,19.74,18.19,1,0,20.22,17.86,0,0,0.30503304524656105,1.5440041173443166,Neutral
2022-02-09 16:00:00,19.71,19.9,19.7,19.84,1032,14,0,74.73684210526316,1127.65,0.9151775816964483,0,0.2900000000000004,1.461693548387099,19.098499999999998,3.8825038615598197,18.981199999999998,4.524476850778678,,,0,0,19.92092964824702,18.276070351752974,8.61250515220592,20.506304198703,19.9,18.19,1,0,20.22,17.86,1,0,0.5575266092245235,1.7435897435897427,Neutral
2022-02-09 20:00:00,19.83,19.87,19.63,19.65,383,14,0,65.28497409326422,1002.55,0.3820258341229864,0,0.2914285714285718,1.4830970556161416,19.133,2.702137667903619,19.001199999999997,3.4145211881354944,,,0,0,19.9882032691582,18.2777967308418,8.939562736196095,19.832668890921347,19.9,18.19,1,0,20.22,17.86,0,0,-0.9576612903225867,-0.10167768174887203,Neutral
2022-02-10 16:00:00,19.63,19.8,19.46,19.52,1460,14,0,60.97560975609754,974.25,1.4985886579420067,0,0.2864285714285718,1.4673594847775195,19.172,1.8151470895055235,19.014,2.6611970127274653,,,0,0,20.02287199853718,18.32112800146282,8.876194434979968,19.30621627165708,19.9,18.19,1,0,20.22,17.86,0,0,-0.661577608142494,-1.0643689812468364,Neutral
2022-02-10 20:00:00,19.51,19.6,19.17,19.23,746,14,0,54.82456140350875,967.8,0.7708204174416202,0,0.30714285714285744,1.5972067454126753,19.201999999999998,0.14581814394335094,19.029,1.0562825161595486,,,0,0,20.013823159379662,18.390176840620335,8.455610450782874,18.180971653261775,19.9,18.19,0,0,20.22,17.86,0,0,-1.4856557377049162,-3.074596774193546,Neutral
2022-02-11 16:00:00,19.41,20.12,19.41,20.12,1775,14,0,63.21428571428573,967.8,1.8340566232692705,0,0.3292857142857145,1.6366089179210463,19.297,4.264911644297043,19.0708,5.501604547265991,,,0,0,20.068658500960858,18.525341499039143,7.997704316327482,19.101442934557788,20.12,18.22,1,0,20.22,17.86,1,0,4.6281851274051045,2.3918575063613354,Neutral
2022-02-11 20:00:00,20.12,20.79,20.07,20.62,2067,14,0,74.18300653594767,1041.15,1.9853047111367237,0,0.3592857142857144,1.742413745323542,19.4035,6.269487463601926,19.1246,7.819248507158319,,,0,0,20.28615806695332,18.520841933046682,9.097926322089506,21.519450318609323,20.79,18.5,1,0,20.79,17.86,1,0,2.48508946322068,5.635245901639352,Neutral
2022-02-14 16:00:00,20.82,21.12,20.63,20.77,2098,14,0,78.82736156351787,1071.3,1.9583683375338374,0,0.36071428571428577,1.7367081642478854,19.497,6.529209621993126,19.179599999999997,8.292143736052903,,,0,0,20.537204433348442,18.456795566651557,10.670405019730651,24.45064166994705,21.12,18.74,1,0,21.12,17.86,1,0,0.7274490785645016,8.008320332813309,Neutral
2022-02-14 20:00:00,20.77,21.11,20.75,21.01,674,14,0,81.09756097560975,1085.25,0.6210550564386086,0,0.37,1.7610661589719179,19.5945,7.223965908800947,19.239199999999997,9.204124911638765,,,0,0,20.812582617541903,18.376417382458097,12.432903289615993,27.26956188017161,21.12,18.74,1,0,21.12,17.86,1,0,1.1555127587867142,4.423459244532806,Neutral
2022-02-15 16:00:00,20.29,20.64,20.22,20.56,2097,14,0,70.11173184357536,1113.3,1.883589329021827,0,0.3950000000000001,1.9212062256809344,19.669,4.529971020387403,19.2838,6.617990230141359,,,0,0,20.933393343194915,18.404606656805086,12.856712015810812,28.278673122806783,21.12,18.74,0,0,21.12,17.96,0,0,-2.1418372203712677,-0.29097963142581124,Neutral
2022-02-15 20:00:00,20.56,20.66,20.49,20.61,460,14,0,70.71823204419887,1118.95,0.41109969167523125,0,0.39785714285714285,1.9304082622859917,19.749000000000002,4.359714415919778,19.325,6.649417852522641,,,0,0,21.040019996583617,18.457980003416388,13.074282207540778,30.40164100452953,21.12,18.74,0,0,21.12,17.96,0,0,0.24319066147859836,-0.7703418391911417,Neutral
2022-02-16 16:00:00,21.49,22.34,21.41,22.33,3128,14,0,78.88446215139439,1203.35,2.5994099804711848,1,0.4971428571428572,2.2263450834879412,19.8965,12.230794360817223,19.3978,15.116147191949592,,,0,0,21.613734925533908,18.17926507446609,17.26167844127267,33.53746304225749,22.34,18.74,1,0,22.34,18.19,1,0,8.345463367297423,6.28272251308899,Neutral
2022-02-16 20:00:00,22.33,22.37,21.99,22.17,1440,14,0,76.12524461839533,1253.95,1.1483711471749272,0,0.5135714285714289,2.3165152393839823,20.048000000000002,10.58459696727853,19.4654,13.894397238176474,,,0,0,22.002466948462246,18.093533051537758,19.497874585616955,36.09669947981308,22.37,18.74,1,0,22.37,18.19,1,0,-0.7165248544558689,7.83073929961091,Neutral
2022-02-17 16:00:00,22.53,23.12,22.33,23.07,2290,14,0,79.10958904109589,1287.1,1.7791935358558,0,0.5628571428571433,2.4397795529134947,20.2515,13.917487593511593,19.549599999999998,18.00752956582233,,,0,0,22.561690468337986,17.941309531662014,22.815005983141848,37.329953906141434,23.12,18.88,1,0,23.12,18.19,1,0,4.059539918809185,11.935953420669582,Neutral
2022-02-17 20:00:00,23.06,23.39,23.05,23.16,711,14,0,79.21635434412266,1302.15,0.5460200437737588,0,0.5742857142857147,2.479644707623984,20.461,13.190948633986618,19.63,17.98267957208355,,,0,0,23.02758610035314,17.894413899646857,25.08759200775272,38.76295541365859,23.39,18.88,1,0,23.39,18.19,1,0,0.39011703511053764,3.7169726824899323,Neutral
2022-02-18 16:00:00,23.1,23.16,22.86,23.05,2113,14,0,77.34241908006817,1331.9,1.5864554395975672,0,0.581428571428572,2.522466687325692,20.6575,11.581749969744655,19.7116,16.936220296678098,,,0,0,23.388313451201444,17.926686548798553,26.43895390247073,40.245573739047394,23.39,19.04,1,0,23.39,18.19,1,0,-0.47495682210707546,3.9693279206134364,Neutral
2022-02-18 20:00:00,23.05,23.27,22.93,23.06,728,14,0,79.96485061511427,1346.4,0.540701128936423,0,0.588571428571429,2.5523479122785298,20.855,10.5730040757612,19.7976,16.478765102840747,,,0,0,23.68415274652279,18.02584725347721,27.131649451189553,42.64925358262899,23.39,19.12,1,0,23.39,18.19,1,0,0.04338394793925726,-0.04334633723451046,Neutral
2022-02-22 16:00:00,23.16,23.36,22.64,22.96,2069,14,0,80.38869257950535,1372.85,1.5070838037658887,0,0.615714285714286,2.68168242906919,21.0315,9.169578964886002,19.886799999999997,15.453466621075307,,,0,0,23.92602677706692,18.136973222933083,27.525633236496855,45.55308409230252,23.39,19.17,1,0,23.39,18.19,1,0,-0.43365134431916363,-0.8635578583765081,Neutral
2022-02-22 20:00:00,22.95,22.96,22.49,22.69,942,14,0,80.67375886524827,1398.6,0.6735306735306735,0,0.6185714285714291,2.726185229490653,21.191,7.073757727337088,19.9688,13.62725852329634,,,0,0,24.08175404477238,18.300245955227616,27.2828469139954,49.75252585835174,23.39,19.17,0,0,23.39,18.19,0,0,-1.1759581881533032,-1.5618221258134466,Neutral
2022-02-23 16:00:00,22.79,23.11,22.69,23.0,1909,14,0,78.45849802371545,1423.65,1.340919467565764,0,0.5850000000000003,2.5434782608695667,21.357499999999998,7.690506847711585,20.0598,14.657175046610638,,,0,0,24.262949507753437,18.45205049224656,27.207767835687125,52.5544451051379,23.39,19.17,1,0,23.39,18.19,1,0,1.366240634640814,-0.2601908065914949,Neutral
2022-02-23 20:00:00,22.99,23.0,22.72,22.75,870,14,0,72.14137214137217,1449.6,0.6001655629139073,0,0.553571428571429,2.433281004709578,21.508499999999998,5.772136597159273,20.1454,12.929006125467858,,,0,0,24.371404487624858,18.645595512375138,26.621145013597975,53.64336020334092,23.39,19.17,0,0,23.39,18.19,0,0,-1.0869565217391353,-0.9146341463414672,Neutral
2022-02-24 16:00:00,23.26,23.36,22.76,22.92,4169,14,0,72.25672877846796,1606.45,2.5951632481558717,1,0.5614285714285719,2.4495138369483938,21.6625,5.804962492787076,20.2034,13.446251621014301,,,0,0,24.47847603907259,18.846523960927414,25.998624711576113,53.01872603833407,23.39,19.17,0,0,23.39,18.19,0,0,0.7472527472527579,1.01366240634641,Neutral
2022-02-24 20:00:00,22.91,22.93,22.01,22.46,2322,14,0,64.35643564356437,1703.4,1.3631560408594574,0,0.6014285714285718,2.6777763643302395,21.803000000000004,3.0133467871393678,20.2508,10.909198648942258,,,0,0,24.472800702201017,19.133199297798992,24.490214210897694,50.89984257381055,23.39,19.17,0,0,23.39,18.19,0,0,-2.006980802792324,-2.347826086956518,Neutral
2022-02-25 16:00:00,22.0,22.47,21.94,22.4,2514,14,0,69.7424892703863,1756.1,1.4315813450259098,0,0.5828571428571429,2.6020408163265305,21.947,2.064063425525126,20.298,10.355700068972315,,,0,0,24.400217865322226,19.493782134677772,22.355837839542776,51.255928424694,23.39,19.17,0,0,23.39,18.19,0,0,-0.267141585040076,-1.5384615384615448,Neutral
2022-02-25 20:00:00,22.41,22.54,22.35,22.48,707,14,0,69.93603411513863,1754.15,0.4030442094461705,0,0.584285714285714,2.599135739705133,22.109500000000004,1.675750243108149,20.351000000000003,10.461402388089025,,,0,0,24.210161299385533,20.008838700614476,19.00234106954502,51.62706569099255,23.39,19.41,0,0,23.39,18.19,0,0,0.3571428571428559,-1.9197207678883128,Neutral
2022-02-28 16:00:00,22.5,22.78,22.31,22.45,3326,14,0,52.000000000000014,1831.7,1.8157995304908008,0,0.49428571428571416,2.2017181037225577,22.226000000000003,1.0078286691262333,20.411199999999997,9.988633691306745,,,0,0,24.10928268834229,20.342717311657715,16.94666326232599,48.849382177745916,23.39,20.07,0,0,23.39,18.19,0,0,-0.13345195729538295,-0.0445235975066855,Neutral
2022-02-28 20:00:00,22.45,22.55,22.26,22.5,945,14,0,55.7093425605536,1775.6,0.5322144627168282,0,0.4878571428571425,2.1682539682539668,22.32,0.8064516129032245,20.476,9.884743113889437,,,0,0,24.046950460996506,20.593049539003495,15.474466496384457,45.97472627631539,23.39,20.22,0,0,23.39,18.19,0,0,0.22271714922048602,0.44642857142857784,Neutral
2022-03-01 16:00:00,22.72,23.32,22.71,23.31,3293,14,0,54.285714285714256,1835.35,1.7942081891737272,0,0.47857142857142826,2.053073481644909,22.447,3.844611752127231,20.562199999999997,13.363356061121873,,,0,0,24.064094210060034,20.829905789939964,14.408109859313361,42.75347339857395,23.39,20.22,1,0,23.39,18.19,1,0,3.600000000000003,3.69217081850533,Neutral
2022-03-01 20:00:00,23.31,23.42,23.22,23.36,1137,14,0,53.62318840579708,1858.5,0.6117836965294592,0,0.46857142857142847,2.0058708414872792,22.5645,3.5254492676549476,20.6434,13.159653932976155,,,0,0,24.080290222952744,21.048709777047254,13.435176697491594,39.09774100413295,23.42,20.22,1,0,23.42,18.19,1,0,0.21450021450022394,4.053452115812918,Neutral
2022-03-02 16:00:00,22.87,23.28,22.58,22.98,3155,14,0,48.84488448844884,1911.4,1.6506225803076278,0,0.5028571428571428,2.188238219569812,22.685499999999998,1.2981860659893012,20.7194,10.91054760272981,,,0,0,23.8798282630831,21.491171736916897,10.529441829213383,35.373967765568146,23.42,20.49,1,0,23.42,18.19,1,0,-1.6267123287671215,2.1333333333333355,Neutral
2022-03-02 20:00:00,22.97,23.15,22.9,23.08,718,14,0,50.32051282051282,1924.3,0.3731226939666372,0,0.4964285714285714,2.1509036890319386,22.809,1.1881274935332424,20.792800000000003,10.999961525143293,,,0,0,23.507627225349154,22.11037277465085,6.125890879469971,31.660848832900708,23.42,21.41,1,0,23.42,18.19,1,0,0.4351610095735259,-0.9867009867009885,Neutral
2022-03-03 16:00:00,23.34,23.62,23.09,23.23,2486,14,0,54.258675078864336,1892.2,1.3138146073353767,0,0.4835714285714288,2.0816677941086046,22.854,1.6452262186050635,20.8694,11.311297881108235,,,0,0,23.53851750198615,22.16948249801385,5.990351815753479,28.587831477504427,23.62,21.94,1,0,23.62,18.19,1,0,0.649913344887354,-0.5565068493150642,Neutral
2022-03-03 20:00:00,23.22,23.52,23.19,23.5,657,14,0,62.776025236593014,1853.05,0.3545506057580745,0,0.4735714285714285,2.0151975683890577,22.920499999999997,2.528304356362222,20.9602,12.1172507895917,,,0,0,23.58330027951513,22.257699720484865,5.7834713860093085,25.562821748420937,23.62,21.94,1,0,23.62,18.19,1,0,1.162290142057687,2.2628372497824176,Neutral
2022-03-04 16:00:00,23.63,24.24,23.5,24.23,2693,14,0,67.13091922005569,1873.2,1.4376468076019646,0,0.4964285714285714,2.048817876304463,22.9785,5.446395543660378,21.07,14.997626957759849,,,0,0,23.862492736335398,22.094507263664603,7.694085656900121,23.539718701011733,24.24,21.94,1,0,24.24,18.19,1,0,3.10638297872341,4.98266897746968,Neutral
2022-03-04 20:00:00,24.23,24.4,24.09,24.13,836,14,0,70.05813953488365,1879.45,0.4448109819362047,0,0.49857142857142833,2.0661890947842037,23.027,4.790029096278273,21.18,13.928234183191687,,,0,0,24.048641609835055,22.005358390164947,8.873423457984577,22.162921735979488,24.4,21.94,1,0,24.4,18.19,1,0,-0.412711514651265,3.8743004735256075,Neutral
2022-03-07 16:00:00,24.09,24.88,23.87,24.48,3930,14,0,71.54696132596678,1970.3,1.9946201086129016,0,0.5271428571428568,2.1533613445378137,23.0985,5.980907851159162,21.3052,14.90152638792408,,,0,0,24.309524359787602,21.8874756402124,10.485740284326694,20.459912651021824,24.88,21.94,1,0,24.88,18.19,1,0,1.450476585163707,4.170212765957448,Neutral
2022-03-07 20:00:00,24.47,24.9,24.45,24.78,1337,14,0,83.52601156069358,2000.75,0.6682494064725728,0,0.49357142857142833,1.9918136746223902,23.1845,6.8817528952533,21.431000000000004,15.626895618496551,,,0,0,24.609413293760635,21.759586706239364,12.291947583606595,21.94316765382991,24.9,21.94,1,0,24.9,18.19,1,0,1.225490196078427,2.269913330581926,Neutral
2022-03-08 16:00:00,24.89,25.99,24.41,24.61,8338,14,0,80.9523809523809,2314.2,3.602972949615418,1,0.5685714285714284,2.3103268125616756,23.267000000000003,5.772123608544274,21.5452,14.224978185396273,,,0,0,24.82228437068053,21.711715629319475,13.369015091593486,23.39428069955599,25.99,21.94,0,0,25.99,18.22,0,0,-0.6860371267151,1.9892250310816428,Neutral
2022-03-08 20:00:00,24.61,25.34,24.44,25.27,3285,14,0,83.61445783132524,2431.35,1.3511012400518232,0,0.6192857142857141,2.4506755610831585,23.396,8.00991622499572,21.6694,16.616057666571294,,,0,0,25.163310177404288,21.628689822595714,15.10779772101459,24.764425531682402,25.99,21.94,0,0,25.99,18.5,0,0,2.6818366517675774,3.227124183006532,Neutral
2022-03-09 16:00:00,23.73,24.55,23.73,23.98,5365,14,0,64.14048059149722,2604.15,2.0601731851083844,1,0.6957142857142854,2.9012272131538173,23.445,2.281936447003626,21.7676,10.163729579742363,,,0,0,25.22040506867971,21.66959493132029,15.14527676416899,26.408223161245104,25.99,21.94,0,0,25.99,18.74,0,0,-5.104867431737237,-3.2284100080710276,Neutral
2022-03-09 20:00:00,23.97,24.3,23.94,24.25,1724,14,0,65.54174067495559,2646.85,0.6513402723992671,0,0.7007142857142854,2.889543446244476,23.520000000000003,3.103741496598626,21.872400000000003,10.870320586675431,,,0,0,25.29851505179814,21.741484948201865,15.123427311208653,28.309932122468805,25.99,21.94,0,0,25.99,18.74,0,0,1.1259382819015729,-1.4628199918732199,Neutral
2022-03-10 16:00:00,24.46,24.94,24.2,24.41,3969,14,0,61.04417670682732,2636.85,1.5052050742363048,0,0.6949999999999997,2.8471937730438333,23.5945,3.456313971476404,21.973000000000003,11.09088426705501,,,0,0,25.39191890967046,21.79708109032954,15.235914384034063,30.073217146623403,25.99,21.94,0,0,25.99,18.74,0,0,0.6597938144329962,-3.40324495449149,Neutral
2022-03-10 20:00:00,24.41,24.53,24.35,24.42,774,14,0,60.728744939271266,2559.45,0.3024087206235715,0,0.6935714285714282,2.8401778401778386,23.6925,3.07059195948086,22.078599999999998,10.604839074941363,,,0,0,25.442578193741447,21.94242180625855,14.77326743688043,32.05561208643253,25.99,21.94,0,0,25.99,18.74,0,0,0.04096681687832948,1.8348623853211061,Neutral
2022-03-11 16:00:00,23.84,24.49,23.81,24.41,3834,14,0,65.64551422319472,2625.45,1.4603210878135178,0,0.6864285714285708,2.8120793585766934,23.793,2.593199680578325,22.186799999999998,10.020372473723125,19.74495,23.626547547600786,0,0,25.4594124718432,22.126587528156797,14.00758602818646,34.77637328905628,25.99,22.26,0,0,25.99,18.74,0,0,-0.040950040950049615,0.6597938144329902,Uptrend
2022-03-11 20:00:00,24.41,24.47,24.26,24.28,962,14,0,63.04347826086957,2638.2,0.364642559320749,0,0.6835714285714278,2.8153683219581045,23.883,1.6622702340577067,22.293000000000003,8.913111739110922,19.768900000000002,22.81917557375473,0,0,25.44178630249334,22.324213697506657,13.053521772753356,37.283350763854365,25.99,22.26,0,0,25.99,18.74,0,0,-0.5325686194182722,-0.5325686194182672,Uptrend
2022-03-14 12:00:00,23.6,23.9,23.55,23.9,1112,14,0,56.93581780538299,2527.5,0.4399604352126607,0,0.6971428571428563,2.916915720262997,23.9555,-0.2316795725407614,22.3886,6.750757081729086,19.79175,20.757386284689318,0,0,25.361000098297588,22.549999901702414,11.7342580893539,37.6248391756069,25.99,22.26,0,0,25.99,18.88,0,0,-1.565074135090616,-2.129402129402142,Uptrend
2022-03-14 16:00:00,23.9,23.93,23.46,23.49,2804,14,0,49.89939637826961,2620.45,1.0700452212406266,0,0.7071428571428563,3.0103995621236965,24.005,-2.1453863778379527,22.476200000000002,4.51054893620806,19.8132,18.55732541941736,0,0,25.255894416848992,22.754105583151006,10.421948901053891,37.53821840993867,25.99,22.58,0,0,25.99,18.88,0,0,-1.7154811715481166,-3.7689471528062337,Uptrend
2022-03-14 20:00:00,23.48,23.62,23.31,23.57,663,14,0,42.36111111111113,2488.95,0.266377388055204,0,0.6764285714285708,2.869870901266741,24.017999999999997,-1.865267715879744,22.559,4.481581630391415,19.83465,18.832447257703063,0,0,25.24363152357373,22.792368476426265,10.2059415736009,35.62747402945322,25.99,22.58,0,0,25.99,19.04,0,0,0.3405704555129896,-2.924217462932458,Uptrend
2022-03-15 12:00:00,22.91,23.45,22.9,23.42,1129,14,0,41.8764302059497,2488.55,0.4536778445279379,0,0.7021428571428567,2.9980480663657416,24.021,-2.501977436409804,22.637400000000003,3.457110798943335,19.854,17.961116147879533,0,0,25.24012652078565,22.80187347921435,10.150505980480832,34.32109245991375,25.99,22.58,0,0,25.99,19.12,0,0,-0.6364022061943087,-2.008368200836807,Uptrend
2022-03-15 16:00:00,23.42,23.96,23.33,23.76,2665,14,0,41.74311926605507,2464.05,1.0815527282319757,0,0.6749999999999999,2.8409090909090904,24.06,-1.2468827930174446,22.7192,4.5811472234937884,19.875749999999996,19.542658767593704,0,0,25.18519471999003,22.934805280009968,9.353239567664428,32.98866580266877,25.99,22.9,0,0,25.99,19.17,0,0,1.451750640478222,1.149425287356335,Uptrend
2022-03-15 20:00:00,23.76,23.81,23.68,23.7,483,14,0,36.893203883495154,2452.3,0.19695795783550135,0,0.652142857142857,2.751657625075346,24.091,-1.6230127433481456,22.798599999999997,3.953751546147582,19.8964,19.11702619569369,0,0,25.133646430457645,23.048353569542357,8.655899966440945,29.995376345964676,25.99,22.9,0,0,25.99,19.17,0,0,-0.2525252525252597,0.5515485787017352,Uptrend
2022-03-16 12:00:00,23.61,23.86,23.57,23.83,840,14,0,40.44117647058823,2370.0,0.35443037974683544,0,0.5599999999999999,2.3499790180444817,24.121000000000002,-1.2064176443762857,22.878400000000003,4.159381774949277,19.91815,19.63962516599181,0,0,25.091358588086063,23.15064141191394,8.045757539787411,28.314595831921004,25.99,22.9,0,0,25.99,19.17,0,0,0.5485232067510504,1.7506404782237257,Uptrend
2022-03-16 16:00:00,23.82,23.85,23.22,23.36,2651,14,0,25.449871465295644,2469.7,1.073409725877637,0,0.540714285714286,2.3147015655577317,24.114,-3.126814298747621,22.952599999999997,1.7749623136376826,19.93815,17.16232448848062,0,0,25.10502073906748,23.12297926093252,8.219463706290785,27.03433954335906,25.99,22.9,0,0,25.99,19.17,0,0,-1.9723038187159037,-1.6835016835016925,Uptrend
2022-03-16 20:00:00,23.34,23.57,23.12,23.54,1318,14,0,42.086330935251794,2400.95,0.5489493742060435,0,0.46285714285714313,1.9662580410243973,24.0795,-2.2404950268900947,23.032999999999998,2.2011895975339795,19.95905,17.941485190928415,0,0,25.101087515893905,23.057912484106094,8.485122331393141,26.60777037821584,25.99,22.9,0,0,25.99,19.17,0,0,0.7705479452054798,-0.6751054852320681,Uptrend
2022-03-17 12:00:00,23.89,24.14,23.85,24.05,921,14,0,46.68874172185432,2405.2,0.382920339264926,0,0.4800000000000004,1.9958419958419977,24.075499999999998,-0.10591680338932698,23.129399999999997,3.9802156562643387,19.98265,20.354407448461547,0,0,25.09688141749236,23.054118582507638,8.484819982906778,24.81509550981725,25.99,22.9,0,0,25.99,19.17,0,0,2.166525063721325,0.9232060428031994,Uptrend
2022-03-17 16:00:00,24.05,24.46,23.93,24.17,2186,14,0,45.973154362416146,2318.0,0.9430543572044866,0,0.46500000000000036,1.9238725693007874,24.06,0.4571903574397464,23.2104,4.1343535656429955,20.007,20.80771729894537,0,0,25.064809487048098,23.0551905129519,8.35253106440648,23.796714200109516,25.99,22.9,0,0,25.99,19.17,0,0,0.498960498960499,3.4674657534246673,Uptrend
2022-03-17 20:00:00,24.16,24.16,23.97,24.01,508,14,0,43.45047923322685,2276.55,0.22314467066394322,0,0.466428571428572,1.9426429463913868,24.0215,-0.04787377973897578,23.2782,3.1437138610373805,20.03255,19.85493609151107,0,0,24.96743367965968,23.075566320340318,7.87572532655897,22.862106032732353,25.99,22.9,0,0,25.99,19.41,0,0,-0.6619776582540315,1.99660152931182,Uptrend
2022-03-18 12:00:00,23.9,24.07,23.81,23.99,766,14,0,43.31210191082801,1897.95,0.4035933507205142,0,0.43642857142857217,1.8192103852795838,23.9905,-0.0020841583126753817,23.342599999999997,2.773469964785419,20.0582,19.601958301343085,0,0,24.89495621929992,23.08604378070008,7.5401197915835025,21.161102901297216,25.34,22.9,0,0,25.99,20.07,0,0,-0.08329862557269196,-0.24948024948025896,Uptrend
2022-03-18 16:00:00,23.98,24.07,23.74,23.88,1778,14,0,43.58974358974357,1822.6,0.9755294634039285,0,0.44500000000000106,1.863484087102182,23.921,-0.17139751682622117,23.4,2.0512820512820533,20.08585,18.88966610823041,0,0,24.595993957087025,23.246006042912974,5.643526249630244,19.574626033520115,24.94,22.9,0,0,25.99,20.22,0,0,-0.4585243851604859,-1.1998345055854476,Uptrend
2022-03-18 20:00:00,23.88,23.91,23.67,23.72,393,14,0,46.896551724137936,1574.0,0.2496823379923761,0,0.4100000000000009,1.7284991568296837,23.907999999999998,-0.7863476660531992,23.4632,1.0944798663438848,20.112949999999998,17.933967916193303,0,0,24.588204303673226,23.22779569632677,5.690181559923278,18.453583767196818,24.94,22.9,0,0,25.99,20.22,0,0,-0.670016750418756,-1.2078300708038427,Uptrend
2022-03-21 12:00:00,24.06,24.42,24.03,24.34,719,14,0,63.665594855305464,1523.75,0.47186218211648895,0,0.4264285714285726,1.7519661932151709,23.9125,1.7877679038159893,23.5378,3.4081349998725416,20.1426,20.838422050777943,0,0,24.6033385446221,23.2216614553779,5.77805369260512,18.506939021681234,24.94,22.9,0,0,25.99,20.22,0,0,2.613827993254647,1.4589412255106353,Uptrend
2022-03-21 16:00:00,24.34,24.52,24.1,24.28,2229,14,0,61.48867313915858,1436.75,1.5514181311988864,0,0.43428571428571516,1.7886561543892714,23.906,1.564460804818884,23.5768,2.9825930575820405,20.171650000000003,20.366950646080003,0,0,24.579354524591775,23.232645475408223,5.633351665621819,20.142942706865256,24.53,22.9,1,0,25.99,20.49,0,0,-0.24650780608052036,1.6750418760469101,Uptrend
2022-03-21 20:00:00,24.27,24.3,24.21,24.22,486,14,0,63.33333333333325,1422.35,0.3416880514641263,0,0.3928571428571436,1.622036097676068,23.896,1.3558754603280803,23.617800000000003,2.549771782299775,20.200699999999998,19.896835258184133,0,0,24.542623619474192,23.24937638052581,5.41198208465175,22.229017864317502,24.52,22.9,1,0,25.99,21.41,0,0,-0.24711696869852418,2.1079258010118047,Uptrend
2022-03-22 12:00:00,24.09,24.22,23.94,24.06,874,14,0,55.319148936170144,1274.35,0.6858398399183898,0,0.36785714285714327,1.5289158057237877,23.8785,0.7600979961052821,23.6376,1.7869834500964552,20.229300000000002,18.936394240037945,0,0,24.484201854744438,23.27279814525556,5.0731985237300385,22.82788874991267,24.52,22.9,1,0,25.99,21.94,0,0,-0.6606110652353392,-1.1503697617091255,Uptrend
2022-03-22 16:00:00,24.06,24.31,23.76,24.15,2337,14,0,57.89473684210523,1343.1,1.7400044672771946,0,0.39785714285714313,1.6474415853297852,23.872,1.1645442359249274,23.657400000000003,2.0822237439447946,20.25885,19.207161314684694,0,0,24.46215073899436,23.28184926100564,4.944292384336129,23.07523613864081,24.52,22.9,1,0,25.99,21.94,0,0,0.37406483790523026,-0.535420098846798,Uptrend
2022-03-22 20:00:00,24.14,24.22,24.05,24.15,412,14,0,55.882352941176464,1308.1,0.31496062992125984,0,0.3892857142857145,1.611949127477079,23.884499999999996,1.1115995729448094,23.6794,1.9873814370296436,20.2876,19.03823024901909,0,0,24.487596396239137,23.281403603760854,5.050106941649537,21.37930582694898,24.52,22.9,1,0,25.99,21.94,0,0,0.0,-0.2890173410404636,Uptrend
2022-03-23 12:00:00,24.39,24.49,24.27,24.45,694,14,0,71.37254901960777,1202.6,0.5770829868617995,0,0.3685714285714286,1.5074496056091151,23.9325,2.162331557505477,23.707199999999997,3.133225349260995,20.31885,20.331613255671446,0,0,24.55586523044284,23.30913476955716,5.20936158314292,20.98492547118531,24.52,22.9,1,0,25.99,21.94,0,0,1.2422360248447228,1.6209476309226958,Uptrend
2022-03-23 16:00:00,24.45,24.49,24.08,24.29,1738,14,0,64.82213438735174,1256.35,1.3833724678632549,0,0.36571428571428577,1.505616655884256,23.9685,1.3413438471326966,23.733799999999995,2.343493245919339,20.34825,19.37144471883331,0,0,24.586860310565726,23.350139689434272,5.159774792462833,20.950911865743144,24.52,22.9,1,0,25.99,21.94,0,0,-0.6543967280163598,0.5797101449275386,Uptrend
2022-03-23 20:00:00,24.28,24.51,24.28,24.49,395,14,0,59.90990990990983,1219.65,0.32386340343541176,0,0.3392857142857143,1.3854051216239864,24.022,1.9482141370410457,23.7698,3.029895076946371,20.378,20.178624006281275,0,0,24.625519502147533,23.418480497852464,5.024723188306841,21.01887520131213,24.52,23.12,1,0,25.99,21.94,0,0,0.8233841086866978,1.4078674948240162,Uptrend
2022-03-24 12:00:00,24.69,24.75,24.41,24.55,865,14,0,58.79629629629625,1129.65,0.7657238967821891,0,0.3257142857142856,1.3267384346814077,24.061500000000002,2.0302142426698184,23.8008,3.147793351483992,20.40675,20.303331005672153,0,0,24.69546081565677,23.427539184343235,5.269503693924045,20.19680083365776,24.75,23.12,1,0,25.99,21.94,0,0,0.24499795835035698,0.4089979550102308,Uptrend
2022-03-24 16:00:00,24.54,24.87,24.42,24.49,1858,14,0,61.65048543689308,1198.4,1.5504005340453937,0,0.34357142857142825,1.4029049757918672,24.101,1.6140409111655092,23.8356,2.7454731577975755,20.43565,19.839594042763505,0,0,24.738557840512303,23.463442159487695,5.290716903965017,19.69900323967948,24.87,23.12,1,0,25.99,21.94,0,0,-0.24439918533605276,0.8233841086866995,Uptrend
2022-03-24 20:00:00,24.49,24.53,24.34,24.37,406,14,0,58.79629629629633,1176.7,0.3450327186198691,0,0.3385714285714282,1.3892959728002796,24.128,1.0029840848806402,23.8646,2.117781148646957,20.464100000000002,19.0865955502563,0,0,24.762967052604658,23.493032947395342,5.263321059388743,20.078861319471482,24.87,23.12,0,0,25.99,21.94,0,0,-0.48999591670068066,-0.48999591670068376,Uptrend
2022-03-25 12:00:00,24.17,24.41,24.1,24.38,644,14,0,62.13592233009708,1076.35,0.5983183908579923,0,0.3371428571428566,1.382866518223366,24.179,0.8312998883328531,23.903,1.995565410199558,20.4914,18.976741462271978,0,0,24.709497284083294,23.648502715916702,4.38808291561517,19.720866882027103,24.87,23.12,1,0,25.99,21.94,0,0,0.04103405826836326,-0.6924643584521454,Uptrend
2022-03-25 16:00:00,24.38,24.56,24.28,24.36,1642,14,0,66.66666666666666,1092.55,1.502906045489909,0,0.33999999999999936,1.395730706075531,24.22,0.5780346820809272,23.942200000000003,1.7450359616075222,20.51625,18.735148967282033,0,0,24.661909731195195,23.778090268804803,3.6491307282840286,21.21714366992638,24.87,23.67,0,0,25.99,21.94,0,0,-0.08203445447088065,-0.5308289097590813,Uptrend
2022-03-25 20:00:00,24.36,24.49,24.35,24.45,306,14,0,53.95683453237408,1061.8,0.28818986626483334,0,0.29999999999999893,1.2269938650306704,24.240000000000002,0.8663366336633551,23.981600000000004,1.9531640924708753,20.540899999999997,19.03081169763741,0,0,24.68570464612526,23.794295353874745,3.677431073640737,20.18586725403456,24.87,23.67,1,0,25.99,21.94,0,0,0.3694581280788256,0.3282724661468949,Uptrend
2022-03-28 16:00:00,24.07,24.24,23.86,24.18,2535,14,0,46.87499999999996,1079.25,2.3488533703961085,1,0.3121428571428562,1.2909133876875776,24.240499999999997,-0.2495823105958935,24.016199999999998,0.6820396232543116,20.56515,17.57755231544628,0,0,24.685896334443303,23.79510366555669,3.6748114473159026,20.200717268884564,24.87,23.67,0,0,25.99,22.26,0,0,-1.104294478527601,-0.8203445447087747,Uptrend
2022-03-28 20:00:00,24.17,24.22,24.02,24.15,791,14,0,47.770700636942664,1093.4,0.7234314980793853,0,0.319999999999999,1.3250517598343645,24.2475,-0.40210330961954904,24.0492,0.41914076143904816,20.5889,17.296213007980025,0,0,24.68190824844204,23.81309175155796,3.5831178343502605,18.974698234646336,24.87,23.67,0,0,25.99,22.26,0,0,-0.12406947890819531,-0.8620689655172449,Uptrend
2022-03-29 16:00:00,23.6,24.28,23.53,24.19,2540,14,0,54.48275862068974,1182.1,2.1487183825395486,1,0.35357142857142776,1.4616429457272746,24.2575,-0.27826445429248275,24.066800000000004,0.5119085212824184,20.61265,17.35511930780372,0,0,24.67586146546756,23.83913853453244,3.449337033639565,19.818217823181282,24.87,23.53,0,0,25.99,22.26,0,0,0.16563146997929934,-1.0633946830265768,Uptrend
2022-03-29 20:00:00,24.2,24.48,24.11,24.48,568,14,0,60.00000000000004,1121.6,0.5064194008559202,0,0.3407142857142852,1.3918067226890734,24.2875,0.7925887802367431,24.0892,1.6223037709845023,20.637349999999998,18.61988094401657,0,0,24.676932785902174,23.89806721409783,3.20685773259638,20.223668138900774,24.87,23.53,1,0,25.99,22.58,0,0,1.1988424968995437,1.240694789081889,Uptrend
2022-03-30 16:00:00,24.7,24.86,24.58,24.66,2208,14,0,63.934426229508226,1212.35,1.8212562378850994,0,0.35571428571428526,1.442474800139032,24.3345,1.3376071010294097,24.122799999999998,2.2269388296549413,20.659100000000002,19.366284107245704,0,0,24.65662942805607,24.012370571943926,2.6475121991910475,19.347095997328072,24.87,23.53,1,0,25.99,22.58,0,0,0.7352941176470562,2.1118012422360315,Uptrend
2022-03-30 20:00:00,24.66,24.8,24.59,24.78,545,14,0,60.00000000000004,1203.65,0.4527894321438956,0,0.34642857142857103,1.3980168338521832,24.3565,1.7387555683287856,24.156799999999997,2.579811895615331,20.6811,19.819545382015466,0,0,24.735322274672637,23.977677725327364,3.1106462313767262,17.544289032631124,24.87,23.53,1,0,25.99,22.58,0,0,0.48661800486617945,2.439024390243902,Uptrend
2022-03-31 16:00:00,24.97,25.04,24.62,24.81,1804,14,0,67.10526315789473,1182.4,1.5257104194857916,0,0.3471428571428566,1.3992053895318686,24.383000000000003,1.7512201123733584,24.1884,2.569826859155617,20.702199999999998,19.842335597182913,0,0,24.810334455480458,23.955665544519547,3.505183574461348,15.48728172786419,25.04,23.53,1,0,25.99,22.9,0,0,0.1210653753026536,1.3480392156862675,Uptrend
2022-03-31 20:00:00,24.81,24.91,24.46,24.47,477,14,0,49.39759036144579,1181.95,0.4035703709970811,0,0.3628571428571422,1.4828653161305363,24.3955,0.30538418970712,24.207800000000002,1.083121968952141,20.721799999999998,18.088196971305585,0,0,24.817349312081852,23.973650687918145,3.458419069761666,14.488117149752238,25.04,23.53,0,0,25.99,22.9,0,0,-1.3704151551793609,-0.7704785077047902,Uptrend
2022-04-01 16:00:00,24.46,24.66,24.41,24.59,2111,14,0,51.162790697674396,1243.8,1.6972182022833253,0,0.3564285714285708,1.4494858537152129,24.422,0.6879043485382003,24.215,1.548626884162709,20.7408,18.55858983260048,0,0,24.82108315977966,24.02291684022034,3.2682266790570855,14.500244241675592,25.04,23.53,1,0,25.99,22.9,0,0,0.4903964037597186,-0.7667473769168736,Uptrend
2022-04-01 20:00:00,24.59,24.93,24.45,24.87,643,14,0,59.79381443298976,1159.1,0.5547407471313951,0,0.35857142857142804,1.4417829858119342,24.458,1.6845204023223592,24.2298,2.6422009261322836,20.761799999999997,19.78730167904519,0,0,24.88283928849777,24.033160711502227,3.474031306711684,13.755199918642491,25.04,23.53,1,0,25.99,22.9,0,0,1.138674257828387,0.24183796856107326,Uptrend
2022-04-04 16:00:00,24.92,25.0,24.56,24.57,2355,14,0,54.716981132075446,1256.25,1.8746268656716418,0,0.3764285714285709,1.5320658177801012,24.479000000000003,0.37174721189590065,24.231600000000004,1.3965235477640618,20.780749999999998,18.234423685381916,0,0,24.880623023033092,24.077376976966914,3.28136789111556,12.324550735892469,25.04,23.53,1,0,25.99,22.9,0,0,-1.2062726176115812,0.4086636697997606,Uptrend
2022-04-04 20:00:00,24.57,24.83,24.48,24.79,612,14,0,58.79828326180257,1252.15,0.4887593339456135,0,0.37928571428571367,1.5299948135769008,24.496,1.2001959503592443,24.231800000000003,2.303584545927235,20.8006,19.17925444458333,0,0,24.92058152772214,24.07141847227786,3.4665376202003566,11.634729352793755,25.04,23.53,1,0,25.99,22.9,0,0,0.8954008954008996,0.8133387555917011,Uptrend
2022-04-05 16:00:00,25.08,25.4,24.52,24.52,2588,14,0,53.10077519379845,1294.65,1.998995867609006,0,0.42214285714285665,1.7216266604521069,24.5075,0.05100479445067546,24.23,1.196863392488647,20.82065,17.767696973917715,0,0,24.92090053217026,24.09409946782974,3.3736654670632333,11.280603962800367,25.4,23.53,0,0,25.99,22.9,0,0,-1.0891488503428803,-1.4073180538801826,Uptrend
2022-04-05 20:00:00,24.53,24.63,24.26,24.37,868,14,0,48.48484848484852,1318.3,0.6584237275278768,0,0.4385714285714281,1.7996365554839067,24.5015,-0.5367018345815524,24.212,0.6525689740624535,20.839899999999997,16.939140782825277,0,0,24.919428475369852,24.08357152463015,3.4114521590094626,11.730094231567753,25.4,23.53,0,0,25.99,22.9,0,0,-0.6117455138662242,-0.8140008140008111,Uptrend
2022-04-06 16:00:00,24.65,24.82,24.42,24.7,2299,14,0,59.629629629629626,1390.0,1.653956834532374,0,0.42857142857142805,1.735106998264891,24.509,0.7793055612224038,24.226399999999998,1.9548921837334525,20.858849999999997,18.4149653504388,0,0,24.935880976877286,24.082119023122715,3.4834630289059967,12.243965937492451,25.4,23.53,0,0,25.4,22.9,0,0,1.3541239228559654,-0.36304961678095954,Uptrend
2022-04-06 20:00:00,24.69,24.69,24.3,24.54,1303,14,0,56.8904593639576,1362.25,0.9565057808772252,0,0.4428571428571423,1.804633833973685,24.511499999999998,0.11627195398078893,24.2322,1.2702107113675205,20.876949999999997,17.545905891425722,0,0,24.938498089480156,24.08450191051984,3.484063312976829,12.399896348199936,25.4,23.53,0,0,25.4,22.9,0,0,-0.6477732793522262,0.0815660685154958,Uptrend
2022-04-07 16:00:00,24.51,24.98,24.47,24.93,2154,14,0,61.635220125786155,1449.65,1.4858759010795708,0,0.42571428571428527,1.7076385307432222,24.539499999999997,1.591311966421496,24.242599999999996,2.8355044425928075,20.899050000000003,19.287718819754947,0,0,24.99959038013567,24.079409619864325,3.749794251192335,14.256418219034797,25.4,23.53,1,0,25.4,22.9,1,0,1.5892420537897411,2.2979072630283084,Uptrend
2022-04-07 20:00:00,24.93,24.98,24.77,24.82,606,14,0,55.66666666666667,1447.75,0.4185805560352271,0,0.4142857142857138,1.6691608150109338,24.5615,1.0524601510494127,24.2506,2.3479831426851367,20.920749999999998,18.638194137399484,0,0,25.031450725299123,24.091549274700874,3.8267265867241385,16.62336499774629,25.4,23.53,0,0,25.4,22.9,0,0,-0.4412354592859935,0.48582995951417407,Uptrend
2022-04-08 16:00:00,25.01,25.38,24.93,25.3,2172,14,0,59.69696969696971,1474.25,1.4732915041546548,0,0.42714285714285666,1.6883116883116864,24.6085,2.810004673182036,24.2684,4.250795272865129,20.94645,20.784190161101296,0,0,25.172257133224758,24.04474286677524,4.581808181927043,20.099356835512875,25.4,23.53,1,0,25.4,22.9,1,0,1.933924254633368,3.0969845150774313,Uptrend
2022-04-08 20:00:00,25.29,25.41,25.23,25.34,473,14,0,58.69565217391303,1482.6,0.3190341292324295,0,0.42499999999999943,1.6771902131018133,24.653,2.7866791059911624,24.2896,4.324484553059745,20.9723,20.82604196964567,0,0,25.298636364982723,24.007363635017274,5.237791465401571,22.87690510178295,25.41,23.53,1,0,25.41,22.9,1,0,0.15810276679841806,1.6446048937023672,Uptrend
2022-04-11 16:00:00,25.79,25.82,25.09,25.11,2414,14,0,54.38596491228071,1476.55,1.634892147235109,0,0.44714285714285673,1.7807361893383382,24.699499999999997,1.6619769630964294,24.313799999999997,3.274683513066664,20.998999999999995,19.577122720129555,0,0,25.335589202614564,24.06341079738543,5.150624122873476,25.923439796453213,25.82,23.53,0,0,25.82,22.9,0,0,-0.907655880031577,1.1684125705076516,Uptrend
2022-04-11 20:00:00,25.1,25.44,25.1,25.34,629,14,0,63.141993957703946,1468.45,0.42834281044638906,0,0.43928571428571395,1.7335663547186817,24.759,2.3466214305908943,24.3508,4.062289534635414,21.027199999999997,20.510576776746326,0,0,25.40126244840423,24.116737551595772,5.18811299652028,29.666651993612778,25.82,23.53,1,0,25.82,22.9,1,0,0.9159697331740269,0.1581027667984156,Uptrend
2022-04-12 16:00:00,25.52,25.84,25.23,25.6,2174,14,0,64.63768115942031,1450.15,1.49915525980071,0,0.4649999999999996,1.8164062499999984,24.8295,3.103163575585501,24.391399999999997,4.95502513180877,21.05895,21.56351574983559,0,0,25.51675158191212,24.142248418087878,5.535766583395734,33.18911360983821,25.84,24.11,1,0,25.84,22.9,1,0,1.0260457774269982,1.026045777426999,Uptrend
2022-04-12 20:00:00,25.6,25.66,25.35,25.37,792,14,0,57.352941176470594,1461.35,0.5419646217538577,0,0.45285714285714235,1.7850104172532215,24.874,1.9940500120607954,24.4304,3.846027899665999,21.089000000000002,20.299682298828767,0,0,25.580940033188753,24.167059966811244,5.684168474622131,36.90241002776096,25.84,24.26,1,0,25.84,22.9,1,0,-0.8984375000000044,1.0354440461967407,Uptrend
2022-04-13 16:00:00,25.64,25.79,25.35,25.7,1811,14,0,66.47230320699708,1441.5,1.2563302115851545,0,0.45285714285714207,1.76209005002779,24.926,3.10519136644468,24.469199999999997,5.029996894054576,21.121100000000002,21.679268598699863,0,0,25.71490730560738,24.137092694392617,6.329995230742047,41.05398456486057,25.84,24.26,1,0,25.84,22.9,1,0,1.3007489160425711,1.4206787687450648,Uptrend
2022-04-13 20:00:00,25.7,25.73,25.45,25.51,536,14,0,60.5882352941177,1441.05,0.3719510079455952,0,0.44785714285714234,1.7556140449123574,24.9625,2.193289934902366,24.505399999999998,4.0995045989863605,21.152,20.603252647503783,0,0,25.78959065244809,24.135409347551906,6.626665217410853,45.39955396145037,25.84,24.26,1,0,25.84,23.12,1,0,-0.7392996108949279,-0.35156249999999944,Uptrend
2022-04-14 16:00:00,25.34,25.37,24.83,25.06,1758,14,0,57.541899441340775,1438.75,1.2218940052128584,0,0.43357142857142833,1.7301333941397778,24.975,0.3403403403403295,24.53,2.160619649408877,21.180799999999998,18.314700105756163,0,0,25.799940189218628,24.150059810781375,6.606127641390401,45.88186505757221,25.84,24.26,0,0,25.84,23.12,0,0,-1.7640141121129105,-1.2219156484036353,Uptrend
2022-04-14 20:00:00,25.06,25.18,25.02,25.12,677,14,0,60.744985673352424,1448.75,0.46729939603106124,0,0.41857142857142854,1.666287534121929,25.0075,0.44986504048785647,24.5652,2.2584794750297172,21.211150000000004,18.42827946622412,0,0,25.79921698824281,24.21578301175719,6.331836355035978,47.86042293113867,25.84,24.26,0,0,25.84,23.12,0,0,0.23942537909018569,-2.256809338521394,Uptrend
2022-04-18 16:00:00,25.42,25.91,25.38,25.53,1976,14,0,61.624649859943986,1442.0,1.3703190013869626,0,0.4428571428571428,1.7346539085669517,25.054499999999997,1.8978626594025179,24.605,3.759398496240604,21.243450000000003,20.17821963946533,0,0,25.853432840862798,24.255567159137197,6.377559646872223,48.93553308942518,25.91,24.26,1,0,25.91,23.12,1,0,1.6321656050955369,0.07840062720501596,Uptrend
2022-04-18 20:00:00,25.52,25.55,25.29,25.3,713,14,0,60.439560439560445,1445.5,0.4932549290902802,0,0.432857142857143,1.7108977978543203,25.076,0.8932844153772539,24.629999999999995,2.7202598457166274,21.27545,18.91640364833647,0,0,25.877167569040825,24.274832430959176,6.3899152100879295,50.46526269771103,25.91,24.26,0,0,25.91,23.12,0,0,-0.9009009009009028,0.9577015163607422,Uptrend
2022-04-19 16:00:00,25.02,25.32,24.71,24.88,2279,14,0,49.318801089918246,1441.7,1.5807726988971353,0,0.44,1.7684887459807075,25.0915,-0.8429149313512581,24.6442,0.9568174256011457,21.305249999999997,16.778728247732378,0,0,25.86289040562695,24.32010959437305,6.14861929838351,48.001544679814536,25.91,24.26,0,0,25.91,23.53,0,0,-1.6600790513834007,-0.9554140127388614,Uptrend
2022-04-19 20:00:00,24.88,24.93,24.72,24.93,711,14,0,51.52354570637118,1446.65,0.4914803165935091,0,0.44,1.764941837144003,25.0985,-0.6713548618443399,24.6626,1.084232805949083,21.3352,16.849150699313807,0,0,25.860858528721472,24.33614147127853,6.074932993776288,45.78584253493392,25.91,24.26,0,0,25.91,23.53,0,0,0.2009646302250756,-2.350176263219747,Uptrend
2022-04-20 16:00:00,24.99,25.16,24.76,25.13,2102,14,0,47.44744744744743,1422.35,1.4778359756740607,0,0.42857142857142855,1.7054175430617928,25.128999999999998,0.003979465955673613,24.6854,1.8010645968872192,21.36925,17.598886250102357,0,0,25.84105854283171,24.416941457168285,5.667225459283799,43.250884107118345,25.91,24.26,0,0,25.91,23.53,0,0,0.8022462896108973,-0.6719367588932873,Uptrend
2022-04-20 20:00:00,25.12,25.21,24.95,25.17,659,14,0,47.44744744744748,1411.9,0.4667469367518946,0,0.43428571428571444,1.7254100686758616,25.169000000000004,0.003973141563024631,24.711199999999998,1.8566479976690882,21.4054,17.587150905846194,0,0,25.78492549104976,24.55307450895025,4.894318336443676,40.71294585489437,25.91,24.3,0,0,25.91,23.53,0,0,0.1591723040191173,1.1655948553054771,Uptrend
2022-04-21 16:00:00,24.58,24.73,23.79,23.85,2887,14,0,35.74660633484169,1441.3,2.0030527995559564,1,0.480714285714286,2.015573525007488,25.1265,-5.080293713808126,24.713799999999996,-3.495213200721841,21.43415,11.271032441221147,0,0,25.958195161765314,24.294804838234686,6.620063771439029,39.00555237118509,25.91,23.79,0,1,25.91,23.53,0,1,-5.244338498212153,-4.33212996389891,Uptrend
2022-04-21 20:00:00,23.84,24.22,23.81,24.12,1784,14,0,36.32286995515698,1465.35,1.2174565803391681,0,0.48571428571428604,2.01374081971097,25.1055,-3.925434665710694,24.709400000000002,-2.385327041530758,21.46475,12.370281508053914,0,0,26.0169355363056,24.1940644636944,7.260843530745055,36.71597425923856,25.91,23.79,0,1,25.91,23.53,0,0,1.132075471698113,-4.019100676482284,Uptrend
2022-04-22 16:00:00,23.51,24.01,23.51,23.68,3193,14,0,29.31034482758622,1517.3,2.1043959665194754,1,0.48571428571428604,2.0511583011583028,25.043,-5.442638661502214,24.697400000000002,-4.119461967656523,21.492449999999998,10.17822537681838,0,0,26.15456788271941,23.93143211728059,8.877274150216904,35.18310837306537,25.91,23.51,0,1,25.91,23.51,0,1,-1.8242122719734688,-5.919745729042519,Uptrend
2022-04-22 20:00:00,23.67,23.78,23.55,23.65,904,14,0,30.630630630630634,1532.2,0.5900013053126224,0,0.4800000000000004,2.029598308668078,24.9845,-5.341311613200192,24.686,-4.196710686218915,21.51855,9.905174837523893,0,0,26.256985756304793,23.712014243695208,10.186201495365466,33.89230232647525,25.91,23.51,0,1,25.91,23.51,0,1,-0.1266891891891886,-0.8385744234800957,Uptrend
2022-04-25 16:00:00,22.53,22.77,22.14,22.33,3080,14,0,18.968692449355473,1577.6,1.9523326572008115,0,0.5564285714285718,2.4918431322372228,24.836000000000002,-10.090191657271717,24.6514,-9.416909384456869,21.5381,3.676740288140543,0,0,26.564831671206605,23.1071683287934,13.92198156874378,33.93969751266146,25.91,22.14,0,1,25.91,22.14,0,1,-5.581395348837215,-7.421227197346611,Uptrend
2022-04-25 20:00:00,22.34,22.89,22.21,22.66,1017,14,0,24.416517055655362,1604.8,0.6337238285144566,0,0.5850000000000003,2.5816416593115634,24.701999999999998,-8.266537122500194,24.621599999999997,-7.966988335445289,21.55875,5.108134748072129,0,0,26.66582655467348,22.738173445326517,15.900142131596482,33.414842688204,25.91,22.14,0,0,25.91,22.14,0,0,1.4778325123152802,-4.307432432432431,Uptrend
2022-04-26 16:00:00,22.66,22.7,22.22,22.49,2394,14,0,25.70888468809079,1603.8,1.4927048260381595,0,0.5707142857142858,2.537635774629995,24.571,-8.469333767449443,24.5884,-8.534105513168818,21.578699999999998,4.223145972648958,0,0,26.757185334272485,22.384814665727518,17.794842165744036,35.404855282443386,25.91,22.14,0,1,25.91,22.14,0,1,-0.7502206531332822,-4.904862579281185,Uptrend
2022-04-26 20:00:00,22.49,22.51,22.25,22.29,680,14,0,23.941068139963207,1606.35,0.4233199489525944,0,0.5778571428571431,2.5924501698391342,24.4185,-8.716751643221338,24.5452,-9.187947134266587,21.59815,3.2032836145688344,0,0,26.795966807560365,22.041033192439638,19.472668735265174,36.55305958145833,25.91,22.14,0,1,25.91,22.14,0,1,-0.8892841262783446,-0.17913121361396844,Uptrend
2022-04-27 16:00:00,22.34,22.41,22.06,22.34,2054,14,0,18.54043392504937,1600.35,1.2834692411035087,0,0.5464285714285718,2.445964957155648,24.2555,-7.897177959638026,24.506200000000003,-8.839395744750322,21.617350000000002,3.3429166849775664,0,0,26.73664977591539,21.774350224084614,20.458450874361585,39.013928861529244,25.91,22.06,0,1,25.91,22.06,0,1,0.22431583669806354,-1.4121800529567532,Uptrend
2022-04-27 20:00:00,22.33,22.49,22.14,22.16,823,14,0,18.725099601593683,1601.9,0.5137649041762906,0,0.552857142857143,2.494842702423931,24.095000000000002,-8.03071176592655,24.459600000000002,-9.401625537621227,21.638199999999998,2.411476000776416,0,0,26.685480548794544,21.50451945120546,21.50222493292834,41.09736921357802,25.91,22.06,0,1,25.91,22.06,0,1,-0.8057296329453845,-1.4673188083592632,Uptrend
2022-04-28 16:00:00,22.14,22.4,22.01,22.27,1926,14,0,22.292993630573307,1607.65,1.1980219575156283,0,0.5371428571428571,2.4119571492719225,23.9235,-6.911614103287567,24.414,-8.781846481527001,21.659000000000002,2.8209981993628377,0,0,26.520731522014557,21.326268477985444,21.71280558458885,45.016068633663,25.91,22.01,0,1,25.91,22.01,0,1,0.49638989169675796,-0.08972633467922644,Uptrend
2022-04-28 20:00:00,22.27,22.36,22.19,22.35,834,14,0,22.784810126582357,1622.55,0.5140057317185911,0,0.534285714285714,2.3905401086609124,23.7655,-5.956112852664568,24.3712,-8.293395483193278,21.680799999999998,3.0866019704070125,0,0,26.340738159655544,21.190261840344455,21.6720722026092,48.93476805374797,25.91,22.01,0,1,25.91,22.01,0,1,0.35922766052987054,0.04476275738586197,Uptrend
2022-04-29 16:00:00,22.53,22.82,22.33,22.37,2116,14,0,19.73684210526325,1640.45,1.289889969215764,0,0.5407142857142857,2.417140302701322,23.631,-5.336210909398668,24.3312,-8.060432695469185,21.703300000000002,3.07188307768864,0,0,26.20255206052662,21.05944793947338,21.76422547100521,52.41396742580448,25.91,22.01,0,1,25.91,22.01,0,1,0.08948545861298118,0.947653429602892,Uptrend
2022-04-29 20:00:00,22.37,22.56,22.21,22.21,878,14,0,18.376068376068417,1650.5,0.5319600121175402,0,0.5471428571428569,2.4634977809223635,23.4855,-5.431010623576238,24.2878,-8.554912342822321,21.72515,2.2317452353608678,0,0,26.031493550245845,20.939506449754152,21.681408104965588,56.08296844996922,25.91,22.01,0,1,25.91,22.01,0,1,-0.7152436298614173,-0.26942074539738986,Uptrend
2022-05-02 16:00:00,21.72,22.16,21.44,22.09,2974,14,0,24.71264367816096,1700.4,1.7490002352387672,0,0.5035714285714281,2.2796352583586605,23.313499999999998,-5.24803225598901,24.242399999999996,-8.878658878658866,21.7461,1.581432992582585,0,0,25.739918413173662,20.887081586826334,20.815565343459063,58.96307374113008,25.55,21.44,0,0,25.91,21.44,0,0,-0.5402971634398956,-1.163310961968687,Uptrend
2022-05-02 20:00:00,22.08,22.1,21.76,22.08,1012,14,0,18.322981366459672,1715.35,0.5899670621156032,0,0.4985714285714281,2.25802277432712,23.1525,-4.632329122125047,24.195,-8.74147551146932,21.7673,1.4365585074859977,0,0,25.447692917014717,20.857307082985283,19.82673937600446,61.84317903229095,25.32,21.44,0,0,25.91,21.44,0,0,-0.04526935264826948,-1.2963790791238385,Uptrend
2022-05-03 16:00:00,22.3,22.6,22.11,22.42,2163,14,0,29.80769230769242,1709.55,1.2652452399754321,0,0.49214285714285694,2.195106410093028,23.0295,-2.646605440847596,24.1598,-7.201218553133713,21.790449999999996,2.889109678781326,0,0,25.194887773708224,20.864112226291773,18.80533901047114,61.64576216208671,25.21,21.44,0,0,25.91,21.44,0,0,1.5398550724637916,0.9455200360198148,Uptrend
2022-05-03 20:00:00,22.41,22.53,22.29,22.35,944,14,0,29.430379746835555,1721.2,0.5484545665814547,0,0.49285714285714277,2.2051773729626074,22.9005,-2.4038776445929106,24.123800000000003,-7.352904600436089,21.8155,2.450092823909612,0,0,24.889379345920798,20.911620654079204,17.36974603978775,61.44834529188248,25.21,21.44,0,0,25.91,21.44,0,0,-0.3122212310437078,1.1770031688546925,Uptrend
2022-05-04 16:00:00,22.79,22.9,22.22,22.51,3261,14,0,54.50000000000006,1779.15,1.8328977320630637,0,0.4335714285714286,1.9261280700640986,22.7695,-1.1396824699707906,24.0902,-6.559513827199432,21.840150000000005,3.067057689622079,0,0,24.463321279331012,21.07567872066899,14.877983963907958,57.73179985503721,25.21,21.44,0,0,25.91,21.44,0,0,0.7158836689038051,1.947463768115957,Uptrend
2022-05-04 20:00:00,22.51,23.13,22.5,23.11,3779,14,0,59.91189427312771,1935.15,1.9528201948169392,0,0.43,1.8606663781912594,22.6665,1.9566320340590753,24.062799999999996,-3.9596389447611937,21.86405,5.6986239969264645,0,0,23.94541853985221,21.38758146014779,11.284658327066023,54.521148735434075,24.73,21.44,0,0,25.91,21.44,0,0,2.6654820079964336,3.077609277430855,Uptrend
2022-05-05 16:00:00,23.03,23.08,22.2,22.43,3097,14,0,48.92086330935254,1945.65,1.5917559684424227,0,0.4607142857142857,2.054009298770779,22.5955,-0.7324467261180391,24.0182,-6.61248553180505,21.88445,2.4928659390571783,0,0,23.749321567888675,21.441678432111328,10.212843866156302,50.968102901142814,24.22,21.44,0,0,25.91,21.44,0,0,-2.942449156209437,0.3579418344518939,Uptrend
2022-05-05 20:00:00,22.43,22.55,22.3,22.47,1266,14,0,53.435114503816784,1919.75,0.6594608673004297,0,0.45999999999999985,2.0471740097908318,22.512999999999998,-0.19100075511926115,23.972,-6.265643250458878,21.9039,2.5844712585429934,0,0,23.41670232639714,21.609297673602857,8.028271011390231,47.41505706685156,24.01,21.44,0,0,25.91,21.44,0,0,0.1783325902808608,-0.17769880053310838,Uptrend
2022-05-06 16:00:00,22.47,22.55,22.16,22.5,2660,14,0,53.07692307692308,1893.1,1.4051027415350483,0,0.46285714285714263,2.057142857142856,22.454,0.2048632760309939,23.9258,-5.959257370704423,21.924849999999996,2.623279064623039,0,0,23.17187405433927,21.73612594566073,6.394175241286801,41.9036636092921,23.78,21.44,0,0,25.91,21.44,0,0,0.1335113484646211,-2.639549978364342,Uptrend
2022-05-06 20:00:00,22.5,22.54,22.15,22.34,1115,14,0,53.488372093023244,1903.65,0.5857169122475244,0,0.4657142857142857,2.0846655582555313,22.3885,-0.216629072961568,23.8832,-6.461445702418432,21.945499999999996,1.7976350504659468,0,0,22.83445373845375,21.94254626154625,3.983775049277523,36.47124447815703,23.13,21.44,0,0,25.91,21.44,0,0,-0.7111111111111068,-0.4012483281319655,Uptrend
2022-05-09 16:00:00,22.02,22.06,21.64,21.8,2962,15,0,42.19269102990037,1897.75,1.5607956790936635,0,0.487857142857143,2.237876802096986,22.362000000000002,-2.5131920221804895,23.827399999999997,-8.50869167429093,21.96325,-0.7432870818298654,0,0,22.879792886860162,21.84420711313984,4.631006948038283,31.93573488768174,23.13,21.44,0,1,25.91,21.44,0,1,-2.4171888988361645,-2.9817534490431603,Downtrend
2022-05-09 20:00:00,21.8,21.81,21.34,21.39,1223,15,0,35.62874251497006,1908.05,0.6409685280784047,0,0.5092857142857145,2.3809523809523814,22.2985,-4.07426508509541,23.757800000000003,-9.966411031324458,21.9786,-2.6780595670333853,0,0,22.955263195326605,21.641736804673396,5.890649104886916,27.908474573928633,23.13,21.34,0,1,25.91,21.34,0,1,-1.8807339449541272,-4.933333333333331,Downtrend
2022-05-10 16:00:00,21.62,21.8,21.05,21.11,2952,15,0,32.5,1935.95,1.5248327694413595,0,0.5278571428571429,2.5005075455099144,22.2295,-5.036100677028283,23.688599999999997,-10.885404793867085,21.99255,-4.0129498398321335,0,0,23.066725367382194,21.39227463261781,7.532561392583659,26.156219442172123,23.13,21.05,0,1,25.91,21.05,0,1,-1.309022907900892,-5.505819158460163,Downtrend
2022-05-10 20:00:00,21.1,21.29,20.93,21.21,1414,15,0,35.87570621468929,1972.65,0.7168022710567004,0,0.5285714285714287,2.4920859432882065,22.1755,-4.353904083335206,23.616999999999997,-10.191810983613484,22.007199999999997,-3.6224508342724047,0,0,23.12771569869483,21.22328430130517,8.58799755310887,24.178186729474305,23.13,20.93,0,1,25.91,20.93,0,1,0.4737091425864648,-2.706422018348623,Downtrend
2022-05-11 16:00:00,21.52,21.82,21.15,21.24,3181,15,0,37.681159420289845,2029.0,1.5677673730901922,0,0.5214285714285717,2.4549367769706767,22.1205,-3.980470604190689,23.551399999999997,-9.814278556688771,22.02115,-3.547271600257027,0,0,23.15612795595555,21.08487204404445,9.363513084745382,19.902158396287025,23.13,20.93,0,1,25.91,20.93,0,1,0.14144271570013522,-0.7012622720897715,Downtrend
2022-05-11 20:00:00,21.23,21.33,21.06,21.13,1558,15,0,36.61971830985916,2065.75,0.754205494372504,0,0.5164285714285717,2.444053816510041,22.069,-4.254837101817029,23.486600000000003,-10.033806510946683,22.0341,-4.103185516994112,0,0,23.194866216226817,20.94313378377318,10.203146642138911,15.805862339193999,23.13,20.93,0,1,25.91,20.93,0,1,-0.5178907721280601,0.09474182851728837,Downtrend
2022-05-12 16:00:00,20.85,20.91,20.24,20.27,3115,15,0,23.587223587223534,2125.2,1.4657444005270093,0,0.5428571428571429,2.6781309465078587,21.969,-7.733624652920031,23.398000000000003,-13.368663988375088,22.043050000000004,-8.04357836143367,0,0,23.34679228439782,20.59120771560218,12.543058713622107,15.919241024001265,23.13,20.24,0,1,25.91,20.24,0,1,-4.070042593469003,-4.431871758604438,Downtrend
2022-05-12 20:00:00,20.27,20.35,19.97,20.25,1156,15,0,23.88059701492533,2141.3,0.5398589641806378,0,0.552857142857143,2.730158730158731,21.863999999999997,-7.381997804610306,23.312200000000004,-13.135611396607802,22.0528,-8.174925633026199,0,0,23.42714662409508,20.300853375904914,14.298816539472037,16.31732618399119,23.13,19.97,0,1,25.91,19.97,0,1,-0.09866798223976403,-4.661016949152535,Downtrend
2022-05-13 16:00:00,20.21,20.64,20.03,20.51,2289,15,0,25.72815533980581,2149.95,1.0646759226958766,0,0.5478571428571429,2.6711708574214668,21.770999999999997,-5.792108768545293,23.2238,-11.685426157648616,22.063699999999997,-7.041883274337469,0,0,23.426013436103467,20.115986563896527,15.203834790349275,18.978543969764136,23.13,19.97,0,0,25.91,19.97,0,0,1.2839506172839688,-2.9342167534311283,Downtrend
2022-05-13 20:00:00,20.51,20.58,20.2,20.34,635,15,0,12.466124661246639,2137.8,0.29703433436242865,0,0.5300000000000001,2.605703048180925,21.677500000000002,-6.169991927113375,23.1342,-12.07822185335996,22.073649999999997,-7.853934442196906,0,0,23.436134338582335,19.91886566141767,16.22543502324837,22.048871425146274,23.13,19.97,0,1,25.91,19.97,0,1,-0.8288639687957122,0.3453379378391726,Downtrend
2022-05-16 16:00:00,20.34,20.5,20.26,20.3,1867,15,0,15.08196721311478,2082.45,0.896540133016399,0,0.48214285714285715,2.375087966220971,21.588,-5.966277561608302,23.034199999999995,-11.870175651856782,22.0837,-8.076997966826209,0,0,23.438059458503652,19.73794054149635,17.1397022281235,25.58258267767722,23.13,19.97,0,1,25.91,19.97,0,1,-0.1966568338249708,0.2469135802469171,Downtrend
2022-05-16 20:00:00,20.3,20.5,20.3,20.42,617,15,0,17.252396166134247,2062.7,0.2991225093324284,0,0.47857142857142854,2.3436406884007273,21.505,-5.045338293420123,22.9358,-10.968878347387049,22.0933,-7.573789338849323,0,0,23.410244838527497,19.5997551614725,17.719087082329672,29.11629393020817,23.13,19.97,0,0,25.91,19.97,0,0,0.5911330049261032,-0.4388103364212572,Downtrend
2022-05-17 16:00:00,20.48,20.6,20.29,20.56,1332,15,0,20.061728395061692,2021.15,0.6590307498206466,0,0.4728571428571429,2.299888827126182,21.412,-3.9790771529983204,22.8448,-10.001400756408465,22.1045,-6.987265036531036,0,0,23.310759705979528,19.51324029402047,17.73547268802101,32.076304508420826,23.13,19.97,0,0,25.91,19.97,0,0,0.685602350636616,1.0816125860373593,Downtrend
2022-05-17 20:00:00,20.56,20.57,20.31,20.39,873,15,0,19.99999999999997,2017.6,0.4326923076923077,0,0.4635714285714287,2.273523435857914,21.314,-4.3351787557473935,22.7458,-10.357076910902228,22.113449999999997,-7.793673081314749,0,0,23.21123788148619,19.41676211851381,17.80273887103492,35.226274755165264,23.13,19.97,0,0,25.91,19.97,0,0,-0.8268482490272233,0.4433497536945805,Downtrend
2022-05-18 16:00:00,20.36,20.39,19.92,20.09,1608,15,0,21.594684385382024,1934.95,0.831029225561384,0,0.44714285714285723,2.225698641826069,21.193,-5.2045486717312395,22.6356,-11.246001873155562,22.1202,-9.178036364951495,0,0,23.07770966631857,19.308290333681434,17.786152657184612,37.5358676222831,23.13,19.92,0,1,25.91,19.92,0,1,-1.471309465424231,-1.6160626836434957,Downtrend
2022-05-18 20:00:00,20.08,20.08,19.66,19.67,800,15,0,21.523178807947005,1786.0,0.4479283314669653,0,0.44428571428571445,2.2586970731353047,21.021,-6.426906426906423,22.5216,-12.661622620062507,22.124699999999997,-11.094839704041165,0,0,22.793632891610645,19.248367108389356,16.865352662676795,39.28554751527078,23.08,19.66,0,1,25.91,19.66,0,1,-2.0905923344947674,-4.3287937743190525,Downtrend
2022-05-19 16:00:00,20.16,20.79,20.16,20.59,2196,15,0,42.89617486338796,1740.95,1.261380280881128,0,0.4707142857142857,2.286130576562825,20.929,-1.6197620526542056,22.4194,-8.15989723186169,22.1352,-6.980736564386142,0,0,22.58058807149168,19.277411928508318,15.782771001879503,37.152263858981534,22.55,19.66,0,0,25.91,19.66,0,0,4.677173360447373,0.9808729769494815,Downtrend
2022-05-19 20:00:00,20.59,20.83,20.56,20.64,1043,15,0,42.10526315789472,1729.8,0.602959879754885,0,0.4642857142857143,2.2494462901439647,20.8375,-0.947810437912408,22.322000000000003,-7.535167099722257,22.146049999999995,-6.800535535682413,0,0,22.324154669135382,19.350845330864615,14.26903101749618,34.70834479456385,22.55,19.66,0,0,25.91,19.66,0,0,0.24283632831472168,2.7376804380288737,Downtrend
2022-05-20 16:00:00,20.45,20.73,20.38,20.47,2057,15,0,39.73333333333333,1699.65,1.2102491689465478,0,0.4414285714285714,2.1564659082978577,20.736,-1.2827932098765518,22.2302,-7.918057417387163,22.15495,-7.6052981387906575,0,0,22.00616617230268,19.46583382769732,12.25083113717863,36.46434524530192,22.54,19.66,0,0,25.91,19.66,0,0,-0.8236434108527257,4.0671072699542306,Downtrend
2022-05-20 20:00:00,20.46,20.69,20.42,20.68,963,15,0,44.15584415584416,1692.05,0.5691321178452173,0,0.4414285714285714,2.134567560099475,20.653,0.1307316128407545,22.141399999999997,-6.600305310413966,22.165100000000002,-6.700172794167419,0,1,21.674435522348166,19.631564477651832,9.891400981437727,37.8895275454442,22.06,19.66,0,0,25.91,19.66,0,0,1.025891548607727,0.4371053909664879,Downtrend
2022-05-23 16:00:00,21.02,21.05,20.57,20.59,1223,15,0,55.1948051948052,1605.1,0.7619462961809234,0,0.4121428571428571,2.001665163394158,20.592499999999998,-0.012140342357643446,22.042600000000004,-6.589966700842929,22.173650000000002,-7.142035704541211,0,0,21.459554906292098,19.725445093707897,8.421074724216103,36.08459101144363,21.82,19.66,0,0,25.91,19.66,0,0,-0.4352030947775587,-0.2422480620155073,Downtrend
2022-05-23 20:00:00,20.58,20.79,20.46,20.65,396,15,0,56.41025641025639,1563.75,0.25323741007194245,0,0.40857142857142825,1.9785541335178125,20.555500000000002,0.45973097224585374,21.9496,-5.920836826183628,22.1845,-6.916991593229513,0,0,21.33832820592956,19.772671794070444,7.6167274542536845,34.53112306341786,21.82,19.66,0,0,25.91,19.66,0,0,0.29140359397765714,0.8793356130923289,Downtrend
2022-05-24 16:00:00,20.7,21.25,20.61,21.11,2899,15,0,59.036144578313234,1561.1,1.8570238934084942,0,0.4107142857142855,1.9455911213372121,20.5555,2.6975748583104324,21.874200000000002,-3.4936134807215913,22.1999,-4.909481574241326,0,0,21.338328205929557,19.77267179407044,7.616727454253685,33.19734234032416,21.82,19.66,0,0,25.55,19.66,0,0,2.227602905569004,2.0793036750483544,Downtrend
2022-05-24 20:00:00,21.1,21.32,21.02,21.23,706,15,0,63.608562691131525,1525.7,0.4627384151536999,0,0.40499999999999986,1.907677814413565,20.5565,3.276335952131932,21.8002,-2.615572334198768,22.2164,-4.439963270376837,0,0,21.34289149216294,19.770108507837058,7.651025146916465,31.34410507183412,21.82,19.66,0,0,25.32,19.66,0,0,0.56845097110374,3.108305002428366,Downtrend
2022-05-25 16:00:00,21.15,21.2,20.94,21.05,1383,15,0,60.99706744868036,1435.8,0.9632260760551609,0,0.4085714285714285,1.9409569053274511,20.547,2.4480459434467323,21.718600000000002,-3.0784673045223974,22.231550000000002,-5.314744136148857,0,0,21.30261337927955,19.791386620720452,7.354975220514416,29.50813774186044,21.33,19.66,1,0,25.21,19.66,0,0,-0.8478568064060332,1.9370460048426255,Downtrend
2022-05-25 20:00:00,21.04,21.26,21.0,21.16,985,15,0,60.882352941176464,1407.15,0.6999964467185446,0,0.4128571428571429,1.9511207129354582,20.548499999999997,2.975886317736103,21.6384,-2.2108843537414993,22.247200000000003,-4.886907116401177,0,0,21.309089106859002,19.787910893140992,7.402867429340389,27.784792669908363,21.32,19.66,1,0,25.21,19.66,0,0,0.5225653206650804,0.23685457129322932,Downtrend
2022-05-26 16:00:00,20.89,21.0,20.54,20.63,1393,15,0,50.923482849604234,1321.05,1.0544642519208205,0,0.435,2.108579738245274,20.566499999999998,0.30875452799456027,21.574,-4.375637341244102,22.258699999999997,-7.31713891646861,0,0,21.316300675266746,19.81669932473325,7.291475703369538,25.071082623693535,21.32,19.66,0,0,25.21,19.66,0,0,-2.504725897920612,-2.826189354686771,Downtrend
2022-05-26 20:00:00,20.63,20.66,20.47,20.56,573,15,0,52.30352303523033,1291.9,0.4435327811750135,0,0.43,2.0914396887159534,20.582,-0.10688951511030034,21.502799999999997,-4.384545268523162,22.26875,-7.6733090092618665,0,0,21.316921406466772,19.84707859353323,7.141399343764175,22.204699757310685,21.32,19.66,0,0,24.73,19.66,0,0,-0.3393116820164854,-2.3277909738717435,Downtrend
2022-05-27 16:00:00,20.71,20.73,20.35,20.45,1390,15,0,55.14285714285713,1246.95,1.1147199165964954,0,0.42357142857142854,2.0712539294446386,20.579,-0.6268526167452322,21.4382,-4.609528785065907,22.27755,-8.203550210862515,0,0,21.315646741017375,19.842353258982627,7.1592083290478055,20.30373161764178,21.32,19.66,0,0,24.22,19.66,0,0,-0.5350194552529164,-3.355387523629494,Downtrend
2022-05-27 20:00:00,20.45,20.57,20.43,20.51,394,15,0,63.375796178343926,1234.9,0.3190541744270791,0,0.4028571428571429,1.9641986487427738,20.5875,-0.37644201578626363,21.3754,-4.048579207874461,22.28615,-7.969748027362275,0,0,21.3164177269284,19.858582273071598,7.081167960445913,19.22700907963912,21.32,19.66,0,0,24.01,19.66,0,0,0.29339853300733854,-0.5816771691710977,Downtrend
2022-05-31 16:00:00,20.85,20.91,20.48,20.55,1516,15,0,49.11504424778763,1217.35,1.2453279664845773,0,0.35357142857142876,1.7205422314911376,20.6,-0.2427184466019452,21.3398,-3.7010656144856076,22.2946,-7.825213280345906,0,0,21.31662953800114,19.88337046199886,6.9575683301081535,19.69202899262056,21.32,19.66,0,0,23.78,19.66,0,0,0.19502681618721596,-0.048638132295710165,Downtrend
2022-05-31 20:00:00,20.55,20.57,20.25,20.4,612,15,0,44.9152542372881,1217.1,0.502834606852354,0,0.3571428571428574,1.7507002801120461,20.599,-0.9660663138987409,21.2946,-4.20106505874729,22.3009,-8.52387123389639,0,0,21.31674207359567,19.88125792640433,6.968707933352778,19.64711860288261,21.32,19.66,0,0,23.13,19.66,0,0,-0.7299270072992803,-0.24449877750611593,Downtrend
2022-06-01 16:00:00,20.63,20.65,20.15,20.4,1746,15,0,48.401826484018265,1237.8,1.4105671352399418,0,0.367857142857143,1.803221288515407,20.591,-0.9275897236656913,21.2528,-4.012647745238284,22.308049999999998,-8.55319044022225,0,0,21.314118975432443,19.86788102456756,7.023641158102489,18.396884768624343,21.32,19.66,0,0,23.13,19.66,0,0,0.0,-0.5363237445148853,Downtrend
2022-06-01 20:00:00,20.4,20.45,20.25,20.28,533,15,0,40.47619047619051,1220.8,0.4365989515072084,0,0.362857142857143,1.7892364046210207,20.5855,-1.484054310072617,21.212600000000002,-4.396443623129652,22.31565,-9.122073522393478,0,0,21.31668433128362,19.854315668716378,7.103877304739956,17.297736808867608,21.32,19.66,0,0,23.13,19.66,0,0,-0.5882352941176339,-1.313868613138684,Downtrend
2022-06-02 16:00:00,20.79,21.0,20.63,20.93,1959,15,0,56.390977443609025,1238.35,1.5819437154277871,0,0.38,1.815575728619207,20.6275,1.466488910435091,21.184399999999997,-1.2008836691149944,22.327800000000003,-6.260357043685466,0,0,21.33496024623217,19.92003975376783,6.859389128417597,17.403882715506136,21.32,19.66,1,0,23.13,19.66,0,0,3.2051282051281937,2.5980392156862804,Downtrend
2022-06-02 20:00:00,20.92,20.96,20.82,20.9,529,15,0,54.75285171102662,1224.8,0.43190725016329196,0,0.3664285714285716,1.7532467532467542,20.689,1.019865629078247,21.159200000000002,-1.224999054784696,22.33935,-6.44311495186745,0,0,21.24325246005098,20.13474753994902,5.357943448702002,17.313926393094015,21.32,20.15,1,0,23.13,19.66,0,0,-0.14333492594362784,2.450980392156863,Downtrend
2022-06-03 16:00:00,20.71,20.85,20.54,20.62,1387,15,0,40.00000000000003,1184.35,1.17110651412167,0,0.34642857142857153,1.6800609671608706,20.6905,-0.3407360866097925,21.126199999999997,-2.396076909240641,22.3502,-7.741317751071579,0,0,21.243785878327625,20.137214121672375,5.348211771853021,15.834782988522537,21.32,20.15,0,0,23.13,19.66,0,0,-1.339712918660274,1.676528599605522,Downtrend
2022-06-03 20:00:00,20.61,20.67,20.53,20.6,467,15,0,36.59574468085108,1155.55,0.4041365583488382,0,0.3350000000000001,1.6262135922330099,20.6885,-0.427773884041858,21.0912,-2.3289333940221475,22.36085,-7.874700648678372,0,0,21.242842664308423,20.13415733569158,5.3589449627418295,14.46592955229939,21.32,20.15,0,0,23.13,19.66,0,0,-0.09699321047526022,-1.5766841853798292,Downtrend
2022-06-06 16:00:00,20.75,20.77,20.34,20.42,1061,15,0,36.59574468085108,1105.75,0.9595297309518427,0,0.34500000000000014,1.689520078354555,20.686,-1.2858938412452783,21.052200000000003,-3.00301156173702,22.362849999999998,-8.687846137679216,0,0,21.244923777873655,20.127076222126345,5.403884539047233,13.333262919239166,21.32,20.15,0,1,23.13,19.66,0,0,-0.8737864077669855,-2.296650717703334,Downtrend
2022-06-06 20:00:00,20.41,20.5,20.31,20.42,449,15,0,33.482142857142875,1080.05,0.4157214943752604,0,0.34000000000000014,1.6650342801175322,20.673,-1.2238185072316383,21.016399999999997,-2.8377838259644643,22.364500000000003,-8.694582932772926,0,0,21.244465337162126,20.10153466283787,5.52861546134695,12.340370363917986,21.32,20.15,0,1,23.13,19.66,0,0,0.0,-0.9699321047526638,Downtrend
2022-06-07 16:00:00,20.49,20.62,20.35,20.53,1550,15,0,47.252747252747305,1096.4,1.4137176213060925,0,0.315,1.5343399902581587,20.67,-0.6773101112723781,20.9852,-2.16914778034042,22.366950000000003,-8.212787170356268,0,0,21.24392462369469,20.096075376305315,5.553213581951493,12.563615301672254,21.32,20.15,0,1,23.13,19.66,0,0,0.5386875612144904,-0.3398058252427198,Downtrend
2022-06-07 20:00:00,20.53,20.68,20.51,20.66,416,15,0,52.65957446808514,1097.4,0.37907782030253323,0,0.31357142857142833,1.517770709445442,20.670499999999997,-0.05079702958320721,20.956799999999998,-1.4162467552297944,22.3711,-7.648707484209531,0,0,21.244368681108117,20.096631318891877,5.552537975454104,13.36176452087408,21.32,20.15,0,0,23.13,19.66,0,0,0.6332196785192368,1.1753183153770737,Downtrend
2022-06-08 16:00:00,20.58,20.87,20.48,20.77,986,15,0,58.51063829787237,1001.75,0.9842775143498877,0,0.31428571428571417,1.513171469839741,20.6535,0.5640690439876945,20.9238,-0.7350481270132594,22.377750000000002,-7.184591837874686,0,0,21.191577474365854,20.11542252563415,5.210520970933282,13.976746728362107,21.32,20.15,0,0,23.13,19.66,0,0,0.5324298160696905,1.7140058765915664,Downtrend
2022-06-08 20:00:00,20.77,20.83,20.67,20.7,432,15,0,55.02645502645498,988.05,0.4372248367997571,0,0.31571428571428534,1.5251897860593495,20.627000000000002,0.35390507587141534,20.8908,-0.9133206961916224,22.38495,-7.527155521901994,0,0,21.092893595259852,20.161106404740153,4.517318032286321,13.819147031591863,21.26,20.15,0,0,23.13,19.66,0,0,-0.3370245546461259,0.8280565026789973,Downtrend
2022-06-09 16:00:00,20.55,20.56,20.03,20.19,1266,15,0,42.37288135593219,982.2,1.2889431887599265,0,0.33285714285714235,1.648623788296891,20.584,-1.914108045083552,20.8444,-3.139452322926057,22.3909,-9.829439638424526,0,0,21.044224201654327,20.123775798345672,4.471669273749779,13.819599383141393,21.26,20.03,0,1,23.13,19.66,0,0,-2.463768115942022,-2.2749273959341667,Downtrend
2022-06-09 20:00:00,20.18,20.23,20.02,20.02,360,15,0,42.01680672268907,950.95,0.3785687996214312,0,0.32499999999999957,1.6233766233766211,20.527,-2.4699176694110268,20.782600000000002,-3.669415761261837,22.394499999999997,-10.603049855991417,0,0,20.968866853009335,20.085133146990668,4.305225829486369,14.086401626570392,21.0,20.02,0,1,23.13,19.66,0,1,-0.8420009905894088,-3.610977371208474,Downtrend
2022-06-10 16:00:00,19.72,20.84,19.68,20.81,2298,15,0,56.46687697160885,996.2,2.306765709696848,1,0.3721428571428567,1.7882885975149292,20.536,1.3342423061939879,20.7502,0.2881899933494578,22.402650000000005,-7.109203598681432,0,0,20.993747344697756,20.078252655302247,4.457999071851911,13.573525153414542,21.0,19.68,1,0,23.13,19.66,0,0,3.94605394605394,0.5314009661835721,Downtrend
2022-06-10 20:00:00,20.81,21.09,20.78,20.96,795,15,0,60.625000000000014,1007.3,0.7892385585227837,0,0.3799999999999995,1.8129770992366387,20.556,1.9653629110721926,20.72,1.158301158301168,22.4104,-6.471995145111191,0,0,21.051554978625983,20.06044502137402,4.821511759349896,13.567746727168908,21.09,19.68,1,0,23.08,19.66,0,0,0.7208073041806928,3.813769192669636,Downtrend
2022-06-13 16:00:00,20.43,20.51,19.97,20.23,2017,15,0,39.329268292682926,1038.65,1.9419438694459152,0,0.399285714285714,1.9737306687380822,20.544999999999998,-1.5332197614991372,20.6746,-2.1504648215685003,22.41455,-9.746124727018826,0,0,21.059853070505966,20.03014692949403,5.011954933131835,14.360022765649699,21.09,19.68,0,0,22.55,19.66,0,0,-3.482824427480913,1.0489510489510532,Downtrend
2022-06-13 20:00:00,20.23,20.39,20.0,20.03,921,15,0,37.39130434782611,1065.0,0.8647887323943662,0,0.41714285714285687,2.082590400114113,20.521,-2.392670922469663,20.628400000000003,-2.900855131760105,22.4199,-10.659726403775206,0,0,21.08511644934353,19.95688355065647,5.497943076297742,14.812225972023672,21.09,19.68,0,1,22.55,19.66,0,1,-0.9886307464162081,-3.748197981739537,Downtrend
2022-06-14 16:00:00,20.06,20.06,19.28,19.39,1490,15,0,33.85826771653542,1063.7,1.400770894049074,0,0.44714285714285673,2.3060487732999313,20.463,-5.243610418804674,20.5802,-5.783228540053064,22.42315,-13.526868437306977,0,0,21.22008860636893,19.705911393631073,7.39958565575847,16.848432899613986,21.09,19.28,0,1,22.54,19.28,0,1,-3.195207189216176,-7.490458015267176,Downtrend
2022-06-14 20:00:00,19.38,19.46,19.22,19.38,548,15,0,33.9473684210526,1060.5,0.5167373880245167,0,0.454285714285714,2.344095532950021,20.412,-5.055849500293945,20.54,-5.647517039922104,22.4269,-13.585916912279453,0,0,21.31106618221292,19.51293381778708,8.809192457504604,18.695119376402527,21.09,19.22,0,1,22.06,19.22,0,1,-0.0515729757607053,-4.201680672268915,Downtrend
2022-06-15 16:00:00,19.77,19.89,19.04,19.05,1038,15,0,32.65822784810125,1025.1,1.012584138132865,0,0.4842857142857141,2.542182227221596,20.344500000000004,-6.362899063629003,20.498800000000003,-7.067730793997706,22.43105,-15.073079503634466,0,0,21.43061281763476,19.258387182365247,10.67721317933354,19.846435165876215,21.09,19.04,0,1,21.82,19.04,0,1,-1.7027863777089647,-4.892661008487271,Downtrend
2022-06-15 20:00:00,19.04,19.65,18.96,19.48,2573,15,0,39.269406392694044,1127.1,2.2828497915003108,1,0.5199999999999996,2.6694045174537964,20.304499999999997,-4.060676204782176,20.4642,-4.809374419718343,22.436,-13.175254055981455,0,0,21.457481946268015,19.15151805373198,11.35691050031291,20.803780307745306,21.09,18.96,0,0,21.82,18.96,0,0,2.257217847769022,0.46415678184631176,Downtrend
2022-06-16 16:00:00,19.44,20.12,19.15,19.98,2447,15,0,44.234800838574415,1151.5,2.1250542770299607,1,0.5699999999999997,2.8528528528528514,20.256999999999998,-1.3674285432196156,20.439,-2.2457067371202095,22.4414,-10.968121418449833,0,0,21.379349040370236,19.13465095962976,11.081098290667311,21.34515764327399,21.09,18.96,0,0,21.82,18.96,0,0,2.566735112936347,3.09597523219815,Downtrend
2022-06-16 20:00:00,19.99,20.01,19.78,19.94,893,15,0,42.307692307692314,1169.7,0.7634436180217149,0,0.5742857142857142,2.8800687777618563,20.209,-1.3310901083675508,20.415200000000002,-2.3276774168266825,22.4458,-11.163781197373215,0,0,21.29715440080852,19.12084559919148,10.769007875783265,21.58070501793472,21.09,18.96,0,0,21.82,18.96,0,0,-0.2002002002001957,4.67191601049869,Downtrend
2022-06-17 16:00:00,19.57,19.84,19.35,19.41,2041,15,0,36.66666666666668,1202.4,1.6974384564204923,0,0.5885714285714284,3.03231029660705,20.148500000000002,-3.665285256967029,20.398,-4.8436121188351775,22.4475,-13.531573671901109,0,0,21.274335829856398,19.022664170143607,11.17538109394144,21.962459020819104,21.09,18.96,0,0,21.33,18.96,0,0,-2.6579739217653,-0.35934291581108974,Downtrend
2022-06-17 20:00:00,19.41,19.5,19.25,19.46,670,15,0,37.795275590551206,1212.55,0.5525545338336564,0,0.5950000000000001,3.057553956834533,20.0915,-3.1431202249707546,20.3822,-4.524536114845307,22.449749999999998,-13.31752023964631,0,0,21.236360828130845,18.946639171869155,11.396469433649505,22.441651229334642,21.09,18.96,0,0,21.32,18.96,0,0,0.25759917568264346,-2.6026026026026003,Downtrend
2022-06-21 16:00:00,19.62,19.78,19.52,19.62,1256,15,0,43.97463002114165,1222.3,1.0275709727562792,0,0.5700000000000003,2.9051987767584113,20.0515,-2.151958706331196,20.3644,-3.655398636836827,22.45095,-12.60948868533402,0,0,21.203912115612077,18.899087884387924,11.494522760013727,22.352836696798562,21.09,18.96,0,0,21.32,18.96,0,0,0.8221993833504637,-1.6048144433299913,Downtrend
2022-06-21 20:00:00,19.62,19.65,19.5,19.5,421,15,0,44.44444444444445,1220.9,0.3448275862068965,0,0.5657142857142858,2.9010989010989015,20.0055,-2.5268051285896447,20.347600000000003,-4.165601840020461,22.45275,-13.15095032902429,0,0,21.16936787095942,18.841632129040583,11.635478952882137,22.83101960175968,21.09,18.96,0,0,21.32,18.96,0,0,-0.6116207951070374,0.46367851622874734,Downtrend
2022-06-22 16:00:00,19.49,19.79,19.28,19.32,1900,15,0,31.69533169533173,1238.4,1.5342377260981912,0,0.5192857142857142,2.687814256137237,19.945,-3.1336174479819503,20.328,-4.958677685950409,22.454350000000005,-13.9587652281184,0,0,21.11981465503423,18.77018534496577,11.7805430437125,24.39495595240943,21.09,18.96,0,1,21.32,18.96,0,1,-0.9230769230769265,-0.7194244604316575,Downtrend
2022-06-22 20:00:00,19.32,19.49,19.28,19.31,533,15,0,29.00763358778626,1244.25,0.4283705043198714,0,0.512142857142857,2.652215728342087,19.8775,-2.8549867941139606,20.3058,-4.904017571334311,22.45605,-14.009810273846035,0,0,21.03433552031031,18.72066447968969,11.63964804739338,26.018598398059414,21.09,18.96,0,1,21.32,18.96,0,1,-0.051759834368536595,-1.5800203873598484,Downtrend
2022-06-23 16:00:00,19.33,19.53,18.43,18.43,1953,15,0,27.941176470588232,1292.6,1.5109082469441437,0,0.5199999999999998,2.8214867064568625,19.7605,-6.7331292224387065,20.263199999999998,-9.04694224012001,22.452600000000004,-17.915965188886826,0,0,21.00711182917161,18.51388817082839,12.617209373969377,26.362732147374313,21.09,18.43,0,1,21.32,18.43,0,1,-4.557224236147073,-5.487179487179489,Downtrend
2022-06-23 20:00:00,18.43,18.5,18.31,18.45,507,15,0,29.743589743589723,1296.35,0.3910980830794153,0,0.5057142857142856,2.7409988385598134,19.648,-6.097312703583064,20.2244,-8.77356064951247,22.449299999999997,-17.81480937044807,0,0,20.942792810086484,18.353207189913515,13.179894239479687,26.84695221458215,21.09,18.31,0,1,21.32,18.31,0,1,0.10851871947910041,-4.503105590062117,Downtrend
2022-06-24 16:00:00,18.31,18.77,18.14,18.58,1544,15,0,38.05309734513271,1310.25,1.1784010684983781,0,0.495,2.6641550053821317,19.5675,-5.0466334483199216,20.194200000000002,-7.99338423903895,22.445050000000002,-17.220055201480967,0,0,20.919346690155077,18.21565330984492,13.817265262860131,25.43725479300921,21.09,18.14,0,0,21.32,18.14,0,0,0.704607046070449,-3.780424650440189,Downtrend
2022-06-24 20:00:00,18.57,18.72,18.57,18.71,408,15,0,40.45584045584049,1312.65,0.31082162038624156,0,0.4885714285714283,2.6112850271054424,19.502000000000002,-4.061121936211679,20.175,-7.261462205700123,22.441100000000002,-16.62619033826328,0,0,20.888044732322534,18.11595526767747,14.21438552274158,23.87674293644469,21.09,18.14,0,0,21.32,18.14,0,0,0.6996770721205747,1.519262072707548,Downtrend
2022-06-27 16:00:00,18.75,18.98,18.67,18.84,1183,15,0,46.82779456193353,1256.9,0.941204550879147,0,0.44999999999999957,2.3885350318471317,19.4035,-2.9041152369417946,20.14,-6.454816285998017,22.436950000000003,-16.03136789982597,0,0,20.673282824364737,18.133717175635265,13.088183310894793,23.12456162913913,21.09,18.14,0,0,21.32,18.14,0,0,0.6948156066274747,2.113821138211385,Downtrend
2022-06-27 20:00:00,18.84,18.98,18.78,18.96,385,15,0,41.33333333333335,1236.4,0.3113879003558719,0,0.41499999999999965,2.1888185654008416,19.303500000000003,-1.7794700442924978,20.106399999999997,-5.701667130863787,22.4331,-15.482033245516662,0,0,20.35307685709358,18.253923142906427,10.874472060440608,22.17044012556489,20.51,18.14,0,0,21.32,18.14,0,0,0.6369426751592355,2.0452099031216497,Downtrend
2022-06-28 16:00:00,18.92,19.07,18.69,18.77,1073,15,0,27.509293680297418,1189.2,0.9022872519340733,0,0.3728571428571423,1.986452545855846,19.2305,-2.394633524869347,20.072400000000002,-6.488511588051265,22.427749999999996,-16.309036795933597,0,0,20.209467770018964,18.251532229981034,10.181407347900107,23.045238629169003,20.39,18.14,0,0,21.32,18.14,0,0,-1.0021097046413519,0.3206841261357494,Downtrend
2022-06-28 20:00:00,18.76,18.79,18.46,18.47,356,15,0,25.084745762711876,1160.95,0.30664541969938414,0,0.3799999999999993,2.057390362750402,19.152499999999996,-3.563503459078437,20.0282,-7.780030157477953,22.42185,-17.62499526131876,0,0,20.11164161184781,18.193358388152184,10.01583722070552,24.163529021130255,20.12,18.14,0,1,21.32,18.14,0,1,-1.5982951518380473,-1.9639065817409822,Downtrend
2022-06-29 16:00:00,18.84,18.85,18.23,18.23,1476,15,0,27.81954887218049,1160.25,1.2721396250808015,0,0.3821428571428565,2.096230702922965,19.0945,-4.527481735578306,19.980999999999998,-8.763325158900944,22.415400000000005,-18.671984439269448,0,0,20.1303921910981,18.0586078089019,10.8501630427411,24.02465966852124,20.12,18.14,0,1,21.32,18.14,0,1,-1.2994044396318238,-3.850210970464137,Downtrend
2022-06-29 20:00:00,18.23,18.41,18.2,18.31,350,15,0,28.6245353159851,1150.35,0.3042552266701439,0,0.37928571428571367,2.071467582117497,19.041,-3.839084081718406,19.9342,-8.147806282669993,22.4108,-18.298320452638904,0,0,20.12424852569488,17.95775147430512,11.378063396826645,23.672345190570073,20.12,18.14,0,1,21.32,18.14,0,1,0.43883708173340086,-2.4507192328183316,Downtrend
2022-06-30 16:00:00,18.24,18.26,17.72,17.88,949,15,0,20.608108108108084,1145.9,0.8281699973819704,0,0.39857142857142797,2.2291466922339374,18.982499999999998,-5.807981035163963,19.869600000000002,-10.01328662881992,22.3996,-20.177146020464654,0,0,20.183655145769944,17.781344854230053,12.655394661082003,26.059015124409797,20.12,17.72,0,1,21.32,17.72,0,1,-2.348443473511741,-3.1943692474282614,Downtrend
2022-06-30 20:00:00,17.88,17.89,17.57,17.61,419,15,0,19.614147909967826,1038.2,0.4035831246387979,0,0.4107142857142852,2.332278737730183,18.889000000000003,-6.771136640372721,19.797199999999997,-11.04802699371627,22.38455,-21.32966711414793,0,0,20.212041153833074,17.565958846166932,14.008588637122878,28.574006263039255,20.12,17.57,0,1,21.32,17.57,0,1,-1.5100671140939603,-3.4009873834339053,Downtrend
2022-07-01 16:00:00,17.48,18.1,17.24,17.89,1810,15,0,27.725856697819324,1006.35,1.798579023202663,0,0.43571428571428555,2.435518645691926,18.7845,-4.761904761904765,19.734,-9.344278909496307,22.37015,-20.027357885396384,0,0,20.074452671510066,17.494547328489936,13.734224190263939,30.24663400750404,20.01,17.24,0,0,21.32,17.24,0,0,1.5900056785917105,-2.293828509011459,Downtrend
2022-07-01 20:00:00,17.88,18.1,17.85,17.99,464,15,0,29.999999999999986,984.9,0.4711138186617931,0,0.4385714285714286,2.4378623044548564,18.687,-3.7298656820249514,19.6706,-8.543714985816406,22.355050000000002,-19.526013137971077,0,0,19.901805160898853,17.47219483910115,13.001607116164731,31.35245761005837,19.84,17.24,0,0,21.26,17.24,0,0,0.5589714924538747,0.6152125279642027,Downtrend
2022-07-05 16:00:00,17.84,17.88,17.01,17.09,1924,15,0,29.819277108433724,979.05,1.9651703181655689,0,0.4299999999999997,2.516091281451139,18.570999999999998,-7.974799418448109,19.599800000000002,-12.805232706456199,22.337699999999998,-23.492570855549133,0,0,19.929666528932405,17.21233347106759,14.632131053065606,32.61400700593613,19.79,17.01,0,1,21.26,17.01,0,1,-5.002779321845463,-2.952867688813172,Downtrend
2022-07-05 20:00:00,17.09,17.37,17.03,17.33,457,15,0,34.180790960451944,968.4,0.47191243287897566,0,0.44071428571428534,2.543071469788144,18.4645,-6.14422269760894,19.5352,-11.288341045906883,22.3213,-22.361152800240138,0,0,19.863092901906164,17.065907098093838,15.148992953030548,33.61088536631298,19.79,17.01,0,1,21.09,17.01,0,1,1.4043300175541118,-3.1302403577417675,Downtrend
2022-07-06 16:00:00,17.29,17.43,16.71,16.81,1817,15,0,27.48091603053433,996.45,1.8234733303226454,0,0.44714285714285673,2.659981303645787,18.324,-8.262388124863582,19.4624,-13.62832949687603,22.293700000000005,-24.597532038199155,0,0,19.79646159810499,16.851538401895013,16.07139923712059,36.76940480621943,19.79,16.71,0,1,21.09,16.71,0,1,-3.0005770340450044,-6.559199555308504,Downtrend
2022-07-06 20:00:00,16.81,17.15,16.76,17.12,646,15,0,30.656934306569326,1007.7,0.6410638086732162,0,0.4642857142857138,2.7119492656875805,18.205,-5.959901126064254,19.3946,-11.728006764769571,22.26845,-23.119929766104065,0,0,19.66189648514238,16.74810351485762,16.00545438222884,40.023175327196434,19.79,16.71,0,0,21.09,16.71,0,0,1.8441403926234612,0.1755412521942723,Downtrend
2022-07-07 16:00:00,17.24,17.52,17.04,17.21,1298,15,0,29.975429975429975,977.6,1.3277414075286416,0,0.47642857142857103,2.7683240640823414,18.0995,-4.914500400563542,19.3278,-10.957273978414507,22.23915,-22.61394882448294,0,0,19.52160333476018,16.67739666523982,15.71428309909313,42.83499495974612,19.53,16.71,0,0,21.09,16.71,0,0,0.5257009345794428,-0.6924408540103719,Downtrend
2022-07-07 20:00:00,17.21,17.26,17.09,17.17,347,15,0,27.56892230576439,968.3,0.3583600123928535,0,0.4742857142857141,2.7622930360262905,17.9925,-4.571349173266627,19.263199999999998,-10.866315046305889,22.2092,-22.68969616195089,0,0,19.351754826811263,16.633245173188737,15.10912687854676,45.79032910040842,19.53,16.71,0,0,21.09,16.71,0,0,-0.23242300987796893,2.1415823914336887,Downtrend
2022-07-08 16:00:00,17.1,17.39,16.95,17.2,1430,15,0,29.50391644908612,942.15,1.5178050204319906,0,0.47857142857142854,2.782392026578073,17.931,-4.076738609112718,19.1992,-10.412933872244686,22.179949999999998,-22.452485240047878,0,0,19.317929968254095,16.544070031745907,15.46963324135959,47.48755446084209,19.07,16.71,0,0,21.09,16.71,0,0,0.17472335468839972,0.46728971962615823,Downtrend
2022-07-08 20:00:00,17.2,17.32,17.1,17.1,400,15,0,31.129476584022015,936.8,0.42698548249359525,0,0.4707142857142857,2.7527151211361733,17.8635,-4.274078428079587,19.1356,-10.637764167311182,22.15015,-22.799619867134076,0,0,19.27525926082513,16.451740739174866,15.806076757915664,48.60930865920721,19.07,16.71,0,0,21.09,16.71,0,0,-0.5813953488371992,-0.6391632771644359,Downtrend
2022-07-11 16:00:00,16.91,17.19,16.87,16.93,1507,15,0,31.74157303370781,934.95,1.6118509011177067,0,0.44928571428571423,2.6537844907602732,17.781,-4.786007536134071,19.0556,-11.154726169734875,22.12,-23.462929475587707,0,0,19.20921051079913,16.352789489200866,16.064456563738066,50.40329291510169,19.07,16.71,0,1,21.09,16.71,0,1,-0.9941520467836362,-1.3977868375072917,Downtrend
2022-07-11 20:00:00,16.92,16.98,16.84,16.9,333,15,0,29.914529914529894,931.2,0.35760309278350516,0,0.44428571428571423,2.628909551986475,17.6905,-4.468500042395645,18.9756,-10.938257551803376,22.09105,-23.49843035980635,0,0,19.10011323549527,16.28088676450473,15.93638659727279,52.313284090707164,19.07,16.71,0,1,21.09,16.71,0,1,-0.17720023626698334,-1.7441860465116321,Downtrend
2022-07-12 16:00:00,16.75,16.81,16.32,16.44,1141,15,0,29.661016949152526,929.1,1.2280701754385965,0,0.4435714285714284,2.698123044838372,17.570500000000003,-6.434079849748164,18.892,-12.979038746559382,22.058249999999997,-25.470062221617745,0,0,18.97670392322148,16.164296076778527,16.00641897750748,52.73292451034761,19.07,16.32,0,1,21.09,16.32,0,1,-2.72189349112425,-3.8596491228070176,Downtrend
2022-07-12 20:00:00,16.43,16.45,16.3,16.35,386,15,0,31.249999999999986,929.15,0.41543346068987785,0,0.4314285714285711,2.638706858890343,17.439999999999998,-6.24999999999998,18.807000000000002,-13.06428457489233,22.02625,-25.770387605697742,0,0,18.786418250493668,16.093581749506328,15.440576267129247,52.877265409972786,19.07,16.3,0,1,21.09,16.3,0,1,-0.5474452554744547,-3.425871234494969,Downtrend
2022-07-13 16:00:00,16.18,16.85,16.1,16.62,1951,15,0,31.04477611940294,973.05,2.005035712450542,1,0.42357142857142804,2.548564552174657,17.3325,-4.110774556469053,18.731,-11.270087021515138,21.99475,-24.436513258845853,0,0,18.570781916714626,16.094218083285373,14.288555219554326,52.350682566037,18.85,16.1,0,0,21.09,16.1,0,0,1.6513761467889854,-1.6568047337277965,Downtrend
2022-07-13 20:00:00,16.61,16.68,16.35,16.41,604,15,0,27.16763005780345,985.45,0.6129179562636359,0,0.42928571428571366,2.6160006964394493,17.2295,-4.756377143852123,18.6508,-12.01449803761769,21.9645,-25.288533770402243,0,0,18.410783423364222,16.04821657663578,13.712335510191481,51.82409972210122,18.85,16.1,0,1,21.09,16.1,0,1,-1.263537906137191,-0.18248175182482443,Downtrend
2022-07-14 16:00:00,15.77,15.77,15.2,15.51,2533,15,0,27.167630057803436,1038.3,2.4395646730232112,1,0.44571428571428534,2.8737220226581903,17.0935,-9.26375522859566,18.5504,-16.389943074003796,21.93005,-29.275127051693918,0,0,18.408518911210567,15.77848108878943,15.386186693311126,51.553991678883946,18.41,15.2,0,0,21.09,15.2,0,0,-5.484460694698356,-5.137614678899092,Downtrend
2022-07-14 20:00:00,15.51,15.8,15.49,15.69,543,15,0,25.882352941176464,1047.95,0.5181544921036308,0,0.44357142857142823,2.827096421742691,16.9625,-7.501842299189383,18.451,-14.963958593030194,21.8961,-28.34340361982271,0,0,18.289211407162114,15.635788592837885,15.642875839789117,51.321433539349066,18.26,15.2,0,0,21.09,15.2,0,0,1.1605415860735047,-5.5956678700361095,Downtrend
2022-07-15 16:00:00,15.55,15.64,15.33,15.43,1563,15,0,28.02547770700636,1078.65,1.4490335141148656,0,0.4178571428571426,2.7080825849458368,16.84,-8.372921615201902,18.3442,-15.886220167682433,21.861,-29.41768446091213,0,0,18.259221432223868,15.420778567776134,16.855361427836897,50.26479786732879,18.1,15.2,0,1,21.09,15.2,0,1,-1.6571064372211564,-5.971968312004878,Downtrend
2022-07-15 20:00:00,15.43,15.59,15.37,15.59,320,15,0,24.41471571906348,1073.7,0.29803483282108595,0,0.4057142857142857,2.6024008063777146,16.738999999999997,-6.86420933150127,18.242,-14.537879618462894,21.82645,-28.572901227638948,0,0,18.213911594139006,15.264088405860987,17.622457663408923,49.208162195308496,18.1,15.2,0,0,21.09,15.2,0,0,1.0369410239792654,0.515796260477112,Downtrend
2022-07-18 16:00:00,15.92,16.01,15.78,15.96,1287,15,0,30.88685015290517,1047.55,1.2285809746551477,0,0.4014285714285715,2.515216612960974,16.642500000000002,-4.100946372239753,18.1574,-12.101952922775277,21.789700000000003,-26.75438395205075,0,0,18.05140214818392,15.233597851816084,16.931376273804037,48.360258563941905,18.1,15.2,0,0,21.09,15.2,0,0,2.3733162283515075,1.7208413001912133,Downtrend
2022-07-18 20:00:00,15.95,15.97,15.75,15.75,315,15,0,29.36046511627903,1040.1,0.30285549466397466,0,0.40499999999999997,2.571428571428571,16.5305,-4.721575269955537,18.072,-12.84860557768924,21.751650000000005,-27.591699940004567,0,0,17.841080024263828,15.219919975736172,15.856507961209015,47.54774481107007,17.88,15.2,0,0,21.09,15.2,0,0,-1.3157894736842146,2.073882047958524,Downtrend
2022-07-19 16:00:00,15.69,16.0,15.64,15.89,1266,15,0,31.549295774647916,1007.2,1.256949960285941,0,0.39928571428571413,2.512811291917647,16.4705,-3.5244831668741123,17.973599999999998,-11.592557973917286,21.7162,-26.828819038321623,0,0,17.78310247720217,15.157897522797832,15.938829752614303,47.08459211328049,17.52,15.2,0,0,21.09,15.2,0,0,0.8888888888888946,1.9243104554201456,Downtrend
2022-07-19 20:00:00,15.89,16.0,15.84,15.97,311,15,0,33.994334277620396,999.9,0.311031103110311,0,0.39499999999999996,2.473387601753287,16.402499999999996,-2.63679317177257,17.8738,-10.651344425919495,21.68065,-26.339846821935687,0,0,17.667675253098164,15.137324746901829,15.426614883074748,46.84883396707458,17.52,15.2,0,0,21.09,15.2,0,0,0.5034612964128327,0.06265664160400869,Downtrend
2022-07-20 16:00:00,15.9,15.97,15.57,15.6,1033,15,0,32.171581769437,960.7,1.0752576246486936,0,0.4007142857142857,2.5686813186813184,16.342000000000002,-4.540447925590518,17.7812,-12.266888623939884,21.6425,-27.919602633706823,0,0,17.64041360695898,15.043586393041023,15.89051042661826,46.461904777821985,17.52,15.2,0,0,21.09,15.2,0,0,-2.3168440826549896,-0.9523809523809548,Downtrend
2022-07-20 20:00:00,15.59,15.61,15.36,15.37,435,15,0,30.534351145038173,950.15,0.45782244908698627,0,0.4085714285714285,2.658239613346965,16.2545,-5.441570026761826,17.688,-13.10492989597467,21.60185,-28.84868657082611,0,0,17.567936232499125,14.941063767500875,16.160893690967118,46.26412233850522,17.52,15.2,0,1,20.51,15.2,0,1,-1.4743589743589802,-3.2724984266834576,Downtrend
2022-07-21 16:00:00,15.36,15.68,15.3,15.43,1678,15,0,35.69405099150141,969.15,1.731414125780323,0,0.39428571428571424,2.5553189519488937,16.1655,-4.549812873093946,17.6088,-12.37335877515787,21.55785,-28.42514443694524,0,0,17.447167910021292,14.88383208997871,15.856829792104058,45.27266976477414,17.39,15.2,0,1,20.39,15.2,0,1,0.39037085230970714,-3.381340012523487,Downtrend
2022-07-21 20:00:00,15.43,15.57,15.37,15.42,431,15,0,36.52173913043479,973.35,0.44280063697539424,0,0.397857142857143,2.580137113211044,16.078,-4.092548824480654,17.529600000000002,-12.034501642935389,21.5143,-28.326740818897196,0,0,17.308859348927204,14.847140651072793,15.31110024788164,44.38805875476502,17.39,15.2,0,1,20.12,15.2,0,1,-0.06480881399870686,-1.153846153846152,Downtrend
2022-07-22 16:00:00,15.49,15.82,15.28,15.28,1469,15,0,29.819277108433738,975.3,1.5062032195221984,0,0.38285714285714306,2.5056095736724022,15.982,-4.392441496683769,17.4542,-12.456600703555596,21.468300000000003,-28.825291243368138,0,0,17.141847539889998,14.822152460110003,14.514422974471252,44.62664089518764,17.32,15.2,0,1,20.12,15.2,0,1,-0.907911802853445,-0.5855562784645404,Downtrend
2022-07-22 20:00:00,15.28,15.3,15.11,15.25,402,15,0,31.52866242038219,975.4,0.4121386098011072,0,0.3728571428571433,2.444964871194382,15.889500000000002,-4.024670379810577,17.369600000000002,-12.202929255711137,21.420650000000002,-28.807015660122364,0,0,16.966014355637746,14.812985644362259,13.55000919648502,45.08640440433262,17.19,15.11,0,1,20.12,15.11,0,1,-0.19633507853402676,-1.1665586519766669,Downtrend
2022-07-25 16:00:00,15.29,15.29,14.81,14.89,1196,15,0,38.07692307692311,959.85,1.2460280252122726,0,0.320714285714286,2.1538904346157555,15.7875,-5.684877276326201,17.2678,-13.770138639548756,21.372049999999998,-30.32956595179217,0,0,16.835101270069888,14.739898729930111,13.271274996926536,43.73313582417326,16.98,14.81,0,1,20.12,14.81,0,1,-2.3606557377049198,-3.4370946822308652,Downtrend
2022-07-25 20:00:00,14.89,14.93,14.73,14.83,338,15,0,32.66129032258068,960.1,0.35204666180606187,0,0.31285714285714306,2.109623350351605,15.684000000000001,-5.445039530731962,17.165599999999998,-13.606282332106062,21.319849999999995,-30.44041116611982,0,0,16.676379384159446,14.691620615840554,12.654672075483884,42.7728183638558,16.85,14.73,0,1,20.12,14.73,0,1,-0.4029550033579632,-2.9450261780104667,Downtrend
2022-07-26 16:00:00,15.02,15.21,15.0,15.15,983,15,0,44.48818897637797,952.2,1.032346145767696,0,0.31428571428571456,2.0744931636020763,15.619499999999999,-3.0058580620378264,17.0804,-11.301843048172175,21.2757,-28.792002143290237,0,0,16.571870449816473,14.667129550183525,12.194634268913527,40.37438913972062,16.85,14.73,0,0,20.01,14.73,0,0,2.157788267026306,-0.6557377049180304,Downtrend
2022-07-26 20:00:00,15.16,15.2,15.08,15.2,278,15,0,41.9753086419753,946.8,0.29362061681453316,0,0.30714285714285733,2.0206766917293244,15.562000000000001,-2.3261791543503523,16.9952,-10.562982489173422,21.23045,-28.404720578226094,0,0,16.46631945915697,14.657680540843034,11.62214958433323,37.97595991558545,16.85,14.73,0,0,19.84,14.73,0,0,0.3300330033003229,2.0819341840161094,Downtrend
2022-07-27 16:00:00,15.11,15.22,14.96,15.12,824,15,0,30.37383177570092,890.45,0.9253748104890785,0,0.29571428571428576,1.9557823129251706,15.487,-2.3697294505068824,16.9052,-10.560064358895497,21.184,-28.62537764350454,0,0,16.26132755206964,14.712672447930357,9.999710106148925,37.61466707308959,16.68,14.73,0,0,19.79,14.73,0,0,-0.5263157894736858,1.955495616992577,Downtrend
2022-07-27 20:00:00,15.12,15.4,15.08,15.34,1144,15,0,40.465116279069775,917.45,1.2469344378440241,0,0.3028571428571429,1.9742968895511268,15.433499999999999,-0.6058249910908013,16.822,-8.80989180834621,21.1386,-27.431334147010684,0,0,16.07593861062399,14.791061389376008,8.325248461126652,36.36754250071728,16.01,14.73,0,0,19.79,14.73,0,0,1.4550264550264647,1.2541254125412509,Downtrend
2022-07-28 16:00:00,15.7,15.82,15.4,15.63,1368,15,0,44.34782608695654,859.2,1.5921787709497206,0,0.3114285714285715,1.9925052554611098,15.4395,1.2338482463810363,16.7482,-6.676538374273056,21.094700000000003,-25.90555921629604,0,0,16.087167068468343,14.791832931531658,8.389741487332392,33.22664650267841,16.01,14.73,0,0,19.79,14.73,0,0,1.890482398956972,2.8289473684210624,Downtrend
2022-07-28 20:00:00,15.62,15.63,15.43,15.55,431,15,0,40.86956521739132,853.6,0.5049203373945642,0,0.31428571428571445,2.0211299954065236,15.4325,0.7613802041147028,16.673,-6.735440532597599,21.051049999999996,-26.13195066279353,0,0,16.07173885660127,14.793261143398725,8.284320189227582,30.08575050463956,16.01,14.73,0,0,19.79,14.73,0,0,-0.5118362124120313,2.843915343915354,Downtrend
2022-07-29 16:00:00,15.44,15.79,15.27,15.73,1432,15,0,53.08056872037917,847.05,1.6905731656926983,0,0.32285714285714295,2.052492961583871,15.4475,1.8287748826671022,16.619,-5.349298995126057,21.0102,-25.131602745333222,0,0,16.100424594662524,14.794575405337477,8.453466187571106,27.20135874726696,16.01,14.73,1,0,19.53,14.73,0,0,1.1575562700964603,2.5423728813559356,Downtrend
2022-07-29 20:00:00,15.73,15.77,15.66,15.68,364,15,0,58.03108808290156,849.25,0.42861348248454517,0,0.3128571428571429,1.9952623906705542,15.452000000000002,1.4755371472948353,16.563599999999997,-5.334589098988129,20.97115,-25.23061443936075,0,0,16.11027845651762,14.793721543482382,8.520301016277742,24.810402842345933,16.01,14.73,0,0,19.53,14.73,0,0,-0.31786395422759295,0.31989763275751076,Downtrend
2022-08-01 16:00:00,15.75,15.87,15.56,15.82,1259,15,0,59.70149253731344,847.85,1.48493247626349,0,0.3078571428571429,1.9459996387935707,15.444999999999999,2.4279702168986845,16.5084,-4.169998303893784,20.9324,-24.42338193422637,0,0,16.083204718846016,14.806795281153981,8.264224264759047,23.108686056240987,16.0,14.73,1,0,19.07,14.73,0,0,0.8928571428571397,1.7363344051446916,Downtrend
2022-08-01 20:00:00,15.82,15.82,15.61,15.65,340,15,0,55.29953917050691,849.1,0.40042397832999643,0,0.3085714285714286,1.9717024189867642,15.439999999999998,1.3601036269430222,16.4472,-4.847025633542478,20.89355,-25.096501073297745,0,0,16.06965320446589,14.810346795534105,8.156129591527106,21.434324403110775,16.0,14.73,0,0,19.07,14.73,0,0,-1.074589127686476,-0.5085823267641454,Downtrend
2022-08-02 16:00:00,15.76,16.19,15.68,15.91,1848,15,0,63.75545851528385,878.2,2.1043042587109997,1,0.3085714285714286,1.9394810092484511,15.440999999999999,3.0373680461110113,16.3886,-2.920322663314744,20.854300000000002,-23.708779484326982,0,0,16.073718445739,14.808281554260997,8.195304005427134,20.001881507253266,16.19,14.73,1,0,19.07,14.73,0,0,1.6613418530351476,1.4668367346938802,Downtrend
2022-08-02 20:00:00,15.92,15.96,15.43,15.44,523,15,0,53.47985347985347,888.8,0.5884338433843385,0,0.33285714285714285,2.1558105107327905,15.4145,0.16542865483797198,16.3182,-5.381721023152072,20.813000000000002,-25.81559602171721,0,0,15.996274961013784,14.832725038986217,7.548411703445243,18.068414174276466,16.19,14.73,0,0,19.07,14.73,0,0,-2.9541169076052864,-2.4020227560050618,Downtrend
2022-08-03 16:00:00,15.43,15.49,15.05,15.12,1586,15,0,54.27509293680295,916.45,1.730590866932184,0,0.33000000000000007,2.1825396825396832,15.3905,-1.7575777265196075,16.2452,-6.926353630610896,20.769450000000003,-27.200768436333185,0,0,15.979610837573711,14.801389162426288,7.6555126548677634,17.319926021208186,16.19,14.73,0,0,19.07,14.73,0,0,-2.0725388601036343,-3.3865814696485694,Downtrend
2022-08-03 20:00:00,15.12,15.14,15.02,15.12,329,15,0,55.51330798479085,911.15,0.3610821489326675,0,0.32428571428571445,2.1447467876039314,15.378,-1.6777214202106965,16.1782,-6.540900718250492,20.72825,-27.056070821222246,0,0,15.9794228742604,14.7765771257396,7.821860765514376,16.4278254715201,16.19,14.73,0,0,19.07,14.73,0,0,0.0,-4.9654305468259015,Downtrend
2022-08-04 16:00:00,15.37,15.87,15.36,15.8,1405,15,0,60.8695652173913,897.5,1.565459610027855,0,0.35071428571428587,2.2197106690777586,15.3965,2.620725489559322,16.1296,-2.043448070627909,20.68955,-23.632945134137763,0,0,16.02673053426125,14.76626946573875,8.186672740704063,17.837355668040008,16.19,14.73,0,0,18.85,14.73,0,0,4.497354497354511,2.331606217616588,Downtrend
2022-08-04 20:00:00,15.79,15.95,15.67,15.67,447,15,0,57.65472312703582,898.3,0.4976065902259824,0,0.36214285714285727,2.3110584374145327,15.408999999999997,1.6938153027451675,16.076800000000002,-2.530354299363071,20.64765,-24.10758609333265,0,0,16.051000163960836,14.766999836039156,8.332794651967552,19.37384286398006,16.19,14.73,0,0,18.85,14.73,0,0,-0.8227848101265867,3.637566137566142,Downtrend
2022-08-05 16:00:00,15.3,15.43,15.12,15.39,1516,15,0,54.12844036697249,900.65,1.6832287792150114,0,0.38285714285714306,2.4877007333147696,15.4145,-0.1589412566090353,16.026999999999997,-3.974542958757079,20.60375,-25.304859552265974,0,0,16.053725682903654,14.775274317096349,8.293823126324597,17.833862376631167,16.19,14.73,0,0,18.41,14.73,0,0,-1.786853860880655,1.7857142857142947,Downtrend
2022-08-05 20:00:00,15.39,15.53,15.34,15.52,308,15,0,52.830188679245275,895.95,0.34376918354818903,0,0.3735714285714287,2.407032400589103,15.428,0.5963183821622942,15.985199999999999,-2.9101919275329644,20.561300000000003,-24.51839134685065,0,0,16.063994041679685,14.792005958320315,8.24467256520203,17.004780743978113,16.19,14.73,0,0,18.26,14.73,0,0,0.8447043534762777,-1.7721518987341842,Downtrend
2022-08-08 16:00:00,16.14,16.38,15.99,16.3,1562,15,0,59.128065395095355,914.25,1.7085042384468143,0,0.4007142857142858,2.4583698510078884,15.498500000000002,5.171468206600632,15.953399999999998,2.172577632354246,20.52285,-20.576333209081575,0,0,16.19327069295481,14.803729307045197,8.965650778524445,18.48046600944873,16.38,14.73,1,0,18.1,14.73,0,0,5.025773195876293,4.020421186981498,Downtrend
2022-08-08 20:00:00,16.29,16.3,16.1,16.1,417,15,0,57.25593667546175,918.2,0.45414942278370724,0,0.4007142857142857,2.488908606921029,15.561999999999998,3.4571391851947295,15.915600000000001,1.1586116765940342,20.48395,-21.401878055746078,0,0,16.23118961202452,14.892810387975477,8.600303457454327,19.956151274919353,16.38,14.96,1,0,18.1,14.73,0,0,-1.2269938650306678,4.613385315139706,Downtrend
2022-08-09 16:00:00,16.23,16.26,15.92,16.16,1077,15,0,55.858310626702995,922.9,1.1669736699534077,0,0.38785714285714296,2.4001060820367757,15.6125,3.5068054443554804,15.897,1.6544002012958414,20.44615,-20.963115305326426,0,0,16.30288128290742,14.92211871709258,8.84395558568353,20.84897106130006,16.38,14.96,1,0,18.1,14.73,0,0,0.3726708074534013,4.12371134020619,Downtrend
2022-08-09 20:00:00,16.16,16.37,16.16,16.36,346,15,0,58.90052356020942,926.3,0.3735290942459247,0,0.3950000000000002,2.4144254278728616,15.6705,4.399987237165368,15.8776,3.0382425555499584,20.40625,-19.82848392036754,0,0,16.408248352474182,14.932751647525821,9.41576021791494,21.223546700291312,16.38,14.96,1,0,17.88,14.73,0,0,1.2376237623762387,0.3680981595091946,Downtrend
2022-08-10 16:00:00,16.43,16.7,16.28,16.63,1654,15,0,60.25316455696201,967.8,1.7090307914858442,0,0.402857142857143,2.4224722961944862,15.746,5.614124222024632,15.874,4.762504724707059,20.368,-18.352317360565593,0,0,16.552405931473228,14.939594068526773,10.2426766349959,22.205589349000608,16.7,15.02,1,0,17.52,14.73,0,0,1.6503667481662543,3.291925465838494,Downtrend
2022-08-10 20:00:00,16.63,16.65,16.27,16.43,467,15,0,59.79899497487437,933.95,0.5000267680282671,0,0.41500000000000004,2.5258673158855753,15.800500000000003,3.9840511376222048,15.860199999999999,3.592640698099651,20.32905,-19.179696050725436,0,0,16.638102468200913,14.962897531799095,10.602227375094566,23.164278636825053,16.7,15.02,1,0,17.52,14.73,0,0,-1.20264582080577,1.670792079207918,Downtrend
2022-08-11 16:00:00,16.51,16.67,16.39,16.47,1180,15,0,57.44680851063829,924.55,1.2762965767129957,0,0.39642857142857146,2.406973718449129,15.842499999999998,3.9608647625059263,15.8454,3.9418380097693917,20.2911,-18.831408844271632,0,0,16.72703080039166,14.957969199608335,11.166555788438217,23.040113622483496,16.7,15.02,1,0,17.52,14.73,0,0,0.24345709068775978,0.6723716381418058,Downtrend
2022-08-11 20:00:00,16.47,16.51,16.29,16.33,358,15,0,62.9737609329446,920.9,0.38875013573677925,0,0.37428571428571444,2.2920129472487107,15.881499999999999,2.8240405503258463,15.828600000000002,3.1676838128450826,20.252,-19.365988544341302,0,0,16.780394642851306,14.982605357148692,11.320021948195155,23.574502875700016,16.7,15.02,0,0,17.52,14.73,0,0,-0.850030358227083,-1.8039687312086632,Downtrend
2022-08-12 16:00:00,16.51,16.75,16.47,16.68,1338,15,0,72.54335260115607,916.2,1.4603798297314996,0,0.37285714285714316,2.235354573484072,15.928999999999998,4.714671354133978,15.8182,5.448154657293501,20.21465,-17.485585948804452,0,0,16.892281671655166,14.965718328344831,12.094691087389885,25.785492491269753,16.75,15.02,1,0,17.39,14.73,0,0,2.143294549908159,1.5216068167985393,Downtrend
2022-08-12 20:00:00,16.68,16.76,16.6,16.66,364,15,0,72.12643678160921,916.2,0.397293167430692,0,0.37571428571428594,2.2551877894014765,15.978,4.268369007385157,15.809399999999998,5.380343340038217,20.1757,-17.42541770545755,0,0,16.986586295657876,14.969413704342122,12.624687641230157,27.941104286342185,16.76,15.02,1,0,17.39,14.73,0,0,-0.11990407673860837,1.1536126290224729,Downtrend
2022-08-15 16:00:00,16.27,16.51,16.25,16.51,1002,15,0,62.03389830508478,903.35,1.1092046272209,0,0.3514285714285717,2.1285800813359885,16.0125,3.106947697111646,15.801000000000002,4.487057781153089,20.1368,-18.01080608636923,0,0,17.04524544680388,14.979754553196122,12.899240553366164,27.058640232302952,16.76,15.02,1,0,17.32,14.73,0,0,-0.9003601440576103,1.1022657685242088,Downtrend
2022-08-15 20:00:00,16.51,16.6,16.43,16.59,339,15,0,65.86206896551727,903.3,0.375290601129193,0,0.34357142857142897,2.0709549642641893,16.059500000000003,3.303340701765287,15.7948,5.0345683389469915,20.0973,-17.451597975847505,0,0,17.108218014379283,15.010781985620726,13.060406791983286,26.068954035243458,16.76,15.02,1,0,17.19,14.73,0,0,0.48455481526346045,-0.5395683453237402,Downtrend
2022-08-16 16:00:00,16.73,16.75,16.47,16.66,885,15,0,73.60594795539038,855.15,1.0349061568145939,0,0.32428571428571473,1.9464928828674355,16.097,3.497546126607435,15.7992,5.448377133019388,20.057850000000002,-16.940250325932247,0,0,17.17639749275595,15.017602507244055,13.411163480846708,28.45230996190645,16.76,15.02,1,0,16.98,14.73,1,0,0.42194092827003704,0.0,Downtrend
2022-08-16 20:00:00,16.66,16.79,16.62,16.79,285,15,0,73.60594795539038,843.25,0.3379780610732286,0,0.32285714285714323,1.9229132987322408,16.1645,3.869590769896989,15.808,6.212044534412951,20.01935,-16.131143119032338,0,0,17.239742445120577,15.089257554879424,13.303751370232003,30.888122996797808,16.79,15.02,1,0,16.85,14.73,1,0,0.7803121248499245,1.6959418534221535,Downtrend
2022-08-17 16:00:00,16.58,16.62,16.36,16.42,1267,15,0,52.63157894736845,827.3,1.5314879729239697,0,0.29214285714285754,1.7791891421611299,16.229499999999998,1.173788471610362,15.803999999999998,3.8977474057200916,19.9796,-17.81617249594586,0,0,17.18992698837517,15.269073011624826,11.835570884810648,29.525816416134422,16.79,15.02,0,0,16.85,14.73,0,0,-2.203692674210822,-1.0247136829415198,Downtrend
2022-08-17 20:00:00,16.42,16.54,16.36,16.36,688,15,0,56.07476635514016,845.25,0.8139603667553978,0,0.2907142857142861,1.7769821865176412,16.2915,0.42046465948500894,15.802999999999999,3.5246472188824938,19.9395,-17.95180420772838,0,0,17.098137595532044,15.484862404467956,9.902557720676972,28.163509835471036,16.79,15.12,0,0,16.85,14.73,0,0,-0.3654080389768666,-1.8007202881152504,Downtrend
2022-08-18 16:00:00,16.41,16.51,16.29,16.3,857,15,0,53.271028037383196,817.85,1.04786941370667,0,0.2821428571428576,1.730937773882562,16.316499999999998,-0.10112462844358212,15.818800000000001,3.0419500847093293,19.8992,-18.087159282785237,0,0,17.08928103387388,15.543718966126113,9.472387262879716,27.545187116749595,16.79,15.12,0,0,16.79,14.73,0,0,-0.3667481662591565,-2.9184038117927247,Downtrend
2022-08-18 20:00:00,16.3,16.4,16.27,16.32,383,15,0,48.97959183673471,814.65,0.4701405511569386,0,0.27642857142857175,1.6938025210084053,16.349,-0.17738087956449883,15.831399999999999,3.086271586846405,19.85855,-17.81877327398023,0,0,17.059460191854498,15.638539808145504,8.6911761190837,26.25581571289735,16.79,15.12,0,0,16.79,14.73,0,0,0.12269938650306678,-0.6090133982947711,Downtrend
2022-08-19 16:00:00,16.21,16.25,16.07,16.11,840,15,0,36.31578947368419,780.85,1.0757507844016136,0,0.26428571428571473,1.6405072270994088,16.384999999999998,-1.6783643576441785,15.845,1.6724518775638926,19.8182,-18.711083751299316,0,0,16.948653495648962,15.821346504351034,6.880115906609266,26.233615690697352,16.79,15.34,0,0,16.79,14.73,0,0,-1.2867647058823595,-1.5281173594132031,Downtrend
2022-08-19 20:00:00,16.11,16.14,15.95,15.98,349,15,0,37.704918032786864,782.9,0.44577851577468386,0,0.25071428571428633,1.5689254425174364,16.408,-2.608483666504149,15.8528,0.8023819136051689,19.77735,-19.20049956136691,0,0,16.846735023735324,15.96926497626468,5.347818426807917,26.566523103651242,16.79,15.92,0,1,16.79,14.73,0,0,-0.8069522036002419,-1.9631901840490813,Downtrend
2022-08-22 16:00:00,15.88,16.22,15.81,16.02,1219,15,0,37.704918032786864,765.75,1.5919033627162913,0,0.2600000000000004,1.6229712858926368,16.394,-2.2813224350372017,15.854000000000001,1.0470543711366127,19.7365,-18.8305930636131,0,0,16.864001119818855,15.92399888018114,5.73381871195386,27.431339145587895,16.79,15.81,0,1,16.79,14.73,0,0,0.25031289111387967,-1.8382352941176512,Downtrend
2022-08-22 20:00:00,16.02,16.15,16.0,16.1,322,15,0,43.50282485875714,761.0,0.4231274638633377,0,0.25500000000000017,1.5838509316770195,16.394,-1.7933390264730815,15.861,1.5068406783935486,19.6946,-18.251703512637977,0,0,16.864001119818855,15.92399888018114,5.73381871195386,27.654164562571516,16.79,15.81,0,1,16.79,14.73,0,0,0.4993757802746579,-0.06207324643077598,Downtrend
2022-08-23 16:00:00,16.22,16.62,16.18,16.24,1357,15,0,35.897435897435784,775.0,1.7509677419354839,0,0.2621428571428571,1.6141801548205488,16.398,-0.9635321380656253,15.868000000000002,2.344340811696473,19.6525,-17.36420302760464,0,0,16.86092434302791,15.935075656972089,5.646107367092464,25.386468294875275,16.79,15.81,0,0,16.79,14.73,0,0,0.8695652173912771,1.627033792240288,Downtrend
2022-08-23 20:00:00,16.24,16.26,16.11,16.12,416,15,0,33.73493975903607,778.5,0.5343609505459217,0,0.26142857142857157,1.6217653314427514,16.386,-1.6233369949957173,15.871000000000002,1.568899250204768,19.609199999999998,-17.793688676743553,0,0,16.86522744847079,15.90677255152921,5.849230421955207,23.25595134753379,16.79,15.81,0,1,16.79,14.73,0,0,-0.7389162561576179,0.6242197253433297,Downtrend
2022-08-24 16:00:00,15.92,16.29,15.91,16.07,968,15,0,35.897435897435784,744.2,1.3007256113947863,0,0.25928571428571434,1.6134767534891994,16.357999999999997,-1.760606431104027,15.8804,1.1939245862824641,19.5655,-17.8656308297769,0,0,16.84260944665666,15.873390553343334,5.925045196927041,22.72515671378715,16.79,15.81,0,1,16.79,14.73,0,0,-0.31017369727047717,-0.18633540372671512,Downtrend
2022-08-24 20:00:00,16.07,16.28,15.99,16.25,286,15,0,39.75903614457827,735.15,0.3890362511052166,0,0.26785714285714285,1.6483516483516485,16.348999999999997,-0.6055416233408567,15.898,2.2141149830167337,19.5244,-16.770809858433548,0,0,16.834663951393978,15.863336048606017,5.9412068186920335,22.561523693011313,16.79,15.81,0,0,16.79,14.73,0,0,1.1200995644057299,0.06157635467981258,Downtrend
2022-08-25 16:00:00,16.3,16.33,16.08,16.23,905,15,0,36.6459627329192,721.4,1.2545051289159967,0,0.2657142857142856,1.6371798257195664,16.337,-0.6549550100997693,15.914000000000001,1.9856729923337875,19.4826,-16.694896985002007,0,0,16.821935155729673,15.852064844270327,5.936648781657254,20.691685994152294,16.79,15.81,0,0,16.79,14.73,0,0,-0.12307692307692575,0.6823821339950337,Downtrend
2022-08-25 20:00:00,16.23,16.29,16.13,16.26,269,15,0,32.45033112582783,716.95,0.375200502127066,0,0.26500000000000007,1.6297662976629768,16.3335,-0.44999540821011563,15.9308,2.0664373415020085,19.43955,-16.35608848970269,0,0,16.8196567864918,15.8473432135082,5.952879499088386,19.115164044115968,16.79,15.81,0,0,16.79,14.73,0,0,0.1848428835489857,1.1823273179838287,Downtrend
2022-08-26 16:00:00,16.34,16.36,15.5,15.53,2086,15,0,26.20320855614966,754.35,2.7652946245111685,1,0.29571428571428576,1.9041486523778863,16.276000000000003,-4.583435733595501,15.935799999999999,-2.546467701652878,19.39435,-19.92513283507826,0,0,16.85312171479127,15.698878285208735,7.091689786080951,21.26672234185372,16.79,15.5,0,1,16.79,14.73,0,0,-4.489544895448971,-4.430769230769235,Downtrend
2022-08-26 20:00:00,15.52,15.53,15.3,15.4,395,15,0,25.25773195876286,755.9,0.5225558936367245,0,0.29928571428571427,1.9434137291280147,16.213,-5.014494541417385,15.9388,-3.3804301453057954,19.3474,-20.40274145363201,0,0,16.881481389733818,15.544518610266183,8.246239310847066,23.81412428135297,16.79,15.3,0,1,16.79,14.73,0,0,-0.8370895041854398,-5.113986444855207,Downtrend
2022-08-29 16:00:00,15.33,15.54,15.21,15.25,1051,15,0,24.137931034482705,758.35,1.3859036065141426,0,0.30714285714285683,2.0140515222482414,16.15,-5.572755417956648,15.946000000000002,-4.3647309670136805,19.30105,-20.988754497812295,0,0,16.928987196705428,15.371012803294569,9.646900268797891,25.892708524038856,16.79,15.21,0,1,16.79,14.73,0,0,-0.9740259740259716,-6.211562115621165,Downtrend
2022-08-29 20:00:00,15.25,15.31,15.23,15.27,277,15,0,24.137931034482705,755.25,0.3667659715326051,0,0.3035714285714283,1.9880250725044422,16.083999999999996,-5.060930116886326,15.9548,-4.2921252538421095,19.25555,-20.698188314537884,0,0,16.927062087992294,15.240937912007698,10.483239094656776,28.44188685548581,16.79,15.21,0,1,16.79,14.73,0,0,0.13114754098360049,-1.6741790083708938,Downtrend
2022-08-30 16:00:00,15.04,15.1,14.78,14.79,1022,15,0,21.30434782608691,762.1,1.3410313607138171,0,0.32071428571428545,2.1684535883318827,15.9905,-7.5075826271849015,15.9476,-7.258772479871582,19.206,-22.992814745392067,0,0,16.96856414599638,15.012435854003625,12.233065207421614,29.592364730101615,16.79,14.78,0,1,16.79,14.73,0,1,-3.143418467583503,-3.9610389610389687,Downtrend
2022-08-30 20:00:00,14.79,14.99,14.79,14.91,346,15,0,26.637554585152813,765.15,0.45219891524537675,0,0.3214285714285712,2.155791894222476,15.8965,-6.205768565407476,15.941799999999999,-6.47229296566259,19.15785,-22.172895183958534,0,0,16.911695599509066,14.881304400490933,12.772567540138605,30.223804088905528,16.62,14.78,0,1,16.79,14.78,0,1,0.8113590263691739,-2.2295081967213104,Downtrend
2022-08-31 16:00:00,14.83,15.01,14.73,14.89,967,15,0,25.110132158590332,750.15,1.2890755182296874,0,0.31214285714285694,2.0963254341360438,15.820000000000002,-5.878634639696595,15.937199999999997,-6.570790352132098,19.10765,-22.07309637762885,0,0,16.897755953236288,14.742244046763714,13.6252332899657,30.932482144266917,16.62,14.73,0,1,16.79,14.73,0,1,-0.13413816230717357,-2.488539620170262,Downtrend
2022-08-31 20:00:00,14.88,14.89,14.77,14.77,303,15,0,21.212121212121147,730.9,0.41455739499247507,0,0.31,2.098849018280298,15.7405,-6.165623709539095,15.925800000000002,-7.257406221351534,19.0574,-22.497297637663067,0,0,16.8831557247319,14.597844275268104,14.518671258624542,31.904439625420196,16.62,14.73,0,1,16.79,14.73,0,1,-0.8059100067159264,-0.13522650439485853,Downtrend
2022-09-01 16:00:00,14.57,14.79,14.46,14.5,1106,15,0,14.344262295082018,743.35,1.4878590166139771,0,0.2964285714285713,2.0443349753694573,15.6505,-7.351202836970059,15.903200000000002,-8.82338145781982,19.003400000000003,-23.69786459265185,0,0,16.887278072250403,14.413721927749597,15.804965620911831,36.73027132796426,16.62,14.46,0,1,16.79,14.46,0,1,-1.8280297901150933,-2.749832327297117,Downtrend
2022-09-01 20:00:00,14.5,14.59,14.46,14.5,320,15,0,15.086206896551758,740.2,0.4323155903809781,0,0.29499999999999965,2.0344827586206873,15.5595,-6.80934477328963,15.882200000000001,-8.702824545717853,18.9492,-23.479619192366965,0,0,16.85528222666727,14.263717773332727,16.655833756448107,41.27322791341948,16.62,14.46,0,1,16.79,14.46,0,1,0.0,-2.619207521826733,Downtrend
2022-09-02 16:00:00,14.71,15.15,14.63,15.0,1408,15,0,30.685920577617352,768.6,1.8319021597710121,0,0.31428571428571406,2.0952380952380936,15.504,-3.2507739938080467,15.8676,-5.467745594796942,18.89865,-20.62925129572747,0,0,16.795582464714244,14.212417535285756,16.66128050456971,43.46612863777402,16.62,14.46,0,0,16.79,14.46,0,0,3.4482758620689724,1.5572105619499015,Downtrend
2022-09-02 20:00:00,14.99,14.99,14.75,14.81,529,15,0,24.100719424460465,777.6,0.680298353909465,0,0.3114285714285711,2.102826275682452,15.4455,-4.114466996859918,15.8502,-6.5626932152275606,18.846,-21.41568502600021,0,0,16.752202962259737,14.138797037740261,16.92017690925821,45.27213289275785,16.62,14.46,0,0,16.79,14.46,0,0,-1.2666666666666604,2.137931034482762,Downtrend
2022-09-06 16:00:00,14.88,15.06,14.69,14.69,1307,15,0,23.263888888888914,782.0,1.6713554987212276,0,0.3199999999999998,2.1783526208304953,15.379,-4.480135249366019,15.8276,-7.187444716823781,18.79145,-21.82614965848831,0,0,16.697913428386556,14.060086571613443,17.15213509833613,46.619555656329645,16.62,14.46,0,1,16.79,14.46,0,1,-0.8102633355840716,1.3103448275862035,Downtrend
2022-09-06 20:00:00,14.68,14.77,14.65,14.73,366,15,0,23.5294117647059,784.2,0.46671767406273906,0,0.31714285714285684,2.1530404422461427,15.310500000000001,-3.791515626530816,15.809199999999999,-6.826404878172195,18.73825,-21.39073819593612,0,0,16.6139605761908,14.007039423809204,17.027015135897553,47.82490365668069,16.62,14.46,0,1,16.79,14.46,0,1,0.2722940776038074,-1.7999999999999972,Downtrend
2022-09-07 16:00:00,14.77,15.32,14.75,15.32,1486,15,0,46.1818181818182,790.65,1.8794662619363816,0,0.2978571428571426,1.9442372249160744,15.264500000000002,0.3635887189229817,15.7974,-3.022016281160187,18.68635,-18.015021660195814,0,0,16.492600373062086,14.03639962693792,16.090934823441096,45.33320930452122,16.36,14.46,0,0,16.79,14.46,0,0,4.005431093007461,3.4436191762322736,Downtrend
2022-09-07 20:00:00,15.32,15.42,15.23,15.27,385,15,0,47.56554307116103,789.1,0.48789760486630335,0,0.2949999999999998,1.9318925998690233,15.222,0.3153330705557748,15.793999999999999,-3.3177155881980447,18.63515,-18.058078416326136,0,0,16.38241009085013,14.06158990914987,15.246486543819865,43.369316630797286,16.36,14.46,0,0,16.79,14.46,0,0,-0.32637075718016106,3.9482641252552764,Downtrend
2022-09-08 16:00:00,15.24,15.53,15.18,15.47,2270,15,0,54.044117647058826,854.2,2.6574572699601964,1,0.2964285714285713,1.9161510758149405,15.192000000000002,1.8299104791995697,15.800999999999998,-2.0948041263211046,18.5872,-16.770680898682958,0,0,16.28941514478316,14.094584855216844,14.447276787561316,41.808692381097394,16.36,14.46,0,0,16.79,14.46,0,0,1.3097576948264633,5.023761031907672,Downtrend
2022-09-08 20:00:00,15.47,15.54,15.4,15.52,512,15,0,54.54545454545454,865.5,0.5915655690352397,0,0.30071428571428555,1.9375920471281287,15.1555,2.405067467256109,15.809000000000001,-1.8280726168638208,18.5392,-16.28549236212998,0,0,16.14832637481372,14.16267362518628,13.101862357741027,40.30854548168803,16.36,14.46,0,0,16.79,14.46,0,0,0.3232062055591456,1.305483028720622,Downtrend
2022-09-09 16:00:00,15.67,15.84,15.64,15.83,1564,15,0,70.15503875968992,898.45,1.7407757805108797,0,0.28857142857142837,1.8229401678548856,15.135499999999999,4.588550097453018,15.8096,0.12903552272037508,18.4907,-14.389395750296096,0,0,16.05023263278027,14.220767367219729,12.08724697274976,40.87837111309001,16.36,14.46,0,0,16.79,14.46,0,0,1.997422680412364,3.667321545514083,Downtrend
2022-09-09 20:00:00,15.82,15.89,15.74,15.86,371,15,0,69.0763052208835,903.55,0.4106026229871064,0,0.28499999999999975,1.7969735182849924,15.1155,4.92540769408884,15.813400000000001,0.2946867846256844,18.4435,-14.007644969772553,0,0,15.939724675552071,14.29127532444793,10.905688538944398,41.707890062249085,16.36,14.46,0,0,16.79,14.46,0,0,0.18951358180669953,2.5210084033613365,Downtrend
2022-09-12 16:00:00,15.98,16.02,15.86,15.94,1150,15,0,70.5882352941176,856.75,1.342281879194631,0,0.27642857142857125,1.7341817530023291,15.136,5.3118393234672325,15.8244,0.7305174287808626,18.3988,-13.363915037937266,0,0,16.02173252467243,14.250267475327568,11.703653867236136,42.8509550351013,16.02,14.46,1,0,16.79,14.46,0,0,0.5044136191677095,2.706185567010309,Downtrend
2022-09-12 20:00:00,15.94,15.96,15.8,15.88,323,15,0,72.28915662650604,853.15,0.37859696419152555,0,0.279285714285714,1.758726160489383,15.16,4.749340369393145,15.831600000000002,0.3057176785669111,18.35355,-13.477229200890278,0,0,16.100190350267585,14.219809649732417,12.403566626221426,43.707084721018205,16.02,14.46,1,0,16.79,14.46,0,0,-0.37641154328732496,0.31585596967783136,Downtrend
2022-09-13 16:00:00,15.51,15.75,15.46,15.63,1332,15,0,72.87449392712551,867.2,1.5359778597785978,0,0.2857142857142856,1.8279864729000994,15.178999999999998,2.971210224652496,15.8182,-1.189768747392234,18.30605,-14.618391187612831,0,0,16.141931926325157,14.21606807367484,12.687685965151305,41.647860896193144,16.02,14.46,0,0,16.79,14.46,0,0,-1.5743073047858935,-1.4501891551071793,Downtrend
2022-09-13 20:00:00,15.62,15.68,15.41,15.46,391,15,0,68.18181818181819,872.9,0.4479321800893573,0,0.29571428571428565,1.9127702827573458,15.188500000000001,1.7875366231030028,15.805399999999999,-2.185329064750009,18.2575,-15.322470217718742,0,0,16.158931808390616,14.218068191609385,12.778507533865954,39.404577703427265,16.02,14.46,0,0,16.79,14.46,0,0,-1.0876519513755567,-3.0112923462986116,Downtrend
2022-09-14 16:00:00,15.5,15.74,15.45,15.62,892,15,0,63.478260869565204,866.4,1.0295475530932594,0,0.26999999999999996,1.728553137003841,15.23,2.560735390676289,15.7946,-1.1054411001228373,18.21635,-14.252855264638633,0,0,16.199666247519417,14.260333752480584,12.733634241883344,39.215515065385034,16.02,14.46,0,0,16.79,14.46,0,0,1.0349288486416475,-1.6372795969773395,Downtrend
2022-09-14 20:00:00,15.62,15.63,15.47,15.52,294,15,0,66.06334841628959,863.8,0.34035656401944897,0,0.2635714285714285,1.698269513991163,15.260499999999999,1.7004685298646898,15.7778,-1.6339413606459685,18.17335,-14.60022505481928,0,0,16.22615167524018,14.294848324759814,12.65557059388859,39.026452427342804,16.02,14.46,0,0,16.79,14.46,0,0,-0.6402048655569814,-0.7037747920665464,Downtrend
2022-09-15 16:00:00,15.23,15.46,14.92,15.08,1095,15,0,57.70750988142295,870.2,1.2583314180648126,0,0.27999999999999986,1.856763925729442,15.27,-1.244269810085131,15.7468,-4.234511138771054,18.13035,-16.82455109802072,0,0,16.22397230457397,14.316027695426028,12.494725665670869,36.66032218077778,16.02,14.46,0,0,16.79,14.46,0,0,-2.8350515463917536,-2.457956015523938,Downtrend
2022-09-15 20:00:00,15.08,15.18,14.93,15.06,398,15,0,56.57370517928288,874.95,0.4548831361792102,0,0.2892857142857142,1.9208878770631752,15.2845,-1.4688082698158202,15.7194,-4.194816596053283,18.0874,-16.73761845262447,0,0,16.215000148476733,14.353999851523264,12.175735529153513,34.36219987177373,16.02,14.46,0,0,16.79,14.46,0,0,-0.13262599469495706,-3.58514724711907,Downtrend
2022-09-16 16:00:00,14.79,15.45,14.75,15.23,1343,15,0,47.846889952153106,886.8,1.5144339197113217,0,0.29714285714285704,1.9510364881343205,15.321000000000002,-0.5939560080934735,15.694600000000001,-2.9602538452716267,18.0519,-15.632149524426788,0,0,16.176149109804506,14.465850890195497,11.163097837014607,34.994311123354,16.02,14.46,0,0,16.79,14.46,0,0,1.1288180610889764,-1.8685567010309223,Downtrend
2022-09-16 20:00:00,15.23,15.3,15.14,15.22,378,15,0,48.78048780487807,889.7,0.42486231313926043,0,0.29499999999999993,1.9382391590013135,15.357,-0.8921013218727532,15.6724,-2.8866032005308635,18.0147,-15.513441800307529,0,0,16.122550369616842,14.591449630383154,9.970051046647704,35.06272929522044,16.02,14.63,0,0,16.79,14.46,0,0,-0.06565988181220783,0.9283819628647253,Downtrend
2022-09-19 16:00:00,15.15,15.37,15.03,15.27,1375,15,0,44.73684210526311,888.05,1.5483362423286977,0,0.2942857142857142,1.9272148938160722,15.370500000000002,-0.6538499072899517,15.644200000000001,-2.3919407831656576,17.9786,-15.065689208280958,0,0,16.118872972028385,14.62212702797162,9.737783052319468,35.052817073451,16.02,14.65,0,0,16.79,14.46,0,0,0.3285151116951379,1.394422310756966,Downtrend
2022-09-19 20:00:00,15.26,15.42,15.19,15.4,327,15,0,46.96969696969698,877.95,0.3724585682555954,0,0.30071428571428577,1.9526901669758816,15.4,0.0,15.619000000000002,-1.4021384211537304,17.94415,-14.178158341297861,0,0,16.10031571827469,14.699684281725313,9.095009328242707,34.866228811548936,16.02,14.65,0,0,16.79,14.46,0,0,0.8513425016372089,1.116217990807616,Downtrend
2022-09-20 16:00:00,14.9,14.98,14.77,14.79,1004,15,0,27.192982456140285,862.8,1.1636532220676867,0,0.32285714285714295,2.1829421423741917,15.405000000000001,-3.992210321324258,15.584599999999998,-5.098622999627833,17.9064,-17.4038332663182,0,0,16.085108350500484,14.724891649499519,8.829709191827103,34.336401496007326,16.02,14.65,0,1,16.79,14.46,0,0,-3.961038961038965,-2.8252299605781963,Downtrend
2022-09-20 20:00:00,14.79,15.0,14.78,14.97,339,15,0,31.68724279835392,861.45,0.39352254919031865,0,0.32785714285714296,2.1900944746636135,15.416999999999998,-2.899396769799555,15.552200000000001,-3.7435218168490643,17.870449999999998,-16.230425087224987,0,0,16.054068946115486,14.77993105388451,8.264499527994909,33.86974401125876,16.02,14.75,0,1,16.79,14.46,0,0,1.217038539553772,-1.9646365422396788,Downtrend
2022-09-21 16:00:00,14.92,15.06,14.85,14.94,782,15,0,28.99159663865545,826.25,0.9464447806354009,0,0.3314285714285716,2.218397399120292,15.398,-2.974412261332642,15.5178,-3.723465955225611,17.8338,-16.226491269387346,0,0,16.069011804743177,14.726988195256821,8.715570914965292,33.29794477874525,16.02,14.75,0,1,16.79,14.46,0,0,-0.20040080160321772,-2.9870129870129927,Downtrend
2022-09-21 20:00:00,14.93,15.44,14.83,15.1,2082,15,0,34.274193548387075,911.1,2.2851498189002304,1,0.3635714285714287,2.4077578051087993,15.389500000000002,-1.881152734006966,15.483999999999998,-2.479979333505545,17.797549999999998,-15.156861478124789,0,0,16.071554944537358,14.707445055462646,8.863899990738565,31.354423184060856,16.02,14.75,0,0,16.79,14.46,0,0,1.070950468540821,2.096010818120355,Downtrend
2022-09-22 16:00:00,15.28,15.38,14.94,15.01,1676,15,0,36.63793103448274,881.4,1.9015203085999546,0,0.3650000000000002,2.4317121918720868,15.366499999999998,-2.3199817785442276,15.455800000000002,-2.8843540936088843,17.76075,-15.4878031614656,0,0,16.067875340613345,14.665124659386652,9.128628387900251,28.784243877770443,16.02,14.75,0,1,16.79,14.46,0,0,-0.596026490066226,0.2672010688042695,Downtrend
2022-09-22 20:00:00,15.02,15.1,14.94,14.99,458,15,0,39.170506912442384,878.7,0.521224536246728,0,0.3571428571428574,2.38254074144668,15.34,-2.281616688396347,15.4284,-2.841513053848744,17.72465,-15.428513398007858,0,0,16.056835149513738,14.623164850486262,9.34596022834078,26.3043920165664,16.02,14.75,0,1,16.62,14.46,0,0,-0.13324450366422047,0.33467202141901414,Downtrend
2022-09-23 16:00:00,14.61,14.62,14.19,14.28,1223,15,0,25.367647058823565,861.65,1.4193698137294726,0,0.3935714285714288,2.7561024409763926,15.2625,-6.437346437346438,15.388,-7.200415908500133,17.6856,-19.256344144388663,0,0,16.083817939591103,14.441182060408895,10.762561042962872,26.417126504300892,16.02,14.19,0,1,16.62,14.19,0,1,-4.736490993996001,-5.430463576158942,Downtrend
2022-09-23 20:00:00,14.27,14.48,14.22,14.38,523,15,0,29.04411764705887,869.25,0.6016681046879494,0,0.4007142857142859,2.786608384661237,15.188500000000001,-5.323106297527738,15.349200000000002,-6.314335600552476,17.647100000000002,-18.513523468445246,0,0,16.0489105507192,14.328089449280801,11.329763317236054,26.52986099203539,16.02,14.19,0,1,16.62,14.19,0,1,0.7002801120448376,-4.197201865423045,Downtrend
2022-09-26 16:00:00,14.25,14.44,14.08,14.13,1547,15,0,31.225296442687792,889.1,1.7399617590822178,0,0.3835714285714288,2.714589020321506,15.098000000000003,-6.411445224533062,15.3096,-7.704969430945282,17.605649999999997,-19.741673837660052,0,0,16.005085558547684,14.19091444145232,12.015969778085601,28.101819735046767,15.96,14.08,0,1,16.62,14.08,0,1,-1.7385257301808066,-5.737158105403598,Downtrend
2022-09-26 20:00:00,14.12,14.16,13.9,14.09,610,15,0,30.980392156862777,903.45,0.6751895511649787,0,0.38428571428571445,2.7273648991179167,15.008500000000002,-6.119865409601236,15.2718,-7.738446024699123,17.56435,-19.780692140614377,0,0,15.943509710053425,14.073490289946578,12.459735617195896,29.875541695849012,15.75,13.9,0,1,16.62,13.9,0,1,-0.2830856334041121,-1.3305322128851507,Downtrend
2022-09-27 16:00:00,14.46,14.47,14.07,14.12,1483,15,0,26.970954356846505,911.0,1.62788144895719,0,0.3628571428571431,2.5698097936058293,14.933000000000002,-5.444317953525764,15.233799999999999,-7.311373393375255,17.5224,-19.417431402091047,0,0,15.900016028822405,13.965983971177598,12.95139662254608,31.320835111314835,15.74,13.9,0,1,16.62,13.9,0,1,0.21291696238465718,-1.80806675938805,Downtrend
2022-09-27 20:00:00,14.11,14.15,14.02,14.03,504,15,0,26.104417670682764,916.65,0.5498281786941581,0,0.36071428571428604,2.571021280928625,14.861499999999998,-5.594993775863799,15.1924,-7.651194018061662,17.477,-19.72306459918751,0,0,15.874806728644018,13.848193271355978,13.636668285758772,32.50511090496563,15.74,13.9,0,1,16.62,13.9,0,1,-0.6373937677053854,-0.7077140835102719,Downtrend
2022-09-28 16:00:00,14.42,14.75,14.37,14.67,1477,15,0,40.25974025974029,945.9,1.5614758431123799,0,0.38785714285714323,2.643879637744671,14.813999999999998,-0.9720534629404507,15.161,-3.2385726535188955,17.438200000000002,-15.874344829168157,0,0,15.7647315742707,13.863268425729297,12.835582209676003,31.53006538524922,15.63,13.9,0,0,16.62,13.9,0,0,4.5616535994297935,4.11639460610362,Downtrend
2022-09-28 20:00:00,14.67,14.89,14.65,14.89,432,15,0,41.95583596214513,952.8,0.45340050377833757,0,0.3885714285714289,2.6096133550801133,14.782499999999999,0.7272112294943461,15.136399999999998,-1.6278639570835716,17.4003,-14.426762756963965,0,0,15.674685371344745,13.890314628655252,12.070832015487861,30.488097405170485,15.46,13.9,0,0,16.62,13.9,0,0,1.499659168370826,5.453257790368282,Downtrend
2022-09-29 16:00:00,14.78,15.01,14.58,14.88,1658,15,0,51.75097276264595,980.95,1.6901982771802844,0,0.37428571428571455,2.5153609831029202,14.772500000000003,0.7277035031308048,15.1126,-1.539113057978109,17.3622,-14.296575318796007,0,0,15.655076968463726,13.889923031536279,11.948918171788439,28.24773213663619,15.45,13.9,0,0,16.36,13.9,0,0,-0.0671591672263272,6.058446186742705,Downtrend
2022-09-29 20:00:00,14.87,15.03,14.76,15.03,521,15,0,51.18110236220469,987.1,0.5278087326512004,0,0.37785714285714306,2.5140195798878446,14.771,1.753435786338085,15.088199999999999,-0.3857318964488764,17.32565,-13.250007936210187,0,0,15.651619399238541,13.89038060076146,11.92362601365568,25.871788161094617,15.45,13.9,0,0,16.36,13.9,0,0,1.0080645161290258,2.4539877300613457,Downtrend
2022-09-30 16:00:00,15.04,15.66,14.91,15.6,1620,15,0,60.71428571428571,1000.95,1.6184624606623708,0,0.41642857142857154,2.66941391941392,14.7895,5.4802393590046945,15.0756,3.478468518665924,17.29465,-9.79869497214457,0,0,15.724581758316512,13.854418241683488,12.64521124198265,24.1827657779478,15.66,13.9,1,0,16.36,13.9,0,0,3.79241516966069,4.768300873069167,Downtrend
2022-09-30 20:00:00,15.59,15.66,15.37,15.42,528,15,0,55.161290322580655,1008.45,0.5235757846199613,0,0.3935714285714288,2.5523438947563473,14.7995,4.192709213149091,15.058800000000002,2.39859749780858,17.2648,-10.685325054446047,0,0,15.75795215129147,13.84104784870853,12.952493682779412,23.573684936308805,15.66,13.9,1,0,16.36,13.9,0,0,-1.1538461538461497,3.6290322580645102,Downtrend
2022-10-03 16:00:00,15.42,15.81,15.38,15.68,2066,15,0,60.24464831804281,1043.0,1.9808245445829338,0,0.39285714285714296,2.5054664723032074,14.819999999999999,5.802968960863707,15.0618,4.104423110119639,17.237650000000002,-9.036324557001691,0,0,15.836599077419402,13.803400922580595,13.719285795133654,23.997509529437185,15.81,13.9,1,0,16.36,13.9,0,0,1.6861219195849486,4.324683965402531,Downtrend
2022-10-03 20:00:00,15.68,15.86,15.65,15.86,492,15,0,62.682215743440224,1051.25,0.46801426872770513,0,0.39642857142857146,2.4995496306971723,14.843,6.851714612948862,15.071,5.2352199588613875,17.2109,-7.849095631256933,0,0,15.933014002806958,13.752985997193042,14.68724655133003,24.63763243303466,15.86,13.9,1,0,16.36,13.9,0,0,1.1479591836734748,1.6666666666666652,Downtrend
2022-10-04 16:00:00,15.99,16.41,15.94,16.2,1441,15,0,81.37254901960783,1073.1,1.34283850526512,0,0.3785714285714286,2.3368606701940036,14.913499999999999,8.626412310993398,15.09,7.3558648111331975,17.1857,-5.735582490093516,0,0,16.1602097750308,13.666790224969198,16.719211117856993,26.765625102970837,16.41,13.9,1,0,16.41,13.9,1,0,2.1437578814627933,5.05836575875486,Downtrend
2022-10-04 20:00:00,16.19,16.2,15.97,15.97,458,15,0,74.9216300940439,1079.05,0.424447430610259,0,0.3764285714285714,2.3570981304231147,14.963500000000002,6.7263674942359675,15.104,5.733580508474586,17.1599,-6.934189593179446,0,0,16.296944688332278,13.630055311667727,17.82263091298527,28.893617772907014,16.41,13.9,0,0,16.41,13.9,0,0,-1.4197530864197394,1.8494897959183731,Downtrend
2022-10-05 16:00:00,15.54,15.79,15.37,15.69,1511,15,0,74.22360248447204,1115.5,1.3545495293590317,0,0.3935714285714287,2.508422106892471,15.001000000000001,4.593027131524553,15.122,3.7561169157518823,17.137,-8.443718270409061,0,0,16.373280468493952,13.62871953150605,18.2958531897067,30.1045257789007,16.41,13.9,0,0,16.41,13.9,0,0,-1.7532874139010723,-1.0718789407313993,Downtrend
2022-10-05 20:00:00,15.68,15.88,15.68,15.81,443,15,0,76.06060606060608,1033.55,0.42861980552464807,0,0.3892857142857145,2.462275232673716,15.0365,5.144149236856983,15.14,4.425363276089827,17.1148,-7.62381097062191,0,0,16.45550298579096,13.61749701420904,18.874112802726177,31.64362528606986,16.41,13.9,0,0,16.41,13.9,0,0,0.7648183556405508,-2.4074074074074003,Downtrend
2022-10-06 16:00:00,15.84,15.9,15.62,15.79,1653,15,0,75.37993920972644,1032.4,1.6011235955056178,0,0.38071428571428595,2.411110105853616,15.0755,4.739477960929981,15.158000000000001,4.169415490170193,17.0912,-7.61327466766524,0,0,16.53376825919956,13.617231740800438,19.34620091140674,33.17166279589449,16.41,13.9,0,0,16.41,13.9,0,0,-0.12650221378874837,-1.1271133375078366,Downtrend
2022-10-06 20:00:00,15.79,16.08,15.73,16.07,522,15,0,79.3103448275862,1035.6,0.5040556199304751,0,0.39642857142857146,2.4668859454173706,15.129499999999998,6.216332330876777,15.184,5.835089567966287,17.06985,-5.85740355070489,0,0,16.652965232878294,13.606034767121702,20.1390030454185,34.958738144326524,16.41,13.9,0,0,16.41,13.9,0,0,1.7732742241925337,2.4219247928617005,Downtrend
2022-10-07 16:00:00,15.87,15.88,15.44,15.66,1611,15,0,65.23076923076923,1055.0,1.5270142180094786,0,0.39000000000000007,2.490421455938698,15.198500000000001,3.0364838635391593,15.207199999999998,2.9775369561786635,17.04665,-8.134442837742311,0,0,16.684508783709774,13.712491216290227,19.55467689192714,36.85981991118009,16.41,13.9,0,0,16.41,13.9,0,0,-2.551337896701933,-0.948766603415562,Downtrend
2022-10-07 20:00:00,15.66,15.77,15.41,15.41,395,15,0,57.92682926829267,1048.6,0.3766927331680336,0,0.3985714285714286,2.5864466487438587,15.25,1.0491803278688534,15.2254,1.2124476204237633,17.0216,-9.467970108567933,0,0,16.68716094399577,13.812839056004231,18.848012380272394,38.641588631059555,16.41,13.9,0,0,16.41,13.9,0,0,-1.5964240102171123,-2.4065864471184235,Downtrend
2022-10-10 16:00:00,15.25,15.57,15.18,15.26,875,15,0,55.555555555555536,1015.0,0.8620689655172413,0,0.3957142857142858,2.593147350683393,15.3065,-0.30379250645150746,15.230599999999999,0.19303244783528398,16.9951,-10.20941330148102,0,0,16.64363401288745,13.969365987112552,17.47145347254368,38.767516612742746,16.41,13.9,0,0,16.41,13.9,0,0,-0.9733939000649006,-5.040448039825765,Downtrend
2022-10-10 20:00:00,15.26,15.34,15.18,15.18,328,15,0,52.23880597014925,1000.9,0.327705065441103,0,0.38785714285714296,2.555053642010164,15.361,-1.1783087038604318,15.238,-0.38062737892111714,16.969050000000003,-10.543018023990752,0,0,16.57229595670764,14.14970404329236,15.771056008171874,38.85205160044675,16.41,14.02,0,0,16.41,13.9,0,0,-0.5242463958060273,-3.065134099616861,Downtrend
2022-10-11 16:00:00,15.2,15.41,14.99,15.29,1479,15,0,44.63667820069204,1000.7,1.4779654242030578,0,0.3642857142857144,2.382509576754182,15.4195,-0.8398456499886517,15.25,0.2622950819672075,16.945050000000002,-9.767159140870064,0,0,16.48235563707523,14.35664436292477,13.785863835730469,37.60358922873545,16.41,14.02,0,0,16.41,13.9,0,0,0.7246376811594235,-0.7787151200519208,Downtrend
2022-10-11 20:00:00,15.28,15.31,14.92,14.92,564,15,0,41.88311688311689,1003.7,0.561920892697021,0,0.3714285714285715,2.4894676369207205,15.464000000000002,-3.517847904811188,15.253800000000002,-2.1883071759168327,16.9213,-11.827105482439286,0,0,16.3400052871743,14.587994712825703,11.329607956211829,37.105250358303564,16.41,14.37,0,0,16.41,13.9,0,0,-2.419882275997376,-2.2280471821756214,Downtrend
2022-10-12 16:00:00,15.0,15.24,14.81,14.9,1539,15,0,36.26760563380284,1006.8,1.5286054827175208,0,0.3714285714285715,2.4928092042186005,15.4755,-3.7187812994733602,15.2454,-2.2656014273157785,16.89285,-11.79700287399698,0,0,16.312800801133246,14.638199198866753,10.820985443226348,37.08567210938215,16.41,14.58,0,0,16.41,13.9,0,0,-0.13404825737265424,-1.8445322793148837,Downtrend
2022-10-12 20:00:00,14.9,15.09,14.87,14.95,591,15,0,33.210332103321036,1014.75,0.5824094604582409,0,0.37214285714285733,2.48924988055423,15.4785,-3.4144135413638343,15.239,-1.8964498982872988,16.8644,-11.351723156471625,0,0,16.30735526639517,14.649644733604829,10.709762139679823,37.160738731008855,16.41,14.58,0,0,16.41,13.9,0,0,0.3355704697986406,-2.223675604970568,Downtrend
2022-10-13 16:00:00,14.18,14.55,13.92,14.46,2168,15,0,19.5804195804196,1040.25,2.084114395577986,1,0.40642857142857153,2.8107093459790558,15.4575,-6.453178068898585,15.218799999999998,-4.985938444555401,16.83435,-14.104197667269599,0,0,16.367511567306156,14.547488432693841,11.77436930041931,37.46948055879333,16.41,13.92,0,0,16.41,13.9,0,0,-3.2775919732441317,-3.083109919571039,Downtrend
2022-10-13 20:00:00,14.46,14.65,14.46,14.59,499,15,0,24.999999999999986,1039.15,0.4802001635952461,0,0.40357142857142875,2.7660824439439944,15.4355,-5.477632729746361,15.2002,-4.014420862883388,16.8039,-13.174917727432318,0,0,16.408146417065836,14.462853582934162,12.602719925701624,37.3599555323248,16.41,13.92,0,0,16.41,13.9,0,0,0.8990318118948792,-2.080536912751681,Downtrend
2022-10-14 16:00:00,14.36,14.52,14.06,14.14,1345,15,0,23.549488054607522,1025.4,1.3116832455627072,0,0.3985714285714286,2.81875126288139,15.3625,-7.957689178193654,15.1664,-6.767591518092618,16.77165,-15.69106200045911,0,0,16.489991393361695,14.235008606638305,14.678488440835737,38.709833278967444,16.41,13.92,0,1,16.41,13.9,0,1,-3.084304318026043,-5.418060200668888,Downtrend
2022-10-14 20:00:00,14.14,14.18,14.08,14.08,356,15,0,19.86062717770031,1016.8,0.3501180173092054,0,0.39142857142857135,2.780032467532467,15.2955,-7.946781733189503,15.130799999999999,-6.944774896238131,16.7388,-15.884053815088302,0,0,16.55958652268804,14.03141347731196,16.52886826436586,39.795272056713934,16.41,13.92,0,1,16.41,13.9,0,1,-0.4243281471004279,-2.6279391424619694,Downtrend
2022-10-17 16:00:00,14.55,14.77,14.53,14.67,919,15,0,33.72093023255813,959.45,0.9578404294126843,0,0.4207142857142855,2.8678547083455044,15.245000000000001,-3.771728435552647,15.1054,-2.882412911938774,16.7066,-12.190391821196423,0,0,16.525008223657576,13.964991776342426,16.7924988344713,39.1493314374756,16.41,13.92,0,0,16.41,13.9,0,0,4.190340909090917,0.5483207676490752,Downtrend
2022-10-17 20:00:00,14.67,14.68,14.5,14.52,297,15,0,26.586102719033192,949.7,0.31273033589554594,0,0.4085714285714285,2.8138528138528134,15.178,-4.335222031888267,15.078199999999999,-3.7020333992121035,16.67305,-12.913354185347014,0,0,16.462737941740187,13.893262058259815,16.92894902806939,38.78068804515933,16.41,13.92,0,0,16.41,13.9,0,0,-1.0224948875255602,2.6874115983026803,Downtrend
2022-10-18 16:00:00,14.71,14.86,14.56,14.68,1119,15,0,33.98692810457513,933.6,1.198586118251928,0,0.38785714285714273,2.6420786298170484,15.102,-2.794331876572643,15.0592,-2.5180620484487943,16.6412,-11.785207797514612,0,0,16.309705087737406,13.894294912262595,15.993975469969616,39.1348348399841,16.2,13.92,0,0,16.41,13.9,0,0,1.1019283746556585,4.261363636363634,Downtrend
2022-10-18 20:00:00,14.68,14.78,14.62,14.7,392,15,0,37.45583038869255,930.3,0.4213694507148232,0,0.3735714285714285,2.541302235179786,15.038499999999999,-2.250889383914618,15.043999999999999,-2.286625897367718,16.6089,-11.493235554431656,0,0,16.186097490411793,13.890902509588205,15.262127079320335,39.780764253036814,16.08,13.92,0,0,16.41,13.9,0,0,0.13623978201635634,0.20449897750510812,Downtrend
2022-10-19 16:00:00,14.46,14.51,14.28,14.33,1059,15,0,34.75409836065572,907.7,1.1666850280929821,0,0.37571428571428556,2.6218721961918043,14.970499999999998,-4.2784142146220745,15.0182,-4.5824399728329634,16.5774,-13.557011352805631,0,0,16.116724465938166,13.82427553406183,15.31310865953934,41.30948362743732,16.08,13.92,0,0,16.41,13.9,0,0,-2.517006802721078,-1.3085399449035777,Downtrend
2022-10-19 20:00:00,14.33,14.42,14.29,14.38,322,15,0,36.75496688741721,901.65,0.3571230521821106,0,0.3735714285714285,2.597854162527319,14.898999999999997,-3.483455265454035,14.9954,-4.103925203729139,16.546499999999998,-13.093403438793688,0,0,16.002332750304358,13.795667249695637,14.810829589963904,42.87959599581702,16.08,13.92,0,0,16.41,13.9,0,0,0.34891835310537633,-2.0435967302452243,Downtrend
2022-10-20 16:00:00,14.43,14.87,14.37,14.6,1326,15,0,38.97763578274759,885.3,1.497797356828194,0,0.37928571428571417,2.59784735812133,14.839500000000001,-1.6139357795074047,14.9858,-2.5744371338200143,16.51725,-11.607561791460448,0,0,15.866206025674996,13.812793974325006,13.837474654469425,43.34092724579492,16.08,13.92,0,0,16.41,13.9,0,0,1.5299026425591,-0.6802721088435351,Downtrend
2022-10-20 20:00:00,14.6,14.6,14.38,14.43,425,15,0,41.63822525597268,880.45,0.48270770628655796,0,0.36714285714285694,2.544302544302543,14.757500000000002,-2.2192105708961702,14.973199999999999,-3.6278150295194003,16.48685,-12.475700330869758,0,0,15.619098880905959,13.895901119094045,11.676759354985016,43.500712089965134,15.88,13.92,0,0,16.41,13.9,0,0,-1.1643835616438336,0.6978367062107441,Downtrend
2022-10-21 16:00:00,14.47,15.01,14.45,14.93,2021,15,0,50.43988269794721,900.95,2.2431877462678282,1,0.37785714285714267,2.530858291072623,14.721,1.4197405067590492,14.9672,-0.2485434817467552,16.45875,-9.288372446267177,0,0,15.476997772204653,13.965002227795347,10.271011102569839,41.77788396521986,15.77,13.92,0,0,16.41,13.9,0,0,3.465003465003469,3.8247566063977674,Downtrend
2022-10-21 20:00:00,14.92,15.01,14.91,14.96,395,15,0,50.14749262536876,900.95,0.4384261057772351,0,0.36928571428571405,2.4684873949579815,14.6985,1.77909310473859,14.961999999999998,-0.01336719689879104,16.43155,-8.95563717360809,0,0,15.392391391470845,14.004608608529153,9.441662638648104,39.876614290246664,15.57,13.92,0,0,16.41,13.9,0,0,0.20093770931011168,2.4657534246575423,Downtrend
2022-10-24 16:00:00,14.7,14.97,14.58,14.89,1659,15,0,57.23905723905724,940.15,1.7646120299952135,0,0.3235714285714284,2.1730787681089883,14.679999999999998,1.4305177111716803,14.9544,-0.430642486492264,16.404,-9.229456230187754,0,0,15.329145186906334,14.030854813093661,8.843939876108129,36.10339849800584,15.41,13.92,0,0,16.41,13.9,0,0,-0.4679144385026812,3.187803187803194,Downtrend
2022-10-24 20:00:00,14.89,14.97,14.82,14.97,306,15,0,56.50684931506851,939.05,0.32586124274532774,0,0.3207142857142856,2.14237999809142,14.6695,2.04846790960838,14.945799999999998,0.16191839847985537,16.37745,-8.593828709597643,0,0,15.290788135544105,14.048211864455894,8.470474597554185,32.54505208251656,15.41,13.92,0,0,16.41,13.9,0,0,0.5372733378106176,0.2679169457468247,Downtrend
2022-10-25 16:00:00,15.09,15.29,15.03,15.14,1026,15,0,68.93939393939394,916.4,1.1195984286337843,0,0.30571428571428555,2.0192489148896007,14.662,3.2601282226162853,14.952800000000002,1.2519394360922296,16.348499999999998,-7.392115484601018,0,0,15.254713652351338,14.069286347648664,8.085031405692773,31.1268179193037,15.31,13.92,1,0,16.41,13.9,0,0,1.135604542418167,1.2032085561497308,Downtrend
2022-10-25 20:00:00,15.14,15.23,15.1,15.19,281,15,0,71.10266159695817,902.25,0.3114436131892491,0,0.3078571428571428,2.026709301232013,14.6755,3.5058430717863103,14.9572,1.556441045115391,16.31995,-6.923734447715828,0,0,15.304165252737457,14.046834747262542,8.567547991379612,29.310904971315264,15.29,13.92,1,0,16.41,13.9,0,0,0.33025099075296716,2.014775016789785,Downtrend
2022-10-26 16:00:00,15.5,15.83,15.37,15.67,1355,15,0,69.84126984126985,893.05,1.517272269189855,0,0.30428571428571427,1.9418360835080681,14.714000000000002,6.497213538126938,14.971799999999998,4.663433922440867,16.2952,-3.8367126515783867,0,0,15.479888544866254,13.94811145513375,10.410337703768546,29.7348620602994,15.83,13.92,1,0,16.41,13.9,0,0,3.159973666886118,4.676018704074812,Downtrend
2022-10-26 20:00:00,15.66,15.68,15.53,15.62,416,15,0,72.72727272727272,884.3,0.47042858758339934,0,0.30214285714285716,1.9343332723614417,14.747500000000002,5.916256992710607,14.9822,4.257051701352261,16.2703,-3.996853161896214,0,0,15.609440894297638,13.885559105702367,11.689315399866222,29.643621508311806,15.83,13.92,1,0,16.41,13.9,0,0,-0.319081046585834,3.1704095112285247,Downtrend
2022-10-27 16:00:00,15.48,15.7,15.44,15.52,1375,15,0,67.79661016949152,844.65,1.6278932102054107,0,0.29642857142857143,1.909977908689249,14.8005,4.861322252626601,14.992399999999998,3.5191163522851676,16.2458,-4.467616245429586,0,0,15.716658455611759,13.88434154438824,12.380101423759458,29.954608191120524,15.83,14.06,1,0,16.41,13.9,0,0,-0.6402048655569814,2.172481895984201,Downtrend
2022-10-27 20:00:00,15.51,15.58,15.38,15.4,566,15,0,64.22764227642278,848.0,0.6674528301886793,0,0.29928571428571427,1.9434137291280147,14.841,3.7665925476719972,15.000600000000002,2.662560164260084,16.2207,-5.059584358258277,0,0,15.789037307726629,13.89296269227337,12.77592221180014,30.08233260515677,15.83,14.06,0,0,16.41,13.9,0,0,-0.773195876288657,-1.7230376515634944,Downtrend
2022-10-28 16:00:00,15.27,15.37,15.12,15.23,1243,15,0,69.91150442477877,842.9,1.4746707794518923,0,0.2892857142857143,1.8994465809961545,14.895499999999998,2.2456446577825657,15.0196,1.400836240645556,16.194200000000002,-5.9539835249657385,0,0,15.79809217345288,13.992907826547118,12.118991285326185,30.35222461123026,15.83,14.08,0,0,16.41,13.9,0,0,-1.103896103896107,-2.4967989756722075,Downtrend
2022-10-28 20:00:00,15.23,15.27,15.12,15.22,285,15,0,68.91891891891892,839.35,0.3395484601179484,0,0.29071428571428576,1.9100807208560167,14.9525,1.788998495234911,15.036399999999999,1.2210369503338698,16.166999999999998,-5.857611183274556,0,0,15.779030478311839,14.125969521688162,11.055415192266686,30.622116617303753,15.83,14.28,0,0,16.41,13.9,0,0,-0.06565988181220783,-1.9329896907216426,Downtrend
2022-10-31 12:00:00,15.13,15.2,15.07,15.11,490,15,0,62.08530805687203,817.9,0.5990952439173494,0,0.26571428571428574,1.7585326652169806,14.974499999999997,0.9048716150789824,15.056,0.3586609989373025,16.1387,-6.3741193528599,0,0,15.792751666343019,14.156248333656976,10.928600839333825,31.204673898647822,15.83,14.28,0,0,16.41,13.9,0,0,-0.7227332457293123,-1.883116883116889,Downtrend
2022-10-31 16:00:00,15.1,15.17,14.97,15.06,771,15,0,65.82914572864323,841.6,0.9161121673003803,0,0.26428571428571435,1.7548852210206796,15.001499999999998,0.38996100389962485,15.0754,-0.10215317669845997,16.1105,-6.520592160392277,0,0,15.791763780078973,14.211236219921023,10.535796821370866,31.515048048307683,15.83,14.28,0,0,16.41,13.9,0,0,-0.33090668431501324,-1.116217990807616,Downtrend
2022-10-31 20:00:00,15.05,15.08,14.95,14.96,208,15,0,50.94339622641513,796.05,0.26129011996733875,0,0.23214285714285726,1.5517570664629494,15.0155,-0.3696180613366092,15.0922,-0.8759491657942461,16.08435,-6.990335325953486,0,0,15.791575823750472,14.239424176249527,10.336996087382676,31.610174230390378,15.83,14.28,0,0,16.41,13.9,0,0,-0.6640106241699861,-1.708278580814716,Downtrend
2022-11-01 12:00:00,15.37,15.43,15.31,15.31,299,15,0,59.16230366492147,791.4,0.37781147333838766,0,0.2585714285714286,1.6889054772790895,15.046000000000001,1.7546191678851477,15.117799999999999,1.2713490058077332,16.0608,-4.674736003187886,0,0,15.817803083693924,14.274196916306078,10.259246094562318,32.82323653040919,15.83,14.28,0,0,16.41,13.92,0,0,2.339572192513373,1.3236267372600998,Downtrend
2022-11-01 16:00:00,15.31,15.32,15.13,15.18,865,15,0,57.360406091370535,781.7,1.1065626199309198,0,0.24428571428571427,1.6092603049124787,15.088500000000002,0.6064221095536212,15.128,0.343733474352192,16.03265,-5.318210027662305,0,0,15.784148883000974,14.39285111699903,9.220915041269471,33.07982041881243,15.83,14.29,0,0,16.41,13.92,0,0,-0.849118223383416,0.7968127490039788,Downtrend
2022-11-01 20:00:00,15.18,15.22,15.02,15.03,224,15,0,51.470588235294095,776.8,0.2883625128733265,0,0.24785714285714291,1.649082786807338,15.121,-0.6018120494676349,15.1308,-0.6661908160837585,16.003,-6.0801099793788715,0,0,15.732982111881228,14.509017888118773,8.094466131621283,33.08200077813564,15.83,14.37,0,0,16.41,13.92,0,0,-0.988142292490124,0.4679144385026638,Downtrend
2022-11-02 12:00:00,15.21,15.23,15.01,15.01,262,15,0,46.560846560846535,723.6,0.3620784964068546,0,0.2407142857142859,1.6036927762444098,15.141499999999999,-0.8684740613545492,15.133400000000002,-0.8154149100664883,15.9769,-6.051862376305796,0,0,15.705593124077069,14.577406875922929,7.450954318621935,30.09675311851183,15.83,14.38,0,0,16.41,13.92,0,0,-0.13306719893545482,-1.9595035924232573,Downtrend
2022-11-02 16:00:00,15.01,15.05,14.74,14.78,645,15,0,40.09661835748792,734.6,0.8780288592431255,0,0.2535714285714287,1.7156388942586518,15.159,-2.500164918530255,15.128400000000001,-2.302953385685212,15.950650000000001,-7.339199342973496,0,0,15.646697058687135,14.671302941312867,6.434422569920629,27.297568071120573,15.83,14.45,0,0,16.41,13.92,0,0,-1.5323117921385743,-2.635046113306985,Downtrend
2022-11-02 20:00:00,14.78,15.21,14.21,14.21,1847,15,0,16.203703703703695,725.9,2.544427607108417,1,0.2792857142857144,1.965416708555344,15.123,-6.037161938768753,15.100600000000002,-5.897778896202806,15.92475,-10.76782995023469,0,0,15.76405505141666,14.481944948583338,8.477882052723148,27.5820630924577,15.83,14.21,0,1,16.41,13.92,0,0,-3.8565629228687337,-5.455755156353949,Downtrend
2022-11-03 12:00:00,13.75,13.93,13.45,13.47,683,15,0,12.280701754385959,740.3,0.922598946373092,0,0.32285714285714306,2.3968607487538462,15.0485,-10.489417549921919,15.061599999999999,-10.567270409518233,15.895200000000003,-15.257436207156887,0,0,16.02688266111905,14.070117338880952,13.003058924398433,28.632703064168446,15.83,13.45,0,1,16.41,13.45,0,1,-5.207600281491908,-10.259826782145232,Downtrend
2022-11-03 16:00:00,13.47,13.54,12.98,12.98,2421,15,0,10.802469135802454,778.4,3.1102261048304216,1,0.3442857142857144,2.6524323134492636,14.953,-13.194676653514339,15.0076,-13.5104880194035,15.86485,-18.18390971235152,0,0,16.299966963217525,13.606033036782474,18.01600967320973,30.649651310532864,15.83,12.98,0,1,16.41,12.98,0,1,-3.6377134372680087,-12.178619756427599,Downtrend
2022-11-03 20:00:00,12.98,13.22,12.94,13.01,563,15,0,12.063492063492049,791.25,0.7115323854660347,0,0.35000000000000026,2.690238278247504,14.854999999999999,-12.420060585661387,14.9506,-12.98008106698059,15.8325,-17.827254066003473,0,0,16.45768853066191,13.252311469338089,21.577765475084615,32.88323121356922,15.83,12.94,0,1,16.41,12.94,0,1,0.23112480739599928,-8.444757213230126,Downtrend
2022-11-04 12:00:00,13.56,13.85,13.49,13.84,699,15,0,31.758530183727018,774.9,0.9020518776616337,0,0.3900000000000002,2.81791907514451,14.790000000000001,-6.423258958755923,14.9034,-7.135284565937972,15.8018,-12.415041324406081,0,0,16.448496465572124,13.131503534427878,22.427267959055072,32.59302358708352,15.83,12.94,0,0,16.41,12.94,0,0,6.379707916986943,2.746844840386037,Downtrend
2022-11-04 16:00:00,13.84,14.0,13.72,13.92,1422,15,0,33.247422680412356,831.95,1.7092373339743974,0,0.3992857142857144,2.868431855500822,14.726500000000001,-5.476521916273395,14.862400000000001,-6.340833243621494,15.771700000000001,-11.740649390997806,0,0,16.417445235503834,13.035554764496167,22.964658751282833,31.918693815804936,15.83,12.94,0,0,16.41,12.94,0,0,0.5780346820809301,7.241910631741136,Downtrend
2022-11-04 20:00:00,13.92,14.16,13.9,14.12,401,15,0,37.53148614609571,784.25,0.5113165444692381,0,0.4071428571428572,2.883447996762445,14.648999999999997,-3.611167997815538,14.831,-4.794012541298633,15.74525,-10.3221606516251,0,0,16.299465962913583,12.998534037086412,22.53349666070839,31.91210274923517,15.7,12.94,0,0,16.2,12.94,0,0,1.4367816091954033,8.53189853958493,Downtrend
2022-11-07 16:00:00,14.29,14.5,14.11,14.44,1308,15,0,42.688679245283005,828.85,1.5780901248718102,0,0.4207142857142859,2.913533834586467,14.589999999999998,-1.0281014393420056,14.803600000000001,-2.4561593125996493,15.72015,-8.143370133236646,0,0,16.177477310239656,13.002522689760339,21.761169434402454,31.45106212773598,15.7,12.94,0,0,16.08,12.94,0,0,2.2662889518413554,4.335260115606934,Downtrend
2022-11-07 20:00:00,14.44,14.5,14.38,14.48,314,15,0,44.25837320574162,775.8,0.40474349059035836,0,0.42000000000000004,2.9005524861878453,14.538,-0.3989544641628823,14.7774,-2.01253265121063,15.694450000000002,-7.738085756429827,0,0,16.06415926602127,13.01184073397873,20.9954500759564,32.311593779634556,15.58,12.94,0,0,16.08,12.94,0,0,0.27700831024930483,4.02298850574713,Downtrend
2022-11-08 16:00:00,14.54,15.72,14.5,15.65,1865,15,0,53.4,840.75,2.218257508177223,1,0.47500000000000014,3.035143769968052,14.550500000000003,7.556441359403436,14.769,5.965197372875619,15.6752,-0.1607634990303147,0,0,16.110114999725205,12.9908850002748,21.437270193123297,31.502997613895534,15.72,12.94,1,0,16.08,12.94,0,0,8.080110497237559,10.83569405099151,Downtrend
2022-11-08 20:00:00,15.64,15.7,15.29,15.54,822,15,0,53.61445783132529,819.7,1.0028059045992437,0,0.49071428571428594,3.1577495863210165,14.565999999999999,6.686804888095567,14.7666,5.23749542887326,15.656300000000002,-0.7428319590197077,0,0,16.159835493062815,12.972164506937181,21.884326418547534,30.361775090559195,15.72,12.94,1,0,16.08,12.94,0,0,-0.7028753993610248,7.6177285318559536,Downtrend
2022-11-09 16:00:00,15.2,15.73,15.2,15.49,2233,15,0,54.71311475409837,917.1,2.434848980481954,1,0.5142857142857145,3.320114359494606,14.5795,6.245070132720606,14.7682,4.887528608767487,15.6372,-0.9413449978256963,0,0,16.200993463641158,12.95800653635884,22.24347149958722,29.750240264445328,15.73,12.94,1,0,15.88,12.94,0,0,-0.3217503217503137,6.97513812154696,Downtrend
2022-11-09 20:00:00,15.49,15.51,15.23,15.26,489,15,0,52.45579567779961,917.05,0.5332315577122294,0,0.5185714285714287,3.3982400299569377,14.587,4.613697127579352,14.7682,3.3301282485340096,15.621350000000001,-2.3131803589318567,0,0,16.220170632784246,12.953829367215752,22.392138654750767,30.146775333411398,15.73,12.94,0,0,15.83,12.94,0,0,-1.4848289218850952,-2.492012779552719,Downtrend
2022-11-10 16:00:00,16.2,16.26,15.87,16.19,2165,15,0,62.17616580310882,986.75,2.1940714466683557,1,0.5678571428571431,3.507456101650049,14.6435,10.560999760986116,14.788400000000001,9.4776987368478,15.61005,3.7152347365959875,0,0,16.417668745311882,12.869331254688117,24.231484895166904,31.653879245187238,16.26,12.94,1,0,16.26,12.94,1,0,6.094364351245085,4.182754182754197,Uptrend
2022-11-10 20:00:00,16.19,16.37,16.17,16.35,467,15,0,69.88847583643123,999.7,0.4671401420426128,0,0.5107142857142859,3.1236347750109226,14.713,11.126214911982617,14.809599999999998,10.401361279170294,15.5989,4.815083114835026,0,0,16.641556591421477,12.784443408578522,26.21568125360535,31.038557156180936,16.37,12.94,1,0,16.37,12.94,1,0,0.9882643607164843,5.551969012265986,Uptrend
2022-11-11 16:00:00,16.36,16.5,16.24,16.4,1689,15,0,81.23667377398719,1069.2,1.579685746352413,0,0.47500000000000014,2.896341463414635,14.767499999999998,11.054680887083125,14.8392,10.518087228422008,15.587349999999999,5.2135225038252155,0,0,16.82442540099601,12.710574599003987,27.85746268489604,31.54679980946822,16.5,12.94,1,0,16.5,12.94,1,0,0.3058103975535076,7.470511140235903,Uptrend
2022-11-11 20:00:00,16.4,16.47,16.3,16.36,370,15,0,89.85849056603774,1044.45,0.3542534348221552,0,0.44714285714285723,2.7331470485504723,14.8265,10.342966984790747,14.868400000000001,10.03201420462187,15.57495,5.040465619472294,0,0,16.997759881654808,12.65524011834519,29.288906777119468,33.26211672944431,16.5,12.94,1,0,16.5,12.94,1,0,-0.24390243902439046,1.0500308832612608,Uptrend
2022-11-14 16:00:00,16.21,16.23,15.95,15.99,1167,15,0,82.53275109170308,1091.6,1.0690729204836937,0,0.45642857142857146,2.854462610560172,14.874500000000001,7.499411744932597,14.889199999999999,7.393278349407634,15.5601,2.762835714423429,0,0,17.10630337749295,12.642696622507055,30.008449057016335,33.91233665677266,16.5,12.94,0,0,16.5,12.94,0,0,-2.261613691931541,-2.2018348623853283,Uptrend
2022-11-14 20:00:00,15.99,16.24,15.98,16.11,348,15,0,79.32816537467701,1095.9,0.3175472214618122,0,0.4149999999999999,2.5760397268777155,14.9295,7.907163669245443,14.9222,7.959952285855969,15.546799999999998,3.622610440733797,0,0,17.228565943057262,12.630434056942741,30.798967722392046,36.482573650844905,16.5,12.94,0,0,16.5,12.94,0,0,0.7504690431519689,-1.7682926829268242,Uptrend
2022-11-15 16:00:00,16.16,16.21,15.71,15.96,1269,15,0,75.88832487309648,1127.1,1.1258983231301571,0,0.43071428571428566,2.698711063372717,14.988499999999998,6.4816359208726855,14.9496,6.758709263124101,15.53425,2.7407180906706197,0,0,17.331554910963234,12.645445089036764,31.264701750852126,38.38742157267259,16.5,12.94,0,0,16.5,12.94,0,0,-0.9310986964618184,-2.444987775061116,Uptrend
2022-11-15 20:00:00,15.96,16.05,15.85,15.93,903,15,0,74.00530503978781,1079.9,0.8361885359755532,0,0.4264285714285715,2.6768899650255586,15.0745,5.675146771037177,14.9854,6.303468709543952,15.52275,2.6235686331352333,0,0,17.423497322487215,12.725502677512788,31.165177252807236,40.59411783000174,16.5,12.94,0,0,16.5,12.94,0,0,-0.187969924812037,-0.37523452157598813,Uptrend
2022-11-16 16:00:00,15.96,16.07,15.79,15.87,1159,15,0,70.37037037037038,1103.7,1.05010419498052,0,0.41857142857142865,2.637501125213791,15.1945,4.445687584323272,15.021199999999999,5.650680371741277,15.51055,2.3174548936046686,0,0,17.44136424765002,12.94763575234998,29.574704631939465,43.11275780703262,16.5,12.94,0,0,16.5,12.94,0,0,-0.37664783427495685,-1.4897579143389212,Uptrend
2022-11-16 20:00:00,15.86,15.89,15.71,15.71,337,15,0,66.94214876033061,999.5,0.3371685842921461,0,0.422857142857143,2.6916431754114765,15.331,2.4721153218968195,15.042,4.44089881664673,15.4997,1.3568004542023404,0,0,17.32936670150493,13.33263329849507,26.069619744373234,45.3873117902197,16.5,12.94,0,0,16.5,12.94,0,0,-1.00819155639571,-1.5664160401002505,Uptrend
2022-11-17 16:00:00,15.35,15.5,15.28,15.45,956,15,0,46.32352941176468,1019.15,0.9380365991267233,0,0.3650000000000002,2.362459546925568,15.453,-0.01941370607649074,15.0606,2.585554360384038,15.4889,-0.25114759602037545,0,0,17.12622065742105,13.779779342578946,21.655609362855788,45.66723062470629,16.5,13.49,0,0,16.5,12.94,0,0,-1.6549968173138252,-3.013182674199626,Downtrend
2022-11-17 20:00:00,15.46,15.54,15.39,15.49,342,15,0,49.056603773584925,1001.3,0.3415559772296015,0,0.34642857142857153,2.2364659227151162,15.535499999999999,-0.2928776029094575,15.0768,2.740634617425447,15.4769,0.08464227332346701,0,0,17.026659562925694,14.044340437074302,19.196801685503473,45.53439736951017,16.5,13.72,0,0,16.5,12.94,0,0,0.25889967637540146,-2.3944549464398177,Uptrend
2022-11-18 16:00:00,15.47,15.52,15.28,15.37,795,15,0,47.794117647058805,969.95,0.8196298778287541,0,0.32571428571428573,2.119156055395483,15.607999999999999,-1.5248590466427445,15.090200000000003,1.854183509827545,15.4638,-0.6065779433257132,0,0,16.895537020417997,14.320462979581999,16.49842414682213,45.483435558551164,16.5,13.9,0,0,16.5,12.94,0,0,-0.7746933505487497,-2.1642266072565346,Downtrend
2022-11-18 20:00:00,15.36,15.55,15.34,15.53,348,15,0,55.0943396226415,967.3,0.3597642923601778,0,0.32071428571428584,2.065127403182781,15.678500000000003,-0.9471569346557631,15.1142,2.751055298990347,15.456,0.47877846790890166,0,0,16.761075389376515,14.595924610623491,13.809680637516491,45.33049097477366,16.5,14.11,0,0,16.5,12.94,0,0,1.0409889394925154,0.5177993527508095,Uptrend
2022-11-21 16:00:00,15.32,15.39,15.06,15.2,749,15,0,25.853658536585286,939.35,0.7973598765103529,0,0.2828571428571428,1.8609022556390975,15.7165,-3.286355104508005,15.1306,0.4586731524195994,15.445350000000001,-1.588503983399547,0,0,16.66051772953886,14.772482270461138,12.01307835127237,47.86639511128757,16.5,14.38,0,0,16.5,12.94,0,0,-2.124919510624601,-1.8721755971594638,Downtrend
2022-11-21 20:00:00,15.2,15.28,15.15,15.26,269,15,0,22.051282051281973,937.1,0.28705581047913775,0,0.27785714285714275,1.8208200711477245,15.755500000000001,-3.144933515280388,15.143799999999999,0.7673107146158888,15.4376,-1.1504378919002953,0,0,16.534445981506266,14.976554018493735,9.88792461688002,50.141308915134225,16.5,14.5,0,0,16.5,12.94,0,0,0.39473684210526994,-0.7156798959011024,Downtrend
2022-11-22 16:00:00,15.3,15.97,15.3,15.97,940,15,0,41.762452107279735,890.85,1.0551720267160576,0,0.3099999999999999,1.941139636819035,15.771499999999998,1.2585993722854694,15.1746,5.241653816245574,15.431849999999999,3.487268214763633,0,0,16.554457281888773,14.988542718111225,9.928761143693045,47.45984798124612,16.5,15.06,0,0,16.5,12.94,0,0,4.652686762778502,2.8332260141661387,Uptrend
2022-11-22 20:00:00,15.97,15.98,15.86,15.95,349,15,0,42.08494208494209,867.2,0.40244464944649444,0,0.3064285714285715,1.9211822660098528,15.792000000000002,1.000506585612954,15.195,4.968739717012168,15.425550000000001,3.3998787725559096,0,0,16.570895304091856,15.013104695908149,9.864428876543228,43.16673347516973,16.5,15.06,0,0,16.5,12.94,0,0,-0.125234815278652,4.934210526315789,Uptrend
2022-11-23 16:00:00,15.93,16.01,15.84,15.92,966,15,0,48.44444444444444,803.85,1.2017167381974247,0,0.2892857142857145,1.8171213208901662,15.8135,0.6734751952445727,15.214199999999998,4.6390871685662205,15.4193,3.2472291219445766,0,0,16.580950324124956,15.046049675875045,9.706267734846245,39.053485611921865,16.5,15.06,0,0,16.5,12.94,0,0,-0.18808777429466517,4.3250327653997385,Uptrend
2022-11-23 20:00:00,15.92,16.22,15.92,16.17,509,15,0,51.26050420168072,804.85,0.6324159781325712,0,0.29214285714285737,1.8066967046558895,15.859,1.9610315908947709,15.2398,6.103754642449383,15.41415,4.903611292221773,0,0,16.595560999010033,15.122439000989967,9.288870660319477,34.481801911653235,16.5,15.06,1,0,16.5,12.94,1,0,1.5703517587939864,1.2523481527864813,Uptrend
2022-11-25 16:00:00,16.1,16.19,15.97,15.97,674,15,0,50.20576131687242,730.3,0.9229083938107627,0,0.2721428571428574,1.7040880221844548,15.848000000000003,0.7698132256436022,15.2598,4.654058375601256,15.408499999999998,3.644092546321851,0,0,16.57017799234751,15.125822007652493,9.11380606193221,30.448089384281836,16.5,15.06,0,0,16.5,12.94,0,0,-1.236858379715533,0.12539184952978902,Uptrend
2022-11-28 16:00:00,15.97,16.0,15.61,15.61,880,15,0,44.20289855072465,750.95,1.1718489912777148,0,0.285714285714286,1.8303285439736452,15.810999999999998,-1.2712668395420832,15.269199999999998,2.231944044219747,15.401900000000001,1.3511320031943992,0,0,16.499947328213214,15.122052671786781,8.714785000483417,27.313123084758583,16.5,15.06,0,0,16.5,12.94,0,0,-2.254226675015658,-1.9472361809045258,Uptrend
2022-11-28 20:00:00,15.61,15.64,15.43,15.43,309,15,0,42.361111111111136,681.95,0.4531123982696678,0,0.28071428571428597,1.8192759929636162,15.7625,-2.109436954797777,15.274000000000001,1.0213434594736075,15.394549999999999,0.23027629907987485,0,0,16.41232183793108,15.112678162068917,8.245162099046244,25.090017243231696,16.47,15.06,0,0,16.5,12.94,0,0,-1.153106982703389,-4.576376004947445,Uptrend
2022-11-29 16:00:00,15.57,15.8,15.47,15.71,791,15,0,50.0,703.0,1.1251778093883358,0,0.2942857142857146,1.873238155860691,15.73,-0.12714558169103352,15.2748,2.8491371409118287,15.390899999999998,2.0733030557017615,0,0,16.315868675782085,15.144131324217916,7.44906135768702,22.427336786433596,16.24,15.06,0,0,16.5,12.94,0,0,1.8146467919637255,-1.6280525986224155,Uptrend
2022-11-29 20:00:00,15.7,15.88,15.69,15.79,364,15,0,56.02836879432623,662.85,0.5491438485328506,0,0.27714285714285747,1.7551795892517892,15.719999999999999,0.44529262086514176,15.278200000000002,3.349871058108922,15.3881,2.611758436714081,0,0,16.29388794064743,15.14611205935257,7.301373290679774,22.696273857945766,16.24,15.06,0,0,16.5,12.94,0,0,0.5092297899427001,1.1531069827033935,Uptrend
2022-11-30 16:00:00,16.13,16.29,15.81,15.89,1061,15,0,56.94444444444443,698.5,1.5189692197566214,0,0.30214285714285755,1.9014654319877755,15.709,1.152205741931383,15.285600000000002,3.954048254566377,15.384450000000001,3.286110325685997,0,0,16.25936447253713,15.158635527462868,7.006995639915085,23.985785377472542,16.29,15.06,0,0,16.5,12.94,0,0,0.633312222925908,2.9812054439403814,Uptrend
2022-11-30 20:00:00,15.88,16.36,15.79,16.25,921,15,0,64.10256410256409,681.1,1.3522243429746,0,0.3257142857142861,2.004395604395607,15.723500000000001,3.3484911120297554,15.3026,6.191104779579941,15.38365,5.631628384681143,0,0,16.315420158200165,15.131579841799839,7.529114487234562,25.58432309764533,16.36,15.06,1,0,16.5,12.94,1,0,2.265575833857758,3.4373010821132985,Uptrend
2022-12-01 16:00:00,16.72,17.26,16.7,17.01,1503,15,0,69.89247311827955,711.1,2.113626775418366,1,0.38285714285714334,2.25077685395146,15.7775,7.811757249247357,15.338199999999999,10.899584045063976,15.39115,10.518057455095962,0,0,16.60063585244384,14.954364147556161,10.43430014189624,28.50725105911104,17.26,15.06,1,0,17.26,12.94,1,0,4.67692307692309,7.726409119696026,Uptrend
2022-12-01 20:00:00,17.01,17.05,16.93,17.04,410,15,0,76.90058479532159,673.65,0.6086246567208491,0,0.3578571428571435,2.1001006036217342,15.835999999999999,7.60293003283658,15.374600000000001,10.832151730776724,15.3979,10.664441254976323,0,0,16.834449324017537,14.837550675982461,12.609867694083585,28.39825045249894,17.26,15.06,1,0,17.26,12.94,1,0,0.17636684303350414,7.23725613593454,Uptrend
2022-12-02 16:00:00,16.63,17.06,16.6,16.85,1186,15,0,72.3943661971831,716.1,1.656193269096495,0,0.38142857142857195,2.2636710470538395,15.893,6.021518907695216,15.4094,9.348839020338245,15.405,9.380071405387874,1,0,16.986773766658846,14.799226233341155,13.764220306535524,26.477930028654008,17.26,15.06,0,0,17.26,12.94,0,0,-1.1150234741783893,3.692307692307701,Uptrend
2022-12-02 20:00:00,16.85,16.97,16.81,16.89,353,15,0,65.97222222222221,685.95,0.5146147678402215,0,0.3421428571428576,2.0257125940962557,15.965,5.7939242092076455,15.446,9.348698692218056,15.4115,9.593485384290954,0,0,17.12364712397444,14.80635287602556,14.514840262755275,26.580336582673453,17.26,15.06,0,0,17.26,12.94,0,0,0.23738872403560318,-0.7054673721340445,Uptrend
2022-12-05 16:00:00,16.72,16.83,16.49,16.52,1512,15,0,58.82352941176471,744.45,2.0310296191819464,1,0.36214285714285765,2.1921480456589446,16.0165,3.143633128336396,15.4772,6.7376528054169995,15.4143,7.173209292669785,0,0,17.17781096520021,14.855189034799793,14.501432462775362,25.714054586003805,17.26,15.06,0,0,17.26,12.94,0,0,-2.1906453522794633,-3.0516431924882603,Uptrend
2022-12-05 20:00:00,16.52,16.54,16.4,16.45,398,15,0,58.10397553516819,724.6,0.5492685619652222,0,0.36000000000000043,2.1884498480243186,16.070500000000003,2.361469773809132,15.5,6.129032258064512,15.4178,6.694859188729907,0,0,17.205372587330046,14.935627412669959,14.12367489910138,25.500136338646058,17.26,15.06,0,0,17.26,12.94,0,0,-0.4237288135593209,-2.3738872403560958,Uptrend
2022-12-06 16:00:00,16.72,16.83,16.33,16.35,1209,15,0,52.88461538461538,767.65,1.5749364944961897,0,0.37428571428571483,2.289209261686329,16.1115,1.4803090959873504,15.523400000000002,5.32486439826326,15.4201,6.030440788321748,0,0,17.223165890738347,14.999834109261652,13.799657272610835,26.00500794014219,17.26,15.06,0,0,17.26,12.94,0,0,-0.6079027355622935,-3.197158081705146,Uptrend
2022-12-06 20:00:00,16.35,16.44,16.28,16.38,362,15,0,56.94915254237287,748.3,0.48376319657891226,0,0.3700000000000005,2.258852258852262,16.170499999999997,1.2955690918648284,15.5504,5.334910999073974,15.422149999999998,6.210872024977066,0,0,17.200747287637153,15.14025271236284,12.742305898236383,26.89661491808397,17.26,15.15,0,0,17.26,12.94,0,0,0.18348623853210455,-0.8474576271186476,Uptrend
2022-12-07 16:00:00,16.74,17.03,16.69,16.74,1500,15,0,69.1525423728814,809.85,1.8521948508983144,0,0.3885714285714292,2.3212152244410347,16.2445,3.0502631659946435,15.585,7.4109720885466634,15.427850000000001,8.505073616868177,0,0,17.20995544201989,15.279044557980107,11.886551657728972,28.863477612528833,17.26,15.3,0,0,17.26,12.94,0,0,2.19780219780219,1.762917933130694,Uptrend
2022-12-07 20:00:00,16.73,16.91,16.73,16.8,465,15,0,74.20494699646649,786.1,0.591527795445872,0,0.38642857142857195,2.300170068027214,16.286,3.156084980965242,15.625399999999999,7.517247558462515,15.435,8.843537414965988,0,0,17.27289091809077,15.299109081909235,12.119500406370719,30.996618497416343,17.26,15.43,0,0,17.26,12.94,0,0,0.35842293906811484,2.752293577981647,Uptrend
2022-12-08 16:00:00,16.84,17.01,16.75,16.77,1110,15,0,70.54263565891475,824.15,1.3468422010556331,0,0.3785714285714291,2.257432489990633,16.326999999999998,2.7132969927114683,15.676599999999999,6.974726662669208,15.441699999999999,8.602032159671543,0,0,17.32320543220633,15.330794567793665,12.20316570351359,33.776036570952066,17.26,15.43,0,0,17.26,12.94,0,0,-0.17857142857143904,2.3809523809523845,Uptrend
2022-12-08 20:00:00,16.77,16.84,16.69,16.72,338,15,0,68.23529411764707,792.75,0.4263639230526648,0,0.37571428571428606,2.2470950102529073,16.367,2.156778884340429,15.7416,6.21537836052243,15.448200000000002,8.232674356882983,0,0,17.358630236688708,15.375369763311294,12.117434309142867,35.887897519671036,17.26,15.43,0,0,17.26,12.94,0,0,-0.29815146094216427,-0.11947431302269758,Uptrend
2022-12-09 16:00:00,16.86,17.12,16.68,16.93,1275,15,0,69.54887218045113,831.05,1.5342037181878347,0,0.3714285714285719,2.193907687115014,16.405,3.20024382810118,15.820599999999999,7.012376268915217,15.45645,9.533560422994928,0,0,17.422747771461722,15.387252228538278,12.4077753302252,36.91424270273165,17.26,15.43,1,0,17.26,12.94,1,0,1.2559808612440326,0.7738095238095178,Uptrend
2022-12-09 20:00:00,16.92,16.93,16.51,16.51,430,15,0,54.77941176470592,818.85,0.5251267020821884,0,0.36071428571428604,2.184823050964785,16.432,0.47468354430381554,15.8906,3.8979019042704643,15.462750000000002,6.772728007631241,0,0,17.429609774990904,15.434390225009091,12.142280610892245,36.92657791204476,17.26,15.43,0,0,17.26,12.94,0,0,-2.4808033077377334,-1.550387596899213,Uptrend
2022-12-12 16:00:00,16.53,16.58,16.21,16.48,1200,15,0,36.683417085427074,834.85,1.437383961190633,0,0.315,1.9114077669902911,16.475500000000004,0.02731328336012028,15.943399999999999,3.3656560081287665,15.4707,6.523945264273753,0,0,17.395007305142297,15.55599269485771,11.16211714536485,33.72381444908023,17.26,15.43,0,0,17.26,12.94,0,0,-0.181708055723806,-1.435406698564584,Uptrend
2022-12-12 20:00:00,16.48,16.66,16.42,16.64,359,15,0,40.56603773584908,837.35,0.42873350450827014,0,0.3235714285714284,1.9445398351648342,16.536,0.6289308176100581,15.9978,4.014301966520401,15.479750000000001,7.495276086500102,0,0,17.314240931439578,15.757759068560427,9.412686640536712,29.349589947467184,17.26,15.47,0,0,17.26,13.49,0,0,0.9708737864077666,-1.7129356172474846,Uptrend
2022-12-13 16:00:00,17.38,17.56,17.07,17.33,1885,15,0,59.1603053435114,892.05,2.1131102516675075,1,0.3564285714285713,2.0567142032808503,16.616999999999997,4.290786543900831,16.062,7.894409164487593,15.49065,11.87393685868571,0,0,17.370073701572107,15.863926298427888,9.06389482544514,28.46718156167304,17.56,15.69,1,0,17.56,13.72,1,0,4.146634615384603,4.966686856450616,Uptrend
2022-12-13 20:00:00,17.33,17.47,17.22,17.37,554,15,0,59.16030534351146,901.55,0.6144972547279686,0,0.3628571428571427,2.0889875812155596,16.696,4.036895064686149,16.1206,7.750331873503477,15.501499999999998,12.053672225268542,0,0,17.414489643920202,15.9775103560798,8.606727885963112,28.50863919985616,17.56,15.79,1,0,17.56,13.9,1,0,0.2308136180034781,5.400485436893207,Uptrend
2022-12-14 16:00:00,17.43,17.52,17.25,17.4,984,15,0,69.2982456140351,897.7,1.0961345661134008,0,0.35357142857142826,2.0320197044334956,16.771499999999996,3.7474286736428026,16.179,7.546819951789358,15.5129,12.164714527909021,0,0,17.44958631650484,16.093413683495154,8.086173765075783,30.652405874607577,17.56,15.79,1,0,17.56,14.11,1,0,0.17271157167528806,4.56730769230768,Uptrend
2022-12-14 20:00:00,17.39,17.45,17.04,17.31,2914,15,0,68.69565217391306,997.35,2.9217426179375345,1,0.3728571428571425,2.1539985144837814,16.824499999999997,2.8856726797230343,16.2122,6.77144372756319,15.522749999999998,11.513745953519837,0,0,17.496636420989503,16.15236357901049,7.989972016874279,32.63378134828332,17.56,16.21,1,0,17.56,14.38,1,0,-0.5172413793103403,-0.11540680900172864,Uptrend
2022-12-15 16:00:00,16.94,17.02,16.74,16.82,1085,15,0,58.73605947955389,976.45,1.111168006554355,0,0.37785714285714256,2.246475284525223,16.814999999999998,0.029735355337511496,16.2378,3.585461084629693,15.5287,8.315570524255087,0,0,17.481443822404096,16.1485561775959,7.926777548666047,33.513419408037095,17.56,16.21,0,0,17.56,14.5,0,0,-2.8307336799537786,-3.1663788140472118,Uptrend
2022-12-15 20:00:00,16.82,16.87,16.57,16.57,391,15,0,53.26460481099658,975.5,0.4008200922603793,0,0.38785714285714257,2.3407190275023693,16.791500000000003,-1.3191197927523,16.2594,1.9102795921128755,15.5338,6.670615045899915,0,0,17.457683948043716,16.12531605195629,7.934775904996134,34.174386736910854,17.56,16.21,0,0,17.56,15.06,0,0,-1.4863258026159287,-4.770114942528727,Uptrend
2022-12-16 16:00:00,16.66,16.83,16.52,16.69,1445,15,0,49.06367041198507,988.45,1.4618847690829075,0,0.36357142857142805,2.1783788410510967,16.7835,-0.5570947656924885,16.288,2.4680746561886115,15.538599999999999,7.409933970885424,0,0,17.450568212403745,16.116431787596255,7.9490953901599175,31.646360601083394,17.56,16.21,0,0,17.56,15.06,0,0,0.7242003621001913,-3.5817446562680386,Uptrend
2022-12-16 20:00:00,16.68,16.98,16.67,16.83,469,15,0,50.54545454545451,994.25,0.4717123459894393,0,0.3728571428571423,2.21543162719633,16.7805,0.29498525073745313,16.3008,3.2464664310954032,15.54435,8.270850823611141,0,0,17.446089568490777,16.114910431509223,7.932893161595625,28.943843026305906,17.56,16.21,0,0,17.56,15.06,0,0,0.8388256440982511,0.059453032104625506,Uptrend
2022-12-19 16:00:00,16.78,16.84,16.44,16.55,957,15,0,46.33333333333334,966.5,0.9901707190894982,0,0.38285714285714206,2.3133362106171727,16.782000000000004,-1.3824335597664332,16.3048,1.5038516265148947,15.548,6.444558785695914,0,0,17.445248782409703,16.118751217590304,7.904287717908461,25.672714755177616,17.56,16.21,0,0,17.56,15.06,0,0,-1.6636957813428221,-0.1207000603500276,Uptrend
2022-12-19 20:00:00,16.55,16.55,16.39,16.47,352,15,0,45.874587458745864,964.2,0.3650694876581622,0,0.3835714285714279,2.3289097059588824,16.782999999999998,-1.86498242268962,16.3062,1.0045258858593566,15.552100000000001,5.90209682293708,0,0,17.444198274267453,16.121801725732542,7.879381210361148,22.65946705761427,17.56,16.21,0,1,17.56,15.06,0,0,-0.4833836858006202,-1.3181545835829982,Uptrend
2022-12-20 16:00:00,16.82,17.26,16.75,17.1,1148,15,0,52.46376811594207,961.15,1.1944025386256047,0,0.408571428571428,2.3893065998329117,16.820500000000003,1.661662851877166,16.321,4.772991850989522,15.558050000000001,9.910946423234272,0,0,17.463108991369563,16.177891008630443,7.640783465052284,20.6399885314336,17.56,16.21,0,0,17.56,15.06,0,0,3.8251366120218844,1.604278074866329,Uptrend
2022-12-20 20:00:00,17.11,17.33,17.05,17.21,378,15,0,61.146496815286625,961.95,0.3929518166224856,0,0.39857142857142797,2.3159292769984194,16.862000000000002,2.0638121219309626,16.3454,5.289561589193285,15.5669,10.55508803936558,0,0,17.4919072613443,16.232092738655705,7.471323227900564,19.722557338773022,17.56,16.21,1,0,17.56,15.06,1,0,0.6432748538011568,3.9879154078549854,Uptrend
2022-12-21 16:00:00,17.31,17.59,17.31,17.54,905,15,0,65.40697674418605,932.2,0.970821712078953,0,0.39928571428571374,2.276429385893465,16.902,3.7747012187906646,16.374000000000002,7.1210455600341795,15.579,12.587457474805818,0,0,17.597477117561873,16.20652288243813,8.229524524457126,22.050584942481578,17.59,16.21,1,0,17.59,15.06,1,0,1.917489831493313,6.496660595021253,Uptrend
2022-12-21 20:00:00,17.54,17.56,17.37,17.42,413,15,0,61.47058823529416,929.6,0.4442771084337349,0,0.39571428571428513,2.271608988026895,16.933,2.876040866946211,16.4032,6.198790479906382,15.590500000000002,11.73471024021038,0,0,17.663712701840552,16.202287298159447,8.630634876756067,24.48307308925545,17.59,16.21,1,0,17.59,15.06,1,0,-0.6841505131128689,1.8713450292397675,Uptrend
2022-12-22 16:00:00,17.17,17.3,16.98,16.99,979,15,0,44.585987261146485,923.05,1.0606142679161477,0,0.3614285714285711,2.1273017741528615,16.944,0.2714825306893259,16.424400000000002,3.4436569981247183,15.596449999999999,8.935046116263635,0,0,17.670995258074424,16.217004741925575,8.581152715703784,22.39115694900093,17.59,16.21,0,0,17.59,15.06,0,0,-2.46842709529278,-1.2783265543288924,Uptrend
2022-12-22 20:00:00,16.98,17.23,16.89,17.21,507,15,0,47.590361445783124,931.5,0.5442834138486312,0,0.3678571428571425,2.137461608699259,16.9685,1.4232253882193597,16.4512,4.612429488426381,15.604149999999999,10.291172540638241,0,0,17.696735791773925,16.240264208226073,8.583384409628739,20.520448172810916,17.59,16.21,0,0,17.59,15.06,0,0,1.2948793407887127,-1.8814139110604238,Uptrend
2022-12-23 16:00:00,17.1,17.42,17.02,17.27,1204,15,0,48.05970149253733,927.95,1.2974837006304218,0,0.37714285714285695,2.1838034576888066,16.9855,1.6749580524565149,16.4824,4.778430325680734,15.61355,10.60905431500203,0,0,17.72572685000831,16.245273149991686,8.715985399409055,17.175795163982205,17.59,16.21,1,0,17.59,15.06,1,0,0.34863451481697005,-0.8610792192881865,Uptrend
2022-12-23 20:00:00,17.27,17.31,17.2,17.31,369,15,0,50.0,924.9,0.3989620499513461,0,0.3557142857142855,2.0549641000247574,17.0255,1.6710228774485198,16.5196,4.78461948231191,15.6225,10.801728276524232,0,0,17.74366945661912,16.307330543380882,8.436397834062072,14.234558709373704,17.59,16.21,1,0,17.59,15.06,1,0,0.23161551823971394,1.883460859329019,Uptrend
2022-12-27 16:00:00,17.4,17.85,17.38,17.66,951,15,0,63.29113924050632,912.45,1.042248890350156,0,0.35357142857142854,2.0021032195437627,17.0845,3.368550440457735,16.563,6.623196280867001,15.629299999999999,12.99290435272214,0,0,17.80783947770017,16.361160522299826,8.467786329130757,14.476096926440281,17.85,16.39,1,0,17.85,15.06,1,0,2.021952628538415,2.6147588611272474,Uptrend
2022-12-27 20:00:00,17.66,17.76,17.64,17.69,301,15,0,69.04761904761905,909.55,0.33093287889615747,0,0.3407142857142857,1.9260276185092462,17.137,3.2269358697555046,16.609399999999997,6.505954459522946,15.63725,13.127308190378754,0,0,17.876732526340355,16.397267473659646,8.633162471148443,15.650078224645174,17.85,16.39,1,0,17.85,15.06,1,0,0.1698754246885592,2.431962941517092,Uptrend
2022-12-28 16:00:00,17.54,17.58,17.04,17.19,1199,15,0,57.53012048192771,875.25,1.36989431590974,0,0.3650000000000002,2.123327515997674,17.130000000000003,0.3502626970227596,16.6426,3.289149531924096,15.6424,9.893622462026293,0,0,17.864675008708353,16.395324991291652,8.577641666180392,16.49645609140891,17.85,16.39,0,0,17.85,15.06,0,0,-2.8264556246466954,-0.6932409012131568,Uptrend
2022-12-28 20:00:00,17.19,17.24,17.09,17.12,323,15,0,54.46153846153849,863.7,0.37397244413569525,0,0.35357142857142876,2.0652536715620835,17.1175,0.014604936468533834,16.681,2.631736706432468,15.646199999999999,9.419539568713187,0,0,17.843436781356253,16.391563218643746,8.481808457499675,16.700148356424943,17.85,16.39,0,0,17.85,15.06,0,0,-0.40721349621872793,-3.057757644394106,Uptrend
2022-12-29 16:00:00,17.3,17.38,17.17,17.23,801,15,0,61.03896103896101,854.55,0.937335439705108,0,0.34357142857142875,1.9940303457424768,17.109,0.7072301128061176,16.7204,3.0477739766991157,15.649199999999999,10.101474835774365,0,0,17.82492119531014,16.393078804689864,8.368942606933633,18.436330026817156,17.85,16.39,0,0,17.85,15.06,0,0,0.6425233644859807,-2.600339174674962,Uptrend
2022-12-29 20:00:00,17.22,17.29,17.15,17.18,275,15,0,61.639344262295076,722.6,0.38057016329919735,0,0.34214285714285736,1.9915183768501592,17.1025,0.4531501242508439,16.744600000000002,2.6002412718129886,15.65295,9.755669059186921,0,0,17.81307797083159,16.39192202916841,8.30963860057407,20.28585501615857,17.85,16.39,0,0,17.85,15.15,0,0,-0.29019152640743506,-0.05817335660268507,Uptrend
2022-12-30 16:00:00,17.24,17.26,16.97,17.06,911,15,0,49.2125984251968,713.9,1.2760890881075782,0,0.3064285714285716,1.7961815441299627,17.1145,-0.31844342516580026,16.7668,1.7486938473650238,15.655899999999999,8.968503886713632,0,0,17.812993868412665,16.416006131587334,8.162597428060012,19.647257469357715,17.85,16.39,0,0,17.85,15.3,0,0,-0.6984866123399325,-0.3504672897196394,Uptrend
2022-12-30 20:00:00,17.07,17.11,16.97,17.09,432,15,0,47.56097560975608,715.95,0.6033940917661847,0,0.2964285714285718,1.7345147538242938,17.1405,-0.29462384411189607,16.7902,1.7855653893342618,15.6597,9.13363602112428,0,0,17.790697540832653,16.490302459167346,7.586681145038403,18.67199965143363,17.85,16.39,0,0,17.85,15.43,0,0,0.17584994138335475,-0.8125362739408042,Uptrend
2023-01-03 16:00:00,17.58,17.87,17.48,17.58,1591,15,0,50.763358778625935,723.25,2.199792602834428,1,0.32500000000000057,1.8486916951080807,17.185,2.2985161478033147,16.8184,4.52837368596298,15.664200000000001,12.230436281457061,0,0,17.827150990606114,16.542849009393883,7.473389474612922,16.855299015672,17.87,16.39,1,0,17.87,15.43,1,0,2.8671737858396718,2.328288707799759,Uptrend
2023-01-03 20:00:00,17.57,17.79,17.54,17.75,426,15,0,56.179775280898824,721.1,0.5907641103869089,0,0.329285714285715,1.8551307847082537,17.231,3.0120132319656334,16.854,5.316245401685065,15.66965,13.276301640432294,0,0,17.8974248684306,16.564575131569402,7.735185055198183,15.15204726823764,17.87,16.39,1,0,17.87,15.43,1,0,0.9670079635950124,4.044548651817124,Uptrend
2023-01-04 16:00:00,18.14,18.82,18.1,18.78,1391,15,0,77.37003058103974,742.8,1.8726440495422727,0,0.37428571428571494,1.9930016735128593,17.342499999999998,8.28888568545483,16.9174,11.009966070436358,15.681,19.762770231490354,0,0,18.236524019458102,16.448475980541893,10.310209248471725,18.280515044592736,18.82,16.39,1,0,18.82,15.43,1,0,5.802816901408447,9.888823873610306,Uptrend
2023-01-04 20:00:00,18.77,18.98,18.73,18.8,741,15,0,75.89576547231268,762.25,0.9721220072154805,0,0.3678571428571435,1.9566869300911887,17.459,7.680852282490412,16.9848,10.687202675333243,15.69205,19.805888969255136,0,0,18.473440992032273,16.444559007967726,11.620837299184075,21.61220045994034,18.98,16.75,1,0,18.98,15.43,1,0,0.10649627263046302,6.939704209328797,Uptrend
2023-01-05 16:00:00,18.52,18.63,18.26,18.54,1399,15,0,69.41896024464828,774.8,1.805627258647393,0,0.3778571428571433,2.038064416705196,17.531,5.755518795276941,17.0414,8.793878437217598,15.70145,18.078266656901114,0,0,18.638313486730105,16.423686513269892,12.632633469056032,23.829274906979943,18.98,16.89,0,0,18.98,15.43,0,0,-1.38297872340426,4.450704225352108,Uptrend
2023-01-05 20:00:00,18.54,18.75,18.49,18.7,481,15,0,70.50147492625365,779.95,0.6167061991153279,0,0.3885714285714292,2.0779220779220813,17.6055,6.216807247735083,17.0996,9.359283258087912,15.710999999999999,19.024887021831844,0,0,18.817431472788996,16.393568527211002,13.767646164993863,26.19045504282061,18.98,16.89,1,0,18.98,15.47,1,0,0.8629989212513456,-0.4259850905218416,Uptrend
2023-01-06 16:00:00,18.86,19.09,18.45,18.9,1818,15,0,69.13580246913574,825.6,2.20203488372093,1,0.3957142857142862,2.0937263794406675,17.673499999999997,6.939768580077526,17.1598,10.141143836175234,15.7234,20.203009527201488,0,0,19.015584396122485,16.33141560387751,15.187533834526128,26.169780701974737,19.09,16.89,1,0,19.09,15.69,1,0,1.0695187165775444,0.5319148936170099,Uptrend
2023-01-06 20:00:00,18.9,19.07,18.88,18.97,428,15,0,69.51219512195115,826.35,0.5179403400496158,0,0.4007142857142862,2.112357858272463,17.750999999999998,6.8672187482395435,17.214199999999998,10.199718836774297,15.73645,20.548154126248292,0,0,19.205733109904465,16.29626689009553,16.390435580017655,25.560138678565135,19.09,16.89,1,0,19.09,15.79,1,0,0.37037037037037646,2.3193096008629976,Uptrend
2023-01-09 16:00:00,19.18,19.29,18.99,19.1,1209,15,0,82.81786941580748,837.85,1.442979053529868,0,0.3771428571428575,1.9745699326851176,17.8565,6.963850698625156,17.256,10.686138154844699,15.75045,21.266376516226522,0,0,19.383123725742436,16.329876274257565,17.098801285161546,28.568869504789657,19.29,16.89,1,0,19.29,15.79,1,0,0.685292567211393,2.1390374331550914,Uptrend
2023-01-09 20:00:00,19.1,19.17,18.88,18.9,485,15,0,79.27631578947356,836.75,0.5796235434717658,0,0.3871428571428578,2.0483749055177665,17.941,5.345298478345687,17.2932,9.291513427243078,15.76335,19.89837185623613,0,0,19.503614543169892,16.378385456830106,17.419481000723405,31.5130485914305,19.29,16.97,0,0,19.29,16.21,0,0,-1.0471204188481797,0.0,Uptrend
2023-01-10 16:00:00,18.87,19.1,18.77,19.08,1342,15,0,79.74276527331176,843.65,1.5907070467610978,0,0.39214285714285807,2.055256064690032,18.0315,5.814824057898661,17.3378,10.04856440840243,15.778200000000002,20.92634140776512,0,0,19.639483699838756,16.423516300161246,17.835273824570944,33.09125675228207,19.29,16.97,1,0,19.29,16.21,1,0,0.952380952380949,0.5798629414865548,Uptrend
2023-01-10 20:00:00,19.08,19.38,19.08,19.32,422,15,0,82.42424242424232,846.3,0.49864114380243413,0,0.40357142857142947,2.0888790298728233,18.131999999999998,6.551952349437473,17.386400000000002,11.12133621681313,15.7949,22.317963393247187,0,0,19.80023701458812,16.463762985411876,18.40102597163162,34.90880831935967,19.38,16.97,1,0,19.38,16.21,1,0,1.2578616352201255,1.1518324607329782,Uptrend
2023-01-11 16:00:00,19.29,19.32,18.88,19.05,1110,15,0,78.84057971014488,854.25,1.2993854258121158,0,0.4142857142857151,2.1747281589801317,18.2015,4.661703705738546,17.437,9.250444457188733,15.81005,20.492977568065886,0,0,19.902438131242754,16.500561868757245,18.69008742403378,38.36142928710161,19.38,16.97,1,0,19.38,16.21,1,0,-1.3975155279503104,0.793650793650805,Uptrend
2023-01-11 20:00:00,19.05,19.17,19.03,19.13,368,15,0,79.14285714285707,857.6,0.42910447761194026,0,0.4142857142857151,2.1656336345306593,18.2735,4.6871152214956116,17.4906,9.37303465861662,15.8252,20.88314839622879,0,0,20.004909830167257,16.54209016983274,18.949952993868266,41.5998888306701,19.38,16.97,1,0,19.38,16.21,1,0,0.4199475065616687,0.26205450733752994,Uptrend
2023-01-12 16:00:00,19.44,19.49,19.14,19.41,1542,15,0,77.81155015197564,874.75,1.7627893683909688,0,0.38428571428571495,1.9798336645322772,18.3845,5.578068481601354,17.5518,10.586948347178067,15.841050000000001,22.529756550228672,0,0,20.10806393312775,16.66093606687225,18.750185570755253,43.976076419107535,19.49,16.97,1,0,19.49,16.21,1,0,1.463669628855202,0.4658385093167694,Uptrend
2023-01-12 20:00:00,19.41,19.47,19.3,19.36,399,15,0,75.39432176656143,878.55,0.45415741847362134,0,0.3785714285714291,1.955430932703663,18.496499999999997,4.668450787986927,17.6114,9.928796120694548,15.85725,22.089265162622766,0,0,20.1643037875254,16.828696212474593,18.033723001923654,46.35226400754498,19.49,16.97,1,0,19.49,16.21,1,0,-0.25759917568264346,1.6272965879265027,Uptrend
2023-01-13 16:00:00,19.42,19.74,19.38,19.7,991,15,0,68.54838709677409,888.05,1.115928157198356,0,0.32928571428571474,1.671501087744745,18.62,5.800214822771204,17.6706,11.484612859778382,15.875399999999999,24.091361477506084,0,0,20.258471688398707,16.981528311601295,17.599051432853983,44.90128540867907,19.74,16.97,1,0,19.74,16.21,1,0,1.7561983471074294,2.9796131730266615,Uptrend
2023-01-13 20:00:00,19.71,19.71,19.48,19.57,331,15,0,64.86486486486481,890.85,0.3715552562159735,0,0.32785714285714335,1.6753047667712997,18.7395,4.4318151498172345,17.726,10.402798149610748,15.892000000000001,23.143720110747537,0,0,20.281548876281818,17.19745112371818,16.45773768010692,42.701206482080806,19.74,16.97,1,0,19.74,16.21,1,0,-0.6598984771573502,0.8243173621844417,Uptrend
2023-01-17 16:00:00,19.12,19.21,18.71,18.77,1712,15,0,53.6741214057508,930.9,1.839080459770115,0,0.35071428571428626,1.8684831417916155,18.825,-0.2921646746347927,17.766,5.651243949116298,15.9047,18.015429401371918,0,0,20.149195883108703,17.500804116891295,14.068482157861398,41.032563374588776,19.74,16.97,0,0,19.74,16.21,0,0,-4.087889626980079,-3.047520661157024,Uptrend
2023-01-17 20:00:00,18.76,18.77,18.6,18.68,440,15,0,49.67320261437909,931.3,0.47245785461183293,0,0.3442857142857146,1.8430712756194572,18.9045,-1.1875479383215586,17.8052,4.913171433064501,15.916799999999999,17.360273421793334,0,0,19.952153518457695,17.856846481542302,11.083641656300847,38.63493316565407,19.74,17.48,0,0,19.74,16.21,0,0,-0.47948854555140974,-5.1776649746192875,Uptrend
2023-01-18 16:00:00,18.85,18.86,18.36,18.45,1389,15,0,42.71844660194178,921.2,1.5078158923143725,0,0.3342857142857145,1.8118466898954715,18.948,-2.6282457251425013,17.835600000000003,3.4447958016550957,15.931400000000002,15.809031221361568,0,0,19.82194086274696,18.07405913725304,9.224623841534298,37.28571472179986,19.74,17.54,0,0,19.74,16.21,0,0,-1.2312633832976427,-5.723045477772105,Uptrend
2023-01-18 20:00:00,18.45,18.51,18.32,18.32,337,15,0,39.68253968253972,916.75,0.3676029451868012,0,0.3342857142857145,1.8247036805988783,18.976499999999998,-3.4595420651858757,17.8718,2.5078615472420234,15.946,14.887746143233416,0,0,19.712185144323918,18.240814855676078,7.753644184374569,36.02631481405575,19.74,18.1,0,1,19.74,16.21,0,0,-0.7046070460704601,-2.3974427277570554,Uptrend
2023-01-19 16:00:00,18.36,18.85,18.33,18.58,1281,15,0,42.07317073170727,911.25,1.405761316872428,0,0.3492857142857146,1.879901583884363,18.9665,-2.0378034956370525,17.913800000000002,3.718920608692719,15.962649999999998,16.396713578259252,0,0,19.718683488252672,18.214316511747327,7.931705778637836,32.49251623715374,19.74,18.26,0,1,19.74,16.21,0,0,1.419213973799116,-0.5353319057815922,Uptrend
2023-01-19 20:00:00,18.58,18.76,18.56,18.63,407,15,0,45.68690095846646,894.55,0.45497736291990387,0,0.34285714285714314,1.8403496664366243,18.958,-1.7301403101592967,17.9536,3.7674895285625025,15.97945,16.587241738608018,0,0,19.721857247616853,18.194142752383144,8.058415947007646,29.051061620654135,19.74,18.26,0,0,19.74,16.21,0,0,0.2691065662002279,0.9756097560975594,Uptrend
2023-01-20 16:00:00,18.47,18.68,18.44,18.65,1095,15,0,42.76094276094276,879.35,1.2452379598567123,0,0.33642857142857147,1.8039065492148607,18.9635,-1.6531758377936627,17.98,3.7263626251390334,15.99875,16.571607156809122,0,0,19.716187116095924,18.210812883904076,7.9382721132272405,26.102633846019916,19.74,18.32,0,1,19.74,16.39,0,0,0.10735373054213682,1.8013100436681129,Uptrend
2023-01-20 20:00:00,18.66,18.9,18.63,18.87,329,15,0,42.37288135593222,871.75,0.37740177803269287,0,0.33428571428571424,1.7715194185782417,18.972,-0.5376344086021522,18.01,4.775124930594111,16.01855,17.80092455309625,0,0,19.71594680058807,18.22805319941193,7.842576434620174,22.99317016525965,19.74,18.32,0,0,19.74,16.39,0,0,1.1796246648793751,1.5608180839612633,Uptrend
2023-01-23 16:00:00,18.7,18.94,18.58,18.92,876,15,0,47.619047619047635,824.65,1.0622688413266235,0,0.3285714285714287,1.7366354575656904,18.973000000000003,-0.2793443314183356,18.040399999999998,4.875723376421829,16.0387,17.964672947308717,0,0,19.71659298431047,18.229407015689535,7.838433398096951,19.446970794706825,19.74,18.32,0,0,19.74,16.39,0,0,0.264970853206159,1.5566290928609914,Uptrend
2023-01-23 20:00:00,18.92,19.19,18.88,19.15,393,15,0,50.347222222222214,822.9,0.4775792927451695,0,0.3407142857142859,1.779186870570684,18.982,0.8850489937835805,18.077199999999998,5.934547385657076,16.0606,19.23589405128076,0,0,19.729785502597302,18.234214497402697,7.878890555234462,16.263435579921595,19.74,18.32,0,0,19.74,16.39,0,0,1.215644820295969,2.680965147453083,Uptrend
2023-01-24 16:00:00,19.07,19.28,18.89,19.12,1187,15,0,44.48669201520914,821.8,1.444390362618642,0,0.34285714285714314,1.793185893604305,18.983,0.7216983616920426,18.1232,5.500132426944471,16.0837,18.878118840813997,0,0,19.731503067532277,18.234496932467724,7.886035584810368,13.109618920177837,19.74,18.32,0,0,19.74,16.39,0,0,-0.15665796344646044,1.3248542660307365,Uptrend
2023-01-24 20:00:00,19.13,19.35,19.11,19.35,345,15,0,49.82206405693954,814.8,0.4234167893961709,0,0.3478571428571434,1.7977113325950564,19.0055,1.81263318513062,18.1788,6.442669483134214,16.10795,20.127018025260835,0,0,19.770372882455483,18.24062711754452,8.048963536402425,9.980144908350884,19.74,18.32,1,0,19.74,16.39,1,0,1.2029288702928964,2.272727272727271,Uptrend
2023-01-25 16:00:00,19.21,19.57,19.2,19.53,1111,15,0,46.79245283018871,803.25,1.3831310301898536,0,0.34714285714285786,1.7774851876234403,19.028,2.6382173638848143,18.235599999999998,7.09820351400559,16.1306,21.07423158468997,0,0,19.827778916819796,18.228221083180202,8.40633715387636,7.896709475858841,19.74,18.32,1,0,19.74,16.39,1,0,0.9302325581395321,1.984334203655366,Uptrend
2023-01-25 20:00:00,19.52,19.75,19.49,19.73,404,15,0,52.94117647058823,802.35,0.5035209073347043,0,0.3492857142857151,1.7703279994207555,19.0485,3.577709530934193,18.293599999999998,7.851926356758662,16.1552,22.127859760324846,0,0,19.899190741011143,18.19780925898886,8.931839683031654,6.540071414273788,19.75,18.32,1,0,19.75,16.39,1,0,1.024065540194563,3.1903765690376535,Uptrend
2023-01-26 16:00:00,19.54,19.65,19.34,19.34,1625,15,0,62.33766233766237,828.1,1.9623233908948194,0,0.3157142857142866,1.6324420150687,19.063,1.4530766406127107,18.3494,5.39854164168856,16.17845,19.541736074840284,0,0,19.923626454820454,18.202373545179544,9.029286626663746,8.271201054840601,19.75,18.32,0,0,19.75,16.39,0,0,-1.976685250886978,-0.05167958656331557,Uptrend
2023-01-26 20:00:00,19.34,19.63,19.33,19.63,423,15,0,68.92430278884464,830.85,0.509117169164109,0,0.32500000000000107,1.6556291390728535,19.088,2.8394803017602577,18.4126,6.611776718116929,16.202949999999998,21.150778099049873,0,0,19.98509707272665,18.190902927273353,9.399592128317773,11.051986577255303,19.75,18.32,1,0,19.75,16.39,1,0,1.499482936918306,0.5120327700972753,Uptrend
2023-01-27 16:00:00,19.39,19.64,19.33,19.56,1058,15,0,73.61702127659579,806.65,1.311597347052625,0,0.31142857142857266,1.592170610575525,19.095499999999998,2.4325102772904668,18.4618,5.948499062929933,16.224149999999998,20.5610155231553,0,0,20.006334781944556,18.18466521805544,9.539784576937588,14.29655256007301,19.75,18.32,1,0,19.75,16.39,1,0,-0.356597045338769,-0.8616320324379204,Uptrend
2023-01-27 20:00:00,19.56,19.68,19.48,19.62,374,15,0,78.5087719298246,805.4,0.4643655326545816,0,0.3121428571428582,1.590942187272468,19.1085,2.676819216579018,18.51,5.996758508914097,16.245900000000002,20.768932469115274,0,0,20.042360690613794,18.174639309386205,9.774296157351909,17.770533845567524,19.75,18.32,1,0,19.75,16.75,1,0,0.30674846625768915,1.4477766287487133,Uptrend
2023-01-30 16:00:00,19.49,19.67,19.4,19.42,761,15,0,68.918918918919,793.9,0.9585590124700845,0,0.2935714285714298,1.511696336619103,19.0945,1.7046793579303028,18.5476,4.703573508162795,16.265649999999997,19.39270794588599,0,0,19.998956219300617,18.190043780699384,9.473473715474261,20.390748598135207,19.75,18.32,1,0,19.75,16.89,1,0,-1.0193679918450549,-1.069791136016288,Uptrend
2023-01-30 20:00:00,19.42,19.44,19.33,19.41,385,15,0,67.88990825688076,796.6,0.4833040421792619,0,0.28714285714285837,1.4793552660631548,19.086499999999997,1.6949152542373032,18.5874,4.425578617773337,16.2851,19.18870624067399,0,0,19.97595340992153,18.197046590078465,9.320235872700945,22.809521161312087,19.75,18.32,1,0,19.75,16.89,1,0,-0.0514933058702427,-0.7668711656441646,Uptrend
2023-01-31 16:00:00,19.32,19.47,19.17,19.44,997,15,0,68.03652968036535,760.85,1.3103765525399225,0,0.2914285714285726,1.4991181657848383,19.119999999999997,1.673640167364037,18.636400000000002,4.311991586357877,16.303150000000002,19.240760221184242,0,0,20.009730887758522,18.230269112241473,9.306808449356954,25.041644786620555,19.75,18.32,1,0,19.75,16.89,1,0,0.15455950540959051,-0.917431192660549,Uptrend
2023-01-31 20:00:00,19.43,19.52,19.39,19.48,319,15,0,65.17412935323384,754.8,0.422628510863805,0,0.2814285714285725,1.4447051921384626,19.16,1.670146137787058,18.6818,4.272607564581579,16.32125,19.353603431109757,0,0,20.03829979296126,18.28170020703874,9.168056293958886,26.601868876256408,19.75,18.32,1,0,19.75,16.89,1,0,0.2057613168724215,0.3089598352214146,Uptrend
2023-02-01 16:00:00,19.45,19.56,19.34,19.41,787,15,0,62.06896551724136,724.7,1.085966606871809,0,0.27142857142857224,1.3983955251343236,19.208000000000002,1.0516451478550508,18.7246,3.660425322837344,16.3386,18.79842826190739,0,0,20.025765891090842,18.390234108909162,8.51484684601041,28.65550872299969,19.75,18.32,1,0,19.75,16.89,1,0,-0.35934291581108946,0.0,Uptrend
2023-02-01 20:00:00,19.41,20.08,19.29,19.88,1234,15,0,66.07929515418503,769.55,1.6035345331687352,0,0.3057142857142863,1.537798217878704,19.286,3.0799543710463424,18.776,5.879846612697056,16.358600000000003,21.526291980976342,0,0,20.042429284968485,18.529570715031518,7.844335631737874,30.824768035116136,20.08,18.33,1,0,20.08,16.97,1,0,2.4214322514167996,2.263374485596696,Uptrend
2023-02-02 16:00:00,19.91,19.98,19.24,19.26,1569,15,0,52.44755244755246,783.95,2.001403150711142,1,0.3307142857142864,1.7171042871977484,19.32,-0.3105590062111735,18.808,2.403232666950243,16.37675,17.605752057032074,0,0,20.00009287291481,18.63990712708519,7.04029889145765,32.91022476661892,20.08,18.44,0,0,20.08,16.97,0,0,-3.118712273641844,-1.129363449691986,Uptrend
2023-02-02 20:00:00,19.25,19.33,19.1,19.32,478,15,0,49.44237918215611,787.5,0.606984126984127,0,0.33000000000000035,1.7080745341614925,19.354499999999998,-0.17825311942957842,18.840600000000002,2.5445049520715806,16.39605,17.833258620216462,0,0,19.952231677171945,18.75676832282805,6.176668755813342,34.07853593493008,20.08,18.44,0,0,20.08,16.97,0,0,0.31152647975076775,-0.46367851622874734,Uptrend
2023-02-03 16:00:00,18.62,18.75,18.37,18.37,1615,15,0,33.23699421965317,813.5,1.9852489244007376,0,0.3714285714285716,2.0219301656427415,19.3405,-5.017967477572957,18.8642,-2.6197771440082236,16.4098,11.945300978683472,0,0,20.015792529204973,18.665207470795025,6.9831961862927425,35.9280950742238,20.08,18.37,0,1,20.08,16.97,0,0,-4.917184265010343,-7.595573440643853,Uptrend
2023-02-03 20:00:00,18.37,18.42,18.13,18.24,483,15,0,28.02359882005898,821.2,0.5881636629322942,0,0.37357142857142883,2.0480889724310796,19.309,-5.5362784193899355,18.886599999999998,-3.4235913293022535,16.4234,11.061047042634273,0,0,20.1215308091325,18.4964691908675,8.416083786136001,38.568676465206735,20.08,18.13,0,1,20.08,16.97,0,0,-0.7076755579749738,-5.295950155763256,Uptrend
2023-02-06 16:00:00,18.12,18.36,18.05,18.26,1251,15,0,32.1192052980133,839.95,1.4893743675218762,0,0.367857142857143,2.0145517133468944,19.276,-5.270803071176584,18.9072,-3.4230346111534122,16.4393,11.075289093817878,0,0,20.20089316595004,18.35110683404996,9.596318385038789,38.96367570876668,20.08,18.05,0,1,20.08,16.97,0,0,0.10964912280704286,-5.486542443064176,Uptrend
2023-02-06 20:00:00,18.26,18.32,18.21,18.24,373,15,0,24.72727272727279,838.95,0.4446033732641993,0,0.35428571428571437,1.9423558897243114,19.2305,-5.150672109409536,18.9284,-3.6368631263075666,16.4552,10.84641936895326,0,0,20.26458184548319,18.19641815451681,10.754601757449777,38.88121472583176,20.08,18.05,0,1,20.08,16.97,0,0,-0.10952902519169028,-0.7076755579749731,Uptrend
2023-02-07 16:00:00,18.4,18.6,18.16,18.58,1119,15,0,33.77483443708613,835.55,1.3392376279097602,0,0.36357142857142855,1.9567891742272798,19.2035,-3.246803968026662,18.9588,-1.9980167521151222,16.471950000000003,12.797816894781702,0,0,20.27717102675085,18.129828973249147,11.182034803560303,36.67838122548072,20.08,18.05,0,0,20.08,16.97,0,0,1.8640350877193068,1.8640350877192977,Uptrend
2023-02-07 20:00:00,18.58,18.61,18.12,18.43,813,15,0,30.86816720257235,858.95,0.9465044531113569,0,0.38428571428571423,2.0851096814200445,19.157500000000002,-3.797468354430393,18.985599999999998,-2.9264284510365663,16.488,11.778262979136343,0,0,20.282355546281394,18.03264445371861,11.743239423530124,34.336137442021695,20.08,18.05,0,0,20.08,16.97,0,0,-0.8073196986006392,0.9309967141292341,Uptrend
2023-02-08 16:00:00,18.44,18.44,18.04,18.24,748,15,0,30.967741935483858,840.8,0.889628924833492,0,0.3935714285714284,2.1577380952380945,19.093,-4.467605928874464,18.9988,-3.993936459144792,16.502850000000002,10.526363628100576,0,0,20.27443712664302,17.91156287335698,12.375604950956042,33.18841243441567,20.08,18.04,0,1,20.08,16.97,0,0,-1.0309278350515538,0.0,Uptrend
2023-02-08 20:00:00,18.24,18.32,18.17,18.27,323,15,0,31.73076923076924,836.75,0.3860173289512997,0,0.39642857142857096,2.1698334506216255,19.02,-3.943217665615142,19.0092,-3.8886433937251454,16.5172,10.611968130191563,0,0,20.216046117751922,17.823953882248077,12.576720481092774,32.36423661023985,20.08,18.04,0,1,20.08,17.48,0,0,0.164473684210531,-1.668460710441328,Uptrend
2023-02-09 16:00:00,18.39,18.42,17.78,17.84,1089,15,0,27.272727272727266,809.95,1.34452743996543,0,0.4207142857142855,2.3582639333760396,18.945,-5.832673528635526,18.9904,-6.05779762406269,16.532449999999997,7.908991105371574,0,0,20.240538904329597,17.649461095670404,13.676842484345176,31.88637460026965,20.08,17.78,0,1,20.08,17.54,0,1,-2.3535851122058027,-3.2013022246337486,Uptrend
2023-02-09 20:00:00,17.83,17.86,17.53,17.74,578,15,0,25.698324022346384,817.7,0.7068607068607068,0,0.4349999999999997,2.4520856820744066,18.8505,-5.891090422004731,18.969199999999997,-6.4799780697130025,16.546300000000002,7.214301686781916,0,0,20.209810583773198,17.491189416226803,14.422010915075967,32.4608753683188,20.08,17.53,0,1,20.08,17.53,0,1,-0.5605381165919354,-2.741228070175439,Uptrend
2023-02-10 16:00:00,17.73,17.97,17.63,17.88,1130,15,0,29.041095890410972,821.3,1.3758675270911969,0,0.4435714285714284,2.480824544582933,18.7665,-4.723843018144041,18.956,-5.676303017514246,16.561,7.964494897651102,0,0,20.148645928771984,17.384354071228017,14.729927570638992,32.7429266503701,20.08,17.53,0,1,20.08,17.53,0,1,0.7891770011273946,-2.1346469622331723,Uptrend
2023-02-10 20:00:00,17.88,17.95,17.83,17.86,331,15,0,18.43750000000007,819.15,0.4040773973020814,0,0.39571428571428563,2.215645496720524,18.6785,-4.382043525979068,18.9392,-5.698234349919744,16.5748,7.753939715713008,0,0,20.055946531582375,17.301053468417624,14.749005879298396,34.41590353343103,20.08,17.53,0,1,20.08,17.53,0,1,-0.11185682326622093,0.11210762331838327,Uptrend
2023-02-13 16:00:00,17.67,17.9,17.65,17.78,822,15,0,22.18045112781961,822.2,0.9997567501824373,0,0.3607142857142855,2.0287642616101547,18.5965,-4.390611136504169,18.9168,-6.009473060982817,16.58865,7.181717620180061,0,0,19.983314221231666,17.209685778768332,14.914787419478582,36.72658128432345,20.08,17.53,0,1,20.08,17.53,0,1,-0.4479283314669513,0.22547914317927117,Uptrend
2023-02-13 20:00:00,17.77,17.87,17.7,17.85,329,15,0,22.47191011235965,819.4,0.40151330241640226,0,0.3564285714285716,1.996798719487796,18.5185,-3.6099036099035997,18.8944,-5.527563722584467,16.60295,7.511014608849642,0,0,19.888037378671644,17.148962621328355,14.791018480672241,39.7831586716095,20.08,17.53,0,1,20.08,17.53,0,1,0.3937007874015741,-0.16778523489931535,Uptrend
2023-02-14 16:00:00,17.45,17.8,17.39,17.54,1595,15,0,29.55665024630548,849.3,1.8780171906275758,0,0.3214285714285717,1.8325460172666574,18.4235,-4.7955057399517,18.8632,-7.014716485007846,16.61925,5.5402620455194915,0,0,19.787476770908793,17.05952322909121,14.806923450037093,41.68023026007859,20.08,17.39,0,1,20.08,17.39,0,1,-1.7366946778711645,-1.7917133258678628,Uptrend
2023-02-14 20:00:00,17.54,17.77,17.54,17.74,541,15,0,38.095238095238145,860.4,0.6287773128777313,0,0.3171428571428572,1.7877274923498154,18.3365,-3.2530744689553757,18.84,-5.838641188959668,16.63605,6.635890130169106,0,0,19.637241084313423,17.03575891568658,14.187452178042944,41.954037690559126,20.08,17.39,0,0,20.08,17.39,0,0,1.1402508551881407,-0.22497187851520076,Uptrend
2023-02-15 16:00:00,17.2,17.27,16.85,17.02,1720,15,0,27.857142857142847,907.05,1.8962570971831763,0,0.35857142857142854,2.1067651502434113,18.217,-6.570785529999447,18.7988,-9.46230610464498,16.6505,2.219152578000652,0,0,19.541412084066298,16.8925879159337,14.540397256038858,43.2799492394904,20.08,16.85,0,1,20.08,16.85,0,1,-4.058624577226599,-4.649859943977601,Uptrend
2023-02-15 20:00:00,17.03,17.1,16.94,17.1,722,15,0,30.069930069930138,881.45,0.8191048839979579,0,0.36214285714285716,2.1177944862155385,18.078,-5.4098904746100125,18.754399999999997,-8.82139657893612,16.66555,2.606874660602271,0,0,19.241254961417706,16.914745038582293,12.869288211281187,44.62378612549595,19.98,16.85,0,1,20.08,16.85,0,1,0.4700352526439522,-2.5085518814138985,Uptrend
2023-02-16 16:00:00,16.77,16.94,16.54,16.88,1252,15,0,18.978102189781097,865.6,1.4463955637707948,0,0.37071428571428583,2.1961746784021674,17.959,-6.0081296285984775,18.711,-9.78568756346534,16.679350000000003,1.202984528773579,0,0,19.099856557245587,16.818143442754412,12.705123417178996,48.55185406319735,19.33,16.54,0,0,20.08,16.54,0,0,-1.286549707602358,-4.847801578354,Uptrend
2023-02-16 20:00:00,16.88,17.01,16.85,16.85,485,15,0,19.84732824427489,865.95,0.5600785264738148,0,0.34714285714285736,2.0601949978804592,17.8355,-5.5254969022455125,18.665399999999998,-9.726017122590445,16.69345,0.9377929667025263,0,0,18.887304964910427,16.783695035089572,11.794510553787982,51.977389419749144,18.75,16.54,0,1,20.08,16.54,0,1,-0.17772511848339612,-0.9988249118683793,Uptrend
2023-02-17 16:00:00,16.5,16.71,16.37,16.53,1045,15,0,18.90909090909099,837.45,1.2478356916830855,0,0.3528571428571429,2.134646962233169,17.7435,-6.83912418632175,18.6078,-11.166285106245768,16.702749999999998,-1.0342608253131795,0,0,18.91367812409263,16.57332187590737,13.189935740892489,55.61103049400555,18.61,16.37,0,1,20.08,16.37,0,1,-1.8991097922848699,-3.333333333333335,Downtrend
2023-02-17 20:00:00,16.53,16.69,16.52,16.67,394,15,0,22.027972027972098,833.0,0.4729891956782713,0,0.3542857142857146,2.1252892278687137,17.665,-5.632606849702788,18.554000000000002,-10.154144658833674,16.71165,-0.24922733542167935,0,0,18.903581531642537,16.42641846835746,14.023000641296779,59.37863872470101,18.61,16.37,0,1,20.08,16.37,0,1,0.8469449485783542,-1.2440758293838703,Downtrend
2023-02-21 16:00:00,16.65,16.72,16.42,16.55,995,14,0,24.705882352941245,820.2,1.2131187515240185,0,0.33000000000000007,1.9939577039274927,17.5795,-5.856253021985829,18.491,-10.496998539830182,16.72,-1.0167464114832425,0,0,18.879693912663015,16.279306087336984,14.79216033064667,63.15970893114632,18.61,16.37,0,1,20.08,16.37,0,1,-0.7198560287942524,-1.7804154302670665,Downtrend
2023-02-21 20:00:00,16.55,16.58,16.44,16.52,301,14,0,25.403225806451672,816.6,0.3686015184913054,0,0.3164285714285714,1.915427187824282,17.4935,-5.564924114671171,18.43,-10.36353771025502,16.72745,-1.2401770742103635,0,0,18.83657228319788,16.15042771680212,15.35510084543265,66.271766330668,18.61,16.37,0,1,20.08,16.37,0,1,-0.18126888217523396,-0.060496067755605336,Downtrend
2023-02-22 16:00:00,16.29,16.34,16.08,16.22,866,14,0,18.560606060606105,803.95,1.0771814167547733,0,0.3235714285714287,1.994891668134579,17.3755,-6.650168340479411,18.379,-11.747102671527298,16.730549999999997,-3.05160320491555,0,0,18.731274783346223,16.019725216653775,15.605591589838841,70.39683973055057,18.61,16.08,0,1,20.08,16.08,0,1,-1.8159806295399594,-2.699460107978421,Downtrend
2023-02-22 20:00:00,16.22,16.23,16.03,16.11,517,14,0,17.948717948718,789.15,0.6551352721282393,0,0.32928571428571424,2.0439833288995297,17.2595,-6.660100234653378,18.3276,-12.099783932429782,16.734,-3.7289351021871773,0,0,18.632280121926843,15.886719878073155,15.90753059969112,72.66291469986415,18.44,16.03,0,1,20.08,16.03,0,1,-0.6781750924784169,-2.658610271903331,Downtrend
2023-02-23 16:00:00,16.06,16.2,15.98,15.99,991,14,0,17.689530685920616,801.3,1.236740297017347,0,0.327142857142857,2.045921558116679,17.147,-6.747536012130392,18.278399999999998,-12.51969537815125,16.73555,-4.454887948110458,0,0,18.549900754264304,15.744099245735693,16.363221021336738,74.76573020613482,18.42,15.98,0,1,20.08,15.98,0,1,-0.7448789571694592,-3.208232445520577,Downtrend
2023-02-23 20:00:00,15.99,16.16,15.97,15.99,345,14,0,15.5555555555556,802.4,0.4299601196410768,0,0.3285714285714283,2.0548557133922967,17.033,-6.123407503082258,18.2318,-12.29609802652508,16.7362,-4.45859872611465,0,0,18.422147409858052,15.64385259014195,16.311247693982867,77.0176545979388,18.42,15.97,0,1,20.08,15.97,0,1,0.0,-1.4180024660912371,Downtrend
2023-02-24 16:00:00,15.85,15.93,15.73,15.89,837,14,0,16.86746987951814,789.8,1.0597619650544443,0,0.31428571428571395,1.9778836644790052,16.9355,-6.173422691978391,18.178,-12.586643195070964,16.73465,-5.047312014293684,0,0,18.359452616006273,15.511547383993731,16.816186306944235,79.81088996877612,17.97,15.73,0,1,20.08,15.73,0,1,-0.6253908692933074,-1.3656114214773363,Downtrend
2023-02-24 20:00:00,15.88,15.93,15.8,15.91,320,14,0,10.389610389610468,776.9,0.41189342257690825,0,0.30714285714285666,1.9305019305019273,16.844,-5.545001187366427,18.1236,-12.213908936414397,16.734350000000003,-4.92609512768648,0,0,18.285364850264656,15.402635149735346,17.114282240140763,83.03424519968114,17.97,15.73,0,1,20.08,15.73,0,1,0.12586532410321372,-0.5003126954346471,Downtrend
2023-02-27 16:00:00,15.85,15.95,15.79,15.88,646,14,0,14.814814814814923,752.7,0.8582436561711173,0,0.2549999999999998,1.6057934508816107,16.744000000000003,-5.160057333970391,18.0682,-12.110780265881493,16.7353,-5.110753915376468,0,0,18.160019625198345,15.327980374801662,16.913755676043255,84.96094729850029,17.95,15.73,0,1,20.08,15.73,0,1,-0.18856065367692798,-0.6879299562226356,Downtrend
2023-02-27 20:00:00,15.88,16.0,15.87,15.9,333,14,0,11.538461538461519,752.8,0.44234856535600425,0,0.25285714285714267,1.5902964959568722,16.646,-4.481557130842247,18.008799999999997,-11.709830749411383,16.73575,-4.9938006961146,0,0,18.007042943751706,15.284957056248295,16.352792788077682,86.53086332624765,17.9,15.73,0,1,20.08,15.73,0,1,0.12594458438286438,0.06293266205160344,Downtrend
2023-02-28 16:00:00,15.8,16.1,15.79,16.08,830,14,0,23.684210526315695,753.2,1.1019649495485926,0,0.23499999999999982,1.4614427860696508,16.561,-2.904413984662772,17.952,-10.427807486631034,16.7372,-3.9265827020051325,0,0,17.833294239387413,15.288705760612586,15.364944621549586,85.42087956001389,17.87,15.73,0,0,20.08,15.73,0,0,1.1320754716980908,1.0685103708359405,Downtrend
2023-02-28 20:00:00,16.08,16.2,16.02,16.04,400,14,0,23.52941176470577,756.75,0.5285761480013215,0,0.2364285714285712,1.4739935874599204,16.4705,-2.6137640023071675,17.8898,-10.339970262384162,16.73705,-4.164712419452656,0,0,17.60698534850558,15.334014651494421,13.800253161781125,84.42024674874988,17.8,15.73,0,1,20.08,15.73,0,1,-0.24875621890546595,1.007556675062962,Downtrend
2023-03-01 16:00:00,16.31,16.4,16.11,16.26,1004,14,0,40.55944055944057,727.2,1.3806380638063807,0,0.22785714285714256,1.401335441925846,16.4065,-0.8929387742662945,17.832600000000003,-8.81868039433398,16.74005,-2.867673632993919,0,0,17.427712385765822,15.38528761423418,12.44887557694598,80.66048781161801,17.77,15.73,0,0,20.08,15.73,0,0,1.371571072319222,2.264150943396234,Downtrend
2023-03-01 20:00:00,16.25,16.35,16.23,16.24,347,14,0,33.587786259541886,717.5,0.48362369337979094,0,0.22428571428571395,1.3810696692470072,16.3315,-0.5602669687413889,17.7704,-8.61207401071445,16.7442,-3.011191935117837,0,0,17.13813759553204,15.524862404467957,9.878303836537267,76.90072887448615,17.27,15.73,0,0,20.08,15.73,0,0,-0.12300123001232066,0.9950248756218916,Downtrend
2023-03-02 16:00:00,16.13,16.25,16.06,16.24,619,14,0,36.974789915966305,662.45,0.9344101441618234,0,0.2164285714285714,1.332688247712878,16.2925,-0.32223415682063516,17.7046,-8.272426375066372,16.749100000000002,-3.039566305055218,0,0,17.0315712521732,15.5534287478268,9.072533400929268,73.38306862972668,17.1,15.73,0,0,20.08,15.73,0,0,0.0,1.246882793017452,Downtrend
2023-03-02 20:00:00,16.24,16.32,16.13,16.3,350,14,0,40.983606557377115,643.85,0.5436048769123243,0,0.22000000000000025,1.3496932515337436,16.252499999999998,0.29226272881097054,17.636000000000003,-7.5754139260603415,16.7547,-2.713865363151826,0,0,16.886713146969416,15.618286853030579,7.804499578150055,69.54009292825488,17.01,15.73,0,0,20.08,15.73,0,0,0.3694581280788256,0.24600246002459497,Downtrend
2023-03-03 16:00:00,16.4,16.44,16.26,16.35,866,14,0,56.70103092783516,624.55,1.3865983508125852,0,0.20142857142857157,1.2319790301441684,16.226,0.7642055959571203,17.5762,-6.976479557583542,16.76,-2.446300715990454,0,0,16.790247053019755,15.661752946980243,6.954850893871018,63.2237069039888,17.01,15.73,0,0,20.08,15.73,0,0,0.30674846625766694,0.677339901477851,Downtrend
2023-03-03 20:00:00,16.35,16.46,16.32,16.46,287,14,0,68.04123711340209,614.65,0.4669324005531604,0,0.19714285714285737,1.19770873112307,16.2065,1.5641872088359765,17.5128,-6.011602941848236,16.7677,-1.8350757706781522,0,0,16.702813780204036,15.71018621979596,6.124873108987606,57.30713947962867,16.72,15.73,1,0,20.08,15.73,0,0,0.6727828746177389,1.3546798029556801,Downtrend
2023-03-06 16:00:00,16.31,16.41,16.21,16.23,596,14,0,61.11111111111108,592.2,1.006416751097602,0,0.1992857142857146,1.227884869289677,16.191499999999998,0.23777908161691413,17.446199999999997,-6.971145578979934,16.774350000000002,-3.245133194430791,0,0,16.664220012825435,15.71877998717456,5.839113273327826,51.056382362729785,16.72,15.73,0,0,20.08,15.73,0,0,-1.3973268529769212,-0.4294478527607379,Downtrend
2023-03-06 20:00:00,16.23,16.25,16.11,16.24,249,14,0,61.46788990825679,584.95,0.4256774083254979,0,0.19571428571428612,1.2051372273047176,16.169999999999998,0.43290043290043473,17.3786,-6.551736043179544,16.7808,-3.2227307398932163,0,0,16.58690589623457,15.753094103765427,5.156535513105392,44.62791169388673,16.72,15.73,0,0,20.08,15.73,0,0,0.061614294516321166,-0.6727828746177552,Downtrend
2023-03-07 16:00:00,16.03,16.04,15.7,15.71,1021,14,0,44.07894736842106,586.25,1.7415778251599148,0,0.21571428571428605,1.3731017550240996,16.128,-2.591765873015868,17.3044,-9.213841566306836,16.78705,-6.415957538697984,0,0,16.552888839951276,15.703111160048724,5.26895882876086,38.97684233313995,16.58,15.7,0,1,20.08,15.7,0,1,-3.2635467980295374,-4.556500607533414,Downtrend
2023-03-07 20:00:00,15.71,15.76,15.59,15.69,458,14,0,42.76315789473683,594.1,0.7709139875441845,0,0.218571428571429,1.3930620049166922,16.086499999999997,-2.46479967674757,17.23,-8.937899013348815,16.792550000000002,-6.565709198424316,0,0,16.512313153982593,15.660686846017404,5.294043502099208,33.7359416460349,16.46,15.59,0,1,20.08,15.59,0,1,-0.12730744748569167,-3.327171903881706,Downtrend
2023-03-08 16:00:00,15.74,15.88,15.57,15.59,836,14,0,40.880503144654064,592.6,1.410732365845427,0,0.22928571428571473,1.4707229909282535,16.055,-2.8962939894113973,17.153,-9.11210866903748,16.799799999999998,-7.201276205669103,0,0,16.529641138678105,15.580358861321892,5.912689363788308,28.41782477093566,16.46,15.57,0,1,20.08,15.57,0,1,-0.6373486297004405,-4.002463054187184,Downtrend
2023-03-08 20:00:00,15.59,15.6,15.51,15.55,302,14,0,39.13043478260871,581.85,0.5190341153218183,0,0.2264285714285718,1.4561322921451563,16.027,-2.9762276158981735,17.074399999999997,-8.927985756454088,16.80715,-7.479852324754639,0,0,16.551438546898503,15.502561453101498,6.54443809694269,23.890508511775813,16.46,15.51,0,1,20.08,15.51,0,1,-0.25657472738934706,-1.0184595798854241,Downtrend
2023-03-09 16:00:00,15.74,15.79,15.51,15.57,718,14,0,32.41379310344837,568.2,1.2636395635339668,0,0.22428571428571445,1.4404991283604012,16.006,-2.7239785080594774,16.9976,-8.398832776391952,16.81165,-7.385652211412919,0,0,16.568902253830757,15.443097746169244,7.03364055767533,19.720234341501655,16.46,15.51,0,1,20.08,15.51,0,1,0.12861736334404128,-0.7648183556405304,Downtrend
2023-03-09 20:00:00,15.56,15.64,15.41,15.49,409,14,0,31.543624161073907,571.4,0.7157857892894645,0,0.22785714285714306,1.470995112053861,15.981,-3.0723984731869076,16.9098,-8.39631456315273,16.816499999999998,-7.888086105907875,0,0,16.58946312001663,15.372536879983368,7.614831612748035,16.55696903537919,16.46,15.41,0,1,20.08,15.41,0,1,-0.5138086062941527,-0.6414368184733782,Downtrend
2023-03-10 16:00:00,15.9,16.21,15.9,15.95,1515,14,0,41.0404624277456,605.3,2.5028911283660995,1,0.2535714285714289,1.5897895208240056,15.984,-0.21271271271271708,16.8436,-5.305279156474859,16.822850000000003,-5.188478765488624,0,0,16.591164245531598,15.376835754468404,7.597150219364325,14.54906910121195,16.46,15.41,0,0,20.08,15.41,0,0,2.969657843770168,2.5723472668810197,Downtrend
2023-03-10 20:00:00,15.95,15.99,15.76,15.83,596,14,0,38.7978142076503,619.1,0.9626877725730899,0,0.2614285714285717,1.6514754986012108,15.98,-0.9386733416770985,16.773799999999998,-5.626632009443286,16.828500000000002,-5.933386814035723,0,1,16.590263101154658,15.369736898845343,7.637836059507606,12.91023174808886,16.46,15.41,0,0,19.98,15.41,0,0,-0.7523510971786829,1.6698779704560036,Downtrend
2023-03-13 12:00:00,16.97,17.15,16.74,16.78,942,14,0,59.71223021582739,633.9,1.486038807382868,0,0.3421428571428572,2.0389919972756685,16.025,4.711388455538238,16.741999999999997,0.22697407717120902,16.84075,-0.3607321526654024,0,0,16.72964623449558,15.320353765504416,8.794336779976057,13.027475615332705,17.15,15.41,0,0,19.33,15.41,0,0,6.001263423878722,8.327953518398973,Downtrend
2023-03-13 16:00:00,16.77,17.04,16.71,16.98,1915,14,0,61.64383561643837,713.0,2.685834502103787,1,0.352142857142857,2.0738684166245993,16.079,5.603582312332855,16.7168,1.5744640122511557,16.85375,0.7490914484906852,0,0,16.899343958669565,15.258656041330434,10.203917640021958,13.403583479353445,17.15,15.41,1,0,18.75,15.41,0,0,1.1918951132300348,6.4576802507837066,Uptrend
2023-03-13 20:00:00,16.98,17.06,16.91,16.95,396,14,0,60.344827586206875,691.3,0.5728337914074931,0,0.34999999999999976,2.0648967551622404,16.1225,5.132578694371224,16.6906,1.5541682144440547,16.8655,0.5010227980196167,0,0,17.030635742229727,15.214364257770272,11.265445709160828,15.382766461227552,17.15,15.41,1,0,18.61,15.41,0,0,-0.17667844522968323,7.075173720783318,Uptrend
2023-03-14 12:00:00,16.78,17.0,16.78,16.94,417,14,0,58.5714285714286,692.15,0.6024705627392907,0,0.35571428571428537,2.0998482037443056,16.167499999999997,4.778104221431914,16.6646,1.6526049230104607,16.87805,0.36704477116728235,0,0,17.144969881080947,15.190030118919045,12.091787611949291,16.5482282067426,17.15,15.41,1,0,18.61,15.41,0,0,-0.058997050147480135,0.9535160905840294,Uptrend
2023-03-14 16:00:00,16.94,17.05,16.82,16.87,894,14,0,62.12121212121216,686.65,1.301973348867691,0,0.354285714285714,2.1000931492929102,16.198,4.1486603284356125,16.630399999999998,1.4407350394458518,16.88775,-0.10510577193527551,0,0,17.22446249963516,15.171537500364842,12.673941222807242,18.465998909560057,17.15,15.41,1,0,18.61,15.41,0,0,-0.4132231404958664,-0.6478209658421639,Downtrend
2023-03-14 20:00:00,16.88,17.05,16.87,17.0,303,14,0,63.76811594202904,684.45,0.44269121192198113,0,0.35714285714285676,2.1008403361344516,16.235999999999997,4.705592510470578,16.6018,2.398535098603761,16.89795,0.6039194103426653,0,0,17.323467361881384,15.14853263811861,13.395754642539881,20.861216405751424,17.15,15.41,1,0,18.61,15.41,0,0,0.7705986959098965,0.29498525073746734,Uptrend
2023-03-15 12:00:00,17.35,17.46,17.11,17.31,737,14,0,81.496062992126,690.35,1.067574418773086,0,0.35142857142857115,2.030205496410001,16.289499999999997,6.264771785506014,16.5832,4.382748806020534,16.910050000000002,2.365161545944553,0,0,17.478351281035785,15.100648718964209,14.596534958541248,24.378171048107987,17.46,15.41,1,0,18.61,15.41,0,0,1.8235294117646905,2.1841794569067146,Uptrend
2023-03-15 16:00:00,17.3,17.43,17.17,17.39,1607,14,0,82.69230769230776,753.2,2.133563462559745,1,0.3578571428571425,2.0578329088967364,16.344,6.399902104747915,16.5656,4.976577968802824,16.92215,2.764719613051546,0,0,17.63078137839684,15.057218621603164,15.746223426295124,27.9093943158582,17.46,15.41,1,0,18.44,15.41,0,0,0.46216060080879195,3.0823947836395944,Uptrend
2023-03-15 20:00:00,17.38,17.47,17.26,17.41,627,14,0,86.11111111111117,741.25,0.8458684654300168,0,0.3507142857142851,2.0144416181176625,16.397,6.17795938281394,16.557000000000002,5.151899498701443,16.933500000000002,2.8139486816074517,0,0,17.769298877987488,15.02470112201251,16.73841407559296,31.90341656637019,17.47,15.41,1,0,18.42,15.41,0,0,0.11500862564692849,2.4117647058823537,Uptrend
2023-03-16 12:00:00,17.3,17.36,17.05,17.06,547,14,0,76.67844522968196,754.25,0.725223732184289,0,0.36999999999999933,2.1688159437280152,16.427,3.853412065501912,16.543400000000002,3.1226954555895206,16.94285,0.6914421127496186,0,0,17.830965811549344,15.023034188450655,17.093392725991897,34.87229126708847,17.47,15.41,0,0,18.42,15.41,0,0,-2.010338885697882,-1.4442518775274409,Uptrend
2023-03-16 16:00:00,17.06,17.24,16.92,17.12,1220,14,0,77.0034843205575,785.45,1.5532497294544527,0,0.372857142857142,2.1779038718291,16.4715,3.9371034817715573,16.528200000000002,3.5805471860214615,16.9501,1.0023539684131773,0,0,17.905277124278623,15.037722875721375,17.409187071956094,37.84463293508231,17.47,15.41,0,0,17.97,15.41,0,0,0.3516998827667095,-1.552616446233465,Uptrend
2023-03-16 20:00:00,17.11,17.32,17.1,17.32,255,14,0,80.60200668896321,785.75,0.3245307031498568,0,0.37214285714285616,2.1486308149125644,16.5255,4.807721400260199,16.5174,4.859118263164916,16.9586,2.1310721403889454,0,0,18.003243300833173,15.047756699166829,17.884400482081293,40.48051557096495,17.47,15.41,1,0,17.97,15.41,0,0,1.1682242990654235,-0.5169442848937383,Uptrend
2023-03-17 12:00:00,17.48,17.68,17.4,17.66,551,14,0,79.79094076655053,762.25,0.722859954083306,0,0.34642857142857036,1.9616566898560044,16.623,6.238344462491722,16.515,6.933091129276413,16.9693,4.070291644322391,0,0,18.131196552875224,15.114803447124777,18.145900894847184,44.27782692187278,17.68,15.41,1,0,17.95,15.41,1,0,1.9630484988452546,3.5169988276670656,Uptrend
2023-03-17 16:00:00,17.66,18.14,17.65,18.13,1394,14,0,85.7142857142857,809.05,1.7230084667202274,0,0.36499999999999905,2.0132377275234368,16.745,8.271125709166903,16.520599999999998,9.741776933041178,16.982950000000002,6.754126933188854,0,0,18.328301015367146,15.161698984632856,18.910731745203275,48.69959562935579,18.14,15.41,1,0,18.14,15.41,1,0,2.6613816534541312,5.899532710280362,Uptrend
2023-03-17 20:00:00,18.13,18.21,18.02,18.02,450,14,0,76.0504201680672,789.75,0.5698005698005698,0,0.28428571428571353,1.577612176946246,16.8665,6.839000385379309,16.5302,9.012595128915555,16.9969,6.01933293718266,0,0,18.449558665003163,15.283441334996835,18.771632111026758,49.655674726138436,18.21,15.41,1,0,18.21,15.41,1,0,-0.60672917815775,4.041570438799072,Uptrend
2023-03-20 12:00:00,18.22,18.41,18.15,18.34,513,14,0,77.19999999999999,800.3,0.641009621391978,0,0.288571428571428,1.5734538090045147,17.006,7.844290250499822,16.5422,10.867961939766166,17.0125,7.803085966201325,0,0,18.59230188936723,15.419698110632769,18.65579077228309,51.279899739934,18.41,15.41,1,0,18.41,15.41,1,0,1.7758046614872347,3.850509626274064,Uptrend
2023-03-20 16:00:00,18.34,18.37,18.02,18.17,1053,14,0,73.10606060606068,817.05,1.288782816229117,0,0.3028571428571425,1.6667977042220279,17.136,6.034080298786196,16.5652,9.687779199768194,17.0278,6.707854214872165,0,0,18.65135856448133,15.62064143551867,17.68625775538435,52.386399329676784,18.41,15.41,1,0,18.41,15.41,1,0,-0.9269356597600753,0.22062879205737837,Uptrend
2023-03-20 20:00:00,18.16,18.23,18.14,18.15,255,14,0,72.83018867924521,809.35,0.31506764687712363,0,0.29357142857142826,1.6174734356552523,17.269,5.101627193236437,16.5862,9.428319928615336,17.04325,6.4937731946665,0,0,18.63571561743727,15.902284382562726,15.828543835048611,54.53503379846901,18.41,15.76,1,0,18.41,15.41,1,0,-0.11007154650524154,0.7214206437291844,Uptrend
2023-03-21 12:00:00,17.74,17.83,17.53,17.55,518,14,0,60.691823899371066,759.5,0.6820276497695853,0,0.3214285714285709,1.8315018315018285,17.348999999999997,1.1585682171883342,16.5996,5.72543916720886,17.0562,2.8951349069546573,0,0,18.5701969969103,16.127803003089692,14.07801022433921,53.71616419455268,18.41,15.76,0,0,18.41,15.41,0,0,-3.305785123966931,-4.307524536532165,Uptrend
2023-03-21 16:00:00,17.55,17.63,17.41,17.49,1153,14,0,57.87781350482312,787.35,1.4644059185876674,0,0.32428571428571373,1.8541207220452474,17.432,0.3327214318494713,16.6124,5.282800799402841,17.0671,2.4778667729139605,0,0,18.42232371103149,16.44167628896851,11.362135280306216,52.230614101217135,18.41,16.71,0,0,18.41,15.41,0,0,-0.34188034188035177,-3.742432581177783,Uptrend
2023-03-21 20:00:00,17.49,17.63,17.45,17.61,310,14,0,55.136986301369866,755.75,0.4101885544161429,0,0.30428571428571366,1.7279143343879255,17.4735,0.7811829341574272,16.634,5.867500300589149,17.07925,3.1075720538079903,0,0,18.41725007842433,16.52974992157567,10.802072606224622,47.82754695449079,18.41,16.71,0,0,18.41,15.41,0,0,0.6861063464837169,-2.9752066115702434,Uptrend
2023-03-22 12:00:00,17.69,17.77,17.58,17.71,237,14,0,55.44217687074829,671.85,0.35275731189997767,0,0.2992857142857139,1.6899249818504454,17.509999999999998,1.1422044545973893,16.6548,6.335711026250686,17.092650000000003,3.61178635261354,0,0,18.429542220203324,16.590457779796672,10.503052201065971,43.390572164574806,18.41,16.78,0,0,18.41,15.41,0,0,0.5678591709256109,0.9116809116809125,Uptrend
2023-03-22 16:00:00,17.71,17.8,17.61,17.65,610,14,0,54.026845637583854,682.55,0.8937074207017801,0,0.2978571428571427,1.6875758802104406,17.545,0.5984611000284803,16.6768,5.835651923630423,17.105849999999997,3.181075480025851,0,0,18.42732945273153,16.662670547268473,10.057901997509592,38.907425661336,18.41,16.78,0,0,18.41,15.41,0,0,-0.33879164313947996,0.9148084619782741,Uptrend
2023-03-22 20:00:00,17.66,18.14,17.66,17.92,1127,14,0,64.82758620689656,718.05,1.5695285843604208,0,0.3071428571428572,1.713966836734694,17.594,1.8529043992270118,16.7048,7.274555816292342,17.12155,4.663421243987855,0,0,18.443083716658357,16.744916283341645,9.651969042382131,36.46761827770839,18.41,16.82,0,0,18.41,15.41,0,0,1.5297450424929249,1.7603634298694053,Uptrend
2023-03-23 12:00:00,18.01,18.25,17.99,18.22,279,14,0,67.51592356687893,687.3,0.40593627237014407,0,0.307857142857143,1.6896659871412898,17.6615,3.162245562381444,16.7448,8.809899192585144,17.1416,6.291128016054502,0,0,18.482417971413174,16.840582028586827,9.296129676563979,35.36709451926831,18.41,16.87,1,0,18.41,15.41,1,0,1.6741071428571175,2.879728966685477,Uptrend
2023-03-23 16:00:00,18.22,18.35,18.15,18.33,871,14,0,66.55737704918027,715.7,1.2169903590890037,0,0.3064285714285719,1.6717325227963553,17.728,3.395758122743664,16.7892,9.177328282467284,17.1659,6.781467910217335,0,0,18.538707293533943,16.91729270646606,9.146066037160885,33.84410647942634,18.41,16.92,1,0,18.41,15.41,1,0,0.6037321624588365,3.85269121813031,Uptrend
2023-03-23 20:00:00,18.33,18.43,18.17,18.22,444,14,0,59.92907801418437,701.05,0.6333357107196349,0,0.29928571428571465,1.6426219225341092,17.773500000000002,2.5121669901819943,16.8338,8.234623198564785,17.192099999999996,5.978908917467923,0,0,18.587567758721065,16.95943224127894,9.160466522869019,32.01626965067991,18.43,16.92,1,0,18.43,15.41,1,0,-0.6001091107474044,1.6741071428571268,Uptrend
2023-03-24 12:00:00,18.43,18.43,18.19,18.21,431,14,0,51.69491525423732,642.25,0.6710782405605293,0,0.28142857142857153,1.5454616772573944,17.8145,2.220101602627085,16.8782,7.890651846760918,17.2181,5.760798229769842,0,0,18.62983912866764,16.999160871332357,9.153657174410078,27.96972404232822,18.43,16.92,1,0,18.43,15.41,1,0,-0.05488474204170535,-0.05488474204170149,Uptrend
2023-03-24 16:00:00,18.2,18.59,18.18,18.43,903,14,0,58.2995951417004,656.05,1.376419480222544,0,0.29714285714285715,1.612278117975351,17.8655,3.1597212504547807,16.929000000000002,8.866442199775518,17.24105,6.896041714396735,0,0,18.701643402457595,17.029356597542407,9.360425428424552,25.43665051140829,18.59,16.92,1,0,18.59,15.41,1,0,1.2081274025260713,0.5455537370431066,Uptrend
2023-03-24 20:00:00,18.43,18.46,18.37,18.45,193,14,0,52.53456221198156,638.35,0.3023419754053419,0,0.2757142857142857,1.494386372435153,17.935,2.871480345692783,16.9798,8.658523657522458,17.2637,6.871643969716801,0,0,18.7186621183834,17.1513378816166,8.738914060589915,21.753547033222834,18.59,16.92,1,0,18.59,15.41,1,0,0.10851871947910041,1.2623490669593875,Uptrend
2023-03-27 16:00:00,17.99,18.34,17.93,18.29,899,14,0,52.77777777777771,622.3,1.4446408484653706,0,0.2878571428571427,1.5738498789346238,17.9935,1.6478172673465317,17.028,7.411322527601601,17.28455,5.817044701771234,0,0,18.690932132144102,17.2960678678559,7.752045262390318,19.120962030017377,18.59,17.1,1,0,18.59,15.41,1,0,-0.8672086720867167,0.4393190554640214,Uptrend
2023-03-27 20:00:00,18.29,18.42,18.22,18.42,374,14,0,55.94713656387671,628.25,0.5953044170314366,0,0.29571428571428576,1.605397859469521,18.0485,2.058342798570524,17.078400000000002,7.855536818437321,17.30445,6.446607664502498,0,0,18.69384853904058,17.40315146095942,7.151270621276888,15.566072026529236,18.59,17.4,1,0,18.59,15.41,1,0,0.7107709130672601,-0.05425935973954427,Uptrend
2023-03-28 16:00:00,18.44,18.57,18.33,18.56,879,14,0,77.90055248618776,644.65,1.3635305979989143,0,0.26857142857142896,1.4470443349753717,18.0935,2.578273965788819,17.128,8.360579168612789,17.324849999999998,7.129354655307267,0,0,18.750199081931928,17.43680091806807,7.258950252100803,16.653734364191546,18.59,17.41,1,0,18.59,15.41,1,0,0.7600434310531812,0.5962059620596175,Uptrend
2023-03-28 20:00:00,18.55,18.66,18.55,18.58,336,14,0,80.79096045197741,591.75,0.5678073510773131,0,0.2607142857142861,1.4031985237582678,18.116,2.56127180393022,17.178800000000003,8.156565068572865,17.3395,7.154185530147912,0,0,18.807859432026422,17.424140567973577,7.638103687639905,19.01682447786583,18.66,17.41,1,0,18.66,15.41,1,0,0.10775862068965747,1.585565882996168,Uptrend
2023-03-29 16:00:00,18.54,18.65,18.34,18.46,891,14,0,74.01129943502835,613.8,1.4516129032258065,0,0.27000000000000035,1.4626218851570982,18.137999999999998,1.7752784209946124,17.222800000000003,7.183500940613592,17.3541,6.372557493618233,0,0,18.844826860359756,17.43117313964024,7.793878711652422,21.269954844098795,18.66,17.41,1,0,18.66,15.41,1,0,-0.6458557588804981,0.21715526601519625,Uptrend
2023-03-29 20:00:00,18.45,18.47,18.37,18.46,311,14,0,72.45508982035935,603.7,0.5151565347026669,0,0.2635714285714287,1.4277975545581185,18.144,1.741622574955922,17.2672,6.907894736842117,17.368949999999998,6.281611726673189,0,0,18.860024110149585,17.427975889850412,7.892681990185036,22.75454868163379,18.66,17.41,1,0,18.66,15.41,1,0,0.0,-0.5387931034482645,Uptrend
2023-03-30 16:00:00,18.44,18.64,18.32,18.62,696,14,0,77.40112994350301,585.85,1.1880174105999828,0,0.27285714285714285,1.4653981893509282,18.1665,2.4963531775520975,17.3148,7.538059925612766,17.385749999999998,7.099204808535744,0,0,18.913572179983287,17.41942782001671,8.224723309204172,24.406791899975186,18.66,17.41,1,0,18.66,15.41,1,0,0.8667388949079147,0.21528525296018677,Uptrend
2023-03-30 20:00:00,18.62,18.64,18.48,18.53,327,14,0,69.18238993710703,589.45,0.5547544320977181,0,0.24928571428571417,1.3453087657081173,18.185499999999998,1.8943663908058819,17.359399999999997,6.743320621680496,17.397450000000003,6.509862077488357,0,0,18.949932365945465,17.42106763405453,8.407053597046737,23.55655599355947,18.66,17.41,1,0,18.66,15.41,1,0,-0.48335123523093326,0.3791982665222117,Uptrend
2023-03-31 16:00:00,18.61,18.67,18.42,18.45,628,14,0,58.394160583941655,594.95,1.0555508866291283,0,0.24357142857142858,1.3201703445605886,18.2305,1.204026219796495,17.4014,6.0259519349017925,17.40795,5.986058094146638,0,0,18.941510400397497,17.5194895996025,7.800229290447308,21.4442083342735,18.67,17.41,1,0,18.67,15.41,1,0,-0.431732325957912,-0.05417118093175278,Uptrend
2023-03-31 20:00:00,18.44,18.5,18.31,18.49,393,14,0,56.15384615384619,556.95,0.7056288715324535,0,0.24285714285714274,1.3134512864096417,18.2805,1.1460299225951065,17.442,6.008485265451199,17.418400000000002,6.152115004822466,1,0,18.90799208424426,17.65300791575574,6.8651523125107055,19.425390393285113,18.67,17.45,1,0,18.67,15.41,1,0,0.21680216802166807,-0.6981740064446968,Uptrend
2023-04-03 16:00:00,18.48,18.95,18.41,18.8,801,14,0,69.33333333333344,581.5,1.3774720550300945,0,0.26285714285714284,1.398176291793313,18.34,2.5081788440567117,17.493399999999998,7.469102632993033,17.4306,7.856298693102949,0,0,18.92396106575313,17.75603893424687,6.3681686559774215,18.31141454627983,18.95,17.58,1,0,18.95,15.41,1,0,1.6765819361817424,1.4570966001079306,Uptrend
2023-04-03 20:00:00,18.8,18.8,18.61,18.71,318,14,0,65.82278481012659,585.55,0.543079156348732,0,0.25928571428571445,1.385813545086662,18.39,1.740076128330616,17.5428,6.653441867888827,17.4442,7.256280024306086,0,0,18.91511652842088,17.86488347157912,5.710892098106372,18.4226275412605,18.95,17.61,1,0,18.95,15.41,1,0,-0.4787234042553212,1.40921409214093,Uptrend
2023-04-04 16:00:00,18.75,19.62,18.67,19.61,1364,14,0,76.1061946902655,623.25,2.188527878058564,1,0.297857142857143,1.518904349093029,18.488,6.068801384681955,17.6208,11.288931263052758,17.4617,12.302925831963663,0,0,19.14631043708778,17.82968956291222,7.121488934311783,19.872681246953295,19.62,17.66,1,0,19.62,15.41,1,0,4.810261892036327,6.057328285559768,Uptrend
2023-04-04 20:00:00,19.61,19.64,19.47,19.55,395,14,0,73.91304347826093,586.65,0.6733145828006478,0,0.3035714285714288,1.5527950310559018,18.5695,5.28016370930827,17.698,10.46445926093344,17.479650000000003,11.844344709419223,0,0,19.327738262789254,17.81126173721075,8.16649088870731,22.026723681152312,19.64,17.93,1,0,19.64,15.41,1,0,-0.3059663437021909,3.9893617021276593,Uptrend
2023-04-05 16:00:00,19.81,19.92,19.39,19.62,1845,14,0,80.09049773755665,664.95,2.7746447101285807,1,0.30428571428571466,1.5508955875928372,18.6395,5.260334236433376,17.778599999999997,10.35739597043639,17.4981,12.126459444168223,0,0,19.5117982348521,17.767201765147902,9.359674184952379,25.63307060525624,19.92,17.93,1,0,19.92,15.41,1,0,0.3580562659846631,4.863709246392304,Uptrend
2023-04-05 20:00:00,19.62,19.73,19.58,19.6,451,14,0,78.09523809523816,643.95,0.7003649351657737,0,0.30071428571428604,1.5342565597667654,18.703,4.79602202855158,17.8596,9.744899101883586,17.51675,11.892902507599889,0,0,19.661114376206996,17.744885623793003,10.245568905597993,29.434320835077887,19.92,17.93,1,0,19.92,15.41,1,0,-0.10193679918449883,-0.05099439061702198,Uptrend
2023-04-06 16:00:00,19.63,19.66,19.32,19.6,1016,14,0,76.53061224489807,672.55,1.5106683517954056,0,0.307857142857143,1.570699708454811,18.772,4.4108246324312965,17.9402,9.25184780548712,17.536199999999997,11.76879825731917,0,0,19.78106626979693,17.762933730203066,10.750759320231538,29.87843470599787,19.92,17.93,1,0,19.92,15.41,1,0,0.0,0.25575447570332843,Uptrend
2023-04-06 20:00:00,19.59,19.66,19.55,19.65,307,14,0,76.88442211055283,666.35,0.4607188414496886,0,0.307857142857143,1.5667030170846974,18.844,4.2772235194226145,18.0234,9.024934252138886,17.5572,11.919896110997179,0,0,19.88907667812352,17.798923321876483,11.091877288511123,29.26366328652937,19.92,17.93,1,0,19.92,15.41,1,0,0.25510204081631294,0.1529051987767461,Uptrend
2023-04-10 16:00:00,19.35,19.43,19.24,19.33,853,14,0,69.8630136986301,663.85,1.2849288242825938,0,0.3150000000000003,1.6295913088463545,18.889,2.334692148869707,18.091,6.848709302968311,17.5764,9.977014633258225,0,0,19.936521385285943,17.841478614714056,11.09133765986493,29.41595944398018,19.92,17.93,0,0,19.92,15.41,0,0,-1.6284987277353724,-1.3775510204081791,Uptrend
2023-04-10 20:00:00,19.33,19.41,19.29,19.38,290,14,0,70.53571428571426,668.7,0.433677284282937,0,0.3164285714285719,1.6327583665044991,18.9355,2.3474426342055814,18.162,6.706309877766765,17.59645,10.1358512654541,0,0,19.98353525452947,17.88746474547053,11.069528182825591,29.94626247428323,19.92,17.93,0,0,19.92,15.76,0,0,0.2586652871184647,-1.122448979591849,Uptrend
2023-04-11 16:00:00,19.62,19.73,19.5,19.51,863,14,0,70.13574660633485,666.9,1.2940470835207678,0,0.3185714285714291,1.632862268433773,18.9965,2.7031295238596607,18.2166,7.10011747526982,17.61635,10.749389061865829,0,0,20.028233849809105,17.964766150190897,10.862357274330577,30.767888854358805,19.92,18.22,0,0,19.92,15.76,0,0,0.670794633642946,-0.7124681933842087,Uptrend
2023-04-11 20:00:00,19.51,19.52,19.34,19.35,280,14,0,67.98245614035088,662.2,0.4228329809725158,0,0.32000000000000056,1.6537467700258424,19.043,1.6121409441789747,18.264,5.946123521682009,17.6371,9.7119140901849,0,0,20.048837697486043,18.037162302513956,10.563857559061532,32.08748879464842,19.92,18.31,0,0,19.92,16.71,0,0,-0.8200922603792904,0.10346611484740366,Uptrend
2023-04-12 16:00:00,19.68,19.8,19.42,19.54,1141,14,0,72.80334728033475,675.3,1.6896194284021917,0,0.3342857142857148,1.7107764293025323,19.092,2.346532579090721,18.3158,6.683846733421417,17.6585,10.654925390038786,0,0,20.09424169792144,18.089758302078558,10.499074983463663,34.58260322614977,19.92,18.31,1,0,19.92,16.71,1,0,0.9819121447028234,0.8255933952528388,Uptrend
2023-04-12 20:00:00,19.55,19.63,19.49,19.56,365,14,0,72.57383966244728,676.75,0.5393424455116365,0,0.3307142857142861,1.6907683318726285,19.141,2.189018337599919,18.368199999999998,6.488387539334288,17.67645,10.655702926775454,0,0,20.133623318601476,18.14837668139852,10.371697597842095,37.31978256342732,19.92,18.31,1,0,19.92,16.78,1,0,0.10235414534287557,0.25627883136851437,Uptrend
2023-04-13 16:00:00,19.86,20.11,19.67,20.11,1179,14,0,75.09578544061304,691.15,1.7058525645663025,0,0.33142857142857196,1.6480784258009546,19.2235,4.611543163315723,18.433,9.09781370368361,17.69725,13.633474127336163,0,0,20.25145197512225,18.195548024877752,10.694743154183675,39.7298962097189,20.11,18.31,1,0,20.11,16.78,1,0,2.811860940695299,3.927648578811359,Uptrend
2023-04-13 20:00:00,20.11,20.2,19.95,19.95,338,14,0,73.13432835820896,692.5,0.488086642599278,0,0.3357142857142862,1.6827783745077003,19.298,3.378588454762157,18.492,7.8844905905256235,17.7174,12.601171729486255,0,0,20.308796455120444,18.287203544879553,10.475660225105663,42.251619391047306,20.2,18.31,1,0,20.2,16.82,1,0,-0.7956240676280424,2.098259979529172,Uptrend
2023-04-14 16:00:00,19.64,19.73,19.28,19.54,1328,14,0,48.40182648401826,724.1,1.8340008286148322,0,0.3157142857142861,1.6157332943412799,19.344,1.0132340777501962,18.5366,5.413074673888411,17.73425,10.182274412506871,0,0,20.307511123034075,18.380488876965927,9.961860246423427,39.805370597149725,20.2,18.31,0,0,20.2,16.87,0,0,-2.055137844611532,-0.10224948875255406,Uptrend
2023-04-14 20:00:00,19.53,19.65,19.52,19.6,334,14,0,51.14155251141555,724.45,0.4610394092069846,0,0.31285714285714306,1.5962099125364442,19.3975,1.0439489624951697,18.5808,5.485232067510556,17.7524,10.407606858790922,0,0,20.28665986366781,18.50834013633219,9.167777947341776,37.373175162814825,20.2,18.31,0,0,20.2,16.92,0,0,0.3070624360286711,-2.536051715564386,Uptrend
2023-04-17 16:00:00,19.29,19.4,19.07,19.3,1117,14,0,43.38842975206611,748.9,1.4915208973160636,0,0.31285714285714306,1.6210214655810522,19.44,-0.7201646090535008,18.6186,3.6597810791359175,17.77085,8.604821941550355,0,0,20.212010362624667,18.667989637375335,7.942493442640599,34.640841271540516,20.2,18.31,0,0,20.2,16.92,0,0,-1.5306122448979664,-3.2581453634085142,Uptrend
2023-04-17 20:00:00,19.29,19.36,19.25,19.29,315,14,0,43.56846473029042,745.0,0.4228187919463087,0,0.31,1.607050285121825,19.48,-0.9753593429158176,18.6632,3.358480860731275,17.79015,8.430788947816621,0,0,20.115609943282728,18.844390056717273,6.525769438221017,31.997466040653457,20.2,18.41,0,0,20.2,16.92,0,0,-0.05181347150260418,-1.2794268167860798,Uptrend
2023-04-18 16:00:00,19.34,19.65,19.31,19.43,913,14,0,46.66666666666664,750.6,1.2163602451372235,0,0.3114285714285714,1.6028233218145722,19.511499999999998,-0.41770238064730214,18.7094,3.851539867660112,17.80875,9.10367094826981,0,0,20.061955313927893,18.961044686072103,5.642367977120106,29.341568052211674,20.2,18.61,0,0,20.2,16.92,0,0,0.7257646448937338,-0.8673469387755188,Uptrend
2023-04-18 20:00:00,19.43,19.47,19.34,19.34,259,14,0,44.01544401544406,747.65,0.3464187788403665,0,0.3128571428571428,1.6176687841630961,19.543,-1.0387350969656624,18.7498,3.147766909513698,17.8265,8.490169130227473,0,0,19.955034745596567,19.13096525440343,4.216699028773145,26.83386921948379,20.2,18.67,0,0,20.2,16.92,0,0,-0.46320123520329215,0.20725388601035827,Uptrend
2023-04-19 16:00:00,19.02,19.27,19.02,19.27,919,14,0,48.717948717948744,725.4,1.2668872346291702,0,0.3064285714285714,1.590184594855067,19.526,-1.3110724162654934,18.782,2.5982323501224553,17.8434,7.9951130389948135,0,0,19.954136721890865,19.097863278109134,4.385298800480033,24.72560167003976,20.2,19.02,0,1,20.2,17.1,0,0,-0.3619441571871773,-0.10368066355624454,Uptrend
2023-04-19 20:00:00,19.27,19.27,19.11,19.18,319,14,0,45.798319327731114,721.6,0.4420731707317073,0,0.30928571428571416,1.6125428273499176,19.5075,-1.6788414712290174,18.803,2.0049992022549534,17.85805,7.402543950767308,0,0,19.962408897761996,19.052591102238004,4.663938462252938,22.61733412059573,20.2,19.02,0,1,20.2,17.4,0,0,-0.4670472236637302,-1.2866700977869274,Uptrend
2023-04-20 16:00:00,19.3,19.36,19.12,19.21,827,14,0,43.421052631578945,670.7,1.2330401073505293,0,0.3014285714285711,1.5691232245110418,19.487,-1.421460460820021,18.8268,2.03539634988422,17.86905,7.50431612200984,0,0,19.957256369049322,19.016743630950675,4.8263598198729785,20.683635516705486,20.2,19.02,0,1,20.2,17.41,0,0,0.15641293013557434,-0.6721820062047518,Uptrend
2023-04-20 20:00:00,19.22,19.24,19.08,19.12,272,14,0,44.79638009049774,661.75,0.41103135625236115,0,0.2999999999999997,1.5690376569037643,19.463,-1.7623182448748906,18.8424,1.4732730437736148,17.879450000000002,6.938412535061195,0,0,19.95735124951254,18.96864875048746,5.079908025613116,19.02729974152507,20.2,19.02,0,1,20.2,17.41,0,0,-0.468505986465384,-0.778412039439536,Uptrend
2023-04-21 16:00:00,19.14,19.2,18.76,18.87,1251,14,0,35.24229074889875,673.5,1.8574610244988865,0,0.2992857142857139,1.5860398213339368,19.426499999999997,-2.864643656860455,18.856399999999997,0.07212405337181983,17.88955,5.480573854568735,0,0,19.98224606090407,18.870753939095923,5.721525348406289,18.345586632627494,20.2,18.76,0,1,20.2,17.41,0,0,-1.3075313807531352,-1.6162669447340916,Uptrend
2023-04-21 20:00:00,18.87,19.02,18.84,19.0,301,14,0,38.23529411764711,673.2,0.4471182412358883,0,0.30214285714285666,1.590225563909772,19.394,-2.0315561513870186,18.8734,0.6707853380948839,17.9001,6.144658409729564,0,0,19.970355153666347,18.81764484633365,5.943643948296881,17.293551419518447,20.2,18.76,0,1,20.2,17.41,0,0,0.6889242183359734,-1.093180635085897,Uptrend
2023-04-24 16:00:00,18.88,18.99,18.74,18.99,748,14,0,19.56521739130443,667.95,1.1198442997230331,0,0.28142857142857103,1.4819829985706743,19.377,-1.9972131908964261,18.9022,0.46449619620995375,17.91245,6.01564833397999,0,0,19.98071132871673,18.773288671283268,6.23121565481479,18.304847901608486,20.2,18.74,0,1,20.2,17.41,0,0,-0.05263157894738191,-0.6799163179916451,Uptrend
2023-04-24 20:00:00,18.99,19.05,18.98,19.0,252,14,0,21.89349112426052,666.05,0.3783499737256963,0,0.2685714285714282,1.413533834586464,19.357999999999997,-1.8493646037813671,18.9324,0.35705985506327126,17.9252,5.996027938321468,0,0,19.984791327652925,18.73120867234707,6.475786007365718,19.351364109414995,20.2,18.74,0,1,20.2,17.41,0,0,0.05265929436546468,0.6889242183359777,Uptrend
2023-04-25 16:00:00,18.88,18.96,18.75,18.88,647,14,0,26.428571428571573,655.25,0.9874093857306372,0,0.2385714285714283,1.2636198547215483,19.3265,-2.3102993299355825,18.9578,-0.4103851712751473,17.93785,5.252301697249102,0,0,19.983711813969375,18.669288186030624,6.8011467567265225,23.161737500519884,20.2,18.74,0,1,20.2,17.41,0,0,-0.6315789473684275,-0.6315789473684263,Uptrend
2023-04-25 20:00:00,18.88,19.19,18.88,19.11,365,14,0,34.39490445859873,659.5,0.5534495830174374,0,0.2514285714285714,1.315691111609479,19.314500000000002,-1.058790028217158,18.985799999999998,0.654173118857261,17.9515,6.453499707545331,0,0,19.978632992388434,18.65036700761157,6.877040486561198,25.737831150016422,20.2,18.74,0,1,20.2,17.45,0,0,1.2182203389830448,0.6319115323854713,Uptrend
2023-04-26 16:00:00,19.2,19.24,18.94,18.98,831,14,0,38.571428571428605,644.0,1.2903726708074534,0,0.23499999999999968,1.2381454162276062,19.2865,-1.5891945142975645,19.0124,-0.17041509751530104,17.962699999999998,5.663402495170562,0,0,19.957783922988643,18.615216077011357,6.961179301466235,25.326863256370444,20.2,18.74,0,1,20.2,17.58,0,0,-0.6802721088435271,-0.1052631578947346,Uptrend
2023-04-26 20:00:00,18.98,19.03,18.87,18.91,337,14,0,36.986301369863085,642.6,0.5244319950202303,0,0.2385714285714283,1.2616151696003612,19.253999999999998,-1.7866417367819556,19.0322,-0.6420697554670476,17.97325,5.211912147218784,0,0,19.93243162786243,18.575568372137564,7.047175941232305,25.147109235556844,20.2,18.74,0,1,20.2,17.61,0,0,-0.36880927291886856,0.1588983050847518,Uptrend
2023-04-27 16:00:00,18.9,19.06,18.75,19.01,1001,14,0,35.21126760563392,633.7,1.579611803692599,0,0.23499999999999968,1.2361914781693828,19.198999999999998,-0.984426272201659,19.048,-0.1994960100797811,17.984450000000002,5.702426262688038,0,0,19.751997573041084,18.646002426958912,5.760691421856203,28.026824819202933,20.2,18.74,0,1,20.2,17.66,0,0,0.5288207297726055,-0.5232862375719407,Uptrend
2023-04-27 20:00:00,19.01,19.11,18.99,19.09,272,14,0,41.13475177304967,630.4,0.43147208121827413,0,0.23428571428571413,1.227269325750205,19.156,-0.3445395698475619,19.0632,0.14058500146880634,17.996299999999998,6.077360346293416,0,0,19.582362830412954,18.729637169587043,4.451480793620332,30.60458068427547,19.73,18.74,0,1,20.2,17.93,0,0,0.420831141504463,0.5795574288724944,Uptrend
2023-04-28 16:00:00,19.03,19.07,18.76,19.03,1006,14,0,41.428571428571495,614.3,1.6376363340387434,0,0.23499999999999968,1.2348922753547014,19.1305,-0.5253391181620984,19.0794,-0.258917995324793,18.006800000000002,5.682297798609409,0,0,19.519532538214126,18.741467461785877,4.06714448879145,32.923285944157215,19.65,18.74,0,1,20.2,17.93,0,0,-0.31430068098480257,0.6345848757271338,Uptrend
2023-04-28 20:00:00,19.02,19.06,18.91,18.95,361,14,0,41.72661870503598,615.65,0.5863721270202226,0,0.23428571428571385,1.2363362231436086,19.098000000000003,-0.7749502565713856,19.0942,-0.7552031506949829,18.019,5.166768411121599,0,0,19.425645508052863,18.770354491947142,3.43120230445974,35.24199120403897,19.65,18.74,0,1,20.2,17.93,0,0,-0.420388859695231,-0.3156233561283654,Uptrend
2023-05-01 16:00:00,19.23,19.31,18.92,19.03,1136,14,0,43.750000000000036,616.6,1.8423613363606877,0,0.24499999999999947,1.2874408828166026,19.0845,-0.28557206109668754,19.106199999999998,-0.3988234185761507,18.03175,5.536068323928639,0,0,19.39909079519417,18.769909204805828,3.29681988204219,36.07376950236748,19.65,18.74,0,1,20.2,17.93,0,0,0.4221635883905117,-0.31430068098480207,Uptrend
2023-05-01 20:00:00,19.03,19.1,18.92,18.92,402,14,0,43.150684931506895,620.95,0.6473951203800627,0,0.24642857142857086,1.3024765931742643,19.066,-0.7657610405958106,19.1156,-1.0232480277888159,18.04315,4.859739014529065,0,0,19.37313617758055,18.758863822419446,3.221820807516551,37.05687046638205,19.65,18.74,0,1,20.2,17.93,0,0,-0.578034682080919,-0.5780346820809218,Uptrend
2023-05-02 16:00:00,18.95,19.76,18.92,19.63,1611,14,0,69.7916666666666,655.85,2.4563543493176794,1,0.2749999999999996,1.4009169638308692,19.076,2.9041727825539865,19.1424,2.5472250083584114,18.05465,8.725452999642753,0,0,19.440671445492708,18.711328554507293,3.823353381135533,36.84083650034808,19.76,18.74,1,0,20.2,17.93,0,0,3.7526427061310708,3.58839050131926,Uptrend
2023-05-02 20:00:00,19.64,19.74,19.53,19.71,504,14,0,68.98395721925132,668.1,0.7543780871127077,0,0.2771428571428566,1.406102775965787,19.0945,3.223441305087857,19.1682,2.826556484176929,18.06635,9.097853191153725,0,0,19.543380478758404,18.645619521241596,4.701673034207802,36.62480253431412,19.76,18.74,1,0,20.2,17.93,0,0,0.4075394803871646,3.5733053074093517,Uptrend
2023-05-03 16:00:00,19.91,20.02,19.61,19.93,2698,14,0,72.59615384615385,757.05,3.5638333003104155,1,0.2878571428571422,1.4443409074618274,19.1275,4.195529996078935,19.195600000000002,3.8258767634249367,18.079,10.238398141490121,0,0,19.708347837670217,18.546652162329785,6.073431840755103,35.34911134599831,20.02,18.74,1,0,20.2,18.22,1,0,1.1161846778285023,5.338266384778001,Uptrend
2023-05-03 20:00:00,19.94,20.03,19.77,19.91,2651,14,0,71.77033492822967,873.65,3.0343959251416472,1,0.3014285714285708,1.5139556576020634,19.164,3.892715508244618,19.2222,3.578154425612049,18.092,10.048640282998019,0,0,19.842307491209873,18.48569250879013,7.078976113649251,33.8336333599321,20.03,18.74,1,0,20.2,18.31,1,0,-0.10035122930255325,1.4263881813550747,Uptrend
2023-05-04 16:00:00,20.15,20.67,20.15,20.55,2131,14,0,81.992337164751,938.85,2.2697981573201256,1,0.33785714285714236,1.6440736878693056,19.231,6.85871769538765,19.264,6.67566445182725,18.11065,13.469146607106875,0,0,20.150333854941696,18.311666145058307,9.5609573599053,34.85182770074598,20.67,18.74,1,0,20.67,18.31,1,0,3.2144650929181395,4.261796042617959,Uptrend
2023-05-04 20:00:00,20.56,20.56,20.28,20.35,561,14,0,74.03100775193803,953.3,0.5884821147592574,0,0.3357142857142849,1.6497016497016455,19.2925,5.481404690942081,19.3018,5.430581603788254,18.129550000000002,12.247684029664274,0,0,20.336659193347682,18.24834080665232,10.824508937127707,36.83499588699038,20.67,18.74,1,0,20.67,18.31,1,0,-0.9732360097323589,2.1073758153537465,Uptrend
2023-05-05 16:00:00,19.79,20.34,19.72,20.27,1409,14,0,75.49407114624503,961.2,1.4658759883478985,0,0.3592857142857139,1.7724998238071725,19.3625,4.686894770819878,19.3348,4.8368744440076865,18.147450000000003,11.6961336165687,0,0,20.473002494132064,18.251997505867937,11.470651972958693,37.9529092672119,20.67,18.74,1,0,20.67,18.31,1,0,-0.39312039312040525,1.8081366147664462,Uptrend
2023-05-05 20:00:00,20.27,20.32,20.12,20.12,338,14,0,73.18007662835251,963.05,0.3509682778671928,0,0.36214285714285666,1.7999147969326872,19.4185,3.6125344388083493,19.366600000000002,3.8902027201470526,18.1639,10.769163010146494,0,0,20.564426882943447,18.272573117056556,11.802424316434799,39.07355540552587,20.67,18.74,0,0,20.67,18.31,0,0,-0.7400098667982191,-2.0924574209245725,Uptrend
2023-05-08 16:00:00,20.06,20.14,19.8,19.83,1053,14,0,64.64285714285708,978.3,1.076356945722171,0,0.3642857142857139,1.8370434406743013,19.460500000000003,1.898717915778089,19.3942,2.247063555083462,18.1803,9.074107687991944,0,0,20.601865295092665,18.31913470490734,11.730071633233079,37.74653303031071,20.67,18.75,0,0,20.67,18.31,0,0,-1.4413518886680077,-2.55528255528257,Uptrend
2023-05-08 20:00:00,19.83,19.85,19.7,19.77,312,14,0,62.23021582733812,981.3,0.3179455823907062,0,0.3664285714285711,1.853457619770213,19.499000000000002,1.3898148623006166,19.4198,1.8033141432970523,18.1968,8.645476127670799,0,0,20.626827907738384,18.37117209226162,11.568058954186185,36.339737352591804,20.67,18.75,0,0,20.67,18.31,0,0,-0.3025718608169359,-2.46669955599408,Uptrend
2023-05-09 16:00:00,19.8,19.84,19.55,19.7,931,14,0,62.00716845878132,995.5,0.9352084379708689,0,0.3635714285714283,1.8455402465554736,19.54,0.8188331627430918,19.437800000000003,1.3489180874378603,18.2098,8.18350558490482,0,0,20.632134558896794,18.447865441103204,11.17844993753117,35.40178641464086,20.67,18.75,0,0,20.67,18.31,0,0,-0.3540718259989917,-2.087475149105376,Uptrend
2023-05-09 20:00:00,19.7,19.81,19.66,19.7,393,14,0,63.83763837638375,996.9,0.39422208847427026,0,0.3635714285714283,1.8455402465554736,19.569499999999998,0.6668540330616592,19.4576,1.2457857084121369,18.22225,8.109591296354733,0,0,20.644468298186098,18.494531701813898,10.98616007752983,34.46383547668991,20.67,18.75,0,0,20.67,18.41,0,0,0.0,-0.6555723651033738,Uptrend
2023-05-10 16:00:00,19.62,19.75,19.45,19.58,1079,14,0,59.99999999999995,1009.3,1.069057762805905,0,0.35714285714285715,1.8240186779512624,19.5995,-0.0994923339881157,19.457,0.632163231741777,18.23245,7.390943071282237,0,0,20.638071387202462,18.560928612797536,10.59793757190197,33.307644197018156,20.67,18.75,0,0,20.67,18.61,0,0,-0.6091370558375719,-0.9610520991401177,Uptrend
2023-05-10 20:00:00,19.58,19.77,19.55,19.7,325,14,0,64.13043478260863,1008.7,0.32219688708238325,0,0.35999999999999993,1.82741116751269,19.639000000000003,0.3106064463567207,19.46,1.2332990750256856,18.24385,7.981593797361857,0,0,20.625965578240418,18.652034421759588,10.051077735530475,32.31936109885779,20.67,18.75,0,0,20.67,18.67,0,0,0.6128702757916216,0.0,Uptrend
2023-05-11 16:00:00,19.47,19.57,19.02,19.12,1195,14,0,40.30418250950574,1018.4,1.1734092694422624,0,0.3485714285714285,1.8230723251643748,19.6445,-2.669958512560766,19.45,-1.6966580976863666,18.2545,4.741296666575369,0,0,20.617838800753617,18.671161199246384,9.909529901535965,32.65789667675507,20.67,18.76,0,1,20.67,18.74,0,0,-2.9441624365482144,-2.944162436548215,Uptrend
2023-05-11 20:00:00,19.12,19.21,18.92,18.95,423,14,0,36.02941176470587,1025.95,0.4123007943856913,0,0.35428571428571437,1.8695816057293635,19.6375,-3.500954805856143,19.437,-2.5055306888923283,18.263199999999998,3.760567698979378,0,0,20.629465088519733,18.645534911480265,10.102763473148151,33.161246067090765,20.67,18.76,0,1,20.67,18.74,0,1,-0.8891213389121466,-3.2175689479060217,Uptrend
2023-05-12 16:00:00,19.0,19.12,18.89,19.04,1023,14,0,32.81853281853283,1026.8,0.9962991819244255,0,0.3414285714285715,1.7932172869147662,19.637999999999998,-3.045116610652811,19.4258,-1.9860185938288242,18.27205,4.202867220700464,0,0,20.628685036782688,18.64731496321731,10.089469770676137,33.68516449396235,20.67,18.89,0,1,20.67,18.74,0,1,0.4749340369393229,-3.3502538071065997,Uptrend
2023-05-12 20:00:00,19.05,19.14,19.03,19.1,292,14,0,34.60076045627382,1023.35,0.2853373723554991,0,0.3307142857142856,1.7314884068810765,19.6455,-2.776717314397684,19.4148,-1.6214434349053206,18.281000000000002,4.480061265795082,0,0,20.616326560476264,18.674673439523733,9.883449751609938,34.26211169075151,20.67,18.89,0,1,20.67,18.74,0,1,0.31512605042018915,-0.10460251046024881,Uptrend
2023-05-15 16:00:00,19.12,19.37,19.12,19.34,801,14,0,22.86995515695071,1006.6,0.7957480627856149,0,0.2957142857142855,1.529029398729501,19.661,-1.632673821270543,19.415,-0.3862992531547736,18.2894,5.744310912331729,0,0,20.599821209367235,18.722178790632768,9.550086052258111,34.853006151236045,20.67,18.89,0,0,20.67,18.74,0,0,1.2565445026177846,2.058047493403697,Uptrend
2023-05-15 20:00:00,19.34,19.35,19.25,19.27,257,14,0,24.285714285714306,999.35,0.2571671586531245,0,0.2828571428571429,1.4678627029431393,19.6785,-2.0758696038824103,19.4128,-0.7355971317893408,18.2973,5.316084886841226,0,0,20.571072273352556,18.785927726647444,9.071547865462877,35.66428452688874,20.67,18.89,0,0,20.67,18.74,0,0,-0.3619441571871773,1.2079831932773133,Uptrend
2023-05-16 16:00:00,19.16,19.21,18.59,18.64,755,14,0,19.245283018867966,956.55,0.7892948617427212,0,0.2864285714285713,1.5366339668914768,19.628999999999998,-5.038463497885767,19.3954,-3.894737927549822,18.304550000000003,1.832604461732181,0,0,20.63544031381052,18.622559686189476,10.254626458918153,38.864384296172275,20.67,18.59,0,1,20.67,18.59,0,1,-3.269330565646078,-2.40837696335079,Uptrend
2023-05-16 20:00:00,18.64,18.79,18.64,18.68,351,14,0,21.653543307086608,948.9,0.36990199177995575,0,0.28285714285714264,1.514224533496481,19.5775,-4.584344272762104,19.381999999999998,-3.621917242802591,18.312350000000002,2.0076614962033683,0,0,20.668359149574496,18.486640850425506,11.144008679090742,41.83053743453099,20.67,18.59,0,1,20.67,18.59,0,1,0.21459227467810482,-3.4126163391933826,Uptrend
2023-05-17 16:00:00,18.6,18.63,18.3,18.49,942,14,0,22.54098360655739,861.1,1.093949599349669,0,0.2857142857142855,1.5452368075407543,19.5055,-5.206223885570751,19.361,-4.498734569495388,18.31865,0.9353855224047447,0,0,20.684892796493568,18.326107203506435,12.092925549138101,45.5023844160014,20.67,18.3,0,1,20.67,18.3,0,1,-1.0171306209850184,-4.047742605085632,Uptrend
2023-05-17 20:00:00,18.49,18.49,18.35,18.36,343,14,0,21.912350597609574,745.7,0.4599704975191095,0,0.28499999999999936,1.5522875816993429,19.427999999999997,-5.4972205064854744,19.337,-5.052490044991469,18.32455,0.193456319527633,0,0,20.69586351581576,18.160136484184235,13.051920072223202,49.485489863778604,20.67,18.3,0,1,20.67,18.3,0,1,-0.7030827474310386,-1.5021459227467873,Uptrend
2023-05-18 16:00:00,17.77,17.78,17.45,17.68,1052,14,0,17.62820512820514,691.75,1.5207806288398988,0,0.32928571428571374,1.86247575953458,19.2845,-8.320153491145746,19.288400000000003,-8.338690611974052,18.32765,-3.533731820500712,0,0,20.662545526709508,17.906454473290495,14.291742349653932,53.65199830660284,20.56,17.45,0,1,20.67,17.45,0,1,-3.703703703703698,-5.353319057815846,Downtrend
2023-05-18 20:00:00,17.68,17.75,17.58,17.72,324,14,0,18.670886075949355,679.9,0.47654066774525666,0,0.3307142857142854,1.8663334408255385,19.153,-7.481856628204459,19.2438,-7.918394495889593,18.3308,-3.33209679883039,0,0,20.602996007253985,17.703003992746012,15.1411894455593,57.81850674942708,20.34,17.45,0,1,20.67,17.45,0,1,0.2262443438914019,-4.164413196322334,Downtrend
2023-05-19 16:00:00,17.74,18.08,17.69,17.88,926,14,0,23.4375,655.75,1.4121235226839497,0,0.3371428571428566,1.8855864493448355,19.0335,-6.0603672472220085,19.2106,-6.92638439195028,18.3323,-2.467229971143834,0,0,20.48981510471134,17.57718489528866,15.302651690034308,61.639427695677455,20.32,17.45,0,0,20.67,17.45,0,0,0.9029345372460584,-2.614379084967323,Downtrend
2023-05-19 20:00:00,17.88,17.89,17.74,17.78,312,14,0,19.811320754716974,654.45,0.47673619069447626,0,0.3321428571428568,1.8680700626707354,18.9165,-6.007982449184564,19.1742,-7.271229047365721,18.332449999999998,-3.0135088326982853,0,0,20.381247508329597,17.4517524916704,15.486453713209084,65.48976930052625,20.14,17.45,0,1,20.67,17.45,0,1,-0.5592841163310824,0.5656108597285149,Downtrend
2023-05-22 16:00:00,17.81,17.88,17.73,17.78,576,14,0,24.230769230769212,630.6,0.9134157944814462,0,0.2942857142857139,1.655150249076006,18.814,-5.495907303072175,19.143800000000002,-7.123977475736274,18.327450000000002,-2.9870494804241794,0,0,20.296393512639494,17.331606487360506,15.758408766232524,67.13984625513464,19.85,17.45,0,1,20.67,17.45,0,1,0.0,0.3386004514672815,Downtrend
2023-05-22 20:00:00,17.78,17.84,17.71,17.72,208,14,0,25.30120481927709,625.4,0.3325871442276943,0,0.2828571428571424,1.5962592712028354,18.711499999999997,-5.298880367688312,19.1124,-7.285322617776951,18.32205,-3.2859314323451905,0,0,20.199052210494553,17.22394778950544,15.899871314374113,68.52550352742767,19.84,17.45,0,1,20.67,17.45,0,1,-0.3374578177727905,-0.8948545861297548,Downtrend
2023-05-23 16:00:00,17.46,17.77,17.46,17.75,784,14,0,23.4567901234568,618.05,1.268505784321657,0,0.288571428571428,1.6257545271629745,18.613999999999997,-4.641667562050056,19.0788,-6.9647986246514515,18.3181,-3.1013041745595946,0,0,20.084272441635033,17.14372755836496,15.797490508596065,69.10823784245316,19.81,17.45,0,1,20.67,17.45,0,1,0.16930022573364845,-0.16872890888639558,Downtrend
2023-05-23 20:00:00,17.75,17.78,17.66,17.66,276,14,0,20.731707317073116,612.2,0.4508330610911466,0,0.2892857142857138,1.6380844523539853,18.512,-4.602420051858256,19.0452,-7.273223699409831,18.3129,-3.565246356393575,0,0,19.94768945476596,17.07631054523404,15.510905950366896,69.77193235689393,19.77,17.45,0,1,20.67,17.45,0,1,-0.5070422535211283,-0.6749156355455623,Downtrend
2023-05-24 16:00:00,17.75,17.81,17.42,17.47,699,14,0,11.203319502074663,593.2,1.1783546864463923,0,0.2978571428571422,1.7049636110883928,18.4065,-5.087876565343777,19.0092,-8.097131915072707,18.30575,-4.565505373994514,0,0,19.82169981851174,16.991300181488263,15.377174568894006,69.57659298292731,19.77,17.42,0,1,20.67,17.42,0,1,-1.0758776896942268,-1.4108352144469527,Downtrend
2023-05-24 20:00:00,17.47,17.49,17.35,17.4,344,14,0,11.203319502074663,594.15,0.5789783724648658,0,0.30071428571428477,1.7282430213464643,18.2915,-4.873848508870244,18.973599999999998,-8.293629042458992,18.2979,-4.90712048923647,0,0,19.63617018065275,16.946829819347247,14.702678081652703,69.4276230101688,19.57,17.35,0,1,20.67,17.35,0,1,-0.400686891814539,-1.971830985915501,Downtrend
2023-05-25 16:00:00,17.08,17.17,17.0,17.05,728,14,0,12.676056338028161,570.8,1.2754029432375613,0,0.2807142857142847,1.6464180980309953,18.188,-6.2568726632944704,18.9304,-9.93322909183112,18.28765,-6.767682014911696,0,0,19.581920635058523,16.794079364941474,15.327915494375683,68.98228031612915,19.37,17.0,0,1,20.67,17.0,0,1,-2.011494252873547,-3.454133635334085,Downtrend
2023-05-25 20:00:00,17.05,17.09,16.98,17.02,297,14,0,10.849056603773604,564.5,0.5261293179805138,0,0.27785714285714186,1.632533154272279,18.0915,-5.92267086753448,18.8884,-9.891785434446545,18.27825,-6.883864702583674,0,0,19.52982175596563,16.65317824403437,15.900525174425908,68.5530685880946,19.37,16.98,0,1,20.67,16.98,0,1,-0.17595307917889214,-2.575844304522034,Downtrend
2023-05-26 16:00:00,17.13,17.21,16.8,16.93,823,14,0,11.386138613861405,554.5,1.484220018034265,0,0.2799999999999991,1.6538688718251573,17.986,-5.871233181363287,18.8496,-10.183770477888121,18.2675,-7.321746270699323,0,0,19.44082717367494,16.53117282632506,16.17732874096452,67.40013747336614,19.37,16.8,0,1,20.67,16.8,0,1,-0.5287896592244379,-2.7011494252873502,Downtrend
2023-05-26 20:00:00,16.93,16.96,16.88,16.91,275,14,0,12.041884816753935,553.65,0.4967036936692857,0,0.2757142857142852,1.6304806961223253,17.8765,-5.406539311386457,18.8078,-10.090494369357394,18.25545,-7.370127824841346,0,0,19.307764071408595,16.445235928591405,16.0127997248745,66.31768091340817,19.37,16.8,0,1,20.67,16.8,0,1,-0.11813349084465186,-0.8211143695014695,Downtrend
2023-05-30 16:00:00,16.77,16.79,16.51,16.65,751,14,0,15.436241610738278,551.15,1.362605461308174,0,0.23928571428571363,1.4371514371514333,17.741999999999997,-6.154886709502868,18.761,-11.25206545493311,18.24345,-8.734367677166329,0,0,19.09777672435974,16.386223275640255,15.283245680980079,64.08647790588937,19.35,16.51,0,1,20.67,16.51,0,1,-1.5375517445298748,-2.1739130434782665,Downtrend
2023-05-30 20:00:00,16.65,16.71,16.62,16.7,249,14,0,16.0000000000001,550.75,0.45211075805719475,0,0.2335714285714278,1.3986313088109448,17.6135,-5.186362733130832,18.715,-10.766764627304305,18.231299999999997,-8.399291328649072,0,0,18.840550807509764,16.386449192490232,13.93307187679639,61.85527489837057,19.21,16.51,0,1,20.67,16.51,0,1,0.30030030030030463,-1.3585351447135288,Downtrend
2023-05-31 16:00:00,16.7,17.13,16.69,16.91,1233,14,0,18.70967741935496,574.65,2.145653876272514,1,0.2371428571428564,1.402382360395366,17.527,-3.520282991955274,18.6756,-9.454046991796778,18.2188,-7.183788174852358,0,0,18.69169286667518,16.362307133324823,13.290270630172628,60.60329569835672,18.79,16.51,0,0,20.67,16.51,0,0,1.2574850299401197,0.0,Downtrend
2023-05-31 20:00:00,16.91,16.97,16.76,16.81,329,14,0,18.709677419354918,573.55,0.5736204341382618,0,0.24142857142857035,1.4362199371122568,17.4335,-3.576447643903978,18.6296,-9.767252114913907,18.20605,-7.668055399166773,0,0,18.50497267077157,16.36202732922843,12.292111977188402,59.27760161369514,18.63,16.51,0,1,20.67,16.51,0,1,-0.5913660555884159,0.960960960960962,Downtrend
2023-06-01 16:00:00,17.01,17.46,16.93,17.34,1023,14,0,39.423076923076934,577.6,1.7711218836565097,0,0.2771428571428563,1.5982863733728738,17.375999999999998,-0.20718232044197638,18.596799999999998,-6.758151940118721,18.19425,-4.695164681149267,0,0,18.325202435288556,16.42679756471144,10.925442395126137,56.492339232983184,18.49,16.51,0,0,20.67,16.51,0,0,3.1528851873884767,3.832335329341321,Downtrend
2023-06-01 20:00:00,17.34,17.41,17.29,17.38,309,14,0,41.74757281553401,575.9,0.5365514846327487,0,0.27642857142857075,1.5904981094854473,17.326999999999998,0.3058809949789394,18.5662,-6.3890295267744595,18.1833,-4.417789950119067,0,0,18.15587622083971,16.498123779160288,9.567452194144519,53.76003371234973,18.08,16.51,0,0,20.67,16.51,0,0,0.23068050749710522,2.7794204612655165,Downtrend
2023-06-02 16:00:00,17.26,17.27,17.05,17.07,811,14,0,35.47008547008551,563.85,1.4383257958676952,0,0.27785714285714214,1.627751276257423,17.2965,-1.3095134853872255,18.5274,-7.866187376534213,18.1748,-6.078746396108903,0,0,18.115518025635353,16.47748197436465,9.470332444544866,50.744106355443236,18.08,16.51,0,0,20.67,16.51,0,0,-1.7836593785960808,1.546698393813216,Downtrend
2023-06-02 20:00:00,17.07,17.24,17.05,17.22,319,14,0,40.833333333333314,563.6,0.5660042583392477,0,0.2828571428571419,1.6426082628173169,17.2715,-0.2981790811452437,18.49,-6.868577609518657,18.1675,-5.215357093711306,0,0,18.06625318909633,16.47674681090367,9.203059249009407,47.7198262876849,18.08,16.51,0,0,20.67,16.51,0,0,0.878734622144095,-0.6920415224913552,Downtrend
2023-06-05 16:00:00,17.13,17.25,17.05,17.18,807,14,0,43.555555555555586,557.65,1.44714426611674,0,0.2692857142857135,1.5674372193580532,17.2365,-0.3277927653525935,18.453,-6.89860727253021,18.16115,-5.402466253513679,0,0,17.978312148159986,16.494687851840013,8.607456828938437,43.06935068367793,17.89,16.51,0,0,20.67,16.51,0,0,-0.23228803716608404,-1.1507479861910201,Downtrend
2023-06-05 20:00:00,17.18,17.23,17.09,17.11,288,14,0,43.555555555555586,556.45,0.5175667175846886,0,0.26928571428571374,1.5738498789346216,17.203,-0.5406033831308491,18.4162,-7.092668411507262,18.1551,-5.756509190255088,0,0,17.900668296994652,16.505331703005346,8.111007347493496,38.16425577858299,17.88,16.51,0,0,20.67,16.51,0,0,-0.4074505238649606,0.23432923257175833,Downtrend
2023-06-06 16:00:00,17.07,17.08,16.84,16.96,629,14,0,47.804878048780495,559.1,1.1250223573600429,0,0.2599999999999995,1.5330188679245254,17.162,-1.1770189954550645,18.3748,-7.699675642728082,18.147000000000002,-6.541026064914317,0,0,17.81161851153285,16.51238148846715,7.570428988845708,33.16225497826283,17.84,16.51,0,0,20.67,16.51,0,0,-0.8766803039158333,-1.5098722415795471,Downtrend
2023-06-06 20:00:00,16.96,17.05,16.9,17.04,288,14,0,50.476190476190474,563.1,0.5114544485881726,0,0.26285714285714257,1.542588866532527,17.128,-0.513778608127049,18.3372,-7.074144362279957,18.13905,-6.059027347077172,0,0,17.723583747259646,16.532416252740354,6.95450428841249,28.076096001053283,17.81,16.51,0,0,20.67,16.51,0,0,0.4716981132075304,-0.8149010477299219,Downtrend
2023-06-07 16:00:00,17.04,17.17,16.87,16.89,778,14,0,49.07407407407409,562.8,1.3823738450604124,0,0.2549999999999998,1.5097690941385422,17.085,-1.1413520632133467,18.2824,-7.616067912309098,18.13025,-6.840777154203607,0,0,17.611697756133093,16.55830224386691,6.165616109254814,24.25518161469626,17.81,16.51,0,0,20.67,16.51,0,0,-0.8802816901408383,-1.285797779076557,Downtrend
2023-06-07 20:00:00,16.89,16.97,16.86,16.89,272,14,0,49.53271028037384,562.6,0.4834696054034838,0,0.25714285714285673,1.5224562293834027,17.0465,-0.9180770246091642,18.226,-7.3301876440250116,18.120350000000002,-6.789879886426043,0,0,17.504287585768832,16.58871241423117,5.3710449155994535,20.394586808337245,17.81,16.51,0,0,20.67,16.51,0,0,0.0,-0.41273584905660543,Downtrend
2023-06-08 16:00:00,17.06,17.15,16.97,17.03,693,14,0,59.40594059405949,562.3,1.2324382002489775,0,0.2471428571428567,1.4512205351899983,17.0245,0.032306381978920926,18.168,-6.263760457948031,18.1109,-5.9682290775168525,0,0,17.436604994286206,16.612395005713793,4.841316858482851,19.568056196092364,17.49,16.51,0,0,20.67,16.51,0,0,0.82889283599763,-0.058685446009377994,Downtrend
2023-06-08 20:00:00,17.02,17.08,16.97,17.07,270,14,0,59.20398009950254,558.6,0.4833512352309345,0,0.24857142857142808,1.4561888024102405,17.008,0.36453433678269737,18.1112,-5.748928839613057,18.1005,-5.693212894671418,0,0,17.38141101948594,16.634588980514057,4.391004462440529,18.741525583847487,17.46,16.51,0,0,20.67,16.51,0,0,0.23487962419259656,1.065719360568382,Downtrend
2023-06-09 16:00:00,16.97,17.09,16.86,16.93,643,14,0,50.515463917525764,554.35,1.1599170199332551,0,0.2335714285714283,1.3796304109357844,17.002,-0.4234795906363909,18.038800000000002,-6.146750338159978,18.08955,-6.410054423686601,0,1,17.376424470635097,16.6275755293649,4.404475598577795,16.400563460671254,17.46,16.51,0,0,20.67,16.51,0,0,-0.8201523140011768,0.23682652457074688,Downtrend
2023-06-09 20:00:00,16.93,16.95,16.87,16.92,256,14,0,52.97297297297307,552.3,0.46351620496107193,0,0.22428571428571406,1.3255656872678134,16.997,-0.45302112137434947,17.9702,-5.844119709296485,18.0774,-6.402469381658861,0,0,17.373079498874283,16.620920501125717,4.425245618335977,14.05960133749502,17.46,16.51,0,0,20.67,16.51,0,0,-0.05906674542232038,-0.6459189665296502,Downtrend
2023-06-12 16:00:00,16.71,16.83,16.68,16.77,647,14,0,30.61224489795906,543.5,1.1904323827046919,0,0.19499999999999978,1.1627906976744173,16.988999999999997,-1.289069397845651,17.900199999999998,-6.313895934123634,18.063599999999997,-7.161363183418577,0,0,17.377676566934586,16.60032343306541,4.575626192649226,16.032194807297053,17.46,16.51,0,1,20.56,16.51,0,1,-0.8865248226950451,-1.757469244288229,Downtrend
2023-06-12 20:00:00,16.77,16.83,16.72,16.82,268,14,0,31.081081081081038,543.15,0.49341802448679006,0,0.19428571428571395,1.1550874808900948,16.9845,-0.9685301304130254,17.8342,-5.686826434603172,18.04905,-6.80949966895765,0,0,17.379067051202433,16.589932948797568,4.646201550854401,18.051437286897556,17.46,16.51,0,1,20.34,16.51,0,1,0.29815146094216427,-0.6497341996455962,Downtrend
2023-06-13 16:00:00,17.03,17.06,16.72,16.78,730,14,0,38.01652892561981,542.1,1.3466150156797638,0,0.19499999999999978,1.1620977353992834,16.991,-1.2418339120710877,17.7732,-5.588188958656843,18.03625,-6.965139649317336,0,0,17.366171539712667,16.615828460287332,4.416120766437142,17.17720446073765,17.46,16.62,0,1,20.32,16.51,0,1,-0.23781212841854638,-0.8274231678487031,Downtrend
2023-06-13 20:00:00,16.78,16.81,16.72,16.73,276,14,0,27.92792792792791,543.45,0.5078664090532707,0,0.18785714285714278,1.122875928614123,16.9925,-1.544799176107102,17.7124,-5.546396874505987,18.02175,-7.167727884361954,0,0,17.362983325855144,16.622016674144856,4.3605511355615,16.270292913093815,17.46,16.68,0,1,20.14,16.51,0,1,-0.29797377830751426,-0.2385211687537218,Downtrend
2023-06-14 16:00:00,16.92,16.95,16.78,16.83,534,14,0,35.04273504273492,508.5,1.0501474926253687,0,0.1892857142857142,1.1246923011628889,16.9885,-0.9329840774641674,17.654999999999998,-4.672897196261679,18.008100000000002,-6.542056074766377,0,0,17.364421324355387,16.61257867564461,4.425597602559246,16.178619350262775,17.46,16.68,0,1,19.85,16.51,0,1,0.5977286312014218,0.059453032104625506,Downtrend
2023-06-14 20:00:00,16.83,16.83,16.62,16.71,848,14,0,33.60655737704913,534.45,1.5866778931611936,0,0.19428571428571395,1.1626912883645357,16.9835,-1.6103865516530664,17.5952,-5.030917522960794,17.99355,-7.133389464558124,0,0,17.371871769801558,16.59512823019844,4.573518648117982,16.138659310302735,17.46,16.62,0,1,19.84,16.51,0,1,-0.7130124777183444,-0.4171632896305142,Downtrend
2023-06-15 16:00:00,16.59,16.72,16.25,16.48,1008,14,0,31.538461538461434,533.7,1.8887015177065765,0,0.20857142857142819,1.2656033287101225,16.9405,-2.7183377114016687,17.5332,-6.006889786234117,17.97885,-8.336740114078491,0,0,17.35240060119282,16.52859939880718,4.862909609430881,16.946208136284756,17.41,16.25,0,1,19.81,16.25,0,1,-1.376421304608022,-1.4943215780035863,Downtrend
2023-06-15 20:00:00,16.48,16.48,16.39,16.4,261,14,0,25.3846153846153,531.3,0.4912478825522304,0,0.20428571428571374,1.2456445993031326,16.8915,-2.9097475061421547,17.467200000000002,-6.109737107263919,17.9638,-8.705285073314114,0,0,17.31622405902614,16.46677594097386,5.028849528178549,17.821784173151077,17.27,16.25,0,1,19.77,16.25,0,1,-0.4854368932038944,-2.5549613784907885,Downtrend
2023-06-16 16:00:00,16.47,16.71,16.45,16.59,794,14,0,38.8059701492537,530.45,1.4968423037044019,0,0.20499999999999957,1.2356841470765496,16.8675,-1.645175633614939,17.416600000000003,-4.746046874820588,17.94955,-7.574284592092831,0,0,17.303842453632416,16.431157546367583,5.173765568488712,17.48574588295019,17.25,16.25,0,0,19.77,16.25,0,0,1.1585365853658658,-0.7181328545781028,Downtrend
2023-06-16 20:00:00,16.59,16.7,16.59,16.63,254,14,0,40.579710144927475,527.2,0.4817905918057663,0,0.20499999999999957,1.2327119663259145,16.838,-1.2353011046442686,17.3702,-4.261321113170841,17.935299999999998,-7.277826409371459,0,0,17.25326655992185,16.42273344007815,4.932492694166173,17.146648808457893,17.25,16.25,0,0,19.57,16.25,0,0,0.24110910186858625,0.9101941747572728,Downtrend
2023-06-20 16:00:00,16.14,16.18,15.88,16.03,858,14,0,22.826086956521692,529.75,1.6196319018404908,0,0.23999999999999957,1.4971927635683067,16.7805,-4.472453145019509,17.31,-7.394569612940484,17.9184,-10.538887400660759,0,0,17.301409124309924,16.259590875690076,6.20850539983819,17.420023274523356,17.23,15.88,0,1,19.37,15.88,0,1,-3.60793746241731,-2.2560975609755944,Downtrend
2023-06-20 20:00:00,16.03,16.07,15.96,15.97,281,14,0,20.4301075268817,529.4,0.5307895731016246,0,0.23999999999999957,1.5028177833437668,16.7235,-4.5056357819834405,17.2474,-7.406333708269062,17.89885,-10.776390661969897,0,0,17.334324292075337,16.112675707924666,7.304981517927891,17.693397740588825,17.17,15.88,0,1,19.37,15.88,0,1,-0.37429819089207506,-3.7371910789632263,Downtrend
2023-06-21 16:00:00,15.97,16.18,15.78,16.16,848,14,0,29.84293193717275,540.35,1.5693531970019432,0,0.2521428571428567,1.5602899575671827,16.6835,-3.137830790901181,17.183799999999998,-5.957937126828745,17.88335,-9.63661730044986,0,0,17.332686535515485,16.034313464484512,7.782378224179416,19.626895277534597,17.17,15.78,0,0,19.37,15.78,0,0,1.189730745147144,-2.826217678893559,Downtrend
2023-06-21 20:00:00,16.16,16.21,16.03,16.04,363,14,0,28.21782178217815,544.1,0.667156772652086,0,0.25928571428571395,1.6164944780904862,16.6335,-3.568100520034883,17.1192,-6.304032898733587,17.86695,-10.225304262898817,0,0,17.320040526652804,15.9469594733472,8.254913597893433,21.43383375358528,17.17,15.78,0,1,19.37,15.78,0,1,-0.7425742574257432,0.06238303181533381,Downtrend
2023-06-22 16:00:00,15.99,16.14,15.83,16.13,677,14,0,33.67346938775506,539.05,1.2559131805954922,0,0.26428571428571385,1.638473120184215,16.595499999999998,-2.8049772528697465,17.069000000000003,-5.501201007674752,17.85575,-9.664953866401587,0,0,17.30597723027322,15.885022769726776,8.56228773189386,20.929570146889876,17.15,15.78,0,0,19.35,15.78,0,0,0.5610972568578454,1.0018785222291695,Downtrend
2023-06-22 20:00:00,16.13,16.35,16.1,16.33,287,14,0,38.38862559241699,539.8,0.5316783994071879,0,0.2742857142857139,1.6796430758463807,16.5675,-1.4335295005281468,17.022000000000002,-4.065327223593019,17.8462,-8.495926303638877,0,0,17.27323216926587,15.861767830734129,8.519476918857654,19.624013920000575,17.15,15.78,0,0,19.21,15.78,0,0,1.239925604463732,1.0519801980197907,Downtrend
2023-06-23 16:00:00,16.41,16.55,16.24,16.28,867,14,0,38.207547169811285,548.5,1.5806745670009115,0,0.2721428571428569,1.67163917163917,16.53,-1.5124016938898972,16.9778,-4.110073154354494,17.8363,-8.725464362003331,0,0,17.211546229655603,15.8484537703444,8.246173377563231,21.34189129059244,17.09,15.78,0,0,18.79,15.78,0,0,-0.30618493570114813,1.4962593516209601,Downtrend
2023-06-23 20:00:00,16.28,16.39,16.25,16.38,277,14,0,41.93548387096767,548.85,0.5046916279493486,0,0.2757142857142855,1.683237397523111,16.4955,-0.7001909611712335,16.9382,-3.295509558276555,17.826999999999998,-8.116901329444099,0,0,17.130197607236273,15.860802392763727,7.695403076430213,23.0597686611843,17.09,15.78,0,0,18.63,15.78,0,0,0.6142506142505999,1.5499070055796653,Downtrend
2023-06-26 16:00:00,16.33,16.65,16.25,16.63,654,14,0,45.689655172413794,549.4,1.190389515835457,0,0.28857142857142837,1.7352461128768994,16.4805,0.9071326719456312,16.917199999999998,-1.697680467216789,17.817249999999998,-6.663486228233868,0,0,17.085443668538762,15.875556331461238,7.341326641045621,24.111047025824803,17.06,15.78,0,0,18.49,15.78,0,0,1.5262515262515208,1.8371096142069856,Downtrend
2023-06-26 20:00:00,16.64,16.74,16.49,16.5,394,14,0,45.493562231759626,556.3,0.7082509437353947,0,0.2914285714285714,1.7662337662337662,16.4595,0.2460585072450654,16.8928,-2.325250994506542,17.8076,-7.342932231182196,0,0,17.028283558871014,15.890716441128983,6.911310293399133,24.671490443411102,17.06,15.78,0,0,18.08,15.78,0,0,-0.7817197835237488,1.3513513513513442,Downtrend
2023-06-27 16:00:00,16.54,16.63,16.19,16.45,717,14,0,49.30232558139532,559.8,1.2808145766345125,0,0.2892857142857142,1.7585757707338252,16.4435,0.03952929729071707,16.8642,-2.456090416385011,17.79865,-7.577260073095428,0,0,16.993189864713088,15.893810135286913,6.685801255366409,24.532875857791918,17.06,15.78,0,0,18.08,15.78,0,0,-0.303030303030305,0.4273504273504291,Downtrend
2023-06-27 20:00:00,16.46,16.58,16.42,16.58,265,14,0,54.0909090909091,559.65,0.4735102296077906,0,0.294285714285714,1.7749439944856091,16.4315,0.9037519398715792,16.8402,-1.5451122908279065,17.7902,-6.802621668109412,0,0,16.956507268119996,15.906492731880006,6.390253697106109,24.394261272172738,17.06,15.78,0,0,18.08,15.78,0,0,0.7902735562310026,-0.3006614552014475,Downtrend
2023-06-28 16:00:00,16.44,16.49,16.33,16.44,653,14,0,46.51162790697676,555.8,1.174883051457359,0,0.28999999999999954,1.7639902676398997,16.414499999999997,0.15535045234399172,16.813399999999998,-2.2208476572257645,17.7832,-7.55319627513608,0,0,16.913360807503484,15.91563919249651,6.078294282536622,25.91585150335725,16.95,15.78,0,0,17.89,15.78,0,0,-0.8443908323280902,-0.3636363636363559,Downtrend
2023-06-28 20:00:00,16.44,16.54,16.41,16.54,239,14,0,47.96380090497737,553.95,0.4314468814874988,0,0.2914285714285709,1.7619623423734638,16.404999999999998,0.8229198415117439,16.7898,-1.4878080739496626,17.7772,-6.959476182975955,0,0,16.88546030560602,15.924539694393976,5.8574862006220325,27.29739177378642,16.95,15.78,0,0,17.88,15.78,0,0,0.6082725060827077,0.5471124620060782,Downtrend
2023-06-29 16:00:00,16.3,16.58,16.19,16.57,671,14,0,66.46341463414642,560.8,1.1965049928673326,0,0.2657142857142851,1.6035865160789686,16.392,1.0858955588091803,16.766199999999998,-1.170211496940258,17.77065,-6.756365130144365,0,0,16.83678735309534,15.94721264690466,5.4268832734912085,24.207690777108702,16.83,15.78,1,0,17.84,15.78,0,0,0.18137847642081262,-0.060313630880567015,Downtrend
2023-06-29 20:00:00,16.57,16.59,16.45,16.56,255,14,0,68.55345911949689,531.15,0.480090369951991,0,0.26785714285714235,1.61749482401656,16.3845,1.0711343037627,16.7442,-1.1000824165979897,17.76415,-6.778539924510894,0,0,16.81140933340376,15.95759066659624,5.21113654250981,21.153883534917686,16.74,15.78,1,0,17.81,15.78,0,0,-0.06035003017502705,0.7299270072992544,Downtrend
2023-06-30 16:00:00,16.61,16.71,16.54,16.71,630,14,0,67.74193548387106,512.25,1.2298682284040996,0,0.251428571428571,1.5046593143541054,16.395999999999997,1.9151012442059263,16.729,-0.11357522864485835,17.758799999999997,-5.905804446246349,0,0,16.845533091106617,15.946466908893376,5.483448293566977,19.16787693068448,16.74,15.78,1,0,17.81,15.78,0,0,0.9057971014492905,1.0278113663845327,Downtrend
2023-06-30 20:00:00,16.71,16.86,16.71,16.86,228,14,0,75.94936708860774,510.6,0.44653349001175086,0,0.2492857142857138,1.47856295543128,16.419,2.6859126621596863,16.7182,0.8481774353698359,17.75385,-5.03468261813635,0,0,16.914151226234953,15.923848773765046,6.03144194207873,17.70170327104734,16.86,15.78,1,0,17.81,15.78,0,0,0.8976660682226134,1.7501508750754322,Downtrend
2023-07-03 16:00:00,16.93,17.13,16.83,17.02,548,14,0,76.96969696969713,498.3,1.099739112984146,0,0.24857142857142808,1.4604666778579793,16.4405,3.5248319698305983,16.7176,1.8088720869024182,17.75125,-4.119428209281033,0,0,17.00006656158314,15.88093343841686,6.8071720639048605,17.84565662775051,17.13,15.78,1,0,17.49,15.78,0,0,0.9489916963226541,2.777777777777783,Downtrend
2023-07-05 16:00:00,16.93,16.99,16.71,16.74,689,14,0,61.84971098265901,520.05,1.3248726084030382,0,0.2528571428571423,1.510496671786991,16.445999999999998,1.7876687340386752,16.712,0.16754427955959006,17.74625,-5.670212016623238,0,0,17.015483607268234,15.876516392731764,6.925496865720963,17.694820515095344,17.13,15.78,0,0,17.46,15.78,0,0,-1.6451233842538215,0.17953321364450978,Downtrend
2023-07-05 20:00:00,16.74,16.79,16.61,16.62,323,14,0,59.44444444444448,493.3,0.6547739712142712,0,0.24357142857142783,1.4655320611999267,16.4755,0.8770598767867485,16.7058,-0.5135940810975769,17.74425,-6.335855277061583,0,0,17.014562539092175,15.936437460907825,6.54380794624958,16.354260063173815,17.13,15.78,0,0,17.46,15.78,0,0,-0.7168458781361853,-1.4234875444839765,Downtrend
2023-07-06 16:00:00,16.35,16.45,16.11,16.18,897,14,0,45.32710280373832,524.1,1.7115054378935317,0,0.2699999999999993,1.668726823238562,16.485999999999997,-1.8561203445347414,16.691200000000002,-3.0626917177914246,17.739649999999997,-8.791887100365555,0,0,16.990689586723597,15.981310413276397,6.12264450714061,15.43255415572259,17.13,15.78,0,0,17.46,15.78,0,0,-2.6474127557160165,-4.935370152761457,Downtrend
2023-07-06 20:00:00,16.19,16.22,16.14,16.16,278,14,0,37.696335078534034,495.6,0.5609362389023406,0,0.24714285714285644,1.529349363507775,16.486,-1.9774353997331098,16.6814,-3.1256369369477373,17.73605,-8.886138683641502,0,0,16.9906895867236,15.9813104132764,6.122644507140608,15.955532892439544,17.13,15.83,0,0,17.46,15.78,0,0,-0.12360939431396156,-3.4647550776582934,Downtrend
2023-07-07 16:00:00,16.3,16.49,16.22,16.33,668,14,0,45.641025641025585,510.85,1.307624547323089,0,0.25285714285714206,1.5484209605458794,16.5005,-1.0333020211508777,16.674,-2.0630922394146647,17.73345,-7.914139662615018,0,0,16.966410540317362,16.034589459682635,5.647229360532873,16.38472483948862,17.13,15.83,0,0,17.46,15.78,0,0,1.0519801980197974,-1.7448856799037467,Downtrend
2023-07-07 20:00:00,16.33,16.35,16.26,16.27,212,14,0,45.408163265306115,487.6,0.43478260869565216,0,0.22785714285714218,1.4004741417156863,16.5075,-1.4387399666818157,16.6612,-2.3479701342040267,17.73215,-8.24575700070212,0,0,16.953765203190677,16.061234796809323,5.406817545851002,16.089589603263548,17.13,16.1,0,1,17.46,15.78,0,0,-0.3674219228413933,0.5562422744128546,Downtrend
2023-07-10 16:00:00,16.21,16.36,16.17,16.35,553,13,0,43.97905759162311,500.9,1.1040127770013974,0,0.2299999999999994,1.4067278287461735,16.5085,-0.9601114577338951,16.651999999999997,-1.8135959644486914,17.73055,-7.78627848543897,0,0,16.95317729280537,16.063822707194632,5.387252540271613,16.05290826406121,17.13,16.11,0,1,17.46,15.78,0,0,0.49170251997543435,1.1757425742574337,Downtrend
2023-07-10 20:00:00,16.35,16.48,16.35,16.47,274,13,0,50.79365079365073,471.25,0.5814323607427055,0,0.22142857142857078,1.344435770665275,16.517999999999997,-0.29059208136577236,16.6346,-0.989503805321439,17.73015,-7.10738487830052,0,0,16.950062373664622,16.085937626335372,5.23141268512683,14.346718541795488,17.13,16.11,0,0,17.46,15.78,0,0,0.7339449541284182,0.8573178199632613,Downtrend
2023-07-11 16:00:00,16.51,16.6,16.47,16.55,483,13,0,50.267379679144426,481.55,1.003011109957429,0,0.22142857142857103,1.3379369874838127,16.5265,0.14219586724353053,16.618,-0.4091948489589472,17.7303,-6.656965759180607,0,0,16.953793809924584,16.099206190075414,5.171013946384109,13.055834125262056,17.13,16.11,0,0,17.46,15.78,0,0,0.4857316332726347,1.7209588199139592,Downtrend
2023-07-11 20:00:00,16.54,16.65,16.48,16.64,247,13,0,51.81347150259068,461.2,0.5355594102341718,0,0.20571428571428538,1.236263736263734,16.526999999999997,0.6837296545047686,16.6094,0.18423302467277408,17.7324,-6.160474611445704,0,0,16.954826821825783,16.099173178174212,5.177307700439108,14.203132422819406,17.13,16.11,0,0,17.41,15.78,0,0,0.5438066465256686,1.7737003058103922,Downtrend
2023-07-12 16:00:00,16.94,17.46,16.9,17.45,820,13,0,66.30036630036633,482.5,1.6994818652849741,0,0.25428571428571395,1.4572247237003666,16.5745,5.282210624754887,16.613999999999997,5.031900806548707,17.7391,-1.629733188267732,0,0,17.16841564171484,15.98058435828516,7.166619104224445,17.07147728685703,17.46,16.11,1,0,17.46,15.78,1,0,4.867788461538458,5.95021250758956,Downtrend
2023-07-12 20:00:00,17.45,17.46,17.31,17.41,313,13,0,63.358778625954216,462.3,0.6770495349340255,0,0.25285714285714256,1.4523672766062181,16.6225,4.737554519476622,16.6186,4.762133994439961,17.7462,-1.8944900880188524,0,0,17.320161507428374,15.924838492571624,8.394182673224545,18.99590753641043,17.46,16.11,1,0,17.46,15.78,1,0,-0.22922636103150928,5.196374622356491,Downtrend
2023-07-13 16:00:00,17.58,17.61,17.42,17.52,735,13,0,62.79069767441863,485.8,1.5129682997118155,0,0.2564285714285712,1.463633398564904,16.669500000000003,5.1021326374516125,16.6268,5.372049943464769,17.75385,-1.3171790907324346,0,0,17.47363340082082,15.865366599179186,9.647960656538187,20.527063902262853,17.61,16.11,1,0,17.61,15.78,1,0,0.6318207926478969,5.288461538461532,Downtrend
2023-07-13 20:00:00,17.52,17.59,17.49,17.54,315,13,0,60.65573770491805,468.9,0.6717850287907869,0,0.24214285714285694,1.380517999674213,16.7245,4.876080002391701,16.6384,5.418790268295019,17.7621,-1.2504152099132482,0,0,17.608997478500388,15.84000252149961,10.57726662680964,19.91747448670329,17.61,16.11,1,0,17.61,15.78,1,0,0.11415525114155667,0.5157593123209161,Downtrend
2023-07-14 16:00:00,17.58,17.64,17.37,17.46,956,13,0,66.0714285714287,504.75,1.8940069341258048,0,0.23928571428571413,1.3704794632629675,16.770500000000002,4.111386064816188,16.6468,4.8850229473532565,17.769849999999998,-1.7436838240052523,0,0,17.708661135301043,15.832338864698963,11.188230944826207,20.507420193019282,17.64,16.11,1,0,17.64,15.78,1,0,-0.45610034207524963,0.2871912693854148,Downtrend
2023-07-14 20:00:00,17.46,17.51,17.27,17.27,261,13,0,64.06926406926408,484.25,0.5389778007227671,0,0.24357142857142858,1.410373066424022,16.805500000000002,2.7639760792597508,16.6544,3.696320491882029,17.7768,-2.8509067998740036,0,0,17.764171778528624,15.846828221471382,11.409024170999029,22.180731938058464,17.64,16.11,0,0,17.64,15.78,0,0,-1.0882016036655284,-1.4269406392694064,Downtrend
2023-07-17 16:00:00,17.16,17.4,17.09,17.31,707,13,0,79.58115183246082,506.85,1.394890006905396,0,0.2292857142857141,1.3245852933894517,16.843,2.7726652021611278,16.6628,3.884101111457846,17.78385,-2.6644961580310356,0,0,17.819742168209068,15.86625783179093,11.598197093262112,24.895148539281667,17.64,16.11,1,0,17.64,15.78,1,0,0.23161551823971394,-1.3112884834663652,Downtrend
2023-07-17 20:00:00,17.31,17.38,17.25,17.3,252,13,0,80.00000000000014,487.95,0.5164463572087304,0,0.2328571428571427,1.3459950454170098,16.8725,2.5337086975848395,16.6682,3.7904512784823914,17.78995,-2.754083063752289,0,0,17.86779154681317,15.877208453186828,11.797795783827777,26.575919342044887,17.64,16.11,1,0,17.64,15.78,1,0,-0.05777007510108234,-0.9163802978235975,Downtrend
2023-07-18 16:00:00,17.33,17.83,17.33,17.58,816,13,0,81.09452736318423,517.35,1.5772687735575528,0,0.24714285714285694,1.4058183000162512,16.9085,3.971375343762003,16.6784,5.405794320798148,17.79765,-1.22291426115247,0,0,17.95276806399197,15.864231936008029,12.351989401685206,29.26837965950521,17.83,16.11,1,0,17.83,15.78,1,0,1.6184971098265777,1.7950202663578385,Downtrend
2023-07-18 20:00:00,17.58,17.62,17.5,17.58,279,13,0,83.58974358974369,503.9,0.5536812859694384,0,0.24928571428571417,1.4180074760279533,16.9365,3.799486316535291,16.691399999999998,5.323699629749455,17.80425,-1.259530730022334,0,0,18.022550788770637,15.85044921122936,12.824973149949969,32.858299476229156,17.83,16.11,1,0,17.83,15.78,1,0,0.0,1.5597920277296335,Downtrend
2023-07-19 16:00:00,17.63,17.69,17.52,17.55,678,13,0,81.57894736842124,503.35,1.346975265719678,0,0.24785714285714303,1.4122914122914132,16.977,3.375154620957769,16.703999999999997,5.064655172413816,17.8108,-1.464280099714778,0,0,18.09221723161188,15.861782768388123,13.137977635764605,36.7268739330389,17.83,16.11,1,0,17.83,15.78,1,0,-0.17064846416381396,1.4450867052023122,Downtrend
2023-07-19 20:00:00,17.55,17.64,17.54,17.58,254,13,0,80.66298342541455,499.9,0.5081016203240648,0,0.24571428571428605,1.3976921826751199,17.025,3.2599118942731264,16.7202,5.1422829870456095,17.8175,-1.3329591693559744,0,0,18.158016467571994,15.891983532428004,13.31003192448746,41.11413608427621,17.83,16.11,1,0,17.83,15.78,1,0,0.17094017094014813,0.0,Downtrend
2023-07-20 16:00:00,17.46,17.53,17.2,17.22,765,13,0,66.02870813397135,493.3,1.5507804581390634,0,0.2635714285714287,1.5306122448979598,17.077,0.8373836153891029,16.7282,2.9399457204002686,17.8221,-3.3783897520494226,0,0,18.140026463996897,16.013973536003107,12.44980340805639,43.433320283898695,17.83,16.14,0,0,17.83,15.78,0,0,-2.0477815699658675,-2.047781569965867,Downtrend
2023-07-20 20:00:00,17.22,17.3,17.21,17.21,298,13,0,64.17910447761206,494.3,0.6028727493425046,0,0.25785714285714306,1.498298331534823,17.1295,0.4699495023205621,16.736800000000002,2.827302710195488,17.8264,-3.4577929363191604,0,0,18.101670117233574,16.157329882766426,11.350828888567374,44.771862137379735,17.83,16.17,0,0,17.83,15.78,0,0,-0.05807200929150991,-1.9373219373219366,Downtrend
2023-07-21 16:00:00,17.23,17.34,17.17,17.28,737,13,0,43.30708661417323,497.75,1.4806629834254144,0,0.2114285714285715,1.223544973544974,17.177,0.5996390522210021,16.747799999999998,3.177730806434297,17.8305,-3.087406410364261,0,0,18.0746718425137,16.2793281574863,10.452021220395864,41.96038789733405,17.83,16.17,0,0,17.83,15.78,0,0,0.40674026728646506,-1.7064846416382093,Downtrend
2023-07-21 20:00:00,17.27,17.34,17.27,17.33,237,13,0,46.874999999999886,499.0,0.4749498997995992,0,0.20571428571428566,1.1870414640178053,17.23,0.5803830528148454,16.7578,3.414529353495081,17.836,-2.8369589594079403,0,0,18.021028644101655,16.438971355898346,9.181992386554318,39.34379266990139,17.83,16.17,0,0,17.83,15.78,0,0,0.28935185185183787,0.6387921022067331,Downtrend
2023-07-24 16:00:00,17.21,17.37,17.18,17.31,635,14,0,41.176470588235134,503.1,1.2621745179884714,0,0.20500000000000007,1.184286539572502,17.278,0.1852066211367058,16.7698,3.2212668010351866,17.84135,-2.978193914698158,0,0,17.952048256901094,16.603951743098904,7.802387508983621,37.72241792680934,17.83,16.35,0,0,17.83,15.78,0,0,-0.11540680900172795,0.5810575246949324,Downtrend
2023-07-24 20:00:00,17.31,17.36,17.27,17.31,244,14,0,40.17094017094002,501.6,0.4864433811802233,0,0.20428571428571424,1.1801601056367086,17.32,-0.057736720554281536,16.7864,3.119191726635838,17.84935,-3.021678660567485,0,0,17.87649277670617,16.763507223293832,6.426013587831042,36.61260059182643,17.83,16.47,0,0,17.83,15.78,0,0,0.0,0.17361111111109712,Downtrend
2023-07-25 16:00:00,17.4,17.46,17.26,17.36,695,14,0,45.61403508771919,512.2,1.3568918391253415,0,0.19928571428571423,1.147959183673469,17.3605,-0.002880101379561849,16.8056,3.2989003665444923,17.8577,-2.7870330445690197,0,0,17.782748367919105,16.938251632080892,4.864472427857567,34.656172947907784,17.83,16.48,0,0,17.83,15.78,0,0,0.2888503755055005,0.17311021350260322,Downtrend
2023-07-25 20:00:00,17.36,17.51,17.3,17.45,319,14,0,58.65384615384627,515.8,0.6184567661884451,0,0.197142857142857,1.129758493655341,17.401,0.2815930118958651,16.8228,3.7282735335378083,17.867,-2.3339116807522338,0,0,17.65355744526289,17.14844255473711,2.902792313808298,32.763080983088415,17.83,16.9,0,0,17.83,15.78,0,0,0.5184331797235098,0.8087810514153702,Downtrend
2023-07-26 16:00:00,17.34,17.36,17.11,17.11,567,14,0,42.53731343283577,503.15,1.126900526681904,0,0.19928571428571423,1.1647324037738997,17.383999999999997,-1.5761619880349595,16.8324,1.6492003517026665,17.8748,-4.278649271600248,0,0,17.666649122262232,17.10135087773776,3.2518306748991623,29.35647628138659,17.83,17.09,0,1,17.83,15.78,0,0,-1.9484240687679066,-1.1554015020219486,Downtrend
2023-07-26 20:00:00,17.11,17.2,17.0,17.18,746,14,0,45.714285714285644,524.8,1.4214939024390245,0,0.20428571428571424,1.1890903043405952,17.3725,-1.1080731040437417,16.8554,1.9257923276813378,17.882849999999998,-3.930301937331007,0,0,17.669068089279293,17.075931910720705,3.4142246571223938,25.783231575418746,17.83,17.0,0,1,17.83,15.78,0,0,0.40911747516072516,-1.0368663594470031,Downtrend
2023-07-27 16:00:00,16.83,16.98,16.68,16.95,1336,14,0,26.666666666666544,554.85,2.407857979634135,1,0.20214285714285726,1.192583227981459,17.343999999999998,-2.2716789667896586,16.875,0.4444444444444402,17.890150000000002,-5.255126424317306,0,0,17.68683032476543,17.001169675234564,3.9533017154685592,25.9138699218844,17.83,16.68,0,1,17.83,15.78,0,0,-1.3387660069848706,-2.865329512893983,Downtrend
2023-07-27 20:00:00,16.95,16.99,16.7,16.71,403,14,0,22.641509433962156,559.25,0.7206079570853822,0,0.21428571428571427,1.2823800974608872,17.302500000000002,-3.424360641525797,16.886,-1.042283548501708,17.89395,-6.6164821070808815,0,0,17.73472192155594,16.870278078444063,4.996063245842384,25.963756543199576,17.83,16.68,0,1,17.83,15.78,0,0,-1.4159292035398119,-2.3378141437755615,Downtrend
2023-07-28 16:00:00,16.84,17.0,16.8,16.98,651,14,0,34.42622950819664,544.0,1.1966911764705883,0,0.22285714285714267,1.3124684502776365,17.278499999999998,-1.7275805191422702,16.9048,0.44484406795702297,17.8997,-5.138074939803454,0,0,17.72690184045802,16.830098159541976,5.190286662129489,25.979123722745832,17.83,16.68,0,1,17.83,15.78,0,0,1.6157989228007263,-1.1641443538998795,Downtrend
2023-07-28 20:00:00,16.98,17.0,16.91,16.91,258,14,0,32.085561497326196,543.85,0.47439551346878733,0,0.22214285714285684,1.3136774520571073,17.2605,-2.0306480113554084,16.9204,-0.06146426798421214,17.90035,-5.532573385436594,0,0,17.73827885216779,16.78272114783221,5.5360951556187965,26.14157676366366,17.83,16.68,0,1,17.83,15.83,0,0,-0.41224970553592755,-0.23598820058996547,Downtrend
2023-07-31 16:00:00,17.08,17.34,17.07,17.29,654,14,0,51.85185185185187,541.2,1.2084257206208424,0,0.22571428571428548,1.3054614558373943,17.2595,0.17671427329876285,16.9396,2.0685258211528046,17.9019,-3.4180729419782376,0,0,17.736926213643017,16.78207378635698,5.53232959984956,24.514858140033024,17.83,16.68,0,0,17.83,15.83,0,0,2.2471910112359383,3.470975463794125,Downtrend
2023-07-31 20:00:00,17.29,17.37,17.19,17.21,262,14,0,50.0,541.7,0.48366254384345575,0,0.2321428571428569,1.348883539470406,17.255,-0.26079397276150773,16.9582,1.4848273991343381,17.9032,-3.8719335090933322,0,0,17.732515499886027,16.77748450011397,5.534807300910207,22.81108263967239,17.83,16.68,0,0,17.83,16.1,0,0,-0.46269519953729965,1.3545347467608977,Downtrend
2023-08-01 16:00:00,16.82,17.02,16.75,16.96,894,14,0,42.523364485981276,545.6,1.6385630498533723,0,0.2528571428571428,1.4909029649595682,17.223999999999997,-1.5327450069669986,16.9698,-0.0577496493771198,17.903299999999998,-5.26886104796321,0,0,17.69310440987934,16.754895590120654,5.44710183324829,25.154321564249035,17.69,16.68,0,1,17.83,16.11,0,0,-1.4526438117373641,0.29568302779420885,Downtrend
2023-08-01 20:00:00,16.96,16.97,16.9,16.96,285,14,0,41.14832535885172,545.9,0.5220736398607804,0,0.2528571428571428,1.4909029649595682,17.193,-1.3552026987727595,16.9764,-0.09660469828703881,17.90375,-5.2712420582280135,0,0,17.644668252732185,16.741331747267818,5.254094721481804,27.497560488825677,17.69,16.68,0,1,17.83,16.11,0,0,0.0,-1.9086176980913725,Downtrend
2023-08-02 16:00:00,16.82,16.88,16.46,16.52,1125,14,0,34.26294820717132,568.25,1.9797624285085789,0,0.27499999999999986,1.6646489104116216,17.1415,-3.6257037015430447,16.9768,-2.6907308797888954,17.90135,-7.716457138707423,0,0,17.65273277219702,16.63026722780298,5.964854559951217,29.78936656677292,17.64,16.46,0,1,17.83,16.11,0,0,-2.594339622641517,-4.009296920395126,Downtrend
2023-08-02 20:00:00,16.52,16.58,16.44,16.46,357,14,0,33.463035019455276,573.4,0.622602023020579,0,0.2785714285714282,1.6924145113695517,17.085500000000003,-3.660999092798,16.977,-3.045296577722798,17.897100000000002,-8.029792536220956,0,0,17.638176740009204,16.532823259990803,6.469541307063889,32.117530772276595,17.53,16.44,0,1,17.83,16.11,0,0,-0.363196125907983,-2.9481132075471694,Downtrend
2023-08-03 16:00:00,16.46,16.58,16.21,16.33,838,14,0,30.566037735849022,577.05,1.4522138462871503,0,0.2907142857142852,1.780246697576762,17.041,-4.172290358547046,16.971999999999998,-3.782700919160968,17.8918,-8.729138488022455,0,0,17.684015920241517,16.397984079758483,7.546692333096846,36.04537115736782,17.51,16.21,0,1,17.83,16.11,0,1,-0.7897934386391414,-3.714622641509449,Downtrend
2023-08-03 20:00:00,16.33,16.42,16.2,16.23,315,14,0,27.067669172932327,577.9,0.5450770029416855,0,0.29142857142857104,1.7956165830472646,16.991999999999997,-4.4844632768361405,16.9678,-4.348236070675044,17.8859,-9.258130706310553,0,0,17.723993672678894,16.2600063273211,8.615744734921101,40.188702908672965,17.51,16.2,0,1,17.83,16.11,0,1,-0.6123698714023185,-1.7554479418886146,Downtrend
2023-08-04 16:00:00,16.36,16.49,16.25,16.31,919,14,0,33.333333333333286,587.0,1.565587734241908,0,0.2857142857142852,1.751773670841724,16.943499999999997,-3.738896922123517,16.9632,-3.8506885493303256,17.88215,-8.791728064019152,0,0,17.722197292716523,16.16480270728347,9.191693483831866,43.739793190713876,17.51,16.2,0,1,17.83,16.11,0,1,0.49291435613061374,-0.9113001215066958,Downtrend
2023-08-04 20:00:00,16.31,16.45,16.31,16.41,323,14,0,34.15637860082303,591.3,0.5462540165736514,0,0.28142857142857103,1.7149821537390069,16.8975,-2.8850421660008916,16.96,-3.242924528301891,17.8786,-8.214289709485076,0,0,17.688658377916337,16.106341622083665,9.364206278045105,47.27206136113998,17.51,16.2,0,1,17.83,16.11,0,1,0.6131207847946074,0.489895897121873,Downtrend
2023-08-07 16:00:00,16.37,16.51,16.3,16.4,634,14,0,37.55656108597282,591.25,1.0723044397463002,0,0.26071428571428534,1.5897212543553987,16.851999999999997,-2.682174222644186,16.956799999999998,-3.2836384223438335,17.874,-8.24661519525568,0,0,17.647926471081504,16.05607352891849,9.44607727369461,45.804287761371405,17.51,16.2,0,1,17.83,16.11,0,1,-0.06093845216332827,1.0474430067775609,Downtrend
2023-08-07 20:00:00,16.4,16.46,16.39,16.43,238,14,0,42.99999999999998,590.95,0.40274134867586087,0,0.24499999999999972,1.4911746804625667,16.808,-2.2489290813898153,16.9512,-3.0747085752041174,17.867849999999997,-8.047134937891228,0,0,17.59456080167822,16.02143919832178,9.359362228441462,44.47652774170088,17.51,16.2,0,1,17.83,16.11,0,1,0.18292682926830395,0.7357449417535316,Downtrend
2023-08-08 16:00:00,16.22,16.36,16.1,16.24,968,14,0,30.72916666666663,604.6,1.6010585511081705,0,0.24785714285714253,1.5262139338493999,16.752000000000002,-3.056351480420272,16.9388,-4.125439818641238,17.8584,-9.06240200689872,0,0,17.532542321587574,15.97145767841243,9.318795625448569,43.35327801097309,17.51,16.1,0,1,17.83,16.1,0,1,-1.1564211807668978,-1.0359536867763661,Downtrend
2023-08-08 20:00:00,16.23,16.4,16.2,16.35,347,14,0,35.71428571428578,606.0,0.5726072607260726,0,0.25571428571428534,1.5640017474879837,16.697,-2.07821764388811,16.9254,-3.3996242334006785,17.85005,-8.403617917036636,0,0,17.423610009057818,15.970389990942179,8.703479775502418,42.01580950932551,17.37,16.1,0,1,17.83,16.1,0,1,0.677339901477847,-0.30487804878047053,Downtrend
2023-08-09 16:00:00,16.38,16.5,16.28,16.36,611,14,0,20.754716981132162,608.2,1.0046037487668529,0,0.24071428571428527,1.4713587146349956,16.6595,-1.7977730424082468,16.9178,-3.29711901074608,17.84015,-8.296735173190818,0,0,17.37367158486699,15.945328415133012,8.573745729067365,45.73612419206944,17.37,16.1,0,1,17.83,16.1,0,1,0.06116207951070152,-0.4260499087035927,Downtrend
2023-08-09 20:00:00,16.36,16.43,16.36,16.4,272,14,0,23.870967741935488,584.5,0.46535500427716,0,0.23285714285714246,1.4198606271776981,16.6205,-1.3266748894437668,16.9134,-3.0354630056641527,17.831300000000002,-8.026896524650494,0,0,17.29930622767966,15.941693772320338,8.168300925720185,49.84127758650446,17.37,16.1,0,1,17.83,16.1,0,1,0.24449877750609694,0.9852216748768483,Downtrend
2023-08-10 16:00:00,16.56,16.77,16.44,16.72,711,14,0,42.59259259259256,553.25,1.2851333032083145,0,0.22642857142857103,1.3542378673957598,16.609,0.6683123607682406,16.9242,-1.2065562921733386,17.82415,-6.1946853005613205,0,0,17.271909059413495,15.946090940586508,7.982528260744097,49.13553160376858,17.37,16.1,0,0,17.83,16.1,0,0,1.9512195121951237,2.2629969418960085,Downtrend
2023-08-10 20:00:00,16.73,16.73,16.52,16.59,349,14,0,39.42857142857143,550.55,0.6339115430024521,0,0.23642857142857107,1.4251270128304465,16.603,-0.07829910257183446,16.9328,-2.0244732117547035,17.81935,-6.8989609609778135,0,0,17.26423011361987,15.941769886380131,7.965188383061732,48.42978562103269,17.37,16.1,0,0,17.83,16.1,0,0,-0.7775119617224768,1.4058679706601493,Downtrend
2023-08-11 16:00:00,16.58,16.82,16.53,16.72,682,14,0,56.944444444444414,552.1,1.2352834631407352,0,0.22142857142857103,1.3243335611756641,16.59,0.7836045810729294,16.9406,-1.3021970886509393,17.8155,-6.149139793999614,0,0,17.229901308179922,15.950098691820076,7.7143014849900355,45.84364547391696,17.37,16.1,0,0,17.83,16.1,0,0,0.7836045810729386,1.9512195121951237,Downtrend
2023-08-11 20:00:00,16.72,16.83,16.71,16.83,257,14,0,62.41610738255023,552.05,0.46553754188932167,0,0.2199999999999996,1.307189542483658,16.586,1.4711202218738684,16.9518,-0.7185077690864708,17.8116,-5.5110152934043,0,0,17.218435559438237,15.953564440561761,7.62613721739103,43.39892497702255,17.37,16.1,0,0,17.83,16.1,0,0,0.6578947368421018,0.657894736842102,Downtrend
2023-08-14 16:00:00,16.6,16.65,16.48,16.64,717,14,0,60.00000000000009,555.2,1.2914265129682996,0,0.21857142857142822,1.3135302197802177,16.5535,0.522548101609937,16.9576,-1.8729065433787728,17.80625,-6.549666549666538,0,0,17.09368612776656,16.01331387223344,6.526548799547652,40.09768557715302,17.37,16.1,0,0,17.83,16.1,0,0,-1.128936423054061,0.30138637733574875,Downtrend
2023-08-14 20:00:00,16.64,16.65,16.54,16.6,248,14,0,62.416107382550386,554.5,0.4472497745716862,0,0.21071428571428516,1.2693631669535248,16.523,0.4660170671185725,16.9602,-2.1237957099562443,17.801000000000002,-6.746811976855235,0,0,16.967526951405834,16.078473048594166,5.3807050947870705,36.583056919988735,17.02,16.1,0,0,17.83,16.1,0,0,-0.24038461538461453,-0.7177033492822814,Downtrend
2023-08-15 16:00:00,16.38,16.41,16.02,16.03,714,14,0,42.92929292929299,545.5,1.308890925756187,0,0.2335714285714283,1.4570893859727279,16.4765,-2.709920189360606,16.949799999999996,-5.426612703394702,17.79155,-9.901048531465777,0,0,16.923114162926083,16.02988583707392,5.421226145432365,34.41023921098305,16.97,16.02,0,1,17.83,16.02,0,1,-3.4337349397590367,-4.753416518122384,Downtrend
2023-08-15 20:00:00,16.03,16.05,15.88,15.94,326,14,0,38.0710659898477,547.55,0.5953794174048033,0,0.23571428571428538,1.4787596343430702,16.4255,-2.9557699917810725,16.9358,-5.879852147521823,17.78015,-10.349462743565153,0,0,16.872594715032925,15.978405284967073,5.443909957479846,32.83676145922658,16.88,15.88,0,1,17.83,15.88,0,1,-0.5614472863381237,-4.206730769230775,Downtrend
2023-08-16 16:00:00,15.77,15.92,15.73,15.81,580,14,0,35.88516746411487,520.3,1.1147414952911783,0,0.23571428571428527,1.4909189482244483,16.39,-3.5387431360585726,16.903,-6.466307756019632,17.76755,-11.017557288427495,0,0,16.91198003591573,15.868019964084272,6.369494031918588,32.946937516983915,16.83,15.73,0,1,17.83,15.73,0,1,-0.8155583437892022,-4.759036144578318,Downtrend
2023-08-16 20:00:00,15.81,15.89,15.66,15.69,319,14,0,33.0275229357798,518.4,0.6153549382716049,0,0.2471428571428567,1.5751616134025284,16.3515,-4.0455004128061764,16.8686,-6.986946160321551,17.7549,-11.630028893432234,0,0,16.95841714512978,15.744582854870224,7.423381893156929,33.15121784174619,16.83,15.66,0,1,17.83,15.66,0,1,-0.7590132827324569,-2.121023081721782,Downtrend
2023-08-17 16:00:00,15.67,15.8,15.52,15.54,648,14,0,33.644859813084096,508.9,1.2733346433483985,0,0.24357142857142833,1.5673837102408514,16.311999999999998,-4.732712113781257,16.828999999999997,-7.659397468655286,17.74155,-12.409005977493516,0,0,17.019333019164133,15.604666980835864,8.672548052527398,32.30539024249626,16.83,15.52,0,1,17.83,15.52,0,1,-0.9560229445506718,-2.509410288582185,Downtrend
2023-08-17 20:00:00,15.53,15.6,15.43,15.57,275,14,0,31.067961165048473,506.9,0.542513316235944,0,0.24142857142857124,1.5506009725662893,16.279000000000003,-4.355304379875932,16.7896,-7.264020584171152,17.727249999999998,-12.169118165536098,0,0,17.060170511745614,15.497829488254391,9.597278846926855,32.098150673554564,16.83,15.43,0,1,17.83,15.43,0,1,0.19305019305020377,-1.5180265654648968,Downtrend
2023-08-18 16:00:00,15.47,15.58,15.41,15.51,490,14,0,29.857819905213262,485.45,1.0093727469358327,0,0.23785714285714274,1.5335728101685542,16.239,-4.489192684278595,16.7506,-7.406301863813828,17.71255,-12.434968426341777,0,0,17.092103313296665,15.385896686703338,10.506845412853787,31.069141368683216,16.83,15.41,0,1,17.83,15.41,0,1,-0.3853564547206201,-1.1472275334608013,Downtrend
2023-08-18 20:00:00,15.5,15.56,15.42,15.53,237,14,0,29.186602870813402,481.15,0.49256988465135615,0,0.24285714285714274,1.5637935792475386,16.195,-4.106205619018221,16.715799999999998,-7.093887220474035,17.69875,-12.253690232361048,0,0,17.10015482827953,15.28984517172047,11.178201028459759,29.832716974364097,16.83,15.41,0,1,17.83,15.41,0,1,0.12894906511926596,-0.06435006435006298,Downtrend
2023-08-21 16:00:00,15.55,15.56,15.4,15.55,589,14,0,17.31843575418999,478.9,1.2299018584255585,0,0.2278571428571427,1.4653192466697278,16.1525,-3.730072744157246,16.680600000000002,-6.7779336474707215,17.6844,-12.069394494582793,0,0,17.096129610655108,15.208870389344892,11.6840069420227,34.280065831650866,16.83,15.4,0,1,17.83,15.4,0,1,0.12878300064391723,-0.12845215157353612,Downtrend
2023-08-21 20:00:00,15.55,15.66,15.55,15.62,269,14,0,21.965317919075105,480.45,0.5598917681340411,0,0.22071428571428545,1.413023596122186,16.112000000000002,-3.053624627606769,16.647,-6.16927975010512,17.6697,-11.600083759203606,0,0,17.074816045172682,15.149183954827324,11.951539786155399,37.884347390174135,16.83,15.4,0,1,17.83,15.4,0,1,0.4501607717041667,0.7092198581560247,Downtrend
2023-08-22 16:00:00,15.63,15.74,15.5,15.69,651,14,0,19.16167664670661,464.6,1.4012053379250968,0,0.21714285714285694,1.383957024492396,16.0845,-2.4526718269141035,16.6092,-5.534282205042999,17.655250000000002,-11.131249911499427,0,0,17.06320967685969,15.105790323140308,12.169600259376299,42.55806873056216,16.83,15.4,0,1,17.83,15.4,0,1,0.4481434058898781,1.030264005151321,Downtrend
2023-08-22 20:00:00,15.68,15.79,15.61,15.78,340,14,0,18.181818181818215,464.25,0.732364028002154,0,0.2214285714285714,1.4032228861126197,16.055999999999997,-1.7189835575485681,16.5732,-4.7860401129534464,17.641849999999998,-10.553598403795514,0,0,17.035353169994767,15.07664683000523,12.199217364160054,46.75015134674118,16.83,15.4,0,0,17.83,15.4,0,0,0.5736137667303964,1.479099678456583,Downtrend
2023-08-23 16:00:00,15.98,16.24,15.96,16.14,988,14,0,36.263736263736284,483.1,2.045125232871041,1,0.22928571428571434,1.4206054168879452,16.045,0.5920847616079704,16.545,-2.447869446962835,17.63025,-8.4528012932318,0,0,17.01487248212268,15.075127517877325,12.089404576163009,47.75440666589013,16.83,15.4,0,0,17.69,15.4,0,0,2.281368821292773,3.329065300896296,Downtrend
2023-08-23 20:00:00,16.13,16.17,15.99,16.03,413,14,0,34.92063492063494,490.15,0.8425992043252066,0,0.23428571428571449,1.461545316816684,16.0265,0.02183882943875769,16.514,-2.9308465544386473,17.6173,-9.009893684049196,0,0,16.981867661385348,15.071132338614651,11.922349376162583,48.69322419702063,16.83,15.4,0,0,17.69,15.4,0,0,-0.6815365551425034,2.1669853409815274,Downtrend
2023-08-24 16:00:00,15.78,16.01,15.71,15.86,748,14,0,44.295302013422784,492.0,1.5203252032520325,0,0.2157142857142858,1.3601152945415247,15.983500000000001,-0.7726718178121295,16.4868,-3.8018293422616845,17.60395,-9.906583465642663,0,0,16.883237388586753,15.083762611413247,11.2583275075766,48.179853890029335,16.83,15.4,0,0,17.64,15.4,0,0,-1.0605115408608978,0.5069708491761729,Downtrend
2023-08-24 20:00:00,15.86,15.91,15.75,15.88,278,14,0,47.88732394366203,488.45,0.5691473026921896,0,0.2150000000000001,1.3539042821158696,15.947999999999999,-0.42638575369951,16.4602,-3.524866040509833,17.5911,-9.727077897345817,0,0,16.80183592655354,15.094164073446457,10.70774926703714,46.69976021321437,16.83,15.4,0,0,17.53,15.4,0,0,0.12610340479193294,-1.6109045848822785,Downtrend
2023-08-25 16:00:00,15.89,15.9,15.5,15.73,1191,14,0,47.22222222222223,513.9,2.317571511967309,1,0.2285714285714288,1.4530923621832725,15.898500000000002,-1.059848413372341,16.429199999999998,-4.2558371679692115,17.5773,-10.50957769395755,0,0,16.675194073757737,15.121805926242265,9.770658537066211,44.9664019484425,16.83,15.4,0,0,17.51,15.4,0,0,-0.9445843828715383,-1.8714909544603913,Downtrend
2023-08-25 20:00:00,15.72,15.87,15.71,15.83,338,14,0,54.929577464788736,517.95,0.6525726421469253,0,0.22357142857142862,1.412327407273712,15.848500000000001,-0.11673028993280936,16.3992,-3.4709010195619316,17.562450000000002,-9.864512069785262,0,0,16.489626475739854,15.20737352426015,8.090689664508966,42.80189978394035,16.65,15.4,0,0,17.51,15.4,0,0,0.6357279084551859,-0.18915510718789003,Downtrend
2023-08-28 16:00:00,15.85,16.09,15.85,16.04,653,14,0,66.89189189189185,514.75,1.2685769791160757,0,0.22214285714285711,1.3849305308158175,15.8185,1.4002591901886963,16.3738,-2.0386226776924117,17.5491,-8.599301388675205,0,0,16.3505575750403,15.286442424959704,6.727029428078479,41.029701239519,16.65,15.4,0,0,17.51,15.4,0,0,1.3265950726468745,1.007556675062962,Downtrend
2023-08-28 20:00:00,16.03,16.14,15.99,16.11,341,14,0,67.76315789473678,519.4,0.6565267616480555,0,0.2207142857142857,1.3700452247938282,15.794,2.000759782195764,16.349800000000002,-1.4666846077628009,17.5316,-8.10878641995027,0,0,16.20615224575887,15.381847754241134,5.219098971240563,39.4915524388685,16.41,15.4,1,0,17.51,15.4,0,0,0.436408977556102,2.4157660521296824,Downtrend
2023-08-29 16:00:00,16.07,16.36,16.07,16.24,885,14,0,72.95597484276723,527.95,1.676295103703002,0,0.22928571428571423,1.4118578465869105,15.804499999999999,2.7555443070011667,16.3274,-0.5352964954616312,17.51505,-7.27973942409528,0,0,16.251217855144752,15.357782144855246,5.653046349391032,38.14100091882544,16.36,15.4,1,0,17.51,15.4,0,0,0.806952203600253,2.59001895135817,Downtrend
2023-08-29 20:00:00,16.24,16.29,16.2,16.27,286,14,0,73.12499999999996,525.95,0.5437779256583325,0,0.2257142857142856,1.3873035385020627,15.820999999999998,2.8380001264142702,16.3038,-0.2073136324047117,17.4983,-7.019539040935411,0,0,16.31106551656506,15.330934483434936,6.195126939701175,36.79044939878238,16.36,15.4,1,0,17.51,15.4,0,0,0.1847290640394128,1.4339152119700775,Downtrend
2023-08-30 16:00:00,16.4,16.4,16.21,16.28,641,14,0,72.95597484276726,529.0,1.2117202268431002,0,0.22785714285714256,1.3996138996138976,15.8445,2.7485878380510655,16.2872,-0.0442064934426877,17.4817,-6.874045430364317,0,0,16.375694285004005,15.313305714995995,6.705093691867909,33.30101526418693,16.4,15.4,1,0,17.51,15.4,0,0,0.06146281499692652,1.0552451893234123,Downtrend
2023-08-30 20:00:00,16.28,16.29,16.18,16.27,288,14,0,71.2418300653594,527.45,0.5460233197459474,0,0.22785714285714256,1.4004741417156887,15.873499999999998,2.4978738148486563,16.269000000000002,0.006146659290661192,17.46505,-6.84252263806861,0,0,16.431816077240413,15.315183922759584,7.034568018904648,30.241017486700965,16.4,15.4,1,0,17.37,15.4,0,0,-0.06142506142506887,0.18472906403941589,Downtrend
2023-08-31 16:00:00,16.24,16.3,16.04,16.15,687,14,0,64.55696202531635,529.4,1.297695504344541,0,0.2292857142857141,1.4197257850508616,15.904000000000002,1.5467806841046081,16.253,-0.6337291576939736,17.44755,-7.4368607626858845,0,0,16.4521605604199,15.355839439580102,6.893367208499749,26.391640617066248,16.4,15.4,1,0,17.37,15.4,0,0,-0.7375537799631293,-0.7375537799631284,Downtrend
2023-08-31 20:00:00,16.15,16.21,16.11,16.14,278,14,0,61.99999999999999,529.55,0.5249740345576434,0,0.2235714285714285,1.3852009205169051,15.9325,1.3023693707829993,16.241600000000002,-0.6255541325977813,17.4316,-7.409532114091643,0,0,16.466634814442813,15.398365185557186,6.704971780233028,22.689168390497624,16.4,15.4,1,0,17.37,15.4,0,0,-0.06191950464394802,-0.8599508599508634,Downtrend
2023-09-01 16:00:00,16.34,16.36,16.03,16.2,817,14,0,52.499999999999936,545.9,1.496611100934237,0,0.21428571428571416,1.322751322751322,15.966999999999999,1.4592597231790603,16.226000000000003,-0.16023665721683317,17.4157,-6.9804831272931995,0,0,16.474713139064573,15.459286860935425,6.359530770521375,20.80624887839877,16.4,15.4,1,0,17.37,15.4,0,0,0.3717472118959009,-0.4302397049784898,Downtrend
2023-09-01 20:00:00,16.2,16.2,16.05,16.05,295,14,0,50.8064516129032,548.8,0.5375364431486881,0,0.2121428571428568,1.3217623497997308,15.993,0.35640592759332446,16.2088,-0.9797147228665872,17.398400000000002,-7.750137943718971,0,0,16.45794368645977,15.52805631354023,5.814339854433448,18.923329366299914,16.4,15.4,0,0,17.37,15.4,0,0,-0.9259259259259189,-0.6191950464396153,Downtrend
2023-09-05 16:00:00,16.01,16.07,15.78,15.87,725,14,0,50.39999999999999,555.6,1.304895608351332,0,0.20999999999999971,1.3232514177693744,16.009,-0.8682616028484047,16.1804,-1.9183703740327778,17.381,-8.693400839997704,0,0,16.429671142968196,15.588328857031804,5.255433105980336,17.75050251198095,16.4,15.5,0,0,17.37,15.4,0,0,-1.1214953271028172,-1.6728624535316068,Downtrend
2023-09-05 20:00:00,15.87,15.96,15.84,15.84,231,14,0,48.412698412698376,553.7,0.41719342604298354,0,0.2071428571428569,1.3077200577200563,16.02,-1.1235955056179758,16.153,-1.9377205472667545,17.3625,-8.768898488120955,0,0,16.40808572031916,15.631914279680839,4.845015234945831,17.130521186117267,16.4,15.5,0,0,17.37,15.4,0,0,-0.1890359168241873,-2.2222222222222188,Downtrend
2023-09-06 16:00:00,15.82,15.94,15.68,15.74,789,14,0,50.413223140495866,560.6,1.4074206207634676,0,0.19714285714285687,1.252495915774186,16.0225,-1.7631455765330044,16.128600000000002,-2.4093845715065285,17.3434,-9.245015394905261,0,0,16.402188237761706,15.642811762238296,4.7394381371409615,16.455918011514076,16.4,15.5,0,1,17.37,15.4,0,0,-0.631313131313127,-1.9314641744548315,Downtrend
2023-09-06 20:00:00,15.74,15.76,15.69,15.76,248,14,0,46.90265486725662,556.0,0.4460431654676259,0,0.1907142857142856,1.210116026105873,16.0215,-1.6321817557656888,16.1046,-2.1397613104330535,17.321649999999998,-9.015596089287097,0,0,16.4039725652354,15.6390274347646,4.774491342700743,16.05909261468866,16.4,15.5,0,1,17.02,15.4,0,0,0.12706480304955914,-0.6931316950220506,Downtrend
2023-09-07 16:00:00,15.71,15.77,15.67,15.68,511,14,0,32.00000000000003,532.15,0.9602555670393687,0,0.17928571428571413,1.1434037900874625,15.998499999999998,-1.9908116385911083,16.0878,-2.5348400651425407,17.3003,-9.365733542192912,0,0,16.405505754517524,15.591494245482473,5.088048936056826,16.073289597829753,16.4,15.5,0,1,16.97,15.4,0,1,-0.5076142131979711,-1.010101010101011,Downtrend
2023-09-07 20:00:00,15.68,15.72,15.66,15.71,235,14,0,29.166666666666757,523.25,0.44911610129001434,0,0.17285714285714274,1.100300081840501,15.982500000000002,-1.7049898326294437,16.0728,-2.2572296052959033,17.28115,-9.091698179808631,0,0,16.40898502164093,15.556014978359071,5.336900004891969,15.811594142156318,16.4,15.5,0,1,16.88,15.4,0,0,0.1913265306122458,-0.19059720457432885,Downtrend
2023-09-08 16:00:00,15.76,15.92,15.68,15.71,476,14,0,18.072289156626724,509.65,0.9339742960855489,0,0.16928571428571423,1.077566609075202,15.975,-1.6588419405320738,16.0604,-2.1817638414983467,17.2617,-8.989265251974023,0,0,16.41559768019059,15.534402319809411,5.516089892839932,14.891904232294081,16.4,15.5,0,1,16.83,15.4,0,0,0.0,-0.3172588832487242,Downtrend
2023-09-08 20:00:00,15.71,15.74,15.69,15.71,244,14,0,15.000000000000114,507.95,0.48036224037798997,0,0.16642857142857143,1.0593798308629625,15.9665,-1.6064885854758342,16.05,-2.118380062305295,17.24375,-8.894527002537139,0,0,16.421149662695715,15.511850337304283,5.695044783712347,13.972214322431851,16.4,15.5,0,1,16.83,15.4,0,0,0.0,0.19132653061225216,Downtrend
2023-09-11 16:00:00,15.84,16.01,15.83,15.99,500,14,0,36.448598130841056,473.4,1.0561892691170258,0,0.17428571428571452,1.0899669436254815,15.979499999999998,0.06570918989957243,16.043599999999998,-0.3340896058241147,17.227249999999998,-7.181935596221091,0,0,16.420335331471442,15.538664668528554,5.517510954303251,11.654412649791473,16.4,15.66,0,0,16.83,15.4,0,0,1.7823042647994836,1.7823042647994867,Downtrend
2023-09-11 20:00:00,15.99,15.99,15.91,15.98,230,14,0,36.44859813084112,468.0,0.49145299145299143,0,0.1721428571428574,1.07723940640086,15.987,-0.04378557578031947,16.035,-0.34299968818209986,17.21,-7.147007553747824,0,0,16.422193846705557,15.551806153294443,5.4443466154445135,9.596321764884953,16.4,15.66,0,0,16.83,15.4,0,0,-0.0625390869293252,1.7186505410566493,Downtrend
2023-09-12 16:00:00,15.94,16.11,15.94,16.0,541,14,0,42.268041237113444,462.4,1.1699826989619377,0,0.16571428571428587,1.0357142857142867,15.985,0.0938379730997846,16.027,-0.16846571410745007,17.1933,-6.940494262299852,0,0,16.419535444620383,15.550464555379618,5.436790048425181,9.141117198155273,16.4,15.66,0,0,16.83,15.4,0,0,0.12515644555695093,1.8459579885423243,Downtrend
2023-09-12 20:00:00,16.0,16.01,15.97,15.98,232,14,0,41.836734693877524,456.95,0.5077141919247182,0,0.16142857142857153,1.0101913105667806,15.978500000000002,0.009387614607117565,16.018,-0.23723311274815992,17.176849999999998,-6.967808416560649,0,0,16.40903332898659,15.547966671013413,5.388907957400126,8.842868934790733,16.4,15.66,0,0,16.83,15.4,0,0,-0.12499999999999734,-0.0625390869293295,Downtrend
2023-09-13 16:00:00,16.03,16.06,15.89,15.91,389,14,0,35.35353535353538,432.15,0.9001504107370126,0,0.1500000000000001,0.9428032683846643,15.962,-0.32577371256734494,16.011400000000002,-0.6332987746230917,17.160500000000003,-7.287083709682133,0,0,16.375284660405114,15.548715339594885,5.178356852588831,9.410368661954305,16.4,15.66,0,1,16.83,15.4,0,0,-0.43804755944931717,-0.43804755944931345,Downtrend
2023-09-13 20:00:00,15.91,16.05,15.9,16.05,260,14,0,50.0,430.85,0.6034582801439016,0,0.15000000000000022,0.9345794392523378,15.951000000000002,0.6206507429001217,16.005399999999998,0.27865595361567125,17.1447,-6.385063605662388,0,0,16.340812370519952,15.561187629480052,4.887622976866025,9.977868389117875,16.4,15.66,0,0,16.83,15.4,0,0,0.879949717159012,0.31250000000000444,Downtrend
2023-09-14 16:00:00,16.23,16.35,16.17,16.24,579,14,0,68.6868686868687,427.75,1.353594389246055,0,0.15071428571428594,0.9280436312456031,15.949000000000002,1.8245658034986318,16.003,1.4809723176904226,17.1303,-5.197223632977822,0,0,16.332056956050668,15.565943043949334,4.803523180772047,13.91244768531722,16.36,15.66,1,0,16.83,15.4,0,0,1.183800623052944,1.627033792240288,Downtrend
2023-09-14 20:00:00,16.24,16.31,16.22,16.25,247,14,0,71.13402061855673,425.7,0.5802208127789523,0,0.14857142857142872,0.9142857142857153,15.948000000000002,1.8936543767243401,16.0,1.5625,17.1172,-5.06624915289884,0,0,16.32761753605974,15.568382463940264,4.760691447952576,17.847026981516564,16.36,15.66,1,0,16.83,15.4,0,0,0.06157635467980427,2.1370207416719036,Downtrend
2023-09-15 16:00:00,16.53,16.61,16.46,16.5,752,14,0,83.92857142857144,428.95,1.7531180790301901,0,0.15571428571428583,0.9437229437229444,15.9655,3.3478437881682344,15.9956,3.1533671759733957,17.1047,-3.5352856232497567,0,0,16.41089633444461,15.520103665555387,5.579484944970243,23.437596542674378,16.61,15.66,1,0,16.83,15.4,1,0,1.538461538461533,2.8037383177570048,Downtrend
2023-09-15 20:00:00,16.5,16.57,16.45,16.56,280,14,0,84.48275862068967,429.05,0.6526045915394476,0,0.15928571428571445,0.9618702553485172,15.986500000000001,3.5874018703280734,15.995,3.532353860581429,17.092550000000003,-3.11568490365688,0,0,16.500812008517318,15.472187991482684,6.434329071620641,28.932324847621654,16.61,15.66,1,0,16.83,15.4,1,0,0.363636363636366,1.9704433497536966,Downtrend
2023-09-18 16:00:00,16.56,16.66,16.49,16.64,530,14,0,91.37931034482762,414.7,1.2780323125150712,0,0.1642857142857146,0.9872939560439579,16.0085,3.944779335977756,15.9934,4.042917703552723,17.080750000000002,-2.580390205348133,0,0,16.593983156303956,15.423016843696045,7.3146535441041385,34.219038134334916,16.66,15.66,1,0,16.83,15.4,1,0,0.48309178743961567,2.4000000000000035,Downtrend
2023-09-18 20:00:00,16.65,16.71,16.56,16.61,234,14,0,88.7931034482758,411.65,0.5684440665613992,0,0.17071428571428612,1.027780166853017,16.0365,3.5762167555264504,15.989,3.883920195134146,17.0694,-2.6913658359403505,0,0,16.68093447259868,15.392065527401321,8.037096281591104,39.2475902871913,16.71,15.66,1,0,16.83,15.4,1,0,-0.18028846153846922,0.6666666666666632,Downtrend
2023-09-19 16:00:00,16.57,16.61,16.12,16.18,596,14,0,64.77987421383645,405.2,1.470878578479763,0,0.18857142857142886,1.1654600035316989,16.052,0.7974084226264647,15.979800000000001,1.2528317000212694,17.05475,-5.129069614037139,0,0,16.69448202923863,15.40951797076137,8.00500908595352,40.5821592024767,16.71,15.66,0,0,16.83,15.4,0,0,-2.588801926550266,-2.2946859903381585,Downtrend
2023-09-19 20:00:00,16.17,16.26,16.16,16.26,249,14,0,66.46706586826349,406.1,0.6131494705737502,0,0.19214285714285748,1.1816903883324565,16.073,1.1634417968020978,15.972999999999999,1.796782069742707,17.041150000000002,-4.583904255287936,0,0,16.71375941786196,15.43224058213804,7.973115384333491,41.916728117762105,16.71,15.66,0,0,16.71,15.4,0,0,0.49443757725589066,-2.28365384615384,Downtrend
2023-09-20 16:00:00,16.42,16.73,16.41,16.7,670,14,0,69.39890710382511,400.15,1.674372110458578,0,0.2042857142857145,1.2232677502138591,16.121000000000002,3.5915886111283233,15.986400000000001,4.463794225091314,17.0301,-1.9383327167779498,0,0,16.799447143346953,15.442552856653052,8.41693621173563,44.72511616175224,16.73,15.66,1,0,16.73,15.4,1,0,2.7060270602705883,0.5418422636965675,Downtrend
2023-09-20 20:00:00,16.7,16.7,16.3,16.34,746,14,0,58.25688073394494,425.05,1.7550876367486177,0,0.22714285714285726,1.3901031648889672,16.15,1.1764705882353022,15.9944,2.1607562646926377,17.01675,-3.9769638738301882,0,0,16.812880476643894,15.487119523356105,8.209046150388787,47.12535618575464,16.73,15.66,0,0,16.73,15.4,0,0,-2.1556886227544925,0.9888751545117438,Downtrend
2023-09-21 16:00:00,15.9,16.14,15.88,16.06,612,14,0,51.229508196721284,430.1,1.4229249011857708,0,0.24785714285714291,1.5433196940046259,16.169,-0.674129507081463,15.999400000000001,0.37876420365762037,17.0016,-5.538302277432719,0,0,16.79596931848029,15.542030681519714,7.755202158207525,46.57832903487826,16.73,15.66,0,0,16.73,15.4,0,0,-1.7135862913096767,-1.2300123001230185,Downtrend
2023-09-21 20:00:00,16.05,16.06,15.94,15.95,236,14,0,49.40711462450591,430.15,0.548645821225154,0,0.2535714285714285,1.5897895208240032,16.180999999999997,-1.4276002719238499,16.0046,-0.34115191882334234,16.9862,-6.1002460821137205,0,0,16.779520984110746,15.582479015889248,7.39782441271552,46.03130188400188,16.73,15.68,0,1,16.73,15.4,0,0,-0.6849315068493067,-4.491017964071856,Downtrend
2023-09-22 16:00:00,16.1,16.14,15.9,15.92,543,14,0,50.2008032128514,433.5,1.2525951557093427,0,0.2585714285714286,1.6241923905240492,16.191499999999998,-1.6768057314022657,16.0122,-0.575810944155082,16.97105,-6.193193703394909,0,0,16.76193935052854,15.621060649471456,7.0461581759385075,46.205917184667626,16.73,15.69,0,1,16.73,15.4,0,0,-0.18808777429466517,-2.5703794369645037,Downtrend
2023-09-22 20:00:00,15.92,15.93,15.71,15.72,307,14,0,43.52941176470588,436.65,0.7030802702393222,0,0.2635714285714285,1.6766630316248632,16.192,-2.915019762845847,16.0152,-1.843248913532141,16.9545,-7.281252764752713,0,0,16.760677135297676,15.623322864702324,7.02417410199699,45.77422450759684,16.73,15.71,0,1,16.73,15.4,0,0,-1.2562814070351758,-2.1170610211705987,Downtrend
2023-09-25 16:00:00,15.67,15.72,15.4,15.62,612,14,0,37.39837398373987,442.25,1.383832673827021,0,0.26499999999999996,1.696542893725992,16.1735,-3.4222648159025657,16.0174,-2.4810518561064803,16.938,-7.781320108631477,0,0,16.791758164438274,15.555241835561727,7.645323083293952,43.30121257406632,16.73,15.4,0,1,16.73,15.4,0,1,-0.6361323155216425,-2.06896551724138,Downtrend
2023-09-25 20:00:00,15.62,15.62,15.44,15.45,267,14,0,34.73282442748091,444.1,0.6012159423553254,0,0.27142857142857135,1.7568192325473873,16.147,-4.316591317272554,16.0158,-3.5327613981193537,16.9171,-8.672290167936596,0,0,16.840977096542932,15.453022903457063,8.595740342390968,40.82820064053579,16.73,15.4,0,1,16.73,15.4,0,1,-1.0883482714468595,-2.9522613065326673,Downtrend
2023-09-26 16:00:00,15.33,15.44,15.22,15.22,591,14,0,25.384615384615387,446.6,1.3233318405732197,0,0.262142857142857,1.7223577998873654,16.107999999999997,-5.512788676434048,16.0092,-4.9296654423706325,16.894650000000002,-9.912309518101893,0,0,16.915193970036324,15.30080602996367,10.022274274103884,37.927225435639,16.73,15.22,0,1,16.73,15.22,0,1,-1.4886731391585695,-3.1806615776081424,Downtrend
2023-09-26 20:00:00,15.21,15.25,15.11,15.13,330,14,0,22.8136882129278,451.5,0.7308970099667774,0,0.2635714285714284,1.7420451326598043,16.065499999999997,-5.823036942516548,15.999400000000001,-5.4339537732665,16.870649999999998,-10.317622616793052,0,0,16.983036174534163,15.14796382546583,11.422441561534555,35.282424980619574,16.73,15.11,0,1,16.73,15.11,0,1,-0.5913272010512505,-3.1370038412291836,Downtrend
2023-09-27 16:00:00,15.05,15.08,14.53,14.54,657,14,0,16.560509554140097,464.9,1.4132071413207141,0,0.2942857142857141,2.023973275692669,15.997,-9.107957742076644,15.976400000000002,-8.990761373025228,16.843799999999998,-13.677436207981566,0,0,17.140219829668474,14.853780170331525,14.292927794817462,33.443204598352835,16.73,14.53,0,1,16.73,14.53,0,1,-3.899537343027104,-5.889967637540455,Downtrend
2023-09-27 20:00:00,14.54,14.65,14.44,14.56,379,14,0,17.25239616613422,470.85,0.8049272592120632,0,0.2985714285714283,2.0506279434850847,15.9225,-8.557073323912697,15.952,-8.726178535606817,16.81385,-13.404722892139507,0,0,17.233118576333872,14.611881423666127,16.46247230439784,31.750146422701636,16.73,14.44,0,1,16.73,14.44,0,1,0.13755158184320937,-4.336399474375821,Downtrend
2023-09-28 16:00:00,14.67,14.67,14.4,14.43,631,14,0,19.081272084805676,473.45,1.3327700918787624,0,0.28285714285714264,1.960201960201959,15.831999999999999,-8.855482566953002,15.9178,-9.34676902587041,16.78425,-14.026542740962512,0,0,17.291785131989908,14.37221486801009,18.44094406253043,33.13950289846816,16.73,14.4,0,1,16.73,14.4,0,1,-0.8928571428571508,-4.626569729015208,Downtrend
2023-09-28 20:00:00,14.43,14.49,14.4,14.49,276,14,0,18.505338078291786,474.9,0.5811749842072016,0,0.28214285714285686,1.9471556738637466,15.744,-7.964939024390241,15.886999999999999,-8.793353055957692,16.75535,-13.520159232722682,0,0,17.306284427234296,14.181715572765702,19.846092825638934,34.528859374234685,16.73,14.4,0,1,16.73,14.4,0,1,0.4158004158004269,-0.3438789546079707,Downtrend
2023-09-29 16:00:00,14.63,14.65,14.38,14.42,775,14,0,3.278688524590237,476.05,1.6279802541749815,0,0.2678571428571426,1.8575391321577157,15.639999999999997,-7.80051150895139,15.858200000000002,-9.069125121388314,16.72685,-13.791299617082709,0,0,17.266012235339428,14.013987764660566,20.79299533682137,36.93886366160758,16.73,14.38,0,1,16.73,14.38,0,1,-0.48309178743961567,-0.9615384615384654,Downtrend
2023-09-29 20:00:00,14.41,14.5,14.33,14.47,295,14,0,6.103286384976641,476.8,0.6187080536912751,0,0.2514285714285713,1.7375851515450675,15.535499999999999,-6.858485404396372,15.829999999999998,-8.591282375236878,16.70005,-13.35355283367415,0,0,17.181080684583264,13.889919315416732,21.18477917779623,39.87091652354612,16.73,14.33,0,1,16.73,14.33,0,1,0.34674063800277377,0.2772002772002836,Downtrend
2023-10-02 16:00:00,14.23,14.29,13.96,14.0,777,14,0,5.6034482758621635,489.15,1.5884697945415518,0,0.2549999999999999,1.8214285714285707,15.4035,-9.111565553283342,15.795399999999999,-11.366600402648867,16.671200000000002,-16.02284178703394,0,0,17.098822046723015,13.708177953276985,22.01216667280832,44.76893743790096,16.73,13.96,0,1,16.73,13.96,0,1,-3.248099516240499,-3.381642512077296,Downtrend
2023-10-02 20:00:00,14.0,14.15,13.97,14.15,348,14,0,11.864406779661124,494.85,0.7032434070930584,0,0.25928571428571423,1.832407874810701,15.280499999999998,-7.398318117862622,15.761800000000001,-10.225989417452325,16.643449999999998,-14.981569326071204,0,0,16.9641736150766,13.596826384923396,22.036891660306953,49.66695835225581,16.73,13.96,0,1,16.73,13.96,0,1,1.0714285714285676,-1.8723994452149764,Downtrend
2023-10-03 16:00:00,14.19,14.4,14.1,14.28,939,14,0,16.666666666666714,512.0,1.833984375,0,0.2635714285714285,1.8457382953181267,15.1855,-5.962925158868658,15.726600000000001,-9.198428140856905,16.61635,-14.0605487968176,0,0,16.869886191496803,13.501113808503195,22.1841387046433,53.42603271002606,16.73,13.96,0,0,16.73,13.96,0,0,0.9187279151943395,-1.3130615065653164,Downtrend
2023-10-03 20:00:00,14.28,14.3,14.08,14.12,421,14,0,16.94214876033061,520.6,0.8086822896657703,0,0.2635714285714287,1.866653176851478,15.0785,-6.3567330967934526,15.6868,-9.988015401484054,16.58905,-14.883612985674292,0,0,16.747300703940866,13.409699296059134,22.134837071868763,57.597971485536256,16.73,13.96,0,1,16.73,13.96,0,1,-1.1204481792717047,0.8571428571428517,Downtrend
2023-10-04 16:00:00,13.96,13.99,13.75,13.87,695,14,0,15.953307392996166,521.85,1.3318003257641085,0,0.2671428571428572,1.9260479967040893,14.937000000000001,-7.1433353417687755,15.6394,-11.313733263424435,16.5599,-16.243455576422562,0,0,16.503694139363404,13.370305860636597,20.97736010394863,60.51449754312638,16.7,13.75,0,1,16.73,13.75,0,1,-1.770538243626063,-1.9787985865724462,Downtrend
2023-10-04 20:00:00,13.87,14.16,13.82,14.13,313,14,0,25.18796992481211,500.2,0.625749700119952,0,0.2785714285714286,1.9714892326357294,14.826500000000001,-4.697669713013862,15.5966,-9.403331495325903,16.53495,-14.544646340025208,0,0,16.28451992622289,13.368480073777109,19.66775606141559,62.62176512184151,16.14,13.75,0,0,16.73,13.75,0,0,1.8745493871665575,-1.050420168067217,Downtrend
2023-10-05 16:00:00,14.2,14.33,14.04,14.11,652,14,0,27.346938775510253,502.2,1.2982875348466747,0,0.28285714285714303,2.0046572846005883,14.729000000000003,-4.2025935229818945,15.553199999999999,-9.279119409510578,16.51075,-14.540526626591777,0,0,16.097778172024373,13.360221827975632,18.58616568707136,62.056353772116445,16.14,13.75,0,0,16.73,13.75,0,0,-0.14154281670206714,-0.070821529745041,Downtrend
2023-10-05 20:00:00,14.1,14.31,14.08,14.3,285,14,0,33.72549019607848,504.65,0.5647478450411176,0,0.2892857142857145,2.0229770229770243,14.6465,-2.3657529102515884,15.513799999999998,-7.824001856411694,16.48705,-13.265259703828153,0,0,15.89940861598117,13.39359138401883,17.108641873228002,61.10664269024678,16.14,13.75,0,0,16.73,13.75,0,0,1.3465627214741316,3.1002162941600684,Downtrend
2023-10-06 16:00:00,14.44,14.61,14.31,14.53,843,14,0,49.7716894977169,519.65,1.622245742326566,0,0.26857142857142857,1.848392488447547,14.577000000000002,-0.32242573917817363,15.481399999999999,-6.145439042980607,16.464199999999998,-11.747913655081929,0,0,15.67739418774406,13.476605812255944,15.097676994498979,57.34041324595818,15.93,13.75,0,0,16.73,13.75,0,0,1.6083916083915906,2.8308563340410373,Downtrend
2023-10-06 20:00:00,14.53,14.61,14.48,14.52,279,14,0,49.082568807339435,518.25,0.5383502170767004,0,0.26285714285714273,1.8103109012199914,14.517,0.020665426741062986,15.449000000000002,-6.013334196388128,16.4401,-11.67936934690179,0,0,15.476870605314707,13.557129394685292,13.224090450020077,53.66750548636312,15.72,13.75,0,0,16.73,13.75,0,0,-0.06882312456985007,2.905740609496812,Downtrend
2023-10-09 16:00:00,14.82,14.94,14.71,14.73,391,14,0,56.637168141592916,507.2,0.7708990536277602,0,0.27357142857142847,1.8572398409465611,14.4725,1.7792364829849736,15.419599999999997,-4.472230148641969,16.4174,-10.278119556080744,0,0,15.288855830569684,13.656144169430316,11.28147632502586,51.50509502386325,15.62,13.75,0,0,16.73,13.75,0,0,1.446280991735538,3.006993006993005,Downtrend
2023-10-09 20:00:00,14.73,14.84,14.73,14.77,265,14,0,56.24999999999997,507.1,0.5225793729047525,0,0.27499999999999986,1.861882193635747,14.4385,2.2959448696194213,15.394,-4.05352734831753,16.398049999999998,-9.928314647168405,0,0,15.130629437240312,13.746370562759687,9.587276202379927,49.342684561363384,15.44,13.75,0,0,16.73,13.75,0,0,0.27155465037338455,1.651754989676533,Downtrend
2023-10-10 16:00:00,14.8,14.84,14.74,14.81,629,14,0,58.8235294117647,509.0,1.2357563850687623,0,0.26285714285714273,1.7748625446127124,14.418000000000001,2.71882369260646,15.3728,-3.661011656952535,16.3787,-9.5776832105112,0,0,15.032614984317195,13.803385015682807,8.525662148941523,45.36914081153234,15.25,13.75,0,0,16.73,13.75,0,0,0.27081922816520887,1.9972451790633672,Downtrend
2023-10-10 20:00:00,14.81,14.9,14.77,14.86,340,14,0,58.82352941176467,509.5,0.6673209028459274,0,0.2599999999999999,1.7496635262449525,14.404500000000002,3.16220625498974,15.3532,-3.212359638381575,16.36055,-9.171757673183361,0,0,14.96252188223446,13.846478117765544,7.747882706577222,41.82039770914118,15.08,13.75,1,0,16.73,13.75,0,0,0.33760972316001503,0.8825526137135031,Downtrend
2023-10-11 16:00:00,14.99,15.1,14.95,15.03,747,14,0,76.96335078534027,514.0,1.453307392996109,0,0.24071428571428566,1.6015587871875296,14.428999999999998,4.165222815163912,15.338999999999999,-2.0144729121846225,16.3439,-8.039084918532309,0,0,15.051385901612633,13.806614098387364,8.626875065668235,40.71722995368699,15.1,13.75,1,0,16.73,13.75,0,0,1.144010767160153,1.760324983073797,Downtrend
2023-10-11 20:00:00,15.03,15.14,14.98,15.14,299,14,0,76.47058823529409,510.0,0.5862745098039216,0,0.23928571428571427,1.5804868843177957,14.458000000000002,4.717111633697597,15.3266,-1.2174911591611874,16.331200000000003,-7.294013912021173,0,0,15.155592853657161,13.760407146342843,9.649921893168617,39.67250584394741,15.14,13.75,1,0,16.73,13.75,0,0,0.7318695941450404,2.2282241728561787,Downtrend
2023-10-12 16:00:00,15.04,15.11,14.95,15.05,606,14,0,71.03825136612022,508.75,1.191154791154791,0,0.23142857142857146,1.5377313716184149,14.488999999999999,3.8719028228311254,15.314,-1.7239127595664057,16.31785,-7.76971230891324,0,0,15.234792407972439,13.74320759202756,10.294601531816408,38.931365932683015,15.14,13.75,1,0,16.73,13.75,0,0,-0.5944517833553542,1.2786002691790126,Downtrend
2023-10-12 20:00:00,15.05,15.11,14.95,15.06,367,14,0,77.97619047619045,513.3,0.7149814923046952,0,0.22714285714285712,1.5082527034718267,14.517499999999998,3.736869295677646,15.300999999999998,-1.575060453565113,16.30375,-7.628613049145137,0,0,15.305805978532021,13.729194021467976,10.860078918987744,38.51858578995107,15.14,13.75,1,0,16.73,13.75,0,0,0.0664451827242507,0.1996007984032012,Downtrend
2023-10-13 16:00:00,15.45,15.76,15.37,15.65,1078,14,0,94.05940594059402,528.45,2.039928091588608,1,0.2507142857142857,1.6020082154267459,14.579000000000002,7.346182865765813,15.2998,2.2889188093962076,16.2931,-3.9470696184274248,0,0,15.513618413550272,13.644381586449732,12.821433754719388,41.01688395196603,15.76,13.75,1,0,16.73,13.75,0,0,3.917662682602918,3.3685601056803156,Downtrend
2023-10-13 20:00:00,15.65,15.77,15.64,15.67,366,14,0,93.25842696629208,532.0,0.6879699248120301,0,0.23571428571428563,1.5042392196189256,14.639,7.0428307944531765,15.299000000000001,2.424995097718796,16.28255,-3.7620028803842187,0,0,15.690873516510752,13.587126483489246,14.370838397578426,44.30479543354603,15.77,13.75,1,0,16.73,13.75,0,0,0.12779552715653786,4.1196013289036495,Downtrend
2023-10-16 16:00:00,15.59,15.85,15.53,15.78,615,14,0,94.65240641711232,523.9,1.1738881465928612,0,0.23785714285714274,1.5073329712112975,14.728,7.14285714285714,15.2948,3.1723200041844217,16.272850000000002,-3.0286643089563436,0,0,15.851033485932707,13.604966514067293,15.250318929015574,47.82167179735121,15.85,13.75,1,0,16.73,13.75,0,0,0.7019783024888371,4.780876494023897,Downtrend
2023-10-16 20:00:00,15.78,15.81,15.72,15.74,249,14,0,91.86046511627913,518.95,0.47981501108006547,0,0.2278571428571427,1.447631149028861,14.807500000000001,6.297484382914058,15.29,2.9431000654022306,16.2628,-3.2146985758909805,0,0,15.98217800739287,13.632821992607132,15.865986930850834,51.56251439963415,15.85,13.75,1,0,16.73,13.75,0,0,-0.25348542458808465,0.5750798722044719,Downtrend
2023-10-17 16:00:00,15.81,16.17,15.81,16.17,729,14,0,92.7083333333334,508.45,1.4337692988494444,0,0.23642857142857146,1.4621432988779928,14.901999999999997,8.50892497651325,15.293399999999998,5.731884342265314,16.25535,-0.5250579040131296,0,0,16.196028389829237,13.607971610170756,17.36717742355712,57.097446508612954,16.17,13.75,1,0,16.73,13.75,0,0,2.7318932655654438,3.1908104658583394,Downtrend
2023-10-17 20:00:00,16.17,16.35,16.17,16.34,271,14,0,93.75000000000004,500.95,0.540972152909472,0,0.24000000000000007,1.4687882496940028,15.013,8.839006194631319,15.3006,6.79319765237965,16.2497,0.5557025668166129,0,0,16.40196553706625,13.624034462933748,18.503504123975897,62.36243825627478,16.35,13.75,1,0,16.73,13.75,0,0,1.0513296227581792,3.54879594423321,Uptrend
2023-10-18 16:00:00,16.55,16.66,16.33,16.48,859,14,0,93.53233830845775,509.15,1.6871256014926839,0,0.2335714285714288,1.4173023578363397,15.1435,8.825568725855984,15.312000000000001,7.628004179728312,16.2451,1.4459744784581177,0,0,16.570226470299218,13.71677352970078,18.842757226522526,66.57800657481462,16.66,13.82,1,0,16.73,13.75,1,0,0.8567931456548328,4.701397712833547,Uptrend
2023-10-18 20:00:00,16.48,16.55,16.39,16.46,371,14,0,92.46231155778901,512.05,0.7245386192754615,0,0.2371428571428574,1.440722096858186,15.26,7.86369593709044,15.3202,7.439850654691199,16.242150000000002,1.3412633179720574,0,0,16.718434633073148,13.801565366926853,19.114477497682138,70.79357489335449,16.66,14.04,1,0,16.73,13.75,1,0,-0.12135922330096527,1.7934446505875021,Uptrend
2023-10-19 16:00:00,16.37,16.46,16.2,16.46,946,14,0,92.30769230769238,526.75,1.7959183673469388,0,0.24857142857142897,1.5101544870682195,15.377500000000001,7.039505771419279,15.3246,7.409002518825944,16.23935,1.3587366489422243,0,0,16.824440510907444,13.930559489092557,18.818930397105422,74.19766096075713,16.66,14.08,1,0,16.73,13.75,1,0,0.0,0.7343941248470073,Uptrend
2023-10-19 20:00:00,16.46,16.55,16.43,16.53,480,14,0,92.38578680203052,536.5,0.8946877912395154,0,0.24785714285714328,1.4994382507994146,15.489,6.720898702304863,15.3302,7.826381912825675,16.23735,1.8023261184860946,0,0,16.930006957870575,14.047993042129427,18.606843022410402,77.24528000837616,16.66,14.31,1,0,16.73,13.75,1,0,0.4252733900364625,0.3033980582524315,Uptrend
2023-10-20 16:00:00,16.65,17.06,16.65,16.89,850,14,0,93.05555555555561,536.85,1.5833100493620191,0,0.2685714285714288,1.5901209506893357,15.607,8.22067021208433,15.338000000000001,10.118659538401353,16.23725,4.020077291413269,0,0,17.10282014117228,14.111179858827718,19.168580011178076,78.13600258839173,17.06,14.48,1,0,17.06,13.75,1,0,2.177858439201441,2.612393681652489,Uptrend
2023-10-20 20:00:00,16.88,16.96,16.79,16.81,392,14,0,89.20187793427228,542.5,0.7225806451612903,0,0.26928571428571463,1.60193762216368,15.7215,6.923639601819152,15.343,9.561363488235669,16.23805,3.5222825400833075,0,0,17.21756184786305,14.225438152136952,19.032049713615727,78.93905108051584,17.06,14.71,1,0,17.06,13.75,1,0,-0.4736530491415203,2.1263669501822466,Uptrend
2023-10-23 16:00:00,16.48,16.78,16.32,16.7,899,14,0,88.3720930232558,567.9,1.5830251804895228,0,0.29071428571428587,1.7408041060735684,15.819999999999999,5.562579013906453,15.3442,8.835911940668126,16.23805,2.8448612980006716,0,0,17.300526222238787,14.339473777761212,18.71714566673562,78.51287815434291,17.06,14.73,0,0,17.06,13.75,0,0,-0.6543723973825077,1.0284331518451189,Uptrend
2023-10-23 20:00:00,16.69,16.72,16.41,16.48,417,14,0,80.08474576271189,575.5,0.7245873153779322,0,0.3014285714285715,1.8290568654646326,15.9055,3.611958127691682,15.341599999999998,7.420347291025725,16.2359,1.5034583854298162,0,0,17.32704067642704,14.48395932357296,17.874831679947693,77.95178901963415,17.06,14.74,0,0,17.06,13.75,0,0,-1.3173652694610682,-2.4274718768502077,Uptrend
2023-10-24 16:00:00,16.33,16.45,16.28,16.43,881,14,0,71.42857142857143,588.1,1.4980445502465567,0,0.26571428571428574,1.6172506738544474,15.986500000000001,2.774215744534441,15.3466,7.059544133554006,16.233999999999998,1.207342614266364,0,0,17.327548686270255,14.64545131372975,16.77726439521162,72.90224839632303,17.06,14.77,0,0,17.06,13.75,0,0,-0.3033980582524354,-2.2605591909577574,Uptrend
2023-10-24 20:00:00,16.43,16.51,16.43,16.48,271,14,0,71.89189189189192,584.65,0.46352518600872317,0,0.2621428571428574,1.5906726768377268,16.067500000000003,2.5672942274778143,15.351,7.354569734870689,16.2297,1.5422342988471707,0,0,17.314456294342268,14.820543705657736,15.521472467306873,67.97816258780566,17.06,14.95,0,0,17.06,13.75,0,0,0.3043213633597164,-1.317365269461071,Uptrend
2023-10-25 16:00:00,16.49,16.79,16.48,16.66,1017,14,0,72.91666666666669,598.15,1.700242414110173,0,0.26142857142857157,1.5691991082147152,16.149,3.164282618118764,15.3502,8.532787846412432,16.226100000000002,2.674086810755497,0,0,17.321274442449738,14.976725557550262,14.518229518233177,64.70882710081632,17.06,14.95,0,0,17.06,13.75,0,0,1.0922330097087318,1.0922330097087363,Uptrend
2023-10-25 20:00:00,16.66,16.74,16.5,16.5,351,14,0,68.62745098039214,600.75,0.5842696629213483,0,0.2721428571428572,1.6493506493506498,16.217,1.7450823210211586,15.353399999999999,7.468052678885467,16.22325,1.705885072349867,0,0,17.296982455997757,15.137017544002243,13.319139865545504,61.43949161382699,17.06,14.95,0,0,17.06,13.75,0,0,-0.9603841536614643,0.4260499087035927,Uptrend
2023-10-26 16:00:00,16.35,16.43,16.03,16.29,1269,14,0,53.29670329670323,633.9,2.0018930430667297,1,0.27499999999999986,1.6881522406384277,16.279000000000003,0.06757171816447986,15.357999999999999,6.068498502409171,16.218600000000002,0.44023528541302587,0,0,17.208830771246944,15.349169228753064,11.42368414825161,55.81756051627814,17.06,14.95,0,0,17.06,13.75,0,0,-1.272727272727281,-1.1529126213592311,Uptrend
2023-10-26 20:00:00,16.28,16.35,16.21,16.22,274,14,0,46.51162790697672,629.25,0.4354390147000397,0,0.2721428571428571,1.6778227937290822,16.337,-0.7161657587072344,15.363399999999999,5.575588736868143,16.2138,0.03823903094894325,0,0,17.070702937161748,15.60329706283825,8.982101207831905,49.67877072769729,17.06,15.37,0,0,17.06,13.75,0,0,-0.42971147943523524,-2.641056422569035,Uptrend
2023-10-27 16:00:00,16.3,16.34,15.77,15.81,816,14,0,33.16582914572865,616.15,1.324352836160026,0,0.2892857142857141,1.8297641637300066,16.345,-3.273172223921679,15.361200000000002,2.921646746347932,16.2073,-2.4513645085856344,0,0,17.05009424528684,15.639905754713158,8.627644481943598,45.57741231599408,17.06,15.53,0,1,17.06,13.75,0,0,-2.527743526510473,-4.181818181818179,Downtrend
2023-10-27 20:00:00,15.8,16.3,15.8,16.26,507,14,0,45.86776859504134,623.2,0.8135430038510911,0,0.31357142857142833,1.9284835705499894,16.3745,-0.699257992610459,15.372,5.776736924277919,16.2038,0.3468322245399256,0,0,17.00623862016684,15.742761379833162,7.7161271509583695,41.47605390429086,17.06,15.53,0,0,17.06,13.75,0,0,2.8462998102466885,-0.18416206261508647,Uptrend
2023-10-30 12:00:00,16.21,16.3,16.15,16.19,284,13,0,44.57831325301206,606.65,0.46814472925080364,0,0.30571428571428555,1.8882908320832954,16.395,-1.2503812137846801,15.3834,5.243314221823533,16.199550000000002,-0.0589522548465904,0,0,16.96952955583337,15.82047044416663,7.008594764664455,38.118556465160786,17.06,15.72,0,0,17.06,13.75,0,0,-0.4305043050430557,-0.18495684340319105,Downtrend
2023-10-30 16:00:00,16.18,16.24,16.06,16.14,639,13,0,42.10526315789474,626.15,1.0205222390800928,0,0.3099999999999997,1.9206939281288706,16.415,-1.6752969844654193,15.3972,4.824253760423979,16.1958,-0.3445337680139163,0,0,16.916765304751536,15.913234695248462,6.11349746879728,35.25752633882456,17.06,15.77,0,0,17.06,13.75,0,0,-0.3088326127239083,2.087286527514232,Downtrend
2023-10-30 20:00:00,16.14,16.18,16.02,16.02,204,13,0,30.493273542600903,599.9,0.3400566761126855,0,0.2835714285714285,1.7701087925807022,16.4075,-2.3617248209660175,15.413200000000002,3.936885267173578,16.19145,-1.0588921931019155,0,0,16.928788888489798,15.8862111115102,6.354275648207214,34.645941742864984,17.06,15.77,0,1,17.06,13.75,0,0,-0.743494423791824,-1.4760147601476137,Downtrend
2023-10-31 12:00:00,15.97,16.15,15.89,16.1,284,13,0,34.08071748878932,600.55,0.47289984181167266,0,0.28999999999999965,1.8012422360248426,16.395500000000002,-1.8023238083620539,15.4326,4.324611536617295,16.1868,-0.5362394049472422,0,0,16.934093685345932,15.856906314654072,6.570018423908143,34.21472660278053,17.06,15.77,0,0,17.06,13.75,0,0,0.4993757802746579,-0.5558987029030256,Downtrend
2023-10-31 16:00:00,16.1,16.2,15.88,15.88,624,13,0,32.47863247863255,588.8,1.0597826086956523,0,0.2778571428571425,1.7497301187477488,16.3655,-2.9666065809171736,15.459399999999999,2.7206747997981946,16.18085,-1.8592966376920788,0,0,16.94922578277258,15.781774217227422,7.133613794538249,34.653631894627,17.06,15.77,0,1,17.06,13.75,0,0,-1.3664596273291973,-1.6109045848822785,Downtrend
2023-10-31 20:00:00,15.88,15.95,15.8,15.91,241,13,0,36.74418604651165,582.3,0.4138760089301048,0,0.26642857142857107,1.6745981862260908,16.338,-2.6196596890684343,15.486400000000001,2.735303233805136,16.17575,-1.6428913651608152,0,0,16.95391523682009,15.722084763179911,7.539665036358061,35.23983205947884,17.06,15.77,0,1,17.06,13.75,0,0,0.18891687657429657,-0.6866416978776494,Downtrend
2023-11-01 12:00:00,15.85,15.97,15.84,15.91,191,13,0,37.61904761904766,544.55,0.3507483243044716,0,0.2614285714285712,1.6431714106132695,16.3105,-2.4554734680114096,15.516000000000002,2.5393142562516005,16.1707,-1.6121751068290175,0,0,16.95205977692512,15.668940223074886,7.866831512524033,37.00188173062834,17.06,15.77,0,1,17.06,13.75,0,0,0.0,-1.1801242236024923,Downtrend
2023-11-01 16:00:00,15.91,16.0,15.75,15.89,690,13,0,35.748792270531425,555.05,1.2431312494369877,0,0.2735714285714282,1.7216578261260427,16.2785,-2.3865835304235676,15.544,2.225939269171385,16.1663,-1.70911092828909,0,0,16.937567123807582,15.61943287619242,8.097393786989972,39.027490358368034,17.06,15.75,0,1,17.06,13.75,0,0,-0.12570710245128902,0.06297229219143442,Downtrend
2023-11-01 20:00:00,15.89,15.98,15.78,15.97,608,13,0,32.487309644670106,542.95,1.11980845381711,0,0.2657142857142855,1.663833974416315,16.2325,-1.6171261358386018,15.575,2.536115569823444,16.16205,-1.1882774771764724,0,0,16.838118431200968,15.626881568799035,7.4618010928811485,42.416576546171136,16.96,15.75,0,1,17.06,13.75,0,0,0.5034612964128327,0.3771213073538686,Downtrend
2023-11-02 12:00:00,16.03,16.14,15.98,16.0,344,13,0,36.413043478260896,540.55,0.6363888631948942,0,0.2607142857142856,1.6294642857142851,16.192,-1.1857707509881432,15.605600000000003,2.5272978930640115,16.15815,-0.9787630390855334,0,0,16.74066728485803,15.64333271514197,6.77701685842429,44.483874648425164,16.79,15.75,0,1,17.06,13.75,0,0,0.18785222291797243,0.5656819610307973,Downtrend
2023-11-02 16:00:00,15.99,16.1,15.85,16.02,778,13,0,41.81818181818184,534.5,1.4555659494855004,0,0.2450000000000001,1.529338327091137,16.158,-0.8540660972892787,15.646,2.3903873194426613,16.154600000000002,-0.8331992126081887,0,0,16.656063618848894,15.659936381151107,6.1649166833629545,48.250690041854135,16.79,15.75,0,1,17.06,13.75,0,0,0.12499999999999734,0.8181246066708558,Downtrend
2023-11-02 20:00:00,16.01,16.03,15.95,15.96,220,13,0,42.07317073170738,524.65,0.4193271704946155,0,0.2407142857142859,1.508234872896528,16.131999999999998,-1.0662038184973783,15.6822,1.7714351302750948,16.15025,-1.1780003405519972,0,0,16.613296494677947,15.65070350532205,5.966978609942336,52.44045516583514,16.79,15.75,0,1,17.06,13.75,0,0,-0.3745318352059823,-0.0626174076393224,Downtrend
2023-11-03 12:00:00,16.21,16.4,16.2,16.31,381,13,0,65.82278481012654,499.65,0.7625337736415492,0,0.23142857142857146,1.4189366733817994,16.125999999999998,1.1410145107280234,15.7228,3.734703742335966,16.148249999999997,1.0016565262489832,0,0,16.59447569166822,15.657524308331777,5.810190892573747,50.74132096670093,16.79,15.75,0,0,17.06,13.75,0,0,2.1929824561403466,1.937499999999992,Uptrend
2023-11-03 16:00:00,16.31,16.41,16.2,16.39,914,13,0,55.37190082644624,531.8,1.7186912373072585,0,0.2107142857142858,1.2856271245532995,16.121499999999997,1.6654777781224026,15.7682,3.9433797136007933,16.147800000000004,1.499894722500878,0,0,16.577213437197006,15.665786562802987,5.653486799578323,49.09826705091975,16.79,15.75,0,0,17.06,13.75,0,0,0.49049662783569037,2.3096129837702937,Uptrend
2023-11-03 20:00:00,16.39,16.5,16.35,16.41,236,13,0,59.4827586206896,492.75,0.4789446981227803,0,0.21071428571428555,1.284060242012709,16.109,1.868520702712759,15.819,3.7360136544661438,16.147850000000002,1.623435937291951,0,0,16.513339617543966,15.704660382456039,5.020046154869498,48.31558034986572,16.74,15.75,1,0,17.06,13.75,0,0,0.12202562538132788,2.8195488721804463,Uptrend
2023-11-06 16:00:00,16.18,16.46,16.16,16.46,672,13,0,63.79310344827587,508.8,1.320754716981132,0,0.21928571428571417,1.332233987155007,16.107,2.1915937170174553,15.865599999999999,3.746470350947976,16.1472,1.9371779627427619,0,0,16.503516409695365,15.710483590304632,4.923529020865048,46.4351138775625,16.5,15.75,1,0,17.06,13.75,0,0,0.30469226081657474,0.91968117719192,Uptrend
2023-11-06 20:00:00,16.45,16.45,16.22,16.22,291,13,0,57.812499999999964,459.9,0.6327462491846054,0,0.22500000000000003,1.3871763255240448,16.1035,0.723445213773394,15.9078,1.962559247664661,16.145149999999997,0.4636067178069044,0,0,16.49441121619516,15.712588783804842,4.854984521317224,42.27056927184143,16.5,15.75,1,0,17.06,13.82,0,0,-1.4580801944107047,-1.0372178157413159,Uptrend
2023-11-07 16:00:00,15.79,15.79,15.51,15.61,783,13,0,36.46408839778999,485.35,1.6132687751107448,0,0.25714285714285723,1.6472956895762794,16.073,-2.880607229515342,15.934000000000001,-2.0333877243630076,16.143050000000002,-3.302040196864922,0,0,16.517195310290447,15.628804689709554,5.52722342176876,39.196980428476856,16.5,15.51,0,1,17.06,14.04,0,0,-3.760789149198518,-4.875076173065208,Downtrend
2023-11-07 20:00:00,15.61,15.79,15.6,15.7,263,13,0,44.642857142857096,457.7,0.5746121913917414,0,0.24785714285714303,1.578707916287535,16.067500000000003,-2.2872257662984485,15.9574,-1.6130447315978826,16.1417,-2.736390838635341,0,0,16.527837404862574,15.607162595137433,5.73004393791903,37.307118100566974,16.5,15.51,0,1,17.06,14.08,0,0,0.5765534913517056,-4.617253948967202,Downtrend
2023-11-08 16:00:00,15.6,15.64,15.15,15.17,790,13,0,33.0275229357798,471.85,1.674260887994066,0,0.27642857142857163,1.8222054807420673,16.013,-5.264472615999511,15.9704,-5.0117717777889075,16.13675,-5.990983314484016,0,0,16.613985156134962,15.412014843865043,7.506215651470176,36.11967383447104,16.5,15.15,0,1,17.06,14.31,0,0,-3.3757961783439483,-6.473489519112201,Downtrend
2023-11-08 20:00:00,15.16,15.19,15.02,15.1,315,13,0,31.99999999999997,473.4,0.6653992395437263,0,0.2792857142857144,1.8495742667928108,15.9585,-5.379578281166783,15.977800000000002,-5.493872748438473,16.13205,-6.397513025312963,0,0,16.677923014424785,15.239076985575217,9.01617338001421,35.631787621425,16.5,15.02,0,1,17.06,14.48,0,0,-0.46143704680290387,-3.2671364509929517,Downtrend
2023-11-09 16:00:00,15.12,15.49,15.1,15.37,763,13,0,39.599999999999966,479.6,1.5909090909090908,0,0.2892857142857145,1.8821451807788843,15.919999999999998,-3.454773869346727,15.9898,-3.8762210909454864,16.12825,-4.7013780168338295,0,0,16.679806069439913,15.160193930560082,9.545302379898434,33.53909400581481,16.5,15.02,0,0,17.06,14.71,0,0,1.788079470198678,-2.101910828025478,Downtrend
2023-11-09 20:00:00,15.37,15.42,15.23,15.24,429,13,0,35.686274509803894,490.85,0.8739940918814302,0,0.28857142857142865,1.893513310836146,15.881,-4.036269756312575,15.998399999999998,-4.74047404740473,16.122799999999998,-5.475475723819671,0,0,16.697175935625758,15.06482406437424,10.278646629629854,29.293719505213613,16.5,15.02,0,1,17.06,14.73,0,0,-0.8458035133376618,0.4614370468029023,Downtrend
2023-11-10 16:00:00,15.05,15.12,14.95,15.04,579,13,0,32.352941176470566,505.6,1.1451740506329113,0,0.29714285714285726,1.9756838905775085,15.828,-4.978519080111197,16.002,-6.01174853143357,16.1166,-6.680068997183024,0,0,16.718572849350267,14.937427150649732,11.253131783551519,27.46539091977488,16.5,14.95,0,1,17.06,14.74,0,0,-1.3123359580052618,-0.39735099337748675,Downtrend
2023-11-10 20:00:00,15.05,15.15,14.98,15.15,254,13,0,34.51957295373667,487.1,0.5214535003079449,0,0.2914285714285714,1.9236209335219234,15.7915,-4.062312003292903,16.0044,-5.338531903726476,16.11045,-5.961658426673369,0,0,16.731562148001462,14.851437851998538,11.90592594752192,25.92573962618659,16.5,14.95,0,1,17.06,14.77,0,0,0.7313829787234161,-1.4313597918022047,Downtrend
2023-11-13 16:00:00,15.16,15.27,15.1,15.2,565,13,0,36.4285714285714,503.3,1.1225909000596066,0,0.2978571428571427,1.9595864661654125,15.756,-3.5288144199035343,16.0056,-5.0332383665717115,16.1033,-5.609409251519884,0,0,16.73022357749504,14.781776422504961,12.366382044872285,23.946322874176136,16.5,14.95,0,1,17.06,14.95,0,1,0.3300330033003229,-0.2624671916010559,Downtrend
2023-11-13 20:00:00,15.2,15.24,15.05,15.05,289,13,0,25.769230769230816,508.2,0.5686737504919324,0,0.27999999999999997,1.8604651162790693,15.713,-4.219436135683819,16.0056,-5.970410356375271,16.09605,-6.498799394882601,0,0,16.73342509201848,14.69257490798152,12.988291122236104,27.40273933906716,16.5,14.95,0,1,17.06,14.95,0,1,-0.9868421052631526,0.06648936170213805,Downtrend
2023-11-14 16:00:00,15.38,15.68,15.36,15.63,693,13,0,37.74193548387097,508.35,1.3632339923281203,0,0.3099999999999999,1.9833653230966082,15.7,-0.4458598726114555,16.017,-2.4161828057688624,16.09195,-2.8706900033867857,0,0,16.71755124014256,14.68244875985744,12.962436180159992,29.114452194475017,16.5,14.95,0,0,17.06,14.95,0,0,3.853820598006652,3.168316831683171,Downtrend
2023-11-14 20:00:00,15.62,15.73,15.62,15.64,342,13,0,37.540453074433664,495.05,0.6908393091606908,0,0.3071428571428572,1.963829009864816,15.683499999999999,-0.27736155832561676,16.0168,-2.352529843664149,16.087249999999997,-2.7801519837137914,0,0,16.69328945173832,14.673710548261678,12.877093145513708,30.495071575094382,16.5,14.95,0,0,17.06,14.95,0,0,0.0639795265515053,2.8947368421052717,Downtrend
2023-11-15 16:00:00,15.62,15.69,15.44,15.53,660,13,0,35.23809523809521,510.85,1.2919643731036508,0,0.30357142857142855,1.9547419740594243,15.66,-0.8301404853129042,16.014,-3.022355438990883,16.0827,-3.4366120116647068,0,0,16.660610340058234,14.659389659941764,12.779186973923817,32.43086779139111,16.5,14.95,0,0,17.06,14.95,0,0,-0.703324808184147,3.1893687707641103,Downtrend
2023-11-15 20:00:00,15.53,15.59,15.5,15.55,269,13,0,38.566552901023925,485.4,0.554182117840956,0,0.2928571428571427,1.8833256775378953,15.636500000000002,-0.5531928500623599,16.0094,-2.8695641310729867,16.077749999999998,-3.2824866663556627,0,0,16.623494907468274,14.64950509253173,12.624243372471744,34.14757637263382,16.5,14.95,0,0,17.06,14.95,0,0,0.12878300064391723,-0.5118362124120286,Downtrend
2023-11-16 16:00:00,15.71,16.02,15.62,15.8,969,13,0,53.69649805447473,522.85,1.85330400688534,0,0.2757142857142855,1.7450271247739588,15.628499999999999,1.0973541926608554,16.0106,-1.3153785617028684,16.073900000000002,-1.7040046286215609,0,0,16.60701175933546,14.64998824066454,12.522145558888703,33.19327964262676,16.5,14.95,0,0,17.06,14.95,0,0,1.6077170418006492,1.0230179028133002,Downtrend
2023-11-16 20:00:00,15.79,15.83,15.73,15.81,328,13,0,52.208835341365486,520.2,0.6305267204921183,0,0.26928571428571413,1.703261949941266,15.6035,1.323421027333612,16.003400000000003,-1.2084931951960345,16.07015,-1.6188398988186243,0,0,16.53302223155084,14.67397776844916,11.914278611219805,32.03060388213055,16.5,14.95,0,0,17.06,14.95,0,0,0.06329113924050667,1.8029620090148173,Downtrend
2023-11-17 16:00:00,15.92,15.94,15.63,15.73,665,13,0,63.72549019607843,507.75,1.309699655342196,0,0.25214285714285695,1.6029425120334198,15.5705,1.0243730130695952,15.991200000000001,-1.63339836910301,16.065250000000002,-2.0868022595353453,0,0,16.42640149457805,14.714598505421947,10.993885804284417,31.58615943768611,16.5,14.95,0,0,17.06,14.95,0,0,-0.5060088551549602,1.1575562700964612,Downtrend
2023-11-17 20:00:00,15.73,15.78,15.63,15.64,290,13,0,63.106796116504874,510.45,0.5681261631893427,0,0.25071428571428545,1.6030325173547664,15.532,0.6953386556786025,15.974400000000001,-2.093349358974362,16.05915,-2.6100385138690303,0,0,16.292902511218646,14.771097488781352,9.797869060245258,31.411802126843508,16.46,14.95,0,0,17.06,14.95,0,0,-0.5721551176096629,-1.0126582278481022,Downtrend
2023-11-20 16:00:00,15.49,15.79,15.49,15.68,527,13,0,58.46994535519127,503.2,1.0472972972972974,0,0.2442857142857139,1.5579446064139917,15.493,1.206996708190792,15.958799999999998,-1.746998521192061,16.05245,-2.3202065728284507,0,0,16.122188282421682,14.863811717578319,8.122226585189203,31.119570614545427,16.45,14.95,0,0,17.06,14.95,0,0,0.2557544757033181,-0.8222643896268234,Downtrend
2023-11-20 20:00:00,15.68,15.76,15.68,15.74,261,13,0,64.20454545454544,501.7,0.5202312138728323,0,0.23642857142857107,1.5020874931929546,15.469,1.7518908785312612,15.9444,-1.2819547929053443,16.047449999999998,-1.9158807162508533,0,0,16.01216421864935,14.92583578135065,7.022615794807035,30.827339102247347,16.02,14.95,1,0,17.06,14.95,0,0,0.3826530612244916,0.06357279084551676,Downtrend
2023-11-21 16:00:00,16.08,16.31,16.08,16.27,826,13,0,79.42583732057417,503.85,1.639376798650392,0,0.2564285714285709,1.5760821845640496,15.501999999999999,4.954199458134439,15.939200000000001,2.0753864685805947,16.0457,1.3978822986843795,0,0,16.151099781478695,14.852900218521302,8.374400483533693,31.924539115856028,16.31,14.95,1,0,17.06,14.95,0,0,3.3672172808132173,4.028132992327359,Uptrend
2023-11-21 20:00:00,16.26,16.27,16.11,16.13,359,13,0,73.1132075471698,508.65,0.7057898358399686,0,0.2557142857142852,1.585333451421483,15.523499999999999,3.9069797403936004,15.924,1.2936448128610871,16.045450000000002,0.526940659189967,0,0,16.2264643997873,14.820535600212699,9.056777141589215,33.30887725478133,16.31,14.95,1,0,17.06,14.95,0,0,-0.8604794099569824,2.869897959183669,Uptrend
2023-11-22 16:00:00,16.11,16.24,16.02,16.08,652,13,0,70.75471698113205,501.75,1.299451918285999,0,0.25928571428571373,1.612473347547971,15.568999999999999,3.28216327317104,15.9094,1.0723220234578208,16.04505,0.21782418876848922,0,0,16.293108162900293,14.844891837099706,9.301922575634832,34.49199819493107,16.31,14.95,1,0,17.06,14.95,0,0,-0.309981401115933,2.160101651842427,Uptrend
2023-11-22 20:00:00,16.07,16.17,16.07,16.17,266,13,0,77.18446601941741,499.3,0.5327458441818546,0,0.2528571428571424,1.5637423800689074,15.622499999999999,3.5045607297167742,15.8988,1.7057891161597234,16.044249999999998,0.7837698864079254,0,0,16.358717216230076,14.88628278376992,9.425088381886102,34.35190826065229,16.31,14.95,1,0,16.96,14.95,0,0,0.5597014925373456,-0.6146281499692554,Uptrend
2023-11-24 16:00:00,16.2,16.27,16.05,16.14,553,13,0,66.88741721854296,488.8,1.131342062193126,0,0.22357142857142812,1.3852009205169027,15.661000000000001,3.058553093672174,15.892000000000001,1.5605336018122282,16.043599999999998,0.600862649280727,0,0,16.421744787414823,14.90025521258518,9.715149574290557,35.11621785062334,16.31,14.95,1,0,16.79,14.95,0,0,-0.18552875695733162,0.061996280223196296,Uptrend
2023-11-27 16:00:00,16.53,16.62,16.27,16.34,720,13,0,70.58823529411755,503.35,1.4304162113837289,0,0.2499999999999995,1.5299877600979161,15.716,3.9704759480783953,15.8902,2.830675510692123,16.04355,1.8477830654686782,0,0,16.507039289728773,14.924960710271224,10.066674595683061,36.359224843630344,16.62,14.95,1,0,16.79,14.95,0,0,1.2391573729863659,1.6169154228855822,Uptrend
2023-11-27 20:00:00,16.33,16.57,16.33,16.49,339,13,0,77.58620689655163,491.35,0.6899358909127913,0,0.24928571428571392,1.5117387161049967,15.788499999999999,4.4431073249517015,15.8904,3.7733474298947716,16.04365,2.782097590012241,0,0,16.5844443249505,14.992555675049498,10.082583208670878,38.62858437384274,16.62,14.98,1,0,16.79,14.95,1,0,0.9179926560587415,1.9789734075448158,Uptrend
2023-11-28 16:00:00,16.59,17.28,16.54,17.26,893,13,0,84.3373493975903,523.3,1.706478119625454,0,0.2992857142857141,1.7339844396623065,15.894,8.594438152762057,15.9024,8.537076164604095,16.0472,7.557704770925778,0,0,16.872105580351953,14.915894419648048,12.307859322410375,41.61381403916302,17.28,15.05,1,0,17.28,14.95,1,0,4.669496664645267,6.939281288723674,Uptrend
2023-11-28 20:00:00,17.25,17.4,17.2,17.38,427,13,0,83.47457627118636,516.4,0.826878388845856,0,0.27999999999999986,1.6110471806674334,16.003,8.60463663063175,15.92,9.170854271356777,16.050900000000002,8.280532555806818,0,0,17.130010017234625,14.875989982765375,14.084984280880144,45.769750008460605,17.4,15.05,1,0,17.4,14.95,1,0,0.6952491309385689,6.3647490820073385,Uptrend
2023-11-29 16:00:00,17.23,17.37,17.17,17.34,786,13,0,82.00836820083677,541.25,1.4521939953810623,0,0.28785714285714253,1.6600757950238902,16.1175,7.584923220102374,15.941,8.776111912677994,16.050349999999998,8.035027273548563,0,0,17.30074931750169,14.934250682498307,14.682789731679128,49.769740039016945,17.4,15.36,1,0,17.4,14.95,1,0,-0.23014959723820505,5.154639175257741,Uptrend
2023-11-29 20:00:00,17.34,17.43,17.26,17.32,286,13,0,84.12017167381971,520.9,0.5490497216356307,0,0.2778571428571425,1.6042560211151418,16.202,6.900382668806311,15.963,8.50090835056068,16.0499,7.913444943582198,0,0,17.476521169116506,14.927478830883498,15.732886916633795,52.69678241560062,17.43,15.44,1,0,17.43,14.95,1,0,-0.11534025374855261,0.3476245654692857,Uptrend
2023-11-30 16:00:00,17.24,17.48,17.19,17.33,815,13,0,87.5555555555555,544.55,1.4966486089431643,0,0.28785714285714253,1.661033715274914,16.2865,6.407147023608499,15.9934,8.357197343904355,16.04895,7.982142133909052,0,0,17.626543597091167,14.946456402908833,16.455881829627817,54.69238406795285,17.48,15.44,1,0,17.48,14.95,1,0,0.05773672055426893,-0.28768699654776014,Uptrend
2023-11-30 20:00:00,17.33,17.54,17.33,17.53,310,13,0,88.38174273858918,527.05,0.5881794896119913,0,0.28142857142857125,1.6054111319370863,16.3865,6.978305312299756,16.0188,9.433915149699118,16.0489,9.228669877686329,0,0,17.786022851019617,14.986977148980387,17.081412760743476,58.85774569238059,17.54,15.49,1,0,17.54,14.95,1,0,1.154068090017324,1.0957324106113107,Uptrend
2023-12-01 16:00:00,17.6,17.66,17.46,17.64,932,13,0,88.61788617886175,560.2,1.6636915387361655,0,0.28999999999999976,1.643990929705214,16.491,6.967436783700205,16.0478,9.921609192537307,16.0498,9.907911625066975,0,0,17.93881359660906,15.04318640339094,17.55883326188902,63.093019732088074,17.66,15.49,1,0,17.66,14.95,1,0,0.627495721620086,1.8475750577367223,Uptrend
2023-12-01 20:00:00,17.64,17.72,17.57,17.65,419,13,0,85.5670103092783,532.7,0.7865590388586445,0,0.2599999999999998,1.4730878186968828,16.5835,6.4310911448126005,16.078000000000003,9.777335489488713,16.0517,9.957200794931367,1,0,18.08096838996591,15.086031610034091,18.059738776083574,64.50072328173538,17.72,15.49,1,0,17.72,14.95,1,0,0.05668934240361523,1.8465089440276996,Uptrend
2023-12-04 16:00:00,17.47,17.58,17.3,17.49,974,13,0,84.69387755102038,565.0,1.7238938053097346,0,0.2735714285714282,1.5641591113289204,16.6675,4.934753262336871,16.1074,8.583632367731603,16.052599999999998,8.954312697008588,0,0,18.170743860876495,15.164256139123506,18.038024429296474,64.3308401191134,17.72,15.49,1,0,17.72,14.95,1,0,-0.9065155807365444,-0.22818026240731715,Uptrend
2023-12-04 20:00:00,17.49,17.5,17.35,17.46,314,13,0,85.56701030927846,547.45,0.5735683624075257,0,0.2685714285714282,1.5382097856324637,16.753999999999998,4.213919064104114,16.1346,8.214644304786,16.0534,8.762006802297337,0,0,18.22893300472284,15.279066995277155,17.60693571353519,65.29363739551879,17.72,15.49,1,0,17.72,14.95,1,0,-0.17152658662090703,-1.0204081632653046,Uptrend
2023-12-05 16:00:00,17.3,17.43,17.17,17.4,1197,13,0,82.19895287958113,592.8,2.0192307692307696,1,0.2821428571428566,1.6215106732348081,16.842000000000002,3.3131457071606474,16.165,7.639962882771417,16.0525,8.3943311010746,0,0,18.245358377907014,15.438641622092993,16.664984893801332,65.06172644932214,17.72,15.49,1,0,17.72,14.95,1,0,-0.3436426116838587,-1.41643059490085,Uptrend
2023-12-05 20:00:00,17.4,17.45,17.33,17.34,320,13,0,80.92783505154647,582.45,0.549403382264572,0,0.2749999999999996,1.5859284890426735,16.925,2.451994091580497,16.1936,7.079339986167374,16.0513,8.0286331948191,0,0,18.2320416576133,15.617958342386702,15.445100828517575,65.57384140766504,17.72,15.68,0,0,17.72,14.95,0,0,-0.34482758620688614,-0.8576329331046231,Uptrend
2023-12-06 16:00:00,17.52,17.57,17.28,17.29,724,13,0,76.53631284916206,605.6,1.1955085865257595,0,0.26142857142857095,1.51202181277369,17.0025,1.6909278047345853,16.2212,6.588908342169504,16.05,7.725856697819304,0,0,18.1922434486829,15.812756551317102,13.994923672199947,64.74966558348923,17.72,16.02,0,0,17.72,14.95,0,0,-0.28835063437140374,-0.9736540664375813,Uptrend
2023-12-06 20:00:00,17.29,17.35,17.28,17.29,295,13,0,74.3902439024391,579.05,0.5094551420430015,0,0.24928571428571367,1.4417912914153481,17.0535,1.3868120913595419,16.249200000000002,6.405238411737176,16.04855,7.73558981964103,0,0,18.197606638386326,15.909393361613674,13.417851331237879,62.91695881657197,17.72,16.02,0,0,17.72,14.95,0,0,0.0,-0.6321839080459738,Uptrend
2023-12-07 16:00:00,17.28,17.28,17.05,17.17,864,13,0,45.45454545454542,604.3,1.429753433724971,0,0.20999999999999908,1.2230634828188647,17.1055,0.3770717020841393,16.2732,5.510901359290137,16.0483,6.989525370288445,0,0,18.164227637556497,16.0467723624435,12.378797901920407,58.781080327245206,17.72,16.02,0,0,17.72,14.95,0,0,-0.6940427993059384,-0.9803921568627345,Uptrend
2023-12-07 20:00:00,17.17,17.25,17.13,17.16,345,13,0,37.5,588.95,0.5857882672552848,0,0.2042857142857135,1.1904761904761858,17.1595,0.0029138378157803823,16.2964,5.299329913355108,16.04805,6.9288792096236005,0,0,18.10175876432486,16.217241235675143,10.982356878986664,55.65196306769315,17.72,16.05,0,0,17.72,14.95,0,0,-0.058241118229473976,-0.7518796992481146,Uptrend
2023-12-08 16:00:00,16.85,16.96,16.61,16.67,864,13,0,24.812030075187934,618.85,1.3961379978993294,0,0.228571428571428,1.3711543405604558,17.1845,-2.993977130553686,16.3094,2.2109948863845483,16.045,3.89529448426301,0,0,18.038628672667837,16.330371327332163,9.940686929126098,54.11441873499552,17.72,16.05,0,0,17.72,14.95,0,0,-2.8554778554778504,-3.5858877964140974,Uptrend
2023-12-08 20:00:00,16.67,16.74,16.67,16.73,266,13,0,28.467153284671454,604.5,0.4400330851943755,0,0.22142857142857078,1.3235419690888868,17.214,-2.8116649238991416,16.3248,2.482113103989027,16.042,4.288742052113196,0,0,17.948629158146908,16.47937084185309,8.535252215021599,52.43907703868395,17.72,16.27,0,0,17.72,14.95,0,0,0.359928014397104,-2.5626092020966875,Uptrend
2023-12-11 16:00:00,16.48,16.57,16.39,16.46,671,13,0,23.31288343558282,602.05,1.1145253716468733,0,0.2249999999999994,1.3669501822600205,17.22,-4.413472706155622,16.3278,0.8096620487757137,16.037750000000003,2.6328506180729727,0,0,17.92597450378865,16.514025496211346,8.199471588718385,51.770806088145754,17.72,16.33,0,1,17.72,14.95,0,0,-1.6138673042438656,-4.079254079254075,Uptrend
2023-12-11 20:00:00,16.45,16.64,16.42,16.6,329,13,0,20.38216560509541,601.55,0.5469204554899842,0,0.22571428571428495,1.3597246127366562,17.2255,-3.631244376070354,16.332,1.6409502816556496,16.034200000000002,3.528707387958235,0,0,17.908880914047096,16.542119085952905,7.934526301670146,50.226486437208436,17.72,16.39,0,1,17.72,14.95,0,0,0.8505467800729027,-0.4199160167966423,Uptrend
2023-12-12 16:00:00,16.4,16.48,16.25,16.25,609,13,0,11.602209944751266,587.35,1.0368604750148973,0,0.23642857142857082,1.454945054945051,17.175,-5.385735080058228,16.328799999999998,-0.48258292097396965,16.02865,1.3809647100660447,0,0,17.985159178641137,16.364840821358865,9.434168019110755,49.55609954865635,17.72,16.25,0,1,17.72,14.95,0,0,-2.108433734939763,-2.8690974297668883,Uptrend
2023-12-12 20:00:00,16.25,16.29,16.19,16.28,332,13,0,12.568306010928993,582.6,0.5698592516306213,0,0.2328571428571422,1.4303264303264263,17.12,-4.906542056074765,16.3252,-0.2768725651140426,16.0228,1.6052125720847854,0,0,18.016331705517235,16.223668294482767,10.471164784079836,49.66369169167111,17.72,16.19,0,1,17.72,14.95,0,0,0.18461538461538307,-1.0935601458080175,Uptrend
2023-12-13 16:00:00,16.28,16.51,16.22,16.47,633,13,0,22.580645161290278,574.95,1.1009653013305505,0,0.22857142857142826,1.3878046664931891,17.0765,-3.551664568266334,16.3302,0.8560825954366601,16.0196,2.8115558440909783,0,0,18.011487193832743,16.141512806167256,10.950571766260571,49.714117667748724,17.72,16.19,0,1,17.72,14.95,0,0,1.167076167076142,-0.7831325301204972,Uptrend
2023-12-13 20:00:00,16.47,17.36,16.44,17.36,1040,13,0,48.16176470588233,612.65,1.6975434587447973,0,0.28357142857142825,1.633475971033573,17.0785,1.6482712181983266,16.3652,6.078752474763509,16.0205,8.36116226085329,0,0,18.01584844388989,16.141151556110106,10.97694111180598,45.870909726531686,17.72,16.19,0,0,17.72,14.95,0,0,5.403764420157864,6.830769230769228,Uptrend
2023-12-14 16:00:00,17.72,17.9,17.6,17.68,1077,13,0,54.69798657718123,625.75,1.7211346384338793,0,0.3014285714285711,1.7049127343244972,17.096,3.4160037435657444,16.4048,7.773334633765715,16.02415,10.333465425623206,0,0,18.06563150895458,16.12636849104542,11.343372823521072,43.59320340729182,17.9,16.19,1,0,17.9,14.95,1,0,1.8433179723502224,8.59950859950859,Uptrend
2023-12-14 20:00:00,17.67,17.68,17.51,17.59,393,13,0,54.15282392026579,629.9,0.6239085569137959,0,0.30499999999999944,1.733939738487774,17.098999999999997,2.871512953973936,16.4532,6.909294240634047,16.02855,9.741679690302622,0,0,18.07463798290342,16.123362017096575,11.411637907519994,41.08470000593127,17.9,16.19,1,0,17.9,14.95,1,0,-0.5090497737556543,6.800242865816643,Uptrend
2023-12-15 16:00:00,17.53,17.58,17.35,17.55,815,13,0,54.333333333333364,624.05,1.305985097347969,0,0.3014285714285708,1.717541717541714,17.0945,2.664599725057771,16.5022,6.349456436111563,16.031399999999998,9.472659904936581,0,0,18.060413257519677,16.128586742480323,11.300865863519578,38.786782406289504,17.9,16.19,1,0,17.9,14.95,1,0,-0.22740193291642674,1.0944700460829566,Uptrend
2023-12-15 20:00:00,17.54,17.58,17.43,17.43,391,13,0,52.24358974358976,622.65,0.6279611338633261,0,0.30714285714285644,1.7621506433898821,17.0835,2.02827289489858,16.5434,5.359236916232464,16.034,8.706498690283155,0,0,18.027540030373192,16.13945996962681,11.05206814028965,36.48886480664774,17.9,16.19,0,0,17.9,14.95,0,0,-0.6837606837606924,-1.414027149321267,Uptrend
2023-12-18 16:00:00,17.45,17.67,17.39,17.67,666,13,0,57.716049382716044,607.25,1.0967476327706875,0,0.3099999999999995,1.7543859649122777,17.0925,3.3786748573935967,16.592,6.497107039537145,16.035899999999998,10.190260602772554,0,0,18.05608704848065,16.128912951519354,11.27496912073304,36.437816879386226,17.9,16.19,1,0,17.9,14.95,1,0,1.376936316695354,0.45480386583287,Uptrend
2023-12-18 20:00:00,17.67,17.68,17.58,17.67,299,13,0,57.89473684210529,606.5,0.49299258037922505,0,0.3085714285714281,1.7463012369633732,17.103,3.3152078582704796,16.6446,6.160556576907833,16.0382,10.17445848037811,0,0,18.087791722569676,16.118208277430327,11.516011490027184,35.65789787366078,17.9,16.19,1,0,17.9,14.95,1,0,0.0,0.6837606837606894,Uptrend
2023-12-19 16:00:00,17.74,18.17,17.74,18.05,817,13,0,72.1153846153846,587.5,1.3906382978723404,0,0.30499999999999944,1.6897506925207726,17.1355,5.336873741647459,16.7026,8.067007531761524,16.04365,12.505570739825423,0,0,18.201144850486344,16.069855149513657,12.437861171093267,35.802639485460176,18.17,16.19,1,0,18.17,14.95,1,0,2.1505376344086002,3.5570854847963336,Uptrend
2023-12-19 20:00:00,18.05,18.06,17.96,18.02,280,13,0,70.87378640776696,585.5,0.47822374039282667,0,0.30714285714285666,1.704455367052479,17.1695,4.953551355601505,16.759,7.524315293275251,16.04895,12.281488820140869,0,0,18.30379737120185,16.03520262879815,13.21293422874108,35.590181863975104,18.17,16.19,1,0,18.17,14.98,1,0,-0.16620498614958734,1.980758347481595,Uptrend
2023-12-20 16:00:00,18.01,18.07,17.92,18.03,634,13,0,77.73851590106003,581.0,1.0912220309810672,0,0.29357142857142804,1.6282386498692625,17.2065,4.785982041670316,16.8186,7.20273982376655,16.0565,12.290972503347563,0,0,18.40387036437074,16.009129635629257,13.917651635960143,35.61546444954086,18.17,16.19,1,0,18.17,15.05,1,0,0.05549389567147678,2.0373514431239355,Uptrend
2023-12-20 20:00:00,18.03,18.05,17.69,17.69,435,13,0,67.98679867986795,588.0,0.7397959183673469,0,0.30357142857142805,1.7160623435354891,17.2265,2.69062200679186,16.8598,4.924139076382883,16.062649999999998,10.13126725664821,0,0,18.442953430003822,16.01004656999618,14.123047978449717,34.75534540192183,18.17,16.19,0,0,18.17,15.05,0,0,-1.8857459789240139,-1.9944598337950106,Uptrend
2023-12-21 16:00:00,18.05,18.1,17.84,17.9,914,13,0,78.54671280276814,590.5,1.5478408128704488,0,0.3078571428571423,1.719872306464482,17.262999999999998,3.68997277414123,16.905,5.8858325939071126,16.0705,11.384213310102359,0,0,18.515586376893257,16.01041362310674,14.51180416953321,33.637889113145754,18.17,16.19,1,0,18.17,15.36,1,0,1.1871113623515894,-0.6659267480577191,Uptrend
2023-12-21 20:00:00,17.9,17.95,17.83,17.89,345,13,0,78.04878048780489,590.5,0.584250635055038,0,0.3092857142857139,1.7288189730895132,17.299500000000002,3.4133934506777575,16.9522,5.532025341843532,16.078799999999998,11.264522228026989,0,0,18.58164417450229,16.017355825497713,14.822904413448812,32.28339707328485,18.17,16.19,1,0,18.17,15.44,1,0,-0.05586592178770111,-0.7764836383804801,Uptrend
2023-12-22 16:00:00,18.3,18.48,18.13,18.33,972,13,0,79.80769230769232,595.9,1.631146165464004,0,0.33071428571428513,1.8042241446496736,17.3825,5.450884510283319,17.0078,7.774080127941291,16.0889,13.929479330470073,0,0,18.707274062166487,16.057725937833514,15.242618290424126,32.88953522918418,18.48,16.19,1,0,18.48,15.44,1,0,2.4594745667970708,3.61786319954775,Uptrend
2023-12-22 20:00:00,18.33,18.34,18.09,18.09,321,13,0,64.7773279352227,598.65,0.5362064645452268,0,0.2828571428571424,1.563610518834397,17.450499999999998,3.664651442652083,17.053600000000003,6.077309189848458,16.0973,12.379094630776585,0,0,18.773868508967148,16.12713149103285,15.167112792953208,35.75083933930689,18.48,16.19,0,0,18.48,15.49,0,0,-1.3093289689034338,1.0614525139664877,Uptrend
2023-12-26 16:00:00,18.24,18.24,18.04,18.05,384,13,0,58.44748858447494,584.3,0.6571966455587883,0,0.2585714285714281,1.4325286901464163,17.529999999999998,2.9663434112949414,17.098399999999998,5.565433022972925,16.10555,12.073167324307457,0,0,18.79246208906066,16.267537910939335,14.403446538056617,36.605620757361,18.48,16.19,0,0,18.48,15.49,0,0,-0.22111663902708578,0.8943543879262165,Uptrend
2023-12-26 20:00:00,18.05,18.12,18.01,18.1,212,13,0,61.86046511627914,578.45,0.3664966721410666,0,0.25428571428571395,1.4048934490923422,17.605,2.8117012212439705,17.145799999999998,5.565211305392596,16.1139,12.325383674963852,0,0,18.811831431999835,16.398168568000166,13.710098631068837,38.04021144756969,18.48,16.19,0,0,18.48,15.49,0,0,0.27700831024930483,-1.2547735951991101,Uptrend
2023-12-27 16:00:00,18.3,18.47,18.23,18.44,636,13,0,68.1632653061225,579.8,1.0969299758537427,0,0.2635714285714282,1.4293461419274847,17.7145,4.095514973609191,17.2018,7.198083921450096,16.1249,14.357298339834673,0,0,18.794411789769807,16.634588210230195,12.192404976373096,41.611696849967075,18.48,16.19,1,0,18.48,15.49,1,0,1.8784530386740217,1.9347705914870172,Uptrend
2023-12-27 20:00:00,18.44,18.47,18.34,18.41,323,13,0,70.76271186440682,579.35,0.5575213601449901,0,0.26214285714285673,1.4239155738340943,17.820999999999998,3.3050895011503405,17.2564,6.685055979230898,16.1352,14.098368783777076,0,0,18.708169360203463,16.933830639796533,9.956448686420128,45.18318225236446,18.48,16.22,1,0,18.48,15.49,1,0,-0.16268980477224249,1.9944598337950106,Uptrend
2023-12-28 16:00:00,18.26,18.35,18.12,18.15,555,13,0,60.084033613445335,575.45,0.9644625944912676,0,0.26285714285714235,1.4482487209759909,17.905,1.3683328679139761,17.3046,4.885406192573061,16.14415,12.424624399550293,0,0,18.53420166627379,17.27579833372621,7.028223024560626,46.986233569978886,18.48,16.44,1,0,18.48,15.49,1,0,-1.41227593699077,0.27624309392263624,Uptrend
2023-12-28 20:00:00,18.15,18.18,18.02,18.03,325,13,0,57.20000000000001,539.7,0.6021863998517695,0,0.2671428571428565,1.4816575548688657,17.938499999999998,0.5100760933188587,17.3398,3.9804380673364212,16.1523,11.62496981853978,0,0,18.51463138121496,17.362368618785034,6.423406429912911,48.285129722588486,18.48,17.35,0,0,18.48,15.68,0,0,-0.6611570247933796,-2.2234273318872027,Uptrend
2023-12-29 16:00:00,17.88,18.0,17.87,17.93,635,13,0,47.29729729729727,517.6,1.2268160741885625,0,0.24285714285714224,1.3544737471117805,17.951,-0.11698512617681908,17.3758,3.189493433395861,16.15835,10.964300191541842,0,0,18.514220065431687,17.387779934568314,6.275082897127582,45.14117737677174,18.48,17.35,0,0,18.48,16.02,0,0,-0.5546311702717799,-2.607278652906032,Uptrend
2023-12-29 20:00:00,17.94,18.03,17.9,18.02,313,13,0,50.0,513.6,0.6094236760124611,0,0.24499999999999972,1.359600443951164,17.972500000000004,0.26429266935593754,17.4146,3.4763933710794364,16.165499999999998,11.471961894157321,0,0,18.509935430637835,17.435064569362172,5.980641876620742,42.109180694796315,18.48,17.35,0,0,18.48,16.02,0,0,0.5019520356943641,-0.7162534435261654,Uptrend
2024-01-02 16:00:00,18.05,18.16,17.76,17.86,912,13,0,46.50205761316868,518.45,1.7590895939820617,0,0.26285714285714257,1.47176451767717,17.988,-0.7115855014454087,17.448400000000003,2.3589555489328324,16.171200000000002,10.443257148510913,0,0,18.490901057548914,17.485098942451085,5.591517206458913,38.199313725993214,18.48,17.39,0,0,18.48,16.02,0,0,-0.8879023307436174,-0.9428729894620171,Uptrend
2024-01-02 20:00:00,17.86,17.95,17.76,17.82,318,13,0,53.05164319248825,514.8,0.6177156177156178,0,0.25071428571428533,1.4069264069264047,18.0075,-1.0412328196584755,17.482,1.9334172291499883,16.17615,10.162183214176428,0,0,18.44533558557934,17.56966441442066,4.862813667409018,36.18448156362008,18.48,17.39,0,0,18.48,16.05,0,0,-0.2239641657334812,-0.6134969325153342,Uptrend
2024-01-03 16:00:00,17.3,17.54,17.0,17.35,1733,13,0,38.49372384937241,568.15,3.0502508140455866,1,0.27999999999999964,1.6138328530259343,17.9915,-3.5655726315204244,17.502200000000002,-0.8696049639473926,16.179699999999997,7.233137820849612,0,0,18.499095985218688,17.48390401478131,5.642619961856312,33.410609547622066,18.48,17.0,0,0,18.48,16.05,0,0,-2.6374859708192977,-3.718091009988891,Uptrend
2024-01-03 20:00:00,17.36,17.4,17.2,17.26,553,13,0,37.24696356275304,580.85,0.9520530257381423,0,0.2857142857142852,1.6553550736632978,17.971,-3.9563741583662484,17.5176,-1.4705210759464769,16.183,6.655131928567025,0,0,18.559875824636837,17.382124175363163,6.553623333557808,30.41555574599274,18.48,17.0,0,1,18.48,16.19,0,0,-0.5187319884726205,-3.359462486002228,Uptrend
2024-01-04 16:00:00,17.16,17.4,16.98,17.27,788,13,0,24.019607843137237,579.4,1.360027614773904,0,0.27357142857142797,1.5840847051038098,17.932,-3.6917242917688995,17.5178,-1.4145611891904324,16.1892,6.67605564203296,0,0,18.597213855601204,17.266786144398793,7.419293504363211,29.726969070144914,18.48,16.98,0,1,18.48,16.19,0,0,0.05793742757820297,-3.0864197530864237,Uptrend
2024-01-04 20:00:00,17.27,17.39,17.27,17.29,377,13,0,28.021978021977972,584.25,0.6452717158750535,0,0.26428571428571374,1.528546641328593,17.895500000000002,-3.383532172892642,17.516000000000002,-1.2902489152774756,16.19595,6.755083832686562,0,0,18.61802408446445,17.172975915535552,8.074924807515291,30.12493508412856,18.48,16.98,0,1,18.48,16.19,0,0,0.11580775911985697,-0.3458213256484281,Uptrend
2024-01-05 16:00:00,17.23,17.66,17.2,17.32,1266,13,0,29.834254143646376,615.85,2.0556953803685962,1,0.2828571428571424,1.6331243813922771,17.86,-3.023516237402011,17.5156,-1.116718810660205,16.203500000000002,6.890486623260397,0,0,18.62331686184609,17.09668313815391,8.547781207682972,30.73788049112429,18.48,16.98,0,0,18.48,16.19,0,0,0.1735106998264957,0.3476245654692857,Uptrend
2024-01-05 20:00:00,17.31,17.47,17.29,17.43,361,13,0,32.08556149732614,612.15,0.589724740668137,0,0.2878571428571424,1.651503975084007,17.847,-2.3365271474197433,17.5178,-0.5012044891481888,16.2122,7.511627046298469,0,0,18.63108109140213,17.062918908597872,8.786699068774908,30.98654507023644,18.48,16.98,0,0,18.48,16.19,0,0,0.6351039260970026,0.926462072958889,Uptrend
2024-01-08 16:00:00,17.44,17.85,17.42,17.71,905,13,0,29.834254143646376,611.7,1.4794834068988065,0,0.29214285714285687,1.6495926433814616,17.8375,-0.7147862648913679,17.5254,1.0533283120499368,16.22305,9.16566243708797,0,0,18.62347910779763,17.05152089220237,8.81265993326004,29.492474086451285,18.48,16.98,0,0,18.48,16.19,0,0,1.6064257028112428,2.4291497975708602,Uptrend
2024-01-08 20:00:00,17.71,17.73,17.59,17.62,355,13,0,28.87700534759358,612.2,0.579875857562888,0,0.2928571428571427,1.6620723204151115,17.823999999999998,-1.1445242369838258,17.5272,0.5294627778538525,16.2333,8.542317335353879,0,0,18.615438397376398,17.0325616026236,8.880592430166065,27.998403102666128,18.48,16.98,0,0,18.48,16.19,0,0,-0.5081874647091977,1.7321016166281795,Uptrend
2024-01-09 16:00:00,17.49,17.57,17.31,17.4,693,13,0,29.508196721311464,598.25,1.158378604262432,0,0.2942857142857144,1.6912972085385884,17.7775,-2.1234706792293703,17.5224,-0.6985344473359957,16.24275,7.124717181511736,0,0,18.552881060816752,17.002118939183248,8.723173233770238,27.72429983151767,18.47,16.98,0,0,18.48,16.19,0,0,-1.2485811577752637,-0.17211703958692565,Uptrend
2024-01-09 20:00:00,17.4,17.42,17.33,17.34,328,13,0,30.508474576271155,598.6,0.547945205479452,0,0.2892857142857146,1.6683143845773623,17.740000000000002,-2.254791431792571,17.516199999999998,-1.0059259428414722,16.2518,6.695873687837659,0,0,18.524239490810686,16.955760509189318,8.841482421766447,27.74644822575906,18.47,16.98,0,0,18.48,16.19,0,0,-0.34482758620688614,-2.089215132693399,Uptrend
2024-01-10 16:00:00,17.41,17.42,17.14,17.26,576,13,0,30.857142857142875,608.2,0.9470568891811904,0,0.2978571428571432,1.725707664293993,17.700499999999998,-2.4886302646817695,17.5116,-1.4367619178144762,16.26035,6.147776646874161,0,0,18.49845726043023,16.902542739569768,9.01621152430983,29.92827337937831,18.47,16.98,0,1,18.48,16.19,0,0,-0.46136101499422155,-2.0431328036322327,Uptrend
2024-01-10 20:00:00,17.26,17.36,17.22,17.28,321,13,0,27.976190476190467,613.65,0.5230994866780738,0,0.2985714285714288,1.7278439153439167,17.6595,-2.1489849655992534,17.508,-1.302261823166541,16.26865,6.216557612340299,0,0,18.455290900861765,16.863709099138237,9.012609653294419,32.116187033792286,18.47,16.98,0,1,18.48,16.19,0,0,0.11587485515642815,-0.6896551724137784,Uptrend
2024-01-11 16:00:00,17.35,17.43,16.88,16.97,817,13,0,25.68306010928957,622.7,1.3120282640115624,0,0.30928571428571466,1.8225439851839405,17.586,-3.502786307289888,17.4994,-3.025246579882753,16.27505,4.270032964568457,0,0,18.349134809087985,16.82286519091201,8.678890129511963,34.856244447590925,18.47,16.88,0,1,18.48,16.19,0,0,-1.7939814814814992,-2.1337946943483335,Uptrend
2024-01-11 20:00:00,16.97,17.11,16.95,17.09,324,13,0,30.89005235602093,622.75,0.5202729827378563,0,0.3071428571428577,1.79720805817939,17.520000000000003,-2.4543378995433973,17.4944,-2.3115968538503693,16.2816,4.965113993710685,0,0,18.207665769488333,16.832334230511673,7.850065861738925,36.646270408413656,18.35,16.88,0,1,18.48,16.19,0,0,0.707130229817321,-0.9849362688296738,Uptrend
2024-01-12 16:00:00,17.66,17.76,17.44,17.53,1005,13,0,54.78723404255317,645.25,1.5575358388221618,0,0.2964285714285721,1.6909787303398292,17.488999999999997,0.23443307221684448,17.499200000000002,0.17600804608210244,16.28855,7.621611500102834,0,0,18.1097262300171,16.868273769982896,7.0984759565109705,36.13348025617056,18.18,16.88,0,0,18.48,16.19,0,0,2.574605032182564,1.446759259259259,Uptrend
2024-01-12 20:00:00,17.53,17.61,17.51,17.57,280,13,0,58.469945355191214,643.0,0.4354587869362364,0,0.28928571428571487,1.6464753231970113,17.466,0.5954425741440468,17.5048,0.37246926557287613,16.29625,7.8162153869755295,0,0,18.034188256422564,16.89781174357744,6.506220730820593,35.64380974361678,18.16,16.88,0,0,18.48,16.19,0,0,0.22818026240729594,3.535651149086632,Uptrend
2024-01-16 16:00:00,17.03,17.03,16.25,16.26,1286,13,0,33.86581469648567,675.55,1.9036340759381247,0,0.35357142857142926,2.174486030574595,17.3825,-6.457644182367315,17.4866,-7.01451397069755,16.29825,-0.2346877732271741,0,0,18.127048609278553,16.637951390721447,8.566645871175641,33.34975744956448,18.16,16.25,0,1,18.48,16.19,0,1,-7.455890722822989,-4.856641310708007,Downtrend
2024-01-16 20:00:00,16.25,16.26,15.89,15.9,485,13,0,29.971181556196015,684.15,0.7089088650149821,0,0.37142857142857216,2.3360287511230955,17.2765,-7.967470263074109,17.4614,-8.94200923179127,16.29835,-2.444112440829893,0,0,18.216808460027714,16.336191539972283,10.885404567218076,31.634611537704238,18.16,15.89,0,1,18.48,15.89,0,1,-2.2140221402214055,-9.29834569309755,Downtrend
2024-01-17 16:00:00,15.47,15.57,15.36,15.53,840,13,0,26.50918635170605,680.55,1.2342957901697158,0,0.37714285714285783,2.4284794407138306,17.160000000000004,-9.49883449883452,17.438599999999997,-10.94468592662254,16.297349999999998,-4.708434193289085,0,0,18.342165719970513,15.977834280029494,13.778155244411527,32.27537601046247,17.95,15.36,0,1,18.48,15.36,0,1,-2.3270440251572433,-11.610700056915203,Downtrend
2024-01-17 20:00:00,15.53,15.54,15.41,15.49,304,13,0,24.06417112299468,679.85,0.4471574612046775,0,0.3735714285714292,2.411694180577335,17.0435,-9.114911843224698,17.4138,-11.047559981164353,16.295650000000002,-4.943957436493799,0,0,18.398417360074518,15.688582639925484,15.899520169853812,32.97160701841114,17.85,15.36,0,1,18.48,15.36,0,1,-0.25756600128782337,-4.735547355473563,Downtrend
2024-01-18 16:00:00,15.42,15.47,15.31,15.42,592,13,0,17.563739376770542,622.8,0.9505459216441876,0,0.35571428571428637,2.3068371317398597,16.947,-9.010444326429452,17.393,-11.34364399471052,16.29255,-5.355515250835497,0,0,18.473993606300937,15.42000639369906,18.020813197627174,34.935307478352215,17.85,15.31,0,1,18.48,15.31,0,1,-0.4519044544867623,-3.0188679245283043,Downtrend
2024-01-18 20:00:00,15.41,15.48,15.37,15.46,291,13,0,18.965517241379345,609.7,0.477283910119731,0,0.35357142857142926,2.287007946775092,16.857,-8.287358367443783,17.3702,-10.99699485325442,16.289299999999997,-5.0910720534338285,0,0,18.513046020209696,15.2009539797903,19.64817013952302,36.8684944136222,17.85,15.31,0,1,18.48,15.31,0,1,0.25940337224383825,-0.4507405022536929,Downtrend
2024-01-19 16:00:00,15.46,15.6,15.39,15.54,605,13,0,22.155688622754496,600.55,1.0074098742819084,0,0.3464285714285719,2.2292700864129467,16.770500000000002,-7.337288691452268,17.356,-10.463240377967287,16.2858,-4.579449581844301,0,0,18.514125684117882,15.02687431588212,20.793961827230923,38.09704188722897,17.85,15.31,0,1,18.48,15.31,0,1,0.5174644243208126,0.3227888960619686,Downtrend
2024-01-19 20:00:00,15.54,15.57,15.46,15.53,293,13,0,22.492401215805472,596.35,0.49132221011151167,0,0.34785714285714303,2.2399043326280945,16.6825,-6.908436984864388,17.341,-10.443457701401313,16.2821,-4.619183029216136,0,0,18.4921335773328,14.872866422667203,21.694992684942893,39.51380694035767,17.85,15.31,0,1,18.48,15.31,0,1,-0.06435006435006052,0.7133592736705541,Downtrend
2024-01-22 16:00:00,15.37,15.54,15.36,15.51,498,13,0,22.910216718266255,557.95,0.8925530961555694,0,0.3407142857142858,2.1967394307819847,16.592000000000002,-6.521215043394421,17.3218,-10.459651999214861,16.27825,-4.719487659914304,0,0,18.44784255230533,14.736157447694673,22.37032970474119,40.76841020209743,17.85,15.31,0,1,18.48,15.31,0,1,-0.12878300064391723,0.32341526520051056,Downtrend
2024-01-22 20:00:00,15.51,15.58,15.48,15.53,230,13,0,22.910216718266255,551.4,0.417120058034095,0,0.3378571428571429,2.175512832306136,16.497,-5.861671819118631,17.2852,-10.154351699719994,16.274549999999998,-4.574934483595544,0,0,18.366692910332382,14.627307089667617,22.667065652329303,41.78367847627221,17.85,15.31,0,1,18.48,15.31,0,1,0.12894906511926596,-0.06435006435006298,Downtrend
2024-01-23 16:00:00,15.69,15.8,15.66,15.72,578,13,0,29.903536977491996,535.05,1.0802728716942342,0,0.31785714285714295,2.0219920029080343,16.3975,-4.1317273974691275,17.246000000000002,-8.848428621129544,16.2724,-3.3947051449079444,0,0,18.206202646417516,14.588797353582486,22.060712260009332,41.38775142877076,17.76,15.31,0,0,18.48,15.31,0,0,1.2234385061171915,1.2234385061172008,Downtrend
2024-01-23 20:00:00,15.72,16.0,15.72,15.94,305,13,0,32.0872274143302,532.55,0.5727161768847996,0,0.32642857142857146,2.0478580390751033,16.3135,-2.2895148190149364,17.213,-7.3955731133445735,16.2714,-2.0367024349472103,0,0,18.037195845681858,14.589804154318145,21.132140198999064,40.440120967633796,17.76,15.31,0,0,18.48,15.31,0,0,1.3994910941475647,2.7724049000644726,Downtrend
2024-01-24 16:00:00,16.14,16.16,15.53,15.62,922,13,0,19.09385113268604,544.0,1.6948529411764706,0,0.3235714285714285,2.071520029266508,16.2245,-3.7258467133039526,17.1744,-9.050680081982483,16.268500000000003,-3.986231060023995,0,0,17.894980233503578,14.55401976649642,20.592070430565855,43.54555816361649,17.76,15.31,0,0,18.48,15.31,0,0,-2.0075282308657516,0.5795235028976167,Downtrend
2024-01-24 20:00:00,15.62,15.63,15.47,15.47,253,13,0,17.187499999999986,540.25,0.46830171217029154,0,0.32785714285714296,2.119309262166406,16.131,-4.097700080590165,17.1352,-9.718007376628229,16.2656,-4.891304347826078,0,0,17.74703673746669,14.514963262533312,20.036411102432446,46.70932291418405,17.76,15.31,0,1,18.48,15.31,0,1,-0.960307298335461,-1.5903307888040712,Downtrend
2024-01-25 16:00:00,15.51,15.6,15.47,15.5,565,13,0,30.20833333333327,539.7,1.0468778951269222,0,0.24285714285714288,1.566820276497696,16.043,-3.384653743065507,17.0918,-9.313237926959122,16.26375,-4.696026439166869,0,0,17.59039985646547,14.495600143534528,19.290654571657065,47.158775995216104,17.76,15.31,0,1,18.48,15.31,0,1,0.19392372333548735,-2.7603513174403984,Downtrend
2024-01-25 20:00:00,15.5,15.54,15.48,15.53,266,13,0,38.364779874213774,536.95,0.4953906322748859,0,0.22071428571428559,1.421212399963204,15.9555,-2.6667920152925406,17.049,-8.909613467065517,16.2622,-4.502465841030123,0,0,17.403074741275507,14.507925258724494,18.14515046567649,46.02276394375844,17.76,15.31,0,1,18.48,15.31,0,1,0.1935483870967758,-0.5761843790012796,Downtrend
2024-01-26 16:00:00,15.67,15.78,15.5,15.52,564,13,0,49.593495934959364,524.3,1.07572000762922,0,0.2021428571428569,1.3024668630338718,15.883000000000001,-2.285462444122655,16.9984,-8.69728915662651,16.261100000000003,-4.557502259994728,0,0,17.26016872031369,14.505831279686312,17.34141812395251,45.428991952203205,17.76,15.31,0,1,18.48,15.31,0,1,-0.06439150032195862,0.3232062055591398,Downtrend
2024-01-26 20:00:00,15.52,15.54,15.46,15.46,227,13,0,48.800000000000026,519.45,0.4370006737895851,0,0.19857142857142826,1.2844206246534815,15.801499999999999,-2.1611872290605207,16.9472,-8.77549093655588,16.2596,-4.917710152771274,0,0,17.066249195024735,14.536750804975263,16.007963737932933,44.56977594520396,17.76,15.31,0,1,18.48,15.31,0,1,-0.3865979381443174,-0.25806451612902676,Downtrend
2024-01-29 16:00:00,15.44,15.57,15.4,15.56,476,13,0,55.46875000000005,493.0,0.9655172413793104,0,0.19785714285714256,1.271575468233564,15.703,-0.9106540151563326,16.8978,-7.917006947649988,16.259,-4.299157389753367,0,0,16.673579859237684,14.732420140762317,12.361712529296105,42.91768653801251,17.61,15.31,0,1,18.48,15.31,0,1,0.6468305304010435,0.19317450096587985,Downtrend
2024-01-29 20:00:00,15.56,15.67,15.48,15.64,275,13,0,56.81818181818184,492.75,0.5580923389142567,0,0.20357142857142815,1.301607599561561,15.606500000000002,0.21465415051419795,16.8568,-7.21845190071662,16.25865,-3.8050514649125162,0,0,16.01859477703936,15.194405222960642,5.281065928162748,41.54840937717863,17.03,15.31,0,0,18.48,15.31,0,0,0.5141388174807249,0.7731958762886663,Downtrend
2024-01-30 16:00:00,15.79,15.8,15.5,15.61,734,13,0,52.755905511811044,465.15,1.5779855960442868,0,0.20999999999999971,1.345291479820626,15.573999999999998,0.23115448824965562,16.811,-7.144131818452207,16.25815,-3.9866159433884,0,0,15.8487170793456,15.299282920654397,3.5278936605316695,40.798917602788194,16.26,15.31,0,1,18.48,15.31,0,1,-0.19181585677749968,0.9702457956015431,Downtrend
2024-01-30 20:00:00,15.6,15.67,15.58,15.62,259,13,0,53.543307086614185,453.85,0.5706731298887298,0,0.20857142857142832,1.3352844338759817,15.559999999999999,0.3856041131105431,16.765600000000003,-6.833039080021015,16.2577,-3.9224490549093693,0,0,15.789599193103227,15.33040080689677,2.951146440915527,40.04942582839776,16.16,15.31,0,0,18.48,15.31,0,0,0.06406149903908087,0.3856041131105316,Downtrend
2024-01-31 16:00:00,15.68,16.0,15.66,15.75,913,13,0,58.69565217391307,457.5,1.9956284153005464,0,0.22285714285714267,1.4149659863945567,15.570999999999998,1.149572924025445,16.714000000000002,-5.767619959315557,16.256500000000003,-3.1156768062006126,0,0,15.815165603853675,15.326834396146321,3.1361582923855504,40.70183368419545,16.16,15.31,0,0,18.48,15.31,0,0,0.8322663252240847,0.7033248081841396,Downtrend
2024-01-31 20:00:00,15.74,15.9,15.48,15.54,957,13,0,50.318471337579616,490.15,1.9524635315719678,0,0.24571428571428555,1.5811730097444374,15.573500000000001,-0.21510899926157806,16.663,-6.739482686190969,16.2543,-4.394529447592339,0,0,15.81518487529702,15.331815124702983,3.103796517122268,40.35051190800471,16.16,15.31,0,1,18.48,15.31,0,1,-1.333333333333342,-0.4484304932735444,Downtrend
2024-02-01 16:00:00,15.76,15.98,15.65,15.77,966,13,0,51.55279503105587,508.85,1.8983983492188268,0,0.2578571428571427,1.6351118760757302,15.591,1.1480982618177171,16.6174,-5.0994740452778435,16.25315,-2.97265453158312,0,0,15.83654129248612,15.34545870751388,3.1497824704780966,40.52680071261211,16.16,15.36,0,0,18.47,15.31,0,0,1.4800514800514808,0.9603072983354697,Downtrend
2024-02-01 20:00:00,15.76,15.88,15.74,15.83,336,13,0,46.20689655172416,511.1,0.6574055957738212,0,0.24785714285714278,1.5657431639743702,15.6095,1.4126013004900828,16.572,-4.477431812696109,16.2524,-2.5990007629642475,0,0,15.868849388399356,15.350150611600645,3.3229685563196205,40.72899928006138,16.16,15.36,0,0,18.47,15.31,0,0,0.38046924540267035,0.5079365079365084,Downtrend
2024-02-02 16:00:00,15.35,15.42,15.14,15.22,934,13,0,38.505747126436816,527.55,1.770448298739456,0,0.25214285714285695,1.6566547775483373,15.5935,-2.395228781222945,16.507600000000004,-7.800043616273733,16.24895,-6.332409171054129,0,0,15.905118863019295,15.281881136980706,3.9967789530162494,36.95859405068957,16.16,15.14,0,1,18.47,15.14,0,1,-3.8534428300694867,-2.05920205920205,Downtrend
2024-02-02 20:00:00,15.21,15.39,15.21,15.35,322,13,0,46.51162790697671,529.0,0.6086956521739131,0,0.2535714285714284,1.651931130758491,15.5845,-1.5047001828740132,16.446399999999997,-6.666504523786346,16.24545,-5.512004899833504,0,0,15.913739954088786,15.255260045911214,4.225223190847137,33.133743840447885,16.16,15.14,0,1,18.47,15.14,0,1,0.854139290407363,-2.6632847178186427,Downtrend
2024-02-05 16:00:00,15.08,15.23,15.03,15.11,709,13,0,39.8963730569948,539.55,1.3140580113057179,0,0.267142857142857,1.7679871419116946,15.564499999999999,-2.920106652960259,16.3856,-7.784884288643691,16.2398,-6.956982228845179,0,0,15.955583515108271,15.173416484891726,5.025327059761285,31.661211563747823,16.16,15.03,0,1,18.47,15.03,0,1,-1.5635179153094425,-4.548325963360711,Downtrend
2024-02-05 20:00:00,15.11,15.13,15.07,15.1,296,13,0,38.743455497382215,542.85,0.5452703325043751,0,0.2671428571428572,1.7691579943235576,15.543000000000001,-2.8501576272277,16.327,-7.515158939180511,16.23405,-6.9856258912594225,0,0,15.98591379700673,15.100086202993271,5.699206034957599,31.25545552875554,16.16,15.03,0,1,18.35,15.03,0,1,-0.06618133686300265,-0.7884362680683377,Downtrend
2024-02-06 16:00:00,15.01,15.08,14.97,15.01,661,13,0,37.185929648241206,547.0,1.2084095063985374,0,0.2564285714285714,1.7083848862662985,15.507499999999999,-3.20812510075769,16.2686,-7.7363755947039055,16.226599999999998,-7.497565725413814,0,0,16.001543467084016,15.01345653291598,6.3716713472064255,30.489452406195046,16.16,14.97,0,1,18.18,14.97,0,1,-0.596026490066226,-2.2149837133550476,Downtrend
2024-02-06 20:00:00,15.01,15.03,14.95,14.96,276,13,0,37.37373737373737,545.55,0.5059114654935387,0,0.25642857142857156,1.7140947288006119,15.458499999999997,-3.2247630753307015,16.2074,-7.696484321976375,16.2186,-7.760225913457375,0,1,15.966137458698295,14.9508625413017,6.567745365957861,29.931100052262575,16.16,14.95,0,1,18.16,14.95,0,1,-0.3331112591605567,-0.9927200529450602,Downtrend
2024-02-07 16:00:00,14.92,15.0,14.83,14.91,590,13,0,33.160621761658035,528.95,1.115417336232158,0,0.25642857142857156,1.7198428667241552,15.422999999999998,-3.3262011281851662,16.1484,-7.66887121943969,16.209950000000003,-8.019457185247347,0,0,15.97998814123253,14.866011858767466,7.222824887927537,29.335333795449294,16.0,14.83,0,1,18.16,14.83,0,1,-0.33422459893048817,-1.258278145695361,Downtrend
2024-02-07 20:00:00,14.91,14.94,14.87,14.87,362,13,0,29.62962962962962,534.4,0.6773952095808383,0,0.24785714285714303,1.6668267845134028,15.393,-3.3976482816864904,16.0894,-7.578902880157134,16.20125,-8.216958568011743,0,0,16.001573828933804,14.784426171066197,7.907150379182787,29.022715379382607,16.0,14.83,0,1,18.16,14.83,0,1,-0.26827632461435824,-0.9327115256495707,Downtrend
2024-02-08 16:00:00,14.88,14.88,14.66,14.8,667,13,0,29.01554404145081,539.5,1.2363299351251158,0,0.2421428571428573,1.636100386100387,15.358,-3.6332855840604235,16.0384,-7.721468475658412,16.19435,-8.610101671261887,0,0,16.018927577846387,14.697072422153616,8.606948532965045,29.899136501481614,16.0,14.66,0,1,17.95,14.66,0,1,-0.4707464694014729,-1.0695187165775408,Downtrend
2024-02-08 20:00:00,14.79,14.86,14.75,14.76,360,13,0,28.061224489795947,544.2,0.6615214994487321,0,0.24357142857142872,1.6502129307007365,15.3195,-3.652207970234015,15.988399999999999,-7.683070225913781,16.18685,-8.814871330740694,0,0,16.026352921498933,14.612647078501064,9.228146107887785,30.77555762358062,16.0,14.66,0,1,17.85,14.66,0,1,-0.2702702702702786,-1.0060362173038253,Downtrend
2024-02-09 16:00:00,14.65,14.71,14.52,14.61,503,13,0,21.212121212121204,541.15,0.9295019865102098,0,0.23357142857142868,1.5987092989146383,15.274000000000001,-4.347256776221039,15.9352,-8.316180531151165,16.1764,-9.683242254148027,0,0,16.041097056920993,14.506902943079009,10.0444815624066,32.888883574115866,16.0,14.52,0,1,17.85,14.52,0,1,-1.0162601626016232,-1.7484868863483511,Downtrend
2024-02-09 20:00:00,14.61,14.69,14.58,14.59,307,13,0,23.463687150838,545.15,0.5631477574979363,0,0.2114285714285715,1.4491334573582693,15.230500000000001,-4.205377367781761,15.8812,-8.130367982268343,16.16765,-9.758066261949008,0,0,16.050062784596,14.410937215404001,10.762125794898395,36.04956677898169,16.0,14.52,0,1,17.85,14.52,0,1,-0.1368925393566034,-1.4189189189189246,Downtrend
2024-02-12 16:00:00,14.51,14.73,14.5,14.7,431,13,0,17.964071856287376,542.9,0.7938846933136858,0,0.19642857142857142,1.336248785228377,15.1875,-3.209876543209881,15.828800000000001,-7.1313049631052365,16.16085,-9.039437900852992,0,0,16.024333002267614,14.350666997732386,11.020023075129073,39.894252332527984,16.0,14.5,0,1,17.85,14.5,0,1,0.7539410555174708,-0.40650406504065373,Downtrend
2024-02-12 20:00:00,14.7,14.73,14.64,14.66,306,13,0,14.545454545454476,544.45,0.5620350812746808,0,0.1928571428571428,1.3155330344961993,15.138499999999999,-3.160815140205427,15.773399999999999,-7.058719109386681,16.1544,-9.25073045114643,0,0,15.978531954279447,14.29846804572055,11.097954939781989,44.264731536867934,16.0,14.5,0,1,17.85,14.5,0,1,-0.2721088435374108,0.34223134839151753,Downtrend
2024-02-13 16:00:00,14.42,14.42,14.01,14.04,751,13,0,14.457831325301129,545.3,1.377223546671557,0,0.19,1.3532763532763534,15.059999999999999,-6.772908366533863,15.7,-10.573248407643314,16.145,-13.038092288634253,0,0,16.00177883200945,14.118221167990548,12.507023001453533,50.936833985367905,16.0,14.01,0,1,17.85,14.01,0,1,-4.229195088676674,-3.7697052775873936,Downtrend
2024-02-13 20:00:00,14.04,14.09,13.96,14.09,308,13,0,10.126582278481024,547.75,0.5623003194888179,0,0.1864285714285714,1.3231268376761631,14.983500000000001,-5.963226215503728,15.6294,-9.849386412786162,16.136850000000003,-12.68432190917064,0,0,15.980680762792913,13.98631923720709,13.310384927325547,57.6157443595061,16.0,13.96,0,1,17.85,13.96,0,1,0.35612535612536966,-4.149659863945574,Downtrend
2024-02-14 16:00:00,13.87,14.03,13.7,13.92,1024,13,0,10.596026490066237,553.3,1.8507138984276164,0,0.19142857142857142,1.3752052545155993,14.892000000000001,-6.526994359387599,15.559800000000001,-10.53869587012687,16.12835,-13.692349186370588,0,0,15.92811826189467,13.855881738105332,13.915098870462927,63.886321906120756,15.98,13.7,0,1,17.76,13.7,0,1,-1.2065294535131277,-5.047748976807641,Downtrend
2024-02-14 20:00:00,13.92,14.0,13.87,14.0,249,13,0,15.189873417721529,517.9,0.48078779687198303,0,0.19642857142857142,1.403061224489796,14.815000000000001,-5.501181235234568,15.493,-9.636610081972506,16.121100000000002,-13.157290755593612,0,0,15.876924766886233,13.75307523311377,14.335805155399692,70.15689945273542,15.98,13.7,0,0,17.76,13.7,0,0,0.5747126436781658,-0.28490028490027886,Downtrend
2024-02-15 16:00:00,14.44,14.53,14.28,14.4,711,13,0,33.86243386243389,505.15,1.4075027219637732,0,0.22500000000000003,1.5625000000000004,14.746500000000001,-2.349710100701866,15.435800000000002,-6.710374583759841,16.116999999999997,-10.653347397158264,0,0,15.722297110059296,13.770702889940706,13.234287594470484,71.63471956015438,15.88,13.7,0,0,17.76,13.7,0,0,2.857142857142869,2.2001419446415933,Downtrend
2024-02-15 20:00:00,14.4,14.58,14.39,14.54,319,13,0,39.393939393939355,504.3,0.6325599841364267,0,0.23285714285714285,1.6014934171742976,14.682000000000002,-0.9671706851927734,15.381000000000002,-5.467784929458441,16.11405,-9.768183665807168,0,0,15.516558818210385,13.84744118178962,11.368462310453376,72.89682761784255,15.42,13.7,0,0,17.76,13.7,0,0,0.9722222222222188,4.454022988505741,Downtrend
2024-02-16 16:00:00,14.48,14.68,14.44,14.68,675,13,0,44.444444444444436,491.35,1.373766154472372,0,0.23785714285714285,1.6202802646944336,14.655000000000001,0.17059024223813427,15.3352,-4.272523344984093,16.11475,-8.903333902170377,0,0,15.450288759210387,13.859711240789615,10.853480166637821,73.14755415496715,15.39,13.7,0,0,17.76,13.7,0,0,0.9628610729023324,4.857142857142855,Downtrend
2024-02-16 20:00:00,14.67,14.7,14.55,14.58,269,13,0,43.192488262910814,488.7,0.5504399427051361,0,0.24357142857142847,1.6705859298451884,14.616499999999998,-0.24971778469536776,15.285,-4.612365063788028,16.11485,-9.524444844351642,0,0,15.34157785425906,13.891422145740936,9.92136084916447,72.77585688671817,15.23,13.7,0,0,17.76,13.7,0,0,-0.6811989100817373,1.249999999999998,Downtrend
2024-02-20 16:00:00,14.71,14.85,14.53,14.64,530,16,0,46.22641509433962,479.75,1.1047420531526837,0,0.25071428571428556,1.7125292740046827,14.593,0.32207222640992667,15.2272,-3.8562572239150947,16.1159,-9.158036473296553,0,0,15.280209460139591,13.905790539860408,9.418343865409327,70.1078238615423,15.13,13.7,0,0,17.76,13.7,0,0,0.4115226337448652,0.6877579092159658,Downtrend
2024-02-20 20:00:00,14.64,14.69,14.62,14.65,242,16,0,47.3684210526316,477.05,0.5072843517451001,0,0.24785714285714278,1.6918576304241828,14.5705,0.5456230053876067,15.1688,-3.4201782606402538,16.1167,-9.10049824095504,0,0,15.216018151728218,13.92498184827178,8.860617710143352,67.43979083636643,15.08,13.7,0,0,17.76,13.7,0,0,0.0683060109289535,-0.2043596730245188,Downtrend
2024-02-21 16:00:00,14.52,14.6,14.42,14.45,521,16,0,46.26168224299065,470.05,1.108392724178279,0,0.24714285714285708,1.7103311913000492,14.5425,-0.6360667010486584,15.1326,-4.5107912718237495,16.11685,-10.342281525236013,0,0,15.155512406502844,13.929487593497157,8.430633061754763,62.1350944409396,15.03,13.7,0,0,17.61,13.7,0,0,-1.3651877133105894,-0.89163237311386,Downtrend
2024-02-21 20:00:00,14.45,14.68,14.42,14.68,308,16,0,51.91489361702128,471.65,0.6530266087140889,0,0.25785714285714284,1.7565200467107824,14.528500000000003,1.0427779880923482,15.1082,-2.834222475212139,16.1179,-8.921137369012087,0,0,15.113515519362377,13.943484480637629,8.053350578000119,56.60700908092148,15.0,13.7,0,0,17.03,13.7,0,0,1.591695501730106,0.27322404371584114,Downtrend
2024-02-22 16:00:00,14.51,14.51,14.3,14.34,590,16,0,43.02325581395351,471.65,1.2509275946146508,0,0.2685714285714284,1.8728830444311604,14.5,-1.1034482758620698,15.0844,-4.934899631407285,16.1196,-11.039976178068926,0,0,15.061839085410433,13.938160914589567,7.749504626350805,50.95703731032425,14.94,13.7,0,0,16.26,13.7,0,0,-2.3160762942779245,-2.116040955631403,Downtrend
2024-02-22 20:00:00,14.34,14.36,14.28,14.3,253,16,0,43.02325581395351,466.2,0.5426855426855427,0,0.26785714285714274,1.8731268731268722,14.4715,-1.1850879314514733,15.060599999999999,-5.0502636017157245,16.120350000000002,-11.29224861743077,0,0,15.011725099282543,13.931274900717458,7.466055340255571,45.36098155249295,14.88,13.7,0,0,16.16,13.7,0,0,-0.2789400278939924,-1.0380622837370144,Downtrend
2024-02-23 16:00:00,14.32,14.6,14.29,14.52,716,16,0,61.009174311926614,468.65,1.5277925957537608,0,0.24357142857142847,1.677489177489177,14.4575,0.4323015735777278,15.0426,-3.474133460970847,16.12155,-9.934218483954705,0,0,14.975954180079786,13.939045819920214,7.172113852046149,40.51404277698275,14.86,13.7,0,0,16.16,13.7,0,0,1.538461538461533,-1.0899182561307912,Downtrend
2024-02-23 20:00:00,14.52,14.67,14.52,14.66,312,16,0,62.555066079295166,466.25,0.6691689008042896,0,0.24499999999999997,1.671214188267394,14.4525,1.4357377616329325,15.0266,-2.439673645402154,16.12425,-9.08104252910988,0,0,14.960493990847274,13.944506009152727,7.0298424611281565,36.09637209425181,14.85,13.7,1,0,16.16,13.7,0,0,0.9641873278236845,2.231520223152024,Downtrend
2024-02-26 16:00:00,14.42,14.56,14.39,14.48,539,16,0,62.28070175438598,468.05,1.1515863689776733,0,0.23642857142857135,1.6327940015785314,14.445999999999998,0.23535926900181697,15.0054,-3.5014061604489015,16.1273,-10.214357021944164,0,0,14.948808951894614,13.943191048105382,6.961220433263415,32.3785365446443,14.85,13.7,0,0,16.16,13.7,0,0,-1.2278308321964526,1.2587412587412568,Downtrend
2024-02-26 20:00:00,14.47,14.57,14.47,14.57,259,16,0,62.44541484716158,465.65,0.5562117470202942,0,0.23428571428571413,1.6080007843906254,14.444999999999999,0.8653513326410647,14.986199999999998,-2.7772217106404438,16.1295,-9.668619610031309,0,0,14.94668138347602,13.943318616523976,6.94609046003492,28.683955263856124,14.85,13.7,1,0,16.16,13.7,0,0,0.6215469613259694,0.34435261707989473,Downtrend
2024-02-27 16:00:00,14.58,14.61,14.46,14.5,497,16,0,52.55102040816326,468.95,1.0598144791555604,0,0.2071428571428569,1.428571428571427,14.434999999999999,0.45029442327676683,14.966,-3.1137244420686843,16.13145,-10.113473990248867,0,0,14.923068157449233,13.946931842550764,6.762288291641625,26.767489752920564,14.85,13.7,0,0,16.16,13.7,0,0,-0.48043925875086435,-1.0914051841746257,Downtrend
2024-02-27 20:00:00,14.5,14.53,14.42,14.43,269,16,0,47.0899470899471,467.1,0.5758938128880325,0,0.2014285714285712,1.3959013959013944,14.423499999999999,0.045065344749893155,14.944,-3.4395074946466884,16.132099999999998,-10.551013197289864,0,0,14.899946274654004,13.947053725345993,6.606527883717621,24.622035207466013,14.85,13.7,0,0,16.16,13.7,0,0,-0.4827586206896606,-0.3453038674033198,Downtrend
2024-02-28 16:00:00,14.23,14.3,14.19,14.23,550,16,0,38.46153846153848,457.05,1.203369434416366,0,0.2014285714285712,1.4155205300672606,14.433000000000002,-1.4064989953578684,14.914200000000001,-4.587574258089609,16.1306,-11.782574733735885,0,0,14.884155242274408,13.981844757725595,6.251718177432365,23.02555297675962,14.85,13.7,0,0,16.16,13.7,0,0,-1.3860013860013787,-2.333562113932737,Downtrend
2024-02-28 20:00:00,14.23,14.25,14.19,14.25,211,16,0,41.17647058823529,452.2,0.4666076957098629,0,0.1949999999999999,1.368421052631578,14.440999999999999,-1.3226230870438263,14.880400000000002,-4.2364452568479445,16.12925,-11.651192708898424,0,0,14.871759427303251,14.010240572696746,5.965783911131535,21.633268790357793,14.85,13.7,0,0,16.16,13.7,0,0,0.14054813773716202,-1.7241379310344827,Downtrend
2024-02-29 16:00:00,14.59,14.71,14.53,14.65,650,16,0,50.226244343891395,433.5,1.4994232987312572,0,0.20499999999999993,1.3993174061433442,14.477499999999997,1.1915040580210878,14.861,-1.4198236996164477,16.12885,-9.168973609401784,0,0,14.840810799236959,14.114189200763036,5.018971496970629,21.026005683094677,14.85,13.87,1,0,16.16,13.7,0,0,2.807017543859658,1.5246015246015292,Downtrend
2024-02-29 20:00:00,14.65,14.69,14.54,14.57,264,16,0,48.24561403508771,434.25,0.6079447322970639,0,0.21071428571428566,1.4462202176683985,14.506,0.44119674617399735,14.843,-1.8392508253048552,16.127850000000002,-9.659378032409787,0,0,14.793009994324581,14.218990005675419,3.957121112981955,20.41874257583157,14.85,14.19,1,0,16.16,13.7,0,0,-0.546075085324238,2.3893183415319736,Downtrend
2024-03-01 16:00:00,14.59,14.95,14.48,14.82,801,16,0,57.93991416309015,438.75,1.8256410256410256,0,0.2278571428571427,1.5374975901291679,14.527000000000001,2.016933984993455,14.8294,-0.06338759491280435,16.1279,-8.109549290360183,0,0,14.841498765791377,14.212501234208625,4.329851528758526,21.4645655361926,14.95,14.19,1,0,16.0,13.7,0,0,1.7158544955387711,4.000000000000002,Downtrend
2024-03-01 20:00:00,14.82,14.89,14.79,14.86,289,16,0,54.205607476635514,437.25,0.6609491137793024,0,0.2164285714285714,1.4564506825610457,14.542999999999997,2.1797428316028467,14.816,0.2969762419006392,16.1279,-7.8615318795379485,0,0,14.891053232468344,14.19494676753165,4.786539675009929,22.578383844581047,14.95,14.19,1,0,16.0,13.7,0,0,0.26990553306343035,1.4334470989761028,Downtrend
2024-03-04 16:00:00,15.02,15.39,14.96,15.33,883,16,0,71.80616740088108,447.65,1.972523176588853,0,0.22714285714285726,1.4816885658372945,14.5755,5.176494802922714,14.812199999999997,3.495767002876028,16.129399999999997,-4.956166999392394,0,0,15.068588013922227,14.082411986077773,6.765984205306537,25.208376755903878,15.39,14.19,1,0,16.0,13.7,0,0,3.1628532974428136,5.216197666437885,Downtrend
2024-03-04 20:00:00,15.33,15.43,15.31,15.37,289,16,0,73.56828193832598,448.65,0.6441546862810654,0,0.23000000000000004,1.4964216005204949,14.615,5.1659254190899695,14.8104,3.7784259709393377,16.13055,-4.714966321669133,0,0,15.22282615243096,14.00717384756904,8.317839923790073,27.953519269750654,15.43,14.19,1,0,16.0,13.7,0,0,0.2609262883235486,3.711201079622125,Downtrend
2024-03-05 16:00:00,15.64,15.73,15.49,15.6,902,16,0,73.6842105263158,467.25,1.9304440877474585,0,0.23357142857142868,1.497252747252748,14.663,6.390233922116889,14.8112,5.325699470670845,16.133300000000002,-3.3055853421184898,0,0,15.413918034632884,13.912081965367117,10.242351969349842,30.032459035748072,15.73,14.19,1,0,16.0,13.7,0,0,1.4964216005205033,4.979811574697175,Downtrend
2024-03-05 20:00:00,15.6,15.65,15.44,15.44,350,16,0,66.95652173913044,472.65,0.7405056595789696,0,0.237857142857143,1.5405255366395272,14.7025,5.016153715354524,14.8072,4.273596628667132,16.1352,-4.308592394268442,0,0,15.529768810127997,13.875231189872004,11.25344410988603,31.306771577666265,15.73,14.19,1,0,16.0,13.7,0,0,-1.025641025641022,0.7175472928897549,Downtrend
2024-03-06 16:00:00,15.73,15.88,15.64,15.86,760,16,0,77.16535433070865,484.6,1.5683037556747832,0,0.2500000000000003,1.576292559899119,14.773,7.358018005821429,14.812199999999997,7.073898543092873,16.13625,-1.7119838872104793,0,0,15.738447264770421,13.807552735229578,13.070429361272886,32.85461588970871,15.88,14.19,1,0,16.0,13.7,1,0,2.72020725388602,3.188028627195837,Downtrend
2024-03-06 20:00:00,15.86,15.91,15.55,15.62,382,16,0,69.51672862453529,488.3,0.7823059594511571,0,0.2685714285714288,1.7194073532101717,14.819999999999999,5.398110661268561,14.812199999999997,5.453612562617317,16.136000000000003,-3.197818542389709,0,0,15.855374328443606,13.784625671556391,13.972663001938024,33.94720146505291,15.91,14.19,1,0,16.0,13.7,0,0,-1.5132408575031508,0.12820512820512547,Downtrend
2024-03-07 16:00:00,15.9,15.96,15.76,15.84,674,16,0,73.59154929577466,492.5,1.3685279187817259,0,0.2821428571428576,1.7812049062049091,14.895,6.344410876132933,14.813999999999998,6.925880923450801,16.1363,-1.8362325935933188,0,0,15.99901182297256,13.790988177027439,14.823925115442243,36.74678283606285,15.96,14.19,1,0,16.0,13.7,1,0,1.4084507042253502,2.5906735751295358,Downtrend
2024-03-07 20:00:00,15.84,15.86,15.76,15.82,238,16,0,74.910394265233,491.75,0.48398576512455516,0,0.2814285714285719,1.778941665161643,14.970999999999998,5.670963863469388,14.819600000000001,6.750519582174951,16.1367,-1.962606976643309,0,0,16.111228970541962,13.830771029458035,15.232502445287071,40.24740395407529,15.96,14.19,1,0,16.0,13.7,1,0,-0.12626262626261875,-0.2522068095838534,Downtrend
2024-03-08 16:00:00,15.93,15.96,15.67,15.83,659,16,0,80.76923076923077,488.9,1.3479239108202088,0,0.28500000000000053,1.8003790271636166,15.0365,5.2771589133109424,14.820799999999998,6.809349022994722,16.135,-1.8903005887821598,0,0,16.21742336753916,13.855576632460844,15.70742350333066,44.72898111745314,15.96,14.19,1,0,15.98,13.7,1,0,0.06321112515803584,1.3444302176696599,Downtrend
2024-03-08 20:00:00,15.82,15.85,15.67,15.68,281,16,0,76.19047619047618,487.35,0.5765876680004104,0,0.29357142857142904,1.8722667638483996,15.0875,3.9270919635459776,14.8178,5.818677536476398,16.1317,-2.800076867286144,0,0,16.28790124870593,13.887098751294072,15.912526909109237,49.09333747946697,15.96,14.19,1,0,15.98,13.7,1,0,-0.9475679090334865,-1.010101010101011,Downtrend
2024-03-11 12:00:00,15.75,15.81,15.7,15.72,152,16,0,72.57383966244726,468.0,0.3247863247863248,0,0.27000000000000046,1.7175572519083997,15.1495,3.7658008515132577,14.827800000000002,6.017076032857193,16.1279,-2.5291575468597878,0,0,16.34587126784553,13.95312873215447,15.794201364342463,53.285256671386165,15.96,14.19,1,0,15.96,13.7,1,0,0.25510204081633514,-0.6321112515802758,Downtrend
2024-03-11 16:00:00,15.72,15.83,15.68,15.78,536,16,0,75.7446808510638,481.85,1.1123793711736016,0,0.27000000000000046,1.7110266159695846,15.210000000000003,3.7475345167652643,14.836400000000001,6.3600334312905975,16.124499999999998,-2.136500356600194,0,0,16.405359448252415,14.01464055174759,15.718072955324294,57.371930866756024,15.96,14.19,1,0,15.96,13.7,1,0,0.3816793893129722,-0.31585596967783136,Downtrend
2024-03-11 20:00:00,15.78,15.82,15.72,15.78,159,16,0,72.85714285714283,464.95,0.34197225508119156,0,0.24357142857142908,1.543545174723885,15.274000000000001,3.312819169831075,14.8498,6.264057428382869,16.1211,-2.1158605802333534,0,0,16.446139743779455,14.101860256220549,15.348170011515682,59.94563206891395,15.96,14.19,1,0,15.96,13.7,1,0,0.0,0.6377551020408141,Downtrend
2024-03-12 12:00:00,15.45,15.47,15.33,15.45,163,16,0,62.34309623430961,459.65,0.3546176438594583,0,0.26857142857142896,1.738326398520576,15.325,0.8156606851549756,14.8568,3.9927844488718938,16.1157,-4.1307544816545425,0,0,16.42931688815922,14.220683111840778,14.41196591398658,60.3151779479242,15.96,14.19,0,0,15.96,13.7,0,0,-2.0912547528517123,-1.7175572519084055,Downtrend
2024-03-12 16:00:00,15.46,15.55,15.32,15.51,505,16,0,54.54545454545454,457.4,1.1040664626147791,0,0.24714285714285747,1.593442018973936,15.389,0.7862759113652638,14.866800000000001,4.326418597142616,16.108800000000002,-3.7172228843861883,0,0,16.36728851626328,14.41071148373672,12.714127185174867,57.50634426952531,15.96,14.19,0,0,15.96,13.7,0,0,0.3883495145631022,-1.711026615969579,Downtrend
2024-03-12 20:00:00,15.51,15.59,15.5,15.55,163,16,0,54.54545454545458,455.0,0.35824175824175825,0,0.24500000000000036,1.5755627009646322,15.453999999999999,0.6211983952374911,14.878599999999999,4.512521339373341,16.1025,-3.4311442322620613,0,0,16.273509481015108,14.63449051898489,10.605791135176766,54.528444975836535,15.96,14.48,0,0,15.96,13.7,0,0,0.2578981302385541,-1.457541191381487,Downtrend
2024-03-13 12:00:00,15.73,15.79,15.7,15.75,224,16,0,53.846153846153854,433.7,0.5164860502651603,0,0.2364285714285716,1.5011337868480736,15.509,1.5539364240118618,14.8954,5.7373417296615035,16.09775,-2.160239785063138,0,0,16.244674413110328,14.773325586889671,9.487064454321086,51.01871550265191,15.96,14.48,1,0,15.96,13.7,1,0,1.2861736334405016,1.9417475728155387,Downtrend
2024-03-13 16:00:00,15.75,15.94,15.71,15.85,502,16,0,60.84656084656085,445.6,1.1265709156193895,0,0.23785714285714285,1.5006759801712484,15.572999999999999,1.7787195787581138,14.915,6.268856855514586,16.0946,-1.5197643930262332,0,0,16.175349784724666,14.970650215275333,7.7358220602923895,48.79202200835278,15.96,14.48,1,0,15.96,13.7,1,0,0.6349206349206327,2.1921341070277234,Downtrend
2024-03-13 20:00:00,15.84,15.94,15.84,15.91,164,16,0,51.6339869281046,413.75,0.39637462235649545,0,0.21357142857142847,1.34237227260483,15.627499999999998,1.8077107662774112,14.9372,6.512599416222581,16.092,-1.1309967685806526,0,0,16.132334522132542,15.122665477867454,6.46084814759295,44.54126411542124,15.96,14.79,1,0,15.96,13.7,1,0,0.3785488958990557,2.3151125401929225,Downtrend
2024-03-14 12:00:00,15.72,15.75,15.66,15.71,155,16,0,53.02013422818797,407.05,0.38078860090897926,0,0.20571428571428566,1.309448031281258,15.670000000000002,0.2552648372686607,14.9562,5.040050280151375,16.08815,-2.3504877813794502,0,0,16.023091608807793,15.316908391192213,4.506593603162603,40.59733836698421,15.96,14.96,1,0,15.96,13.7,1,0,-1.257071024512879,-0.25396825396824857,Downtrend
2024-03-14 16:00:00,15.7,15.74,15.59,15.6,438,16,0,41.30434782608696,384.8,1.1382536382536381,0,0.19214285714285698,1.2316849816849806,15.683499999999999,-0.5324066694296492,14.976,4.166666666666658,16.082849999999997,-3.0022663893526174,0,0,16.000676689924596,15.366323310075401,4.044718206071315,37.22330499295084,15.96,15.31,0,1,15.96,13.7,0,0,-0.700190961171232,-1.5772870662460567,Downtrend
2024-03-14 20:00:00,15.6,15.67,15.51,15.67,178,16,0,44.75524475524475,379.25,0.4693473961766645,0,0.1964285714285713,1.253532683015771,15.6985,-0.18154600758033765,14.9976,4.4833840081079614,16.078699999999998,-2.541872166282087,0,0,15.97957125899231,15.417428741007688,3.5808677133778515,34.00000655226109,15.96,15.32,1,0,15.96,13.7,1,0,0.4487179487179471,-1.5084852294154631,Downtrend
2024-03-15 12:00:00,15.55,15.63,15.54,15.58,185,16,0,41.72185430463577,343.4,0.5387303436225976,0,0.18499999999999986,1.1874197689345305,15.6975,-0.7485268354833554,15.0152,3.7615216580531725,16.075149999999997,-3.080220091258851,0,0,15.980184499602885,15.414815500397115,3.601649939199045,30.187967891521318,15.96,15.32,0,1,15.96,13.7,0,0,-0.574345883854499,-0.8274984086569114,Downtrend
2024-03-15 16:00:00,15.57,15.74,15.57,15.63,469,16,0,48.22695035460997,349.35,1.342493201660226,0,0.18428571428571416,1.179051275020564,15.706999999999999,-0.49022728719677966,15.034600000000001,3.960198475516473,16.0722,-2.751334602605729,0,0,15.96493512036117,15.449064879638827,3.2843333591541546,25.671884171897783,15.96,15.32,0,0,15.96,13.7,0,0,0.3209242618742003,0.19230769230769962,Downtrend
2024-03-15 20:00:00,15.62,15.69,15.62,15.68,156,16,0,48.59154929577462,319.15,0.4887983706720978,0,0.17999999999999985,1.1479591836734684,15.697999999999999,-0.11466428844438085,15.0674,4.065731313962598,16.07155,-2.436292703566232,0,0,15.945819968610378,15.45018003138962,3.157344484779963,21.62426512427874,15.96,15.32,1,0,15.96,13.7,1,0,0.31989763275750427,0.0638162093171652,Downtrend
2024-03-18 12:00:00,15.6,15.66,15.57,15.64,139,16,0,45.00000000000004,307.0,0.4527687296416938,0,0.1771428571428569,1.1326269638290083,15.699000000000002,-0.3758201159309577,15.0984,3.587135060668685,16.06845,-2.666405284890565,0,0,15.945653389874915,15.452346610125089,3.142281545001758,17.93866044762547,15.96,15.32,0,0,15.96,13.7,0,0,-0.25510204081632404,0.38510911424904043,Downtrend
2024-03-18 16:00:00,15.63,15.71,15.59,15.61,404,16,0,44.05594405594406,293.5,1.3764906303236797,0,0.17857142857142844,1.1439553399835263,15.6875,-0.49402390438247373,15.132200000000001,3.1575051876131592,16.065549999999998,-2.8355705220176017,0,0,15.927839671911821,15.447160328088179,3.0640914347323784,13.90530578437159,15.96,15.32,0,1,15.96,13.7,0,0,-0.19181585677749968,-0.12795905310301567,Downtrend
2024-03-18 20:00:00,15.61,15.62,15.53,15.55,147,16,0,54.31034482758627,288.95,0.5087385360789064,0,0.15285714285714277,0.9830041341295355,15.674000000000001,-0.7911190506571427,15.163200000000002,2.5509127360979154,16.0626,-3.1912641789000475,0,0,15.913332404826315,15.434667595173687,3.05387782093038,12.739761032439404,15.96,15.32,0,1,15.96,13.7,0,0,-0.3843689942344519,-0.8290816326530549,Downtrend
2024-03-19 12:00:00,15.42,15.49,15.4,15.42,169,16,0,46.341463414634156,264.45,0.6390622045755342,0,0.14714285714285705,0.9542338336112649,15.6535,-1.4916791771808182,15.183599999999998,1.5569430174662235,16.0596,-3.9826645744601348,0,0,15.906421872688304,15.400578127311695,3.23150570400619,11.914931100466607,15.94,15.32,0,1,15.96,13.87,0,0,-0.8360128617363349,-1.4066496163682904,Downtrend
2024-03-19 16:00:00,15.41,15.43,15.18,15.19,508,16,0,37.32394366197179,275.8,1.841914430746918,0,0.1585714285714285,1.0439198720963037,15.629,-2.8088809264828205,15.196599999999998,-0.04343076740849157,16.05505,-5.388024328793755,0,0,15.955377243788702,15.302622756211298,4.1765595212579445,12.501011686547185,15.94,15.18,0,1,15.96,14.19,0,0,-1.491569390402081,-2.6905829596412554,Downtrend
2024-03-19 20:00:00,15.18,15.23,15.15,15.17,158,16,0,26.61290322580645,276.1,0.572256428830134,0,0.1471428571428572,0.9699595065448726,15.601500000000001,-2.765759702592709,15.2064,-0.23937289562289848,16.051499999999997,-5.491698595146855,0,0,15.983531963391268,15.219468036608735,4.897374783081969,15.214574987973943,15.94,15.15,0,1,15.96,14.19,0,0,-0.13166556945358732,-2.4437299035369824,Downtrend
2024-03-20 12:00:00,15.15,15.21,15.14,15.2,75,16,0,22.2222222222222,253.05,0.2963841138114997,0,0.13571428571428587,0.8928571428571439,15.5725,-2.392037245143686,15.218799999999998,-0.1235314216626726,16.04795,-5.283852454674901,0,0,15.984369933480487,15.160630066519513,5.289708569343226,18.620058393457334,15.94,15.14,0,1,15.96,14.19,0,0,0.19775873434408897,-1.4267185473411195,Downtrend
2024-03-20 16:00:00,15.19,15.31,15.17,15.19,378,16,0,17.857142857142804,264.0,1.4318181818181819,0,0.1385714285714288,0.9122543026427175,15.543000000000001,-2.2711188316283955,15.229800000000001,-0.26132976138886516,16.04435,-5.324927466678313,0,0,15.976254513749334,15.109745486250668,5.574914929541692,21.961613176173717,15.94,15.14,0,1,15.96,14.19,0,0,-0.06578947368420796,0.0,Downtrend
2024-03-20 20:00:00,15.19,15.7,15.19,15.6,741,16,0,45.86466165413529,292.9,2.529873677022875,1,0.15714285714285733,1.0073260073260086,15.5505,0.3183177389794547,15.248800000000001,2.303132049735052,16.0429,-2.7607228119604303,0,0,15.982166294113455,15.118833705886544,5.5517995448822255,21.693084712156537,15.94,15.14,0,0,15.96,14.19,0,0,2.699144173798551,2.8345418589321008,Downtrend
2024-03-21 12:00:00,16.02,16.16,16.02,16.06,236,16,0,63.690476190476176,279.45,0.8445160135981392,0,0.18642857142857164,1.1608254758939704,15.578,3.0941070740788246,15.280999999999999,5.097833911393233,16.04335,0.10378131749290828,0,0,16.06529543616293,15.09070456383707,6.256200233186934,23.03368143736865,16.16,15.14,1,0,16.16,14.19,1,0,2.9487179487179382,5.657894736842102,Uptrend
2024-03-21 16:00:00,16.05,16.06,15.74,15.89,690,16,0,56.17977528089891,305.8,2.2563767168083713,1,0.19785714285714295,1.2451676705924666,15.595000000000002,1.8916319333119467,15.3052,3.820923607662764,16.0428,-0.9524521903906997,0,0,16.101525834536197,15.08847416546381,6.496003007838329,23.032095721497228,16.16,15.14,1,0,16.16,14.19,1,0,-1.0585305105852982,4.608294930875583,Downtrend
2024-03-21 20:00:00,15.89,15.91,15.72,15.72,192,16,0,53.76344086021508,304.2,0.631163708086785,0,0.20214285714285715,1.2858960378044346,15.5935,0.8112354506685481,15.332799999999999,2.525305228007942,16.0413,-2.0029548727347475,0,0,16.09826779445181,15.08873220554819,6.474079513281948,22.69371176125885,16.16,15.14,0,0,16.16,14.19,0,0,-1.0698552548772833,0.7692307692307756,Downtrend
2024-03-22 12:00:00,15.64,15.8,15.64,15.76,146,16,0,53.5135135135135,286.4,0.5097765363128492,0,0.20142857142857146,1.2781000725163163,15.588999999999999,1.0969273205465468,15.362,2.5908084884780607,16.0403,-1.747473550993427,0,0,16.085679500599475,15.092320499400522,6.372179108338917,22.355988019279796,16.16,15.14,0,0,16.16,14.19,0,0,0.2544529262086481,-1.8679950186799439,Downtrend
2024-03-22 16:00:00,15.76,15.78,15.52,15.53,543,16,0,46.3054187192118,305.35,1.7782872113967576,0,0.215,1.3844172569220863,15.570000000000002,-0.256904303147095,15.382199999999997,0.9608508535840254,16.0364,-3.1578159686712794,0,0,16.043508739429114,15.09649126057089,6.082321636854365,21.56233722562899,16.16,15.14,0,0,16.16,14.19,0,0,-1.4593908629441654,-2.2655758338577794,Downtrend
2024-03-22 20:00:00,15.53,15.58,15.41,15.43,152,16,0,44.97607655502389,305.2,0.4980340760157274,0,0.2192857142857143,1.421164706971577,15.556000000000001,-0.8099768578040706,15.3976,0.21042240349144734,16.031599999999997,-3.7525886374410398,0,0,16.028636502142877,15.083363497857125,6.076581410939524,20.719961440363416,16.16,15.14,0,1,16.16,14.19,0,0,-0.6439150032195751,-1.8447837150127284,Downtrend
2024-03-25 12:00:00,15.7,15.85,15.69,15.73,131,16,0,52.54237288135595,289.85,0.45195790926341206,0,0.24071428571428566,1.5302878939242572,15.5625,1.0763052208835369,15.4226,1.9931788414404916,16.0282,-1.8604709200034801,0,0,16.04122088340753,15.08377911659247,6.152236252626884,20.46133615374261,16.16,15.14,0,0,16.16,14.19,0,0,1.944264419961117,-0.19035532994923454,Downtrend
2024-03-25 16:00:00,15.73,15.75,15.56,15.57,396,16,0,50.40650406504064,300.75,1.3167082294264338,0,0.24785714285714278,1.591889164143499,15.5575,0.080347099469716,15.4426,0.8249906103894404,16.02375,-2.831734144629063,0,0,16.033574960926334,15.081425039073665,6.1201987584937765,19.544416194269466,16.16,15.14,0,0,16.16,14.19,0,0,-1.0171646535282908,0.25756600128783597,Downtrend
2024-03-25 20:00:00,15.56,15.58,15.46,15.47,156,16,0,51.02880658436216,299.3,0.5212161710658202,0,0.24571428571428555,1.5883276387478058,15.552000000000001,-0.5272633744856015,15.462,0.05173974906222283,16.02,-3.433208489388258,0,0,16.029519908650787,15.074480091349216,6.140945327299199,19.786323301940122,16.16,15.14,0,0,16.16,14.19,0,0,-0.6422607578676964,0.2592352559948213,Downtrend
2024-03-26 12:00:00,15.62,15.67,15.54,15.66,183,16,0,59.83263598326363,285.0,0.6421052631578947,0,0.24214285714285694,1.5462506841817174,15.553500000000003,0.6847333397627344,15.4866,1.1196776568129925,16.02025,-2.248716468219913,0,0,16.03223847382026,15.074761526179746,6.156022423509274,19.650340563217668,16.16,15.14,0,0,16.16,14.19,0,0,1.2281835811247532,-0.4450095359186286,Downtrend
2024-03-26 16:00:00,15.66,15.71,15.53,15.56,518,16,0,57.894736842105296,303.1,1.7090069284064664,0,0.24928571428571417,1.6020932794711709,15.547500000000003,0.08039877793855932,15.5132,0.3016785705077035,16.019550000000002,-2.868682328779534,0,0,16.022556783309515,15.072443216690491,6.111037572722454,18.01028358739809,16.16,15.14,0,0,16.16,14.19,0,0,-0.6385696040868472,-0.06422607578676806,Downtrend
2024-03-26 20:00:00,15.56,15.58,15.43,15.44,163,16,0,54.68750000000001,304.3,0.5356556030233323,0,0.2549999999999999,1.651554404145077,15.5375,-0.6275140788415133,15.536999999999999,-0.6243161485486229,16.0209,-3.6258886829079606,0,0,16.01277831181758,15.062221688182417,6.117822195560184,14.41846477818799,16.16,15.14,0,1,16.16,14.19,0,0,-0.7712082262210873,-0.19392372333549537,Downtrend
2024-03-27 12:00:00,15.62,15.76,15.62,15.75,168,16,0,59.7902097902098,292.5,0.5743589743589743,0,0.26785714285714274,1.7006802721088428,15.544500000000003,1.3220110006754615,15.559,1.2275853203933462,16.024150000000002,-1.7108551779657724,0,0,16.028321411157773,15.060678588842231,6.224985186500315,12.123785438562242,16.16,15.14,0,0,16.16,14.19,0,0,2.0077720207253957,0.57471264367816,Downtrend
2024-03-27 16:00:00,15.75,15.95,15.73,15.95,470,16,0,56.60377358490566,308.65,1.5227604082293862,0,0.24714285714285694,1.5494849977608587,15.5645,2.476790131388728,15.5866,2.331489869503282,16.02705,-0.4807497324835191,0,0,16.081229594356827,15.047770405643176,6.639848300386466,13.041216631222804,16.16,15.14,1,0,16.16,14.48,1,0,1.2698412698412653,2.506426735218501,Downtrend
2024-03-27 20:00:00,15.95,16.12,15.95,16.12,185,16,0,51.27118644067802,309.45,0.597834868314752,0,0.21928571428571417,1.360333215171924,15.5995,3.3366454053014527,15.6126,3.249939151710801,16.03145,0.5523517835255168,0,0,16.167320394138812,15.03167960586119,7.279981975560903,10.838941901475522,16.16,15.14,1,0,16.16,14.48,1,0,1.065830721003147,4.404145077720218,Uptrend
2024-03-28 12:00:00,16.43,16.47,16.18,16.28,247,16,0,58.297872340425535,296.4,0.8333333333333334,0,0.22142857142857128,1.3601263601263591,15.654,3.998977897023133,15.640999999999998,4.085416533469746,16.03765,1.5111316184104395,0,0,16.26400086281212,15.04399913718788,7.7935462222067295,11.851251587254595,16.47,15.14,1,0,16.47,14.48,1,0,0.992555831265518,3.365079365079372,Uptrend
2024-03-28 16:00:00,16.28,16.6,16.21,16.58,615,16,0,67.33870967741932,319.25,1.9263899765074393,0,0.23571428571428563,1.4216784421850763,15.724499999999997,5.440554548634304,15.666000000000002,5.83429082088597,16.0448,3.3356601515755866,0,0,16.41903430061933,15.029965699380663,8.833785501851683,13.348944525876282,16.6,15.14,1,0,16.6,14.79,1,0,1.842751842751822,3.9498432601880817,Uptrend
2024-03-28 20:00:00,16.58,16.61,16.52,16.55,166,16,0,65.99190283400813,323.8,0.5126621371216801,0,0.23071428571428562,1.3940440224428134,15.791999999999998,4.799898682877424,15.6896,5.483887415867838,16.051550000000002,3.105307587117744,0,0,16.532770580295626,15.05122941970437,9.381592962204003,15.964446045633116,16.61,15.17,1,0,16.61,14.96,1,0,-0.1809408926417233,2.6674937965260526,Uptrend
2024-04-01 16:00:00,16.95,16.97,16.6,16.69,795,16,0,74.36974789915973,344.65,2.30668794429131,1,0.24214285714285694,1.450825986476075,15.866999999999999,5.186865822146607,15.711400000000001,6.228598342604733,16.059749999999998,3.924407291520751,0,0,16.653467117122975,15.080532882877021,9.91324279476873,20.237405229306592,16.97,15.19,1,0,16.97,15.14,1,0,0.8459214501510548,2.518427518427519,Uptrend
2024-04-01 20:00:00,16.69,16.84,16.67,16.77,268,16,0,78.38983050847462,321.0,0.8348909657320872,0,0.2421428571428568,1.4439049322770232,15.925500000000003,5.3028162381086705,15.738,6.557377049180328,16.06545,4.3854980719494385,0,0,16.797725827831748,15.053274172168257,10.953826603017117,24.891869230140085,16.97,15.41,1,0,16.97,15.14,1,0,0.47932893948470223,1.1459589867310092,Uptrend
2024-04-02 16:00:00,16.86,16.93,16.73,16.87,798,16,0,76.38888888888894,349.1,2.2858779719278144,1,0.22642857142857103,1.3421966296892176,15.966000000000003,5.662031817612414,15.758199999999999,7.055374344785588,16.0716,4.967769232683746,0,0,16.934436613147266,14.99756338685274,12.131236541992523,29.04263074932266,16.97,15.41,1,0,16.97,15.14,1,0,0.5963029218843285,1.9335347432024186,Uptrend
2024-04-02 20:00:00,16.87,17.12,16.87,17.1,318,16,0,84.30493273542608,330.5,0.962178517397882,0,0.23071428571428537,1.349206349206347,16.0265,6.698280972139911,15.787800000000002,8.311481016987793,16.079449999999998,6.3469210700615,0,0,17.118273545055995,14.934726454944002,13.624603563547833,34.41939434774393,17.12,15.41,1,0,17.12,15.14,1,0,1.3633669235328938,2.456560814859198,Uptrend
2024-04-03 16:00:00,17.05,17.27,17.02,17.26,802,16,0,89.08296943231447,361.0,2.221606648199446,1,0.2399999999999997,1.3904982618771708,16.1035,7.181668581364307,15.816200000000002,9.128614964403582,16.088,7.284932869219298,0,0,17.314924129300948,14.892075870699054,15.045476192143905,40.42996395891616,17.27,15.41,1,0,17.27,15.14,1,0,0.9356725146198785,2.9218843172331663,Uptrend
2024-04-03 20:00:00,17.26,17.4,17.24,17.34,310,16,0,88.53211009174318,369.2,0.8396533044420369,0,0.2371428571428569,1.3676058658757606,16.1825,7.152788506102263,15.846599999999999,9.424103593199812,16.0957,7.730636132631691,0,0,17.500950046955026,14.864049953044976,16.294763441433957,45.42204298230633,17.4,15.41,1,0,17.4,15.14,1,0,0.4634994206257126,2.7860106698280904,Uptrend
2024-04-04 16:00:00,17.19,17.43,17.16,17.28,640,16,0,90.18691588785057,374.05,1.7110012030477209,0,0.2435714285714282,1.409556878306876,16.27,6.207744314689623,15.875600000000002,8.846279825644379,16.10305,7.308863848774,0,0,17.637487130700503,14.902512869299498,16.809921704984664,49.790713527447465,17.43,15.41,1,0,17.43,15.14,1,0,-0.34602076124566894,1.0526315789473666,Uptrend
2024-04-04 20:00:00,17.28,17.44,17.26,17.3,379,16,0,95.58823529411781,385.4,0.9833938764919564,0,0.2457142857142853,1.4203137902559844,16.3635,5.723103248082638,15.908,8.750314307266791,16.1109,7.380717402503893,0,0,17.74480792329128,14.982192076708715,16.88279308572472,55.13922974552891,17.44,15.43,1,0,17.44,15.14,1,0,0.11574074074074403,0.23174971031285715,Uptrend
2024-04-05 16:00:00,17.43,17.92,17.32,17.85,964,16,0,96.05263157894753,427.05,2.2573469148811616,1,0.2671428571428568,1.4965986394557802,16.469500000000004,8.382160964206548,15.9506,11.908015999398152,16.12195,10.718616544524721,0,0,17.966633752770313,14.972366247229694,18.180682507305136,60.359292454156666,17.92,15.43,1,0,17.92,15.14,1,0,3.1791907514450823,2.9411764705882444,Uptrend
2024-04-05 20:00:00,17.85,17.88,17.7,17.76,470,16,0,91.70506912442411,430.75,1.0911201392919327,0,0.26428571428571396,1.4880952380952361,16.579,7.12346944930334,15.9902,11.068029167865328,16.13235,10.089354619754735,0,0,18.118868757223673,15.039131242776328,18.57613555972824,66.06047200854722,17.92,15.43,1,0,17.92,15.14,1,0,-0.5042016806722671,2.77777777777778,Uptrend
2024-04-08 16:00:00,18.01,18.01,17.4,17.67,1147,16,0,87.0813397129188,480.3,2.3880907765979598,1,0.2957142857142855,1.673538685423234,16.689,5.878123314758234,16.028,10.244571999001767,16.142,9.465989344566983,0,0,18.2094971486153,15.168502851384702,18.221548907847065,70.94071190049674,18.01,15.43,1,0,18.01,15.14,1,0,-0.5067567567567544,2.1387283236994277,Uptrend
2024-04-08 20:00:00,17.67,17.7,17.61,17.62,335,16,0,83.83838383838395,487.9,0.6866161098585776,0,0.2771428571428571,1.572887952002594,16.787,4.962173110144766,16.071399999999997,9.635750463556406,16.14875,9.110612276491997,0,0,18.28066522001202,15.293334779987978,17.795499136379583,73.22669122729239,18.01,15.43,0,0,18.01,15.14,0,0,-0.28296547821166085,-1.2885154061624673,Uptrend
2024-04-09 16:00:00,18.17,18.23,17.92,17.94,1198,16,0,84.00000000000014,521.9,2.295458900172447,1,0.2928571428571427,1.6324255454690229,16.906,6.116171773334926,16.12,11.290322580645162,16.157799999999998,11.029966950946314,0,0,18.36693553299891,15.445064467001087,17.28304191410045,75.53239437113068,18.23,15.43,1,0,18.23,15.14,1,0,1.8161180476730987,1.0135135135135118,Uptrend
2024-04-09 20:00:00,17.94,17.96,17.85,17.92,407,16,0,84.42211055276387,534.1,0.7620295824751919,0,0.2942857142857141,1.642219387755101,17.029999999999998,5.226071638285404,16.1674,10.840333015821969,16.167,10.843075400507205,1,0,18.384104870384803,15.67589512961519,15.902582153667725,77.08281453919791,18.23,15.62,1,0,18.23,15.14,1,0,-0.11148272017836858,1.4148273910582907,Uptrend
2024-04-10 16:00:00,17.46,17.91,17.46,17.77,1246,16,0,76.99999999999996,588.0,2.119047619047619,1,0.29714285714285715,1.6721601414904734,17.131,3.7300799719806164,16.2078,9.63856908402128,16.175,9.860896445131367,0,0,18.38040238345752,15.881597616542484,14.586450101658013,75.30154970768392,18.23,15.73,0,0,18.23,15.14,0,0,-0.837053571428581,0.8513053348467569,Uptrend
2024-04-10 20:00:00,17.76,17.9,17.62,17.82,697,16,0,76.64974619289339,599.35,1.162926503712355,0,0.305,1.711560044893378,17.2245,3.457284681703395,16.2472,9.680437244571378,16.1834,10.11283166701683,0,0,18.377974841739583,16.071025158260415,13.393420322675073,72.93073567620824,18.23,15.95,0,0,18.23,15.14,0,0,0.2813731007315745,-0.6688963210702397,Uptrend
2024-04-11 16:00:00,17.93,17.93,17.58,17.86,1079,16,0,75.9162303664921,644.05,1.6753357658566883,0,0.31571428571428584,1.76771716525356,17.311500000000002,3.16841406001789,16.2862,9.66339600397882,16.191,10.308195911308756,0,0,18.37302373104834,16.249976268951663,12.263798412019055,70.51086388133645,18.23,16.18,0,0,18.23,15.14,0,0,0.22446689113355678,-0.3348214285714412,Uptrend
2024-04-11 20:00:00,17.86,18.03,17.85,17.95,420,16,0,74.01129943502819,652.7,0.6434809253868545,0,0.31071428571428583,1.7309988062077206,17.395000000000003,3.1905720034492444,16.331,9.91366113526422,16.198300000000003,10.814097775692485,0,0,18.374441301537637,16.41555869846237,11.261181966514899,66.91375399985893,18.23,16.21,1,0,18.23,15.14,1,0,0.50391937290033,1.0129431626336507,Uptrend
2024-04-12 16:00:00,18.43,18.86,18.01,18.09,2217,16,0,73.71428571428567,732.8,3.025382096069869,1,0.357857142857143,1.9782042170101881,17.4705,3.5459775049368853,16.3808,10.434166829458873,16.20245,11.649781360226392,0,0,18.417683636949615,16.523316363050387,10.843234446061805,63.6856536982496,18.86,16.52,0,0,18.86,15.14,0,0,0.7799442896935904,1.5151515151515127,Uptrend
2024-04-12 20:00:00,18.09,18.11,17.64,17.79,711,16,0,61.421319796954286,760.05,0.9354647720544702,0,0.38,2.1360314783586283,17.532500000000002,1.4687009838870482,16.423199999999998,8.322373228116332,16.2045,9.784319170600757,0,0,18.383428285678796,16.68157171432121,9.706867653543922,59.166359254808505,18.86,16.6,0,0,18.86,15.14,0,0,-1.6583747927031545,-0.3919372900335962,Uptrend
2024-04-15 16:00:00,17.69,17.7,17.02,17.23,1565,16,0,48.98785425101214,798.55,1.9598021413812536,0,0.41571428571428576,2.412735262416052,17.559500000000003,-1.8764771206469602,16.4562,4.702179117900861,16.20395,6.33209803782412,0,0,18.328161858447142,16.790838141552864,8.754940157147285,53.800058888508126,18.86,16.67,0,0,18.86,15.14,0,0,-3.1478358628442837,-4.011142061281331,Uptrend
2024-04-15 20:00:00,17.22,17.41,17.2,17.29,636,16,0,49.80079681274897,816.95,0.7785054164881571,0,0.417857142857143,2.4167561761546734,17.5855,-1.6803616615962045,16.4894,4.8552403362159895,16.203799999999998,6.703365877139941,0,0,18.272567758858607,16.898432241141393,7.814025860607966,47.77853176493561,18.86,16.73,0,0,18.86,15.14,0,0,0.34822983168891763,-4.42233278054174,Uptrend
2024-04-16 16:00:00,16.59,16.6,16.02,16.48,1842,16,0,25.270758122743672,869.15,2.119311971466375,1,0.4642857142857143,2.8172676837725383,17.566,-6.182397813958776,16.505399999999998,-0.15388903025675021,16.19955,1.731220928976434,0,0,18.353384745116347,16.77861525488365,8.964872425325613,43.218733161950105,18.86,16.02,0,0,18.86,15.14,0,0,-4.684788895315206,-7.363687464867896,Uptrend
2024-04-16 20:00:00,16.49,16.51,16.21,16.4,1040,16,0,25.362318840579675,905.25,1.1488539077602873,0,0.4728571428571429,2.883275261324042,17.531,-6.451428897381782,16.5206,-0.7299976998414291,16.1939,1.272701449311156,0,0,18.455836258622565,16.606163741377433,10.550867133906406,38.70096275103343,18.86,16.02,0,0,18.86,15.14,0,0,-0.4854368932038944,-4.817179338363331,Uptrend
2024-04-17 16:00:00,16.46,16.77,16.38,16.55,1264,16,0,30.141843971631218,928.35,1.3615554478375613,0,0.457142857142857,2.762192490289166,17.4955,-5.404246806321621,16.5394,0.06408938655574063,16.18845,2.2333824424203748,0,0,18.513908975856506,16.477091024143494,11.641953369226439,35.26967850972026,18.86,16.02,0,0,18.86,15.14,0,0,0.9146341463414753,-4.27993059572006,Uptrend
2024-04-17 20:00:00,16.54,16.72,16.51,16.62,603,16,0,32.39436619718312,943.0,0.6394485683987274,0,0.4657142857142854,2.802131682998107,17.4595,-4.808270569031172,16.5608,0.35747065359161745,16.1833,2.698460758930514,0,0,18.549443986972115,16.369556013027882,12.485397485290145,32.21097250983778,18.86,16.02,0,0,18.86,15.14,0,0,0.4229607250755274,0.8495145631067995,Uptrend
2024-04-18 16:00:00,16.71,16.95,16.6,16.93,915,16,0,32.15547703180211,956.75,0.9563626861771622,0,0.44714285714285673,2.641127331026915,17.442,-2.9354431831212042,16.590999999999998,2.0432764751974095,16.1805,4.632118908562783,0,0,18.555072561118827,16.328927438881173,12.763129929123116,29.363382426898536,18.86,16.02,0,0,18.86,15.14,0,0,1.865222623345364,3.2317073170731776,Uptrend
2024-04-18 20:00:00,16.93,16.94,16.81,16.9,320,16,0,32.042253521126725,953.8,0.3355001048437828,0,0.4485714285714284,2.6542688081149612,17.422,-2.996211686373562,16.625200000000003,1.6529124461660338,16.1777,4.464787948843142,0,0,18.559913140705085,16.284086859294916,13.062945020147906,26.769752382288097,18.86,16.02,0,0,18.86,15.14,0,0,-0.17720023626698334,2.1148036253776303,Uptrend
2024-04-19 16:00:00,16.89,17.14,16.84,17.12,699,16,0,38.831615120274954,940.55,0.7431821806389879,0,0.43714285714285694,2.5534045393858467,17.3855,-1.527134681199847,16.6642,2.735204810311926,16.176299999999998,5.833843338711593,0,0,18.512386254942697,16.258613745057303,12.96351850614244,25.314327460180444,18.86,16.02,0,0,18.86,15.14,0,0,1.3017751479290185,3.0084235860409145,Uptrend
2024-04-19 20:00:00,17.12,17.15,16.93,17.01,359,16,0,36.363636363636395,935.0,0.3839572192513369,0,0.4328571428571428,2.544721592340639,17.348,-1.9483513949734692,16.700400000000002,1.8538478120284523,16.17465,5.164563066279652,0,0,18.472326230986383,16.223673769013615,12.962027103831955,23.83776784408595,18.86,16.02,0,0,18.86,15.14,0,0,-0.6425233644859807,0.47253396337862874,Uptrend
2024-04-22 16:00:00,16.28,16.66,16.28,16.39,947,16,0,29.295774647887356,925.0,1.0237837837837838,0,0.45999999999999985,2.806589383770591,17.284,-5.1724137931034395,16.7244,-1.9994738226782347,16.17015,1.3596039616206468,0,0,18.47490235580104,16.09309764419896,13.780402173120107,23.51573734649366,18.86,16.02,0,0,18.86,15.14,0,0,-3.6449147560258743,-3.0177514792899296,Uptrend
2024-04-22 20:00:00,16.39,16.39,16.26,16.34,307,16,0,27.065527065527107,923.6,0.33239497618016456,0,0.45642857142857124,2.7933205105787713,17.22,-5.110336817653885,16.7392,-2.384821257885684,16.165399999999998,1.0800846251871383,0,0,18.470936491298815,15.969063508701183,14.528879109161627,23.603750020318696,18.86,16.02,0,1,18.86,15.17,0,0,-0.3050640634533308,-4.556074766355146,Uptrend
2024-04-23 16:00:00,16.33,16.69,16.31,16.63,1322,16,0,30.054644808743163,929.8,1.4218111421811144,0,0.41857142857142854,2.5169658964006527,17.1545,-3.0575067766475255,16.750600000000002,-0.7199742098790678,16.1627,2.891224857233,0,0,18.383696999328315,15.925303000671684,14.330898590204496,23.874441630296026,18.86,16.02,0,0,18.86,15.19,0,0,1.7747858017135743,-2.2339800117578044,Uptrend
2024-04-23 20:00:00,16.62,16.65,16.53,16.61,470,16,0,32.544378698224875,932.95,0.5037783375314862,0,0.3935714285714284,2.369484819815945,17.089000000000002,-2.8029726724793886,16.765,-0.9245451834178415,16.15995,2.7849714881543632,0,0,18.2856250786889,15.892374921311106,14.00462377773885,25.02511485003151,18.86,16.02,0,0,18.86,15.41,0,0,-0.12026458208057589,1.3422818791946238,Uptrend
2024-04-24 16:00:00,16.46,16.5,16.28,16.32,783,16,0,35.36977491961416,909.8,0.860628709606507,0,0.36214285714285693,2.2190126050420154,17.0165,-4.09308612229307,16.777,-2.7239673362341343,16.1582,1.0013491601787297,0,0,18.215100499705628,15.817899500294374,14.087509178804419,26.9735964759325,18.86,16.02,0,1,18.86,15.41,0,0,-1.7459361830222675,-0.12239902080783092,Uptrend
2024-04-24 20:00:00,16.32,16.44,16.32,16.43,310,16,0,36.392405063291164,890.45,0.34813858161603684,0,0.3557142857142855,2.1650291279019203,16.947,-3.0506874373045347,16.790399999999998,-2.1464646464646377,16.156699999999997,1.6915583008906683,0,0,18.11010111792834,15.783898882071657,13.726336436281844,28.938933568560422,18.86,16.02,0,0,18.86,15.41,0,0,0.6740196078431238,-1.2026458208057684,Uptrend
2024-04-25 16:00:00,16.51,16.76,16.34,16.71,1631,16,0,54.372623574144484,918.05,1.776591688905833,0,0.29499999999999993,1.7654099341711544,16.889499999999998,-1.0627904911335286,16.814,-0.6185321755679744,16.15795,3.4165844058188157,0,0,17.97357564311714,15.805424356882856,12.8372733724165,28.1136034365076,18.86,16.02,0,0,18.86,15.41,0,0,1.7041996348143629,0.6020469596628623,Uptrend
2024-04-25 20:00:00,16.71,17.14,16.68,16.99,794,16,0,60.424028268551226,936.75,0.8476114224713104,0,0.3064285714285714,1.8035819389556882,16.8415,0.8817504379063534,16.8452,0.8595920499608201,16.1599,5.136789212804523,0,0,17.80631849942979,15.87668150057021,11.4576314393586,28.13926255511688,18.86,16.02,0,0,18.86,15.41,0,0,1.6756433273488858,4.105392156862734,Uptrend
2024-04-26 16:00:00,17.1,17.11,16.83,17.05,918,16,0,59.12408759124087,871.8,1.0529938059187887,0,0.29857142857142854,1.7511520737327189,16.7895,1.5515649661991149,16.871599999999997,1.0573982313473735,16.163899999999998,5.4819690792445055,0,0,17.564408483560854,16.014591516439147,9.230870288702505,28.226363888479426,18.11,16.02,0,0,18.86,15.41,0,0,0.35314891112421254,3.7735849056603836,Uptrend
2024-04-26 20:00:00,17.04,17.07,16.99,17.0,254,16,0,56.98529411764704,848.95,0.2991931209140703,0,0.2892857142857146,1.7016806722689095,16.75,1.4925373134328357,16.900199999999998,0.5905255559105922,16.1675,5.1492191124168825,0,0,17.376502404750166,16.123497595249834,7.480625728360193,28.31346522184197,17.7,16.02,0,0,18.86,15.43,0,0,-0.2932551319648091,1.7354877318970625,Uptrend
2024-04-29 16:00:00,17.05,17.36,16.85,17.32,703,16,0,57.14285714285714,805.85,0.8723707886083018,0,0.30071428571428604,1.7362256680963397,16.7545,3.3752126294428373,16.9372,2.2601138322745173,16.17175,7.100344736964156,0,0,17.39661738556276,16.11238261443724,7.665014002957525,27.426025901453617,17.41,16.02,1,0,18.86,15.43,0,0,1.8823529411764683,1.94231901118306,Uptrend
2024-04-29 20:00:00,17.32,17.34,17.15,17.24,324,16,0,56.11510791366905,790.25,0.40999683644416324,0,0.3050000000000002,1.7691415313225072,16.752000000000002,2.9130850047755246,16.9688,1.5982273348733957,16.17115,6.609610324559463,0,0,17.385672669942004,16.118327330058,7.565337511246432,26.62548577799683,17.36,16.02,1,0,18.86,15.43,0,0,-0.46189376443419583,1.1143695014662622,Uptrend
2024-04-30 16:00:00,16.83,16.99,16.7,16.7,1161,16,0,43.225806451612875,756.2,1.5353081195450937,0,0.32214285714285723,1.9289991445680075,16.762999999999998,-0.37582771580265373,16.9916,-1.7161420937404308,16.16625,3.301631485347546,0,0,17.38430931359327,16.141690686406726,7.412865401100905,26.123024177126492,17.36,16.21,0,0,18.86,15.43,0,0,-3.132250580046403,-1.7647058823529453,Uptrend
2024-04-30 20:00:00,16.7,16.77,16.52,16.55,401,16,0,42.67515923566877,724.25,0.5536762167759751,0,0.32428571428571445,1.959430297798879,16.770500000000002,-1.3148087415402119,17.0138,-2.726022405341541,16.16105,2.4067124351450015,0,0,17.376799387570422,16.164200612429582,7.2305463471025915,26.066662211914807,17.36,16.26,0,1,18.86,15.43,0,0,-0.8982035928143617,-4.445727482678982,Uptrend
2024-05-01 16:00:00,16.35,16.6,16.14,16.26,1315,16,0,47.68683274021354,726.8,1.8093010456796919,0,0.3050000000000002,1.8757687576875781,16.756,-2.9601336834566645,17.024,-4.487781954887214,16.154600000000002,0.6524457430081801,0,0,17.39736039626296,16.11463960373704,7.655292387956085,24.49919613596992,17.36,16.14,0,1,18.86,15.43,0,0,-1.7522658610271802,-5.684454756380493,Uptrend
2024-05-01 20:00:00,16.26,16.66,16.19,16.28,2060,16,0,48.92086330935254,799.65,2.576127055586819,1,0.3292857142857145,2.022639522639524,16.738999999999997,-2.7420992890853464,17.0306,-4.407360868084498,16.148850000000003,0.8121321332478664,0,0,17.412745227499823,16.06525477250017,8.050005705237178,22.48784364406821,17.36,16.14,0,1,18.86,15.62,0,0,0.12300123001229846,-2.5149700598802287,Uptrend
2024-05-02 16:00:00,16.26,16.5,16.09,16.37,1087,16,0,44.96124031007756,808.25,1.344880915558305,0,0.33142857142857146,2.024609477266777,16.711,-2.0405720782717824,17.0356,-3.9071121651130443,16.14235,1.410265543740537,0,0,17.39774365093906,16.024256349060938,8.219061108719536,20.325728798129827,17.36,16.09,0,1,18.86,15.73,0,0,0.5528255528255421,-1.0876132930513578,Uptrend
2024-05-02 20:00:00,16.37,16.6,16.37,16.47,323,16,0,47.36842105263156,808.4,0.3995546759030183,0,0.3392857142857145,2.060022551825832,16.689500000000002,-1.3151981784954825,17.0394,-3.3416669601042384,16.13635,2.06769188819032,0,0,17.378250967140296,16.00074903285971,8.253704031160835,18.24318842512127,17.36,16.09,0,0,18.86,15.95,0,0,0.6108735491753059,1.2915129151291345,Uptrend
2024-05-03 16:00:00,16.4,16.5,16.25,16.37,1269,16,0,51.01214574898787,836.9,1.516310192376628,0,0.33357142857142896,2.037699624749108,16.652,-1.6934902714388662,17.0352,-3.904855827932743,16.12795,1.500810704398281,0,0,17.32351360843667,15.980486391563332,8.065260730683029,16.332208979579608,17.36,16.09,0,1,18.86,16.02,0,0,-0.6071645415907545,0.5528255528255519,Uptrend
2024-05-03 20:00:00,16.37,16.38,16.24,16.37,326,16,0,48.72881355932206,835.25,0.39030230469919186,0,0.33500000000000035,2.0464263897373263,16.62,-1.5042117930204573,17.0316,-3.884544024049413,16.1197,1.5527584260252938,0,0,17.28058984806631,15.959410151933692,7.949336318487468,14.446997416948685,17.36,16.09,0,1,18.86,16.02,0,0,0.0,0.0,Uptrend
2024-05-06 16:00:00,16.71,16.76,16.54,16.62,656,16,0,48.06866952789699,820.7,0.7993176556598026,0,0.33285714285714313,2.002750558707239,16.6315,-0.06914589784444017,17.0302,-2.4086622588108164,16.112650000000002,3.1487682038646576,0,0,17.28317880367382,15.979821196326178,7.83668104108254,13.640323395988945,17.36,16.09,0,0,18.86,16.02,0,0,1.5271838729383092,0.9107468123861696,Uptrend
2024-05-06 20:00:00,16.62,16.64,16.53,16.58,262,16,0,40.19138755980861,818.45,0.320117294886676,0,0.307857142857143,1.8567982078235405,16.6435,-0.38153032715475244,17.0264,-2.621810834938687,16.1071,2.9359723351813747,0,0,17.28126831298872,16.00573168701128,7.66387253869341,13.315625743047004,17.36,16.09,0,0,18.86,16.02,0,0,-0.2406738868832914,1.2828344532681568,Uptrend
2024-05-07 16:00:00,16.5,16.64,16.45,16.56,569,16,0,38.04878048780482,780.8,0.7287397540983607,0,0.3014285714285716,1.8202208419599735,16.64,-0.4807692307692419,17.0202,-2.7038460182606574,16.1004,2.854587463665488,0,0,17.278847646774505,16.001152353225496,7.678457292962793,13.729353503863921,17.36,16.09,0,0,18.86,16.02,0,0,-0.12062726176115257,1.1606597434330954,Uptrend
2024-05-07 20:00:00,16.55,16.67,16.51,16.67,240,16,0,42.180094786729896,769.3,0.3119719225269726,0,0.3071428571428572,1.8424886451281173,16.643,0.16223036712131841,17.011599999999998,-2.008041571633451,16.0943,3.577042803974085,0,0,17.281817987420894,16.004182012579108,7.676716786888097,14.025522018552824,17.36,16.09,0,0,18.86,16.02,0,0,0.6642512077294827,0.3008423586040957,Uptrend
2024-05-08 16:00:00,16.6,16.79,16.49,16.66,600,16,0,31.66666666666667,760.15,0.7893178977833323,0,0.29214285714285737,1.7535585662836577,16.66,0.0,16.9996,-1.9976940633897315,16.08595,3.5686422001809013,0,0,17.280458234736617,16.039541765263383,7.448478208122652,15.108767816872149,17.36,16.09,0,0,18.86,16.02,0,0,-0.05998800239952473,0.48250904704464326,Uptrend
2024-05-08 20:00:00,16.66,16.66,16.57,16.63,284,16,0,32.5714285714286,758.85,0.37425051064110165,0,0.28500000000000014,1.7137702946482272,16.669999999999998,-0.23995200959807528,16.985400000000002,-2.0923852249579227,16.07865,3.429081421636763,0,0,17.281228271597318,16.05877172840268,7.333272604646904,16.192013615191478,17.36,16.09,0,0,18.86,16.02,0,0,-0.18007202881152873,0.4227053140096636,Uptrend
2024-05-09 16:00:00,16.78,16.97,16.72,16.86,746,16,0,55.55555555555556,714.6,1.0439406661069128,0,0.2707142857142859,1.605660057617354,16.677500000000002,1.0942887123369656,16.977,-0.689167697473057,16.0727,4.898368040217252,0,0,17.29444920033121,16.060550799668793,7.398581326112538,16.034145635634026,17.36,16.09,0,0,18.86,16.02,0,0,1.3830426939266394,1.139772045590868,Uptrend
2024-05-09 20:00:00,16.85,17.05,16.84,16.94,346,16,0,64.23357664233575,692.2,0.49985553308292396,0,0.2678571428571431,1.5812109967954138,16.675,1.5892053973013527,16.9698,-0.17560607667738012,16.0669,5.434153445904318,0,0,17.287002751971674,16.062997248028328,7.340362842238955,16.50394429335213,17.36,16.09,0,0,18.86,16.02,0,0,0.47449584816134927,1.68067226890757,Uptrend
2024-05-10 16:00:00,17.08,17.15,16.92,16.99,730,16,0,82.300884955752,682.8,1.0691271236086703,0,0.2514285714285714,1.4798621037585133,16.672,1.9073896353166857,16.9526,0.22061512688318075,16.059649999999998,5.793090135837336,0,0,17.276808799713077,16.067191200286924,7.255383873717328,20.10866643079903,17.36,16.09,0,0,18.86,16.02,0,0,0.2951593860684554,2.1647624774503873,Uptrend
2024-05-10 20:00:00,16.99,16.99,16.83,16.83,270,16,0,71.65354330708645,683.6,0.3949678174370977,0,0.22928571428571434,1.36236312706901,16.6635,0.9991898460707487,16.934,-0.6141490492500458,16.05175,4.848381017646051,0,0,17.253496431746438,16.07350356825356,7.081302628456673,23.15851980323299,17.36,16.09,0,0,18.86,16.02,0,0,-0.9417304296645113,-0.17793594306050498,Uptrend
2024-05-13 16:00:00,16.98,17.05,16.75,16.87,787,16,0,70.49180327868842,687.8,1.1442279732480374,0,0.22142857142857153,1.3125582183080706,16.641,1.3761192236043673,16.918000000000003,-0.28372148008039844,16.04535,5.139495243170152,0,0,17.15501003471656,16.126989965283435,6.177633972917047,25.357135098407618,17.34,16.09,0,0,18.86,16.02,0,0,0.2376708259061333,-0.41322314049586945,Uptrend
2024-05-13 20:00:00,16.87,16.89,16.78,16.85,253,16,0,66.66666666666666,684.25,0.3697478991596639,0,0.21285714285714288,1.2632471386180586,16.6215,1.3747255061215915,16.9026,-0.3111947274383717,16.03945,5.053477519491023,0,0,17.06451716730412,16.17848283269588,5.330652074772074,27.625627654351064,17.15,16.09,1,0,18.86,16.02,0,0,-0.11855364552459946,-0.8240141259564274,Uptrend
2024-05-14 16:00:00,16.89,17.06,16.87,16.94,682,16,0,75.22123893805289,660.3,1.0328638497652582,0,0.20999999999999983,1.239669421487602,16.6335,1.8426669071452173,16.8826,0.3399950244630639,16.0345,5.647198228819108,0,0,17.097953272251488,16.169046727748515,5.584552526545657,31.454735054886992,17.15,16.09,1,0,18.86,16.02,0,0,0.5341246290801127,0.6535947712418478,Uptrend
2024-05-14 20:00:00,16.94,17.06,16.94,17.06,221,16,0,77.59999999999975,651.3,0.33932135728542917,0,0.20857142857142819,1.2225757829509274,16.659,2.4071072693438973,16.8654,1.1538415928468797,16.029700000000002,6.427444056969231,0,0,17.15880627826121,16.159193721738788,6.000435539482694,35.33386246342613,17.15,16.09,1,0,18.86,16.02,0,0,0.7083825265643329,1.1262596324836853,Uptrend
2024-05-15 16:00:00,17.19,17.48,16.96,17.36,886,16,0,78.46153846153823,629.85,1.4066841311423355,0,0.2178571428571424,1.2549374588545068,16.714,3.8650233337322057,16.8572,2.982701753553381,16.0272,8.315863032844158,0,0,17.268081506449473,16.159918493550524,6.63014845577928,39.4601127225244,17.48,16.09,1,0,18.86,16.02,0,0,1.7584994138335253,3.026706231453994,Uptrend
2024-05-15 20:00:00,17.36,17.46,17.33,17.34,290,16,0,79.68749999999994,541.35,0.5356977925556479,0,0.21928571428571406,1.2646234964574052,16.767000000000003,3.417427088924654,16.8476,2.922671478430162,16.0248,8.207278717987124,0,0,17.348399400720144,16.185600599279862,6.935043844696616,42.328640591052235,17.48,16.09,1,0,18.86,16.02,0,0,-0.11520737327188613,2.3612750885478073,Uptrend
2024-05-16 16:00:00,17.24,17.52,17.21,17.47,648,16,0,82.7338129496402,519.4,1.2475933769734309,0,0.22785714285714245,1.304276719273855,16.822,3.8520984425157514,16.8398,3.7423247306975056,16.0254,9.014439577171226,0,0,17.451405734758755,16.192594265241244,7.483126082020633,44.816105980560565,17.52,16.24,1,0,18.86,16.02,0,0,0.7497116493656142,2.403282532239157,Uptrend
2024-05-16 20:00:00,17.47,17.5,17.4,17.43,246,16,0,78.7878787878787,515.55,0.47716031422752403,0,0.22357142857142825,1.2826817473977525,16.869999999999997,3.3195020746888106,16.8294,3.5687546793112057,16.02625,8.759067155448085,0,0,17.53195881570083,16.208041184299166,7.847763078848034,47.37202974294052,17.52,16.24,1,0,18.86,16.02,0,0,-0.22896393817972704,0.40322580645161454,Uptrend
2024-05-17 16:00:00,17.63,17.76,17.55,17.68,860,16,0,82.69230769230771,495.1,1.7370228236719853,0,0.22571428571428548,1.2766645119586284,16.935499999999998,4.39609105134187,16.8212,5.105462154899762,16.028299999999998,10.304898211288794,0,0,17.646569616844815,16.22443038315518,8.397385572847773,49.83661557727425,17.76,16.24,1,0,18.86,16.02,0,0,1.4343086632243152,1.9607843137254894,Uptrend
2024-05-17 20:00:00,17.67,17.8,17.66,17.8,274,16,0,85.45454545454554,492.5,0.5563451776649746,0,0.2292857142857141,1.2881219903691803,17.006999999999998,4.662785911683442,16.8214,5.817589499090444,16.03085,11.035908888174987,0,0,17.76470012121158,16.249299878788417,8.91045006422745,52.354103019178396,17.8,16.45,1,0,18.86,16.02,0,0,0.6787330316742057,1.8889524899828383,Uptrend
2024-05-20 16:00:00,17.74,17.96,17.66,17.88,718,16,0,84.00000000000007,495.6,1.4487489911218725,0,0.22642857142857128,1.26637903483541,17.07,4.745166959578199,16.834400000000002,6.211091574395266,16.03365,11.515469029197952,0,0,17.898441783997836,16.241558216002165,9.706406373729763,56.59488790823032,17.96,16.45,1,0,18.11,16.02,1,0,0.44943820224718767,2.581755593803783,Uptrend
2024-05-20 20:00:00,17.88,18.01,17.8,17.83,290,16,0,80.27210884353741,497.0,0.5835010060362174,0,0.22642857142857128,1.2699302940469508,17.1325,4.071209689187206,16.8452,5.846175765203144,16.03565,11.189755326413321,0,0,17.993267711192402,16.2717322888076,10.048360848590713,59.735970428194854,18.01,16.45,1,0,18.01,16.02,1,0,-0.2796420581655523,0.8484162895927522,Uptrend
2024-05-21 16:00:00,17.65,17.84,17.63,17.68,588,16,0,71.97452229299373,497.95,1.1808414499447737,0,0.22500000000000014,1.272624434389141,17.188499999999998,2.859469994473061,16.8692,4.80639271571859,16.0355,10.255370895824893,0,0,18.038101144810305,16.33889885518969,9.885692699308347,59.01989452414908,18.01,16.49,1,0,18.01,16.02,1,0,-0.841278743690399,-0.674157303370792,Uptrend
2024-05-21 20:00:00,17.68,17.73,17.64,17.71,231,16,0,80.55555555555569,497.5,0.464321608040201,0,0.22000000000000014,1.2422360248447213,17.2405,2.7232388851831444,16.8954,4.8214306852752955,16.03595,10.439356570705204,0,0,18.083763709767208,16.397236290232794,9.782357933554213,59.658679557334686,18.01,16.49,1,0,18.01,16.02,1,0,0.16968325791855143,-0.9507829977628532,Uptrend
2024-05-22 16:00:00,17.44,17.61,17.32,17.43,863,16,0,66.66666666666666,510.65,1.690002937432684,0,0.22642857142857156,1.299073846406033,17.279,0.8738931651137207,16.913,3.056820197481224,16.0361,8.692263081422531,0,0,18.07991789447111,16.47808210552889,9.270419520471194,58.41909194102822,18.01,16.57,0,0,18.01,16.09,0,0,-1.5810276679841917,-2.243409983174417,Uptrend
2024-05-22 20:00:00,17.43,17.46,17.14,17.2,491,16,0,59.25925925925922,521.0,0.9424184261036468,0,0.2414285714285716,1.403654485049835,17.3075,-0.6211180124223701,16.9246,1.6272171868168088,16.0354,7.262681317584844,0,0,18.049584546183272,16.56541545381673,8.575294481389815,56.56251451398104,18.01,16.72,0,0,18.01,16.09,0,0,-1.319563970166382,-2.714932126696835,Uptrend
2024-05-23 16:00:00,17.23,17.3,17.03,17.08,1258,16,0,53.64583333333326,546.6,2.30150018294914,1,0.24571428571428605,1.4386082301773189,17.3185,-1.3771400525449775,16.927599999999998,0.9003048276188008,16.0345,6.520315569553131,0,0,18.03885882871322,16.59814117128678,8.318951741931691,52.44996040142699,18.01,16.75,0,1,18.01,16.09,0,0,-0.6976744186046546,-3.557312252964441,Uptrend
2024-05-23 20:00:00,17.07,17.1,16.82,16.86,427,16,0,45.04950495049506,550.65,0.7754471987650958,0,0.25714285714285773,1.5251652262328452,17.314500000000002,-2.624967512778324,16.9268,-0.39464045182787433,16.0324,5.162046855118388,0,0,18.0445317224541,16.584468277545906,8.432605301384351,48.32964560884331,18.01,16.75,0,1,18.01,16.09,0,0,-1.2880562060889833,-3.2702237521514648,Uptrend
2024-05-24 16:00:00,17.02,17.09,16.93,16.95,589,16,0,38.674033149171265,543.6,1.0835172921265637,0,0.2364285714285721,1.394858828487151,17.3125,-2.0938628158844805,16.9234,0.15717881749529292,16.0323,5.724069534626971,0,0,18.046483364216922,16.578516635783078,8.47923020033989,46.030477533970085,18.01,16.75,0,1,18.01,16.09,0,0,0.5338078291814874,-1.4534883720930232,Uptrend
2024-05-24 20:00:00,16.95,16.98,16.93,16.94,208,16,0,38.88888888888891,540.5,0.38482886216466233,0,0.23071428571428626,1.3619497385731183,17.318,-2.182700080840744,16.921999999999997,0.10637040538945892,16.03155,5.6666385970165205,0,0,18.038280647057892,16.59771935294211,8.318289029424767,43.6560662309874,18.01,16.75,0,1,18.01,16.09,0,0,-0.058997050147480135,-0.8196721311475237,Uptrend
2024-05-28 16:00:00,17.09,17.3,16.97,17.25,756,16,0,44.444444444444464,538.95,1.402727525744503,0,0.23428571428571487,1.3581780538302313,17.337,-0.5018169233431375,16.9392,1.8347973930291892,16.03015,7.6097229283568835,0,0,18.026930583846035,16.647069416153965,7.959053859906962,39.80896668681386,18.01,16.78,0,0,18.01,16.09,0,0,1.8299881936245432,2.3131672597864803,Uptrend
2024-05-28 20:00:00,17.25,17.38,17.19,17.36,361,16,0,48.29268292682926,544.35,0.6631762652705061,0,0.24071428571428605,1.3866030283080995,17.3625,-0.014398848092159994,16.9596,2.360904738319307,16.0291,8.303023875326748,0,0,18.013228336881735,16.711771663118267,7.495790777615366,35.68377641050964,18.01,16.82,0,0,18.01,16.09,0,0,0.6376811594202891,2.4188790560471984,Uptrend
2024-05-29 16:00:00,17.13,17.2,16.93,16.95,565,16,0,33.48416289592757,538.5,1.0492107706592386,0,0.24785714285714303,1.462284028655711,17.363,-2.378621206012787,16.965999999999998,-0.09430625957796912,16.03255,5.72242094988008,0,0,18.01237540841369,16.71362459158631,7.479990881917751,33.163905304172374,18.01,16.82,0,1,18.01,16.09,0,0,-2.361751152073732,0.05903187721368365,Uptrend
2024-05-29 20:00:00,16.95,16.97,16.83,16.84,291,16,0,28.181818181818116,542.0,0.5369003690036901,0,0.24785714285714303,1.4718357651849348,17.351999999999997,-2.9506685108344683,16.9706,-0.7695661909419887,16.03725,5.005533991176789,0,0,18.029816929172988,16.674183070827006,7.812551050864351,31.0322864954358,18.01,16.82,0,1,18.01,16.09,0,0,-0.6489675516224147,-2.3768115942028993,Uptrend
2024-05-30 16:00:00,16.98,17.1,16.91,17.1,637,16,0,33.6134453781513,529.55,1.2029081295439525,0,0.24500000000000025,1.432748538011697,17.339,-1.3783955245400383,16.9862,0.6699556110254279,16.0451,6.574592866357952,0,0,18.02608078127671,16.651919218723286,7.925264216814264,29.265302689402322,18.01,16.82,0,1,18.01,16.09,0,0,1.5439429928741255,-1.497695852534551,Uptrend
2024-05-30 20:00:00,17.1,17.12,16.97,17.03,222,16,0,33.333333333333385,526.15,0.4219329088662929,0,0.24071428571428605,1.4134720241590488,17.3235,-1.6942303806967305,16.9982,0.1870786318551405,16.0528,6.08741154191169,0,0,18.0243348405181,16.622665159481897,8.09114602150953,27.703167537858867,18.01,16.82,0,1,18.01,16.09,0,0,-0.4093567251462038,0.47197640117995193,Uptrend
2024-05-31 16:00:00,17.06,17.17,16.89,16.96,695,16,0,34.482758620689694,528.5,1.315042573320719,0,0.24571428571428605,1.448787061994611,17.298000000000002,-1.9539831194357784,17.0032,-0.2540698221511174,16.0605,5.600697363095792,0,0,18.01335342755565,16.582646572444354,8.27093799925596,27.00643723283363,18.01,16.82,0,1,18.01,16.09,0,0,-0.41103934233704953,0.7125890736342102,Uptrend
2024-05-31 20:00:00,16.96,17.1,16.96,17.0,332,16,0,34.763948497854045,532.8,0.6231231231231231,0,0.2492857142857147,1.466386554621851,17.276500000000002,-1.600439903915736,17.0034,-0.01999600079983522,16.0682,5.799031627686978,0,0,18.000938802761972,16.552061197238032,8.386407000977858,25.7224909093255,18.01,16.82,0,1,18.01,16.09,0,0,0.2358490566037652,-0.5847953216374352,Uptrend
2024-06-03 16:00:00,17.04,17.44,16.86,17.11,1234,16,0,42.59259259259258,551.5,2.2375339981867635,1,0.26285714285714334,1.536277865909663,17.248,-0.8000927643784883,17.0046,0.6198322806769904,16.07605,6.431617219404026,0,0,17.95010510534193,16.545894894658073,8.141292965467631,23.863709389527035,18.01,16.82,0,1,18.01,16.09,0,0,0.6470588235294006,0.4697592483851925,Uptrend
2024-06-03 20:00:00,17.1,17.35,17.05,17.34,440,16,0,53.24074074074076,559.8,0.7859949982136478,0,0.26142857142857195,1.5076618882847286,17.225,0.6676342525399037,17.011400000000002,1.9316458374971959,16.0851,7.801630080011932,0,0,17.879490561228106,16.570509438771897,7.599309854607894,22.825858351675983,18.01,16.82,0,0,18.01,16.09,0,0,1.3442431326709636,2.240566037735843,Uptrend
2024-06-04 16:00:00,16.83,16.86,16.28,16.38,1354,16,0,38.33333333333333,591.6,2.288708586883029,1,0.31785714285714334,1.9405197976626578,17.15,-4.489795918367345,16.9926,-3.6050986900180106,16.089450000000003,1.8058417161555929,0,0,17.83166977651233,16.468330223487666,7.949501766907674,24.169810566708325,18.01,16.28,0,1,18.01,16.09,0,1,-5.5363321799308025,-3.647058823529418,Uptrend
2024-06-04 20:00:00,16.37,16.5,16.32,16.41,427,16,0,41.992882562277586,598.45,0.7135099005764892,0,0.31071428571428605,1.8934447636458624,17.079,-3.9170911645880935,16.976,-3.334118755890663,16.09385,1.9644149783923697,0,0,17.758253460173563,16.399746539826438,7.9542532955508225,24.93625047600539,17.84,16.28,0,1,18.01,16.09,0,1,0.1831501831501825,-4.091174751607244,Uptrend
2024-06-05 16:00:00,16.39,16.58,16.31,16.53,826,16,0,42.60563380281694,610.35,1.353321864503973,0,0.3135714285714289,1.8969838389076157,17.0215,-2.8875246012396003,16.9726,-2.6077324629108016,16.097900000000003,2.684201044856772,0,0,17.680950329321306,16.362049670678694,7.748439671254658,23.556083024409382,17.73,16.28,0,1,18.01,16.09,0,0,0.7312614259597838,-4.671280276816601,Uptrend
2024-06-05 20:00:00,16.53,16.65,16.52,16.62,250,16,0,44.52054794520548,611.3,0.40896450188123673,0,0.31928571428571445,1.9210933470861276,16.967,-2.045146460776789,16.974,-2.0855425945563755,16.101300000000002,3.2214790110115272,0,0,17.56408414288448,16.36991585711552,7.0381816807270585,21.941848118828908,17.61,16.28,0,0,18.01,16.09,0,0,0.5444646098003547,1.4652014652014775,Uptrend
2024-06-06 16:00:00,16.59,17.11,16.53,17.1,1033,16,0,47.57281553398061,619.8,1.6666666666666667,0,0.3350000000000001,1.9590643274853805,16.9505,0.8819798825993317,16.9908,0.6427007557030939,16.1087,6.15381750234347,0,0,17.510818518438533,16.39018148156147,6.6112329245571715,21.566005474078707,17.46,16.28,0,0,18.01,16.09,0,0,2.8880866425992746,4.204753199268747,Uptrend
2024-06-06 20:00:00,17.1,17.28,17.1,17.24,399,16,0,48.07692307692306,615.2,0.6485695708712613,0,0.3342857142857145,1.9390122638382512,16.952499999999997,1.6959150567762955,17.01,1.3521457965902226,16.11755,6.964147776802286,0,0,17.51683939023278,16.388160609767215,6.657889871497202,21.265253594379455,17.44,16.28,1,0,18.01,16.09,0,0,0.8187134502923854,4.295220810647291,Uptrend
2024-06-07 16:00:00,16.56,16.62,16.19,16.19,1106,16,0,39.89361702127662,607.6,1.8202764976958525,0,0.3785714285714286,2.3383040677666993,16.907999999999998,-4.246510527560898,17.0064,-4.800545676921618,16.121,0.4280131505489897,0,0,17.563072515069816,16.25292748493018,7.748669447241761,20.420817275619008,17.44,16.19,0,1,18.01,16.09,0,1,-6.090487238979103,-2.587244283995185,Uptrend
2024-06-07 20:00:00,16.19,16.21,16.04,16.07,345,16,0,39.787798408488065,603.5,0.5716652858326429,0,0.38071428571428584,2.3690994755089347,16.8685,-4.7336751934078345,16.9984,-5.461690512048192,16.1237,-0.3330501063651593,0,0,17.623421397093356,16.113578602906646,8.950664221399117,19.221030260727485,17.44,16.04,0,1,18.01,16.04,0,1,-0.7411982705373799,-6.023391812865504,Downtrend
2024-06-10 16:00:00,16.07,16.28,16.04,16.26,669,16,0,38.64864864864864,607.5,1.1012345679012345,0,0.37928571428571445,2.332630469161835,16.834,-3.40976594986336,16.996199999999998,-4.331556465562871,16.1274,0.822203206964545,0,0,17.634904751548238,16.03309524845176,9.51532317391277,18.026341592893363,17.44,16.04,0,1,18.01,16.04,0,1,1.1823273179838223,-5.684454756380493,Uptrend
2024-06-10 20:00:00,16.26,16.37,16.2,16.36,287,16,0,41.018766756032136,611.45,0.4693760732684602,0,0.38071428571428584,2.327104435906393,16.805,-2.6480214221957765,16.996,-3.742056954577543,16.131899999999998,1.413968596383571,0,0,17.631342607677396,15.978657392322603,9.834485066080296,16.49003814771324,17.44,16.04,0,1,18.01,16.04,0,1,0.6150061500614923,1.0500308832612608,Uptrend
2024-06-11 16:00:00,16.11,16.19,15.92,15.97,619,16,0,37.777777777777764,604.6,1.0238173999338405,0,0.3921428571428572,2.455496913856338,16.741,-4.605459649961167,16.983,-5.964788317729494,16.13395,-1.016180166667171,0,0,17.618889814450384,15.863110185549617,10.487901731681301,15.873843282670455,17.44,15.92,0,1,18.01,15.92,0,1,-2.3838630806845895,-0.622277535780956,Downtrend
2024-06-11 20:00:00,15.97,16.1,15.92,16.09,256,16,0,38.98305084745761,599.35,0.4271293901726871,0,0.3950000000000001,2.4549409571162215,16.6775,-3.5227102383450677,16.9732,-5.203497278061878,16.1362,-0.28631276260829014,0,0,17.550579848039444,15.804420151960551,10.470152577298114,15.257648417627673,17.44,15.92,0,1,18.01,15.92,0,1,0.7514088916718897,-1.0455104551045615,Downtrend
2024-06-12 16:00:00,16.39,16.41,16.13,16.4,682,16,0,41.801385681293276,605.2,1.1269001982815596,0,0.3764285714285714,2.2952961672473866,16.65,-1.5015015015015016,16.97,-3.358868591632294,16.14015,1.6099602543966454,0,0,17.521586575100084,15.778413424899913,10.469508409610638,16.740899752511055,17.44,15.92,0,0,18.01,15.92,0,0,1.9266625233063994,0.24449877750610727,Uptrend
2024-06-12 20:00:00,16.4,16.47,16.28,16.31,1060,16,0,37.70883054892599,643.65,1.646857764312903,0,0.36857142857142833,2.259788035385827,16.6235,-1.8858844407014241,16.9628,-3.8484212512085425,16.1436,1.0307490274783782,0,0,17.502956171673553,15.744043828326447,10.580878535489553,18.110236602897483,17.44,15.92,0,0,18.01,15.92,0,0,-0.5487804878048785,2.1289918597369946,Uptrend
2024-06-13 16:00:00,16.39,16.42,15.84,15.96,785,16,0,44.13407821229052,651.05,1.2057445664695492,0,0.33428571428571424,2.094522019334049,16.566499999999998,-3.6610026257809256,16.9488,-5.834041348060026,16.14465,-1.1437225334708263,0,0,17.463519039873017,15.669480960126977,10.829312647487638,17.532139116853507,17.44,15.84,0,1,18.01,15.84,0,1,-2.1459227467811037,-0.8079552517091299,Downtrend
2024-06-13 20:00:00,15.96,16.01,15.94,15.99,253,16,0,44.13407821229048,652.6,0.3876800490346307,0,0.32642857142857157,2.0414544804788717,16.5145,-3.1759968512519388,16.936,-5.585734529995275,16.146900000000002,-0.9717035468108555,0,0,17.418932942438747,15.610067057561254,10.953198007069503,17.463526725660483,17.44,15.84,0,1,18.01,15.84,0,1,0.1879699248120259,-2.4999999999999902,Downtrend
2024-06-14 16:00:00,15.93,16.07,15.84,15.9,641,16,0,41.126760563380245,649.9,0.9863055854746885,0,0.3235714285714288,2.0350404312668475,16.461499999999997,-3.4109892780123143,16.9168,-6.010593019956483,16.147550000000003,-1.5330499054036193,0,0,17.380132278530365,15.54286772146963,11.160978993777814,17.877203480031238,17.44,15.84,0,1,18.01,15.84,0,1,-0.5628517823639712,-2.5137952176578686,Downtrend
2024-06-14 20:00:00,15.9,15.95,15.85,15.94,252,16,0,40.285714285714235,645.9,0.3901532745006967,0,0.3214285714285717,2.0164904104678274,16.408499999999997,-2.8552274735655128,16.8968,-5.662610671843186,16.1481,-1.28869650299416,0,0,17.31859022109147,15.498409778908522,11.092911857774613,18.716257345453727,17.44,15.84,0,1,18.01,15.84,0,1,0.2515723270440251,-0.1253132832080285,Downtrend
2024-06-17 16:00:00,15.97,16.08,15.88,16.02,579,16,0,32.58064516129022,613.15,0.9443040039142135,0,0.2942857142857145,1.8369894774389168,16.354,-2.042313807019687,16.8774,-5.080166376337599,16.152099999999997,-0.8178503104859286,0,0,17.216515293533377,15.49148470646662,10.548065226041068,21.01701880527232,17.35,15.84,0,1,18.01,15.84,0,1,0.5018820577164407,0.1876172607879885,Downtrend
2024-06-17 20:00:00,16.02,16.09,15.99,16.05,225,16,0,30.10033444816051,602.4,0.37350597609561753,0,0.28857142857142876,1.7979528259902102,16.2895,-1.4702722612725965,16.8618,-4.814432622851641,16.1556,-0.6536433187253895,0,0,17.02516225087907,15.553837749120932,9.032349070002997,24.16425471112893,17.28,15.84,0,1,18.01,15.84,0,1,0.18726591760300781,0.9433962264150966,Downtrend
2024-06-18 16:00:00,16.06,16.36,16.03,16.32,531,16,0,52.94117647058822,561.25,0.9461024498886415,0,0.2371428571428574,1.4530812324929987,16.2865,0.20569183065729338,16.8508,-3.149998813112726,16.161649999999998,0.979788573567688,0,0,17.021096917757614,15.551903082242388,9.020930436344369,22.861826406401686,17.28,15.84,0,0,18.01,15.84,0,0,1.6822429906542036,2.383939774153079,Uptrend
2024-06-18 20:00:00,16.32,16.41,16.27,16.32,288,16,0,55.98086124401916,554.3,0.5195742377773769,0,0.23500000000000018,1.439950980392158,16.282,0.23338656184744044,16.8402,-3.0890369473046584,16.167749999999998,0.9416894744166767,0,0,17.01451118187983,15.549488818120171,8.997803487038805,22.243353649852136,17.28,15.84,0,0,18.01,15.84,0,0,0.0,1.8726591760299671,Uptrend
2024-06-20 16:00:00,16.4,17.06,16.4,16.93,854,16,0,63.346613545816744,555.7,1.536800431887709,0,0.27071428571428563,1.5990211796472868,16.302,3.8522880628143796,16.84,0.5344418052256524,16.17735,4.6524925281334655,0,0,17.083243273655274,15.520756726344723,9.584631010370204,22.949817420029184,17.28,15.84,0,0,18.01,15.84,0,0,3.7377450980392135,5.482866043613701,Uptrend
2024-06-20 20:00:00,16.92,16.97,16.8,16.88,372,16,0,60.569105691056926,561.8,0.6621573513705946,0,0.2707142857142854,1.6037576167907903,16.315,3.46307079374807,16.8364,0.25896272362261447,16.18695,4.281535434408579,0,0,17.12658713901254,15.503412860987464,9.948968912197827,23.657778823664753,17.28,15.84,0,0,18.01,15.84,0,0,-0.2953337271116352,3.4313725490195996,Uptrend
2024-06-21 16:00:00,16.81,16.81,16.37,16.57,906,16,0,62.60504201680675,555.45,1.6311099108830676,0,0.2757142857142853,1.663936546253985,16.2885,1.7282131565214798,16.8206,-1.4898398392447274,16.195249999999998,2.3139500779549707,0,0,17.023125575951546,15.553874424048454,9.02017467478953,23.36149457291264,17.28,15.84,0,0,18.01,15.84,0,0,-1.836492890995256,1.531862745098039,Uptrend
2024-06-21 20:00:00,16.57,16.57,16.45,16.48,324,16,0,58.29787234042556,551.7,0.5872756933115824,0,0.27142857142857096,1.6470180305131734,16.250500000000002,1.4122642380234331,16.8034,-1.924610495494956,16.2033,1.7076768312627784,0,0,16.8427117331176,15.658288266882405,7.288535529584905,23.065210322160535,17.06,15.84,0,0,18.01,15.84,0,0,-0.5431502715751324,-2.658003544004721,Uptrend
2024-06-24 16:00:00,16.65,16.69,16.5,16.57,535,16,0,53.990610328638546,523.15,1.0226512472522222,0,0.2635714285714282,1.5906543667557524,16.2695,1.8470143520083564,16.7854,-1.2832580695127846,16.21215,2.2072951459245016,0,0,16.877706163107664,15.661293836892337,7.4766423443580114,22.391159365443034,17.06,15.84,0,0,18.01,15.84,0,0,0.5461165048543659,-1.8364928909952534,Uptrend
2024-06-24 20:00:00,16.57,16.71,16.56,16.64,243,16,0,57.819905213270204,518.05,0.4690666924042081,0,0.2607142857142856,1.5667925824175817,16.298,2.098416983678993,16.7696,-0.772827020322488,16.22155,2.579593195471456,0,0,16.920105085047645,15.675894914952352,7.634127930392031,21.769525104864464,17.06,15.84,0,0,18.01,15.84,0,0,0.4224502112251116,0.4224502112251073,Uptrend
2024-06-25 16:00:00,16.52,16.7,16.5,16.54,632,16,0,65.59139784946233,516.2,1.2243316543975202,0,0.2335714285714283,1.4121609949904976,16.312,1.3977439921530037,16.746799999999997,-1.2348627797549245,16.231199999999998,1.9025087485829855,0,0,16.943042579262396,15.680957420737606,7.737157666287336,23.370301238747548,17.06,15.84,0,0,18.01,15.84,0,0,-0.6009615384615419,0.36407766990290485,Uptrend
2024-06-25 20:00:00,16.54,16.6,16.49,16.51,245,16,0,63.97849462365597,514.1,0.4765609803540167,0,0.2364285714285712,1.4320325343947375,16.319499999999998,1.1673151750972988,16.721,-1.2618862508223103,16.2408,1.6575538150830096,0,0,16.956482194248395,15.6825178057516,7.806393507747145,24.919508660273827,17.06,15.84,0,0,18.01,15.84,0,0,-0.1813784764207793,-0.3621001810500828,Uptrend
2024-06-26 16:00:00,16.37,16.71,16.36,16.63,654,16,0,69.31216931216932,515.85,1.2678104100029077,0,0.24499999999999986,1.4732411304870707,16.3525,1.696988228099678,16.695999999999998,-0.39530426449448347,16.250449999999997,2.3356276287733686,0,0,16.98158036470961,15.723419635290385,7.6939962049792125,26.210325067682657,17.06,15.84,0,0,18.01,15.84,0,0,0.7268322228952018,-0.060096153846163236,Uptrend
2024-06-26 20:00:00,16.63,16.75,16.61,16.72,252,16,0,70.10309278350518,515.65,0.488703578008339,0,0.24785714285714278,1.4823991797676006,16.384,2.050781249999991,16.6738,0.2770814091568743,16.26075,2.824285472687282,0,0,17.020781380314943,15.747218619685057,7.773210208922646,27.39894734640504,17.06,15.84,1,0,18.01,15.84,0,0,0.541190619362597,1.0882708585247867,Uptrend
2024-06-27 16:00:00,16.9,16.94,16.74,16.8,594,16,0,70.1030927835052,511.25,1.1618581907090464,0,0.24928571428571455,1.4838435374149674,16.404,2.414045354791519,16.656200000000002,0.8633421788883346,16.274549999999998,3.2286607002958787,0,0,17.067464590734055,15.740535409265947,8.089058653182809,27.682722093413673,17.06,15.84,1,0,18.01,15.84,0,0,0.4784688995215447,1.7565112053300975,Uptrend
2024-06-27 20:00:00,16.8,16.87,16.75,16.76,246,16,0,68.20512820512826,470.55,0.5227924768887472,0,0.25071428571428606,1.495908625980227,16.426499999999997,2.0302559887986145,16.6372,0.7381049695862378,16.2879,2.898470643852191,0,0,17.106848981657286,15.746151018342708,8.283553790001392,27.351420253491135,17.06,15.84,1,0,17.84,15.84,0,0,-0.23809523809523725,0.7817197835237677,Uptrend
2024-06-28 16:00:00,16.86,16.9,16.65,16.69,500,16,0,60.57142857142862,456.3,1.0957703265395573,0,0.2450000000000005,1.467944877171962,16.463,1.3788495413958592,16.6224,0.4066801424583834,16.30175,2.381646142285355,0,0,17.115738361383066,15.810261638616936,7.929762028586103,29.009950639322803,17.06,15.84,0,0,17.73,15.84,0,0,-0.417661097852029,-0.17942583732055972,Uptrend
2024-06-28 20:00:00,16.69,16.72,16.5,16.59,287,16,0,57.2972972972973,458.0,0.6266375545851528,0,0.25071428571428606,1.5112374063549492,16.493000000000002,0.5881282968531968,16.6102,-0.12161202152893469,16.3147,1.6874352577736733,0,0,17.10828256238816,15.877717437611846,7.461135783522174,29.111809564711145,17.06,15.84,0,0,17.61,15.84,0,0,-0.5991611743559111,-1.250000000000005,Uptrend
2024-07-01 16:00:00,16.65,16.75,16.49,16.51,520,16,0,34.09090909090912,451.95,1.1505697532912933,0,0.21642857142857203,1.3108938305788735,16.523500000000002,-0.08170181862196574,16.5988,-0.5349784321758145,16.32525,1.1316825163473825,0,0,17.07184775750237,15.975152242497634,6.637186522254572,28.498545277977485,17.06,15.85,0,0,17.46,15.84,0,0,-0.4822182037371836,-1.4916467780429594,Uptrend
2024-07-01 20:00:00,16.51,16.56,16.46,16.48,207,16,0,34.61538461538463,449.7,0.46030687124749836,0,0.211428571428572,1.282940360610267,16.550500000000003,-0.4259690039576004,16.5912,-0.6702348232798121,16.334950000000003,0.8879733332516944,0,0,17.026247611106626,16.07475238889338,5.749042157114566,28.178468326834835,17.06,15.88,0,0,17.44,15.84,0,0,-0.181708055723806,-1.2582384661473986,Uptrend
2024-07-02 16:00:00,16.51,16.61,16.33,16.36,687,16,0,40.5405405405405,455.1,1.5095583388266314,0,0.19500000000000078,1.1919315403423032,16.5675,-1.2524520899351113,16.5794,-1.3233289503842134,16.34335,0.10187629831092462,0,0,16.98404594742448,16.150954052575518,5.028470770176324,26.733480862289262,17.06,15.99,0,0,17.44,15.84,0,0,-0.728155339805836,-1.386377335744427,Uptrend
2024-07-02 20:00:00,16.36,16.54,16.34,16.53,238,16,0,52.10084033613448,455.75,0.5222161272627537,0,0.20071428571428637,1.21424250280875,16.5915,-0.37067172950003785,16.5712,-0.24862411895336428,16.353099999999998,1.081752083702805,0,0,16.93061805117325,16.25238194882675,4.087852830343868,25.288493397743682,17.06,16.03,0,0,17.44,15.84,0,0,1.0391198044009897,0.12113870381586658,Uptrend
2024-07-03 16:00:00,16.89,17.27,16.89,17.23,790,16,0,68.33333333333333,468.7,1.685513121399616,0,0.23857142857142907,1.3846281402868779,16.637,3.5643445332692187,16.570800000000002,3.9780819272455066,16.36605,5.278915804363295,0,0,17.057230513183516,16.216769486816485,5.051758287954743,26.394837792265417,17.27,16.27,1,0,17.44,15.84,1,0,4.2347247428917045,4.550970873786408,Uptrend
2024-07-05 16:00:00,17.52,17.69,17.4,17.51,850,16,0,71.64179104477613,496.8,1.710950080515298,0,0.2607142857142861,1.488945092600149,16.6965,4.872278621267938,16.573800000000002,5.648674413833878,16.38035,6.896372788127247,0,0,17.245116441605553,16.147883558394447,6.571634074273685,28.482828038150398,17.69,16.33,1,0,17.69,15.84,1,0,1.6250725478816008,7.029339853300747,Uptrend
2024-07-05 20:00:00,17.5,17.52,17.34,17.35,307,16,0,69.5652173913044,469.45,0.6539567579081904,0,0.25928571428571473,1.4944421572663673,16.717499999999998,3.783460445640819,16.5818,4.63279016753308,16.39485,5.825914845210536,0,0,17.3319531158509,16.103046884149094,7.351016789004376,28.92921427401031,17.69,16.33,1,0,17.69,15.84,1,0,-0.913763563677894,4.960677555958863,Uptrend
2024-07-08 16:00:00,17.2,17.37,17.02,17.16,897,16,0,64.57399103139008,495.7,1.809562235222917,0,0.27642857142857175,1.6108891108891128,16.7315,2.561037563876518,16.5882,3.4470286106991694,16.407249999999998,4.587910832101678,0,0,17.37367639813039,16.089323601869612,7.676256141175488,28.16560274326926,17.69,16.33,0,0,17.69,15.84,0,0,-1.0951008645533222,-0.4062681369704021,Uptrend
2024-07-08 20:00:00,17.16,17.32,17.14,17.3,392,16,0,64.88888888888889,470.0,0.8340425531914893,0,0.2642857142857145,1.5276630883567313,16.768,3.1727099236641223,16.592200000000002,4.265859861862796,16.422050000000002,5.3461656735912895,0,0,17.453077022177588,16.082922977822413,8.1712431080342,27.69757326336819,17.69,16.33,0,0,17.69,15.84,0,0,0.8158508158508271,-1.1993146773272463,Uptrend
2024-07-09 16:00:00,17.25,17.46,17.18,17.41,676,16,0,65.19823788546253,487.6,1.3863822805578343,0,0.2742857142857145,1.5754492491999685,16.8145,3.5415861310178793,16.599800000000002,4.880781696165003,16.4376,5.915705455784302,0,0,17.5421920979876,16.0868079020124,8.655530619258373,27.34924175070253,17.69,16.33,1,0,17.69,15.84,1,0,0.6358381502890031,0.34582132564840756,Uptrend
2024-07-09 20:00:00,17.41,17.45,17.29,17.36,274,16,0,62.49999999999994,474.55,0.5773891054683384,0,0.2700000000000001,1.5552995391705076,16.854,3.0022546576480376,16.6078,4.529197124242816,16.451800000000002,5.520368591886585,0,0,17.61098571216434,16.09701428783566,8.98286118623876,26.460656651591112,17.69,16.33,1,0,17.69,15.84,1,0,-0.28719126938541173,1.1655011655011613,Uptrend
2024-07-10 16:00:00,17.63,17.78,17.56,17.68,722,16,0,68.25396825396817,498.5,1.448345035105316,0,0.29142857142857154,1.6483516483516492,16.906,4.578256240388034,16.6214,6.368897926769095,16.4669,7.366899659316574,0,0,17.740049096118884,16.071950903881113,9.866900462781091,26.270357819987932,17.78,16.33,1,0,17.78,15.84,1,0,1.8433179723502224,2.1965317919075087,Uptrend
2024-07-10 20:00:00,17.68,17.72,17.59,17.71,322,16,0,70.56451612903219,483.0,0.6666666666666666,0,0.2828571428571429,1.5971606033717838,16.964499999999997,4.394470806684568,16.6334,6.472519148219841,16.483050000000002,7.443707323583915,0,0,17.85282130270639,16.076178697293606,10.47270833453849,27.47924343609007,17.78,16.33,1,0,17.78,15.84,1,0,0.16968325791855143,1.7231476163124684,Uptrend
2024-07-11 16:00:00,18.07,18.09,17.76,17.93,1099,18,0,75.76923076923072,525.7,2.090545938748335,1,0.2942857142857144,1.6413034817942798,17.0355,5.2507998004167815,16.6452,7.718741739360301,16.499850000000002,8.667654554435329,0,0,17.99500590354996,16.07599409645004,11.264781233893462,30.64279893462537,18.09,16.33,1,0,18.09,15.84,1,0,1.2422360248447228,3.2834101382488496,Uptrend
2024-07-11 20:00:00,17.92,18.07,17.9,18.04,386,18,0,79.08745247148278,512.3,0.7534647667382394,0,0.2878571428571429,1.595660437123852,17.106,5.460072489185066,16.6784,8.16385264773599,16.51755,9.217165984059376,0,0,18.14404269256076,16.067957307439244,12.136591752142616,33.04737110663941,18.09,16.33,1,0,18.09,15.84,1,0,0.6134969325153339,2.036199095022621,Uptrend
2024-07-12 16:00:00,17.91,18.33,17.89,18.32,813,18,0,81.94444444444437,540.35,1.5045803645785139,0,0.3121428571428572,1.7038365564566442,17.186,6.5983940416618205,16.7166,9.591663376523938,16.537,10.78188305013002,0,0,18.339035353454356,16.032964646545643,13.418309710861823,35.6968832577546,18.33,16.33,1,0,18.33,15.84,1,0,1.55210643015522,3.444381705251267,Uptrend
2024-07-12 20:00:00,18.32,18.47,18.29,18.42,278,18,0,86.01398601398597,524.55,0.529978076446478,0,0.305,1.6558089033659062,17.267000000000003,6.677477268778587,16.754399999999997,9.941269159146286,16.55795,11.245655410241001,0,0,18.52837936194337,16.005620638056637,14.610289708036897,40.65853377205391,18.47,16.33,1,0,18.47,15.84,1,0,0.5458515283842891,2.732849972113787,Uptrend
2024-07-15 16:00:00,18.34,18.53,18.21,18.44,1230,18,0,85.23985239852394,573.75,2.1437908496732025,1,0.3135714285714286,1.7004958165478774,17.351000000000003,6.276295314391092,16.7908,9.822045405817475,16.5789,11.225714613152865,0,0,18.69149323208398,16.010506767916024,15.451480976127934,45.32488236741872,18.53,16.33,1,0,18.53,15.84,1,0,0.10857763300760048,2.2172949002217415,Uptrend
2024-07-15 20:00:00,18.43,18.45,18.27,18.27,594,18,0,73.85321100917422,578.45,1.0268821851499697,0,0.2735714285714287,1.497380561419971,17.43,4.8192771084337345,16.8142,8.658157985512245,16.597,10.080134964150137,0,0,18.79252088347097,16.06747911652903,15.634204055891807,47.12556048903622,18.53,16.33,1,0,18.53,15.84,1,0,-0.9219088937093334,-0.27292576419214365,Uptrend
2024-07-16 16:00:00,18.31,19.09,18.29,19.04,1154,18,0,78.65168539325833,621.8,1.8559022193631394,0,0.2992857142857144,1.5718787515006007,17.552500000000002,8.474576271186423,16.8502,12.995691445798851,16.61935,14.565250746870353,0,0,19.032512446604766,16.072487553395238,16.863836451841777,48.32925380891214,19.09,16.33,1,0,19.09,15.84,1,0,4.214559386973171,3.365906623235599,Uptrend
2024-07-16 20:00:00,19.04,19.18,19.0,19.16,403,18,0,84.4106463878326,615.95,0.6542738858673594,0,0.2992857142857144,1.5620339994035197,17.685,8.340401470172472,16.9096,13.308416520792916,16.64105,15.13696551599809,0,0,19.244399344551997,16.125600655448,17.63527672662707,49.918489414541206,19.18,16.33,1,0,19.18,15.84,1,0,0.6302521008403339,3.9045553145336163,Uptrend
2024-07-17 16:00:00,19.24,19.35,18.92,18.98,1315,18,0,84.73282442748086,671.35,1.958739852535935,0,0.305,1.6069546891464697,17.81,6.569343065693441,16.9678,11.858932802131095,16.661649999999998,13.91428820074844,0,0,19.363481658455484,16.256518341544513,17.445049505395684,54.14504620026147,19.35,16.33,1,0,19.35,15.84,1,0,-0.9394572025052228,3.886152162014236,Uptrend
2024-07-17 20:00:00,18.97,18.98,18.76,18.78,428,18,0,77.61194029850743,658.4,0.6500607533414338,0,0.3078571428571428,1.6392819108474055,17.931,4.734816797724612,17.0182,10.352446204651496,16.678900000000002,12.597353542499798,0,0,19.38258932861435,16.47941067138565,16.1908351861508,57.27233470822212,19.35,16.34,0,0,19.35,15.84,0,0,-1.0537407797681753,-1.3655462184873846,Uptrend
2024-07-18 16:00:00,18.69,18.76,18.46,18.58,915,18,0,71.11913357400714,692.25,1.3217768147345612,0,0.31071428571428555,1.67230508995848,18.0335,3.030471067735039,17.0626,8.89313469225088,16.69495,11.291138937223531,0,0,19.351956434024547,16.715043565975453,14.622302204503255,58.70843885077043,19.35,16.89,0,0,19.35,15.84,0,0,-1.0649627263045969,-3.027139874739049,Uptrend
2024-07-18 20:00:00,18.57,18.59,18.35,18.44,427,18,0,68.8811188811189,674.1,0.6334371754932503,0,0.31642857142857117,1.715990083669041,18.094,1.912236100364762,17.112000000000002,7.76063581112669,16.70915,10.3586956846997,0,0,19.3674933306294,16.8205066693706,14.076415724874538,60.12773384149401,19.35,17.02,0,0,19.35,15.84,0,0,-0.7534983853605848,-2.8451001053740734,Uptrend
2024-07-19 16:00:00,17.98,18.34,17.97,18.25,1034,18,0,60.439560439560424,683.3,1.5132445485145618,0,0.3199999999999998,1.7534246575342454,18.131,0.656334454801168,17.1552,6.381738481626558,16.7232,9.129831611174904,0,0,19.37572613770837,16.88627386229163,13.730363881841809,59.03092066230098,19.35,17.02,0,0,19.35,15.84,0,0,-1.0303687635574876,-2.822151224707141,Uptrend
2024-07-19 20:00:00,18.25,18.39,18.19,18.3,374,18,0,60.727272727272705,686.65,0.5446734144032622,0,0.3249999999999998,1.7759562841530043,18.178500000000003,0.6683719778859504,17.1932,6.437428750901518,16.735400000000002,9.34904454031573,0,0,19.369064218299204,16.987935781700802,13.098596895224587,57.6803459496573,19.35,17.02,0,0,19.35,15.84,0,0,0.273972602739736,-1.5069967707211929,Uptrend
2024-07-22 16:00:00,18.26,18.36,18.14,18.29,687,18,0,57.08661417322832,676.15,1.0160467351918954,0,0.31357142857142833,1.7144419276732004,18.235,0.30161776802851503,17.2328,6.134812682790946,16.74875,9.202179267109473,0,0,19.325060355644133,17.144939644355865,11.955693508572898,54.2008501215018,19.35,17.14,0,0,19.35,15.84,0,0,-0.05464480874317612,-0.8134490238611829,Uptrend
2024-07-22 20:00:00,18.29,18.34,18.23,18.26,256,18,0,54.471544715447195,669.35,0.3824605961006947,0,0.3092857142857139,1.6937881395712697,18.282999999999998,-0.12579992342611246,17.2788,5.678635090399803,16.76085,8.944355447366931,0,0,19.280303733494335,17.28569626650566,10.909628983146506,50.71247802847855,19.35,17.18,0,0,19.35,15.84,0,0,-0.16402405686165578,0.054794520547953765,Uptrend
2024-07-23 16:00:00,18.3,18.51,18.15,18.5,623,18,0,53.7190082644628,666.7,0.9344532773361331,0,0.30357142857142855,1.6409266409266408,18.3375,0.8861622358554953,17.329,6.757458595418081,16.77425,10.288090376618934,0,0,19.249406620334646,17.42559337966535,9.945811810057508,46.42708035877238,19.35,17.29,0,0,19.35,15.84,0,0,1.3143483023001057,1.092896174863384,Uptrend
2024-07-23 20:00:00,18.5,18.57,18.45,18.48,295,18,0,51.282051282051256,667.75,0.4417821040808686,0,0.2992857142857144,1.6195114409400129,18.3935,0.4702748253459152,17.3806,6.32544331035752,16.7875,10.08190618019359,0,0,19.181843366279896,17.605156633720103,8.571977777800816,41.28833421283199,19.35,17.56,0,0,19.35,15.84,0,0,-0.108108108108107,1.038819026790603,Uptrend
2024-07-24 16:00:00,18.67,18.93,18.67,18.78,993,18,0,56.488549618320604,681.3,1.457507705856451,0,0.3085714285714286,1.6430853491556368,18.448500000000003,1.7968940564273426,17.4374,7.6995423629669615,16.803,11.76575611497947,0,0,19.178583628951355,17.71841637104865,7.9148291617351205,37.45018099111709,19.35,17.59,0,0,19.35,15.84,0,0,1.6233766233766378,2.847754654983568,Uptrend
2024-07-24 20:00:00,18.78,18.78,18.36,18.36,514,18,0,51.56794425087107,690.9,0.7439571573310175,0,0.3257142857142859,1.7740429505135398,18.481,-0.6547264758400639,17.4842,5.009093924800666,16.8162,9.18043315374461,0,0,19.125520221396574,17.83647977860343,6.974949639051697,33.53932069287224,19.35,17.76,0,0,19.35,15.85,0,0,-2.2364217252396235,-0.7567567567567599,Uptrend
2024-07-25 16:00:00,17.82,17.89,17.61,17.77,1123,18,0,26.394052044609694,692.1,1.6225978904782545,0,0.32071428571428584,1.8048074604067859,18.473000000000003,-3.805554051859486,17.518600000000003,1.4350461794892098,16.82615,5.609423427224892,0,0,19.149495614020587,17.796504385979418,7.324155405408808,32.20445224182119,19.35,17.61,0,1,19.35,15.88,0,0,-3.213507625272327,-3.8419913419913465,Uptrend
2024-07-25 20:00:00,17.77,17.82,17.61,17.62,421,18,0,21.691176470588232,693.85,0.6067593860344455,0,0.32285714285714306,1.8323333873844667,18.452,-4.508996314762631,17.5446,0.42976186404934796,16.835350000000002,4.660728764177752,0,0,19.206651540360212,17.69734845963979,8.17961782311089,30.785967301992287,19.35,17.61,0,1,19.35,15.99,0,0,-0.8441193021947013,-6.176783812566561,Uptrend
2024-07-26 16:00:00,17.77,17.84,17.64,17.73,836,18,0,26.415094339622627,695.0,1.2028776978417266,0,0.307857142857143,1.7363629038755948,18.4225,-3.7589903650427416,17.5728,0.894564326686695,16.84675,5.242850994999037,0,0,19.242201486100523,17.602798513899476,8.898916934189426,28.44333404615828,19.35,17.61,0,1,19.35,16.03,0,0,0.6242905788876207,-3.4313725490196028,Uptrend
2024-07-26 20:00:00,17.73,17.81,17.67,17.69,332,18,0,28.112449799196767,697.7,0.475849218861975,0,0.30214285714285716,1.7079867560365016,18.386,-3.785488958990525,17.588,0.579940868774166,16.85765,4.937520947463032,0,0,19.268756448499836,17.503243551500162,9.602485026648939,26.73525951199677,19.35,17.61,0,1,19.35,16.27,0,0,-0.2256063169768674,-0.4501969611705025,Uptrend
2024-07-29 16:00:00,17.75,17.89,17.57,17.69,725,18,0,30.567685589519684,672.45,1.0781470741319057,0,0.30214285714285716,1.7079867560365016,18.348499999999998,-3.588849224732248,17.604200000000002,0.48738369252791364,16.86835,4.870956554731208,0,0,19.28375735270518,17.413242647294815,10.194373956510695,25.885973081191462,19.35,17.57,0,1,19.35,16.33,0,0,0.0,0.3972758229284919,Uptrend
2024-07-29 20:00:00,17.68,17.89,17.66,17.88,287,18,0,38.03418803418797,657.1,0.43676761527925734,0,0.3014285714285716,1.685842122083734,18.329,-2.449669921981568,17.6304,1.4157364552137068,16.878999999999998,5.930446116476102,0,0,19.287131954432635,17.370868045567367,10.454819733020177,25.274998400862888,19.35,17.57,0,1,19.35,16.33,0,0,1.074053137365727,0.8460236886632746,Uptrend
2024-07-30 16:00:00,17.96,18.09,17.81,17.98,859,18,0,43.99999999999999,642.35,1.3372771853350975,0,0.2878571428571429,1.6009852216748772,18.276,-1.6196104180345776,17.660400000000003,1.8096985345745147,16.88965,6.455728804326916,0,0,19.184518748177005,17.367481251822994,9.942205604913608,24.867252578908897,19.35,17.57,0,0,19.35,16.33,0,0,0.5592841163311046,1.6393442622950771,Uptrend
2024-07-30 20:00:00,17.98,18.1,17.96,18.05,358,18,0,44.49339207048457,640.1,0.5592876113107327,0,0.28357142857142875,1.5710328452710733,18.2205,-0.9357591723608052,17.69,2.035048049745616,16.90035,6.8025218412636494,0,0,19.03208649051016,17.408913509489842,8.90849856491489,24.513652470939387,19.35,17.57,0,0,19.35,16.33,0,0,0.38932146829810943,2.035048049745616,Uptrend
2024-07-31 16:00:00,18.37,18.43,18.26,18.34,764,18,0,50.98039215686277,612.55,1.2472451228471146,0,0.2950000000000002,1.608505997818976,18.188499999999998,0.8329438931192907,17.724,3.475513428120061,16.9135,8.43409111065126,0,0,18.920570603439796,17.4564293965602,8.04981832960165,23.878119093667944,18.98,17.57,0,0,19.35,16.33,0,0,1.6066481994459814,2.572706935123047,Uptrend
2024-07-31 20:00:00,18.33,18.49,18.22,18.43,797,18,0,53.25670498084288,631.0,1.2630744849445326,0,0.3064285714285716,1.6626618091620815,18.171,1.4253480821088567,17.7618,3.7620061029850507,16.92765,8.87512442660381,0,0,18.85893818571735,17.48306181428265,7.571825278931814,23.241460484880076,18.93,17.57,0,0,19.35,16.33,0,0,0.4907306434023928,2.5027808676306966,Uptrend
2024-08-01 16:00:00,18.51,18.67,18.04,18.09,1102,18,0,42.43542435424353,640.35,1.7209338642929648,0,0.3257142857142859,1.8005212035062792,18.1465,-0.3113548067120369,17.793400000000002,1.6669102026594014,16.93975,6.790241886686638,0,0,18.807480929735,17.485519070265,7.284941225415374,23.23146581537048,18.93,17.57,0,0,19.35,16.33,0,0,-1.8448182311448735,0.22160664819944123,Uptrend
2024-08-01 20:00:00,18.09,18.17,17.9,18.14,423,18,0,43.795620437956195,640.15,0.6607826290713115,0,0.33642857142857174,1.854622775240197,18.1315,0.0468797396795715,17.823600000000003,1.775174487757793,16.952550000000002,7.004550937764514,0,0,18.777891603645052,17.485108396354946,7.130040025867175,23.9561034965299,18.93,17.57,0,0,19.35,16.33,0,0,0.27639579878386833,-1.0905125408942165,Uptrend
2024-08-02 16:00:00,18.53,18.56,17.42,17.67,1405,18,0,30.92783505154638,658.7,2.1329892211932595,1,0.38571428571428584,2.182876546204221,18.1025,-2.389172766192501,17.8426,-0.9673478080548753,16.96275,4.169430074722565,0,0,18.77789851783551,17.42710148216449,7.4619363937081715,24.545395278482243,18.93,17.42,0,1,19.35,16.33,0,0,-2.5909592061741926,-4.123711340206175,Uptrend
2024-08-02 20:00:00,17.67,17.82,17.57,17.82,594,18,0,39.77272727272726,669.7,0.886964312378677,0,0.3735714285714286,2.096360429693763,18.0785,-1.4298752662001712,17.863,-0.24072104349772863,16.97345,4.987495176290032,0,0,18.758446592329665,17.39855340767033,7.522157173766267,25.392795835185137,18.93,17.42,0,0,19.35,16.33,0,0,0.8488964346349714,-1.4925373134328335,Uptrend
2024-08-05 16:00:00,16.32,17.24,16.32,17.11,2242,18,0,38.043478260869534,747.45,2.9995317412535956,1,0.42714285714285716,2.496451532103198,18.0195,-5.047309858764123,17.87,-4.252937884723008,16.9808,0.7608593234712197,0,0,18.816823813238752,17.22217618676125,8.84956645010962,24.270074625758728,18.93,16.32,0,0,19.35,16.32,0,0,-3.9842873176206606,-5.678059536934957,Uptrend
2024-08-05 20:00:00,17.1,17.17,16.99,17.09,574,18,0,39.92395437262354,763.35,0.7519486474094452,0,0.4250000000000002,2.486834406085431,17.961000000000002,-4.849395913367864,17.878,-4.407651862624456,16.988200000000003,0.59923947210415,0,0,18.850397193845783,17.07160280615422,9.903648948786604,22.845427619357018,18.93,16.32,0,0,19.35,16.32,0,0,-0.11689070718877703,-3.282399547255245,Uptrend
2024-08-06 16:00:00,17.01,17.44,17.0,17.13,1473,18,0,38.28124999999995,805.85,1.82788360116647,0,0.4407142857142861,2.5727629055124703,17.892500000000002,-4.2615621070281,17.8888,-4.241760207504141,16.9961,0.787827795788449,0,0,18.817426739630726,16.967573260369278,10.338708840360193,20.35986735751643,18.93,16.32,0,0,19.35,16.32,0,0,0.2340550029256816,-3.8720538720538795,Uptrend
2024-08-06 20:00:00,17.13,17.51,17.13,17.3,641,18,0,42.75092936802972,823.15,0.7787159084006561,0,0.45785714285714363,2.6465730800990963,17.8335,-2.991560826534332,17.904600000000002,-3.3767858539146434,17.005499999999998,1.7317926553174143,0,0,18.751146302690657,16.915853697309345,10.29126422396788,17.92222563416041,18.93,16.32,0,0,19.35,16.32,0,0,0.9924109748978394,1.1104617182934031,Uptrend
2024-08-07 16:00:00,17.41,17.43,17.09,17.1,1213,18,0,39.79238754325259,834.15,1.4541749085895823,0,0.459285714285715,2.6858813700919004,17.7495,-3.6592580072678085,17.917,-4.559915164369036,17.01505,0.49926388697066865,0,0,18.60800482020518,16.89099517979482,9.673566243614525,16.191020331526534,18.78,16.32,0,0,19.35,16.32,0,0,-1.1560693641618491,0.05851375073143104,Uptrend
2024-08-07 20:00:00,17.09,17.1,16.66,16.71,843,18,0,31.067961165048573,850.6,0.9910651304961203,0,0.4742857142857151,2.8383346157134355,17.667,-5.416878926812705,17.924,-6.7730417317562965,17.022750000000002,-1.8372472132881064,0,0,18.592955551962557,16.741044448037446,10.482317903011893,15.277399915831424,18.67,16.32,0,0,19.35,16.32,0,0,-2.280701754385972,-2.4518388791593586,Downtrend
2024-08-08 16:00:00,16.87,17.19,16.83,17.11,1679,18,0,37.16814159292032,878.4,1.9114298724954464,0,0.4885714285714293,2.855472989897308,17.634,-2.971532267211075,17.9356,-4.60313566315039,17.0323,0.4561920586180381,0,0,18.5910216958437,16.6769783041563,10.854278051987071,16.24867577499965,18.67,16.32,0,0,19.35,16.32,0,0,2.3937761819269765,-1.0982658959537646,Uptrend
2024-08-08 20:00:00,17.11,17.28,17.07,17.25,527,18,0,38.43930635838148,883.7,0.5963562294896457,0,0.4935714285714293,2.8612836438923437,17.6155,-2.0748772387953838,17.936,-3.8247100802854597,17.0426,1.2169504653045886,0,0,18.587843344167656,16.643156655832346,11.039633778974821,16.886136781374255,18.67,16.32,0,0,19.35,16.32,0,0,0.8182349503214503,0.877192982456132,Uptrend
2024-08-09 16:00:00,17.24,17.34,17.08,17.28,967,18,0,33.437500000000014,890.25,1.0862117382757652,0,0.48500000000000093,2.806712962962968,17.593,-1.7791166941397079,17.9314,-3.6327336404296315,17.051,1.3430297343264488,0,0,18.574965804957095,16.611034195042905,11.163142215166207,19.41500537194883,18.67,16.32,0,0,19.35,16.32,0,0,0.17391304347826875,3.411131059245962,Uptrend
2024-08-09 20:00:00,17.27,17.34,17.19,17.32,414,18,0,32.38095238095238,894.35,0.46290602113266616,0,0.4764285714285723,2.7507423292642743,17.5745,-1.4481208569233843,17.930799999999998,-3.4064291609967072,17.0573,1.5401030643771219,0,0,18.562692928105474,16.586307071894527,11.245758662897643,22.05361931581412,18.67,16.32,0,0,19.35,16.32,0,0,0.23148148148146586,1.227352425482179,Uptrend
2024-08-12 16:00:00,18.22,18.86,18.09,18.73,2954,18,0,57.5829383886256,1005.8,2.936965599522768,1,0.541428571428572,2.8907024635802028,17.6265,6.260460102686298,17.9622,4.27453207290867,17.0715,9.71502211287819,0,0,18.74158838450722,16.51141161549278,12.65240841355029,22.062227561188827,18.86,16.32,1,0,19.35,16.32,0,0,8.140877598152429,8.579710144927539,Uptrend
2024-08-12 20:00:00,18.72,18.97,18.67,18.93,754,18,0,59.03890160183065,1029.15,0.7326434436185201,0,0.5435714285714288,2.871481397630369,17.679,7.076192092312922,17.9948,5.197056927556839,17.08755,10.782411755927559,0,0,18.93438670913525,16.423613290864747,14.202010398045722,21.932827975267493,18.97,16.32,1,0,19.35,16.32,0,0,1.0678056593699914,9.548611111111102,Uptrend
2024-08-13 16:00:00,19.1,19.2,18.9,19.2,872,18,0,68.34532374100718,1029.8,0.8467663624004661,0,0.48357142857142904,2.518601190476193,17.740000000000002,8.229988726042825,18.0306,6.4856410768360435,17.104750000000003,12.249521331793778,0,0,19.16418212909791,16.315817870902094,16.05616831001023,21.574508924287887,19.2,16.32,1,0,19.35,16.32,1,0,1.4263074484944571,10.854503464203228,Uptrend
2024-08-13 20:00:00,19.2,19.22,19.02,19.04,337,18,0,64.59330143540669,1028.75,0.3275820170109356,0,0.4800000000000004,2.521008403361347,17.7895,7.029427471261131,18.0642,5.401844532279313,17.1223,11.200014016808488,0,0,19.3236237855771,16.2553762144229,17.247520004239593,21.82552035950984,19.22,16.32,1,0,19.35,16.32,1,0,-0.8333333333333304,1.6550987720234847,Uptrend
2024-08-14 16:00:00,18.95,18.97,18.67,18.87,1160,18,0,74.17582417582422,1048.55,1.1062896380716227,0,0.3992857142857145,2.115981527746235,17.816000000000003,5.916030534351135,18.088,4.323308270676692,17.1395,10.096560576446215,0,0,19.407403220596855,16.22459677940315,17.864876746709164,23.497692118386805,19.22,16.32,1,0,19.35,16.32,0,0,-0.8928571428571286,-0.31695721077653843,Uptrend
2024-08-14 20:00:00,18.86,19.07,18.85,19.06,487,18,0,75.85301837270343,1033.05,0.47141958278882923,0,0.4021428571428571,2.1098785789236993,17.847500000000004,6.79366858103373,18.115,5.216671266905881,17.15615,11.09718672312843,0,0,19.51327783316786,16.18172216683215,18.66679179905146,25.2755274444658,19.22,16.32,1,0,19.35,16.32,1,0,1.0068892421833509,-0.7291666666666696,Uptrend
2024-08-15 16:00:00,18.95,19.18,18.64,19.08,1265,18,0,75.72559366754619,1041.2,1.2149442950441798,0,0.4092857142857141,2.1451033243486064,17.897,6.610046376487679,18.137999999999998,5.193516374462456,17.1737,11.100112381140919,0,0,19.649689362094634,16.144310637905363,19.58640400172806,26.838555428088984,19.22,16.32,1,0,19.35,16.32,1,0,0.10493179433368471,0.2100840336134409,Uptrend
2024-08-15 20:00:00,19.08,19.11,18.95,18.96,389,18,0,72.19251336898401,1039.5,0.37421837421837423,0,0.3935714285714282,2.0757986738999374,17.938,5.69740216300592,18.1564,4.42598753056773,17.19115,10.289305834688198,0,0,19.75191812035938,16.124081879640617,20.22430728464023,28.468374022193295,19.22,16.32,1,0,19.35,16.32,0,0,-0.6289308176100517,0.47694753577106436,Uptrend
2024-08-16 16:00:00,19.27,19.58,19.25,19.58,1114,18,0,79.80769230769235,1024.95,1.0868822869408263,0,0.413571428571428,2.1122136290675586,18.033499999999997,8.575706324340821,18.1816,7.691292295507539,17.210749999999997,13.76610548639659,0,0,19.983984690100243,16.08301530989975,21.631792942027307,30.66296608674389,19.58,16.32,1,0,19.58,16.32,1,0,3.270042194092815,2.728226652675759,Uptrend
2024-08-16 20:00:00,19.58,19.67,19.49,19.62,366,18,0,88.18897637795284,1013.55,0.3611070001479947,0,0.3949999999999996,2.0132517838939834,18.1235,8.257235081523993,18.2056,7.7690380981675995,17.23105,13.864216051836662,0,0,20.194871526308027,16.052128473691972,22.858405123822966,33.644230807139046,19.67,16.32,1,0,19.67,16.32,1,0,0.20429009193054792,2.8301886792452975,Uptrend
2024-08-19 16:00:00,19.83,20.2,19.77,20.13,971,18,0,88.52040816326539,950.0,1.0221052631578946,0,0.4021428571428566,1.997729046909372,18.274499999999996,10.153492571616205,18.2394,10.365472548439088,17.254499999999997,16.665217769277596,0,0,20.471296471419624,16.07770352858037,24.04220604032535,36.638180587721216,20.2,16.66,1,0,20.2,16.32,1,0,2.599388379204881,6.170886075949357,Uptrend
2024-08-19 20:00:00,20.12,20.16,20.05,20.11,332,18,0,87.63157894736851,937.9,0.35398230088495575,0,0.3949999999999993,1.9641969169567346,18.4255,9.1422213779816,18.276200000000003,10.033814469090927,17.2763,16.402238905321166,0,0,20.693496797547077,16.157503202452922,24.61802173669184,39.76629791073172,20.2,16.66,1,0,20.2,16.32,1,0,-0.09935419771485154,2.706843718079679,Uptrend
2024-08-20 16:00:00,20.63,20.79,20.22,20.38,1346,18,0,88.36633663366345,931.55,1.4449036551983254,0,0.4249999999999992,2.0853778213935192,18.588,9.640628362384323,18.303,11.347866469977589,17.29845,17.814023799820216,0,0,20.929691696188794,16.246308303811208,25.195735917675844,42.520704397482554,20.79,16.66,1,0,20.79,16.32,1,0,1.3426156141223222,3.8735983690112024,Uptrend
2024-08-20 20:00:00,20.37,20.4,20.31,20.32,377,18,0,86.94581280788188,918.35,0.41051886535634563,0,0.420714285714285,2.070444319460064,18.738999999999997,8.436949677143941,18.3262,10.879505844092066,17.319450000000003,17.32474183649017,0,0,21.120135509749282,16.357864490250712,25.413688134364538,45.166490762459084,20.79,16.66,0,0,20.79,16.32,0,0,-0.2944062806673142,0.9438648782911141,Uptrend
2024-08-21 16:00:00,20.32,20.49,20.21,20.45,951,18,0,80.93525179856127,905.25,1.0505385252692627,0,0.3307142857142849,1.617184771218997,18.9065,8.163858990294333,18.3556,11.410141864063284,17.3403,17.933369088193402,0,0,21.273450291875605,16.539549708124397,25.038481917600862,48.98601628433833,20.79,16.66,1,0,20.79,16.32,1,0,0.6397637795275468,1.6907011437095967,Uptrend
2024-08-21 20:00:00,20.45,20.61,20.45,20.52,435,18,0,80.00000000000014,884.85,0.4916087472452958,0,0.3207142857142851,1.5629351155666917,19.097,7.451432162119695,18.3904,11.579954759004698,17.36,18.202764976958527,0,0,21.329045085377388,16.864954914622615,23.375871449729132,52.44230043734382,20.79,16.83,1,0,20.79,16.32,1,0,0.3422982885085579,0.6869479882237516,Uptrend
2024-08-22 16:00:00,20.25,20.31,19.92,20.24,927,18,0,69.54887218045118,847.25,1.0941280613750368,0,0.3421428571428563,1.6904291360813057,19.2535,5.123743734905339,18.4236,9.859093771032795,17.378449999999997,16.46608299359265,0,0,21.332622031303607,17.17437796869639,21.597341068414664,53.2742669782656,20.79,17.07,0,0,20.79,16.32,0,0,-1.3645224171540016,-0.39370078740158393,Uptrend
2024-08-22 20:00:00,20.23,20.26,20.06,20.15,370,18,0,71.4285714285715,839.4,0.440791041219919,0,0.3421428571428566,1.697979439914921,19.3985,3.8740108771296757,18.4578,9.167939841151165,17.39575,15.83289021743816,0,0,21.284864088314762,17.512135911685235,19.448556211199463,54.04749406728217,20.79,17.08,0,0,20.79,16.32,0,0,-0.44466403162055634,-1.4669926650366782,Uptrend
2024-08-23 16:00:00,20.26,20.54,20.18,20.46,1258,18,0,79.1208791208792,853.95,1.4731541659347736,0,0.34357142857142825,1.6792347437508712,19.557499999999997,4.614597980314476,18.502,10.582639714625456,17.4142,17.49032398846918,0,0,21.214089711933386,17.90091028806661,16.940710335506985,53.93794104361872,20.79,17.19,1,0,20.79,16.32,1,0,1.5384615384615552,-0.2923976608187072,Uptrend
2024-08-23 20:00:00,20.45,20.49,20.36,20.4,295,18,0,75.76923076923079,848.0,0.34787735849056606,0,0.3371428571428568,1.6526610644257687,19.7115,3.492884864165577,18.544,10.00862812769628,17.43185,17.02716579135317,0,0,21.030547104222286,18.392452895777716,13.38352843996941,53.60623769341489,20.79,18.09,1,0,20.79,16.32,1,0,-0.2932551319648202,0.7905138339920956,Uptrend
2024-08-26 16:00:00,20.48,20.57,20.31,20.42,755,18,0,75.76923076923082,738.05,1.0229659237179054,0,0.317142857142857,1.553099202462571,19.796,3.152151949888878,18.586599999999997,9.864095638793566,17.44845,17.030452561688865,0,0,21.065917527367453,18.526082472632545,12.830041699004385,54.62531363960455,20.79,18.64,1,0,20.79,16.32,1,0,0.09803921568629637,1.3399503722084523,Uptrend
2024-08-26 20:00:00,20.42,20.46,20.34,20.37,343,18,0,77.86561264822129,717.5,0.47804878048780486,0,0.31428571428571417,1.542885195315239,19.868000000000002,2.526676062009255,18.6288,9.346817830456084,17.464000000000002,16.63994502977553,0,0,21.09370022951407,18.642299770485934,12.338435972559573,55.73376206948156,20.79,18.64,0,0,20.79,16.32,0,0,-0.24485798237022793,-0.43988269794721335,Uptrend
2024-08-27 16:00:00,20.0,20.31,20.0,20.21,746,18,0,65.21739130434783,711.2,1.0489313835770528,0,0.2964285714285716,1.4667420654555743,19.9185,1.4634636142279749,18.663,8.289128221614964,17.47835,15.628763584663325,0,0,21.111096018422476,18.725903981577527,11.974757320304983,54.33460193718383,20.79,18.64,0,0,20.79,16.32,0,0,-0.7854688267059373,-0.9313725490195968,Uptrend
2024-08-27 20:00:00,20.21,20.35,20.21,20.35,289,18,0,66.82027649769583,708.8,0.4077313769751693,0,0.29357142857142854,1.4426114426114423,19.983999999999998,1.8314651721377264,18.7004,8.82120168552546,17.4937,16.3275922189131,0,0,21.115787593983057,18.85221240601694,11.326937489822452,51.43070826190165,20.79,18.64,0,0,20.79,16.32,0,0,0.6927263730826416,-0.3428011753183167,Uptrend
2024-08-28 16:00:00,19.96,19.97,19.67,19.76,731,18,0,41.77777777777786,687.35,1.0635047646759292,0,0.30071428571428577,1.5218334297281666,20.0285,-1.3405896597348752,18.72,5.5555555555555705,17.506,12.875585513538223,0,0,21.039393820234693,19.01760617976531,10.094553463661201,47.160732919579615,20.79,18.64,0,0,20.79,16.32,0,0,-2.8992628992629,-2.9945999018163936,Uptrend
2024-08-28 20:00:00,19.75,19.89,19.72,19.85,382,18,0,44.39655172413799,682.1,0.5600351854566779,0,0.3050000000000002,1.5365239294710338,20.067999999999998,-1.0863065577037894,18.7498,5.867795923156518,17.516000000000002,13.32496003653802,0,0,20.976059817180648,19.159940182819348,9.049828754042757,42.93946546522944,20.79,18.64,0,0,20.79,16.32,0,0,0.45546558704452345,-1.781296387926766,Uptrend
2024-08-29 16:00:00,20.17,20.39,20.11,20.28,809,18,0,47.98387096774198,659.3,1.2270590019717884,0,0.2950000000000002,1.4546351084812634,20.128,0.7551669316375249,18.8,7.872340425531917,17.528599999999997,15.69663293132369,0,0,20.911181097561823,19.344818902438178,7.782006136345614,38.831124265380744,20.79,18.95,0,0,20.79,16.32,0,0,2.1662468513853783,-0.3439803439803454,Uptrend
2024-08-29 20:00:00,20.27,20.34,20.21,20.24,430,18,0,48.373983739837364,661.35,0.6501852271868148,0,0.297857142857143,1.4716261998870703,20.192,0.2377179080824003,18.8524,7.360336084530347,17.54145,15.383847971518872,0,0,20.750177485449147,19.633822514550854,5.528699340819595,34.72278306553205,20.79,19.25,0,0,20.79,16.32,0,0,-0.19723865877713243,2.429149797570834,Uptrend
2024-08-30 16:00:00,20.14,20.22,19.88,19.92,892,18,0,40.000000000000085,650.25,1.3717800845828527,0,0.3035714285714288,1.5239529546758472,20.209,-1.430055915681122,18.8962,5.418020554397188,17.55295,13.48519764484034,0,0,20.70606083499244,19.71193916500756,4.91920268189855,32.63872505573887,20.79,19.49,0,0,20.79,16.32,0,0,-1.5810276679841695,0.35264483627204174,Uptrend
2024-08-30 20:00:00,19.92,20.11,19.9,20.08,314,18,0,41.97080291970802,647.65,0.4848297691654443,0,0.30714285714285744,1.5295959021058638,20.232000000000003,-0.7512850929221261,18.944000000000003,5.996621621621598,17.56365,14.327033389984425,0,0,20.65069974168057,19.813300258319437,4.138985188617694,30.950452940262146,20.79,19.67,0,0,20.79,16.32,0,0,0.8032128514056103,-0.9861932938856155,Uptrend
2024-09-03 16:00:00,19.77,19.82,19.29,19.49,1026,18,0,37.7049180327869,650.4,1.5774907749077491,0,0.3207142857142861,1.6455325075130125,20.2,-3.5148514851485193,18.98,2.687038988408841,17.5715,10.918248299803649,0,0,20.733587658658685,19.666412341341314,5.283046125333521,31.383511987470634,20.79,19.29,0,1,20.79,16.32,0,0,-2.9382470119521886,-3.705533596837945,Uptrend
2024-09-03 20:00:00,19.49,19.54,19.43,19.51,307,18,0,39.26174496644303,649.15,0.47292613417546026,0,0.31428571428571445,1.6108955114593255,20.17,-3.272186415468518,19.0126,2.6161598098103496,17.5802,10.977121989510927,0,0,20.78599726588527,19.554002734114732,6.108054198168264,31.847049274112596,20.79,19.29,0,1,20.79,16.32,0,0,0.10261672652644993,-2.0582329317269084,Uptrend
2024-09-04 16:00:00,19.34,19.46,19.14,19.36,845,18,0,30.496453900709255,624.1,1.353949687550072,0,0.31285714285714306,1.6159976387249124,20.119,-3.7725533078184816,19.0402,1.679604205838178,17.5879,10.07567702795671,0,0,20.82422560779791,19.41377439220209,7.0105433450759005,32.34200825872155,20.61,19.14,0,1,20.79,16.32,0,0,-0.7688364941055958,-3.585657370517923,Uptrend
2024-09-04 20:00:00,19.36,19.37,19.16,19.23,314,18,0,29.757785467128087,620.95,0.5056767855704968,0,0.3185714285714289,1.6566376940791934,20.064500000000002,-4.159086944603663,19.0638,0.8718093979164694,17.59475,9.293965529490325,0,0,20.86619491506515,19.262805084934854,7.991177602882188,32.95345400266886,20.61,19.14,0,1,20.79,16.32,0,0,-0.671487603305776,-1.3340174448434994,Uptrend
2024-09-05 16:00:00,19.69,19.86,19.41,19.45,901,18,0,34.304207119741065,618.45,1.4568679763925942,0,0.34500000000000014,1.7737789203084842,20.014499999999998,-2.8204551700017433,19.086,1.907157078486853,17.602249999999998,10.497237569060783,0,0,20.839362987027325,19.18963701297267,8.242653946162303,31.538179020514878,20.61,19.14,0,1,20.79,16.32,0,0,1.14404576183047,-0.3075345976422464,Uptrend
2024-09-05 20:00:00,19.45,19.54,19.34,19.36,351,18,0,33.865814696485586,614.25,0.5714285714285714,0,0.3507142857142857,1.8115407319952772,19.9565,-2.9890010773432163,19.1046,1.3368508107994832,17.608600000000003,9.946276251377148,0,0,20.794725569439628,19.11827443056037,8.400526840273889,30.225092660699527,20.57,19.14,0,1,20.79,16.32,0,0,-0.46272493573265017,0.0,Uptrend
2024-09-06 16:00:00,19.41,19.51,18.85,18.9,1275,17,0,30.903790087463534,631.65,2.0185229161719307,1,0.3714285714285714,1.9652305366591079,19.889499999999998,-4.9749868020814985,19.1208,-1.1547633990209643,17.614150000000002,7.300096797177249,0,0,20.839125410913105,18.93987458908689,9.549012402655746,30.976625668268735,20.57,18.85,0,1,20.79,16.32,0,0,-2.3760330578512456,-1.7160686427457192,Uptrend
2024-09-06 20:00:00,18.9,19.02,18.89,18.91,387,18,0,28.18181818181816,632.5,0.6118577075098814,0,0.37071428571428555,1.9604139910855924,19.8275,-4.6274114235279304,19.1362,-1.182052863159868,17.62255,7.305696394676138,0,0,20.86350193049978,18.79149806950022,10.450151864831968,31.9394631934848,20.57,18.85,0,1,20.79,16.32,0,0,0.052910052910060124,-2.776349614395883,Uptrend
2024-09-09 16:00:00,19.09,19.14,18.98,19.12,576,18,0,39.04109589041096,598.4,0.9625668449197862,0,0.33857142857142847,1.7707710699342492,19.7605,-3.241314744060117,19.1652,-0.2358441341598193,17.631700000000002,8.441046524158184,0,0,20.797590566008846,18.723409433991154,10.496602474723272,32.79801351016321,20.57,18.85,0,1,20.79,16.32,0,0,1.1105235325224783,-1.2396694214875952,Uptrend
2024-09-09 20:00:00,19.12,19.22,19.07,19.19,302,18,0,38.62068965517242,598.75,0.504384133611691,0,0.3371428571428568,1.756867416064913,19.7,-2.5888324873096344,19.1926,-0.013546887863017483,17.64525,8.754480667601765,0,0,20.72106239821665,18.67893760178335,10.366115717935529,33.419846135830944,20.57,18.85,0,1,20.79,16.32,0,0,0.36610878661087476,1.5343915343915489,Uptrend
2024-09-10 16:00:00,19.23,19.37,19.21,19.31,676,18,0,31.27413127413122,594.8,1.136516476126429,0,0.3114285714285711,1.6127839017533463,19.6445,-1.7027666776960575,19.2366,0.3815643097012958,17.6598,9.344386686145926,0,0,20.620452436286758,18.668547563713243,9.93613923781982,34.79611330865473,20.46,18.85,0,0,20.79,16.32,0,0,0.6253256904637627,2.1152829190904208,Uptrend
2024-09-10 20:00:00,19.31,19.52,19.28,19.52,349,18,0,36.956521739130444,595.1,0.5864560578054109,0,0.31928571428571395,1.6356850117096002,19.601999999999997,-0.4183246607488889,19.2852,1.2175139485201083,17.67465,10.440659362420188,0,0,20.517057662836123,18.68694233716387,9.336370399307485,35.647759439583076,20.39,18.85,0,0,20.79,16.32,0,0,1.0875194199896576,2.0920502092050137,Uptrend
2024-09-11 16:00:00,19.37,19.54,19.24,19.5,808,18,0,41.46341463414631,598.2,1.3507188231360747,0,0.3149999999999998,1.6153846153846143,19.566499999999998,-0.33986660874452657,19.3326,0.8658949132553339,17.689049999999998,10.23768941802981,0,0,20.43620714974359,18.696792850256404,8.889756979976935,35.08488637667458,20.39,18.85,0,0,20.79,16.66,0,0,-0.10245901639344135,1.6154247003647666,Uptrend
2024-09-11 20:00:00,19.5,19.69,19.48,19.67,342,18,0,41.700404858299684,600.85,0.5691936423400182,0,0.3149999999999998,1.6014234875444826,19.532500000000002,0.7039549468833958,19.38,1.496388028895783,17.70275,11.112680233297086,0,0,20.322779763920668,18.742220236079337,8.091946897946144,33.63463302156617,20.39,18.85,0,0,20.79,16.66,0,0,0.8717948717948731,1.8643190056965457,Uptrend
2024-09-12 16:00:00,20.15,20.54,20.15,20.47,921,18,0,68.28358208955223,610.35,1.508970262963873,0,0.32071428571428534,1.5667527392002216,19.567999999999998,4.609566639411289,19.447400000000002,5.258286454744578,17.7206,15.51527600645575,0,0,20.458714674617116,18.67728532538288,9.103788579488132,33.89196438682732,20.54,18.85,1,0,20.79,16.66,1,0,4.067107269954229,4.866803278688521,Uptrend
2024-09-12 20:00:00,20.47,20.64,20.43,20.5,347,18,0,68.40148698884755,608.6,0.5701610253039763,0,0.32785714285714257,1.5993031358885004,19.6005,4.5891686436570485,19.523200000000003,5.0032781511227515,17.7375,15.574348132487662,0,0,20.577767404013198,18.623232595986803,9.97186198324734,34.29543696719521,20.64,18.85,1,0,20.79,16.66,1,0,0.14655593551540225,5.128205128205128,Uptrend
2024-09-13 16:00:00,20.86,21.03,20.68,20.8,948,18,0,75.35211267605635,615.55,1.5400861018601253,0,0.339285714285714,1.6311813186813173,19.6265,5.979160828471713,19.597,6.138694698168083,17.75645,17.140532032022165,0,0,20.702560553960044,18.550439446039956,10.965384087433257,34.71648261915292,21.03,18.85,1,0,21.03,16.66,1,0,1.4634146341463428,5.744789018810366,Uptrend
2024-09-13 20:00:00,20.8,20.83,20.69,20.73,405,18,0,76.97841726618704,614.3,0.6592869933257367,0,0.33428571428571374,1.6125697746537084,19.651,5.490814716808308,19.666600000000003,5.407136973345661,17.77815,16.603808607757276,0,0,20.805340094006482,18.496659905993518,11.748410706900229,35.13752827111062,21.03,18.85,1,0,21.03,16.83,1,0,-0.33653846153846034,1.2701514411333736,Uptrend
2024-09-16 16:00:00,20.7,20.7,20.32,20.43,926,18,0,67.13286713286712,616.0,1.5032467532467533,0,0.3185714285714281,1.5593315152786498,19.6765,3.8294412115975853,19.729599999999998,3.5499959451788277,17.7986,14.784308878226375,0,0,20.877451815501857,18.475548184498145,12.206965827274729,35.17355858542931,21.03,18.85,0,0,21.03,17.07,0,0,-1.447178002894356,-0.34146341463414775,Uptrend
2024-09-16 20:00:00,20.42,20.49,20.36,20.42,349,18,0,69.06474820143887,617.75,0.5649534601375961,0,0.3135714285714281,1.5356093465789817,19.6935,3.6890344529921113,19.791600000000003,3.175084379231589,17.817549999999997,14.60610465524163,0,0,20.927667522536353,18.459332477463647,12.533755021061296,35.339186065827,21.03,18.85,0,0,21.03,17.08,0,0,-0.04894762604013003,-1.8269230769230722,Uptrend
2024-09-17 16:00:00,20.16,20.5,20.14,20.34,797,18,0,80.0,606.3,1.3145307603496619,0,0.29214285714285665,1.4362972327574073,19.736,3.0603972436157236,19.823800000000002,2.603940717723129,17.8362,14.037743465536371,0,0,20.998868914312226,18.473131085687776,12.797617696718941,36.32221135141294,21.03,18.85,0,0,21.03,17.19,0,0,-0.3917727717923647,-1.8813314037626656,Uptrend
2024-09-17 20:00:00,20.34,20.4,20.31,20.37,401,18,0,80.16528925619835,611.0,0.6563011456628478,0,0.2892857142857138,1.420155691142434,19.779,2.988017594418328,19.8526,2.6062077511258077,17.85645,14.07642616533523,0,0,21.06776766923385,18.49023233076615,13.031676720095545,37.18588166609483,21.03,18.85,0,0,21.03,18.09,0,0,0.1474926253687281,-0.29368575624081605,Uptrend
2024-09-18 16:00:00,20.4,20.41,20.07,20.2,690,18,0,72.68907563025203,603.25,1.1438043928719437,0,0.29714285714285665,1.4710042432814687,19.821,1.912113415064819,19.8726,1.6474945402212133,17.875300000000003,13.005096417962195,0,0,21.10702038127392,18.534979618726084,12.9763420743042,38.183152814693194,21.03,18.85,0,0,21.03,18.64,0,0,-0.8345606283750695,-1.077375122429003,Uptrend
2024-09-18 20:00:00,20.2,20.85,19.95,19.96,3852,18,0,65.09803921568626,780.15,4.937512016919824,1,0.3507142857142855,1.7570855997709693,19.857499999999998,0.5161777665869455,19.891000000000002,0.3468905535166611,17.89155,11.561044180073846,0,0,21.113992612079272,18.601007387920724,12.655093663142633,39.54955106419764,21.03,18.85,0,0,21.03,18.64,0,0,-1.188118811881178,-1.8682399213372618,Uptrend
2024-09-19 16:00:00,20.25,20.28,19.98,20.17,1204,18,0,66.28787878787881,795.3,1.513894128002012,0,0.3607142857142855,1.7883702811813853,19.8935,1.3899012240179063,19.917,1.2702716272531007,17.907449999999997,12.634685563829606,0,0,21.142065914200977,18.644934085799022,12.552501210958125,39.56474621711851,21.03,18.85,0,0,21.03,18.64,0,0,1.0521042084168375,-0.9818360333824216,Uptrend
2024-09-19 20:00:00,20.17,20.18,20.01,20.14,444,18,0,62.60162601626016,799.95,0.5550346896681042,0,0.3557142857142855,1.7662079727620925,19.932499999999997,1.0410134202935064,19.938599999999997,1.010101010101026,17.922900000000002,12.370207946258688,0,0,21.159440997165536,18.70555900283446,12.310959459832322,39.87411262360722,21.03,18.85,0,0,21.03,18.64,0,0,-0.14873574615766882,-0.2970297029702907,Uptrend
2024-09-20 16:00:00,20.36,20.41,20.14,20.26,1044,18,0,64.84375,788.4,1.3242009132420092,0,0.35357142857142826,1.745169933718797,20.000500000000002,1.297467563310913,19.9622,1.4918195389285864,17.9392,12.937031751694624,0,0,21.133664641727936,18.86733535827207,11.331363133201005,41.286627784324466,21.03,18.89,0,0,21.03,18.64,0,0,0.5958291956305928,1.5030060120240516,Uptrend
2024-09-20 20:00:00,20.26,20.29,20.1,20.28,459,18,0,62.65560165975101,792.0,0.5795454545454546,0,0.3521428571428566,1.7364046210200028,20.069,1.0513727639643335,19.9886,1.457830963649277,17.954,12.955330288515096,0,0,21.084084129258706,19.053915870741292,10.115941295118908,42.83342287043142,21.03,18.98,0,0,21.03,18.64,0,0,0.09871668311944859,0.5453644025780834,Uptrend
2024-09-23 16:00:00,20.25,20.57,20.24,20.35,1096,18,0,46.428571428571516,818.0,1.3398533007334963,0,0.31357142857142833,1.5408915408915398,20.1305,1.0903852363329276,20.003999999999998,1.729654069186181,17.96955,13.24713195377736,0,0,21.04782964860498,19.21317035139502,9.113828753433644,41.44506457144683,21.03,19.07,0,0,21.03,18.85,0,0,0.34516765285996787,1.0427010923535296,Uptrend
2024-09-23 20:00:00,20.35,20.4,20.01,20.11,592,18,0,39.682539682539705,832.5,0.7111111111111111,0,0.32642857142857096,1.623215173687573,20.1765,-0.32959135628082836,20.0138,0.4806683388461942,17.9866,11.80545517218374,0,0,20.980523435112264,19.372476564887737,7.969899983765901,38.92789956590976,21.03,19.21,0,0,21.03,18.85,0,0,-1.1793611793611936,-0.7403751233958643,Uptrend
2024-09-24 16:00:00,20.14,20.45,20.03,20.38,1184,18,0,38.709677419354826,857.9,1.380114232428022,0,0.3185714285714279,1.5631571568764862,20.23,0.7414730598121531,20.0188,1.804303954282975,18.00575,13.186065562389793,0,0,20.926457200105023,19.533542799894978,6.88539001586775,35.18777448361875,21.03,19.24,0,0,21.03,18.85,0,0,1.3426156141223222,0.4930966469427902,Uptrend
2024-09-24 20:00:00,20.37,20.48,20.33,20.34,410,18,0,39.34426229508198,860.95,0.4762181311342122,0,0.31928571428571395,1.5697429414243558,20.271,0.34038774604113786,20.0234,1.581150054436315,18.02615,12.836074258785146,0,0,20.882878900986835,19.659121099013166,6.036987824841738,31.34482192672556,21.03,19.24,0,0,21.03,18.85,0,0,-0.19627085377821318,-0.04914004914005682,Uptrend
2024-09-25 16:00:00,20.53,20.58,20.43,20.49,1046,18,0,51.78571428571425,872.85,1.1983731454430886,0,0.30714285714285666,1.4989890538938833,20.320500000000003,0.8341330183804323,20.0256,2.3190316395014268,18.047199999999997,13.535617713551146,0,0,20.819529584608922,19.821470415391083,4.911587653934889,29.92344129393558,21.03,19.48,0,0,21.03,18.85,0,0,0.7374631268436405,1.8896071606166038,Uptrend
2024-09-25 20:00:00,20.49,20.65,20.47,20.61,403,18,0,55.30726256983232,875.9,0.4600981847242836,0,0.31071428571428533,1.507589935537532,20.3675,1.1906223149625614,20.0314,2.888465109777639,18.0684,14.06654712094042,0,0,20.777731000392897,19.957268999607102,4.028290172018144,28.475588882389797,21.03,19.95,1,0,21.03,18.85,1,0,0.5856515373352966,1.1285574092247321,Uptrend
2024-09-26 16:00:00,20.76,21.08,20.61,21.07,1584,18,0,66.82027649769583,909.05,1.7424784115285188,0,0.3185714285714281,1.5119669130110494,20.3975,3.296972668219142,20.043799999999997,5.119787665013635,18.0914,16.464176348983493,0,0,20.91343043186602,19.881569568133983,5.058761435136831,27.90705758823307,21.08,19.95,1,0,21.08,18.85,1,0,2.231926249393501,3.5889872173058035,Uptrend
2024-09-26 20:00:00,21.07,21.11,20.92,20.92,426,18,0,62.00873362445415,913.0,0.4665936473165389,0,0.3257142857142851,1.556951652553944,20.4185,2.456105982319955,20.0518,4.3297858546365,18.114150000000002,15.489824253415144,0,0,20.98382338206988,19.853176617930124,5.537364469181157,27.39024052506658,21.11,19.95,1,0,21.11,18.85,1,0,-0.711912672045556,2.098584675451456,Uptrend
2024-09-27 16:00:00,20.8,20.86,20.28,20.31,1547,18,0,52.014652014652,942.95,1.6405960019089028,0,0.3471428571428566,1.709221354716182,20.394,-0.4118858487790509,20.0532,1.2805936209682163,18.13385,12.000485280290727,0,0,20.931495165216134,19.856504834783863,5.2711107699925055,26.390954982709186,21.11,19.95,0,1,21.11,18.85,0,0,-2.9158699808795596,-1.4556040756914155,Uptrend
2024-09-27 20:00:00,20.31,20.31,20.11,20.14,461,18,0,53.38345864661653,945.75,0.4874438276500132,0,0.2971428571428564,1.475386579656685,20.3645,-1.1024086032065556,20.053,0.4338502967137074,18.15145,10.955323128455301,0,0,20.888953600375206,19.840046399624793,5.150665131726354,24.021180185620448,21.11,19.95,0,1,21.11,18.85,0,0,-0.8370260955194442,-4.413858566682485,Uptrend
2024-09-30 16:00:00,19.92,19.99,19.69,19.76,1083,18,0,42.756183745583044,953.6,1.1356963087248322,0,0.3064285714285706,1.5507518796992439,20.331,-2.8085190103782303,20.038999999999998,-1.3922850441638623,18.167350000000003,8.766550982944672,0,0,20.919518210601577,19.742481789398422,5.7893680645475145,22.161159650075025,21.11,19.69,0,1,21.11,18.85,0,0,-1.8867924528301883,-5.544933078393881,Uptrend
2024-09-30 20:00:00,19.76,19.83,19.58,19.79,621,18,0,43.816254416961094,967.2,0.6420595533498759,0,0.31214285714285644,1.5772756803580417,20.299500000000002,-2.5099140372915723,20.0268,-1.1824155631453968,18.183500000000002,8.834932768718875,0,0,20.933633474244235,19.66536652575577,6.247774321970821,20.780646122918377,21.11,19.58,0,1,21.11,18.85,0,0,0.15182186234816708,-2.5603151157065467,Uptrend
2024-10-01 16:00:00,20.0,20.42,19.97,20.2,1749,18,0,49.038461538461505,1014.8,1.7234923137564053,0,0.33785714285714236,1.67256011315417,20.2925,-0.4558334359985272,20.0224,0.8870065526610106,18.20115,10.981998390211613,0,0,20.927840770560184,19.657159229439817,6.261828464311287,18.04088285654938,21.11,19.58,0,0,21.11,18.85,0,0,2.071753410813537,0.29791459781528656,Uptrend
2024-10-01 20:00:00,20.2,20.3,20.12,20.21,582,18,0,48.874598070739545,1023.85,0.5684426429652781,0,0.3371428571428568,1.6681982045663375,20.2845,-0.367275505928174,20.0192,0.9530850383631684,18.2189,10.92876079236397,0,0,20.919761239258648,19.649238760741355,6.263513907255752,15.603766729745457,21.11,19.58,0,0,21.11,18.85,0,0,0.04950495049504955,2.2773279352226683,Uptrend
2024-10-02 16:00:00,20.22,20.47,20.08,20.08,1154,18,0,45.7413249211356,1047.05,1.1021441191920156,0,0.341428571428571,1.7003414911781427,20.2785,-0.9788692457529048,20.0166,0.31673710820018336,18.23615,10.110960921027738,0,0,20.91936372637921,19.637636273620792,6.320622594168293,14.558179663750204,21.11,19.58,0,0,21.11,18.85,0,0,-0.6432459178624561,1.465386558868111,Uptrend
2024-10-02 20:00:00,20.08,20.11,20.01,20.09,366,18,0,49.65986394557824,872.75,0.41936407906044115,0,0.32071428571428534,1.596387683993456,20.285000000000004,-0.9613014542765778,20.0114,0.3927761176129685,18.2523,10.068320156911719,0,0,20.9148036452563,19.65519635474371,6.209550359933895,14.219506443586031,21.11,19.58,0,0,21.11,18.85,0,0,0.04980079681276006,-0.5445544554455417,Uptrend
2024-10-03 16:00:00,19.81,19.86,19.59,19.72,1598,18,0,39.14473684210527,892.45,1.7905765028853156,0,0.3264285714285712,1.6553172993335252,20.2625,-2.67735965453424,20.0106,-1.4522303179315028,18.266199999999998,7.958962455245214,0,0,20.939952659056214,19.585047340943785,6.686762828438885,14.558737880841827,21.11,19.58,0,1,21.11,18.85,0,0,-1.8417122946739695,-2.424542305789223,Uptrend
2024-10-03 20:00:00,19.72,19.76,19.64,19.75,404,18,0,40.26402640264028,890.45,0.45370318378348024,0,0.32428571428571396,1.641952983725134,20.243000000000002,-2.435409771278971,20.008599999999998,-1.2924442489729304,18.28,8.04157549234135,0,0,20.956777202449075,19.52922279755093,7.052089141422446,15.075519280572381,21.11,19.58,0,1,21.11,18.85,0,0,0.15212981744423537,-1.6434262948207088,Uptrend
2024-10-04 16:00:00,19.84,20.1,19.67,20.05,1138,18,0,43.081761006289355,895.15,1.2712953136345864,0,0.33785714285714263,1.685073031706447,20.232499999999998,-0.9020140862473618,20.004,0.22995400919815723,18.296100000000003,9.586195965260345,0,0,20.95138436959033,19.513615630409667,7.10623372880594,14.49388662751112,21.11,19.58,0,0,21.11,18.85,0,0,1.51898734177216,-0.19910403185664083,Uptrend
2024-10-04 20:00:00,20.05,20.06,19.93,20.02,361,18,0,40.45307443365698,890.25,0.40550407188991855,0,0.334285714285714,1.669758812615954,20.2195,-0.9866712826726697,19.9996,0.10200204004079402,18.31185,9.32811267021082,0,0,20.944148008926604,19.494851991073396,7.167813337882772,13.86270839460893,21.11,19.58,0,0,21.11,18.85,0,0,-0.149625935162101,1.5212981744421943,Uptrend
2024-10-07 16:00:00,19.77,19.86,19.67,19.83,759,18,0,28.01418439716315,873.4,0.8690176322418136,0,0.32571428571428535,1.6425329587205515,20.1935,-1.8000841855052463,19.997799999999998,-0.8390923001530156,18.32675,8.202490894457542,0,0,20.935539153456443,19.451460846543558,7.349287181087402,12.875669434271922,21.11,19.58,0,1,21.11,18.85,0,0,-0.9490509490509558,0.40506329113923184,Uptrend
2024-10-07 20:00:00,19.83,19.84,19.68,19.79,331,18,0,29.15129151291515,860.35,0.3847271459289824,0,0.3235714285714284,1.6350249043528469,20.1775,-1.920455953413452,19.992,-1.0104041616646746,18.340999999999998,7.900332588190404,0,0,20.94062032575351,19.414379674246486,7.564072117492375,11.923608976221393,21.11,19.58,0,1,21.11,18.85,0,0,-0.20171457387795355,-1.2967581047381624,Uptrend
2024-10-08 16:00:00,19.68,19.81,19.42,19.48,1095,18,0,32.78008298755192,855.9,1.279355064844024,0,0.30571428571428527,1.56937518333822,20.1325,-3.2410281882528245,19.991799999999998,-2.560049620344328,18.353099999999998,6.14010712086788,0,0,20.949577590852236,19.315422409147764,8.117000778365686,11.879819204394039,21.11,19.42,0,1,21.11,18.85,0,0,-1.5664477008590083,-2.697302697302693,Uptrend
2024-10-08 20:00:00,19.48,19.56,19.42,19.56,371,18,0,37.499999999999986,853.95,0.43445166578839506,0,0.3014285714285708,1.5410458661992374,20.0935,-2.6550874660960018,19.9928,-2.1647793205554016,18.364099999999997,6.5121623166939955,0,0,20.942704581388874,19.244295418611124,8.45253023503994,12.72435429292651,21.11,19.42,0,1,21.11,18.85,0,0,0.4106776180698102,-1.361573373676246,Uptrend
2024-10-09 16:00:00,19.33,19.48,19.21,19.43,814,18,0,42.02898550724635,842.35,0.9663441562295958,0,0.2942857142857136,1.5145945151091795,20.0405,-3.0463311793618013,19.9942,-2.8218183273149196,18.374550000000003,5.744086249731268,0,0,20.917371832439358,19.163628167560645,8.75099755434601,12.769858324498669,21.11,19.21,0,1,21.11,18.85,0,0,-0.664621676891608,-1.8191005558362783,Uptrend
2024-10-09 20:00:00,19.43,19.58,19.39,19.58,405,18,0,45.20547945205479,842.45,0.4807406967772568,0,0.28999999999999915,1.4811031664964207,19.988999999999997,-2.046125368952919,20.001199999999997,-2.1058736475811397,18.3851,6.499284746887408,0,0,20.84579697281843,19.132203027181564,8.572684704771955,11.959723014665007,21.11,19.21,0,1,21.11,18.85,0,0,0.7720020586721388,0.5133470225872581,Uptrend
2024-10-10 16:00:00,19.58,19.94,19.51,19.78,1238,18,0,39.39393939393948,825.15,1.50033327273829,0,0.27571428571428463,1.3939043767152912,19.924500000000002,-0.7252377725915367,20.0078,-1.1385559631743543,18.39685,7.518406683752928,0,0,20.617152415299564,19.23184758470044,6.952770863003463,12.821440545626405,21.11,19.21,0,0,21.11,18.85,0,0,1.0214504596527174,1.124744376278131,Uptrend
2024-10-10 20:00:00,19.78,20.0,19.76,19.99,368,18,0,44.95412844036692,822.25,0.44755244755244755,0,0.27999999999999886,1.400700350175082,19.878,0.5634369654894774,20.0204,-0.15184511797966177,18.4084,8.591729862454086,0,0,20.390767516829087,19.365232483170914,5.159145958638559,13.516169674541429,20.86,19.21,0,0,21.11,18.85,0,0,1.061678463094018,2.8821410190427112,Uptrend
2024-10-11 16:00:00,20.19,20.24,19.99,19.99,898,18,0,47.804878048780495,789.8,1.1369967080273489,0,0.2699999999999988,1.3506753376688285,19.862000000000002,0.6444466821065177,20.0422,-0.26045044955145985,18.419349999999998,8.527173868784734,0,0,20.336556856999874,19.38744314300013,4.778540499444887,13.560952477944912,20.47,19.21,0,0,21.11,18.85,0,0,0.0,2.09397344228805,Uptrend
2024-10-11 20:00:00,19.99,20.0,19.83,19.88,365,18,0,45.116279069767415,785.0,0.46496815286624205,0,0.2749999999999991,1.383299798792752,19.848999999999997,0.15617915260215812,20.061600000000002,-0.9052119472026313,18.42935,7.8714116341596405,0,0,20.305388569439543,19.39261143056045,4.598605163378979,14.134435437888401,20.47,19.21,0,0,21.11,18.85,0,0,-0.5502751375687787,0.5055611729019104,Uptrend
2024-10-14 16:00:00,19.83,20.01,19.68,19.74,684,18,0,50.520833333333314,765.05,0.8940592118162212,0,0.26285714285714207,1.33159646837458,19.848,-0.5441354292623969,20.074,-1.6638437780213369,18.4389,7.056277760603931,0,0,20.30529640278411,19.39070359721589,4.607984711649633,13.390007038126726,20.47,19.21,0,0,21.11,18.89,0,0,-0.7042253521126751,-1.2506253126563283,Uptrend
2024-10-14 20:00:00,19.74,19.89,19.74,19.89,262,18,0,53.43137254901962,747.1,0.35068933208405834,0,0.2649999999999993,1.3323278029160346,19.852999999999998,0.18636981816351478,20.088,-0.985663082437278,18.44995,7.805170203713285,0,0,20.309812756757214,19.39618724324278,4.601951914141099,12.570856150492466,20.47,19.21,0,0,21.11,18.98,0,0,0.7598784194529085,-0.5002501250625206,Uptrend
2024-10-15 16:00:00,19.86,20.13,19.81,20.04,929,18,0,49.73544973544969,706.1,1.315677666052967,0,0.2571428571428565,1.283147989734813,19.845,0.9826152683295555,20.1026,-0.31140250514858664,18.4616,8.549638167872766,0,0,20.281372607562464,19.408627392437534,4.397809096119574,12.185589848849844,20.47,19.21,0,0,21.11,19.07,0,0,0.7541478129713397,0.8048289738430591,Uptrend
2024-10-15 20:00:00,20.04,20.12,19.97,20.12,332,18,0,52.57731958762891,693.6,0.4786620530565167,0,0.2585714285714281,1.2851462652655472,19.8405,1.4087346589047771,20.1146,0.026846171437670277,18.47505,8.903629489500712,0,0,20.262648639324464,19.418351360675533,4.2554233948183295,11.644555117386318,20.47,19.21,1,0,21.11,19.21,0,0,0.3992015968063978,1.9250253292806614,Uptrend
2024-10-16 16:00:00,20.37,20.48,19.61,19.83,1462,18,0,50.0,709.0,2.0620592383638927,1,0.2957142857142855,1.4912470283120802,19.828,0.010086746015729734,20.121199999999998,-1.4472297874878235,18.4882,7.25760214623381,0,0,20.234815618392055,19.421184381607944,4.103445817954969,10.108019402227677,20.48,19.21,0,0,21.11,19.21,0,0,-1.4413518886680077,-0.30165912518854837,Uptrend
2024-10-16 20:00:00,19.83,20.08,19.83,19.84,400,18,0,51.243781094527385,710.7,0.5628253834247924,0,0.30214285714285694,1.5228974654377871,19.815499999999997,0.1236405843910237,20.1246,-1.4141895987994846,18.502,7.231650632364074,0,0,20.203340173266373,19.42765982673362,3.9145131161603413,8.48479095379232,20.48,19.21,0,0,21.11,19.21,0,0,0.05042864346949116,-0.9980039920159646,Uptrend
2024-10-17 16:00:00,20.05,20.38,19.98,20.31,985,18,0,69.12442396313358,680.05,1.4484229100801413,0,0.3128571428571428,1.5404093690652032,19.845,2.3431594860166283,20.121399999999998,0.9373105251125717,18.51925,9.669668048112095,0,0,20.288075376739634,19.401924623260363,4.465360309797283,9.068603426149688,20.48,19.21,1,0,21.11,19.21,0,0,2.368951612903225,0.9443339960238455,Uptrend
2024-10-17 20:00:00,20.31,20.36,20.22,20.25,371,18,0,66.046511627907,678.4,0.546875,0,0.31285714285714306,1.544973544973546,19.869999999999997,1.9124308002013215,20.1164,0.6641347358374325,18.53575,9.248344415521355,0,0,20.345726591092994,19.394273408907,4.788390448847476,10.002170882983174,20.48,19.21,1,0,21.11,19.21,0,0,-0.2954209748892156,2.118003025718617,Uptrend
2024-10-18 16:00:00,20.4,21.04,20.4,20.88,1091,18,0,77.3584905660377,676.05,1.6137859625767326,0,0.3442857142857146,1.648877941981392,19.9115,4.864023303116284,20.118,3.787652848195648,18.55545,12.527586234771986,0,0,20.564953175545767,19.258046824454233,6.563575577387611,13.194882667538812,21.04,19.21,1,0,21.11,19.21,1,0,3.111111111111109,5.2419354838709635,Uptrend
2024-10-18 20:00:00,20.88,20.9,20.76,20.82,415,18,0,74.21875000000001,678.75,0.6114180478821363,0,0.3407142857142859,1.6364759160148217,19.951500000000003,4.3530561611908745,20.1198,3.4801538782691614,18.5733,12.096396440051043,0,0,20.720621850587992,19.182378149412013,7.709915049875843,16.88563728545682,21.04,19.21,1,0,21.11,19.21,1,0,-0.2873563218390718,2.5110782865583534,Uptrend
2024-10-21 16:00:00,21.19,21.25,20.82,20.92,1290,18,0,73.17073170731707,705.3,1.8290089323692047,0,0.3407142857142859,1.6286533733952482,20.005999999999997,4.568629411176673,20.1296,3.926555917653613,18.591099999999997,12.526961825819907,0,0,20.885435225465024,19.12656477453497,8.791714740228205,19.81045198041622,21.25,19.21,1,0,21.25,19.21,1,0,0.48030739673392553,3.30864197530865,Uptrend
2024-10-21 20:00:00,20.92,20.98,20.74,20.77,408,18,0,66.24999999999999,709.15,0.5753366706620602,0,0.3407142857142862,1.6404154343489945,20.055,3.5651957117925694,20.136599999999998,3.145516124867166,18.6102,11.605463670460288,0,0,20.991139890580506,19.118860109419494,9.335725660239403,22.5791514538864,21.25,19.21,0,0,21.25,19.21,0,0,-0.7170172084130066,-0.5268199233716448,Uptrend
2024-10-22 16:00:00,21.1,21.14,20.91,21.1,1079,18,0,70.32967032967034,708.35,1.5232582762758522,0,0.3492857142857148,1.6553825321597857,20.136,4.787445371473988,20.1518,4.7052868726366865,18.631500000000003,13.24906743955129,0,0,21.14050354325919,19.13149645674081,9.977190536940705,25.593151972424128,21.25,19.21,1,0,21.25,19.21,1,0,1.588830043331746,1.3448607108549526,Uptrend
2024-10-22 20:00:00,21.1,21.15,20.98,21.09,377,18,0,73.00380228136875,708.65,0.5319974599590771,0,0.3492857142857146,1.6561674456411313,20.2125,4.341372912801491,20.1662,4.580932451329453,18.65145,13.074318618659673,0,0,21.264232905856975,19.160767094143022,10.406757262654065,28.991909354584,21.25,19.21,1,0,21.25,19.21,1,0,-0.04739336492891599,0.8126195028680598,Uptrend
2024-10-23 16:00:00,21.04,21.09,20.63,20.64,1226,18,0,65.30612244897958,729.25,1.6811792937949948,0,0.3585714285714288,1.737264673311186,20.273,1.8102895476742507,20.175,2.3048327137546463,18.6695,10.55464795522109,0,0,21.273149462514283,19.272850537485716,9.866812632706392,31.997116909562187,21.25,19.39,0,0,21.25,19.21,0,0,-2.1337126600284417,-0.6259027443427974,Uptrend
2024-10-23 20:00:00,20.64,20.71,20.51,20.68,460,18,0,63.95759717314483,732.0,0.6284153005464481,0,0.36214285714285716,1.7511743575573364,20.328,1.7316017316017334,20.1894,2.4299880135120437,18.6881,10.658654437850831,0,0,21.28785963886131,19.36814036113869,9.443719390607146,34.58847903580802,21.25,19.51,0,0,21.25,19.21,0,0,0.19379844961240345,-1.9905213270142261,Uptrend
2024-10-24 16:00:00,20.74,20.74,19.83,20.01,1698,18,0,49.552238805970184,755.0,2.249006622516556,1,0.4042857142857143,2.0204183622474474,20.339499999999997,-1.6200004916541506,20.1862,-0.8728735472748608,18.703149999999997,6.987325664393455,0,0,21.27696522742486,19.402034772575135,9.218173774427715,35.0997129658813,21.25,19.61,0,0,21.25,19.21,0,0,-3.239845261121843,-5.120910384068271,Uptrend
2024-10-24 20:00:00,20.01,20.26,19.97,20.22,556,18,0,51.43678160919538,764.4,0.7273678702250131,0,0.4142857142857143,2.048890772926381,20.351000000000003,-0.6437030121370142,20.1878,0.15950227365042038,18.718700000000002,8.020321924065223,0,0,21.275972830325994,19.42602716967401,9.090195374438517,35.6109468959546,21.25,19.61,0,0,21.25,19.21,0,0,1.0494752623688042,-2.0348837209302406,Uptrend
2024-10-25 16:00:00,19.59,19.83,19.55,19.69,914,18,0,48.118279569892515,765.2,1.1944589649764767,0,0.39999999999999986,2.0314880650076175,20.336000000000002,-3.1766325727773443,20.1764,-2.4107372970401046,18.73045,5.122941520358561,0,0,21.294736009984646,19.377263990015358,9.428953678055116,35.22596391681993,21.25,19.55,0,1,21.25,19.21,0,0,-2.621167161226501,-4.787234042553184,Uptrend
2024-10-25 20:00:00,19.69,19.72,19.36,19.49,577,18,0,45.52429667519179,775.8,0.7437483887599897,0,0.40785714285714264,2.0926482445209986,20.316499999999998,-4.0681219698274775,20.1606,-3.3262898921659096,18.746,3.9688466872932886,0,0,21.328663394339706,19.30433660566029,9.963954365562067,35.228497234165225,21.25,19.36,0,1,21.25,19.21,0,1,-1.015744032503818,-2.5987006496751777,Uptrend
2024-10-28 12:00:00,19.64,19.78,19.58,19.73,299,18,0,42.11956521739132,756.55,0.39521512127420527,0,0.39000000000000007,1.9766852508869743,20.316,-2.8844260681236396,20.148200000000003,-2.0756196583317728,18.7626,5.1560018334346065,0,0,21.32937165209134,19.30262834790866,9.97609423204706,34.27074672181972,21.25,19.36,0,1,21.25,19.21,0,0,1.2314007183170883,-2.4233432245301603,Uptrend
2024-10-28 16:00:00,19.72,19.89,19.66,19.77,687,18,0,43.44262295081967,777.8,0.8832604782720495,0,0.39642857142857146,2.0052026880554954,20.31,-2.65878877400295,20.1414,-1.843963180315178,18.7788,5.278292542654478,0,0,21.335342048191066,19.28465795180893,10.096918249050393,33.02787920444241,21.25,19.36,0,0,21.25,19.21,0,0,0.20273694880892368,0.4062976130015149,Uptrend
2024-10-28 20:00:00,19.77,19.89,19.73,19.89,233,18,0,34.285714285714334,743.0,0.3135935397039031,0,0.35142857142857153,1.7668605903900025,20.302500000000002,-2.031769486516446,20.131600000000002,-1.2001033201533995,18.79515,5.825172983455844,0,0,21.33829870021525,19.266701299784753,10.20365669464597,32.17936927066758,21.25,19.36,0,0,21.25,19.21,0,0,0.6069802731411222,2.052334530528487,Uptrend
2024-10-29 12:00:00,20.02,20.12,19.91,20.08,233,18,0,38.71951219512192,738.05,0.3156967685116185,0,0.3578571428571432,1.7821570859419484,20.3005,-1.086180143346229,20.1264,-0.23054296843947253,18.81005,6.751444041881855,0,0,21.337935603581315,19.263064396418685,10.220788685808872,30.59294445180794,21.25,19.36,0,0,21.25,19.21,0,0,0.9552538964303636,1.7739483020780429,Uptrend
2024-10-29 16:00:00,20.08,20.17,19.93,20.06,795,18,0,36.56249999999995,704.7,1.1281396338867602,0,0.3442857142857148,1.7162797322318786,20.312,-1.2406459235919773,20.1178,-0.28730775730944885,18.82415,6.5652366773532895,0,0,21.332435407584335,19.291564592415668,10.047611338955626,30.15289263925582,21.25,19.36,0,0,21.25,19.21,0,0,-0.09960159362549792,1.4668689934243762,Uptrend
2024-10-29 20:00:00,20.06,20.22,20.02,20.18,293,18,0,40.694006309148264,699.35,0.4189604632873382,0,0.34142857142857175,1.691915616593517,20.329,-0.7329430862314964,20.109199999999998,0.3520776559982594,18.8441,7.089221560063885,0,0,21.327417695524282,19.33058230447572,9.822595263163771,29.744604792359816,21.25,19.36,0,0,21.25,19.21,0,0,0.5982053838484491,1.4580191050779243,Uptrend
2024-10-30 12:00:00,19.74,19.91,19.62,19.85,421,18,0,30.28391167192426,671.15,0.6272815316993221,0,0.35500000000000015,1.7884130982367765,20.306,-2.245641682261398,20.0848,-1.1690432565920492,18.863,5.232465673540805,0,0,21.327194347191572,19.28480565280843,10.058055226943473,30.64686043145758,21.25,19.36,0,0,21.25,19.21,0,0,-1.6352824578790837,-1.1454183266932116,Uptrend
2024-10-30 16:00:00,19.85,19.97,19.73,19.96,853,18,0,32.721712538226285,695.25,1.2268967997123337,0,0.3600000000000002,1.8036072144288589,20.291500000000003,-1.6336889830717387,20.0656,-0.5262738218642803,18.8815,5.71194025898367,0,0,21.32421283010955,19.258787169890457,10.178772689151078,30.703618488215653,21.25,19.36,0,0,21.25,19.21,0,0,0.5541561712846255,-0.4985044865403683,Uptrend
2024-10-30 20:00:00,19.96,20.02,19.92,19.97,296,18,0,38.16254416961123,655.5,0.45156369183829137,0,0.33428571428571424,1.6739394806495456,20.246000000000002,-1.3632322434061213,20.0588,-0.4426984665084783,18.89955,5.663891468315369,0,0,21.249308212076556,19.242691787923448,9.911174672296298,30.87693151090374,21.25,19.36,0,0,21.25,19.21,0,0,0.05010020040079333,-1.0406342913776059,Uptrend
2024-10-31 12:00:00,19.5,19.57,19.29,19.33,476,18,0,30.320699708454754,658.55,0.7228000911092552,0,0.3685714285714286,1.9067326879018556,20.171499999999998,-4.171727437225789,20.0426,-3.5554269406164964,18.91635,2.186732641339354,0,0,21.21578822397653,19.127211776023465,10.354095867699806,32.10706529917708,21.25,19.29,0,1,21.25,19.21,0,1,-3.2048072108162295,-2.6196473551637434,Uptrend
2024-10-31 16:00:00,19.32,19.47,19.07,19.24,959,18,0,36.49122807017536,642.0,1.4937694704049844,0,0.332142857142857,1.7263142263142257,20.0875,-4.219041692594899,20.0322,-3.954633040804311,18.932100000000002,1.626338335419718,0,0,21.148420652819137,19.02657934718086,10.562993431926708,35.106107998764266,21.15,19.07,0,1,21.25,19.07,0,1,-0.46559751681324313,-3.6072144288577275,Uptrend
2024-10-31 20:00:00,19.24,19.33,19.21,19.23,253,18,0,31.320754716981128,634.25,0.39889633425305476,0,0.3199999999999995,1.664066562662504,20.0105,-3.9004522625621547,20.021,-3.9508516058138974,18.94625,1.4976578478590818,0,0,21.086290529404845,18.934709470595156,10.752260357360834,38.105150698351444,21.15,19.07,0,1,21.25,19.07,0,1,-0.05197505197503949,-3.7055583375062517,Uptrend
2024-11-01 12:00:00,19.41,19.44,19.26,19.28,326,18,0,40.55299539170507,596.6,0.546429768689239,0,0.28714285714285687,1.4893301719027845,19.9195,-3.210421948342068,20.0026,-3.6125303710517627,18.961100000000002,1.6818644487925238,0,0,20.91192340285062,18.92707659714938,9.964340499014726,40.21656130032806,21.15,19.07,0,1,21.25,19.07,0,1,0.26001040041601087,-0.25866528711845405,Uptrend
2024-11-01 16:00:00,19.28,19.32,18.98,19.02,708,18,0,39.461883408071756,613.15,1.1546929788795564,0,0.2857142857142855,1.5021781583295768,19.816,-4.016955995155428,19.9788,-4.7990870322541905,18.9764,0.22975906915957642,0,0,20.72247727640073,18.909522723599267,9.148943039975094,42.13093179630091,21.09,18.98,0,1,21.25,18.98,0,1,-1.34854771784233,-1.1434511434511376,Uptrend
2024-11-01 20:00:00,19.02,19.07,18.95,18.96,215,18,0,31.219512195121894,562.6,0.3821542836829008,0,0.2735714285714282,1.4428872814948743,19.732,-3.912426515305081,19.9564,-4.992884488184231,18.99125,-0.16454946356874875,0,0,20.628275333635564,18.835724666364435,9.084485441268647,43.771550050337694,20.74,18.95,0,1,21.25,18.95,0,1,-0.3154574132492094,-1.4040561622464875,Downtrend
2024-11-04 16:00:00,18.93,19.07,18.73,18.85,821,18,0,28.30188679245282,580.65,1.4139326616722638,0,0.28142857142857103,1.4929897688518357,19.6405,-4.024846617957781,19.9316,-5.426558831202704,19.006,-0.8207934336525246,0,0,20.502260132702336,18.778739867297663,8.775338028078068,46.57222524014019,20.74,18.73,0,1,21.25,18.73,0,1,-0.5801687763713037,-2.2302904564315336,Downtrend
2024-11-04 20:00:00,18.85,18.86,18.72,18.8,306,18,0,23.414634146341385,511.05,0.5987672439095979,0,0.27999999999999964,1.4893617021276575,19.580000000000002,-3.9836567926455624,19.9132,-5.590261735933949,19.020300000000002,-1.1582362002702464,0,0,20.50043467991997,18.659565320080034,9.40178426884543,47.23232902524397,20.26,18.72,0,1,21.25,18.72,0,1,-0.2652519893899252,-1.156677181913769,Downtrend
2024-11-05 16:00:00,18.9,18.97,18.74,18.85,779,18,0,17.801047120418872,522.2,1.4917656070471084,0,0.27999999999999964,1.4854111405835524,19.511499999999998,-3.3903082797324484,19.8952,-5.253528489283836,19.034450000000003,-0.9690324648203744,0,0,20.435297084121274,18.587702915878722,9.469257454539894,49.329587574115415,20.22,18.72,0,1,21.25,18.72,0,1,0.26595744680850686,-0.580168776371305,Downtrend
2024-11-05 20:00:00,18.85,18.88,18.67,18.77,315,18,0,17.258883248730967,492.25,0.6399187404773997,0,0.27785714285714214,1.4803257477737994,19.4655,-3.5729881071639524,19.8696,-5.534082216048632,19.04805,-1.4597294736206612,0,0,20.441991571634432,18.489008428365565,10.033048949520264,50.63532071074356,20.22,18.67,0,1,21.25,18.67,0,1,-0.42440318302388036,-0.42440318302388247,Downtrend
2024-11-06 16:00:00,17.81,18.37,17.78,18.25,2172,18,0,9.282700421940888,572.0,3.797202797202797,1,0.3342857142857135,1.8317025440313068,19.4035,-5.944803772515273,19.8342,-7.987214004093934,19.0577,-4.238181942207089,0,0,20.520757450423016,18.286242549576986,11.516040409441748,53.16974911625208,20.22,17.78,0,0,21.25,17.78,0,0,-2.7703782631859353,-2.9255319148936207,Downtrend
2024-11-06 20:00:00,18.25,18.39,18.25,18.33,492,18,0,14.150943396226296,581.65,0.8458695091549902,0,0.30428571428571366,1.6600420855739972,19.3335,-5.190472495926772,19.8042,-7.443875541551807,19.06775,-3.869098346684857,0,0,20.536746048250738,18.130253951749264,12.447265608924786,54.17504012154306,20.22,17.78,0,0,21.25,17.78,0,0,0.4383561643835465,-2.7586206896551886,Downtrend
2024-11-07 16:00:00,17.9,18.38,17.76,18.27,1638,18,0,9.178743961352552,629.2,2.603305785123967,1,0.3314285714285707,1.8140589569160956,19.2585,-5.1327985045564395,19.773799999999998,-7.605012693564203,19.07445,-4.217421734309505,0,0,20.53212350877515,17.984876491224853,13.226611717165396,55.916378655213826,20.22,17.76,0,0,21.25,17.76,0,0,-0.3273322422258529,-2.663825253063399,Downtrend
2024-11-07 20:00:00,18.27,18.44,17.98,18.33,959,18,0,11.320754716981071,665.5,1.4410217881292262,0,0.35714285714285665,1.9484062037253502,19.1805,-4.434190975209199,19.7508,-7.1936326629807565,19.0817,-3.939376470649906,0,0,20.482053323007186,17.87894667699281,13.571630802191677,58.28327991981428,20.22,17.76,0,0,21.25,17.76,0,0,0.3284072249589487,0.43835616438355235,Downtrend
2024-11-08 16:00:00,18.1,18.3,18.07,18.18,1388,18,0,14.723926380368056,723.25,1.9191151054268925,0,0.3271428571428565,1.799465660851796,19.0855,-4.744439495952425,19.7232,-7.82428814796787,19.089750000000002,-4.7656464856795,0,0,20.387974971978764,17.783025028021235,13.648843069123306,59.6646271178945,20.22,17.76,0,0,21.25,17.76,0,0,-0.8183306055646433,-0.8183306055646403,Downtrend
2024-11-08 20:00:00,18.18,18.32,18.05,18.32,381,18,0,22.619047619047606,702.55,0.5423101558607929,0,0.3178571428571423,1.7350280723643137,18.9985,-3.5713345790457125,19.701,-7.00979645703264,19.09895,-4.0784964618473705,0,0,20.258663314394962,17.738336685605038,13.26592430344461,61.23069150302369,20.22,17.76,0,0,21.25,17.76,0,0,0.7700770077007757,0.2736726874657948,Downtrend
2024-11-11 16:00:00,17.36,17.63,17.23,17.32,1360,18,0,14.232209737827688,755.9,1.7991797856859373,0,0.38714285714285673,2.2352358957439766,18.8555,-8.14351250298321,19.6558,-11.883515298283454,19.1027,-9.33218864349018,0,0,20.19757184684905,17.513428153150947,14.23533554505637,63.30749523396274,20.02,17.23,0,1,21.25,17.23,0,1,-5.458515283842791,-5.510092744135287,Downtrend
2024-11-11 20:00:00,17.32,17.44,17.2,17.3,517,18,0,12.499999999999943,760.7,0.6796371762850006,0,0.38928571428571396,2.2502064409578844,18.728,-7.624946604015381,19.6062,-11.762605706358196,19.105999999999998,-9.452528001674853,0,0,20.154140909846024,17.30185909015398,15.230039618176233,67.09220129879911,20.02,17.2,0,1,21.25,17.2,0,1,-0.11547344110853786,-4.840484048404835,Downtrend
2024-11-12 16:00:00,16.91,17.08,16.82,16.85,1546,18,0,11.660777385158966,795.35,1.9437983277802224,0,0.399285714285714,2.369648155998303,18.572499999999998,-9.274464934715287,19.5434,-13.78163472067295,19.10755,-11.814963195176768,0,0,20.107109499445738,17.03789050055426,16.525610439582607,70.71725763048005,20.02,16.82,0,1,21.25,16.82,0,1,-2.6011560693641522,-8.024017467248902,Downtrend
2024-11-12 20:00:00,16.85,16.98,16.74,16.92,565,18,0,14.084507042253492,808.8,0.6985657764589516,0,0.40785714285714264,2.4105032083755473,18.42,-8.143322475570033,19.482,-13.150600554357858,19.109599999999997,-11.458115292837084,0,0,19.975905557951005,16.864094442048998,16.893654266568987,74.03268485895073,19.57,16.74,0,1,21.25,16.74,0,1,0.4154302670623222,-2.3094688221708926,Downtrend
2024-11-13 16:00:00,17.07,17.08,16.65,16.75,988,18,0,13.79310344827583,834.4,1.1840843720038352,0,0.4142857142857141,2.4733475479744125,18.291000000000004,-8.424908424908445,19.4194,-13.746047766666322,19.1102,-12.350472522527232,0,0,19.953400293804663,16.628599706195345,18.177248852492028,76.0165822698128,19.47,16.65,0,1,21.25,16.65,0,1,-1.0047281323877222,-3.179190751445091,Downtrend
2024-11-13 20:00:00,16.75,16.8,16.7,16.71,376,18,0,13.840830449826953,805.25,0.46693573424402357,0,0.4114285714285713,2.462169787124903,18.1645,-8.00737702661785,19.358800000000002,-13.682666280967833,19.110149999999997,-12.559556047440742,0,0,19.905999354004972,16.423000645995028,19.174756849954274,77.98170310285816,19.44,16.65,0,1,21.25,16.65,0,1,-0.23880597014924732,-0.8308605341246323,Downtrend
2024-11-14 16:00:00,16.7,16.95,16.62,16.84,882,18,0,16.16161616161608,836.7,1.0541412692721406,0,0.41857142857142826,2.485578554462163,18.044999999999998,-6.677750069271257,19.2978,-12.736166816942859,19.11035,-11.880211508423448,0,0,19.8065364107266,16.283463589273396,19.52381724274428,79.23360435475942,19.44,16.62,0,1,21.25,16.62,0,1,0.7779772591262724,-0.4728132387706964,Downtrend
2024-11-14 20:00:00,16.84,16.88,16.69,16.77,453,18,0,16.21621621621614,843.05,0.5373346776585018,0,0.41714285714285687,2.487435045574579,17.919500000000003,-6.414799520075912,19.2324,-12.803394272165717,19.1104,-12.246734762223706,0,0,19.66816535572579,16.170834644274215,19.516898972915396,80.10908612641545,19.32,16.62,0,1,21.25,16.62,0,1,-0.41567695961995943,0.11940298507462432,Downtrend
2024-11-15 16:00:00,16.73,16.79,16.56,16.6,898,18,0,18.39080459770109,852.55,1.0533106562664947,0,0.3628571428571427,2.1858864027538716,17.798499999999997,-6.733713515183841,19.162,-13.370211877674553,19.109949999999998,-13.134257284817577,0,0,19.561383702167632,16.035616297832362,19.809351374190353,79.61540687333772,19.07,16.56,0,1,21.25,16.56,0,1,-1.0137149672033274,-0.6582884500299188,Downtrend
2024-11-15 20:00:00,16.6,16.61,16.5,16.55,303,18,0,15.503875968992233,856.95,0.353579555399965,0,0.3607142857142855,2.1795425118687946,17.678,-6.380812309084738,19.096400000000003,-13.334450472340345,19.109750000000002,-13.394994701657536,0,1,19.436056343028582,15.91994365697142,19.889765166066088,79.58905724539447,19.07,16.5,0,1,21.25,16.5,0,1,-0.3012048192771122,-1.7220902612826554,Downtrend
2024-11-18 16:00:00,16.99,17.12,16.89,16.93,1098,18,0,26.896551724137893,870.8,1.260909508497933,0,0.35714285714285715,2.1095266222259728,17.582,-3.7083380730292403,19.0382,-11.073525858537048,19.11185,-11.41621559399012,0,0,19.279224979659105,15.884775020340896,19.306392670448233,76.16957077270617,18.97,16.5,0,0,21.25,16.5,0,0,2.29607250755286,0.9540846750149083,Downtrend
2024-11-18 20:00:00,16.92,17.11,16.88,17.1,392,18,0,29.5681063122924,875.1,0.4479488058507599,0,0.3407142857142857,1.9924812030075185,17.497,-2.2689603932102558,18.974,-9.876673342468635,19.11495,-10.541225585209476,0,0,19.105334869556557,15.888665130443444,18.384121501475185,73.04136037615802,18.97,16.5,0,0,21.25,16.5,0,0,1.0041346721795685,3.012048192771084,Downtrend
2024-11-19 16:00:00,17.39,17.66,17.38,17.55,693,18,0,40.48338368580062,870.8,0.7958199356913184,0,0.36214285714285716,2.0634920634920633,17.432000000000002,0.6769160165213317,18.92,-7.241014799154338,19.1209,-8.215617465705057,0,0,18.90988753934368,15.954112460656324,16.95602959320419,68.47818920417463,18.88,16.5,0,0,21.25,16.5,0,0,2.631578947368407,6.042296072507552,Downtrend
2024-11-19 20:00:00,17.55,17.66,17.54,17.63,329,18,0,39.38461538461536,871.5,0.37751004016064255,0,0.35142857142857153,1.9933554817275754,17.375,1.4676258992805697,18.855,-6.496950411031564,19.1264,-7.8237410071942515,0,0,18.71732320211912,16.03267679788088,15.451202326551003,64.1812172826459,18.44,16.5,0,0,21.25,16.5,0,0,0.4558404558404394,4.134672179562902,Downtrend
2024-11-20 16:00:00,17.61,17.9,17.61,17.87,694,18,0,61.04417670682733,797.6,0.870110330992979,0,0.2942857142857144,1.6468142937085304,17.356,2.9615118690942572,18.796,-4.926580123430509,19.1296,-6.584560053529604,0,0,18.656273655407713,16.05572634459229,14.983563671441702,60.53465769062099,18.44,16.5,0,0,21.25,16.5,0,0,1.3613159387408036,4.5029239766081846,Downtrend
2024-11-20 20:00:00,17.87,17.91,17.78,17.8,280,18,0,59.84251968503937,787.0,0.35578144853875476,0,0.2864285714285713,1.6091492776886027,17.3295,2.7150235148157837,18.733600000000003,-4.983558952897478,19.131050000000002,-6.957537615551687,0,0,18.566244027466336,16.092755972533663,14.273279984608173,56.550708748717476,18.44,16.5,0,0,21.25,16.5,0,0,-0.3917179630665957,1.4245014245014245,Downtrend
2024-11-21 16:00:00,17.9,17.94,17.74,17.89,1256,18,0,73.85321100917429,767.9,1.6356296392759475,0,0.26642857142857146,1.4892597620378505,17.3105,3.347679154270526,18.676000000000002,-4.2086099807239306,19.13375,-6.500293983144958,0,0,18.49706470092181,16.12393529907819,13.709190386433784,54.13169637308048,18.44,16.5,0,0,21.25,16.5,0,0,0.5056179775280834,1.4747589336358569,Downtrend
2024-11-21 20:00:00,17.9,18.08,17.87,18.01,437,18,0,74.43946188340806,741.8,0.5891075761660826,0,0.26428571428571396,1.4674387245181229,17.294500000000003,4.137153430281295,18.6142,-3.245909037186657,19.137999999999998,-5.894032814296148,0,0,18.43074450667423,16.158255493325775,13.139952085047007,52.3263907481893,18.32,16.5,1,0,21.15,16.5,0,0,0.6707657909446718,0.7834359261331871,Downtrend
2024-11-22 16:00:00,18.06,18.18,17.91,18.03,1364,18,0,80.76923076923083,740.6,1.8417499324871724,0,0.25285714285714256,1.4024245305443293,17.287,4.298027419448153,18.553,-2.818951113027541,19.14165,-5.807493084451954,0,0,18.40038459804233,16.17361540195767,12.881177740988376,51.48469249690313,18.32,16.5,1,0,21.15,16.5,0,0,0.1110494169905607,1.2921348314606764,Downtrend
2024-11-22 20:00:00,18.03,18.18,18.0,18.14,344,18,0,83.25581395348838,738.75,0.4656514382402707,0,0.2585714285714281,1.4254213261930988,17.278000000000002,4.989003356869998,18.503,-1.9618440252931932,19.1453,-5.250897087013515,0,0,18.358654772275635,16.19734522772437,12.509026186776625,50.64735986481668,18.18,16.5,1,0,21.15,16.5,0,0,0.6100942872989457,1.397428731134712,Downtrend
2024-11-25 16:00:00,17.42,17.55,17.31,17.48,1318,18,0,61.94029850746269,736.65,1.7891807506957171,0,0.2942857142857141,1.6835567178816597,17.285999999999998,1.1222954992479617,18.439,-5.200932805466672,19.145899999999997,-8.701079604510612,0,0,18.370326616166135,16.20167338383386,12.545720423072288,46.86939811872742,18.18,16.5,0,0,21.09,16.5,0,0,-3.6383682469680267,-2.9428095502498675,Downtrend
2024-11-25 20:00:00,17.48,17.63,17.43,17.59,440,18,0,65.07352941176472,732.8,0.6004366812227074,0,0.29499999999999993,1.6770892552586694,17.300500000000003,1.6733620415594734,18.3906,-4.353310930584099,19.14545,-8.124384644915635,0,0,18.393337446380073,16.207662553619933,12.633593784920318,43.28776631949275,18.18,16.5,0,0,20.74,16.5,0,0,0.6292906178489766,-2.4403771491957915,Downtrend
2024-11-26 16:00:00,17.45,17.6,17.29,17.29,1047,18,0,62.10526315789469,707.85,1.4791269336723882,0,0.30071428571428577,1.7392382054036193,17.322499999999998,-0.18761726078798593,18.332,-5.684049749072669,19.14335,-9.681429843783885,0,0,18.394671922584678,16.25032807741532,12.378951335946658,40.14722265263327,18.18,16.5,0,0,20.74,16.5,0,0,-1.7055144968732283,-4.68577728776186,Downtrend
2024-11-26 20:00:00,17.28,17.52,17.27,17.47,413,18,0,65.43624161073822,700.25,0.5897893609425205,0,0.31071428571428583,1.7785591626461699,17.35,0.6916426512968151,18.2876,-4.470788949889555,19.141049999999996,-8.730189827621775,0,0,18.40680750624848,16.293192493751523,12.182219092201484,37.00310270385692,18.18,16.5,0,0,20.26,16.5,0,0,1.0410641989589298,-0.05720823798627897,Downtrend
2024-11-27 16:00:00,17.55,17.65,17.4,17.46,1079,18,0,60.15325670498087,704.8,1.5309307604994327,0,0.2878571428571429,1.6486663393879892,17.3855,0.4285180178884729,18.247,-4.313037759631715,19.13815,-8.768611386158009,0,0,18.404466969145954,16.366533030854047,11.722032373483115,35.848413754991626,18.18,16.5,0,0,20.22,16.5,0,0,-0.05724098454492621,-0.7390562819783911,Downtrend
2024-11-27 20:00:00,17.45,17.56,17.44,17.48,325,18,0,57.72357723577235,702.25,0.4627981488074048,0,0.27999999999999986,1.6018306636155597,17.424,0.32139577594123586,18.201999999999998,-3.9665970772442467,19.13395,-8.644059381361394,0,0,18.392436613147275,16.455563386852724,11.116122740441641,34.482383471910616,18.18,16.5,0,0,20.22,16.5,0,0,0.11454753722794919,1.0989010989011063,Downtrend
2024-11-29 16:00:00,17.53,17.55,17.36,17.42,783,18,0,46.85990338164253,697.3,1.1229026244084326,0,0.2535714285714286,1.4556339183204856,17.453,-0.18907924139115168,18.155,-4.048471495455794,19.12895,-8.93384111516836,0,0,18.38172521572085,16.52427478427915,10.642585409051158,34.61855675310431,18.18,16.5,0,0,20.22,16.5,0,0,-0.3432494279176135,-0.2862049227246546,Downtrend
2024-12-02 16:00:00,17.32,17.34,17.16,17.16,824,18,0,39.555555555555586,715.85,1.1510791366906474,0,0.2635714285714287,1.5359640359640365,17.4725,-1.788524824724567,18.1004,-5.1954652935846735,19.12255,-10.263014085464544,0,0,18.356125903220388,16.588874096779612,10.11447592754772,35.38879338146453,18.18,16.5,0,0,20.22,16.5,0,0,-1.4925373134328401,-1.7182130584192479,Downtrend
2024-12-02 20:00:00,17.16,17.25,17.08,17.13,353,18,0,31.86274509803917,688.6,0.5126343305257043,0,0.2550000000000003,1.4886164623467617,17.499000000000002,-2.10869192525289,18.0414,-5.0517143902357935,19.11685,-10.393187162110916,0,0,18.30041716582823,16.697582834171776,9.159576728135624,36.46361163327524,18.18,16.5,0,0,20.22,16.5,0,0,-0.17482517482517723,-2.002288329519459,Downtrend
2024-12-03 16:00:00,17.44,17.64,17.31,17.57,1121,18,0,45.22821576763484,729.5,1.536668951336532,0,0.2821428571428576,1.6058216115131336,17.55,0.11396011396011152,17.991600000000002,-2.3433157695813684,19.1095,-8.056202412412675,0,0,18.21541637143096,16.884583628569043,7.583092551919744,35.562225579524814,18.18,16.88,0,0,20.22,16.5,0,0,2.568593111500306,0.8610792192881663,Downtrend
2024-12-03 20:00:00,17.57,17.58,17.43,17.51,377,18,0,42.0168067226891,693.45,0.5436585189992068,0,0.27857142857142875,1.590927633189199,17.579,-0.3925137948688723,17.938200000000002,-2.3870845458295724,19.10125,-8.330606635691375,0,0,18.177872625065252,16.98012737493475,6.813500484273863,33.07395165832412,18.18,16.88,0,0,20.22,16.5,0,0,-0.34149117814455954,2.0396270396270477,Downtrend
2024-12-04 16:00:00,17.46,17.54,17.29,17.46,1164,18,0,38.09523809523808,732.05,1.5900553240898847,0,0.28142857142857175,1.6118474881361498,17.597,-0.7785417968972008,17.8904,-2.405759513482084,19.09365,-8.555985890597134,0,0,18.15553567948974,17.03846432051026,6.348078416658975,30.932885521361055,18.18,17.08,0,0,20.22,16.5,0,0,-0.2855511136493516,1.9264448336252298,Downtrend
2024-12-04 20:00:00,17.46,17.47,17.27,17.27,485,18,0,34.677419354838676,721.65,0.6720709485207511,0,0.27642857142857175,1.6006286706923667,17.583,-1.7801285332423298,17.8366,-3.1766143771795132,19.0861,-9.515301711716898,0,0,18.160220198793013,17.005779801206984,6.565662273707725,28.81187170788721,18.18,17.08,0,1,20.02,16.5,0,0,-1.0882016036655284,-1.7074558907228272,Downtrend
2024-12-05 16:00:00,17.35,17.45,16.72,16.76,1051,18,0,26.04166666666667,757.75,1.3870009897723523,0,0.3157142857142861,1.8837367882713965,17.539499999999997,-4.444254397217682,17.7724,-5.696473183137896,19.077,-12.145515542276039,0,0,18.22312732229585,16.855872677704145,7.795288603390654,27.64047632046399,18.18,16.72,0,1,20.02,16.5,0,1,-2.9530978575564415,-4.283266704740148,Downtrend
2024-12-05 20:00:00,16.76,16.88,16.72,16.86,383,18,0,36.63793103448272,742.2,0.516033414174077,0,0.2678571428571431,1.5887137773258786,17.488999999999997,-3.5965464005946477,17.723000000000003,-4.869378773345387,19.069100000000002,-11.584710342910796,0,0,18.217571782397037,16.760428217602957,8.331771769649954,28.249748832290262,18.18,16.72,0,1,20.02,16.5,0,0,0.5966587112171684,-3.4364261168384957,Downtrend
2024-12-06 16:00:00,16.71,16.85,16.56,16.56,902,18,0,29.482071713147377,773.3,1.166429587482219,0,0.27500000000000036,1.6606280193236738,17.427,-4.975038733000522,17.6694,-6.278651227545931,19.06065,-13.119437165049463,0,0,18.249169146382368,16.60483085361763,9.435578658201276,29.49006383475938,18.18,16.56,0,1,19.57,16.5,0,1,-1.7793594306049876,-4.111175448755072,Downtrend
2024-12-06 20:00:00,16.56,16.7,16.54,16.69,305,18,0,37.17948717948723,725.75,0.4202549087151223,0,0.2642857142857145,1.5834973893691702,17.366999999999997,-3.8981977313295104,17.6186,-5.270566333306843,19.052599999999998,-12.400407293492737,0,0,18.221415158548737,16.512584841451257,9.839525059581275,30.50485909536472,18.18,16.54,0,1,19.47,16.5,0,1,0.7850241545893866,-0.41766109785203026,Downtrend
2024-12-09 16:00:00,17.09,17.35,17.01,17.22,1144,18,0,45.353159851301115,761.1,1.5030876363158585,0,0.29357142857142876,1.704828272772525,17.3275,-0.6204010965228781,17.5774,-2.0332927509188043,19.04725,-9.593248369187151,0,0,18.128101747371765,16.526898252628236,9.240822361815205,28.62045088993381,18.18,16.54,0,0,19.44,16.5,0,0,3.1755542240862633,2.1352313167259753,Downtrend
2024-12-09 20:00:00,17.21,17.22,16.97,16.99,394,18,0,41.92439862542951,712.6,0.5529048554588829,0,0.29357142857142876,1.72790717228622,17.2755,-1.652629446325736,17.5368,-3.1180146891109044,19.0409,-10.771024478884938,0,0,18.016892005124927,16.534107994875075,8.583161183467055,28.141766680887788,18.18,16.54,0,0,19.44,16.5,0,0,-1.3356562137049943,2.596618357487921,Downtrend
2024-12-10 16:00:00,17.2,17.25,17.02,17.15,1041,18,0,44.59016393442621,747.45,1.3927353000200682,0,0.3035714285714291,1.7700957934194117,17.226,-0.44119354464182353,17.5006,-2.0033598848039498,19.03415,-9.898787179884586,0,0,17.846743187850798,16.6052568121492,7.207049667372564,27.52388694287998,17.65,16.54,0,0,19.32,16.5,0,0,0.9417304296645002,2.7561414020371315,Downtrend
2024-12-10 20:00:00,17.15,17.2,17.05,17.05,319,18,0,44.012944983818755,697.5,0.45734767025089607,0,0.30071428571428604,1.763720150816927,17.204500000000003,-0.8980208666337428,17.4646,-2.373945008760579,19.027,-10.390497713775163,0,0,17.81794497458381,16.591055025416196,7.131215374858982,26.95408007276347,17.65,16.54,0,0,19.07,16.5,0,0,-0.5830903790087327,-0.9872241579558546,Downtrend
2024-12-11 16:00:00,17.05,17.55,17.03,17.41,1104,18,0,53.91849529780565,730.7,1.5108799781031885,0,0.31928571428571445,1.8339213916468378,17.1955,1.2474193829781108,17.4368,-0.15369792622500394,19.020149999999997,-8.465495803135083,0,0,17.790124162590846,16.600875837409152,6.916043878815353,26.43697097348463,17.65,16.54,1,0,19.07,16.5,0,0,2.111436950146617,2.472042377869345,Downtrend
2024-12-11 20:00:00,17.41,17.57,17.4,17.54,335,18,0,56.23100303951369,695.1,0.4819450438785786,0,0.31928571428571445,1.8203290438182123,17.208000000000002,1.9293351929335025,17.4106,0.7432253914282128,19.01605,-7.762127255660355,0,0,17.82120898815813,16.594791011841874,7.127022177570059,24.781537482818102,17.65,16.54,1,0,18.97,16.5,0,0,0.746697300402066,2.2740524781341143,Downtrend
2024-12-12 16:00:00,17.16,17.39,17.1,17.23,1043,18,0,44.62025316455695,726.6,1.4354527938342967,0,0.31428571428571417,1.8240610231324097,17.196,0.19772040009303862,17.3798,-0.8619201601859576,19.01335,-9.379462325155739,0,0,17.79689056714533,16.595109432854674,6.98872490283005,24.12233204510565,17.65,16.54,0,0,18.97,16.5,0,0,-1.767388825541616,1.055718475073312,Downtrend
2024-12-12 20:00:00,17.23,17.24,17.06,17.07,336,18,0,43.25153374233126,689.45,0.48734498513307706,0,0.3164285714285714,1.8537116076659133,17.1765,-0.6200331848746863,17.3562,-1.6489784630276263,19.0106,-10.207989227062795,0,0,17.766532113309836,16.586467886690166,6.870225171715252,23.56573417143457,17.64,16.54,0,0,18.88,16.5,0,0,-0.9286128845037767,-1.952900631820792,Downtrend
2024-12-13 16:00:00,16.89,16.89,16.64,16.73,815,18,0,39.7183098591549,713.95,1.1415365221654177,0,0.32928571428571424,1.9682349927418665,17.139,-2.386370266643322,17.3242,-3.4298842082174112,19.0056,-11.973313128762051,0,0,17.742983269200167,16.535016730799832,7.048057286891504,22.718592112227693,17.64,16.54,0,1,18.44,16.5,0,1,-1.991798476859985,-4.618015963511966,Downtrend
2024-12-13 20:00:00,16.73,16.78,16.67,16.69,302,18,0,41.47058823529412,689.9,0.4377446006667633,0,0.32285714285714284,1.9344346486347683,17.1025,-2.4119280806899455,17.2926,-3.4847275713310832,19.0006,-12.16066861046492,0,0,17.72298792345858,16.48201207654142,7.256107860939391,21.3003403132652,17.64,16.54,0,1,18.44,16.5,0,1,-0.2390914524805665,-3.1340684852002267,Downtrend
2024-12-16 16:00:00,16.44,16.53,16.25,16.37,787,18,0,43.925233644859794,688.05,1.1438122229489136,0,0.30214285714285716,1.8457107950082905,17.063,-4.061419445584,17.2534,-5.120150231258756,18.994,-13.814888912288085,0,0,17.76349907021243,16.36250092978757,8.21073750468769,18.628826363555735,17.64,16.25,0,1,18.44,16.25,0,1,-1.9173157579388866,-4.100761570005854,Downtrend
2024-12-16 20:00:00,16.37,16.42,16.21,16.24,323,18,0,40.43209876543207,686.55,0.4704682834462166,0,0.30571428571428577,1.882477128782548,17.0185,-4.574433704498053,17.2146,-5.661473400485647,18.9858,-14.462387679212899,0,0,17.808444035326197,16.228555964673802,9.283356762654726,17.336571495440342,17.64,16.21,0,1,18.44,16.21,0,1,-0.7941356139279376,-2.928870292887041,Downtrend
2024-12-17 16:00:00,16.07,16.23,16.03,16.21,921,18,0,44.10774410774414,676.55,1.361318453920627,0,0.2992857142857141,1.8463029875738068,16.9505,-4.368602696085666,17.1724,-5.604341850876981,18.97695,-14.580583286566059,0,0,17.773983614383422,16.12701638561658,9.716334201155364,15.297022153364226,17.58,16.03,0,1,18.32,16.03,0,1,-0.1847290640393906,-2.8759736369083306,Downtrend
2024-12-17 20:00:00,16.21,16.23,16.11,16.15,274,18,0,40.68965517241373,671.4,0.408102472445636,0,0.2964285714285713,1.8354710305174697,16.8825,-4.338812379683113,17.149,-5.825412560499168,18.96745,-14.854131683489353,0,0,17.735528659973948,16.029471340026053,10.105477979848335,13.470966440064174,17.57,16.03,0,1,18.32,16.03,0,1,-0.37014188772364065,-1.3439218081857203,Downtrend
2024-12-18 16:00:00,15.95,16.08,15.78,15.84,714,18,0,24.25373134328356,648.9,1.1003236245954693,0,0.2757142857142855,1.7406204906204894,16.801499999999997,-5.722703330059802,17.1198,-7.475554620965206,18.95495,-16.433438231174442,0,0,17.728118640684116,15.874881359315879,11.030189455514314,17.768433190831036,17.57,15.78,0,1,18.18,15.78,0,1,-1.9195046439628438,-2.4630541871921094,Downtrend
2024-12-18 20:00:00,15.84,15.89,15.36,15.41,990,18,0,22.56944444444443,674.15,1.4685159089223467,0,0.29571428571428565,1.918976545842217,16.7085,-7.771493551186525,17.091,-9.83558598092564,18.93985,-18.637159217206047,0,0,17.796448818455676,15.620551181544325,13.02269884736123,21.921431876319136,17.57,15.36,0,1,18.18,15.36,0,1,-2.714646464646464,-4.935225169648369,Downtrend
2024-12-19 16:00:00,15.55,15.56,15.12,15.14,918,18,0,16.38795986622071,667.5,1.3752808988764045,0,0.30857142857142844,2.038120400075485,16.6275,-8.946023154412874,17.0554,-11.230460733843817,18.9251,-20.000422719034507,0,0,17.921093526006718,15.333906473993284,15.55968757788864,26.497093381013674,17.57,15.12,0,1,18.18,15.12,0,1,-1.75210902011681,-6.253869969040236,Downtrend
2024-12-19 20:00:00,15.14,15.24,15.02,15.13,354,18,0,16.896551724137893,666.05,0.5314916297575257,0,0.3135714285714286,2.072514399018034,16.541,-8.530318602261046,17.023,-11.12024907478117,18.91005,-19.98963514110221,0,0,17.991036660153693,15.090963339846308,17.532635997263675,31.36603657232528,17.57,15.02,0,1,18.18,15.02,0,1,-0.06605019815059121,-4.4823232323232265,Downtrend
2024-12-20 16:00:00,15.19,15.53,15.13,15.52,1156,18,0,17.747440273037498,678.75,1.7031307550644568,0,0.305,1.9652061855670102,16.489,-5.876645036084669,16.9992,-8.701585956986206,18.899299999999997,-17.880556422724638,0,0,18.00906786552104,14.968932134478962,18.437356607690447,35.790234823054156,17.57,15.02,0,0,18.18,15.02,0,0,2.577660277594185,0.7138221933809178,Downtrend
2024-12-20 20:00:00,15.52,15.54,15.35,15.36,378,18,0,13.175675675675649,682.4,0.5539273153575616,0,0.3064285714285712,1.9949776785714275,16.4225,-6.469782310854011,16.9696,-9.485197058268907,18.887,-18.674220363212797,0,0,18.01994368157056,14.825056318429437,19.45433011503195,39.93255850917593,17.57,15.02,0,0,18.18,15.02,0,0,-1.0309278350515427,1.4531043593130704,Downtrend
2024-12-23 16:00:00,15.33,15.49,15.24,15.49,750,18,0,18.705035971223012,662.7,1.131733816206428,0,0.2928571428571428,1.8906206769344274,16.336,-5.178746327130255,16.944000000000003,-8.581208687440995,18.8789,-17.95072806148664,0,0,17.93896304583607,14.733036954163929,19.624914860872554,44.80594599125908,17.57,15.02,0,0,18.18,15.02,0,0,0.8463541666666741,2.3793787177792427,Downtrend
2024-12-23 20:00:00,15.49,15.51,15.41,15.49,329,18,0,19.84732824427479,659.45,0.4989005989840018,0,0.2871428571428571,1.8537305173844874,16.261000000000003,-4.741405817600409,16.9218,-8.461274805280766,18.8709,-17.91594465552782,0,0,17.87544662182964,14.646553378170367,19.856670829956773,49.4443308622021,17.57,15.02,0,0,18.18,15.02,0,0,0.0,-0.19329896907216085,Downtrend
2024-12-24 16:00:00,15.42,15.6,15.41,15.57,638,18,0,25.423728813559322,639.3,0.9979665258876897,0,0.26999999999999996,1.7341040462427744,16.182,-3.7819799777530494,16.9022,-7.881814201701555,18.863100000000003,-17.45789398349159,0,0,17.767654107101773,14.596345892898224,19.597751910786982,52.56634709872218,17.57,15.02,0,0,18.18,15.02,0,0,0.5164622336991664,1.3671875000000056,Downtrend
2024-12-26 16:00:00,15.6,15.73,15.56,15.68,600,18,0,29.21810699588474,653.35,0.9183439197979643,0,0.2742857142857143,1.749271137026239,16.1135,-2.6902907499922346,16.877200000000002,-7.093593724077467,18.855,-16.83903473879608,0,0,17.659132556593036,14.56786744340696,19.184318200180446,55.09428134934552,17.57,15.02,0,0,18.18,15.02,0,0,0.7064868336544627,1.2265978050355035,Downtrend
2024-12-26 20:00:00,15.68,15.72,15.65,15.65,240,18,0,33.177570093457916,610.15,0.393345898549537,0,0.24785714285714278,1.5837517115472382,16.0255,-2.3431406196374565,16.8482,-7.111738939471268,18.84775,-16.966216126593363,0,0,17.456487513278244,14.594512486721758,17.858881323868122,57.23129578496361,17.57,15.02,0,0,18.18,15.02,0,0,-0.1913265306122458,1.0329244673983224,Downtrend
2024-12-27 16:00:00,15.51,15.67,15.49,15.55,804,18,0,33.64928909952609,633.6,1.2689393939393938,0,0.24571428571428555,1.580156178226917,15.925999999999998,-2.3609192515383506,16.808200000000003,-7.485632012946073,18.84195,-17.47138698489275,0,0,17.179297125270345,14.672702874729652,15.739006973130065,59.4986001937023,17.39,15.02,0,0,18.18,15.02,0,0,-0.6389776357827448,-0.12845215157353612,Downtrend
2024-12-27 20:00:00,15.55,15.64,15.54,15.58,307,18,0,35.07109004739333,596.8,0.5144101876675604,0,0.237857142857143,1.5266825600586842,15.8435,-1.66314261369016,16.7672,-7.080490481416092,18.8343,-17.278582161269593,0,0,16.943189429841752,14.74381057015825,13.88190020944553,61.367303572703186,17.24,15.02,0,0,18.18,15.02,0,0,0.19292604501608412,-0.6377551020408141,Downtrend
2024-12-30 16:00:00,15.38,15.4,15.22,15.37,735,18,0,32.74336283185839,616.75,1.1917308471828132,0,0.255,1.6590761223162005,15.758499999999998,-2.4653361677824592,16.717200000000002,-8.058765822027627,18.8249,-18.352819935298463,0,0,16.71212521602148,14.804874783978516,12.102994777694354,63.86849571532961,16.89,15.02,0,0,18.18,15.02,0,0,-1.347881899871639,-1.7891373801917003,Downtrend
2024-12-30 20:00:00,15.37,15.43,15.34,15.34,387,18,0,37.373737373737356,595.35,0.6500377928949357,0,0.23500000000000007,1.5319426336375495,15.689000000000002,-2.2244884951239845,16.668,-7.967362610991118,18.8152,-18.470173051575326,0,0,16.541782442793767,14.836217557206236,10.871087294203143,62.23668716999367,16.78,15.02,0,0,18.18,15.02,0,0,-0.19518542615484247,-1.3504823151125456,Downtrend
2024-12-31 16:00:00,15.31,15.44,15.3,15.37,525,18,0,48.734177215189845,606.5,0.8656224237427865,0,0.20714285714285705,1.3477088948787055,15.623000000000001,-1.619407284132381,16.6176,-7.5077026766801485,18.80545,-18.26837432765502,0,0,16.34367512207612,14.902324877923883,9.225822467850206,59.114522526553785,16.53,15.02,0,0,18.18,15.02,0,0,0.19556714471968828,-1.3478818998716358,Downtrend
2024-12-31 20:00:00,15.37,15.37,15.37,15.37,1,18,0,58.77862595419844,567.2,0.0017630465444287728,0,0.17571428571428552,1.1432289246212461,15.573000000000002,-1.3035381750465738,16.5648,-7.212885154061639,18.78865,-18.19529343513239,0,0,16.20927534589199,14.936724654108014,8.171519243459672,,16.42,15.02,0,0,18.18,15.02,0,0,0.0,0.0,Downtrend
2025-01-02 16:00:00,15.77,15.96,15.76,15.85,718,18,0,70.2247191011236,586.95,1.2232728511798279,0,0.202142857142857,1.2753492564218107,15.5535,1.9063233355836307,16.5212,-4.0626588867636775,18.77325,-15.571358182520347,0,0,16.124234522118073,14.982765477881928,7.338985078832059,,16.23,15.02,0,0,18.18,15.02,0,0,3.122966818477546,3.3246414602346794,Downtrend
2025-01-02 20:00:00,15.85,15.91,15.76,15.87,356,18,0,62.411347517730505,558.7,0.637193484875604,0,0.1842857142857143,1.161220631920065,15.536499999999998,2.1465581051073332,16.475800000000003,-3.676907949841609,18.7566,-15.389782796455648,0,0,16.041351202675212,15.031648797324783,6.498905193257359,,16.23,15.02,0,0,18.18,15.02,0,0,0.12618296529969264,3.253090435914119,Downtrend
2025-01-03 16:00:00,15.84,15.89,15.77,15.8,792,18,0,66.66666666666677,584.6,1.3547724940130004,0,0.1792857142857144,1.1347197106690785,15.519,1.8106836780720443,16.4422,-3.9058033596477295,18.7404,-15.690166698683061,0,0,15.95370013863217,15.08429986136783,5.6021668745688515,,16.08,15.02,1,0,18.18,15.02,0,0,-0.4410838059231148,2.7976577748861517,Downtrend
2025-01-03 20:00:00,15.8,15.85,15.74,15.75,291,18,0,60.48387096774195,563.45,0.5164610879403674,0,0.16928571428571434,1.0748299319727894,15.514500000000002,1.5179348351541992,16.4054,-3.995026028015167,18.724800000000002,-15.886952063573451,0,0,15.936897916662138,15.092102083337865,5.4452018004078315,,15.96,15.02,1,0,17.65,15.02,0,0,-0.31645569620253333,-0.6309148264984206,Downtrend
2025-01-06 16:00:00,15.66,15.67,15.46,15.56,967,18,0,52.44755244755246,562.3,1.7197225680241865,0,0.18285714285714288,1.175174439955931,15.522,0.24481381265301028,16.3708,-4.952720697827831,18.7073,-16.82391365937361,0,0,15.941904751104952,15.102095248895049,5.410446477321884,,15.96,15.02,0,0,17.65,15.02,0,0,-1.2063492063491998,-1.9533711405166903,Downtrend
2025-01-06 20:00:00,15.56,15.56,15.4,15.41,338,18,0,44.66666666666665,533.3,0.6337896118507407,0,0.1807142857142858,1.1727078891258003,15.535500000000003,-0.8078272343986507,16.3296,-5.631491279639422,18.68895,-17.544859395525155,0,0,15.919521655091813,15.151478344908192,4.943795244334726,,15.96,15.02,0,0,17.65,15.02,0,0,-0.9640102827763508,-2.46835443037975,Downtrend
2025-01-07 16:00:00,15.69,15.82,15.54,15.57,985,18,0,46.451612903225815,564.85,1.743825794458706,0,0.19785714285714295,1.270758785209653,15.557500000000001,0.08034709946970457,16.2918,-4.430449674069153,18.672,-16.61311053984576,0,0,15.890769292094443,15.224230707905559,4.284355353937875,,15.96,15.13,0,0,17.65,15.02,0,0,1.0382868267358791,-1.142857142857141,Downtrend
2025-01-07 20:00:00,15.57,15.58,15.39,15.43,423,18,0,43.37349397590359,528.2,0.8008330177962892,0,0.20642857142857146,1.3378390889732434,15.553,-0.7908442101202411,16.2508,-5.050828266916102,18.65125,-17.270960391394684,0,0,15.890800937957124,15.215199062042878,4.343868552139435,,15.96,15.22,0,1,17.65,15.02,0,0,-0.8991650610147728,-0.8354755784061746,Downtrend
2025-01-08 16:00:00,15.49,15.79,15.45,15.61,923,18,0,51.72413793103445,555.45,1.6617157259879376,0,0.2192857142857143,1.4047771574997714,15.5655,0.2858886640326319,16.2146,-3.728738297583668,18.6312,-16.215810039074245,0,0,15.891527121894825,15.239472878105175,4.189099250198513,,15.96,15.22,0,0,17.64,15.02,0,0,1.1665586519766569,1.2978585334198525,Downtrend
2025-01-08 20:00:00,15.61,15.77,15.56,15.74,530,18,0,54.34782608695652,544.45,0.9734594544953622,0,0.227142857142857,1.4430931203485198,15.578,1.0399281037360433,16.1862,-2.7566692614696424,18.609250000000003,-15.418407512393042,0,0,15.91093590342582,15.245064096574179,4.274437070558741,,15.96,15.22,1,0,17.64,15.02,0,0,0.8327994875080069,1.09184328837508,Downtrend
2025-01-10 16:00:00,16.1,16.12,15.68,15.72,1375,18,0,60.60606060606066,596.75,2.304147465437788,1,0.23285714285714285,1.481279534714649,15.589500000000001,0.8371018955065885,16.158,-2.710731526178986,18.5873,-15.426124289165175,0,0,15.925512217823707,15.253487782176295,4.3107504130819585,,16.12,15.22,0,0,17.64,15.02,0,0,-0.12706480304954804,1.879455605962417,Downtrend
2025-01-10 20:00:00,15.72,15.74,15.58,15.63,434,18,0,58.47953216374272,586.55,0.7399198704287785,0,0.23785714285714285,1.5217987386893335,15.592500000000001,0.24050024050023822,16.1192,-3.0348900689860447,18.56355,-15.80274247113294,0,0,15.928850381221514,15.256149618778489,4.314258537393138,,16.12,15.22,0,0,17.64,15.02,0,0,-0.5725190839694694,0.12812299807816369,Downtrend
2025-01-13 16:00:00,15.37,15.47,15.22,15.39,1100,18,0,50.520833333333364,611.55,1.798708200474205,0,0.25714285714285723,1.6708437761069346,15.578,-1.2068301450763823,16.0768,-4.271994426751581,18.538899999999998,-16.985365906283533,0,0,15.923351079948429,15.23264892005157,4.4338307863452195,,16.12,15.22,0,1,17.64,15.02,0,0,-1.5355086372360827,-2.2236340533672148,Downtrend
2025-01-13 20:00:00,15.39,15.43,15.34,15.36,342,18,0,49.743589743589745,616.65,0.554609584042812,0,0.2635714285714287,1.7159598214285723,15.563500000000001,-1.3075465030359608,16.0348,-4.208346845610804,18.51345,-17.033292012023686,0,0,15.920285354904294,15.206714645095708,4.5848987040741855,17.211095841226676,16.12,15.22,0,1,17.58,15.02,0,0,-0.19493177387914784,-2.2900763358778704,Downtrend
2025-01-14 16:00:00,15.27,15.48,15.23,15.37,1285,18,0,33.783783783783775,640.7,2.005618854378024,1,0.23928571428571427,1.5568361371874708,15.5545,-1.186151917451552,15.996799999999999,-3.9182836567313424,18.4877,-16.86364447713886,0,0,15.921649761499204,15.187350238500798,4.720817274733393,15.86998796950653,16.12,15.22,0,1,17.57,15.02,0,0,0.06510416666667407,-1.6634676903391017,Downtrend
2025-01-14 20:00:00,15.36,15.48,15.3,15.47,356,18,0,37.17948717948724,643.15,0.5535256161082174,0,0.24142857142857135,1.5606242496998795,15.548999999999998,-0.5080712586018206,15.970999999999998,-3.1369356959488934,18.46385,-16.214657289785176,0,0,15.917833152980238,15.180166847019757,4.744139854398875,15.489144998448632,16.12,15.22,0,1,17.57,15.02,0,0,0.6506180871828304,0.5198180636777132,Downtrend
2025-01-15 16:00:00,15.65,15.7,15.53,15.6,916,18,0,43.82716049382714,652.2,1.4044771542471632,0,0.24928571428571406,1.5979853479853465,15.560500000000001,0.25384788406541264,15.945799999999998,-2.1685961193543055,18.441100000000002,-15.406347777518706,0,0,15.920059672231519,15.200940327768484,4.621441113479869,14.346287855591482,16.12,15.22,0,0,17.57,15.02,0,0,0.8403361344537785,1.5625000000000013,Downtrend
2025-01-15 20:00:00,15.6,15.84,15.6,15.74,337,18,0,49.7076023391813,649.7,0.5187009388948746,0,0.2585714285714284,1.642766382283535,15.5805,1.0237155418632233,15.929400000000001,-1.1889964468216059,18.4175,-14.537803719288721,0,0,15.932844030444631,15.22815596955537,4.522884765503423,13.266885678335797,16.12,15.22,0,0,17.57,15.02,0,0,0.8974358974358942,2.4072869225764544,Downtrend
2025-01-16 16:00:00,15.83,15.85,15.7,15.76,784,18,0,56.49350649350646,662.65,1.1831283482984984,0,0.24857142857142847,1.577229876722262,15.6,1.0256410256410264,15.9108,-0.94778389521583,18.3943,-14.321284310900667,0,0,15.946410161514477,15.253589838485523,4.441155916852269,14.808442895281972,16.12,15.22,0,0,17.57,15.02,0,0,0.12706480304955914,1.8745959922430455,Downtrend
2025-01-16 20:00:00,15.76,15.8,15.62,15.63,336,18,0,57.23684210526317,679.4,0.49455401825139833,0,0.25,1.599488163787588,15.613,0.10888362262218175,15.879000000000001,-1.5681088229737423,18.37035,-14.917244363879828,0,0,15.942152020549868,15.283847979450131,4.216384045985629,15.786288579010039,16.12,15.22,0,0,17.57,15.02,0,0,-0.8248730964466988,0.19230769230769962,Downtrend
2025-01-17 16:00:00,15.61,15.96,15.59,15.92,840,18,0,60.60606060606059,685.5,1.225382932166302,0,0.2471428571428572,1.5524048815506106,15.616500000000002,1.943457240738948,15.8576,0.3935021693068323,18.3481,-13.233522817076421,0,0,15.957537117906476,15.275462882093528,4.367651111407471,16.910291479662693,16.12,15.22,1,0,17.57,15.02,0,0,1.855406269993587,1.1435832274459956,Downtrend
2025-01-17 20:00:00,15.92,15.94,15.82,15.9,441,18,0,65.35947712418303,689.75,0.6393620877129395,0,0.2421428571428572,1.5229110512129382,15.618,1.8056089127929313,15.832600000000003,0.4257039273397764,18.32655,-13.240626304459926,0,0,15.963960143734957,15.272039856265044,4.430274602829507,18.160484661758197,16.12,15.22,1,0,17.57,15.02,0,0,-0.12562814070351536,0.8883248730964504,Downtrend
2025-01-21 16:00:00,15.82,16.12,15.8,15.89,983,18,0,60.294117647058876,699.3,1.4056914056914058,0,0.23928571428571438,1.5058886990919722,15.622499999999999,1.7122739638342255,15.8094,0.5098232697003077,18.30425,-13.189559801685396,0,0,15.980557625471617,15.26444237452838,4.583871025400777,18.98482913251151,16.12,15.22,1,0,17.57,15.02,0,0,-0.06289308176100628,1.6634676903390901,Downtrend
2025-01-21 20:00:00,15.88,15.94,15.86,15.86,354,18,0,54.76190476190473,702.45,0.5039504591074098,0,0.23000000000000018,1.450189155107189,15.628,1.4845149731251557,15.778400000000001,0.5171627034426691,18.28475,-13.261050875729774,0,0,15.99750037390545,15.258499626094551,4.728696876189521,19.809173603264828,16.12,15.22,1,0,17.57,15.02,0,0,-0.18879798615482057,-0.3768844221105559,Downtrend
2025-01-22 16:00:00,15.77,15.77,15.64,15.75,802,18,0,51.111111111111086,694.2,1.1552866609046384,0,0.21428571428571427,1.3605442176870748,15.6375,0.7194244604316592,15.742600000000003,0.047006212442652184,18.26425,-13.765963562697623,0,0,16.009401231937005,15.265598768062992,4.7565305443582,17.326688071738744,16.12,15.22,0,0,17.57,15.02,0,0,-0.693568726355609,-0.9433962264150966,Downtrend
2025-01-22 20:00:00,15.74,15.81,15.65,15.66,383,18,0,51.111111111111086,696.45,0.5499317969703496,0,0.21428571428571427,1.3683634373289546,15.65,0.0638977635782734,15.711200000000002,-0.325882173226752,18.24115,-14.150149524563972,0,0,16.00617854777514,15.293821452224861,4.551802527477814,14.804981383365345,16.12,15.22,0,0,17.57,15.02,0,0,-0.5714285714285672,-1.4474512271869127,Downtrend
2025-01-23 16:00:00,15.52,15.65,15.37,15.58,869,18,0,57.98319327731091,690.65,1.2582349960182437,0,0.20571428571428577,1.3203741059966996,15.6505,-0.45046484137886406,15.681399999999998,-0.6466259390105359,18.217850000000002,-14.47948028993543,0,0,16.006233489834656,15.294766510165342,4.545969647419024,13.798157961718255,16.12,15.22,0,0,17.39,15.02,0,0,-0.5108556832694733,-1.7654476670870074,Downtrend
2025-01-23 20:00:00,15.58,15.72,15.51,15.72,385,18,0,63.8461538461539,688.75,0.558983666061706,0,0.2142857142857144,1.3631406761177762,15.664999999999997,0.35110118097672055,15.6612,0.37545015707609586,18.196849999999998,-13.611421757062333,0,0,16.00623614296206,15.323763857037937,4.356669555851404,13.089793844741651,16.12,15.22,0,0,17.24,15.02,0,0,0.898587933247752,-0.1904761904761864,Downtrend
2025-01-24 16:00:00,15.96,16.13,15.85,16.07,685,18,0,71.34146341463419,676.85,1.0120410726157938,0,0.22571428571428573,1.4045692950484487,15.687999999999999,2.4349821519632933,15.648800000000001,2.691580185062106,18.1768,-11.590599005325469,0,0,16.072849936578752,15.303150063421247,4.906296998709235,14.592192039042434,16.13,15.22,1,0,16.89,15.02,0,0,2.2264631043257044,2.6181353767560673,Downtrend
2025-01-24 20:00:00,16.07,16.15,16.03,16.04,331,18,0,68.15286624203819,666.9,0.49632628579997,0,0.22142857142857128,1.3804773779836115,15.703,2.1460867350187844,15.6422,2.5431205329173543,18.159550000000003,-11.671820061620489,0,0,16.11854529805702,15.28745470194298,5.292559358810659,16.14606586820938,16.15,15.22,1,0,16.78,15.02,0,0,-0.18668326073429942,2.9525032092426127,Downtrend
2025-01-27 16:00:00,15.72,15.86,15.61,15.67,1287,18,0,51.93370165745857,662.5,1.9426415094339622,0,0.23571428571428563,1.5042392196189256,15.7005,-0.19426132925702985,15.630799999999999,0.2507869078997941,18.14035,-13.61798421750408,0,0,16.116216249382262,15.284783750617738,5.295579750737392,16.214747186890687,16.15,15.22,0,0,16.53,15.02,0,0,-2.3067331670822866,-0.31806615776081876,Downtrend
2025-01-27 20:00:00,15.67,15.98,15.66,15.97,495,18,0,55.83756345177667,665.55,0.7437457741717377,0,0.24142857142857135,1.5117631272922438,15.717499999999998,1.606489581676495,15.626,2.2014591066171842,18.1234,-11.8818764690952,0,0,16.14860018374097,15.286399816259022,5.485607555157936,15.823187671661339,16.15,15.22,1,0,16.42,15.02,0,0,1.9144862795150042,-0.622277535780956,Downtrend
2025-01-28 16:00:00,16.05,16.15,15.82,15.86,859,18,0,52.42718446601941,653.5,1.3144605967865342,0,0.25428571428571406,1.603314718068815,15.741,0.7559875484403772,15.6202,1.53519161086285,18.10655,-12.407388486486932,0,0,16.147468746776067,15.334531253223933,5.164459015006251,14.582696827210084,16.15,15.23,1,0,16.23,15.02,0,0,-0.6887914840325693,-1.122194513715709,Downtrend
2025-01-28 20:00:00,15.86,15.93,15.82,15.86,322,18,0,55.95854922279789,652.5,0.4934865900383142,0,0.24928571428571392,1.5717888668708317,15.766,0.5962197133071129,15.6206,1.5325915777883041,18.0886,-12.32046703448581,0,0,16.1334320560184,15.3985679439816,4.661068831896482,13.709637323034567,16.15,15.23,1,0,16.23,15.02,0,0,0.0,1.2125079770261615,Downtrend
2025-01-29 16:00:00,15.89,16.03,15.78,15.81,947,18,0,46.74556213017754,635.6,1.4899307740717431,0,0.2407142857142854,1.5225445016716344,15.788,0.13934633899164076,15.628599999999999,1.160692576430402,18.07085,-12.511032961924865,0,0,16.104799787347762,15.47120021265224,4.013171869112754,13.029926971937607,16.15,15.3,0,0,16.15,15.02,0,0,-0.31525851197982124,-1.0018785222291806,Downtrend
2025-01-29 20:00:00,15.8,15.86,15.7,15.85,909,18,0,48.53801169590641,663.25,1.3705239351677347,0,0.24357142857142833,1.5367282559711566,15.806999999999999,0.27203137850320136,15.6428,1.3245710486613667,18.0556,-12.21560070005981,0,0,16.08693232264885,15.527067677351146,3.541877935710145,11.389171414131342,16.15,15.37,1,0,16.15,15.02,1,0,0.25300442757747454,-0.06305170239596335,Downtrend
2025-01-30 16:00:00,16.2,16.72,16.2,16.6,1115,18,0,64.48979591836735,673.2,1.6562685680332738,0,0.28285714285714253,1.7039586919104972,15.857,4.685627798448648,15.6722,5.920036752976617,18.04405,-8.002915088353209,0,0,16.294269036780246,15.419730963219754,5.5151546544774686,11.664159491473798,16.72,15.37,1,0,16.72,15.02,1,0,4.731861198738185,4.6658259773014,Downtrend
2025-01-30 20:00:00,16.6,16.62,16.36,16.47,677,18,0,61.960784313725455,690.2,0.9808751086641553,0,0.2957142857142855,1.7954722872755648,15.8935,3.627269009343438,15.691200000000002,4.9632915264606705,18.0308,-8.65629922133239,0,0,16.40518555311202,15.38181444688798,6.4389285319409835,11.939147568816253,16.72,15.37,1,0,16.72,15.02,1,0,-0.7831325301205005,4.1745730550284526,Downtrend
2025-01-31 16:00:00,16.6,16.73,16.52,16.57,1315,18,0,66.14173228346453,716.75,1.8346703871642833,0,0.29857142857142854,1.8018794723683074,15.934000000000001,3.9914647922681006,15.715399999999999,5.437978034284851,18.0177,-8.034876815575801,0,0,16.52350112718107,15.344498872818932,7.399286145111955,14.095009913754234,16.73,15.37,1,0,16.73,15.13,1,0,0.6071645415907767,4.542586750788648,Downtrend
2025-01-31 20:00:00,16.57,16.57,16.25,16.27,919,18,0,61.09090909090905,745.9,1.2320686419091031,0,0.31,1.9053472649047327,15.966,1.904046097958163,15.731,3.426355603585276,18.0025,-9.623663380086107,0,0,16.55550112718106,15.376498872818937,7.384456058888407,15.871233271898506,16.73,15.37,0,0,16.73,15.22,0,0,-1.8105009052504561,-1.9879518072289266,Downtrend
2025-02-03 16:00:00,16.44,16.61,16.3,16.39,2610,18,0,64.51612903225804,834.4,3.1279961649089167,1,0.3135714285714285,1.9131874836572818,15.989499999999998,2.5047687544951547,15.749,4.070099688869135,17.98685,-8.877874669550254,0,0,16.60803732389646,15.370962676103535,7.736793819649939,18.465897437464065,16.73,15.37,0,0,16.73,15.22,0,0,0.7375537799631182,-0.4857316332726066,Downtrend
2025-02-03 20:00:00,16.38,16.55,16.35,16.45,571,18,0,63.46863468634681,840.9,0.6790343679391129,0,0.31285714285714267,1.9018671298306546,16.017,2.7033776612349367,15.766599999999999,4.334479215556941,17.971600000000002,-8.466691891651287,0,0,16.666893918469402,15.367106081530595,8.115051738395495,20.648885257097813,16.73,15.37,1,0,16.73,15.22,1,0,0.36607687614398365,-0.724200362100187,Downtrend
2025-02-04 16:00:00,16.56,16.71,16.46,16.61,1345,18,0,60.71428571428567,859.0,1.5657741559953435,0,0.30214285714285716,1.8190418852670511,16.053,3.469756431819589,15.7852,5.225147606618856,17.956300000000002,-7.497647065375398,0,0,16.7512413999699,15.3547586000301,8.699201395002794,20.64599302178553,16.73,15.37,1,0,16.73,15.22,1,0,0.9726443768997006,2.0897357098955123,Downtrend
2025-02-04 20:00:00,16.61,16.67,16.58,16.58,363,18,0,60.71428571428567,859.45,0.422363139216941,0,0.30000000000000043,1.8094089264173732,16.089,3.0517745043197197,15.8038,4.911476986547523,17.936850000000003,-7.56459467520777,0,0,16.81887093307495,15.359129066925044,9.0729185539804,20.55076775149965,16.73,15.37,1,0,16.73,15.22,1,0,-0.18061408789886713,1.1592434411226218,Downtrend
2025-02-05 16:00:00,16.93,17.14,16.87,17.07,1217,18,0,76.51515151515143,880.2,1.3826403090206771,0,0.30928571428571494,1.811867101849531,16.155,5.6638811513463265,15.8342,7.804625431029046,17.9197,-4.741708845572184,0,0,16.987333435210157,15.322666564789845,10.304344601797041,25.322700364341348,17.14,15.37,1,0,17.14,15.22,1,0,2.955367913148388,3.7689969604863283,Downtrend
2025-02-05 20:00:00,17.07,17.12,16.89,17.05,504,18,0,72.88135593220332,886.25,0.568688293370945,0,0.3028571428571435,1.776288227901135,16.2245,5.087984221393582,15.863600000000002,7.478756398295462,17.90095,-4.7536583253961435,0,0,17.113034571196206,15.335965428803794,10.952997888331916,29.90450100355017,17.14,15.37,1,0,17.14,15.22,1,0,-0.11716461628588082,2.649006622516564,Downtrend
2025-02-06 16:00:00,17.01,17.13,16.96,17.05,883,18,0,76.44444444444439,886.95,0.9955465358813912,0,0.2914285714285721,1.7092584834520357,16.298,4.61406307522397,15.8972,7.251591475228349,17.882550000000002,-4.655655932738906,0,0,17.205062349159874,15.39093765084012,11.130965138788525,34.05778646524685,17.14,15.51,1,0,17.14,15.22,1,0,0.0,2.834740651387228,Downtrend
2025-02-06 20:00:00,17.05,17.11,16.96,17.09,315,18,0,76.85589519650648,883.45,0.35655668119304995,0,0.29428571428571487,1.7219760929532761,16.366500000000002,4.420615281214663,15.9322,7.267044099371085,17.865850000000002,-4.3426425275036,0,0,17.29640718269154,15.436592817308465,11.363543612764323,37.9296155707208,17.14,15.61,1,0,17.14,15.22,1,0,0.23460410557183398,0.11716461628587917,Downtrend
2025-02-07 16:00:00,17.11,17.39,16.96,17.06,1322,18,0,77.53303964757694,915.3,1.4443351906478752,0,0.30714285714285755,1.8003684474962343,16.416,3.923001949317729,15.966,6.8520606288362735,17.84905,-4.420683453741233,0,0,17.384066983328513,15.447933016671486,11.79418839337857,42.43519770788189,17.39,15.61,1,0,17.39,15.22,1,0,-0.17554125219427785,0.05865102639295021,Downtrend
2025-02-07 20:00:00,17.06,17.09,16.91,16.91,385,18,0,72.26890756302515,918.0,0.41938997821350765,0,0.308571428571429,1.8247866858156652,16.4595,2.737021173182671,15.9968,5.708641728345667,17.8319,-5.169948238830415,0,0,17.434589199698493,15.484410800301504,11.84834532881916,47.38172685717602,17.39,15.61,0,0,17.39,15.22,0,0,-0.8792497069167515,-0.8211143695014695,Downtrend
2025-02-10 16:00:00,17.46,17.57,17.22,17.27,1092,18,0,66.83417085427126,908.25,1.2023121387283238,0,0.29357142857142904,1.6998924642236772,16.539499999999997,4.416699416548281,16.025199999999998,7.76776576891397,17.8164,-3.0668372959745063,0,0,17.50434468343775,15.574655316562243,11.667156606158033,50.18698644896648,17.57,15.66,1,0,17.57,15.22,1,0,2.1289178001182796,1.053247513165592,Downtrend
2025-02-10 20:00:00,17.27,17.38,17.25,17.32,364,18,0,72.25130890052355,901.7,0.4036819341244316,0,0.2842857142857146,1.641372484328606,16.607000000000003,4.293370265550655,16.054199999999998,7.884541116966291,17.802,-2.7075609482080627,0,0,17.59275325192687,15.621246748073135,11.871539133219326,52.99224604075694,17.57,15.7,1,0,17.57,15.22,1,0,0.2895193977996646,1.524032825322401,Downtrend
2025-02-11 16:00:00,17.18,17.27,17.12,17.19,1035,18,0,65.97938144329899,910.5,1.1367380560131797,0,0.28000000000000014,1.628853984874928,16.6735,3.0977299307284047,16.082,6.889690337022761,17.78815,-3.3626318644715743,0,0,17.625954447039003,15.721045552960996,11.424769209092315,53.89760818561491,17.57,15.7,0,0,17.57,15.22,0,0,-0.7505773672055405,1.6558249556475526,Downtrend
2025-02-11 20:00:00,17.19,17.21,16.91,16.91,359,18,0,66.66666666666666,912.35,0.39348934071354197,0,0.27857142857142875,1.6473768691391408,16.726,1.1000837020208123,16.1052,4.997143779648811,17.77185,-4.84952326291298,0,0,17.602365701123343,15.849634298876655,10.479082878432909,56.131562061691604,17.57,15.7,0,0,17.57,15.22,0,0,-1.628853984874934,-2.084539664157495,Downtrend
2025-02-12 16:00:00,17.59,18.26,17.46,18.25,2312,18,0,79.61783439490445,980.6,2.3577401590862737,1,0.350714285714286,1.921722113502937,16.848,8.32146248812916,16.159000000000002,12.94015718794478,17.7624,2.7451245327208063,0,0,17.856795008126607,15.839204991873391,11.975249384218992,58.43969127980472,18.26,15.7,1,0,18.26,15.22,1,0,7.924305144884691,5.3695150115473425,Uptrend
2025-02-12 20:00:00,18.24,18.25,18.02,18.09,708,18,0,75.30864197530863,970.55,0.729483282674772,0,0.3528571428571432,1.9505646371318033,16.96,6.662735849056597,16.2126,11.579882313755977,17.751549999999998,1.9065940720669559,0,0,17.999189967943188,15.920810032056814,12.25459867857532,60.86103753917915,18.26,16.2,1,0,18.26,15.22,1,0,-0.8767123287671263,5.2356020942408295,Uptrend
2025-02-13 16:00:00,18.04,18.4,17.94,18.37,1116,18,0,76.19047619047619,970.6,1.1498042447970327,0,0.36714285714285716,1.9986002021930165,17.0485,7.751415080505618,16.268600000000003,12.916907416741438,17.741999999999997,3.539623492278231,0,0,18.247750204349217,15.849249795650785,14.068688791966636,63.39532477346209,18.4,16.25,1,0,18.4,15.22,1,0,1.5478164731896227,8.63394441159078,Uptrend
2025-02-13 20:00:00,18.37,18.43,18.27,18.36,628,18,0,76.64670658682634,968.15,0.6486598151112948,0,0.37214285714285694,2.026921879863055,17.142999999999997,7.099107507437452,16.3272,12.450389534029092,17.73205,3.5413277088661403,0,0,18.4438677265984,15.842132273401596,15.176663671450754,65.99401343518358,18.43,16.25,1,0,18.43,15.22,1,0,-0.05443658138269969,0.6027397260273941,Uptrend
2025-02-14 16:00:00,18.38,18.39,17.99,18.02,1214,18,0,64.89028213166142,963.1,1.2605129270065414,0,0.3607142857142855,2.0017440938639592,17.2155,4.673114344631297,16.3754,10.043113450663805,17.7216,1.6838208739617242,0,0,18.54325195844627,15.88774804155373,15.42507575668752,64.40015275041381,18.43,16.25,0,0,18.43,15.22,0,0,-1.851851851851849,-0.38695411829740345,Uptrend
2025-02-14 20:00:00,18.02,18.09,17.82,17.85,392,18,0,61.976047904191624,936.75,0.418468107819589,0,0.3635714285714283,2.0368147258903546,17.2945,3.2120038162421705,16.4176,8.724783159536114,17.70895,0.7964899104689995,0,0,18.57246672388932,16.01653327611068,14.778880267013456,62.32153452527981,18.43,16.3,0,0,18.43,15.22,0,0,-0.943396226415083,-2.830702231899834,Uptrend
2025-02-18 16:00:00,18.16,18.22,17.97,18.19,906,18,0,65.48913043478262,851.55,1.0639422230051083,0,0.37785714285714256,2.0772795099348134,17.3845,4.633437832551998,16.467,10.463350944312884,17.6982,2.7788136646664707,0,0,18.64770352987739,16.12129647012261,14.532526444561428,60.60169754966322,18.43,16.35,1,0,18.43,15.22,1,0,1.904761904761898,-0.9259259259259158,Uptrend
2025-02-18 20:00:00,18.19,18.32,18.16,18.27,352,18,0,65.86021505376344,840.6,0.4187485129669284,0,0.3785714285714284,2.07209320509813,17.475500000000004,4.5463649108752,16.5198,10.594559256165326,17.6871,3.295622233152968,0,0,18.717289455838436,16.23371054416157,14.211775981670707,59.019545550819764,18.43,16.46,1,0,18.43,15.22,1,0,0.43980208905991525,1.3873473917869035,Uptrend
2025-02-19 16:00:00,18.14,18.31,18.08,18.19,727,18,0,64.98673740053056,809.7,0.8978634061998271,0,0.36428571428571416,2.0026702269692915,17.5545,3.620154376370733,16.5758,9.738293174386758,17.675,2.913719943422917,0,0,18.76509315604938,16.34390684395062,13.792396890249004,56.35344151522056,18.43,16.58,1,0,18.43,15.22,1,0,-0.4378762999452612,1.904761904761904,Uptrend
2025-02-19 20:00:00,18.19,18.95,18.18,18.69,1178,18,0,71.60194174757285,850.45,1.3851490387441943,0,0.40642857142857125,2.1745776962470367,17.660000000000004,5.8323895809739374,16.6424,12.303513916262094,17.6631,5.813815241945079,0,0,18.88073317055125,16.43926682944876,13.824837718587146,54.54059021795001,18.95,16.87,1,0,18.95,15.22,1,0,2.748763056624526,2.7487630566245187,Uptrend
2025-02-20 16:00:00,18.97,19.06,18.67,18.7,1242,18,0,68.96551724137933,851.7,1.4582599506868614,0,0.38714285714285673,2.0702826585179506,17.7415,5.402587154411977,16.709,11.915734035549702,17.651999999999997,5.937004305461149,0,0,19.012972830183404,16.470027169816593,14.333318267152222,52.69044855023576,19.06,16.89,1,0,19.06,15.23,1,0,0.05350454788655146,2.3535851122058005,Uptrend
2025-02-20 20:00:00,18.69,18.78,18.66,18.71,352,18,0,68.63270777479894,844.1,0.41701220234569364,0,0.3864285714285712,2.0653584790410005,17.8245,4.9678812869926245,16.7738,11.543001585806433,17.644,6.041713897075508,0,0,19.122360182235138,16.526639817764863,14.562654573594067,50.808789663566664,19.06,16.91,1,0,19.06,15.23,1,0,0.05347593582889498,2.8587135788894975,Uptrend
2025-02-21 16:00:00,18.56,18.67,18.31,18.37,972,18,0,64.9746192893401,848.55,1.1454834718048437,0,0.4007142857142857,2.181351582549187,17.8905,2.6801933987311792,16.8292,9.155515413685741,17.63515,4.166962004859622,0,0,19.156383922507505,16.624616077492494,14.151464995472521,49.237541695352824,19.06,16.91,0,0,19.06,15.3,0,0,-1.8172100481026132,-1.7121455323702528,Uptrend
2025-02-21 20:00:00,18.36,18.42,18.18,18.22,553,18,0,67.19160104986875,860.45,0.6426869661223777,0,0.39642857142857146,2.1757879880821704,17.947,1.521145595364126,16.8788,7.946062516292632,17.62745,3.3615185406851205,0,0,19.162307628371828,16.73169237162817,13.543295574433929,47.53451983978776,19.06,16.91,0,0,19.06,15.37,0,0,-0.816548720740351,-2.5668449197860985,Uptrend
2025-02-24 16:00:00,18.29,18.38,18.02,18.23,1514,18,0,49.5967741935484,870.05,1.740129877593242,0,0.3257142857142856,1.7866938327717259,18.005499999999998,1.2468412429535565,16.9282,7.690126534421853,17.61965,3.46403021626423,0,0,19.151706098855012,16.859293901144984,12.731733068840237,42.64859270674155,19.06,16.91,0,0,19.06,15.37,0,0,0.05488474204171645,-2.5654730090860522,Uptrend
2025-02-24 20:00:00,18.22,18.28,18.15,18.15,385,18,0,51.24999999999997,870.05,0.4425033044077927,0,0.3185714285714286,1.75521448248721,18.067500000000003,0.456621004566188,16.9786,6.899273202737555,17.6094,3.0699512760230205,0,0,19.09187400653421,17.043125993465797,11.33941061612515,37.76266557369535,19.06,16.91,0,0,19.06,15.37,0,0,-0.43883708173341196,-1.1976047904191747,Uptrend
2025-02-25 16:00:00,17.96,18.04,17.64,17.93,1774,18,0,40.598290598290575,904.15,1.9620638168445501,0,0.32214285714285723,1.7966695880806314,18.100500000000004,-0.9419629292008732,17.018800000000002,5.354079018497175,17.598,1.8865780202295759,0,0,19.056973236756452,17.144026763243556,10.568473100261848,34.7260649082287,19.06,16.91,0,0,19.06,15.37,0,0,-1.2121212121212088,-1.5916575192096554,Uptrend
2025-02-25 20:00:00,17.93,18.04,17.86,17.99,452,18,0,42.25941422594139,908.55,0.497496010126025,0,0.3235714285714287,1.7986182799968244,18.133999999999997,-0.7940884526304091,17.0606,5.44763959063572,17.58755,2.288266415731573,0,0,19.01968498617545,17.248315013824545,9.768225280417472,31.76638986646239,19.06,16.91,0,0,19.06,15.37,0,0,0.3346346904629094,-1.3165112452002303,Uptrend
2025-02-26 16:00:00,17.89,18.4,17.83,18.29,1154,18,0,55.744680851063826,914.5,1.2618917441224713,0,0.3357142857142857,1.835507302975865,18.189,0.5552806641376606,17.1086,6.905299089346878,17.57855,4.047262146195217,0,0,18.95660461313427,17.42139538686573,8.440316819333344,28.776573927006172,19.06,16.91,0,0,19.06,15.37,0,0,1.6675931072818173,0.7713498622589563,Uptrend
2025-02-26 20:00:00,18.29,18.44,18.22,18.36,466,18,0,61.33333333333329,919.85,0.5066043376637495,0,0.3321428571428573,1.8090569561157805,18.2615,0.5393861402403844,17.1586,7.001736738428541,17.571749999999998,4.48589355072774,0,0,18.739886542672615,17.78311345732739,5.23929077756606,26.431191214603547,19.06,17.46,0,0,19.06,15.37,0,0,0.3827227993439042,2.3982152816508626,Uptrend
2025-02-27 16:00:00,18.01,18.09,17.86,17.94,1851,18,0,44.6351931330472,896.8,2.064005352363961,1,0.34142857142857175,1.9031692944736438,18.246000000000002,-1.6770799079250296,17.2024,4.287773799004793,17.5627,2.148302937475455,0,0,18.74557455583911,17.746425444160895,5.4759898699891165,24.5541026598834,19.06,17.64,0,1,19.06,15.37,0,0,-2.287581699346397,-0.2779321845469548,Uptrend
2025-02-27 20:00:00,17.94,18.02,17.67,17.68,675,18,0,38.247011952191244,895.15,0.7540635647656817,0,0.35500000000000015,2.0079185520362,18.2255,-2.9930591753312696,17.2428,2.5355510705917874,17.55085,0.7358617958674321,0,0,18.782388914558044,17.668611085441956,6.111096151634186,23.208220422281403,19.06,17.64,0,1,19.06,15.37,0,0,-1.449275362318847,-3.3351558228540155,Uptrend
2025-02-28 16:00:00,17.23,17.54,17.19,17.41,1708,18,0,35.55555555555554,924.75,1.84698567180319,0,0.3735714285714286,2.1457290555509974,18.1775,-4.222252785036437,17.2794,0.7558132805537296,17.5378,-0.728711697020154,0,0,18.83783085805906,17.517169141940936,7.265364962828355,23.192359902575422,19.06,17.19,0,1,19.06,15.37,0,0,-1.527149321266963,-5.1742919389978175,Downtrend
2025-02-28 20:00:00,17.4,17.65,17.38,17.64,658,18,0,28.395061728395078,926.25,0.7103913630229419,0,0.3378571428571429,1.9152899254940075,18.1415,-2.764380012678114,17.3178,1.860513460139292,17.52685,0.6455809229838846,0,0,18.83748169969875,17.445518300301252,7.67281315986824,23.91824495795015,19.06,17.19,0,0,19.06,15.37,0,0,1.3210798391728895,-1.672240802675589,Uptrend
2025-03-03 16:00:00,18.07,18.08,17.78,17.87,1264,18,0,34.33962264150949,928.75,1.3609690444145357,0,0.3414285714285715,1.9106243504676637,18.134,-1.4558288298224293,17.3538,2.9745646486648534,17.51725,2.013729323952106,0,0,18.83867312317562,17.42932687682438,7.771844305455172,23.963452914550505,19.06,17.19,0,0,19.06,15.51,0,0,1.303854875283439,1.0746606334841702,Uptrend
2025-03-03 20:00:00,17.86,17.89,17.51,17.59,919,18,0,30.821917808219197,955.1,0.9622029106899801,0,0.35999999999999993,2.0466173962478678,18.121000000000002,-2.9303018597207786,17.3848,1.1803414477014484,17.5078,0.4695050206193827,0,0,18.856645795775304,17.3853542042247,8.119262687217057,24.36324313668839,19.06,17.19,0,0,19.06,15.61,0,0,-1.5668718522663716,1.0338885697874767,Uptrend
2025-03-04 16:00:00,17.74,17.76,17.39,17.66,1592,18,0,36.603773584905674,989.4,1.6090559935314332,0,0.3578571428571427,2.026371137356414,18.094500000000004,-2.4012821575617087,17.4246,1.3509635802256492,17.4983,0.9240897687203884,0,0,18.857360958566534,17.331639041433473,8.431965056415272,25.126268129191562,19.06,17.19,0,0,19.06,15.61,0,0,0.3979533826037551,0.11337868480725381,Uptrend
2025-03-04 20:00:00,17.66,17.89,17.62,17.64,794,18,0,38.49206349206355,1011.5,0.7849728126544736,0,0.3599999999999997,2.0408163265306105,18.063,-2.3418036870951573,17.458,1.0425020048115603,17.489349999999998,0.8613813549388765,0,0,18.84708109140224,17.278918908597756,8.681626434171983,25.082026507702302,19.06,17.19,0,0,19.06,15.61,0,0,-0.11325028312570984,-1.2870733072188048,Uptrend
2025-03-05 16:00:00,17.94,18.35,17.92,18.27,1877,18,0,50.636942675159226,1069.0,1.755846585594013,0,0.3849999999999998,2.107279693486589,18.067,1.1235955056179743,17.5062,4.363025670905165,17.4828,4.502711236186415,1,0,18.854617326264076,17.279382673735924,8.718850127459747,25.66693261487983,19.06,17.19,0,0,19.06,15.66,0,0,3.5714285714285587,3.865832859579305,Uptrend
2025-03-05 20:00:00,18.27,18.37,18.17,18.35,575,18,0,53.18471337579622,1038.85,0.5534966549549983,0,0.38999999999999957,2.125340599455038,18.05,1.6620498614958488,17.555999999999997,4.52267031214402,17.47565,5.0032473756340945,0,0,18.794495590457274,17.305504409542728,8.249258620025184,26.206124063162175,19.06,17.19,0,0,19.06,15.7,0,0,0.43787629994527233,3.907134767836927,Uptrend
2025-03-06 16:00:00,18.35,18.68,18.32,18.38,1245,18,0,57.627118644067785,1039.0,1.1982675649663137,0,0.37928571428571395,2.0635784237525243,18.034,1.9185982033935904,17.6074,4.387927803082799,17.4676,5.223385009961288,0,0,18.731979037537595,17.336020962462403,7.740701314601267,25.291947046266127,18.78,17.19,0,0,19.06,15.7,0,0,0.16348773841960984,4.195011337868472,Uptrend
2025-03-06 20:00:00,18.38,18.43,18.17,18.35,717,18,0,56.16438356164389,1057.25,0.6781745093402696,0,0.3849999999999995,2.0980926430517686,18.016,1.853907637655435,17.6574,3.9224347865484295,17.459400000000002,5.100977124070695,0,0,18.656802128914112,17.375197871085884,7.113700365387589,23.9292820867966,18.68,17.19,1,0,19.06,15.7,0,0,-0.16322089227419623,0.4378762999452756,Uptrend
2025-03-07 16:00:00,18.3,18.74,18.24,18.45,1519,18,0,52.94117647058823,1084.6,1.4005163193804169,0,0.3799999999999995,2.0596205962059595,18.020000000000003,2.386237513873452,17.6944,4.270277601953146,17.45225,5.717027890386626,0,0,18.671023485710908,17.3689765142891,7.225565879144336,24.179529902069316,18.74,17.19,1,0,19.06,15.7,0,0,0.5449591280653809,0.5449591280653835,Uptrend
2025-03-07 20:00:00,18.44,18.7,18.44,18.52,573,18,0,52.94117647058823,1085.6,0.5278187177597642,0,0.38285714285714206,2.067263190373337,18.035,2.689215414471857,17.7354,4.423920520540846,17.44615,6.155226224697141,0,0,18.718443294532843,17.351556705467157,7.579077288969703,24.310749941774276,18.74,17.19,1,0,19.06,16.2,0,0,0.3794037940379358,0.761697497279655,Uptrend
2025-03-10 12:00:00,18.4,18.52,18.31,18.36,413,18,0,58.53658536585363,1030.55,0.4007568773955655,0,0.3621428571428564,1.9724556489262328,18.041500000000003,1.765374275974817,17.7712,3.3132258935806194,17.438499999999998,5.284284772199454,0,0,18.73514862938842,17.347851370611586,7.689478473390976,24.35588723570578,18.74,17.19,0,0,19.06,16.25,0,0,-0.8639308855291628,0.05449591280652866,Uptrend
2025-03-10 16:00:00,18.35,18.58,18.1,18.1,1702,18,0,58.53658536585371,1096.4,1.552353155782561,0,0.3714285714285706,2.0520915548539813,18.038999999999998,0.3381562170852237,17.8078,1.6408540077943436,17.4288,3.851097034793001,0,0,18.731361329456025,17.34663867054397,7.676271738522391,23.79693150433625,18.74,17.19,0,0,19.06,16.25,0,0,-1.4161220043572897,-1.8970189701896905,Uptrend
2025-03-10 20:00:00,18.11,18.18,17.96,18.1,738,18,0,65.75342465753431,1044.6,0.7064905226881103,0,0.35214285714285637,1.9455406471981014,18.0475,0.2908990164842887,17.842,1.4460262302432614,17.4187,3.9113137030892102,0,0,18.73839948998603,17.35660051001397,7.656456461959056,23.559096560894563,18.74,17.19,0,0,19.06,16.25,0,0,0.0,-2.267818574514029,Uptrend
2025-03-11 12:00:00,18.48,18.58,18.31,18.35,720,18,0,66.06334841628967,1058.0,0.6805293005671077,0,0.36714285714285616,2.0007785130400877,18.065500000000004,1.5748249425700793,17.88,2.6286353467561656,17.4113,5.39132632256064,0,0,18.7687398707335,17.362260129266506,7.7854459686529305,22.037226486947695,18.74,17.19,0,0,19.06,16.3,0,0,1.3812154696132506,-0.05446623093680834,Uptrend
2025-03-11 16:00:00,18.35,18.51,18.12,18.21,2243,18,0,58.018867924528315,1112.45,2.016270394175019,1,0.3635714285714278,1.9965482074213499,18.061500000000002,0.8221908479362097,17.912,1.6636891469406088,17.40315,4.636229648080955,0,0,18.7602590504073,17.362740949592705,7.737552810201775,20.326183274376767,18.74,17.19,0,0,19.06,16.35,0,0,-0.7629427792915533,0.607734806629831,Uptrend
2025-03-11 20:00:00,18.21,18.49,18.21,18.37,739,18,0,69.5000000000001,1126.1,0.6562472249356186,0,0.35642857142857054,1.9402752935687015,18.062,1.705237515225334,17.9478,2.352377450161023,17.39345,5.614469814786598,0,0,18.76167210365383,17.362327896346173,7.747448827968423,19.146745452953756,18.74,17.19,1,0,19.06,16.46,0,0,0.8786381109280539,1.491712707182318,Uptrend
2025-03-12 12:00:00,18.14,18.24,18.04,18.17,427,18,0,61.97183098591558,1054.9,0.404777704047777,0,0.35357142857142776,1.9459076971459974,18.073500000000003,0.5339308932968096,17.9698,1.114091420049207,17.38305,4.527111180143881,0,0,18.772289178357298,17.374710821642708,7.732748812983592,18.079143471816007,18.74,17.19,0,0,19.06,16.58,0,0,-1.0887316276537828,-0.9809264305177096,Uptrend
2025-03-12 16:00:00,18.16,18.34,18.04,18.25,1195,18,0,63.92694063926945,1080.9,1.1055601813303728,0,0.355714285714285,1.9491193737769041,18.102,0.8175892166611407,17.9938,1.4238237615178548,17.3699,5.066810977610687,0,0,18.779381957088653,17.424618042911348,7.484056536168958,17.533976212270094,18.74,17.19,0,0,19.06,16.87,0,0,0.44028618602089953,0.2196595277320107,Uptrend
2025-03-12 20:00:00,18.24,18.4,18.19,18.19,420,18,0,47.530864197530896,1016.5,0.4131824889326119,0,0.319999999999999,1.7592083562396867,18.141000000000002,0.2701063888429496,18.0166,0.9624457444800955,17.35675,4.800725942356717,0,0,18.73535590967718,17.546644090322825,6.552625651035515,17.511053576166937,18.74,17.38,0,0,19.06,16.89,0,0,-0.32876712328766544,-0.9798584648884034,Uptrend
2025-03-13 12:00:00,18.47,18.7,18.42,18.53,580,18,0,54.787234042553216,1012.6,0.5727829350187635,0,0.3421428571428561,1.8464266440521107,18.185499999999998,1.8943663908058819,18.0454,2.6854489232713066,17.3448,6.833171901665063,0,0,18.75465357283727,17.616346427162725,6.25942176830192,18.229497772872005,18.74,17.39,1,0,19.06,16.91,0,0,1.869158878504673,1.9812878370941078,Uptrend
2025-03-13 16:00:00,18.52,18.98,18.48,18.51,2516,18,0,53.47593582887709,1075.2,2.340029761904762,1,0.3521428571428561,1.9024465539862565,18.217499999999998,1.6055990119390917,18.0744,2.4100385075023283,17.3335,6.787434736204463,0,0,18.78392461290537,17.651075387094625,6.218467000470672,18.830447276540543,18.98,17.39,0,0,19.06,16.91,0,0,-0.10793308148947522,1.424657534246584,Uptrend
2025-03-13 20:00:00,18.5,18.73,18.5,18.64,536,18,0,57.36040609137057,1056.05,0.5075517257705602,0,0.34999999999999915,1.8776824034334716,18.270000000000003,2.0251778872468384,18.108999999999998,2.932243635761237,17.321199999999997,7.613791192296164,0,0,18.783727349353143,17.756272650646864,5.623725772886037,20.330174950170562,18.98,17.39,1,0,19.06,16.91,0,0,0.7023230686115545,2.473886750962063,Uptrend
2025-03-14 12:00:00,18.73,18.86,18.67,18.77,514,18,0,58.000000000000036,1002.15,0.5128972708676346,0,0.32999999999999907,1.7581246670218387,18.325499999999998,2.4255818395132547,18.139,3.478692320414577,17.3096,8.436936728751675,0,0,18.800095672790295,17.8509043272097,5.17962045008646,21.435893053407263,18.98,17.62,1,0,19.06,16.91,1,0,0.6974248927038573,1.2951969778737098,Uptrend
2025-03-14 16:00:00,18.76,18.97,18.68,18.78,1254,18,0,56.70103092783511,1025.15,1.2232356240550162,0,0.3321428571428563,1.768598813327243,18.3825,2.162382700938397,18.168200000000002,3.367422199227214,17.3003,8.553030872297018,0,0,18.7776215669022,17.9873784330978,4.298888256789895,22.887876304949284,18.98,17.92,1,0,19.06,16.91,1,0,0.053276505061283785,1.4586709886547788,Uptrend
2025-03-14 20:00:00,18.78,18.78,18.67,18.67,393,18,0,58.20105820105828,950.95,0.41327093958672906,0,0.324999999999999,1.7407605784681253,18.4025,1.4536068468958123,18.1978,2.5948191539636705,17.29025,7.979930885903913,0,0,18.81380728684305,17.99119271315695,4.470124024921086,24.281231074509865,18.98,17.96,1,0,19.06,16.91,0,0,-0.5857294994675133,0.16094420600858977,Uptrend
2025-03-17 12:00:00,18.93,19.07,18.9,19.01,447,18,0,73.09644670050767,944.55,0.47324122598062573,0,0.31928571428571345,1.679567145111591,18.435499999999998,3.1162702394836272,18.2398,4.222634020109885,17.28525,9.978160570428544,0,0,18.927134224323293,17.943865775676702,5.333559972046274,27.029621564121502,19.07,17.96,1,0,19.07,16.91,1,0,1.8211033743974259,1.2786361214704423,Uptrend
2025-03-17 16:00:00,19.02,19.11,18.9,19.09,915,18,0,74.14634146341467,928.05,0.9859382576369808,0,0.3185714285714279,1.668786949038386,18.471,3.3511991770884078,18.256600000000002,4.564924465672674,17.279600000000002,10.477094377184642,0,0,19.0419050985747,17.9000949014253,6.181637145522152,29.601194727799946,19.11,17.96,1,0,19.11,16.91,1,0,0.420831141504463,1.650692225772091,Uptrend
2025-03-17 20:00:00,19.09,19.15,19.08,19.09,211,18,0,70.55555555555559,902.75,0.23373026862364996,0,0.2892857142857138,1.5153782833196114,18.508000000000003,3.144586124918938,18.276600000000002,4.450499545867381,17.2766,10.496278202887153,0,0,19.138675494170336,17.87732450582967,6.815166351527265,31.16868737439201,19.15,17.96,1,0,19.15,17.19,1,0,0.0,2.249598286020343,Uptrend
2025-03-18 12:00:00,19.49,19.56,19.38,19.41,629,18,0,80.3030303030304,858.25,0.7328866880279639,0,0.29499999999999943,1.5198351365275602,18.556,4.6022849752101695,18.2974,6.080645337588949,17.276200000000003,12.351095727069593,0,0,19.303413786613987,17.808586213386015,8.05576402903628,35.80379986233066,19.56,17.96,1,0,19.56,17.19,1,0,1.6762702985856581,2.104155707522349,Uptrend
2025-03-18 16:00:00,19.41,19.47,19.21,19.27,1287,18,0,72.95918367346943,893.95,1.439677834330779,0,0.29357142857142804,1.5234635629031035,18.5935,3.6383682469680307,18.3156,5.210858503133939,17.2739,11.555583857727544,0,0,19.40575546927553,17.781244530724468,8.736983023911913,38.54005231115949,19.56,17.96,1,0,19.56,17.19,1,0,-0.7212776919113928,0.9429020429544249,Uptrend
2025-03-18 20:00:00,19.27,19.33,19.24,19.24,287,18,0,79.88826815642456,887.65,0.3233256351039261,0,0.27642857142857075,1.4367389367389334,18.6375,3.2327297116029468,18.34,4.907306434023983,17.27125,11.399001230368388,0,0,19.49080009529541,17.78419990470459,9.15680853435718,42.491759167159344,19.56,17.96,1,0,19.56,17.19,1,0,-0.15568240788791377,0.7857517024620145,Uptrend
2025-03-19 12:00:00,19.19,19.37,19.14,19.34,489,18,0,80.11049723756908,827.0,0.5912938331318017,0,0.27142857142857074,1.4034569360319067,18.6995,3.4252252734030293,18.3698,5.281494627050912,17.268500000000003,11.99583055853141,0,0,19.56841281132445,17.83058718867555,9.29343363538543,45.808484370677036,19.56,17.96,1,0,19.56,17.19,1,0,0.5197505197505281,-0.3606388459556944,Uptrend
2025-03-19 16:00:00,19.35,19.35,19.18,19.18,760,18,0,75.9162303664921,828.1,0.9177635551261925,0,0.2685714285714282,1.400268136451659,18.7535,2.2742421414669303,18.3896,4.2980815243398345,17.264,11.098239110287306,0,0,19.599475612439054,17.907524387560944,9.022055748943453,50.01086532305804,19.56,18.04,1,0,19.56,17.19,1,0,-0.8273009307135482,-0.46704722366372525,Uptrend
2025-03-19 20:00:00,19.17,19.37,19.12,19.31,827,18,0,72.94117647058818,833.45,0.9922610834483172,0,0.24999999999999975,1.2946659761781447,18.801499999999997,2.7045714437677932,18.410400000000003,4.886368574284078,17.26025,11.875552208108223,0,0,19.659926344815435,17.94307365518456,9.131466583149624,52.74378457771648,19.56,18.04,1,0,19.56,17.19,1,0,0.6777893639207555,0.36382536382536534,Uptrend
2025-03-20 12:00:00,19.18,19.21,19.12,19.16,457,18,0,67.75956284153003,744.15,0.6141234966068669,0,0.22785714285714245,1.1892335222189063,18.849,1.6499549047694837,18.4298,3.962061443965751,17.25515,11.03931290078614,0,0,19.674103502279063,18.023896497720937,8.754878267059931,54.980404296026386,19.56,18.04,0,0,19.56,17.19,0,0,-0.7767995857068777,-0.9307135470527389,Uptrend
2025-03-20 16:00:00,19.14,19.32,19.1,19.1,888,18,0,63.068181818181856,751.6,1.1814795103778606,0,0.22714285714285662,1.1892296185489875,18.8855,1.1357920097429297,18.438000000000002,3.5904111074953846,17.2514,10.715652063020979,0,0,19.68559144214205,18.08540855785795,8.473076615838087,56.768814924519425,19.56,18.04,0,0,19.56,17.19,0,0,-0.31315240083507057,-0.4171011470281454,Uptrend
2025-03-20 20:00:00,19.1,19.25,19.1,19.19,245,18,0,62.209302325581454,742.5,0.32996632996632996,0,0.2221428571428566,1.1575969627037863,18.9365,1.338684550999406,18.4478,4.023243964049915,17.24755,11.26217926604069,0,0,19.67198480251892,18.201015197481077,7.7679064507054845,58.677038459276424,19.56,18.04,1,0,19.56,17.19,1,0,0.47120418848167755,-0.6214396685654969,Uptrend
2025-03-21 12:00:00,18.84,18.88,18.71,18.77,460,18,0,49.765258215962405,705.75,0.6517888770811193,0,0.23571428571428527,1.2558033335870287,18.9625,-1.0151615029663759,18.448999999999998,1.7399317036153803,17.24155,8.864922237269846,0,0,19.62936619821013,18.29563380178987,7.033526151194513,57.637675345609935,19.56,18.19,0,0,19.56,17.19,0,0,-2.1886399166232473,-2.0354906054279778,Uptrend
2025-03-21 16:00:00,18.76,18.84,18.66,18.73,900,18,0,51.45631067961162,729.75,1.2332990750256938,0,0.24071428571428527,1.2851803828845982,18.9895,-1.3665446694225714,18.4562,1.4835123156446148,17.23855,8.651829765264482,0,0,19.56167866182868,18.41732133817132,6.026263585967824,55.91353741457545,19.56,18.42,0,1,19.56,17.19,0,0,-0.21310602024506853,-1.937172774869115,Uptrend
2025-03-21 20:00:00,18.73,18.77,18.63,18.75,259,18,0,42.52873563218385,713.7,0.3628975760123301,0,0.22214285714285684,1.1847619047619031,19.0005,-1.318386358253724,18.4668,1.5335629345636537,17.2361,8.78330944935339,0,0,19.543182421426877,18.45781757857312,5.712296217750885,52.88495181718249,19.56,18.48,0,1,19.56,17.19,0,0,0.10678056593700358,-2.2928608650338784,Uptrend
2025-03-24 12:00:00,18.91,18.92,18.79,18.82,386,18,0,42.19653179190753,607.2,0.6357048748353096,0,0.21928571428571406,1.1651738272354626,19.016000000000002,-1.030710980227185,18.4786,1.8475425627482607,17.23405,9.202421949570764,0,0,19.515700963207994,18.51629903679201,5.2555843837609615,48.50792161468055,19.56,18.5,0,1,19.56,17.19,0,0,0.3733333333333366,0.2663825253063437,Uptrend
2025-03-24 16:00:00,18.82,18.97,18.78,18.88,656,18,0,44.134078212290476,613.2,1.0697977821265492,0,0.22785714285714245,1.206870460048424,19.028,-0.7778011351692227,18.4932,2.0915796076395505,17.23205,9.563284693347558,0,0,19.500467208552408,18.55553279144759,4.966020691112141,44.65998203439947,19.56,18.63,0,1,19.56,17.19,0,0,0.31880977683313994,0.8008542445274883,Uptrend
2025-03-24 20:00:00,18.88,18.88,18.8,18.8,216,18,0,30.322580645161267,598.3,0.36102289821159955,0,0.19999999999999954,1.06382978723404,19.0295,-1.2060222286449884,18.5106,1.5634285220360256,17.23095,9.105998218322267,0,0,19.49869752321265,18.56030247678735,4.931264859430353,41.580698774703805,19.56,18.63,0,1,19.56,17.19,0,0,-0.4237288135593098,0.2666666666666705,Uptrend
2025-03-25 12:00:00,19.04,19.32,19.03,19.17,539,18,0,47.19101123595511,562.55,0.958137054484046,0,0.21857142857142822,1.1401743796109973,19.049,0.6352039477138024,18.534200000000002,3.4304151244725944,17.232,11.246518105849598,0,0,19.506816327224232,18.591183672775767,4.806722948440683,37.536372852053105,19.56,18.63,1,0,19.56,17.19,1,0,1.9680851063829774,1.8597236981934187,Uptrend
2025-03-25 16:00:00,19.17,19.28,19.11,19.23,815,18,0,49.723756906077405,583.65,1.3963848196693225,0,0.22428571428571406,1.1663323675804163,19.077,0.8020128951092869,18.553,3.649005551662802,17.233900000000002,11.582404447049118,0,0,19.50472839389823,18.649271606101774,4.484231209291061,32.447857328023176,19.56,18.63,1,0,19.56,17.19,1,0,0.3129890453833939,1.8538135593220415,Uptrend
2025-03-25 20:00:00,19.23,19.34,19.2,19.26,239,18,0,47.701149425287404,573.25,0.41692106410815527,0,0.21785714285714267,1.131137813380803,19.0895,0.8931611618952855,18.571,3.710085617360401,17.2362,11.741567166776907,0,0,19.52354947571424,18.65545052428576,4.547520634005495,28.712663664771924,19.56,18.63,1,0,19.56,17.19,1,0,0.15600624024960652,2.4468085106383026,Uptrend
2025-03-26 12:00:00,19.38,19.44,19.18,19.2,389,18,0,50.609756097560954,546.95,0.711216747417497,0,0.22428571428571406,1.1681547619047608,19.095,0.5498821681068365,18.5962,3.246899904281518,17.23795,11.382153910412768,0,0,19.531854787386543,18.658145212613455,4.575593478780244,25.308768994320932,19.56,18.63,1,0,19.56,17.19,1,0,-0.31152647975078995,0.15649452269169317,Uptrend
2025-03-26 16:00:00,19.21,19.29,19.11,19.21,832,18,0,46.710526315789544,578.0,1.439446366782007,0,0.21928571428571406,1.1415185543243833,19.101000000000003,0.5706507512695576,18.6268,3.130972577146915,17.24015,11.425944669854966,0,0,19.54085164963155,18.661148350368457,4.605535308429358,22.546864232416123,19.56,18.63,1,0,19.56,17.19,1,0,0.05208333333335258,-0.10400416016640443,Uptrend
2025-03-26 20:00:00,19.2,19.26,19.16,19.22,281,18,0,52.173913043478215,560.6,0.5012486621476989,0,0.21285714285714288,1.1074773301620338,19.0915,0.6730744048398447,18.663,2.9845148154101624,17.245,11.452594955059423,0,0,19.5109871555645,18.6720128444355,4.394491324039495,20.348339752201447,19.47,18.63,1,0,19.56,17.19,1,0,0.05205622071835503,-0.20768431983386654,Uptrend
2025-03-27 12:00:00,19.37,19.44,19.26,19.41,380,18,0,60.2649006622516,515.25,0.737506065016982,0,0.21285714285714313,1.0966364907632309,19.0985,1.6310181427860762,18.698400000000003,3.805673212681283,17.2504,12.519129991188619,0,0,19.53486175238757,18.662138247612432,4.569591877765991,18.412855881233657,19.44,18.63,1,0,19.56,17.19,1,0,0.9885535900104214,1.0937500000000044,Uptrend
2025-03-27 16:00:00,19.41,19.52,19.27,19.31,796,18,0,53.947368421052545,540.7,1.4721657111152209,0,0.2200000000000004,1.1393060590367705,19.102,1.088891215579512,18.7272,3.1120509205860936,17.2556,11.905700178492765,0,0,19.544224044193143,18.659775955806857,4.630133433076566,17.0389683844739,19.52,18.63,1,0,19.56,17.38,1,0,-0.5151983513652869,0.5205622071837473,Uptrend
2025-03-27 20:00:00,19.31,19.48,19.31,19.47,212,18,0,77.77777777777771,526.85,0.4023915725538578,0,0.19785714285714334,1.0162154229950866,19.1085,1.8918282439751917,18.7648,3.7581002728512845,17.261300000000002,12.79567587609274,0,0,19.568901426674145,18.648098573325854,4.818812849508291,21.26775667398322,19.52,18.63,1,0,19.56,17.39,1,0,0.8285862247540132,1.300728407908429,Uptrend
2025-03-28 12:00:00,19.63,19.74,19.54,19.7,330,18,0,83.44827586206887,505.35,0.6530127634312852,0,0.20428571428571476,1.0369833212472832,19.1345,2.955394705897725,18.805600000000002,4.756030118688036,17.2689,14.077908841906552,0,0,19.665258146923513,18.603741853076485,5.547656295419414,26.473011189582554,19.74,18.63,1,0,19.74,17.39,1,0,1.1813045711350778,1.494075218959295,Uptrend
2025-03-28 16:00:00,19.69,19.79,19.09,19.14,1237,18,0,59.798994974874375,525.85,2.352381857944281,1,0.24428571428571466,1.276309896999554,19.126,0.07319878699152643,18.835600000000003,1.6160886831319283,17.273,10.808776703525739,0,0,19.650330149106964,18.60166985089304,5.48290441395966,28.751405655477043,19.79,18.63,0,0,19.79,17.39,0,0,-2.8426395939086246,-0.8803728638011299,Uptrend
2025-03-28 20:00:00,19.14,19.2,18.99,19.03,307,18,0,55.172413793103466,518.35,0.5922639143435902,0,0.24714285714285747,1.2987012987013002,19.1195,-0.46810847564004016,18.8508,0.9506227852398921,17.28155,10.117437382642192,0,0,19.645276618566243,18.593723381433755,5.499899250150308,30.704022036506323,19.79,18.63,0,0,19.79,17.62,0,0,-0.5747126436781547,-2.259887005649706,Uptrend
2025-03-31 16:00:00,19.04,19.37,18.68,19.26,1912,18,0,58.63636363636368,569.55,3.3570362566938816,1,0.2828571428571434,1.4686248331108174,19.1275,0.6927199058946557,18.869,2.0721818856325283,17.29135,11.38517235496361,0,0,19.6568839517972,18.5981160482028,5.535317755035423,31.69866329532619,19.79,18.63,0,0,19.79,17.92,0,0,1.2086179716237488,-2.2335025380710545,Uptrend
2025-03-31 20:00:00,19.25,19.4,19.21,19.36,645,18,0,62.612612612612565,589.55,1.0940547875498263,0,0.29071428571428626,1.5016233766233795,19.136000000000003,1.1705685618728918,18.8886,2.4956852281270137,17.3039,11.882292431186038,0,0,19.67498149562944,18.597018504370567,5.633167805491595,30.253671505506837,19.79,18.63,0,0,19.79,17.96,0,0,0.5192107995846129,1.149425287356316,Uptrend
2025-04-01 16:00:00,19.32,19.65,19.22,19.35,1418,18,0,54.838709677419345,637.45,2.224488195152561,1,0.2842857142857148,1.4691768180140299,19.165,0.9653013305504946,18.9086,2.3343875273685075,17.31605,11.746039079351242,0,0,19.683073353878918,18.64692664612108,5.406452949427795,30.29610296501213,19.79,18.63,0,0,19.79,17.96,0,0,-0.05165289256197081,1.6815554387808735,Uptrend
2025-04-01 20:00:00,19.35,19.58,19.32,19.58,454,18,0,58.62068965517237,615.15,0.7380313744615135,0,0.290714285714286,1.484751203852329,19.207500000000003,1.9393466093973453,18.9312,3.427146720757257,17.3302,12.981962123922383,0,0,19.71466445998613,18.700335540013878,5.280900273186256,30.338534424517423,19.79,18.63,1,0,19.79,17.96,1,0,1.1886304909560552,1.6614745586708033,Uptrend
2025-04-02 16:00:00,19.51,19.58,19.16,19.3,1213,18,0,50.877192982456116,662.85,1.829976616127329,0,0.31071428571428583,1.6099185788304964,19.235000000000003,0.33792565635558985,18.9468,1.8641670361222007,17.34315,11.28312907401481,0,0,19.695183029947817,18.77481697005219,4.784850844271523,28.98310371463305,19.79,18.68,0,0,19.79,17.96,0,0,-1.43003064351378,-0.30991735537189424,Uptrend
2025-04-02 20:00:00,19.3,19.32,19.08,19.3,455,18,0,52.2522522522523,666.3,0.6828755815698635,0,0.30928571428571444,1.6025166543301266,19.258999999999997,0.21288748117765163,18.9656,1.763192306069949,17.35545,11.204261485585217,0,0,19.676102789299485,18.84189721070051,4.331510351518645,27.816711366166864,19.79,18.68,0,0,19.79,17.96,0,0,0.0,-0.2583979328165411,Uptrend
2025-04-03 16:00:00,18.68,19.66,18.68,19.5,3052,18,0,56.016597510373444,786.1,3.8824577025823683,1,0.3664285714285716,1.87912087912088,19.29,1.0886469673405956,18.9936,2.6661612332575144,17.3691,12.268338601309225,0,0,19.6797637611079,18.9002362388921,4.041096538184558,26.642552192007706,19.79,18.68,1,0,19.79,17.96,1,0,1.0362694300518172,-0.4085801838610741,Uptrend
2025-04-03 20:00:00,19.5,19.51,19.24,19.27,864,18,0,50.95057034220534,818.5,1.055589492974954,0,0.3785714285714289,1.9645637185855158,19.3135,-0.225231055997109,19.017,1.3303885996739766,17.382450000000002,10.858941058366325,0,0,19.628344991099326,18.998655008900677,3.2603618308367133,25.468393017848538,19.79,18.68,0,0,19.79,17.96,0,0,-1.179487179487182,-0.1554404145077779,Uptrend
2025-04-04 16:00:00,18.54,18.77,17.52,17.77,4881,18,0,29.1878172588832,1035.6,4.713209733487833,1,0.487857142857143,2.745397539995177,19.2435,-7.657130979291715,19.0054,-6.500257821461279,17.38855,2.193684924849979,0,0,20.00226006886537,18.484739931134634,7.885884260819156,26.890680407877873,19.79,17.52,0,1,19.79,17.52,0,1,-7.784120394395433,-7.927461139896379,Uptrend
2025-04-04 20:00:00,17.77,17.95,17.52,17.55,1771,18,0,28.325123152709324,1083.4,1.6346686357762599,0,0.5007142857142858,2.8530728530728533,19.1595,-8.400532372974245,18.9922,-7.593643706363664,17.39165,0.9104944039237348,0,0,20.231762242079256,18.087237757920747,11.193008607523732,28.248732149365207,19.79,17.52,0,1,19.79,17.52,0,1,-1.2380416432189012,-9.999999999999996,Uptrend
2025-04-07 16:00:00,17.2,18.43,16.92,17.29,8494,20,0,23.798076923076863,1496.15,5.677238244828392,1,0.5964285714285713,3.449557960836156,19.061,-9.291222915901583,18.9706,-8.858971250250397,17.3926,-0.5899060519991401,0,0,20.4184108480949,17.7035891519051,14.242808332143127,26.142570688365034,19.79,16.92,0,0,19.79,16.92,0,0,-1.4814814814814947,-10.275038920601974,Downtrend
2025-04-07 20:00:00,17.28,17.78,17.28,17.52,4130,20,0,23.798076923076863,1683.2,2.4536596958174903,1,0.6128571428571428,3.498043052837573,18.977,-7.677715128840179,18.9576,-7.583238384605645,17.39245,0.7333641896340043,0,0,20.496447267923255,17.457552732076746,16.01356661140596,23.754654029684918,19.79,16.92,0,0,19.79,16.92,0,0,1.330248698669756,-1.4068655036578503,Uptrend
2025-04-08 16:00:00,18.07,18.27,17.83,17.85,4431,20,0,33.58778625954197,1863.15,2.378230416230577,1,0.6164285714285713,3.4533813525410157,18.909,-5.6005076947485195,18.9496,-5.802761008147923,17.39355,2.6242486438938584,0,0,20.5043735744661,17.313626425533897,16.874224702164067,22.945774191199806,19.79,16.92,0,0,19.79,16.92,0,0,1.8835616438356295,1.7094017094017133,Uptrend
2025-04-08 20:00:00,17.86,17.91,17.24,17.41,3475,20,0,30.9859154929577,2022.85,1.7178732975752034,0,0.6492857142857142,3.7293837695905467,18.8185,-7.484656056540107,18.934,-8.049012358719768,17.39125,0.10781283691511945,0,0,20.539959295267444,17.097040704732557,18.295393312617303,23.43757880693158,19.79,16.92,0,0,19.79,16.92,0,0,-2.4649859943977614,0.694042799305963,Uptrend
2025-04-09 16:00:00,18.16,18.53,17.85,18.24,5131,20,0,39.50617283950613,2260.4,2.269952220845868,1,0.6799999999999999,3.7280701754385963,18.759999999999998,-2.7718550106609787,18.9282,-3.6358449297873117,17.39345,4.867062026222498,0,0,20.476336367474435,17.04366363252556,18.29782907755263,23.882816035738674,19.79,16.92,0,0,19.79,16.92,0,0,4.767375071797808,4.109589041095884,Uptrend
2025-04-09 20:00:00,18.24,18.83,18.11,18.7,7089,20,0,43.678160919540225,2575.05,2.7529562532766354,1,0.7178571428571429,3.838808250572957,18.729499999999998,-0.1575055393897261,18.932000000000002,-1.2254384111557302,17.3975,7.48670786032475,0,0,20.42625200557436,17.032747994425637,18.118497616854278,23.857184750457375,19.79,16.92,0,0,19.79,16.92,0,0,2.5219298245614086,4.761904761904749,Uptrend
2025-04-10 16:00:00,18.83,19.35,18.8,19.24,5547,20,0,49.04347826086954,2841.8,1.951931874164262,0,0.7335714285714288,3.812741312741314,18.718,2.7887594828507236,18.944000000000003,1.5624999999999778,17.40365,10.55152223815119,0,0,20.396641054386926,17.039358945613074,17.936115550667015,23.992919795649165,19.79,16.92,0,0,19.79,16.92,0,0,2.887700534759352,10.511200459506021,Uptrend
2025-04-10 20:00:00,19.24,19.42,18.9,19.14,3785,20,0,46.08540925266906,3014.55,1.255577117646083,0,0.7521428571428578,3.9296909986565187,18.69,2.407704654895662,18.9514,0.9951771373091223,17.409200000000002,9.941869815959368,0,0,20.317578116808953,17.06242188319105,17.41656625798771,24.040194548299034,19.79,16.92,0,0,19.79,16.92,0,0,-0.5197505197505059,4.934210526315801,Uptrend
2025-04-11 16:00:00,20.3,20.52,20.07,20.43,4231,20,0,58.52187028657617,3164.25,1.3371257011930158,0,0.8207142857142864,4.017201594294108,18.7545,8.933855874590096,18.9844,7.6146731000189565,17.420650000000002,17.274613748625896,0,0,20.550676934198556,16.958323065801444,19.154623521806027,24.526045370012643,20.52,16.92,1,0,20.52,16.92,1,0,6.739811912225702,9.251336898395724,Uptrend
2025-04-11 20:00:00,20.43,20.74,20.43,20.48,1539,20,0,58.83233532934131,3225.85,0.4770835593719485,0,0.8257142857142862,4.031808035714287,18.827,8.779943697880697,19.020599999999998,7.672733772856811,17.43565,17.460490431959816,0,0,20.78019010312537,16.873809896874633,20.748819282151896,24.83258997921422,20.74,16.92,1,0,20.74,16.92,1,0,0.24473813020069457,6.444906444906456,Uptrend
2025-04-14 16:00:00,20.03,20.64,20.02,20.34,2347,20,0,56.34441087613293,3247.6,0.7226875230939771,0,0.8000000000000005,3.933136676499511,18.881,7.727344949949683,19.0472,6.787349321685075,17.4494,16.565612571205882,0,0,20.941371964374017,16.820628035625983,21.82481822333581,24.96448056054299,20.74,16.92,1,0,20.74,16.92,1,0,-0.68359375,6.2695924764890245,Uptrend
2025-04-14 20:00:00,20.33,20.47,20.3,20.3,931,20,0,58.00933125972008,3261.9,0.2854164750605475,0,0.7928571428571429,3.9057002111189307,18.928,7.2485207100591715,19.071399999999997,6.442107029373847,17.46445,16.23612538614157,0,0,21.0754253862412,16.7805746137588,22.69046266104395,25.096371141871767,20.74,16.92,0,0,20.74,16.92,0,0,-0.1966568338249708,-0.6363191385217768,Uptrend
2025-04-15 16:00:00,20.32,20.44,20.2,20.26,1776,20,0,75.05030181086522,3279.8,0.5414964327093115,0,0.6850000000000003,3.381046396841067,18.973499999999998,6.78050965820752,19.0948,6.102184888032356,17.4784,15.914500183083124,0,0,21.195829503258256,16.75117049674174,23.42561470744205,24.511955557456172,20.74,16.92,0,0,20.74,16.92,0,0,-0.19704433497536034,-1.0742187499999944,Uptrend
2025-04-15 20:00:00,20.26,20.36,20.18,20.22,545,20,0,77.87056367432147,3284.35,0.16593846575425883,0,0.6671428571428574,3.2994206584711048,19.0055,6.390255452369037,19.111,5.802940714771588,17.4922,15.594379209018868,0,0,21.282362800110224,16.72863719988978,23.960041041911264,23.698175939328728,20.74,16.92,0,0,20.74,16.92,0,0,-0.19743336623890828,-0.5899705014749312,Uptrend
2025-04-16 16:00:00,20.87,21.0,20.4,20.57,2137,20,0,83.60655737704917,3330.55,0.6416357658644968,0,0.6150000000000004,2.9897909577053983,19.069,7.871414337406268,19.137,7.488112034279144,17.50765,17.491496574354628,0,0,21.448950463880653,16.689049536119345,24.96146063118836,24.7284638200103,21.0,16.92,0,0,21.0,16.92,0,0,1.7309594460929834,1.3300492610837418,Uptrend
2025-04-16 20:00:00,20.57,20.59,20.3,20.54,1110,20,0,82.26495726495723,3363.3,0.33003300330033003,0,0.6000000000000004,2.9211295034079865,19.131,7.36500967016883,19.163,7.185722486040802,17.52325,17.21569914256772,0,0,21.599256576273056,16.662743423726944,25.8037381869537,25.032579577155527,21.0,16.92,0,0,21.0,16.92,0,0,-0.1458434613514914,1.3820335636722485,Uptrend
2025-04-17 16:00:00,20.26,20.41,19.91,20.14,2289,20,0,74.10526315789473,3325.15,0.6883899974437243,0,0.5914285714285717,2.9365867498936034,19.163000000000004,5.098366644053627,19.179,5.010688774180104,17.538149999999998,14.835373172198906,0,0,21.667724798413765,16.658275201586243,26.141259702695415,25.40616226528442,21.0,16.92,0,0,21.0,16.92,0,0,-1.9474196689386547,-0.3956478733926721,Uptrend
2025-04-17 20:00:00,20.14,20.18,20.03,20.07,747,20,0,80.36529680365297,3319.3,0.22504744976350435,0,0.5542857142857144,2.761762403018009,19.203,4.514919543821282,19.1968,4.5486747791298585,17.55285,14.340406258812678,0,0,21.740260022357187,16.66573997764281,26.425662889727526,26.634673230735523,21.0,16.92,0,0,21.0,16.92,0,0,-0.34756703078451245,-2.4307243558580454,Uptrend
2025-04-21 16:00:00,20.5,20.78,20.17,20.24,1629,20,0,76.88172043010753,3156.7,0.5160452371147084,0,0.5250000000000001,2.5938735177865624,19.326500000000003,4.726670633585985,19.2154,5.332181479438365,17.5662,15.221277225580945,0,0,21.809954936384386,16.84304506361562,25.699996754553418,28.855996603485067,21.0,16.92,0,0,21.0,16.92,0,0,0.8470353761833582,-1.4605647517039957,Uptrend
2025-04-21 20:00:00,20.24,20.36,20.11,20.36,574,20,0,74.55621301775149,3096.85,0.18534962946219546,0,0.4914285714285716,2.4136963233230433,19.467,4.587250218318183,19.2394,5.824505961724376,17.58045,15.810459914279788,0,0,21.842897392786963,17.091102607213035,24.409486749750492,31.08396516997379,21.0,16.92,0,0,21.0,16.92,0,0,0.5928853754940677,1.0923535253227352,Uptrend
2025-04-22 16:00:00,20.22,20.39,19.89,20.06,2564,20,0,63.05732484076433,2800.35,0.9155998357348188,0,0.48071428571428576,2.3963822817262503,19.6055,2.318227028129859,19.258599999999998,4.1612578276717995,17.59345,14.01970619747689,0,0,21.75965852419631,17.451341475803687,21.975042964436632,32.6300381446182,21.0,17.24,0,0,21.0,16.92,0,0,-1.4734774066797685,-0.049825610363734736,Uptrend
2025-04-22 20:00:00,20.06,20.11,19.78,19.87,1220,20,0,61.300309597523224,2654.85,0.45953632031941544,0,0.4671428571428568,2.3509957581422083,19.723,0.7453227196674037,19.2722,3.101877315511459,17.606450000000002,12.856367978780495,0,0,21.641684856600097,17.8043151433999,19.456318578310587,33.91861181584493,21.0,17.24,0,0,21.0,16.92,0,0,-0.9471585244267056,-1.8280632411067068,Uptrend
2025-04-23 16:00:00,18.96,19.1,18.69,19.0,3149,20,0,24.555160142348782,2590.75,1.21547814339477,0,0.45285714285714257,2.38345864661654,19.7805,-3.945805212203938,19.2768,-1.4359229747676039,17.61765,7.846392680067993,0,0,21.523751348244723,18.037248651755277,17.625958375619653,35.2088219023275,21.0,17.24,0,0,21.0,16.92,0,0,-4.37845998993458,-6.679764243614929,Uptrend
2025-04-23 20:00:00,18.99,19.04,18.9,18.94,778,20,0,22.695035460992926,2455.9,0.31678814283969214,0,0.44071428571428556,2.3268969678684557,19.857,-4.618018834667866,19.281000000000002,-1.7685804678180645,17.628049999999998,7.442400038574903,0,0,21.2641262240913,18.4498737759087,14.172596304490106,36.743468695016404,21.0,17.85,0,0,21.0,16.92,0,0,-0.3157894736842026,-5.583250249252231,Uptrend
2025-04-24 16:00:00,19.02,19.28,18.87,19.26,2151,20,0,32.00000000000003,2306.9,0.9324201309116129,0,0.42571428571428555,2.210354546803144,19.907999999999998,-3.2549728752260205,19.2912,-0.1617317740731439,17.64155,9.174080508798847,0,0,21.130139625066217,18.685860374933778,12.277874473239097,37.462242600715726,21.0,18.11,0,0,21.0,16.92,0,0,1.6895459345301012,-3.0699547055863077,Uptrend
2025-04-24 20:00:00,19.26,19.31,19.18,19.31,508,20,0,33.55481727574747,1977.85,0.25684455342922874,0,0.4228571428571427,2.1898350225641776,19.938499999999998,-3.1521929934548685,19.301,0.04662970830527093,17.65465,9.376283302132858,0,0,21.06000791348037,18.816992086519626,11.24967187582187,38.11262985084509,21.0,18.69,0,0,21.0,16.92,0,0,0.25960539979230646,1.6315789473684146,Uptrend
2025-04-25 16:00:00,18.84,19.05,18.8,18.89,2035,20,0,29.793510324483748,1802.25,1.129144125398807,0,0.4421428571428567,2.3406186190728255,19.921,-5.175442999849399,19.301199999999998,-2.1304374857521675,17.663,6.946724791937951,0,0,21.097952353370502,18.744047646629497,11.816197513884871,36.94445792125183,21.0,18.69,0,1,21.0,16.92,0,0,-2.175038839979271,-0.2639915522703311,Uptrend
2025-04-25 20:00:00,18.89,19.0,18.83,18.94,683,20,0,31.176470588235304,1647.15,0.4146556172783292,0,0.44142857142857117,2.3306682757580313,19.911,-4.876701320877907,19.304000000000002,-1.8856195607128095,17.672749999999997,7.170644070673802,0,0,21.118884623280305,18.703115376719698,12.132837359050813,35.78355877898621,21.0,18.69,0,1,21.0,16.92,0,0,0.2646903123345812,-1.6614745586708217,Uptrend
2025-04-28 16:00:00,18.92,19.09,18.85,19.05,1469,20,0,25.949367088607545,1509.05,0.9734601239190219,0,0.4028571428571424,2.1147356580427425,19.842000000000002,-3.9915331115815014,19.301599999999997,-1.303518879263876,17.68225,7.735158138811525,0,0,21.082281801594927,18.601718198405077,12.501580501914372,34.736471563997874,21.0,18.69,0,1,21.0,16.92,0,0,0.5807814149947133,-1.3464526152252616,Uptrend
2025-04-28 20:00:00,19.05,19.2,19.03,19.18,478,20,0,29.14110429447848,1456.0,0.3282967032967033,0,0.39428571428571374,2.055712796067329,19.776999999999997,-3.018658037113808,19.300600000000003,-0.6248510409002991,17.692899999999998,8.405066439080093,0,0,21.012749932120567,18.541250067879428,12.496839076913279,33.45186368598339,21.0,18.69,0,0,21.0,16.92,0,0,0.6824146981627255,1.5352038115404931,Uptrend
2025-04-29 16:00:00,19.1,19.12,18.76,18.86,1422,20,0,29.87421383647792,1409.75,1.0086894839510552,0,0.37928571428571367,2.0110589304650777,19.703,-4.27853626351317,19.2926,-2.2423105232057927,17.70015,6.552769326813607,0,0,20.973558932123645,18.432441067876354,12.897111425911234,33.15908969990956,21.0,18.69,0,1,21.0,16.92,0,0,-1.6684045881126153,-0.42238648363253345,Uptrend
2025-04-29 20:00:00,18.86,18.92,18.78,18.78,451,20,0,29.78056426332283,1385.75,0.32545552949666245,0,0.3785714285714281,2.0158223033622367,19.627000000000002,-4.3154837723544155,19.284200000000002,-2.614575662977986,17.70635,6.0636438339917635,0,0,20.92866047800462,18.325339521995385,13.263977969171215,31.584063690216176,21.0,18.69,0,1,21.0,16.92,0,0,-0.42417815482501675,-1.417322834645667,Uptrend
2025-04-30 16:00:00,18.79,18.88,18.66,18.83,1796,20,0,27.03583061889242,1386.75,1.295114476293492,0,0.343571428571428,1.8245960094074773,19.555500000000002,-3.7099537214594553,19.2766,-2.3167986055632226,17.714350000000003,6.2980013378983415,0,0,20.867813746182783,18.24318625381722,13.421428715019108,32.27451803814723,21.0,18.66,0,1,21.0,16.92,0,0,0.26624068157612424,-1.8248175182481827,Uptrend
2025-04-30 20:00:00,18.83,18.97,18.78,18.94,683,20,0,26.797385620914994,1393.65,0.4900800057403221,0,0.3392857142857135,1.7913712475486459,19.4915,-2.8294384731806033,19.271,-1.7176067666441777,17.723699999999997,6.862562557479556,0,0,20.792160156268547,18.19083984373145,13.345921619870701,32.92244283992983,21.0,18.66,0,1,21.0,16.92,0,0,0.5841741901221553,0.42417815482503635,Uptrend
2025-05-01 16:00:00,18.44,18.48,18.18,18.26,1697,20,0,23.837209302325547,1371.65,1.2371960777166187,0,0.3578571428571422,1.9597872007510526,19.375999999999998,-5.759702725020625,19.248,-5.133000831255193,17.73135,2.9814424733593468,0,0,20.683651973657295,18.0683480263427,13.497646301169459,35.08055196006427,20.78,18.18,0,1,21.0,16.92,0,0,-3.5902851108764455,-2.768903088391904,Uptrend
2025-05-01 20:00:00,18.26,18.33,18.18,18.27,588,20,0,25.460122699386417,1345.55,0.43699602393073467,0,0.34499999999999936,1.888341543513954,19.2625,-5.152498377676832,19.2272,-4.978363984355498,17.73925,2.9919528728666727,0,0,20.538428970139577,17.98657102986042,13.247802415466092,37.49331542610643,20.78,18.18,0,1,21.0,16.92,0,0,0.054764512595828485,-2.97397769516728,Uptrend
2025-05-02 16:00:00,18.44,18.51,18.03,18.03,1606,20,0,31.55893536121667,1311.4,1.2246454171114838,0,0.29499999999999943,1.6361619523017161,19.157,-5.882967061648478,19.1984,-6.0859238269855735,17.74755,1.5914872757084821,0,0,20.475645237794183,17.838354762205817,13.76671960948147,38.21173655691222,20.78,18.03,0,1,21.0,16.92,0,0,-1.3136288998357837,-4.804646251319959,Uptrend
2025-05-02 20:00:00,18.03,18.33,18.02,18.3,636,20,0,38.732394366197134,1305.85,0.48703909331087036,0,0.30714285714285644,1.6783762685401988,19.0685,-4.0302068857015465,19.1704,-4.540333013395652,17.757849999999998,3.053015990111433,0,0,20.366567794839472,17.770432205160528,13.614786635964782,38.42789221534674,20.78,18.02,0,1,21.0,16.92,0,0,1.4975041597337757,0.21905805038334691,Uptrend
2025-05-05 16:00:00,18.57,18.58,18.33,18.48,1855,20,0,35.55555555555547,1317.15,1.4083437725391943,0,0.297857142857142,1.6117810760667854,18.9805,-2.6369168356997914,19.1572,-3.5349633558139977,17.7692,4.000180086891919,0,0,20.17898105621437,17.78201894378563,12.628550946649133,39.67118640122468,20.39,18.02,0,0,21.0,16.92,0,0,0.983606557377037,1.1494252873563264,Uptrend
2025-05-05 20:00:00,18.49,18.61,18.45,18.54,497,20,0,35.79335793357929,1313.3,0.3784360009137288,0,0.2999999999999992,1.618122977346274,18.8895,-1.8502342571269887,19.1474,-3.172232261299194,17.78115,4.267721716536888,0,0,19.9101391186535,17.868860881346503,10.806417519293772,40.98286724267256,20.39,18.02,0,0,21.0,16.92,0,0,0.32467532467532756,2.828618968386012,Uptrend
2025-05-06 16:00:00,18.89,18.99,18.77,18.91,1631,20,0,50.37593984962405,1266.65,1.2876485216910747,0,0.295714285714285,1.5637984437561343,18.832,0.41418861512319144,19.1404,-1.203736599026141,17.7965,6.256848256679675,0,0,19.691904523463613,17.97209547653639,9.132375992604208,39.4864230865971,20.11,18.02,0,0,21.0,16.92,0,0,1.9956850053937547,3.33333333333333,Uptrend
2025-05-06 20:00:00,18.9,19.17,18.9,19.13,658,20,0,53.35689045936393,1238.55,0.5312664002260709,0,0.3028571428571422,1.583152863863786,18.795,1.7823889332269076,19.1358,-0.03030968133028509,17.8151,7.380817396478257,0,0,19.51993919890207,18.070060801097934,7.714170778420508,38.42038691603134,19.31,18.02,1,0,21.0,16.92,0,0,1.1634056054997233,3.517316017316009,Uptrend
2025-05-07 16:00:00,18.76,19.48,18.68,19.35,2805,20,0,55.10204081632655,1221.35,2.2966389650796253,1,0.3428571428571424,1.7718715393133972,18.8125,2.8571428571428648,19.1358,1.119367886370059,17.83615,8.487537949613575,0,0,19.57423969859825,18.05076030140175,8.098229353868456,35.86831195732588,19.48,18.02,1,0,21.0,16.92,0,0,1.1500261369576714,4.368932038834964,Uptrend
2025-05-07 20:00:00,19.34,19.44,19.09,19.29,1803,20,0,51.91637630662021,1272.6,1.4167845355964168,0,0.3557142857142855,1.8440346589646734,18.830000000000002,2.4429102496016846,19.13,0.8363826450601158,17.85695,8.025166671800044,0,0,19.619643490509965,18.04035650949004,8.387079028252396,33.502659963882344,19.48,18.02,1,0,21.0,16.92,0,0,-0.31007751937985883,2.0095187731359014,Uptrend
2025-05-08 16:00:00,19.27,19.3,18.8,18.92,1998,20,0,51.02739726027401,1264.95,1.5795090715048026,0,0.3614285714285713,1.9102990033222584,18.813000000000002,0.5687556476904231,19.1224,-1.0584445467096038,17.87395,5.85237174771106,0,0,19.57791760822191,18.048082391778095,8.131798312038558,31.2563941235288,19.48,18.02,0,0,21.0,16.92,0,0,-1.9180922757905505,-1.0977522216413869,Uptrend
2025-05-08 20:00:00,18.92,18.96,18.75,18.76,615,20,0,49.66666666666668,1270.3,0.484137605290089,0,0.3664285714285714,1.9532439841608282,18.785500000000003,-0.135742993266088,19.1116,-1.8397203792461003,17.89095,4.857483811647796,0,0,19.51385719981739,18.057142800182614,7.7544616839305665,28.983820071813646,19.48,18.02,0,0,21.0,16.92,0,0,-0.8456659619450302,-3.049095607235141,Uptrend
2025-05-09 16:00:00,18.97,19.17,18.77,19.04,1029,20,0,53.25077399380806,1220.0,0.8434426229508196,0,0.38,1.9957983193277313,18.793,1.3143191613898786,19.1024,-0.32666052433202236,17.9087,6.317041437960319,0,0,19.528937640378466,18.057062359621533,7.832040018926905,25.160941328803222,19.48,18.02,0,0,21.0,16.92,0,0,1.492537313432818,-1.2960082944530846,Uptrend
2025-05-09 20:00:00,19.04,19.35,19.03,19.34,665,20,0,55.84795321637426,1219.1,0.5454843737183168,0,0.3892857142857145,2.012852710887872,18.813,2.8012544517089304,19.1038,1.2364032286770181,17.92795,7.876249097080261,0,0,19.586538690217015,18.039461309782983,8.223448575102497,21.9574254215975,19.48,18.02,1,0,21.0,16.92,0,0,1.5756302521008347,2.2198731501056983,Uptrend
2025-05-12 16:00:00,18.45,18.49,17.99,18.0,1501,20,0,46.813725490196056,1220.7,1.2296223478332104,0,0.4314285714285716,2.396825396825398,18.7605,-4.053729911249702,19.1084,-5.800590316300683,17.9401,0.3338888857921581,0,0,19.60553441225447,17.91546558774553,9.008655550272866,17.42831565460034,19.48,17.99,0,1,21.0,16.92,0,0,-6.928645294725955,-4.051172707889133,Uptrend
2025-05-12 20:00:00,18.0,18.15,17.98,18.12,639,20,0,48.210023866348465,1228.75,0.5200406917599186,0,0.432857142857143,2.388836329233681,18.707500000000003,-3.140451690498474,19.1198,-5.229134195964395,17.9523,0.9341421433465348,0,0,19.574433494686915,17.84056650531309,9.268298753835747,13.01074252830438,19.48,17.98,0,1,21.0,16.92,0,0,0.6666666666666821,-4.8319327731092345,Uptrend
2025-05-13 16:00:00,18.06,18.1,17.87,17.94,1681,20,0,48.91041162227604,1241.7,1.3537891600225498,0,0.41642857142857154,2.321229495142539,18.6615,-3.866248693834895,19.1328,-6.234320120421467,17.96375,-0.13221070210841118,0,0,19.589821065149096,17.733178934850905,9.949050881752221,10.89925813646264,19.48,17.87,0,1,21.0,16.92,0,0,-0.9933774834437026,-7.2388831437435295,Downtrend
2025-05-13 20:00:00,17.94,18.1,17.9,18.03,654,20,0,46.582278481012665,1251.85,0.5224268083236809,0,0.408571428571429,2.2660644956818023,18.624,-3.189432989690709,19.143,-5.814135715405106,17.97615,0.29956358842132835,0,0,19.591914741786685,17.656085258213313,10.39427342983984,8.747065170719397,19.48,17.87,0,1,21.0,16.92,0,0,0.5016722408026641,0.16666666666667299,Uptrend
2025-05-14 16:00:00,17.65,17.7,17.46,17.53,1367,20,0,38.875878220140514,1230.4,1.1110208062418725,0,0.4292857142857149,2.4488631733355097,18.559,-5.544479767228837,19.1366,-8.395430745273456,17.9859,-2.5347633423959866,0,0,19.637007909354644,17.48099209064536,11.617090461281778,8.104698384187836,19.48,17.46,0,1,21.0,17.24,0,1,-2.773155851358844,-3.2560706401765995,Downtrend
2025-05-14 20:00:00,17.53,17.63,17.37,17.52,1379,20,0,37.91469194312798,1265.2,1.08994625355675,0,0.4364285714285719,2.4910306588388806,18.488,-5.235828645607962,19.1388,-8.458210546115746,17.99665,-2.64854847985597,0,0,19.644539302356105,17.331460697643895,12.511242993899883,7.675741376283462,19.48,17.37,0,1,21.0,17.24,0,1,-0.05704506560183509,-2.3411371237458285,Downtrend
2025-05-15 16:00:00,17.61,17.81,17.55,17.78,1390,20,0,36.25304136253043,1249.85,1.1121334560147218,0,0.42500000000000043,2.3903262092238493,18.464000000000002,-3.704506065857891,19.1296,-7.055035128805614,18.008850000000002,-1.27076409654143,0,0,19.659718678408247,17.268281321591758,12.951892097143029,10.181060565495153,19.48,17.37,0,0,21.0,17.24,0,0,1.4840182648401923,-1.386577925679423,Downtrend
2025-05-15 20:00:00,17.78,17.87,17.63,17.85,650,20,0,33.838383838383876,1252.95,0.5187756893730795,0,0.4228571428571432,2.3689475790316146,18.443,-3.215312042509353,19.1126,-6.606113244665818,18.02125,-0.9502670458486344,0,0,19.667471529401734,17.21852847059827,13.278442004031149,12.649758114091757,19.48,17.37,0,0,21.0,17.37,0,0,0.3937007874015741,1.8254420992584157,Downtrend
2025-05-16 16:00:00,17.5,17.71,17.42,17.69,1282,20,0,28.71794871794873,1236.75,1.0365878310086922,0,0.39642857142857174,2.24097553096988,18.426,-3.9943558015847014,19.0816,-7.2928894851584785,18.03285,-1.9012524365255552,0,0,19.683606749680415,17.168393250319582,13.650350045375193,16.26263808525598,19.48,17.37,0,1,21.0,17.37,0,1,-0.8963585434173638,0.9703196347032061,Downtrend
2025-05-16 20:00:00,17.69,17.78,17.64,17.73,574,20,0,29.896907216494853,1233.65,0.4652859400964617,0,0.38142857142857167,2.151317379743777,18.3975,-3.628210354667756,19.0534,-6.945741967312919,18.042250000000003,-1.7306599786612107,0,0,19.69241109225373,17.10258890774627,14.077033208356903,19.876126491371085,19.48,17.37,0,0,21.0,17.37,0,0,0.22611644997172498,-0.28121484814398595,Downtrend
2025-05-19 16:00:00,17.93,18.03,17.85,18.03,694,20,0,38.32020997375328,1175.6,0.5903368492684588,0,0.36714285714285744,2.0362887251406403,18.375000000000004,-1.877551020408176,19.005399999999998,-5.132225577993607,18.05305,-0.12767925641372396,0,0,19.679478117062295,17.07052188293771,14.198401274147393,22.262922417251534,19.48,17.37,0,0,21.0,17.37,0,0,1.6920473773265776,1.0084033613445362,Downtrend
2025-05-19 20:00:00,18.03,18.1,17.98,18.08,356,20,0,40.810810810810764,1168.55,0.30465106328355657,0,0.36071428571428604,1.9951011378002548,18.352,-1.4821272885789125,18.9574,-4.6282718094253505,18.06445,0.08608067225959001,0,0,19.66044383263385,17.04355616736615,14.25941404352494,24.365614245970754,19.48,17.37,0,0,21.0,17.37,0,0,0.2773155851358622,2.2046353872244033,Uptrend
2025-05-20 16:00:00,18.21,18.53,18.17,18.51,1461,20,0,43.11688311688316,1160.05,1.2594284729106504,0,0.36357142857142905,1.9641892413367317,18.332,0.9709797076151038,18.9208,-2.1711555536763685,18.07825,2.38822894915161,0,0,19.61654128613647,17.04745871386353,14.014196881261945,25.116373796255267,19.48,17.37,0,0,21.0,17.37,0,0,2.3783185840708043,4.399323181049076,Uptrend
2025-05-20 20:00:00,18.51,18.59,18.5,18.59,591,20,0,39.669421487603316,1156.7,0.5109362842569378,0,0.3471428571428576,1.8673634058249466,18.305,1.556951652553948,18.8866,-1.5704255927483055,18.093400000000003,2.7446472194280633,0,0,19.54068859984591,17.06931140015409,13.501104614541507,26.021368070019125,19.48,17.37,0,0,21.0,17.37,0,0,0.432198811453266,3.1059345535219007,Uptrend
2025-05-21 16:00:00,18.76,18.87,18.62,18.78,1240,20,0,65.7258064516129,1078.45,1.149798321665353,0,0.2707142857142862,1.4415031188194152,18.276500000000002,2.7549038382622433,18.857,-0.4083364267911024,18.11025,3.6981819687745916,0,0,19.43456144732875,17.118438552671254,12.672682924288,27.645966643046183,19.44,17.37,0,0,21.0,17.37,0,0,1.0220548682087216,3.87168141592922,Uptrend
2025-05-21 20:00:00,18.78,18.85,18.71,18.71,926,20,0,62.13991769547323,1034.6,0.8950318963850764,0,0.2685714285714292,1.4354432312743408,18.2475,2.534593779969871,18.826800000000002,-0.6203922068540662,18.12595,3.2221759411230932,0,0,19.32494092523354,17.170059074766456,11.809189480570407,29.2896651921889,19.35,17.37,0,0,21.0,17.37,0,0,-0.37273695420660946,1.0804970286331672,Uptrend
2025-05-22 16:00:00,18.55,18.63,18.31,18.6,1393,20,0,63.98305084745761,1004.35,1.3869666948772839,0,0.2792857142857151,1.501536098310296,18.2315,2.0212269972300736,18.7874,-0.9974770324792159,18.1418,2.525658975404874,0,0,19.27588901806383,17.187110981936172,11.456973019925167,29.6057954006835,19.35,17.37,0,0,21.0,17.37,0,0,-0.5879208979155504,0.05379236148467759,Uptrend
2025-05-22 20:00:00,18.6,18.7,18.55,18.56,646,20,0,61.47186147186139,1005.9,0.6422109553633563,0,0.2757142857142862,1.485529556650249,18.2215,1.857695579397963,18.747799999999998,-1.0017175348574197,18.15655,2.222063112210191,0,0,19.248263438136767,17.19473656186323,11.2698014777792,30.114524384132203,19.35,17.37,0,0,21.0,17.37,0,0,-0.21505376344087557,-1.17145899893505,Uptrend
2025-05-23 16:00:00,18.77,18.98,18.7,18.96,1141,20,0,82.35294117647047,1011.5,1.1280276816608996,0,0.26500000000000057,1.3976793248945176,18.217499999999998,4.075751337999195,18.7242,1.2593328419905852,18.172649999999997,4.3326097184505485,0,0,19.231379988745534,17.20362001125446,11.130835611313698,31.3745066379033,19.35,17.37,0,0,20.78,17.37,0,0,2.155172413793105,1.3361838588989845,Uptrend
2025-05-23 20:00:00,18.96,18.99,18.92,18.97,610,20,0,82.80542986425331,1008.75,0.6047087980173482,0,0.2514285714285719,1.3254010091121344,18.199,4.236496510797281,18.7022,1.4319171006619411,18.1889,4.294377340026052,0,0,19.137327739847933,17.26067226015207,10.311860430220687,32.82579796261236,18.99,17.37,1,0,20.78,17.37,0,0,0.05274261603374075,1.9892473118279432,Uptrend
2025-05-27 16:00:00,18.91,18.95,18.72,18.85,1753,20,0,75.84541062801932,1021.35,1.7163558035932833,0,0.2485714285714291,1.3186813186813215,18.2415,3.3358002357262446,18.674400000000002,0.9403247226149128,18.205,3.542982697061264,0,0,19.218095051562585,17.26490494843741,10.707398531508778,32.55907736192218,18.99,17.37,1,0,20.78,17.37,0,0,-0.6325777543489619,1.5625000000000147,Uptrend
2025-05-27 20:00:00,18.85,18.89,18.8,18.82,896,20,0,73.8916256157635,1034.2,0.8663701411719202,0,0.23785714285714324,1.2638530438742999,18.276500000000002,2.9737641233277596,18.6436,0.946169194790711,18.222150000000003,3.2808971498972266,0,0,19.284432224120618,17.268567775879387,11.02981669488814,31.802382525014227,18.99,17.37,1,0,20.78,17.37,0,0,-0.15915119363395513,-0.7383966244725768,Uptrend
2025-05-28 16:00:00,18.91,19.0,18.72,18.78,943,20,0,78.53403141361255,997.3,0.9455529930813196,0,0.22714285714285762,1.2094933820173461,18.3185,2.5193110789638937,18.618000000000002,0.8701256848211356,18.23925,2.9647600641473897,0,0,19.337338864383675,17.299661135616326,11.12360580160684,30.732952535723598,19.0,17.37,1,0,20.39,17.37,0,0,-0.2125398512221044,-1.0015814443858606,Uptrend
2025-05-28 20:00:00,18.78,18.93,18.77,18.92,425,20,0,79.60199004975125,985.85,0.43110006593295125,0,0.22857142857142904,1.2080942313500476,18.363000000000003,3.0332734302673776,18.599,1.7258992418947336,18.257,3.6314838144273445,0,0,19.406235856664846,17.31976414333516,11.362368421988162,29.797578386063716,19.0,17.37,1,0,20.39,17.37,0,0,0.7454739084132189,0.37135278514589004,Uptrend
2025-05-29 16:00:00,18.91,18.97,18.75,18.95,801,20,0,76.43678160919538,957.55,0.8365098428280507,0,0.22285714285714317,1.1760271390878267,18.434,2.7991754366930572,18.598000000000003,1.892676631895885,18.2744,3.696975003283278,0,0,19.430782191274368,17.437217808725634,10.814605525380998,29.599332561240917,19.0,17.37,1,0,20.11,17.37,0,0,0.1585623678646897,0.6907545164718332,Uptrend
2025-05-29 20:00:00,18.95,18.97,18.86,18.89,372,20,0,73.14285714285721,907.2,0.41005291005291006,0,0.22214285714285736,1.1759812448007272,18.5025,2.094311579516278,18.597,1.5755229338065238,18.29085,3.2756815566253166,0,0,19.41995356974137,17.585046430258632,9.917076824660114,29.53904277492372,19.0,17.42,1,0,19.48,17.37,0,0,-0.31662269129286713,0.5857294994675155,Uptrend
2025-05-30 16:00:00,18.85,18.93,18.75,18.86,1102,20,0,62.962962962962905,892.8,1.2343189964157706,0,0.20285714285714285,1.0755946068777458,18.5565,1.635545496187318,18.589000000000002,1.457851417504961,18.306449999999998,3.0237976232420887,0,0,19.42047551134862,17.69252448865138,9.311836944990922,28.20979493734956,19.0,17.42,1,0,19.48,17.37,0,0,-0.1588141874007465,-0.3171247357293989,Uptrend
2025-05-30 20:00:00,18.86,19.09,18.84,19.06,525,20,0,65.9863945578231,886.55,0.5921831819976313,0,0.21428571428571427,1.1242692250037476,18.617,2.3795455766235043,18.584,2.5613430908308175,18.32295,4.0225509538584125,0,0,19.44121509711686,17.79278490288314,8.854435162667015,26.93313285770733,19.09,17.42,1,0,19.48,17.37,0,0,1.0604453870625585,0.5804749340369364,Uptrend
2025-06-02 16:00:00,19.7,20.24,19.68,20.21,1399,20,0,79.42386831275721,892.4,1.5676826535186015,0,0.27857142857142847,1.3783841097052374,18.743000000000002,7.826922050898995,18.610400000000002,8.59519408502772,18.34585,10.161153612397367,0,0,19.725758737860737,17.760241262139267,10.486674895808939,27.969506894518734,20.24,17.64,1,0,20.24,17.37,1,0,6.033578174186793,6.987824245632611,Uptrend
2025-06-02 20:00:00,20.2,20.24,20.11,20.22,466,20,0,81.85654008438817,887.0,0.5253664036076663,0,0.27785714285714264,1.3741698459799339,18.8675,7.168411289254004,18.636,8.499678042498388,18.367350000000002,10.086648318891928,0,0,19.93697847595255,17.79802152404745,11.336726921452767,28.966549564565153,20.24,17.85,1,0,20.24,17.37,1,0,0.04948045522017441,7.211028632025449,Uptrend
2025-06-03 16:00:00,20.02,20.05,19.78,19.94,1274,20,0,76.37795275590555,916.0,1.3908296943231442,0,0.2807142857142852,1.4077948130104572,18.963,5.152138374729738,18.6538,6.895109843570752,18.38755,8.442941011717169,0,0,20.058389380419715,17.867610619580287,11.552912307332324,31.248783816533628,20.24,17.98,1,0,20.24,17.37,1,0,-1.3847675568743667,4.616998950682071,Uptrend
2025-06-03 20:00:00,19.94,20.08,19.94,19.99,473,20,0,78.03921568627462,921.85,0.5130986603026523,0,0.27999999999999936,1.4007003501750845,19.058500000000002,4.8875829682293785,18.67,7.070166041778236,18.40805,8.593794562704899,0,0,20.16275540523894,17.954244594761064,11.588062074548759,33.29350975288515,20.24,18.17,1,0,20.24,17.37,1,0,0.25075225677029245,-1.0885700148441484,Uptrend
2025-06-04 16:00:00,20.12,20.19,20.03,20.11,1491,20,0,75.33039647577101,923.35,1.6147722965289435,0,0.26428571428571374,1.3142004688498943,19.1385,5.076155393578383,18.695,7.568868681465628,18.4293,9.119716972429762,0,0,20.30548937892583,17.97151062107417,12.19520212060329,32.87666216278525,20.24,18.31,1,0,20.24,17.37,1,0,0.6003001500750393,-0.5440158259149329,Uptrend
2025-06-04 20:00:00,20.11,20.11,20.01,20.04,500,20,0,72.96137339055804,918.8,0.544188071397475,0,0.26642857142857096,1.3294838893641268,19.211,4.31523606267243,18.7202,7.050138353222726,18.45075,8.613470997113938,0,0,20.414117004416084,18.007882995583913,12.525292846973985,31.953091704780103,20.24,18.31,1,0,20.24,17.37,1,0,-0.348085529587272,0.5015045135406112,Uptrend
2025-06-05 16:00:00,20.59,20.61,19.81,19.97,2893,20,0,74.56140350877195,1001.45,2.8888112237255976,1,0.30571428571428527,1.5308677301666764,19.270500000000002,3.629900625308097,18.743000000000002,6.546444005762134,18.4723,8.107815485889674,0,0,20.501254582402435,18.03974541759757,12.773457693390759,32.99848982130793,20.61,18.31,0,0,20.61,17.37,0,0,-0.3493013972055925,-0.10005002501250412,Uptrend
2025-06-05 20:00:00,19.97,20.06,19.81,19.92,923,20,0,73.913043478261,1001.3,0.9218016578448018,0,0.3171428571428567,1.5920826161789994,19.331,3.0469194557964006,18.7626,6.168654664065762,18.494,7.710608846112263,0,0,20.56470046693051,18.09729953306949,12.763959101241642,34.16856438194043,20.61,18.31,0,0,20.61,17.37,0,0,-0.25037556334500666,-0.944803580308293,Uptrend
2025-06-06 16:00:00,19.89,19.92,19.46,19.61,1707,20,0,66.14785992217901,1017.0,1.6784660766961652,0,0.32999999999999957,1.682814890362058,19.3815,1.1789593168743409,18.7896,4.3662451568953005,18.51345,5.922991122670278,0,0,20.571108958306674,18.191891041693324,12.275716103569637,33.50160283513029,20.61,18.55,0,0,20.61,17.37,0,0,-1.5562248995984018,-2.14570858283433,Uptrend
2025-06-06 20:00:00,19.61,19.82,19.61,19.72,657,20,0,65.74803149606299,1017.55,0.6456685175175667,0,0.3335714285714282,1.691538684439291,19.439500000000002,1.4429383471796928,18.8186,4.78994186602616,18.531699999999997,6.412255756352639,0,0,20.572218667166137,18.306781332833868,11.653783967346222,32.966057491164925,20.61,18.7,0,0,20.61,17.37,0,0,0.5609382967873611,-1.2518778167250877,Uptrend
2025-06-09 16:00:00,19.78,20.2,19.71,20.13,1944,20,0,70.20547945205482,1057.7,1.8379502694525858,0,0.3528571428571424,1.752891916826341,19.498,3.2413580880090156,18.8606,6.730432753995087,18.552149999999997,8.504944170891255,0,0,20.647180028037965,18.348819971962037,11.787670817909161,33.52417470621223,20.61,18.72,0,0,20.61,17.37,0,0,2.0791075050709873,1.054216867469866,Uptrend
2025-06-09 20:00:00,20.13,20.26,20.11,20.2,452,20,0,72.35494880546077,1049.8,0.43055820156220237,0,0.3557142857142855,1.7609618104667597,19.5595,3.2746235844474523,18.8986,6.88622437640884,18.5748,8.74948855438551,0,0,20.721285830430325,18.397714169569674,11.879504388459065,34.330982277725724,20.61,18.72,1,0,20.61,17.37,1,0,0.3477396920019915,3.008669046404895,Uptrend
2025-06-10 16:00:00,20.24,20.34,19.84,19.93,1429,20,0,66.87697160883283,1033.6,1.382546439628483,0,0.3785714285714284,1.8995054117984367,19.613500000000002,1.6136844520355762,18.927599999999998,5.295969906380109,18.5946,7.181654889053811,0,0,20.736171156801927,18.490828843198077,11.44794306780457,36.709885646302105,20.61,18.72,0,0,20.61,17.37,0,0,-1.3366336633663378,1.0649087221095377,Uptrend
2025-06-10 20:00:00,19.93,19.98,19.86,19.93,450,20,0,64.6464646464647,1011.3,0.4449718184514981,0,0.36928571428571416,1.8529137696222486,19.669,1.3269612079922681,18.9554,5.141542779366295,18.61495,7.064483117064506,0,0,20.734811279828513,18.603188720171488,10.837472976038562,38.48160530595283,20.61,18.72,0,0,20.61,17.37,0,0,0.0,-0.9935419771485311,Uptrend
2025-06-11 16:00:00,20.05,20.11,19.96,20.03,1297,20,0,45.31249999999999,1029.0,1.26044703595724,0,0.2978571428571427,1.487055131588331,19.7315,1.512809467095764,18.977800000000002,5.544372898860769,18.635800000000003,7.481299434421906,0,0,20.72173176447111,18.741268235528892,10.037065245633716,36.086962945623775,20.61,18.75,0,0,20.61,17.37,0,0,0.5017561465127995,-0.8415841584158325,Uptrend
2025-06-11 20:00:00,20.03,20.15,19.95,20.14,799,20,0,48.019801980198054,1047.7,0.7626228882313639,0,0.30285714285714277,1.50375939849624,19.792499999999997,1.755715548819016,18.998,6.01115906937572,18.657449999999997,7.946155557163512,0,0,20.720607865781467,18.864392134218527,9.378379343503553,33.77075250222628,20.61,18.75,0,0,20.61,17.37,0,0,0.5491762356465202,1.0536879076768733,Uptrend
2025-06-12 16:00:00,20.5,20.94,20.46,20.84,1920,20,0,68.44262295081965,1103.65,1.7396819643908847,0,0.3285714285714287,1.5766383328763371,19.887,4.792075225021367,19.0278,9.523959680047094,18.6824,11.548837408469996,0,0,20.838499647370643,18.935500352629358,9.569061672154096,33.81171269943649,20.94,18.75,1,0,20.94,17.37,1,0,3.47567030784508,4.565980933266434,Uptrend
2025-06-12 20:00:00,20.84,20.86,20.7,20.82,684,20,0,67.21991701244818,1119.25,0.6111235202144293,0,0.33000000000000035,1.5850144092219038,19.9835,4.185953411564546,19.058400000000002,9.243168366704433,18.7035,11.316063838319042,0,0,20.90009036364992,19.06690963635008,9.173471750693524,33.87650051932637,20.94,18.75,1,0,20.94,17.37,1,0,-0.09596928982725794,3.9440838741887125,Uptrend
2025-06-13 16:00:00,21.26,21.51,21.09,21.42,2094,20,0,72.66435986159173,1168.85,1.7915044702057579,0,0.3650000000000002,1.7040149393090578,20.1115,6.50622778012581,19.1084,12.097297523602196,18.72825,14.372672299867862,0,0,21.080955082968647,19.142044917031352,9.64080335100462,34.88565399729865,21.51,18.84,1,0,21.51,17.37,1,0,2.8818443804034644,6.355511420059588,Uptrend
2025-06-13 20:00:00,21.42,21.5,21.24,21.48,816,20,0,75.00000000000003,1183.4,0.6895386175426736,0,0.3764285714285719,1.7524607608406513,20.232499999999998,6.165822315581378,19.1628,12.092178596029806,18.7528,14.542894927690798,0,0,21.25215680500792,19.212843194992075,10.079395082248094,36.05921835789152,21.51,19.46,1,0,21.51,17.37,1,0,0.2801120448179262,3.0710172744721715,Uptrend
2025-06-16 16:00:00,21.53,21.58,21.3,21.34,2103,20,0,73.22033898305087,1218.6,1.7257508616445103,0,0.3392857142857145,1.5899049404204053,20.289,5.180146877618406,19.2088,11.094914830702592,18.77815,13.642717733110022,0,0,21.422302579561634,19.15569742043837,11.171596230091506,36.686408069588296,21.58,19.46,1,0,21.58,17.37,1,0,-0.6517690875232796,2.4975984630163284,Uptrend
2025-06-16 20:00:00,21.34,21.45,21.26,21.32,630,20,0,73.972602739726,1226.8,0.5135311379197913,0,0.3350000000000001,1.5712945590994374,20.344,4.797483287455756,19.2484,10.762452983105089,18.8028,13.387367838832509,0,0,21.566463431806525,19.121536568193477,12.017925991019702,37.159199167379406,21.58,19.46,1,0,21.58,17.37,1,0,-0.09372071227741197,-0.4668534080298852,Uptrend
2025-06-17 16:00:00,21.31,21.32,20.96,21.24,1432,20,0,80.29739776951669,1234.7,1.1597959018385033,0,0.32785714285714285,1.543583535108959,20.409,4.071733058944582,19.3132,9.976596317544479,18.82675,12.818197511519502,0,0,21.678362044492783,19.139637955507215,12.439238027270164,38.90174674686798,21.58,19.46,1,0,21.58,17.37,1,0,-0.37523452157599557,-1.1173184357541992,Uptrend
2025-06-17 20:00:00,21.25,21.31,21.21,21.24,713,20,0,79.45736434108525,1246.7,0.5719098419828347,0,0.3199999999999998,1.5065913370998107,20.4715,3.7539994626676085,19.3756,9.622411693057247,18.8499,12.67964286282684,0,0,21.776587615529852,19.166412384470146,12.750288113033761,40.64429432635655,21.58,19.46,1,0,21.58,17.37,1,0,0.0,-0.4686035613870732,Uptrend
2025-06-18 16:00:00,21.06,21.23,20.91,21.11,1775,20,0,71.30434782608697,1260.9,1.407724641129352,0,0.30857142857142833,1.4617310685524791,20.5215,2.8677240942426225,19.439,8.596121199650185,18.87255,11.855578604905002,0,0,21.844769873417206,19.198230126582793,12.8964244662155,40.18500511257632,21.58,19.46,0,0,21.58,17.37,0,0,-0.6120527306967993,-0.9849906191369646,Uptrend
2025-06-18 20:00:00,21.11,21.16,20.94,21.01,1174,20,0,67.3819742489271,1294.6,0.9068438127606984,0,0.3135714285714281,1.4924865710206001,20.57,2.1390374331550865,19.4986,7.751325736206711,18.89225,11.209622993555563,0,0,21.89006379431127,19.24993620568873,12.834844864475162,39.5428820923645,21.58,19.46,0,0,21.58,17.37,0,0,-0.4737091425864426,-1.082862523540475,Uptrend
2025-06-20 16:00:00,20.96,21.3,20.95,21.04,1963,20,0,76.555023923445,1248.1,1.5727906417754989,0,0.3028571428571425,1.4394350896252022,20.6235,2.019540815089578,19.5688,7.518090020849513,18.9122,11.250938547604196,0,0,21.92781308801904,19.31918691198096,12.64880440292908,40.390479195721966,21.58,19.46,0,0,21.58,17.37,0,0,0.14278914802474674,-0.9416195856873789,Uptrend
2025-06-20 20:00:00,21.04,21.07,20.84,20.84,572,20,0,69.86899563318781,1230.55,0.4648327983422047,0,0.31071428571428533,1.4909514669591426,20.6695,0.8248869106654758,19.6352,6.135919165580176,18.93115,10.083116979158694,0,0,21.93361983109483,19.405380168905168,12.231740788067745,41.00148781165668,21.58,19.46,0,0,21.58,17.37,0,0,-0.9505703422053147,-1.2790146849834183,Uptrend
2025-06-23 16:00:00,21.16,21.34,20.98,21.13,1539,20,0,72.17741935483872,1222.15,1.259256228777155,0,0.3335714285714282,1.5786627002907154,20.7455,1.8534139933961542,19.7022,7.246906436844604,18.95135,11.496014795779706,0,0,21.921084513068795,19.569915486931205,11.333392909968863,43.81893749321785,21.58,19.61,0,0,21.58,17.37,0,0,1.3915547024951902,0.5711565920989883,Uptrend
2025-06-23 20:00:00,21.13,21.2,21.07,21.07,481,20,0,69.13580246913585,1213.35,0.3964231260559608,0,0.3285714285714282,1.5594277578140872,20.813,1.2348051698457765,19.7666,6.593951412989588,18.971400000000003,11.061914249870844,0,0,21.891695118137413,19.734304881862585,10.365589949910289,46.53706285955634,21.58,19.71,0,0,21.58,17.42,0,0,-0.2839564600094602,0.1425855513308039,Uptrend
2025-06-24 16:00:00,20.57,20.76,20.36,20.74,1987,20,0,47.57281553398053,1215.5,1.634718222953517,0,0.32214285714285673,1.5532442485190778,20.8435,-0.49655767985223387,19.8276,4.601666364058172,18.99055,9.212213443001913,0,0,21.874315211373375,19.812684788626623,9.890999221564288,44.361830684324175,21.58,19.84,0,0,21.58,17.42,0,0,-1.5662078785002476,-0.4798464491362832,Uptrend
2025-06-24 20:00:00,20.75,20.78,20.52,20.57,1056,20,0,44.34389140271492,1245.7,0.8477161435337561,0,0.329285714285714,1.6008056115007971,20.862000000000002,-1.399674048509259,19.8844,3.4479290297922036,19.00705,8.223001465245794,0,0,21.85684143142661,19.867158568573394,9.537354342120672,42.16708146511632,21.58,19.84,0,0,21.58,17.42,0,0,-0.8196721311475308,-2.6502602934216695,Uptrend
2025-06-25 16:00:00,20.53,20.99,20.5,20.94,1324,20,0,37.87878787878783,1240.45,1.0673545890604217,0,0.3149999999999995,1.5042979942693384,20.9125,0.1315002988643149,19.9426,5.001353885651834,19.02515,10.064835231259682,0,0,21.80546372296137,20.019536277038632,8.539999741411776,40.9810835549805,21.58,19.86,0,0,21.58,17.64,0,0,1.798736023334957,-0.6169909824394827,Uptrend
2025-06-25 20:00:00,20.94,20.97,20.76,20.76,632,20,0,32.85714285714285,1249.55,0.5057820815493578,0,0.3114285714285706,1.5001376273052531,20.954,-0.9258375489166701,19.9962,3.8197257478920985,19.043,9.01643648584783,0,0,21.723289487636595,20.184710512363406,7.342650449905457,39.73267878056419,21.58,19.95,0,0,21.58,17.85,0,0,-0.8595988538681931,0.09643201542913755,Uptrend
2025-06-26 16:00:00,20.92,21.11,20.86,21.08,1588,20,0,44.29824561403503,1264.1,1.2562297286607074,0,0.31642857142857067,1.5010843046896143,21.0065,0.3498917001880334,20.0476,5.149743610207701,19.06385,10.57577561720219,0,0,21.64195342286454,20.37104657713546,6.0500647215341905,37.971225102745066,21.58,19.95,0,0,21.58,17.98,0,0,1.541425818882458,2.479338842975197,Uptrend
2025-06-26 20:00:00,21.08,21.1,20.92,21.08,630,20,0,44.6902654867256,1255.65,0.5017321705889379,0,0.31571428571428506,1.4976958525345592,21.0535,0.12586980787041888,20.0974,4.889189646421914,19.078,10.493762448894008,0,0,21.540910990523273,20.566089009476727,4.630213413667779,36.275332781852754,21.58,20.36,0,0,21.58,18.17,0,0,0.0,0.668576886341915,Uptrend
2025-06-27 16:00:00,20.53,20.57,20.33,20.41,1636,20,0,35.438596491228026,1241.45,1.3178138467115066,0,0.343571428571428,1.6833484986351197,21.032,-2.957398250285279,20.13,1.390958768007954,19.0896,6.916855251026734,0,0,21.59164650496987,20.47235349503013,5.321857217286699,34.9656799243278,21.58,20.33,0,1,21.58,18.31,0,0,-3.178368121442121,-1.6859344894027042,Uptrend
2025-06-27 20:00:00,20.42,20.42,20.25,20.36,811,20,0,34.82758620689651,1247.8,0.6499439012662286,0,0.34857142857142825,1.712040415380296,21.009,-3.089152268075591,20.163,0.9770371472499092,19.09955,6.599370142228475,0,0,21.63875015931445,20.37924984068555,5.9950512572178685,33.793150937563595,21.58,20.25,0,1,21.58,18.31,0,0,-0.24497795198432648,-3.41555977229601,Uptrend
2025-06-30 16:00:00,20.32,20.63,20.3,20.63,1477,20,0,42.1052631578947,1216.95,1.2136899626114466,0,0.34857142857142825,1.6896336818779847,20.9695,-1.6190180977133504,20.203599999999998,2.110514957730311,19.1109,7.948866877017817,0,0,21.58973679688424,20.34926320311576,5.9156088307707755,32.915228859641545,21.58,20.25,0,1,21.58,18.31,0,0,1.3261296660117772,-2.1347248576850064,Uptrend
2025-06-30 20:00:00,20.63,20.72,20.55,20.71,482,20,0,45.03311258278143,1200.25,0.40158300354092896,0,0.34499999999999964,1.6658619024625767,20.931,-1.0558501743824953,20.2466,2.2887793506070153,19.124350000000003,8.291262186688684,0,0,21.51217485365854,20.349825146341463,5.553244982643337,31.844071973296156,21.58,20.25,0,0,21.58,18.31,0,0,0.38778477944740875,1.469867711905932,Uptrend
2025-07-01 16:00:00,21.01,21.06,20.78,20.89,1072,20,0,47.634069400630935,1148.7,0.9332288674153391,0,0.34499999999999936,1.6515078985160334,20.908499999999997,-0.08848076141280324,20.2852,2.9814840376234932,19.13955,9.145721816866127,0,0,21.456924537819855,20.360075462180138,5.24594818202988,29.034292147387326,21.45,20.25,0,0,21.58,18.55,0,0,0.8691453404152671,2.6031434184675892,Uptrend
2025-07-01 20:00:00,20.88,20.9,20.7,20.73,394,20,0,48.24281150159745,1136.9,0.34655642536722664,0,0.34285714285714214,1.6539177175935462,20.878999999999998,-0.7136357105225221,20.3204,2.0157083521977968,19.152250000000002,8.237935490608143,0,0,21.396845740085826,20.36115425991417,4.960445807613665,26.60098039730542,21.34,20.25,0,0,21.58,18.7,0,0,-0.7659167065581673,0.48473097430926526,Uptrend
2025-07-02 16:00:00,20.9,21.09,20.82,21.05,1469,20,0,48.7341772151899,1138.75,1.2900109769484083,0,0.33285714285714213,1.5812690872073258,20.8695,0.8648985361412689,20.3644,3.3666594645557977,19.166150000000002,9.829047565630024,0,0,21.365991903785996,20.373008096214,4.758062280227105,24.18136731671155,21.34,20.25,1,0,21.58,18.72,0,0,1.5436565364206567,1.6417189763399318,Uptrend
2025-07-02 20:00:00,21.05,21.2,21.04,21.11,453,20,0,50.63291139240505,1125.75,0.40239840106595604,0,0.33499999999999935,1.586925627664611,20.863,1.1839141063126102,20.4102,3.4286778179537674,19.18075,10.058261538261014,0,0,21.34217033560629,20.38382966439371,4.593494086241586,21.47160583227507,21.34,20.25,1,0,21.58,18.72,0,0,0.2850356294536782,1.053135471517467,Uptrend
2025-07-03 16:00:00,21.06,21.42,21.02,21.32,1580,20,0,59.53947368421057,1116.0,1.4157706093189963,0,0.3128571428571423,1.4674350040203672,20.8735,2.13907586173857,20.461,4.19823078050927,19.1939,11.076956741464741,0,0,21.38366096530903,20.36333903469097,4.888120969737035,22.87081007630689,21.42,20.25,1,0,21.58,18.72,1,0,0.994789199431545,2.846116739025566,Uptrend
2025-07-07 16:00:00,20.91,21.36,20.9,21.35,1624,20,0,63.448275862068996,1138.5,1.4264382960035134,0,0.3271428571428565,1.532285045165604,20.8905,2.1995643952993085,20.5096,4.0975933221515906,19.207150000000002,11.156522440861862,0,0,21.44088646709073,20.340113532909267,5.2692512586173805,23.823881987047063,21.42,20.25,1,0,21.58,18.72,1,0,0.1407129455909928,1.425178147268412,Uptrend
2025-07-07 20:00:00,21.35,21.57,21.32,21.5,904,20,0,60.447761194029844,1085.55,0.8327575883192851,0,0.3099999999999995,1.4418604651162767,20.9135,2.80440863557033,20.5606,4.568932813244745,19.2211,11.85624131813476,0,0,21.52521975007375,20.30178024992625,5.849998805305183,23.201587614752658,21.57,20.25,1,0,21.58,18.75,1,0,0.7025761124121788,1.8474656560871654,Uptrend
2025-07-08 16:00:00,21.24,21.24,20.44,20.69,2217,20,0,48.94259818731117,1167.8,1.8984415139578696,0,0.3707142857142853,1.791755851688184,20.906,-1.0331962116138789,20.5966,0.45347290329473117,19.2327,7.577199249195381,0,0,21.5251471213641,20.286852878635898,5.923152409491064,21.300257237812506,21.57,20.25,0,0,21.58,18.75,0,0,-3.767441860465115,-2.954971857410877,Uptrend
2025-07-08 20:00:00,20.69,20.83,20.61,20.62,840,20,0,42.48366013071899,1132.85,0.7414926954142208,0,0.3614285714285711,1.7528058750173185,20.880499999999998,-1.2475754890926791,20.631800000000002,-0.057193264766045235,19.2447,7.146383160038863,0,0,21.502803868911226,20.25819613108877,5.960622292677168,19.99778596465186,21.57,20.25,0,1,21.58,18.75,0,0,-0.3383276945384206,-3.4192037470726016,Uptrend
2025-07-09 16:00:00,20.55,20.76,20.46,20.73,1567,20,0,44.479495268138834,1187.15,1.3199679905656403,0,0.3699999999999997,1.784852870236371,20.8635,-0.6398734632252401,20.6652,0.313570640497076,19.2572,7.648048522111208,0,0,21.48257486155493,20.244425138445067,5.934525478035151,19.068328500239975,21.57,20.25,0,0,21.58,18.75,0,0,0.533462657613959,-3.5813953488372077,Uptrend
2025-07-09 20:00:00,20.73,20.87,20.72,20.78,650,20,0,57.25490196078433,1120.3,0.5802017316790146,0,0.327142857142857,1.574315963151381,20.8655,-0.4097673192590625,20.676599999999997,0.5000822185465897,19.27035,7.834055946051839,0,0,21.4831517499443,20.2478482500557,5.9203158318209566,16.74614797982037,21.57,20.25,0,0,21.58,18.84,0,0,0.2411963338157186,0.43499275012083055,Uptrend
2025-07-10 16:00:00,20.89,20.93,20.68,20.85,1307,20,0,59.53307392996113,1132.85,1.1537273248885556,0,0.33285714285714263,1.59643713600548,20.8795,-0.14128690821139753,20.6892,0.777217098776182,19.284950000000002,8.115395684199331,0,0,21.481443344071856,20.277556655928144,5.76587891541326,14.536546729330668,21.57,20.25,0,0,21.58,19.46,0,0,0.336862367661217,1.1154219204655693,Uptrend
2025-07-10 20:00:00,20.85,20.96,20.85,20.95,524,20,0,56.66666666666668,1092.85,0.4794802580409023,0,0.317142857142857,1.51380838731674,20.88,0.33524904214559526,20.709400000000002,1.1617912638704984,19.29975,8.55062889415666,0,0,21.482171509052456,20.27782849094754,5.76792633192009,13.23951168889939,21.57,20.25,0,0,21.58,19.46,0,0,0.47961630695443347,1.0612638687891889,Uptrend
2025-07-11 16:00:00,21.21,21.25,20.94,21.04,1872,20,0,56.84647302904561,1154.85,1.6209897389271335,0,0.327142857142857,1.554861488321564,20.894,0.6987651957499799,20.7304,1.4934588816424172,19.313499999999998,8.93934294664355,0,0,21.497442754446066,20.29055724555393,5.77623006074536,12.730323660914356,21.57,20.25,0,0,21.58,19.46,0,0,0.42959427207636125,1.2512030798844946,Uptrend
2025-07-11 20:00:00,21.04,21.17,21.0,21.11,649,20,0,54.78260869565216,1107.9,0.5857929416012275,0,0.31428571428571445,1.488800162414564,20.895500000000002,1.0265368141465745,20.7504,1.7329786413755897,19.327250000000003,9.224023076226553,0,0,21.501034996162623,20.28996500383738,5.795841173100632,12.340689162553446,21.57,20.25,0,0,21.58,19.46,0,0,0.3326996197718701,1.2470023980815252,Uptrend
2025-07-14 16:00:00,21.25,21.35,21.15,21.22,2118,21,0,60.88888888888887,1182.3,1.7914234965744735,0,0.3171428571428575,1.4945469233876414,20.9025,1.5189570625523217,20.774,2.146914412246067,19.34365,9.700082455999766,0,0,21.520131298633213,20.284868701366786,5.9096404605498245,12.343068925053135,21.57,20.25,1,0,21.58,19.46,1,0,0.5210800568451024,1.288782816229115,Uptrend
2025-07-14 20:00:00,21.22,21.25,21.11,21.13,768,21,0,51.98019801980195,1138.9,0.6743348845377117,0,0.3014285714285719,1.4265431681427918,20.938499999999998,0.9145831840867367,20.797199999999997,1.600215413613383,19.3609,9.137488443202527,0,0,21.518019764885924,20.35898023511407,5.5354468074210335,11.712944286919726,21.57,20.25,0,0,21.58,19.46,0,0,-0.4241281809613584,0.42775665399239476,Uptrend
2025-07-15 16:00:00,21.25,21.29,20.65,20.83,2697,21,0,43.805309734513244,1233.2,2.1869931884528055,1,0.3357142857142862,1.6116864412591754,20.962,-0.6297109054479604,20.8154,0.0701403768363709,19.378,7.493033336773651,0,0,21.477306755855455,20.446693244144544,4.91658005777555,12.70628786090843,21.57,20.3,0,0,21.58,19.46,0,0,-1.4197823000473342,-1.3263855992420708,Uptrend
2025-07-15 20:00:00,20.83,20.97,20.8,20.91,987,21,0,40.37558685446008,1208.7,0.8165797964755522,0,0.31928571428571445,1.52695224431236,20.976,-0.3146453089244801,20.8414,0.32915255213181455,19.394350000000003,7.81490485631123,0,0,21.468016259892586,20.483983740107412,4.691230548174934,12.535242431242327,21.57,20.44,0,0,21.58,19.46,0,0,0.384061449831985,-1.4608859566446688,Uptrend
2025-07-16 16:00:00,21.14,21.37,20.85,21.18,3379,21,0,46.4135021097046,1353.55,2.4963983598684942,1,0.3235714285714287,1.5277215702144886,20.9995,0.8595442748636803,20.8706,1.4824681609536867,19.410899999999998,9.113951439655049,0,0,21.4828425286468,20.516157471353203,4.60337178167859,11.38218033134161,21.57,20.44,1,0,21.58,19.46,1,0,1.2912482065997155,0.23663038334122438,Uptrend
2025-07-16 20:00:00,21.19,21.23,21.05,21.11,631,21,0,41.48471615720522,1331.5,0.47390161472024034,0,0.3185714285714286,1.5091019828111256,21.0105,0.47357273744079875,20.8902,1.052168002221134,19.4285,8.654811230923642,0,0,21.493363171202713,20.527636828797288,4.59639866926263,10.762955029280493,21.57,20.44,0,0,21.58,19.61,0,0,-0.3305004721435356,1.3442150744119115,Uptrend
2025-07-17 16:00:00,20.56,20.71,20.42,20.6,1660,21,0,47.738693467336695,1394.8,1.1901347863492975,0,0.29214285714285715,1.4181692094313452,21.003999999999998,-1.9234431536849954,20.898199999999996,-1.4269171507593683,19.4432,5.949637919684005,0,0,21.505886965675007,20.50211303432499,4.77896558441258,10.814036889305433,21.57,20.42,0,1,21.58,19.71,0,0,-2.415916627190895,-1.4825442372070718,Uptrend
2025-07-17 20:00:00,20.6,20.79,20.6,20.71,738,21,0,52.21674876847291,1358.25,0.5433462175593595,0,0.2899999999999999,1.4002897151134712,20.987000000000002,-1.3198646781340877,20.913800000000002,-0.9744761831900518,19.45855,6.431363076899369,0,0,21.505097735139408,20.468902264860596,4.9373205807347995,10.27406755825837,21.57,20.42,0,1,21.58,19.84,0,0,0.5339805825242738,-2.2190745986779925,Uptrend
2025-07-18 16:00:00,20.77,20.79,20.61,20.66,1700,21,0,48.2233502538071,1420.6,1.1966774602280728,0,0.28142857142857125,1.3621905683861144,20.964499999999997,-1.4524553411719687,20.9284,-1.2824678427400076,19.4705,6.109242186898122,0,0,21.498934280336407,20.430065719663588,5.098469129589633,9.14050558676945,21.57,20.42,0,1,21.58,19.84,0,0,-0.2414292612264668,-2.1316911416390303,Uptrend
2025-07-18 20:00:00,20.66,20.76,20.57,20.62,600,21,0,45.918367346938766,1371.6,0.4374453193350831,0,0.2842857142857141,1.3786892060412903,20.929499999999997,-1.4787739793114807,20.9402,-1.5291162453080667,19.481849999999998,5.842104317608457,0,0,21.45755402434816,20.401445975651836,5.046026176909738,9.16470398701098,21.57,20.42,0,1,21.58,19.86,0,0,-0.19361084220715918,0.09708737864077463,Uptrend
2025-07-21 16:00:00,21.24,21.45,21.1,21.34,2112,21,0,59.386973180076616,1396.0,1.512893982808023,0,0.32571428571428535,1.5263087428035864,20.929000000000002,1.9637823116250075,20.9642,1.7925797311607317,19.49665,9.454701192256111,0,0,21.455393888941067,20.402606111058937,5.030282277615417,9.872995254047831,21.57,20.42,1,0,21.58,19.95,1,0,3.49175557710959,3.0420086914533995,Uptrend
2025-07-21 20:00:00,21.34,21.37,21.2,21.21,791,21,0,54.924242424242465,1390.35,0.5689214945876938,0,0.3299999999999998,1.5558698727015547,20.9145,1.4128953596786944,20.971600000000002,1.1367754487020476,19.51095,8.708186941179182,0,0,21.387985396872327,20.441014603127673,4.527819425492622,10.962511497486604,21.45,20.42,1,0,21.58,19.95,1,0,-0.6091846298031833,2.662149080348503,Uptrend
2025-07-22 16:00:00,21.44,21.78,21.35,21.7,1699,21,0,60.85526315789475,1364.45,1.2451903697460516,0,0.3485714285714285,1.606319947333772,20.965,3.5058430717863076,20.9892,3.386503535151406,19.5272,11.127043303699448,0,0,21.541833461324806,20.388166538675193,5.5028233849254145,11.800971283314805,21.78,20.42,1,0,21.78,20.25,1,0,2.310231023102305,5.237633365664395,Uptrend
2025-07-22 20:00:00,21.7,21.73,21.61,21.63,546,21,0,58.55263157894738,1349.75,0.4045193554361919,0,0.34499999999999986,1.5950069348127593,21.0155,2.9240322619019277,20.9934,3.032381605647479,19.54275,10.680431362014032,0,0,21.640032667384382,20.390967332615617,5.943543264584547,13.116919611215334,21.78,20.42,1,0,21.78,20.25,1,0,-0.3225806451612967,1.358950328022489,Uptrend
2025-07-23 16:00:00,21.62,21.84,21.52,21.53,2047,21,0,55.11551155115516,1373.75,1.4900818926296633,0,0.3507142857142855,1.6289562736381116,21.055500000000002,2.2535679513666214,20.9944,2.551156498875902,19.558600000000002,10.079453539619394,0,0,21.705017229623362,20.405982770376642,6.169573077090164,13.71973175825535,21.84,20.42,1,0,21.84,20.25,1,0,-0.4623208506703502,1.50872230080151,Uptrend
2025-07-23 20:00:00,21.53,21.59,21.43,21.53,965,21,0,56.80272108843542,1389.5,0.6944944224541202,0,0.35214285714285687,1.6355915334085318,21.092999999999996,2.071777366898994,20.9982,2.532598032212287,19.57575,9.983014699309104,0,0,21.761859201609415,20.424140798390578,6.342001627169378,14.590429844935473,21.84,20.42,1,0,21.84,20.25,1,0,0.0,-0.7834101382488394,Uptrend
2025-07-24 16:00:00,21.13,21.66,21.05,21.46,1978,21,0,61.623616236162434,1423.05,1.3899722427181056,0,0.34999999999999964,1.6309412861136983,21.1235,1.593012521599171,21.000999999999998,2.18561020903768,19.59255,9.531429038078258,0,0,21.80127577413082,20.44572422586918,6.417267726757579,14.427983595532718,21.84,20.42,1,0,21.84,20.25,1,0,-0.32512772875058493,-0.7859454461396125,Uptrend
2025-07-24 20:00:00,21.46,21.53,21.42,21.44,948,21,0,60.00000000000006,1444.25,0.6563960533148693,0,0.3457142857142855,1.6124733475479731,21.148000000000003,1.3807452241346605,21.005,2.0709354915496423,19.608,9.343125254997965,0,0,21.834734454156,20.461265545844007,6.494556971401511,13.586829081214788,21.84,20.42,1,0,21.84,20.25,1,0,-0.09319664492077884,-0.4180213655364601,Uptrend
2025-07-25 16:00:00,21.54,21.78,21.26,21.41,2949,21,0,54.77178423236517,1498.1,1.9684934250050066,0,0.3457142857142855,1.6147327683992783,21.1665,1.1504027590768475,21.008399999999998,1.9116163058586184,19.624,9.101100693028952,0,0,21.86087666101838,20.472123338981618,6.561090978842808,13.492744388514184,21.84,20.42,1,0,21.84,20.25,1,0,-0.13992537313433084,-0.5573618207152856,Uptrend
2025-07-25 20:00:00,21.41,21.71,21.39,21.66,965,21,0,60.61776061776066,1513.9,0.6374265143008124,0,0.3557142857142855,1.6422635536208934,21.194,2.198735491176753,21.0194,3.047660732466194,19.64045,10.282605541115396,0,0,21.921718858379187,20.46628114162081,6.867215800501912,12.79054111914674,21.84,20.42,1,0,21.84,20.25,1,0,1.167678654834181,0.9319664492078251,Uptrend
2025-07-28 16:00:00,21.3,21.37,21.0,21.23,2113,21,0,62.54980079681276,1513.65,1.3959633997291314,0,0.35357142857142854,1.6654330125832715,21.1945,0.1674962844134043,21.0238,0.9807931962823041,19.65575,8.009106749933222,0,0,21.922307811530573,20.46669218846943,6.867893194277487,13.363733359005648,21.84,20.42,0,0,21.84,20.25,0,0,-1.9852262234533735,-0.9794776119403024,Uptrend
2025-07-28 20:00:00,21.23,21.31,21.16,21.3,617,21,0,61.9433198380567,1506.1,0.40966735276542066,0,0.3507142857142857,1.6465459423205902,21.203,0.45748243173136494,21.029,1.288696561890726,19.671,8.281226170504812,0,0,21.931606456476782,20.474393543523217,6.872673267714783,14.006577759654652,21.84,20.42,0,0,21.84,20.25,0,0,0.32972209138011355,-0.5137786081270408,Uptrend
2025-07-29 16:00:00,21.2,21.38,21.15,21.31,2211,21,0,63.37448559670783,1481.8,1.4921041975975167,0,0.35428571428571437,1.6625326808339485,21.226999999999997,0.391011447684562,21.038399999999996,1.2909726975435538,19.6866,8.24621823981795,0,0,21.93521049502372,20.518789504976272,6.672732793364343,15.084761428110976,21.84,20.42,0,0,21.84,20.25,0,0,0.04694835680749687,-1.6158818097876333,Uptrend
2025-07-29 20:00:00,21.31,21.5,21.31,21.39,857,21,0,65.58704453441298,1475.3,0.5808988002440182,0,0.35428571428571437,1.6563146997929612,21.251,0.6540868665003968,21.0436,1.6461061795510232,19.7009,8.573719982335831,0,0,21.946395381664768,20.555604618335234,6.544589729092907,16.18832604726696,21.84,20.42,0,0,21.84,20.25,0,0,0.375410605349602,0.7536504945831377,Uptrend
2025-07-30 16:00:00,21.17,21.47,21.12,21.29,2138,21,0,48.648648648648624,1413.25,1.5128250486467363,0,0.32,1.5030530765617662,21.2565,0.1575988521158238,21.048000000000002,1.1497529456480298,19.7148,7.989936494410285,0,0,21.951270692954193,20.561729307045805,6.537018727957977,15.70374118768209,21.84,20.42,0,0,21.84,20.25,0,0,-0.4675081813931836,-0.046948356807519076,Uptrend
2025-07-30 20:00:00,21.29,21.41,20.86,20.99,1939,21,0,44.55445544554449,1478.65,1.3113312819125553,0,0.3471428571428571,1.6538487715238546,21.2505,-1.225853509329194,21.053,-0.29924476321665505,19.72655,6.404819900083892,0,0,21.95263134173829,20.548368658261708,6.608139495431079,15.90906218247677,21.84,20.42,0,0,21.84,20.25,0,0,-1.409112259276657,-1.501642421398406,Uptrend
2025-07-31 16:00:00,21.16,21.2,20.86,20.96,2735,21,0,26.282051282051313,1532.4,1.7847820412424953,0,0.3307142857142856,1.5778353326063244,21.2685,-1.4505019159790238,21.0608,-0.47861429765250874,19.7375,6.193793540215327,0,0,21.916810354527865,20.620189645472134,6.09643702685065,17.49241034116739,21.84,20.57,0,1,21.84,20.25,0,0,-0.14292520247736196,-2.0102851799906487,Uptrend
2025-07-31 20:00:00,20.95,21.03,20.84,21.01,1117,21,0,29.870129870129944,1551.35,0.7200180487962098,0,0.3357142857142857,1.5978785612293465,21.2835,-1.2850330067892899,21.062200000000004,-0.2478373579208377,19.74865,6.38701885951698,0,0,21.889931321228538,20.677068678771462,5.698605222153666,19.112359019939593,21.84,20.57,0,0,21.84,20.25,0,0,0.23854961832061594,-1.3151714419915341,Uptrend
2025-08-01 16:00:00,21.34,21.39,21.11,21.24,3133,21,0,41.317365269460986,1623.0,1.9303758471965495,0,0.33999999999999986,1.6007532956685493,21.3125,-0.3401759530791862,21.071800000000003,0.7982232177602065,19.761499999999998,7.4817195050983,0,0,21.84426468875724,20.78073531124276,4.990167167223354,19.888302943929745,21.84,20.57,0,0,21.84,20.25,0,0,1.0947168015230657,1.191043353978085,Uptrend
2025-08-01 20:00:00,21.24,21.28,21.02,21.26,1305,21,0,42.01183431952664,1658.25,0.7869742198100407,0,0.3471428571428571,1.632845047708641,21.344500000000004,-0.3958865281454333,21.0754,0.8759027112178331,19.772750000000002,7.52171549228104,0,0,21.766499002242046,20.92250099775796,3.95417088469669,20.800195015881773,21.84,20.84,0,0,21.84,20.25,0,0,0.09416195856875031,1.4312977099236674,Uptrend
2025-08-04 16:00:00,21.78,22.16,21.72,21.97,1779,21,0,60.944206008583656,1641.6,1.0836988304093569,0,0.36785714285714277,1.6743611418167628,21.375999999999998,2.7788173652694668,21.093200000000003,4.156789865928336,19.78715,11.03165438175785,0,0,21.88223065265029,20.869769347349706,4.73643948961725,20.962641265284535,22.16,20.84,1,0,22.16,20.25,1,0,3.339604891815595,4.569252736791991,Uptrend
2025-08-04 20:00:00,21.97,22.12,21.85,22.08,638,21,0,63.22314049586772,1633.95,0.3904648245050338,0,0.37928571428571417,1.7177795031055896,21.4195,3.083638740400098,21.1266,4.512794297236652,19.8021,11.503325404881295,0,0,22.008432129052313,20.830567870947686,5.499027792920596,21.125087514687298,22.16,20.84,1,0,22.16,20.25,1,0,0.5006827492034516,3.954802259887005,Uptrend
2025-08-05 16:00:00,22.16,22.38,22.12,22.32,3119,21,0,67.30038022813689,1704.95,1.8293791606791987,0,0.36357142857142855,1.6289042498719917,21.450499999999998,4.053518566000803,21.1658,5.4531366638634,19.81665,12.632558984490322,0,0,22.155444193385524,20.745555806614473,6.572753021006743,22.56893297740068,22.38,20.84,1,0,22.38,20.25,1,0,1.0869565217391353,4.985888993414857,Uptrend
2025-08-05 20:00:00,22.33,22.46,22.31,22.44,1006,21,0,65.60000000000002,1727.95,0.5821927717815909,0,0.35142857142857153,1.5660809778456841,21.491000000000003,4.415801963612665,21.201999999999998,5.839071785680612,19.8325,13.147611244169932,0,0,22.32129227574173,20.660707724258277,7.726883586075345,24.16443271575756,22.46,20.84,1,0,22.46,20.25,1,0,0.5376344086021501,2.1392808375057006,Uptrend
2025-08-06 16:00:00,22.51,22.84,22.41,22.61,2538,21,0,80.80357142857143,1752.5,1.4482168330955778,0,0.3350000000000001,1.4816452896948256,21.544999999999998,4.943142260385247,21.24,6.450094161958574,19.84935,13.908012101151918,0,0,22.514742233791257,20.57525776620874,9.00201655874921,27.123116189146916,22.84,20.84,1,0,22.84,20.3,1,0,0.7575757575757569,2.4003623188405854,Uptrend
2025-08-06 20:00:00,22.62,22.67,22.51,22.64,989,21,0,80.45454545454547,1753.7,0.5639505046473171,0,0.3357142857142859,1.4828369510348316,21.6005,4.812388602115694,21.275,6.415981198589904,19.865850000000002,13.964416322483048,0,0,22.68669034873389,20.51430965126611,10.057085240933219,30.259482676040182,22.84,20.84,1,0,22.84,20.42,1,0,0.13268465280849018,1.4336917562724028,Uptrend
2025-08-07 16:00:00,23.1,23.28,22.87,23.18,2537,21,0,84.24908424908426,1781.65,1.4239609350882607,0,0.3650000000000002,1.5746333045729084,21.6865,6.88677287713555,21.324,8.703807915963225,19.88585,16.565296429370623,0,0,22.978683382780957,20.39431661721904,11.916938028551943,33.80208500125121,23.28,20.84,1,0,23.28,20.42,1,0,2.3851590106007015,3.2976827094474084,Uptrend
2025-08-07 20:00:00,23.18,23.3,22.98,22.99,951,21,0,78.16901408450701,1781.8,0.5337299360197553,0,0.37428571428571444,1.6280370347356001,21.764,5.633155669913615,21.362800000000004,7.616979047690352,19.90425,15.502970471130523,0,0,23.174448230359655,20.353551769640344,12.961295996688618,36.896205278470084,23.3,20.84,1,0,23.3,20.42,1,0,-0.8196721311475419,1.6806722689075588,Uptrend
2025-08-08 16:00:00,23.05,23.43,23.05,23.29,2246,21,0,82.89473684210527,1746.65,1.2858901325394325,0,0.3807142857142861,1.6346684659265185,21.858,6.551377070180248,21.406399999999998,8.79923761118171,19.9249,16.888917886664416,0,0,23.412356864801716,20.303643135198286,14.22231553483132,41.47377441914602,23.43,20.84,1,0,23.43,20.42,1,0,1.3049151805132775,2.871024734982326,Uptrend
2025-08-08 20:00:00,23.29,23.41,23.06,23.32,1698,21,0,92.05776173285203,1783.3,0.9521673302304716,0,0.3664285714285719,1.57130605243813,21.941,6.285037145070878,21.446399999999997,8.736198149806045,19.945999999999998,16.915672315251193,0,0,23.62288991441438,20.25911008558562,15.3310233299702,46.57783996490769,23.43,20.84,1,0,23.43,20.42,1,0,0.12881064834693312,0.6039689387402958,Uptrend
2025-08-11 16:00:00,22.61,22.76,22.24,22.65,2204,21,0,74.78005865102634,1787.85,1.2327656123276562,0,0.41928571428571487,1.8511510564490723,22.011999999999997,2.89841904415774,21.472400000000004,5.484249548257272,19.9633,13.458195789273308,0,0,23.68738966402268,20.336610335977312,15.22251193914851,46.98227571180918,23.43,20.84,0,0,23.43,20.42,0,0,-2.8730703259005175,-1.4789038712483684,Uptrend
2025-08-11 20:00:00,22.65,22.8,22.46,22.73,795,21,0,74.99999999999994,1796.75,0.4424655628217615,0,0.4300000000000005,1.8917729872415332,22.0835,2.927525075282449,21.497000000000003,5.735684048937046,19.9831,13.746115467570096,0,0,23.752994408180392,20.41400559181961,15.119835245141314,47.44779832831754,23.43,20.84,0,0,23.43,20.42,0,0,0.35320088300221375,-2.404465435809355,Uptrend
2025-08-12 16:00:00,23.06,23.46,22.98,23.37,2136,21,0,77.66233766233763,1793.0,1.1912994980479643,0,0.45500000000000057,1.9469405220368017,22.186500000000002,5.334324927320662,21.5506,8.44245635852367,20.0063,16.81320384079016,0,0,23.90842395455239,20.464576045447615,15.522267636196673,49.41736210000482,23.46,20.84,1,0,23.46,20.42,1,0,2.8156621205455368,0.21440823327616085,Uptrend
2025-08-12 20:00:00,23.36,23.47,23.3,23.39,538,21,0,77.66233766233762,1777.05,0.30274893784643087,0,0.4485714285714289,1.917791485983022,22.286499999999997,4.951427994525853,21.605999999999998,8.256965657687692,20.0295,16.777752814598475,0,0,24.045558061337378,20.527441938662616,15.785861946356594,51.6501005632597,23.47,20.84,1,0,23.47,20.42,1,0,0.08557980316645786,3.2671081677704286,Uptrend
2025-08-13 16:00:00,23.63,24.04,23.6,23.74,2391,21,0,75.3581661891117,1789.7,1.3359780968877466,0,0.43071428571428605,1.8142977494283323,22.409,5.939577848185995,21.6662,9.571590772724328,20.054100000000002,18.3797826878294,0,0,24.216433772535893,20.601566227464104,16.131320206487523,54.09223942997958,24.04,20.84,1,0,24.04,20.42,1,0,1.496365968362534,4.443466783985913,Uptrend
2025-08-13 20:00:00,23.74,23.78,23.66,23.76,708,21,0,74.70588235294116,1728.15,0.4096866591441715,0,0.42000000000000043,1.7676767676767693,22.5475,5.377536312229747,21.7258,9.363061429268436,20.078500000000002,18.335533032846076,0,0,24.321307976315392,20.773692023684607,15.73396586154024,56.534378296699444,24.04,20.84,1,0,24.04,20.42,1,0,0.08424599831509116,1.6688061617458303,Uptrend
2025-08-14 16:00:00,23.77,23.81,23.44,23.53,1834,21,0,67.8466076696165,1683.1,1.089655991919672,0,0.4250000000000002,1.8062048448788788,22.676000000000002,3.766096313282762,21.7794,8.037870648410895,20.102149999999998,17.052156112654632,0,0,24.33417147230825,21.017828527691755,14.624902736886987,57.547915787167334,24.04,20.84,0,0,24.04,20.42,0,0,-0.9680134680134733,0.5985463873450216,Uptrend
2025-08-14 20:00:00,23.53,23.56,23.41,23.54,664,21,0,66.76829268292678,1660.45,0.3998915956517811,0,0.42499999999999993,1.8054375531011042,22.8025,3.234294485253813,21.8312,7.8273296932830085,20.124,16.974756509640233,0,0,24.304160484438544,21.300839515561453,13.171016199439059,58.22893120032559,24.04,21.02,0,0,24.04,20.42,0,0,0.04249893752654721,-0.8424599831507973,Uptrend
2025-08-15 16:00:00,23.45,23.85,23.33,23.77,1601,21,0,67.36526946107782,1583.85,1.0108280455851248,0,0.4314285714285716,1.8150129214496071,22.929000000000002,3.667844214749869,21.8858,8.609235211872537,20.1467,17.98458308308557,0,0,24.296731891239517,21.561268108760487,11.930148643547604,56.5421239988125,24.04,21.02,1,0,24.04,20.42,1,0,0.977060322854717,0.04208754208753371,Uptrend
2025-08-15 20:00:00,23.78,24.01,23.75,24.0,689,21,0,69.20903954802256,1553.05,0.44364315379414704,0,0.4385714285714289,1.8273809523809537,23.066,4.049249978323078,21.9436,9.37129732587178,20.1704,18.98623725855709,0,0,24.268793240314032,21.863206759685966,10.429144544472674,55.05937149726692,24.04,21.72,1,0,24.04,20.42,1,0,0.9676062263357155,1.9974500637484012,Uptrend
2025-08-18 16:00:00,24.15,24.33,23.91,23.99,1543,21,0,63.45514950166107,1541.25,1.0011354420113545,0,0.422857142857143,1.7626391949026388,23.166999999999998,3.5524668709802754,21.999000000000002,9.050411382335541,20.19435,18.795603720842703,0,0,24.32052275089823,22.013477249101765,9.958326506653716,52.66038586751204,24.33,21.85,1,0,24.33,20.42,1,0,-0.04166666666667318,1.9116397621070491,Uptrend
2025-08-18 20:00:00,23.99,24.16,23.94,24.16,430,21,0,69.56521739130432,1530.85,0.2808897017996538,0,0.41571428571428576,1.7206717123935666,23.271,3.820205405869964,22.0596,9.521478177301494,20.2191,19.49097635404147,0,0,24.38630784043915,22.15569215956085,9.585388169302142,50.310612624881635,24.33,22.12,1,0,24.33,20.42,1,0,0.7086285952480287,1.640723601177958,Uptrend
2025-08-19 16:00:00,24.22,24.37,23.91,24.02,2026,21,0,62.89752650176675,1476.2,1.3724427584338166,0,0.41714285714285715,1.7366480314024029,23.356,2.842952560369917,22.1234,8.572823345417067,20.2431,18.657715468480625,0,0,24.424267658160314,22.28773234183969,9.147693596166402,47.16323353111044,24.37,22.24,1,0,24.37,20.42,1,0,-0.5794701986755024,0.08333333333333157,Uptrend
2025-08-19 20:00:00,24.02,24.04,23.83,23.87,648,21,0,59.32203389830507,1458.3,0.4443530137831722,0,0.4071428571428571,1.7056676042851155,23.4275,1.8888058905132967,22.182599999999997,7.606863036794623,20.2654,17.78696694859219,0,0,24.426823455352995,22.428176544647002,8.53120013106816,42.64808610947814,24.37,22.24,0,0,24.37,20.42,0,0,-0.62447960033305,-0.5002084201750624,Uptrend
2025-08-20 16:00:00,24.23,24.79,24.16,24.76,1671,21,0,83.28075709779179,1414.95,1.1809604579667126,0,0.3957142857142854,1.5981998615278086,23.535,5.205013809220317,22.254199999999997,11.259897008205213,20.292650000000002,22.014621057377916,0,0,24.622701584461314,22.447298415538686,9.243268191725635,44.48176809431742,24.79,22.24,1,0,24.79,20.42,1,0,3.728529534981151,2.4834437086092773,Uptrend
2025-08-20 20:00:00,24.77,24.96,24.72,24.74,699,21,0,82.31511254019283,1400.45,0.49912528115962723,0,0.3885714285714284,1.5706201639912223,23.639999999999997,4.653130287648061,22.3268,10.808535034129386,20.319,21.757960529553618,0,0,24.768594841290252,22.511405158709742,9.548179706347335,46.282807333746824,24.96,22.24,1,0,24.96,20.42,1,0,-0.08077544426495775,2.997502081598663,Uptrend
2025-08-21 16:00:00,24.95,25.43,24.88,25.41,2687,21,0,82.48407643312092,1407.95,1.9084484534251926,0,0.3857142857142856,1.5179625569235955,23.7515,6.982716881039093,22.423000000000002,13.321143468759747,20.347550000000002,24.879899545645536,0,0,25.106634873845863,22.396365126154137,11.410941404508034,47.71943837398385,25.43,22.24,1,0,25.43,20.42,1,0,2.7081649151172282,6.4516129032258025,Uptrend
2025-08-21 20:00:00,25.41,25.52,25.32,25.41,757,21,0,82.37179487179478,1398.25,0.5413910244949044,0,0.38785714285714284,1.5263956822398381,23.8725,6.440464970153949,22.517000000000003,12.848070346849033,20.3789,24.687789821825508,0,0,25.36640163841551,22.378598361584487,12.515669816026909,48.93490450902397,25.52,22.24,1,0,25.52,20.42,1,0,0.0,2.6252019386106564,Uptrend
2025-08-22 16:00:00,25.41,26.26,25.34,26.1,2814,21,0,84.1040462427745,1426.65,1.9724529492166962,0,0.40714285714285736,1.559934318555009,24.012999999999998,8.691125640278196,22.625799999999998,15.355037169956438,20.41425,27.851868180315233,0,0,25.779853879520395,22.2461461204796,14.71581126490149,50.49432266838427,26.26,22.24,1,0,26.26,20.57,1,0,2.715466351829998,5.497170573969293,Uptrend
2025-08-22 20:00:00,26.1,26.21,26.01,26.1,706,21,0,84.01162790697666,1377.05,0.5126901710177554,0,0.4128571428571429,1.5818281335522717,24.152,8.06558463067241,22.7354,14.79894789623232,20.448449999999998,27.638036134768186,0,0,26.115740791126495,22.188259208873507,16.261516985148177,52.05374082774458,26.26,22.24,1,0,26.26,20.57,1,0,0.0,2.7154663518299933,Uptrend
2025-08-25 16:00:00,26.38,26.5,26.09,26.23,1740,21,0,90.41916167664661,1353.85,1.2852236215238027,0,0.415714285714286,1.584880997767007,24.331,7.804858000082203,22.833199999999998,14.87658322092393,20.4828,28.05866385455113,0,0,26.369502029999715,22.292497970000284,16.756417985283925,55.368274188258574,26.5,22.46,1,0,26.5,20.57,1,0,0.4980842911877392,3.227075954348683,Uptrend
2025-08-25 20:00:00,26.23,26.31,26.17,26.18,488,21,0,89.05325443786973,1338.5,0.36458722450504294,0,0.41500000000000015,1.5851795263559973,24.5035,6.841879731466936,22.932599999999997,14.16062722935909,20.51695,27.601812160189493,0,0,26.55540822611981,22.45159177388019,16.747878679534026,58.97322901603949,26.5,22.98,1,0,26.5,20.84,1,0,-0.1906214258482697,0.3065134099616793,Uptrend
2025-08-26 16:00:00,26.2,26.49,26.1,26.47,1664,21,0,89.24418604651152,1314.9,1.26549547494106,0,0.4057142857142854,1.5327324734200432,24.6585,7.346351156801909,23.028000000000002,14.947021017891245,20.551399999999997,28.799011259573565,0,0,26.815537686027852,22.501462313972148,17.49528711014743,62.93142230007546,26.5,23.3,1,0,26.5,20.84,1,0,1.1077158135981646,1.4176245210727871,Uptrend
2025-08-26 20:00:00,26.47,26.67,26.44,26.66,723,21,0,89.11764705882342,1324.15,0.5460106483404448,0,0.4035714285714282,1.5137712999678476,24.822,7.404721617919592,23.128600000000002,15.26854197832985,20.5882,29.49165055711524,0,0,27.068078219568054,22.575921780431944,18.09747981281166,66.68959614334209,26.67,23.33,1,0,26.67,20.84,1,0,0.7177937287495384,1.6393442622950811,Uptrend
2025-08-27 16:00:00,26.34,26.4,26.18,26.31,1704,21,0,81.01604278074859,1289.8,1.3211350596991782,0,0.40785714285714264,1.5501981864581629,24.950499999999998,5.448788601430836,23.2242,13.28700235099594,20.62325,27.574460863345983,0,0,27.229756342248738,22.67124365775126,18.270225785044307,69.76440594892112,26.67,23.33,1,0,26.67,20.84,1,0,-1.3128282070517638,0.4965622612681398,Uptrend
2025-08-27 20:00:00,26.31,26.37,26.26,26.32,602,21,0,80.16759776536306,1284.5,0.46866485013623976,0,0.39999999999999986,1.5197568389057745,25.0785,4.950455569511742,23.32,12.864493996569468,20.65735,27.412276986157462,0,0,27.36377805517633,22.793221944823667,18.224997947854384,72.86814744551977,26.67,23.33,1,0,26.67,20.84,1,0,0.03800836183960321,-0.5666792595390956,Uptrend
2025-08-28 16:00:00,26.26,26.37,26.04,26.18,1475,21,0,80.16759776536306,1266.55,1.1645809482452332,0,0.3907142857142856,1.4924151478773324,25.211,3.8435603506405984,23.4144,11.811534782014483,20.6919,26.522938927793,0,0,27.424412702021577,22.99758729797842,17.559102788636537,75.15468511534274,26.67,23.33,1,0,26.67,20.84,1,0,-0.5319148936170248,-1.8004501125281336,Uptrend
2025-08-28 20:00:00,26.18,26.31,26.12,26.18,630,21,0,83.67346938775498,1264.85,0.49808277661382777,0,0.38928571428571396,1.4869584197315278,25.343,3.302687132541529,23.5092,11.36065880591428,20.73395,26.266340952881624,0,0,27.4491024116642,23.2368975883358,16.620782162050265,77.92769745840698,26.67,23.33,1,0,26.67,20.84,1,0,0.0,-0.4941087039148575,Uptrend
2025-08-29 16:00:00,26.24,26.72,26.17,26.63,2136,21,0,81.27090301003331,1291.6,1.6537627748528958,0,0.3628571428571425,1.362587843999784,25.485999999999997,4.488738915483018,23.6136,12.773994647152476,20.77935,28.156078029389747,0,0,27.52986012498971,23.442139875010284,16.03908126021905,77.18291678751793,26.72,23.75,1,0,26.72,20.84,1,0,1.7188693659281773,1.1778115501519708,Uptrend
2025-08-29 20:00:00,26.62,26.63,26.4,26.54,970,21,0,79.4117647058823,1305.65,0.7429249798950713,0,0.36214285714285666,1.3645171708472368,25.613,3.6192558466403764,23.711199999999998,11.930227065690481,20.825599999999998,27.439305470190543,0,0,27.58237713904322,23.64362286095678,15.377949783650655,76.2240627887119,26.72,23.83,1,0,26.72,20.84,1,0,-0.3379647014645104,1.3750954927425494,Uptrend
2025-09-02 16:00:00,26.53,27.09,26.46,27.03,3597,21,0,78.12499999999996,1408.35,2.5540526147619556,1,0.3578571428571422,1.3239257967337854,25.765000000000004,4.9097613040946895,23.827199999999998,13.441780821917822,20.87315,29.49650627720302,0,0,27.675320998101107,23.8546790018989,14.828806505733377,75.35263133651823,27.09,23.83,1,0,27.09,20.84,1,0,1.8462697814619622,3.246753246753252,Uptrend
2025-09-02 20:00:00,27.03,27.04,26.64,26.8,1363,21,0,72.3472668810289,1455.0,0.9367697594501718,0,0.37214285714285644,1.3885927505330464,25.897000000000002,3.4868903734023196,23.937200000000004,11.959627692461925,20.9179,28.119935557584657,0,0,27.702314960127353,24.09168503987265,13.942270997624057,74.35241345577163,27.09,23.83,1,0,27.09,20.84,1,0,-0.8509064002959699,0.6383777694329767,Uptrend
2025-09-03 16:00:00,27.05,27.17,26.88,27.07,2900,21,0,68.02973977695162,1498.7,1.9350103422966571,0,0.33285714285714213,1.2296163385930627,26.049500000000002,3.917541603485665,24.052400000000002,12.545941361361018,20.9662,29.11257166296229,0,0,27.695464442922393,24.40353555707761,12.637205650184391,72.49371357254859,27.17,23.83,1,0,27.17,20.84,1,0,1.0074626865671732,1.9969856819894543,Uptrend
2025-09-03 20:00:00,27.07,27.17,26.84,27.02,1623,21,0,66.78832116788314,1547.45,1.0488222559694982,0,0.3421428571428566,1.266257798456168,26.207,3.1022245964818516,24.165,11.81460790399338,21.0101,28.60481387523143,0,0,27.54975600322875,24.86424399677125,10.247307995793111,70.4436871587133,27.17,24.16,1,0,27.17,20.84,1,0,-0.18470631695604034,-0.03699593044765654,Uptrend
2025-09-04 16:00:00,26.99,27.25,26.81,26.86,2754,21,0,61.37184115523461,1601.6,1.7195304695304696,0,0.3442857142857138,1.2817785341984878,26.312,2.0826999087868585,24.2764,10.642434627869045,21.0509,27.5954947294415,0,0,27.497555166421137,25.126444833578866,9.011516923237576,66.99123455283124,27.25,24.72,1,0,27.25,20.84,1,0,-0.5921539600296066,0.2238805970149206,Uptrend
2025-09-04 20:00:00,26.86,27.2,26.78,27.13,662,21,0,65.88628762541802,1599.75,0.41381465854039695,0,0.3642857142857139,1.342741298509819,26.4315,2.6426801354444476,24.3992,11.192170235089668,21.090349999999997,28.637030679908122,0,0,27.41436959031967,25.44863040968033,7.4371079228925305,63.28588669702574,27.25,24.88,1,0,27.25,20.84,1,0,1.005212211466855,0.22164758034724316,Uptrend
2025-09-05 16:00:00,27.4,28.37,27.36,28.31,2749,21,0,73.71134020618553,1602.85,1.7150700315063794,0,0.42499999999999993,1.5012363122571528,26.5765,6.522679811111318,24.5462,15.33353431488377,21.136200000000002,33.9408219074384,0,0,27.760023285963225,25.392976714036774,8.906539882702582,61.25546909491828,28.37,25.32,1,0,28.37,20.84,1,0,4.349428676741618,4.774241302738709,Uptrend
2025-09-05 20:00:00,28.31,28.32,28.06,28.32,856,21,0,72.43243243243239,1607.8,0.5324045279263591,0,0.42714285714285716,1.508272800645682,26.722,5.980091310530645,24.6924,14.69116003304661,21.17565,33.738515700816734,0,0,28.012378973299285,25.431621026700718,9.65780235984794,59.045930996954105,28.37,25.34,1,0,28.37,20.84,1,0,0.03532320734722649,5.435591958302312,Uptrend
2025-09-08 16:00:00,28.6,28.99,28.4,28.96,3456,21,0,83.2080200501253,1639.9,2.107445575949753,1,0.44071428571428556,1.521803472770323,26.865,7.798250511818361,24.846799999999998,16.554244409742918,21.218049999999998,36.48756601101422,0,0,28.462491454551298,25.2675085454487,11.892733702224453,59.42071053840033,28.99,26.01,1,0,28.99,20.84,1,0,2.259887005649719,6.745300405455222,Uptrend
2025-09-08 20:00:00,28.96,29.02,28.78,28.91,1328,21,0,82.1339950372208,1671.0,0.7947336923997607,0,0.4499999999999998,1.5565548253199577,27.0055,7.052267130769653,24.9998,15.640925127401017,21.260900000000003,35.97731046192775,0,0,28.801630050383515,25.209369949616487,13.30195738189268,59.80843443529856,29.02,26.04,1,0,29.02,21.02,1,0,-0.17265193370166187,2.119392440833633,Uptrend
2025-09-09 16:00:00,29.03,29.24,28.72,28.88,3122,21,0,84.43877551020402,1740.1,1.7941497615079594,0,0.4635714285714282,1.6051642263553607,27.137999999999998,6.419043407767709,25.137999999999998,14.885830217201054,21.303800000000003,35.5626695706869,0,0,29.078435111269766,25.19756488873023,14.300501962338918,61.693462320326454,29.24,26.04,1,0,29.24,21.02,1,0,-0.10377032168800149,1.9774011299434981,Uptrend
2025-09-09 20:00:00,28.88,29.1,28.85,29.07,762,21,0,85.15815085158147,1753.8,0.43448511802942186,0,0.46785714285714264,1.6094156961030017,27.2825,6.5518189315495325,25.277800000000003,15.002096701453437,21.347849999999998,36.172963553706836,0,0,29.3488914644148,25.2161085355852,15.148109333197468,63.30447182607281,29.24,26.04,1,0,29.24,21.72,1,0,0.6578947368421018,0.37983425414364447,Uptrend
2025-09-10 16:00:00,29.52,29.62,29.26,29.38,2112,21,0,84.63476070528962,1776.2,1.189055286566828,0,0.4678571428571429,1.5924341145580088,27.427999999999997,7.116814933644458,25.419,15.582831740036973,21.393649999999997,37.3304695552185,0,0,29.65691618694306,25.199083813056934,16.25285246421951,65.19104040699357,29.62,26.04,1,0,29.62,21.85,1,0,1.066391468868244,1.6257350397786192,Uptrend
2025-09-10 20:00:00,29.38,29.51,29.3,29.4,787,21,0,86.6666666666666,1779.4,0.44228391592671684,0,0.4664285714285715,1.5864917395529643,27.564999999999998,6.656992563032834,25.558200000000003,15.031574993544128,21.437800000000003,37.14093796938116,0,0,29.92795533066804,25.202044669331954,17.144606063254443,67.22663767155272,29.62,26.04,1,0,29.62,22.12,1,0,0.0680735194009463,1.800554016620497,Uptrend
2025-09-11 16:00:00,29.01,29.23,28.81,29.21,1764,21,0,80.27777777777776,1782.4,0.9896768402154398,0,0.4635714285714287,1.5870298821342987,27.709999999999997,5.41320822807652,25.6902,13.700944328965909,21.481150000000003,35.97968451409723,0,0,30.104396968361943,25.31560303163805,17.281825827224438,67.25999892423228,29.62,26.04,1,0,29.62,22.24,1,0,-0.6462585034013535,0.48159614723082406,Uptrend
2025-09-11 20:00:00,29.21,29.33,29.09,29.32,980,21,0,86.20689655172413,1801.3,0.5440515183478599,0,0.4521428571428573,1.5420970571038788,27.860000000000003,5.240488155061009,25.823800000000002,13.538673626654473,21.52705,36.20073349576464,0,0,30.263611318082983,25.456388681917023,17.254926906554054,67.45509475615935,29.62,26.04,1,0,29.62,22.24,1,0,0.3765833618623704,-0.20422055820285473,Uptrend
2025-09-12 16:00:00,29.36,29.41,28.7,28.79,1585,21,0,72.99465240641709,1806.8,0.877241531990259,0,0.47642857142857153,1.6548404704014295,27.990499999999997,2.8563262535503187,25.936,11.004009870450336,21.57065,33.46839339565567,0,0,30.291268521487797,25.689731478512197,16.43963860229578,67.22674254570997,29.62,26.12,0,0,29.62,22.24,0,0,-1.807639836289221,-2.074829931972787,Uptrend
2025-09-12 20:00:00,28.79,28.99,28.73,28.94,475,21,0,75.0,1799.05,0.2640282371251494,0,0.47142857142857125,1.6289860795735012,28.128500000000003,2.884974314307548,26.055,11.07273076184994,21.61415,33.893768665434465,0,0,30.29945928347856,25.957540716521446,15.436011756606685,67.29809860751452,29.62,26.17,0,0,29.62,22.24,0,0,0.5210142410559282,-0.9243409791167393,Uptrend
2025-09-15 16:00:00,28.78,29.0,28.54,28.81,2495,21,0,75.59055118110231,1817.0,1.3731425426527242,0,0.4728571428571427,1.64129518520355,28.2375,2.027445772465686,26.165399999999998,10.107240860067114,21.656399999999998,33.032267597569316,0,0,30.30826771931663,26.166732280683373,14.666792168687934,67.41297833404475,29.62,26.4,0,0,29.62,22.24,0,0,-0.44920525224603214,-1.7394270122783138,Uptrend
2025-09-15 20:00:00,28.8,29.01,28.8,28.93,611,21,0,74.59016393442619,1799.05,0.33962369028098166,0,0.45785714285714285,1.5826378944249666,28.357,2.0206650915117974,26.277600000000003,10.093768076232214,21.700750000000003,33.31336474545809,0,0,30.286320578528137,26.42767942147186,13.60736734159564,67.75873196593247,29.62,26.46,0,0,29.62,22.24,0,0,0.4165220409580117,0.48627995831886267,Uptrend
2025-09-16 16:00:00,28.8,29.04,28.5,28.88,2606,21,0,61.26482213438732,1749.5,1.4895684481280367,0,0.40785714285714264,1.4122477245745937,28.4495,1.5132076134905659,26.402199999999997,9.384823991940074,21.7458,32.80725473424753,0,0,30.286104131770745,26.612895868229256,12.911328014697936,63.92159921335656,29.62,26.64,0,0,29.62,22.24,0,0,-0.1728309713100562,-0.20732550103663536,Uptrend
2025-09-16 20:00:00,28.87,28.91,28.75,28.75,758,21,0,58.113207547169786,1719.25,0.44088992293151086,0,0.4007142857142854,1.3937888198757753,28.547000000000004,0.7111079973377091,26.522599999999997,8.398120847880687,21.79455,31.91371237304739,0,0,30.21411979804928,26.87988020195073,11.679824836580194,60.25955169743919,29.62,26.78,0,0,29.62,22.24,0,0,-0.4501385041551176,-0.20826102047899592,Uptrend
2025-09-17 16:00:00,28.66,29.55,28.65,29.54,1954,21,0,60.35714285714281,1671.95,1.1686952361015581,0,0.41714285714285715,1.4121288325756844,28.670499999999997,3.0327339948727867,26.646,10.860917210838393,21.84755,35.2096688187005,0,0,30.240018531603813,27.10098146839618,10.948665224560546,54.7754886949745,29.62,26.78,1,0,29.62,22.46,1,0,2.7478260869565174,2.108537849982715,Uptrend
2025-09-17 20:00:00,29.54,29.78,29.1,29.4,3575,21,0,58.47750865051899,1769.55,2.020287643751236,1,0.4485714285714287,1.52575315840622,28.789499999999997,2.120564789246086,26.766199999999998,9.840022117446633,21.898250000000004,34.257303665818014,0,0,30.183161969132264,27.39583803086773,9.681737919257143,49.68768001638911,29.78,26.78,1,0,29.78,22.98,1,0,-0.4739336492891044,1.800554016620497,Uptrend
2025-09-18 16:00:00,29.16,29.74,28.98,29.74,2508,21,0,63.43749999999998,1757.25,1.4272300469483568,0,0.4657142857142857,1.5659525410702277,28.9335,2.787426339710024,26.8862,10.61436722184615,21.9504,35.48728041402435,0,0,30.056621121084728,27.81037887891527,7.763465333158652,43.29797923416494,29.78,26.78,1,0,29.78,23.3,1,0,1.1564625850340127,3.44347826086956,Uptrend
2025-09-18 20:00:00,29.74,29.99,29.65,29.99,1179,21,0,64.11042944785272,1783.1,0.6612080085244799,0,0.4721428571428571,1.5743343019101605,29.0765,3.1417123794129247,27.0108,11.029662209190395,22.005899999999997,36.28163356190841,0,0,29.92827894339789,28.22472105660211,5.85888221345684,37.4195574597894,29.99,27.36,1,0,29.99,23.33,1,0,0.840618695359785,1.5233581584292462,Uptrend
2025-09-19 16:00:00,31.1,32.83,31.02,32.6,5203,21,0,78.95683453237409,1905.8,2.730087102529122,1,0.6357142857142856,1.9500438212094648,29.291000000000004,11.29698542214331,27.1922,19.88732062870971,22.0742,47.683721267361896,0,0,31.02933435097635,27.55266564902366,11.869409381559828,34.154202070027466,32.83,28.06,1,0,32.83,23.33,1,0,8.702900966989002,10.884353741496609,Uptrend
2025-09-19 20:00:00,32.61,33.09,32.58,32.9,2089,21,0,79.96575342465752,1967.45,1.061780477267529,0,0.6571428571428574,1.9973947025618766,29.52,11.449864498644983,27.3794,20.163334477746037,22.143449999999998,48.576667140847526,0,0,31.831836818133795,27.208163181866205,15.662851071367175,31.058010567090232,33.09,28.4,1,0,33.09,23.33,1,0,0.9202453987730008,10.625420309347682,Uptrend
2025-09-22 16:00:00,34.6,35.32,33.94,35.32,5788,21,0,87.85625774473354,2084.05,2.777284614092752,1,0.7878571428571431,2.2306261122795674,29.838,18.372545076747766,27.6104,27.922811694144244,22.224149999999998,58.926213151009165,0,0,33.29269078515679,26.38330921484321,23.156316007485703,31.714177851647758,35.32,28.5,1,0,35.32,23.33,1,0,7.355623100303954,17.772590863621215,Uptrend
2025-09-22 20:00:00,35.32,35.43,35.08,35.29,1941,21,0,87.35919899874838,2114.7,0.9178606894594978,0,0.7957142857142863,2.2547868679917435,30.157,17.020923831946146,27.836199999999998,26.777361852551717,22.3063,58.206425987277136,0,0,34.350192980106634,25.96380701989337,27.80908565246299,32.297980050319275,35.43,28.5,1,0,35.43,23.33,1,0,-0.0849377123442796,8.251533742331281,Uptrend
2025-09-23 16:00:00,35.58,35.99,34.9,35.03,4903,21,0,90.41450777202071,2203.75,2.2248440158820193,1,0.8228571428571436,2.349006973614455,30.464499999999997,14.986295524298788,28.057,24.852977866486093,22.38755,56.47089565405772,0,0,35.137893785428155,25.791106214571837,30.68091572438845,34.520306028935984,35.99,28.5,0,0,35.99,23.75,0,0,-0.7367526211391251,6.4741641337386096,Uptrend
2025-09-23 20:00:00,35.05,35.16,34.24,34.43,2413,21,0,83.59853121175027,2286.3,1.055417049381096,0,0.8700000000000004,2.5268661051408667,30.732499999999998,12.031237289514364,28.2624,21.822633605072465,22.465550000000004,53.25687552719606,0,0,35.67611842761847,25.788881572381527,32.17192501500673,35.6723865894868,35.99,28.5,0,0,35.99,23.83,0,0,-1.7128175849272065,-2.5198187995470005,Uptrend
2025-09-24 16:00:00,34.16,34.16,33.03,33.19,4974,21,0,73.59913793103446,2429.4,2.0474191158310693,1,0.9371428571428575,2.8235699220935753,30.923000000000002,7.331112763962086,28.4458,16.678033312474952,22.5368,47.27024244790742,0,0,35.94025905460808,25.905740945391926,32.450014905462446,36.083782889886194,35.99,28.5,0,0,35.99,23.83,0,0,-3.601510310775491,-5.9506942476622315,Uptrend
2025-09-24 20:00:00,33.18,33.72,33.15,33.49,1743,21,0,74.1014799154334,2477.2,0.703616986920717,0,0.9628571428571432,2.875058652902786,31.127500000000005,7.589751827162466,28.6382,16.94170723020302,22.612949999999998,48.10097753720768,0,0,36.216285916626596,26.03871408337341,32.696399753443686,36.40376486525453,35.99,28.5,0,0,35.99,23.83,0,0,0.9038867128653427,-4.396231801313157,Uptrend
2025-09-25 16:00:00,33.59,34.51,33.59,34.34,3734,21,0,76.60818713450293,2575.7,1.4497029933610281,0,0.9971428571428572,2.9037357517264333,31.384000000000004,9.418812133571244,28.8298,19.112862385448405,22.6933,51.322196419207444,0,0,36.58181897580678,26.186181024193225,33.12400570868454,39.80810879434656,35.99,28.5,0,0,35.99,23.83,0,0,2.538071065989844,-0.2613999419111133,Uptrend
2025-09-25 20:00:00,34.35,34.66,34.17,34.18,2121,21,0,76.38483965014574,2632.75,0.8056214984331972,0,1.0207142857142855,2.986291064114352,31.627,8.072216776804632,29.018600000000003,17.78652312654641,22.774050000000003,50.083098965708764,0,0,36.872726481221,26.381273518779,33.1724569590603,43.25870903256823,35.99,28.5,0,0,35.99,24.16,0,0,-0.4659289458357696,2.9828261524555653,Uptrend
2025-09-26 16:00:00,33.97,34.02,33.7,34.01,3153,21,0,73.11271975180968,2711.15,1.1629751212585064,0,0.990714285714285,2.913008778930565,31.887999999999998,6.65454089312594,29.1906,16.510109418785493,22.852600000000002,48.823328636566494,0,0,37.058290025459115,26.717709974540877,32.42780999409884,46.404771817642384,35.99,28.5,0,0,35.99,24.72,0,0,-0.4973668812170873,1.5527022991937773,Uptrend
2025-09-26 20:00:00,34.01,34.39,33.93,34.39,1542,21,0,75.17658930373356,2764.5,0.5577862181226262,0,0.9749999999999994,2.8351264902587943,32.1605,6.932417095505361,29.3702,17.091473670591277,22.932149999999996,49.96413332373984,0,0,37.25044250820534,27.070557491794663,31.653379196252164,49.19309189344721,35.99,28.5,0,0,35.99,24.88,0,0,1.1173184357541999,0.14560279557366673,Uptrend
2025-09-29 16:00:00,35.11,35.5,34.27,34.6,5198,21,0,74.84662576687114,2899.65,1.792630145017502,0,1.0085714285714278,2.914946325350947,32.45,6.625577812018485,29.5402,17.1285231650429,23.012449999999998,50.35339566191347,0,0,37.39410441041105,27.50589558958895,30.472138122718345,53.05203518512836,35.99,28.5,0,0,35.99,25.32,0,0,0.6106426286711208,1.2287887653598646,Uptrend
2025-09-29 20:00:00,34.6,34.64,32.79,33.02,4075,21,0,63.63636363636363,3072.85,1.326130465203313,0,1.1164285714285709,3.3810677511464897,32.6545,1.1192944310891435,29.678600000000003,11.258617320224,23.083,43.048997097431034,0,0,37.31582791109252,27.993172088907478,28.549375498583785,55.01598347981303,35.99,28.5,0,0,35.99,25.34,0,0,-4.566473988439301,-2.9109085563069534,Uptrend
2025-09-30 16:00:00,32.97,33.4,32.65,32.87,5005,21,0,51.56069364161847,3192.8,1.5675895765472312,0,0.9671428571428565,2.9423269155547813,32.854,0.048700310464473845,29.811400000000003,10.259833486518561,23.1517,41.976615108177775,0,0,37.16338950371512,28.54461049628488,26.233575842911804,52.8611346121614,35.99,28.65,0,0,35.99,26.01,0,0,-0.45427013930953164,-4.41988950276244,Uptrend
2025-09-30 20:00:00,32.87,32.87,32.5,32.68,1755,21,0,48.71194379391102,3242.65,0.5412239988897969,0,0.9571428571428561,2.928833712187442,33.0505,-1.121011784995688,29.941399999999998,9.146532894253449,23.21835,40.750742408482935,0,0,36.9065054324041,29.194494567595893,23.33402176913575,50.24449237671013,35.99,28.65,0,0,35.99,26.04,0,0,-0.578034682080919,-5.549132947976884,Uptrend
2025-10-01 16:00:00,33.25,34.02,33.24,33.72,6111,21,0,38.826815642458115,3450.5,1.7710476742501087,0,0.879999999999999,2.609727164887304,33.259499999999996,1.3845668154963342,30.086399999999998,12.077217613273778,23.2905,44.78006053970501,0,0,36.750170121155804,29.76882987884419,20.990514717033072,45.16333533618995,35.99,28.98,0,0,35.99,26.04,0,0,3.182374541003674,2.1199273167776975,Uptrend
2025-10-01 20:00:00,33.72,33.73,33.34,33.6,2605,21,0,38.34482758620693,3402.0,0.7657260435038212,0,0.8828571428571413,2.6275510204081587,33.4695,0.3899072289696737,30.2252,11.165517515186005,23.363900000000005,43.8116067950984,0,0,36.45070057059202,30.48829942940797,17.814431470993142,40.17344766294856,35.99,28.98,0,0,35.99,26.04,0,0,-0.3558718861209842,2.2208700943109343,Uptrend
2025-10-02 16:00:00,33.76,33.82,32.45,33.42,5866,21,0,38.77266387726642,3569.9,1.6431832824448864,0,0.9028571428571409,2.701547405317597,33.653499999999994,-0.6938357080244026,30.367399999999996,10.052227059280696,23.437199999999997,42.5938252009626,0,0,36.06540272126281,31.241597278737178,14.333740747695275,35.71329111682019,35.99,29.65,0,0,35.99,26.04,0,0,-0.5357142857142838,2.2643818849449264,Uptrend
2025-10-02 20:00:00,33.44,33.94,33.41,33.83,2150,21,0,45.70200573065902,3618.45,0.5941770647653001,0,0.8749999999999984,2.5864617203665343,33.8455,-0.045796339247471465,30.5176,10.854064539806526,23.51115,43.88917598671267,0,0,35.53164758672049,32.159352413279514,9.963791858418327,31.602363291086913,35.99,31.02,0,0,35.99,26.04,0,0,1.226810293237568,0.32621589561091174,Uptrend
2025-10-03 16:00:00,33.91,34.0,33.59,33.8,3131,21,0,55.28596187175042,3514.85,0.8907919256867292,0,0.8042857142857126,2.379543533389682,33.905499999999996,-0.3111589565114783,30.67,10.205412455167902,23.58345,43.32084576260046,0,0,35.48720427736836,32.32379572263163,9.330074928069882,28.96042214895187,35.99,32.45,0,0,35.99,26.04,0,0,-0.0886786875554324,0.5952380952380826,Uptrend
2025-10-03 20:00:00,33.8,33.9,33.56,33.84,1429,21,0,53.17604355716879,3481.85,0.41041400404957135,0,0.7878571428571409,2.3281830462681468,33.9525,-0.3313452617627484,30.823199999999996,9.787432842793764,23.66265,43.01018694017789,0,0,35.462646385373255,32.44235361462675,8.89564176642812,26.288632445416138,35.99,32.45,0,0,35.99,26.04,0,0,0.11834319526629056,1.2567324955116748,Uptrend
2025-10-06 16:00:00,34.91,35.11,34.18,34.26,5040,21,0,49.2125984251968,3444.45,1.463223446413796,0,0.8057142857142837,2.3517638228671447,33.8995,1.0634375138276217,30.9758,10.60247031553664,23.74335,44.293033628363304,0,0,35.276062843879885,32.52293715612012,8.121434498325234,23.390207256309463,35.99,32.45,0,0,35.99,26.12,0,0,1.241134751773032,1.2710611882944125,Uptrend
2025-10-06 20:00:00,34.26,34.29,33.9,33.92,2158,21,0,47.52851711026618,3455.3,0.6245477961392643,0,0.798571428571427,2.3542789757412352,33.831,0.2630723301114322,31.1234,8.985522147323241,23.82325,42.381916824950416,0,0,35.04269563661106,32.61930436338895,7.163226842901802,20.020481068199224,35.99,32.45,0,0,35.99,26.17,0,0,-0.9924109748978283,0.35502958579883004,Uptrend
2025-10-07 16:00:00,33.81,33.87,32.7,33.02,5406,21,0,41.73622704507517,3480.45,1.5532474249019523,0,0.85142857142857,2.5785238383663533,33.7305,-2.106402217577552,31.2432,5.686997490653971,23.898199999999996,38.16940187963951,0,0,34.85366235879029,32.60733764120971,6.659624724153444,16.678318721369223,35.5,32.45,0,1,35.99,26.4,0,0,-2.6533018867924474,-2.423167848699764,Uptrend
2025-10-07 20:00:00,33.02,33.29,33.02,33.09,2535,21,0,38.55633802816902,3486.55,0.7270797780040441,0,0.8378571428571411,2.5320554332340315,33.663500000000006,-1.703625588545465,31.368999999999996,5.486308138608203,23.976,38.01301301301303,0,0,34.77072555111663,32.556274448883386,6.578196272619426,13.621237481793738,35.5,32.45,0,1,35.99,26.46,0,0,0.2119927316777792,-3.4150612959719635,Uptrend
2025-10-08 16:00:00,33.73,34.0,33.43,33.77,4141,21,0,43.25203252032521,3444.9,1.2020668234201284,0,0.8149999999999983,2.413384660941659,33.6925,0.2300215181420214,31.502999999999997,7.196140050153975,24.05725,40.373484084839305,0,0,34.777670372261866,32.60732962773814,6.441613844397796,10.484962141522283,35.5,32.45,0,0,35.99,26.64,0,0,2.0550015110305297,-0.4422169811320713,Uptrend
2025-10-08 20:00:00,33.77,33.81,33.45,33.78,2176,21,0,58.29694323144104,3466.55,0.6277134326635992,0,0.7085714285714266,2.097606360483797,33.707,0.21657222535378529,31.6382,6.769664519473293,24.137249999999998,39.94966286548801,0,0,34.78852134562637,32.62547865437363,6.417191358628004,8.712938889940316,35.5,32.45,0,0,35.99,26.78,0,0,0.029612081729335493,2.301635372501508,Uptrend
2025-10-09 16:00:00,33.63,33.77,32.57,32.88,5617,21,0,50.09380863039405,3560.7,1.577498806414469,0,0.7414285714285695,2.2549530761209535,33.634,-2.2417791520485157,31.7586,3.5310120723205727,24.212400000000002,35.798186053427166,0,0,34.73258090279818,32.53541909720182,6.5325617101634235,7.7496945736679255,35.5,32.45,0,1,35.99,26.78,0,0,-2.6642984014209503,-0.6346328195829581,Uptrend
2025-10-09 20:00:00,32.89,33.04,32.53,32.93,3541,21,0,52.408477842003855,3631.7,0.9750254701654872,0,0.7514285714285697,2.2818966639191305,33.5715,-1.910846998197878,31.8746,3.311100374592932,24.288600000000002,35.57800778966262,0,0,34.68146016997921,32.46153983002079,6.612514603036565,7.005573017891858,35.5,32.45,0,1,35.99,26.78,0,0,0.15206812652066581,-2.487414865265038,Uptrend
2025-10-10 16:00:00,32.99,33.04,32.38,32.55,7161,21,0,37.086092715231736,3832.1,1.8686881866339606,0,0.7028571428571405,2.159315339038834,33.4985,-2.831470065823851,31.959400000000002,1.8479696114445041,24.3627,33.60588112155055,0,0,34.67696063730494,32.32003936269506,7.035900934698193,8.579049769186241,35.5,32.38,0,1,35.99,26.78,0,0,-1.1539629517157701,-3.641207815275323,Uptrend
2025-10-10 20:00:00,32.55,32.82,32.49,32.64,3321,21,0,39.33333333333331,3921.05,0.8469670113872559,0,0.6985714285714266,2.1402310924369687,33.411,-2.307623237855798,32.04580000000001,1.8542211459847888,24.43575,33.57478284889967,0,0,34.5704717490457,32.2515282509543,6.94065875936488,10.058664302022526,35.5,32.38,0,1,35.99,27.36,0,0,0.27649769585254,-0.7299270072992761,Uptrend
2025-10-13 16:00:00,33.68,33.76,33.0,33.56,4168,21,0,51.335877862595424,3869.55,1.0771278314015842,0,0.6807142857142837,2.0283500766218228,33.359,0.6025360472436239,32.1378,4.425318472328547,24.51315,36.90610957792043,0,0,34.378822481969216,32.33917751803079,6.114226937073739,9.538065178610951,35.11,32.38,0,0,35.99,28.06,0,0,2.8186274509804043,1.913149104160348,Uptrend
2025-10-13 20:00:00,33.56,33.65,33.23,33.29,1847,21,0,44.705882352941195,3758.15,0.49146521559810014,0,0.6728571428571409,2.021198987254854,33.3725,-0.24720952880366506,32.2254,3.303605230656559,24.587050000000005,35.39647904079584,0,0,34.380507414338524,32.36449258566148,6.040946374041631,9.487012782730975,35.11,32.38,0,0,35.99,28.4,0,0,-0.8045292014302818,2.273425499231957,Uptrend
2025-10-14 16:00:00,33.19,33.69,33.05,33.53,5416,21,0,47.457627118644105,3778.7,1.4332971656919047,0,0.6892857142857126,2.055728345617992,33.4055,0.3726931193964994,32.318400000000004,3.748947967721165,24.66175,35.959532474378335,0,0,34.38710931235307,32.42389068764694,5.8769323156549955,8.93608311154336,35.11,32.38,0,0,35.99,28.5,0,0,0.7209372183839102,2.7267156862745114,Uptrend
2025-10-14 20:00:00,33.52,33.62,32.95,33.18,2781,21,0,44.12811387900352,3830.0,0.7261096605744125,0,0.7128571428571411,2.14845431843623,33.4305,-0.749315744604485,32.4006,2.4055110090553957,24.73375,34.1486834790519,0,0,34.35830385857841,32.502696141421595,5.550643027046603,8.329465595426976,35.11,32.38,0,0,35.99,28.5,0,0,-1.043841336116913,-1.1323003575685415,Uptrend
2025-10-15 16:00:00,33.78,34.49,33.73,34.38,5346,21,0,50.93750000000003,3791.75,1.4099030790532077,0,0.7157142857142844,2.0817751184243294,33.4635,2.7388049666054033,32.5006,5.782662473923571,24.812099999999997,38.56142769052199,0,0,34.477595915734184,32.44940408426582,6.060907650031712,7.628356923582824,35.11,32.38,0,0,35.99,28.5,0,0,3.616636528028949,3.274256533493552,Uptrend
2025-10-15 20:00:00,34.37,34.61,34.06,34.57,2537,21,0,55.19999999999998,3788.35,0.6696846912244117,0,0.7271428571428556,2.1033927021777714,33.512,3.1570780615898775,32.604,6.029934977303402,24.89195,38.88024039900449,0,0,34.63997163084581,32.384028369154194,6.731747617843197,7.172034600040072,35.11,32.38,1,0,35.99,28.5,0,0,0.5526468877254054,3.101699970175959,Uptrend
2025-10-16 16:00:00,35.05,36.28,35.03,35.86,5564,21,0,71.38554216867465,3773.25,1.4745908699397072,0,0.7621428571428558,2.125328659070987,33.634,6.618302907771895,32.736999999999995,9.539664599688441,24.97845,43.56375195418451,0,0,35.173000359082494,32.09499964091751,9.151456021183881,10.87967326191216,36.28,32.38,1,0,36.28,28.5,1,0,3.7315591553370053,8.077154912597951,Uptrend
2025-10-16 20:00:00,35.88,36.03,35.32,35.52,3116,21,0,67.58321273516641,3821.55,0.8153759600162237,0,0.7935714285714275,2.2341537966537937,33.7185,5.342764357845113,32.861,8.091658805270704,25.06125,41.732754750860394,0,0,35.473268240805666,31.96373175919433,10.408341063841316,14.25077484646775,36.28,32.38,0,0,36.28,28.5,0,0,-0.9481316229782433,3.315881326352532,Uptrend
2025-10-17 16:00:00,34.63,34.72,32.66,32.73,9708,21,0,44.235033259423474,4150.4,2.33905165767155,1,0.9328571428571425,2.8501593121208146,33.665,-2.7773652160998137,32.9398,-0.636919471277911,25.13005,30.242478626186564,0,0,35.47372156071724,31.85627843928276,10.745412509830615,13.806822742767867,36.28,32.38,0,1,36.28,28.5,0,0,-7.854729729729748,-5.3225339890078205,Uptrend
2025-10-17 20:00:00,32.74,33.5,32.59,33.23,4745,21,0,47.10830704521555,4316.2,1.099346647514017,0,0.9721428571428566,2.9254976140320696,33.6345,-1.2026342000029904,33.0256,0.618913812315294,25.20195,31.85487630917447,0,0,35.45135065863498,31.817649341365023,10.803494380085793,13.443968865104592,36.28,32.38,0,0,36.28,28.5,0,0,1.52765047357164,-7.334076965978814,Uptrend
2025-10-20 16:00:00,33.68,34.63,33.58,34.32,4586,21,0,57.4226804123711,4293.5,1.0681262373355072,0,0.9857142857142855,2.8721278721278716,33.6375,2.028985507246369,33.135799999999996,3.5737782096705204,25.27945,35.762447363372225,0,0,35.45889189112215,31.816108108877856,10.829531868433426,14.756074320702382,36.28,32.38,0,0,36.28,28.5,0,0,3.280168522419502,-3.378378378378386,Uptrend
2025-10-20 20:00:00,34.32,34.73,34.21,34.6,1985,21,0,58.40886203423967,4284.85,0.46326009078497493,0,0.9864285714285711,2.850949628406275,33.671499999999995,2.7575249097901993,33.2492,4.062654139046953,25.35855,36.443132592360364,0,0,35.5398770046679,31.80312299533209,11.097676103933036,16.25570595732032,36.28,32.38,0,0,36.28,28.5,0,0,0.8158508158508271,5.713412771157973,Uptrend
2025-10-21 16:00:00,31.92,32.42,31.22,31.42,9045,21,0,45.561665357423436,4466.8,2.0249395540431627,1,1.1807142857142858,3.7578430481040286,33.5915,-6.4644329666731215,33.3,-5.645645645645633,25.42105,23.59835648016113,0,0,35.699043094394455,31.48395690560555,12.548073735286918,15.382901899265587,36.28,31.22,0,1,36.28,28.5,0,0,-9.19075144508671,-5.446885344568147,Uptrend
2025-10-21 20:00:00,31.43,31.71,31.2,31.39,3310,21,0,45.06708760852408,4505.55,0.7346494878538691,0,1.193571428571429,3.8023938469940393,33.5065,-6.316684822347908,33.3528,-5.884963181502006,25.483249999999998,23.17895087949929,0,0,35.82570381074679,31.187296189253214,13.843306885212044,14.52185232315016,36.28,31.2,0,1,36.28,28.5,0,0,-0.09548058561426043,-8.537296037296036,Uptrend
2025-10-22 16:00:00,31.29,31.57,30.5,30.73,7671,21,0,38.597904915390814,4682.05,1.6383848955051739,0,1.1900000000000006,3.8724373576309814,33.3545,-7.868503500277327,33.3766,-7.929507499265961,25.542450000000002,20.309523949347057,0,0,35.97933262624163,30.729667373758378,15.739001491502647,15.808433017279343,36.28,30.5,0,1,36.28,28.65,0,0,-2.1025804396304526,-11.1849710982659,Uptrend
2025-10-22 20:00:00,30.69,31.44,30.6,31.38,3464,21,0,42.53322908522284,4746.45,0.7298085937911492,0,1.2200000000000004,3.887826641172723,33.234500000000004,-5.580044832929651,33.416199999999996,-6.093451679125686,25.605049999999995,22.55394931859147,0,0,35.993443161504814,30.475556838495198,16.60288652758313,17.238101939906006,36.28,30.5,0,0,36.28,28.65,0,0,2.1151968760169115,-0.12730744748568648,Uptrend
2025-10-23 16:00:00,32.1,32.31,31.8,31.95,4278,21,0,43.978658536585364,4679.5,0.9142002350678491,0,1.2407142857142863,3.8832997987927587,33.188,-3.730263950825609,33.4604,-4.513992659980158,25.669500000000003,24.466779641208422,0,0,36.00288225424374,30.37311774575627,16.96325330989353,18.186581522489213,36.28,30.5,0,0,36.28,28.98,0,0,1.8164435946462776,1.7840076457470493,Uptrend
2025-10-23 20:00:00,31.96,32.1,31.78,31.82,1817,21,0,44.72868217054264,4593.3,0.3955761652842183,0,1.2157142857142866,3.820598006644521,33.1325,-3.96136723760658,33.497,-5.006418485237483,25.72755,23.680645844629584,0,0,36.0118338045263,30.253166195473703,17.38072167525117,19.18157256983627,36.28,30.5,0,0,36.28,28.98,0,0,-0.40688575899843205,3.5470224536283754,Uptrend
2025-10-24 16:00:00,31.74,31.96,31.55,31.85,3910,21,0,39.2156862745098,4430.75,0.8824691079388366,0,1.1514285714285724,3.6151603498542304,33.097500000000004,-3.7691668555026876,33.482,-4.874260796846061,25.785700000000002,23.518073971232113,0,0,36.02329004175184,30.17170995824817,17.679825012474275,20.714126278231976,36.28,30.5,0,0,36.28,29.65,0,0,0.09428032683846954,1.4977692797960562,Uptrend
2025-10-24 20:00:00,31.85,33.32,31.63,32.38,4114,21,0,40.92792046396025,4470.4,0.9202755905511811,0,1.232857142857144,3.8074649254389867,33.084500000000006,-2.129395940697314,33.471599999999995,-3.2612722427371046,25.8479,25.271298635479106,0,0,36.02113950442348,30.147860495576534,17.752358381861434,21.479291270183065,36.28,30.5,0,0,36.28,30.5,0,0,1.66405023547882,1.34585289514868,Uptrend
2025-10-27 12:00:00,31.6,31.87,31.36,31.68,983,21,0,31.794425087108024,4311.15,0.22801340709555457,0,1.1835714285714298,3.736020923520927,32.9905,-3.972355678149763,33.3988,-5.146292681174178,25.906349999999996,22.28662084778444,0,0,35.98287961987895,29.998120380121044,18.140856427631917,20.11912501962383,36.28,30.5,0,0,36.28,30.5,0,0,-2.1618282890673357,-0.43997485857951146,Uptrend
2025-10-27 16:00:00,31.69,31.89,30.88,31.83,8920,21,0,33.65810451727192,4664.8,1.9121934488080945,0,1.2050000000000014,3.7857367263587856,32.917500000000004,-3.3037138300296363,33.3296,-4.499303922039271,25.964949999999998,22.588335429107318,0,0,35.95008010698093,29.88491989301908,18.425336717435545,18.949993399364384,36.28,30.5,0,0,36.28,30.5,0,0,0.47348484848483974,-0.06279434850864404,Uptrend
2025-10-27 20:00:00,31.83,31.85,31.62,31.66,1776,21,0,43.82929642445215,4482.8,0.3961809583296154,0,1.017142857142858,3.2127064344373277,32.824,-3.5461857177674814,33.2622,-4.816879220256026,26.023049999999998,21.661373282532228,0,0,35.892168663447585,29.755831336552415,18.694666484569737,19.72870036237558,36.28,30.5,0,0,36.28,30.5,0,0,-0.5340873389883649,-2.2235948116121134,Uptrend
2025-10-28 12:00:00,31.44,31.63,31.28,31.63,1047,21,0,40.24390243902441,4396.1,0.23816564682332064,0,0.9792857142857153,3.0960661216747245,32.7465,-3.4095246820270826,33.206199999999995,-4.746703928784374,26.081349999999997,21.27439722253642,0,0,35.85484716614096,29.638152833859042,18.984301626988884,20.63628217186411,36.28,30.5,0,0,36.28,30.5,0,0,-0.09475679090334976,-0.1578282828282851,Uptrend
2025-10-28 16:00:00,31.6,31.85,31.44,31.72,4512,21,0,31.944444444444443,4354.4,1.0361932757670402,0,0.9085714285714293,2.8643487659881126,32.6135,-2.73966302298129,33.1768,-4.391020231004802,26.140349999999998,21.3449705149319,0,0,35.65445743233222,29.57254256766778,18.648458045485583,21.553929385661245,36.28,30.5,0,0,36.28,30.5,0,0,0.28453999367688,-0.34558592522777076,Uptrend
2025-10-28 20:00:00,31.72,31.76,31.58,31.72,1084,21,0,29.190751445086704,4281.75,0.2531675132831202,0,0.8842857142857155,2.7877859845073,32.471000000000004,-2.3128329894367425,33.1414,-4.288895460059015,26.2009,21.064543584380683,0,0,35.39060992347551,29.5513900765245,17.982876557392782,22.483455630328837,36.28,30.5,0,0,36.28,30.5,0,0,0.0,0.18951358180669212,Uptrend
2025-10-29 12:00:00,32.11,32.15,31.67,31.8,663,21,0,54.97382198952879,4036.7,0.1642430698342706,0,0.6771428571428579,2.129380053908358,32.268,-1.4503532911863146,33.0906,-3.900201265616221,26.261299999999995,21.090730466503967,0,0,34.72308366241708,29.81291633758292,15.216831922753697,22.90235408925692,36.03,30.5,0,0,36.28,30.5,0,0,0.2522068095838659,0.5374644325007958,Uptrend
2025-10-29 16:00:00,31.8,32.28,31.78,32.23,2953,21,0,59.95260663507105,4028.55,0.7330180834295218,0,0.6764285714285722,2.0987544878329887,32.103500000000004,0.3940380332362295,33.0516,-2.4858100666836207,26.3218,22.446033325988335,0,0,34.02375519137267,30.18324480862734,11.962902433520743,23.49710644616363,34.73,30.5,0,0,36.28,30.5,0,0,1.3522012578616183,1.6078184110970932,Uptrend
2025-10-29 20:00:00,32.23,32.34,31.72,31.89,5134,21,0,64.87179487179489,3799.85,1.3511059647091332,0,0.6442857142857152,2.02033776822112,32.0615,-0.5349094708606951,33.0092,-3.3905699017243656,26.38025,20.885890012414592,0,0,33.96068846934657,30.162311530653437,11.847159174377788,24.274354202363757,34.73,30.5,0,0,36.28,30.5,0,0,-1.054917778467257,0.5359394703657052,Uptrend
2025-10-30 12:00:00,31.82,32.21,31.78,32.21,919,21,0,61.624649859944014,3608.55,0.2546729295700489,0,0.615000000000001,1.9093449239366689,32.0105,0.623233001671328,32.9656,-2.29208629601767,26.441650000000003,21.815393517424205,0,0,33.830707911777935,30.19029208822207,11.37256782479457,25.051601958563882,34.73,30.5,0,0,36.28,30.5,0,0,1.0034493571652536,1.2893081761006293,Uptrend
2025-10-30 16:00:00,32.21,32.87,32.1,32.64,7880,21,0,60.058309037900905,3773.25,2.0883853441992977,1,0.603571428571429,1.8491771708683484,31.926500000000004,2.2348206035738216,32.9264,-0.8698187472666322,26.5052,23.14564689193065,0,0,33.42448847581615,30.42851152418386,9.383981807063995,26.35231994153266,34.73,30.5,0,0,36.28,30.5,0,0,1.3349891338093833,1.2721067328575977,Uptrend
2025-10-30 20:00:00,32.64,32.99,32.6,32.98,2224,21,0,65.93406593406591,3785.2,0.587551516432421,0,0.6085714285714291,1.8452741921510891,31.845500000000005,3.562512756904404,32.9256,0.16522098306483102,26.569950000000002,24.125186535917432,0,0,32.817735080947706,30.873264919052303,6.105949543563149,27.870463855989936,33.32,30.5,1,0,36.28,30.5,0,0,1.0416666666666519,3.4179993728441405,Uptrend
2025-10-31 12:00:00,32.88,32.91,32.66,32.8,662,21,0,62.53298153034298,3366.05,0.19666968702188023,0,0.6021428571428576,1.8358013937282247,31.914499999999997,2.7746008867442713,32.9242,-0.3772301225238635,26.633249999999997,23.154327766983005,0,0,32.953193004640205,30.87580699535979,6.509223109496991,29.125742504918634,33.32,30.5,1,0,36.28,30.5,0,0,-0.545785324439052,1.8317292766221553,Uptrend
2025-10-31 16:00:00,32.81,32.92,32.23,32.5,5248,21,0,51.68539325842694,3462.95,1.515470913527484,0,0.5307142857142865,1.6329670329670354,31.97,1.6578041914294688,32.9206,-1.2776194844565418,26.691549999999996,21.761381410970905,0,0,33.00931151299616,30.930688487003838,6.501792386588442,28.250204599799094,33.32,30.5,0,0,36.28,30.5,0,0,-0.9146341463414531,-0.42892156862745273,Uptrend
2025-10-31 20:00:00,32.51,32.79,32.5,32.71,1406,21,0,66.77524429967437,3149.7,0.4463917198463346,0,0.47857142857142904,1.4630737651220698,32.069,1.9988150550375696,32.9004,-0.5787163681900427,26.750999999999998,22.2758027737281,0,0,32.98030675405908,31.15769324594093,5.683412354978792,26.584827540027707,33.32,30.6,1,0,36.28,30.5,0,0,0.6461538461538519,-0.8186779866585691,Uptrend
2025-11-03 16:00:00,32.46,33.15,32.43,32.72,6116,21,0,65.18771331058029,3282.3,1.8633275447095023,0,0.45785714285714313,1.3993188962626624,32.135999999999996,1.817276574558138,32.882799999999996,-0.49509165886115897,26.8075,22.055394945444363,0,0,33.03090722835502,31.241092771644972,5.569499803055911,26.62613961141497,33.32,30.88,1,0,36.28,30.5,0,0,0.030571690614489277,-0.24390243902438508,Uptrend
2025-11-03 20:00:00,32.72,33.0,32.65,32.95,1549,21,0,71.57190635451516,3145.85,0.49239474227951113,0,0.46642857142857175,1.415564708432691,32.186,2.3737028521717605,32.873400000000004,0.23301514294231537,26.864849999999997,22.650973297822272,0,0,33.14649110245143,31.225508897548572,5.96837819207996,28.133540073830098,33.32,30.88,1,0,36.28,30.5,0,0,0.7029339853300787,1.3846153846153932,Uptrend
2025-11-04 16:00:00,31.73,32.22,31.53,31.85,4193,21,0,52.70935960591137,3264.65,1.2843643269569478,0,0.5407142857142863,1.6976900650370057,32.1875,-1.0485436893203839,32.8338,-2.996302590623063,26.9174,18.324949660814198,0,0,33.14567534929345,31.229324650706552,5.953710908231134,27.350139311744496,33.32,30.88,0,0,36.28,30.5,0,0,-3.3383915022761834,-2.6291653928462226,Uptrend
2025-11-04 20:00:00,31.85,31.88,31.53,31.56,2269,21,0,48.12206572769953,3182.6,0.7129391063910011,0,0.5364285714285718,1.6997103023719005,32.172999999999995,-1.9053243402853204,32.789,-3.748208240568492,26.968600000000002,17.024984611733633,0,0,33.16099318130714,31.185006818692848,6.141753528158063,25.130163876122644,33.32,30.88,0,0,36.28,30.5,0,0,-0.9105180533752089,-3.5452322738386313,Uptrend
2025-11-05 16:00:00,32.32,32.59,31.99,32.47,3045,21,0,57.25338491295939,3129.15,0.9731077129571928,0,0.5971428571428576,1.8390602314224136,32.177499999999995,0.9090202781446788,32.7616,-0.8900664192225121,27.024749999999997,20.14912256357599,0,0,33.17027124093908,31.18472875906091,6.170592749213489,23.99717039779764,33.15,30.88,0,0,36.28,30.5,0,0,2.8833967046894893,-1.456752655538707,Uptrend
2025-11-05 20:00:00,32.46,32.69,32.38,32.67,771,21,0,58.22306238185257,3118.55,0.24723028330474098,0,0.5850000000000003,1.7906336088154278,32.227,1.3746237626834796,32.7298,-0.18270811309569762,27.0819,20.634076634209567,0,0,33.21403383400331,31.239966165996684,6.125508635636659,23.712268816965356,33.15,30.88,1,0,36.28,30.5,0,0,0.6159531875577606,2.574568288854004,Uptrend
2025-11-06 16:00:00,32.97,33.24,32.43,32.45,3322,21,0,52.165354330708716,2838.65,1.1702746023637998,0,0.6071428571428577,1.871010345586618,32.257999999999996,0.5952011904024035,32.7004,-0.7657398686254573,27.138599999999997,19.571385406763824,0,0,33.231384761916075,31.28461523808392,6.034997593874873,23.85901857054473,33.24,31.28,0,0,36.28,30.5,0,0,-0.6734006734006703,2.820025348542472,Uptrend
2025-11-06 20:00:00,32.44,32.7,32.3,32.43,1241,21,0,55.672268907563,2811.9,0.4413385966784025,0,0.591428571428572,1.8237082066869317,32.296499999999995,0.41335748455716587,32.6886,-0.7911014849213527,27.195700000000002,19.24679269149166,0,0,33.23040577682845,31.36259422317154,5.78332498461724,22.484855992077687,33.24,31.28,0,0,36.28,30.5,0,0,-0.061633281972273135,-0.1231906375115465,Uptrend
2025-11-07 16:00:00,32.24,32.75,32.06,32.6,5426,21,0,54.229934924078094,3030.85,1.790256858637016,0,0.6100000000000004,1.8711656441717806,32.345,0.7883753284897281,32.6788,-0.24113492539506068,27.253500000000003,19.61766378630267,0,0,33.232776643314395,31.4572233566856,5.489421198419526,20.73120033794051,33.24,31.44,1,0,36.28,30.5,0,0,0.5242059821153333,-0.21426385062748785,Uptrend
2025-11-07 20:00:00,32.6,33.0,32.58,32.98,1476,21,0,53.72807017543856,2879.05,0.5126691096021256,0,0.5850000000000009,1.7738023044269282,32.408,1.7649962972105515,32.663000000000004,0.9705170988580137,27.3142,20.743056725073394,0,0,33.287822948692586,31.528177051307413,5.429665198053484,18.581376777124365,33.24,31.53,1,0,36.28,30.5,0,0,1.1656441717791344,1.6332819722650045,Uptrend
2025-11-10 16:00:00,35.24,35.56,33.9,34.52,7288,21,0,63.368055555555586,3189.25,2.285176765697264,1,0.7414285714285727,2.147823208078136,32.548,6.058744008848474,32.6778,5.637466414507726,27.38115,26.072133566340348,0,0,33.78532478823159,31.31067521176841,7.60307722890249,18.803387338383885,35.56,31.53,0,0,36.28,30.5,0,0,4.669496664645267,6.444650015417834,Uptrend
2025-11-10 20:00:00,34.52,35.2,34.51,34.74,3484,21,0,66.72413793103449,3330.3,1.0461519983184697,0,0.7678571428571443,2.2102968994160745,32.695,6.254779018198506,32.715,6.189821182943598,27.449500000000004,26.559682325725415,0,0,34.22266075043328,31.16733924956672,9.344919715144695,18.4801550791811,35.56,31.53,0,0,36.28,30.5,0,0,0.6373117033603659,6.564417177914112,Uptrend
2025-11-11 16:00:00,35.05,35.38,34.6,35.33,4852,21,0,73.2348111658456,3425.25,1.4165389387635938,0,0.7742857142857156,2.191581416036557,32.85,7.5494672754946635,32.763,7.835057839636176,27.52245,28.36793236067283,0,0,34.76018323728202,30.939816762717978,11.629730516176691,22.029617402104787,35.56,31.53,1,0,36.28,30.5,0,0,1.6983304548071176,7.125530624620987,Uptrend
2025-11-11 20:00:00,35.33,35.88,35.26,35.73,2229,21,0,74.04458598726109,3280.0,0.6795731707317073,0,0.7978571428571445,2.2330174723121874,33.042,8.135100780824391,32.8266,8.844656467620764,27.598249999999997,29.464730553567716,0,0,35.28827504525614,30.795724954743857,13.596483537655967,25.170919317158347,35.88,31.53,1,0,36.28,30.5,1,0,1.1321822813472826,3.505214368482021,Uptrend
2025-11-12 16:00:00,35.69,37.49,35.69,37.13,8477,21,0,78.74837027379397,3657.9,2.3174499029497797,1,0.875000000000002,2.3565849717209857,33.288,11.541696707522249,32.916399999999996,12.800913830188012,27.6792,34.1440504060811,0,0,36.145180059906934,30.430819940093055,17.166426699753305,27.021483226932787,37.49,31.53,1,0,37.49,30.5,1,0,3.9182759585782323,6.879677605066208,Uptrend
2025-11-12 20:00:00,37.13,37.36,37.0,37.23,3437,21,0,78.38196286472143,3435.75,1.0003638215818962,0,0.8757142857142876,2.352173746210818,33.5175,11.07630342358469,32.9898,12.853063674226561,27.761550000000003,34.10634492670616,0,0,36.85287893373029,30.18212106626971,19.90231332128166,28.87204713670722,37.49,31.53,1,0,37.49,30.5,1,0,0.2693239967680894,5.377865836399657,Uptrend
2025-11-13 16:00:00,37.23,37.5,36.88,37.09,7335,21,0,89.81762917933133,3691.3,1.98710481402216,0,0.8185714285714302,2.206986865924589,33.723,9.98428372327493,33.065799999999996,12.17027865649707,27.841600000000003,33.21791851043044,0,0,37.40715726277189,30.038842737228112,21.849522656773647,34.50322522777835,37.5,31.53,1,0,37.5,30.5,1,0,-0.37604082728980304,3.8063252169045803,Uptrend
2025-11-13 20:00:00,37.08,37.13,35.98,36.3,7689,21,0,83.47457627118642,4042.65,1.901970242291566,0,0.8757142857142879,2.4124360487996914,33.898,7.085963773673945,33.1212,9.5974783522336,27.9177,30.02503787919491,0,0,37.727204122336516,30.06879587766349,22.592507654354314,39.07155450722943,37.5,31.53,0,0,37.5,30.5,0,0,-2.1299541655432908,-2.2353891731753444,Uptrend
2025-11-14 16:00:00,35.12,36.83,35.08,36.42,8888,21,0,81.39904610492844,4224.65,2.1038429218988557,1,0.9271428571428589,2.545697026751397,34.094,6.822314776793571,33.186,9.745073223648532,27.997749999999996,30.081881579769824,0,0,38.02193182489783,30.16606817510218,23.041777584899535,40.92179288615163,37.5,31.53,0,0,37.5,30.5,0,0,0.33057851239670644,-2.1756647864625176,Uptrend
2025-11-14 20:00:00,36.42,37.59,36.35,36.96,6469,21,0,82.35294117647057,4477.8,1.4446826566617534,0,0.9935714285714309,2.6882343846629624,34.3065,7.734685846705439,33.2376,11.199364575059573,28.08075,31.620416121364293,0,0,38.37645292873243,30.236547071267573,23.727007585923523,43.508214268297934,37.59,31.53,1,0,37.59,30.5,1,0,1.4827018121911006,-0.35049878673497586,Uptrend
2025-11-17 16:00:00,37.19,38.05,37.15,37.8,8668,21,0,86.8965517241379,4605.4,1.8821383593173233,0,1.0135714285714303,2.681405895691615,34.560500000000005,9.373417629953247,33.3022,13.50601461765288,28.1666,34.201501068641576,0,0,38.84213016176054,30.278869838239476,24.777593852869774,45.43774062429487,38.05,31.53,1,0,38.05,30.5,1,0,2.2727272727272707,4.132231404958678,Uptrend
2025-11-17 20:00:00,37.81,37.91,36.62,36.87,5929,21,0,77.20588235294117,4824.4,1.2289611143354615,0,1.0771428571428585,2.9214615056763185,34.7565,6.080876958266783,33.322399999999995,10.646291983770686,28.2474,30.525287283077375,0,0,39.08633420127359,30.42666579872642,24.915248665852904,47.12926659169345,38.05,31.53,0,0,38.05,30.5,0,0,-2.4603174603174627,1.2355848434925747,Uptrend
2025-11-18 16:00:00,37.5,37.88,37.04,37.66,7079,21,0,78.81548974943051,4968.7,1.4247187393080685,0,1.1000000000000019,2.920870950610733,35.047,7.45570234256855,33.3652,12.87209427787034,28.33125,32.92742113390689,0,0,39.33517762789894,30.758822372101054,24.471011087390902,49.449133673465276,38.05,31.53,1,0,38.05,30.5,1,0,2.142663411988055,1.8939393939393823,Uptrend
2025-11-18 20:00:00,37.67,38.21,37.57,37.57,3841,21,0,77.03180212014138,5047.3,0.7610009311909337,0,1.1157142857142877,2.9696946651964007,35.347500000000004,6.287573378598194,33.461999999999996,12.27661227661229,28.41545,32.21680459046048,0,0,39.44488234794545,31.25011765205456,23.18343502621371,52.42272368337581,38.21,31.99,1,0,38.21,30.5,1,0,-0.23898035050450295,-0.6084656084656003,Uptrend
2025-11-19 16:00:00,38.31,38.66,37.64,37.96,8551,21,0,73.43324250681201,5322.6,1.606545673167249,0,1.0092857142857155,2.658813788950778,35.622,6.563359721520412,33.556599999999996,13.122306789126448,28.5,33.19298245614035,0,0,39.64257131315963,31.60142868684037,22.573529353543474,51.65596596593948,38.66,32.06,1,0,38.66,30.5,1,0,1.038062283737018,2.956333062110126,Uptrend
2025-11-19 20:00:00,37.96,38.02,37.49,37.6,3967,21,0,69.11764705882355,5482.4,0.7235882095432657,0,0.9978571428571438,2.653875379939212,35.8685,4.82735547904151,33.6222,11.830873648958134,28.582449999999998,31.54925487493201,0,0,39.728324239247975,32.00867576075202,21.522083383737698,50.692938583139245,38.66,32.06,0,0,38.66,30.5,0,0,-0.9483667017913588,-0.15932023366966322,Uptrend
2025-11-20 16:00:00,37.57,38.03,35.82,36.13,9450,21,0,54.78468899521534,5788.8,1.632462686567164,0,1.100000000000001,3.044561306393581,36.052499999999995,0.2149642881908541,33.6528,7.361051680692256,28.6565,26.079597996964043,0,0,39.561039207193275,32.543960792806715,19.463500213262776,47.084675861842854,38.66,32.06,0,0,38.66,30.5,0,0,-3.9095744680851086,-3.832845355336699,Uptrend
2025-11-20 20:00:00,36.13,36.31,35.75,35.84,5826,21,0,50.666666666666714,6018.05,0.9680876695939714,0,1.0957142857142865,3.0572385204081653,36.223,-1.0573392595864384,33.741200000000006,6.2202885493106255,28.72895,24.752209878885242,0,0,39.294533818793354,33.151466181206644,16.959025032677335,43.72098260567647,38.66,32.06,0,0,38.66,30.5,0,0,-0.8026570716855752,-5.584826132771331,Uptrend
2025-11-21 16:00:00,36.0,36.63,35.6,36.32,9037,21,0,44.474761255115936,6198.6,1.4579098506114283,0,1.0407142857142861,2.8654027690371313,36.409000000000006,-0.24444505479416004,33.8398,7.3292395345126256,28.80305,26.097757008372387,0,0,38.96384596301383,33.85415403698618,14.034145200438491,41.31191035608699,38.66,32.58,0,0,38.66,30.5,0,0,1.3392857142856984,-3.404255319148939,Uptrend
2025-11-21 20:00:00,36.32,36.78,36.13,36.44,5339,21,0,44.625850340136054,6391.75,0.8352954981030234,0,1.0614285714285718,2.912811666928024,36.582,-0.388169044885471,33.954,7.321670495376089,28.881800000000002,26.16942157344762,0,0,38.563425324300816,34.600574675699185,10.83278838937628,38.708409251003616,38.66,33.9,0,0,38.66,30.5,0,0,0.330396475770911,0.8580127318018133,Uptrend
2025-11-24 16:00:00,37.97,38.91,37.8,38.85,7204,21,0,59.14760914760914,6387.55,1.1278189603212498,0,1.1935714285714292,3.072255929398788,36.798500000000004,5.574955500903561,34.1034,13.91826034940798,28.972949999999997,34.09059139645775,0,0,38.77750852368885,34.81949147631116,10.755919527637523,32.73684467862675,38.91,34.51,1,0,38.91,30.5,1,0,6.613611416026366,8.398437499999993,Uptrend
2025-11-24 20:00:00,38.84,39.53,38.78,39.32,3646,21,0,66.23655913978499,6395.65,0.5700749728330975,0,1.1650000000000003,2.962868769074263,37.0275,6.191344271149813,34.2508,14.800238242610398,29.065900000000003,35.27879749121822,0,0,39.06271497635775,34.99228502364225,10.992991567660521,29.508773213293313,39.53,34.6,1,0,39.53,30.6,1,0,1.2097812097812133,8.259911894273127,Uptrend
2025-11-25 16:00:00,39.69,39.69,38.72,38.93,6974,21,0,63.11389759665622,6501.75,1.07263429076787,0,1.1092857142857144,2.849436717918609,37.207499999999996,4.629442988644772,34.393,13.191637833280026,29.15665,33.52014034534146,0,0,39.247364546584365,35.16763545341563,10.9648030455385,28.79906077333782,39.69,35.08,1,0,39.69,30.88,1,0,-0.991861648016279,6.8331503841932,Uptrend
2025-11-25 20:00:00,38.94,39.37,38.93,38.96,2864,21,0,61.037527593819,6533.5,0.4383561643835616,0,1.0521428571428568,2.7005720152537394,37.369,4.257539671920578,34.5352,12.812434849081509,29.2472,33.20933285921388,0,0,39.42769555019963,35.31030444980037,11.018199845859563,27.303830026649848,39.69,35.08,1,0,39.69,30.88,1,0,0.07706139224248343,0.28314028314028167,Uptrend
2025-11-26 16:00:00,39.68,40.16,39.65,40.13,4747,21,0,62.40681576144839,6347.0,0.7479123995588467,0,1.0599999999999998,2.6414153999501613,37.519,6.959140702044309,34.6902,15.681085724498578,29.3431,36.761282891037425,0,0,39.91406422284864,35.12393577715136,12.767207136910038,26.071240152755614,40.16,35.08,1,0,40.16,30.88,1,0,3.003080082135523,2.0600203458799653,Uptrend
2025-11-26 20:00:00,40.14,40.97,40.12,40.88,3513,21,0,71.76981541802392,6350.8,0.5531586571770486,0,1.0285714285714285,2.5160749231199326,37.7015,8.430699043804623,34.8742,17.221326940833055,29.4423,38.84784816403611,0,0,40.522259696101116,34.88074030389889,14.96364704906231,26.43631469480932,40.97,35.08,1,0,40.97,30.88,1,0,1.8689259905307676,5.008990495761631,Uptrend
2025-11-28 16:00:00,40.86,41.61,40.58,41.17,6419,21,0,70.14925373134332,6305.0,1.018080888183981,0,1.0299999999999996,2.5018217148409025,37.9055,8.612206671855002,35.06100000000001,17.423918313795937,29.542600000000004,39.35807951906737,0,0,41.104792520475335,34.70620747952467,16.880360477900737,26.839220894816965,41.61,35.08,1,0,41.61,30.88,1,0,0.7093933463796498,5.672484599589325,Uptrend
2025-12-01 16:00:00,42.0,42.97,41.68,42.09,7130,21,0,73.68972746331238,6277.05,1.1358838945045842,0,1.1128571428571423,2.6439941621694993,38.195,10.197669852074887,35.2696,19.337900061242564,29.64695,41.9707592180646,0,0,41.804190024308674,34.585809975691326,18.898756509012564,27.587781489747737,42.97,35.08,0,0,42.97,30.88,0,0,2.2346368715083775,4.884126588587094,Uptrend
2025-12-01 20:00:00,42.1,42.28,41.83,42.22,2981,21,0,72.95258620689656,5981.7,0.49835331093167495,0,1.067142857142857,2.527576639371997,38.485,9.70507990126023,35.4814,18.991922528423338,29.7524,41.90451862706873,0,0,42.41176912861755,34.55823087138245,20.406751350487465,29.37466075907003,42.97,35.6,1,0,42.97,31.28,1,0,0.308861962461382,3.27788649706457,Uptrend
2025-12-02 16:00:00,42.04,42.08,40.1,40.77,7002,21,0,65.28447444551594,6008.35,1.1653781820300082,0,1.1807142857142854,2.8960370019972657,38.6755,5.41557316647491,35.662400000000005,14.322087128179811,29.8521,36.57330640055474,0,0,42.66000934706297,34.69099065293703,20.604823968987954,29.73110799560408,42.97,35.6,0,0,42.97,31.28,0,0,-3.43439128375177,-0.9715812484819009,Uptrend
2025-12-02 20:00:00,40.77,41.06,40.7,40.92,3606,21,0,76.46408839779008,5755.25,0.6265583597584814,0,1.048571428571428,2.56249127216869,38.8315,5.37836550223402,35.8464,14.15372254954472,29.952150000000003,36.61790555936718,0,0,42.91476636536441,34.74823363463559,21.030690884279046,33.67156622446664,42.97,35.6,0,0,42.97,31.44,0,0,0.3679175864606199,-2.779757662152534,Uptrend
2025-12-03 16:00:00,41.55,41.64,40.58,40.65,6824,21,0,76.63344407530454,5800.0,1.176551724137931,0,1.0842857142857139,2.6673695308381644,39.0205,4.176010046001461,36.0234,12.843318509635393,30.0495,35.27679329106974,0,0,43.071285368944274,34.96971463105572,20.762344762082883,37.24385646342353,42.97,35.6,0,0,42.97,31.53,0,0,-0.6598240469208316,-3.7186167693036483,Uptrend
2025-12-03 20:00:00,40.66,40.71,40.34,40.34,2931,21,0,72.68623024830704,5592.6,0.524085398562386,0,1.0371428571428563,2.571003612153833,39.1545,3.0277490454481724,36.1856,11.48081004598515,30.14565,33.81698520350367,0,0,43.19307960960876,35.11592039039124,20.628942316253614,39.04268605364894,42.97,35.6,0,0,42.97,31.53,0,0,-0.7626076260762504,-1.0546970811871468,Uptrend
2025-12-04 16:00:00,40.33,40.95,40.05,40.92,3801,21,0,74.03433476394854,5590.6,0.6798912460201051,0,1.0549999999999997,2.578201368523948,39.322,4.063882813692079,36.3662,12.522067194262812,30.247249999999998,35.28502591144651,0,0,43.36175820016238,35.28224179983763,20.547063731053225,40.73912837820884,42.97,35.6,0,0,42.97,31.53,0,0,1.437778879524032,0.0,Uptrend
2025-12-04 20:00:00,40.92,40.99,40.65,40.82,1529,21,0,64.05135520684738,5239.5,0.2918217387155263,0,0.9028571428571429,2.2118009379155876,39.464999999999996,3.43342201951097,36.5384,11.718082893613287,30.347800000000003,34.50727894608504,0,0,43.5042365094083,35.42576349059169,20.46996837404437,43.152394631257955,42.97,35.6,0,0,42.97,31.53,0,0,-0.24437927663734094,0.41820418204182463,Uptrend
2025-12-05 16:00:00,41.02,41.97,40.93,41.24,8637,21,0,63.793103448275886,5473.0,1.578110725379134,0,0.9314285714285714,2.258556186781211,39.647000000000006,4.017958483617918,36.71040000000001,12.338737796373763,30.4507,35.43202619315812,0,0,43.66035192628308,35.633648073716934,20.245425511554828,44.51479445480034,42.97,35.6,0,0,42.97,31.53,0,0,1.0289073983341446,2.2310361923648947,Uptrend
2025-12-05 20:00:00,41.24,41.25,40.76,40.93,3674,21,0,64.53488372093025,5184.2,0.7086917942980595,0,0.8971428571428574,2.1918955708352246,39.887,2.614887055933009,36.8694,11.013469164130692,30.55225,33.96722009017339,0,0,43.57576016825935,36.19823983174065,18.496052188729912,44.64024071756289,42.97,35.6,0,0,42.97,31.53,0,0,-0.751697381183325,0.024437927663729254,Uptrend
2025-12-08 16:00:00,40.81,41.09,40.19,40.34,3466,21,0,59.27419354838713,5066.2,0.6841419604437251,0,0.9300000000000007,2.3054040654437298,40.112,0.5684084563223014,37.0202,8.967536642157526,30.64725,31.626818066873874,0,0,43.27253026863162,36.951469731368384,15.75852746625258,44.60842602984337,42.97,35.6,0,0,42.97,31.53,0,0,-1.4414854629855811,-1.1758941695247351,Uptrend
2025-12-08 20:00:00,40.35,40.37,39.91,39.91,1651,21,0,48.35820895522384,4696.9,0.35150844173816775,0,0.8771428571428582,2.1978021978022007,40.2915,-0.9468498318503968,37.1684,7.376158241947456,30.74075,29.827671738653088,0,0,42.90581907205595,37.67718092794405,12.977025288489873,43.52483053630999,42.97,36.13,0,0,42.97,31.53,0,0,-1.06593951412991,-3.2250242483026317,Uptrend
2025-12-09 16:00:00,40.27,40.88,40.17,40.61,4121,21,0,47.96992481203005,4636.0,0.8889128559102675,0,0.8857142857142871,2.181025081788444,40.5,0.27160493827160354,37.32640000000001,8.796990869732928,30.835300000000004,31.699707802421234,0,0,42.38414995491883,38.61585004508117,9.304444221821397,41.069493521805875,42.97,37.8,0,0,42.97,31.53,0,0,1.7539463793535548,-0.7818226239921825,Uptrend
2025-12-09 20:00:00,40.61,40.82,40.57,40.81,1643,21,0,47.25609756097562,4357.95,0.3770121272616712,0,0.8300000000000013,2.033815241362414,40.598,0.5221932114882588,37.4882,8.860921569987365,30.9312,31.937978481274577,0,0,42.3174931933841,38.878506806615896,8.470827101749363,37.763333363691935,42.97,38.72,0,0,42.97,31.53,0,0,0.49248953459739564,1.1650966782349996,Uptrend
2025-12-10 16:00:00,40.48,41.17,40.2,40.97,6731,21,0,40.344827586206854,4512.2,1.4917335224502462,0,0.7707142857142871,1.881167404721228,40.6805,0.7116431705608258,37.6486,8.822107594970323,31.0284,32.04032434801665,0,0,42.29706523465145,39.063934765348556,7.947617333373219,34.94640652880121,42.97,38.72,0,0,42.97,31.53,0,0,0.3920607694192446,2.655975945878232,Uptrend
2025-12-10 20:00:00,40.97,41.85,40.31,41.66,8565,21,0,45.597484276729546,4591.75,1.8653019001470028,0,0.8485714285714298,2.0368973321445747,40.817,2.0653159222872737,37.8448,10.081173635479637,31.129049999999996,33.82997553731965,0,0,42.26327434246518,39.37072565753482,7.086627348728131,31.493489808557765,42.97,38.93,0,0,42.97,31.53,0,0,1.6841591408347512,2.5855700566362896,Uptrend
2025-12-11 16:00:00,41.84,43.69,41.65,43.57,7082,21,0,70.52785923753662,4802.65,1.474602563168251,0,0.8428571428571442,1.9344896553985407,41.0475,6.145319446982158,38.085,14.40199553630038,31.2396,39.47041575436306,0,0,42.702067839899854,39.392932160100145,8.061722832814933,32.406353889181915,43.69,39.65,1,0,43.69,31.53,1,0,4.584733557369192,6.763048272482229,Uptrend
2025-12-11 20:00:00,43.58,43.8,43.01,43.02,3746,21,0,64.54293628808864,4752.6,0.7882001430795774,0,0.8735714285714299,2.0306169887759875,41.192,4.437754903864835,38.29600000000001,12.335491957384573,31.3475,37.235824228407374,0,0,43.006266271871866,39.377733728128135,8.808828276713271,31.646124295920583,43.8,39.91,1,0,43.8,31.53,1,0,-1.2623364700481865,5.0036612155235645,Uptrend
2025-12-12 16:00:00,43.37,43.85,41.91,43.01,13045,21,0,66.95402298850573,5229.2,2.494645452459267,1,0.9364285714285729,2.1772345301757103,41.298500000000004,4.144218313013774,38.5028,11.706161629803539,31.4555,36.7328448125129,0,0,43.27817860230132,39.31882139769869,9.587169520933266,29.18823795056621,43.85,39.91,1,0,43.85,31.99,1,0,-0.02324500232451232,3.2405184829572766,Uptrend
2025-12-12 20:00:00,43.01,43.25,42.85,42.93,6236,21,0,69.24219910846948,5220.05,1.1946245725615654,0,0.9385714285714302,2.186283318358794,41.3865,3.729477003370669,38.7124,10.894700406071433,31.561850000000003,36.018642760167715,0,0,43.49444262380448,39.278557376195515,10.186619423263544,27.219843218298156,43.85,39.91,0,0,43.85,32.06,0,0,-0.1860032550569546,-1.4689006196924501,Uptrend
2025-12-15 16:00:00,43.79,44.14,42.88,43.18,9985,21,0,67.65624999999994,5362.8,1.8619004997389423,0,0.9642857142857153,2.233176735261036,41.441,4.196327308703934,38.9274,10.92443882715003,31.671599999999998,36.33665492112809,0,0,43.67794246214245,39.20405753785756,10.795793837708763,26.30758749720234,44.14,39.91,0,0,44.14,32.06,0,0,0.5823433496389363,0.3719200371919958,Uptrend
2025-12-15 20:00:00,43.19,43.44,43.06,43.13,3817,21,0,68.18897637795274,5404.6,0.7062502312844613,0,0.9671428571428576,2.2423901162598137,41.4865,3.961529654224876,39.138000000000005,10.199805815320142,31.780749999999998,35.71108296689035,0,0,43.82487798033934,39.14812201966066,11.272958578522353,26.343565495996796,44.14,39.91,0,0,44.14,32.06,0,0,-0.11579434923575382,0.2790048825854558,Uptrend
2025-12-16 16:00:00,43.76,43.84,42.46,42.6,7402,21,0,60.52631578947367,5424.6,1.3645245732404232,0,0.9835714285714293,2.308853118712275,41.577999999999996,2.4580306893068586,39.3304,8.313162337530269,31.887200000000004,33.59592563787349,0,0,43.94141055969391,39.214589440306085,11.368562988570451,25.10543795189912,44.14,39.91,0,0,44.14,32.06,0,0,-1.228843032691862,-0.7686932215234062,Uptrend
2025-12-16 20:00:00,42.61,43.23,42.51,42.71,4882,21,0,64.21725239616613,5488.4,0.8895124262080024,0,1.0000000000000004,2.3413720440177954,41.667500000000004,2.501949961000772,39.4942,8.142461424715531,31.9938,33.494614581575185,0,0,44.06136826353213,39.27363173646788,11.490337858197044,24.282219989353788,44.14,39.91,0,0,44.14,32.58,0,0,0.2582159624413105,-1.088466882816116,Uptrend
2025-12-17 16:00:00,43.65,43.92,42.72,43.11,6520,21,0,72.81713344316304,5473.2,1.1912592267777535,0,1.0221428571428572,2.371011034894125,41.7905,3.157416159174927,39.6616,8.694555943280148,32.1029,34.28693357920936,0,0,44.21681602922467,39.364183970775336,11.611806650911882,25.223415619953176,44.14,39.91,0,0,44.14,33.9,0,0,0.936548817607119,-0.04637143519592656,Uptrend
2025-12-17 20:00:00,43.11,43.46,42.9,43.32,4077,21,0,79.14529914529916,5530.5,0.7371847030105777,0,1.0292857142857146,2.3760058039836442,41.9395,3.291646300027415,39.821400000000004,8.785728276755703,32.21455,34.47339789008382,0,0,44.356749197786364,39.52225080221364,11.52731528886306,27.36102955880936,44.14,39.91,1,0,44.14,34.51,1,0,0.4871259568545616,1.6901408450704198,Uptrend
2025-12-18 16:00:00,43.25,44.27,43.15,44.01,8741,21,0,79.10958904109589,5777.5,1.5129381220250973,0,1.0400000000000003,2.3630992956146337,42.094,4.551717584453834,39.987,10.060769750168795,32.3298,36.128277935526974,0,0,44.629012924287366,39.558987075712636,12.044533303023542,29.880347601247745,44.27,39.91,1,0,44.27,34.6,1,0,1.5927977839335083,3.043783657223126,Uptrend
2025-12-18 20:00:00,44.0,44.19,43.55,43.7,4866,21,0,74.28571428571433,5944.35,0.818592444926695,0,1.067857142857143,2.4436090225563913,42.238,3.461338131540327,40.1184,8.92757437983569,32.44325,34.69673969161537,0,0,44.795396702649974,39.680603297350025,12.10945926724738,32.96380909063888,44.27,39.91,1,0,44.27,35.08,1,0,-0.7043853669620459,1.368591974019957,Uptrend
2025-12-19 16:00:00,44.63,45.26,44.49,45.21,6588,21,0,79.04109589041101,5841.9,1.1277152981050687,0,1.1099999999999999,2.45520902455209,42.4365,6.535647379025128,40.278,12.244897959183678,32.5631,38.83813273306289,0,0,45.26920579221549,39.60379420778452,13.350327158061976,35.978094590556346,45.26,39.91,1,0,45.26,35.08,1,0,3.4553775743707105,4.362880886426594,Uptrend
2025-12-19 20:00:00,45.2,45.32,44.6,44.6,3607,21,0,70.36011080332415,5838.55,0.6177903760351456,0,1.0514285714285714,2.3574631646380526,42.62,4.6457062412013235,40.428200000000004,10.319034733181287,32.6798,36.47574342560237,0,0,45.5165605738328,39.7234394261672,13.592494480679498,39.544239731504646,45.32,39.91,1,0,45.32,35.08,1,0,-1.3492590134925875,1.3406044080890784,Uptrend
2025-12-22 16:00:00,45.98,46.32,44.91,45.68,6362,21,0,66.51017214397498,5983.35,1.063283946284272,0,1.0285714285714285,2.2516887665749308,42.887,6.51246298412106,40.61580000000001,12.46854672319637,32.79835,39.2752989098537,0,0,45.88145874205714,39.89254125794286,13.9644122557285,39.97644362308103,46.32,39.91,1,0,46.32,35.08,1,0,2.4215246636771326,4.530892448512578,Uptrend
2025-12-22 20:00:00,45.67,45.71,45.3,45.48,2622,21,0,70.364238410596,6031.9,0.4346889039937665,0,1.0014285714285716,2.201909787661767,43.165499999999994,5.361920978559272,40.797,11.47878520479447,32.91535,38.17261551221543,0,0,46.027302707530616,40.30369729246937,13.259675933468266,40.289661699059536,46.32,40.17,1,0,46.32,35.08,1,0,-0.4378283712784703,0.5972130059721212,Uptrend
2025-12-23 16:00:00,45.56,46.08,45.05,45.53,5642,21,0,70.72368421052637,6107.95,0.9237141757872936,0,0.9364285714285714,2.0567286875215713,43.411500000000004,4.88004330649712,40.9684,11.134435320881456,33.0314,37.83854150898843,0,0,46.19309571771842,40.629904282281586,12.815017761277158,43.82898707373568,46.32,40.2,1,0,46.32,35.08,1,0,0.10993843447670848,2.0852017937219722,Uptrend
2025-12-23 20:00:00,45.55,45.78,45.47,45.47,2505,21,0,70.95709570957096,6151.05,0.40724754310239714,0,0.9300000000000003,2.045304596437212,43.6445,4.182657608633386,41.1218,10.573953474799252,33.146550000000005,37.17868073751263,0,0,46.28570765838736,41.00329234161264,12.1032783438342,47.09067472130079,46.32,40.2,1,0,46.32,35.6,1,0,-0.13178124313639739,-0.4597197898423837,Uptrend
2025-12-24 16:00:00,45.5,45.59,44.91,45.17,3382,21,0,66.28477905073655,5983.6,0.5652115783140584,0,0.8885714285714295,1.9671716373066848,43.854499999999994,2.999692163860054,41.287800000000004,9.402777575942523,33.25935,35.81143347660133,0,0,46.257484766797475,41.451515233202514,10.958897111117357,48.10377456838358,46.32,40.31,0,0,46.32,35.6,0,0,-0.659775676270058,-0.6816182937554863,Uptrend
2025-12-26 16:00:00,45.84,46.09,45.45,45.81,4042,21,0,70.00000000000001,5757.45,0.7020469131299447,0,0.9271428571428585,2.0238874855770757,44.062,3.967137215741466,41.4508,10.516564215889684,33.3752,37.2576044488123,0,0,46.38239561055019,41.741604389449805,10.532411649721725,49.41427513724439,46.32,41.65,1,0,46.32,35.6,1,0,1.416869603719273,0.6149791346365059,Uptrend
2025-12-26 20:00:00,45.8,46.11,45.74,46.1,2307,21,0,77.08978328173377,5518.7,0.4180332324641673,0,0.855000000000001,1.8546637744034729,44.188500000000005,4.325786120823283,41.6214,10.760330022536484,33.4898,37.65385281488691,0,0,46.66646414739526,41.71053585260475,11.215425494847098,52.81686847886211,46.32,41.91,1,0,46.32,35.6,1,0,0.6330495524994539,1.3855289201671488,Uptrend
2025-12-29 16:00:00,44.7,44.81,43.22,43.99,6381,21,0,57.56501182033099,5650.45,1.1292905874753338,0,1.0092857142857155,2.294352612606764,44.237,-0.5583561272238169,41.742,5.385463082746407,33.5948,30.942884017764662,0,0,46.655934954846096,41.81806504515391,10.93625225420392,52.13930236303833,46.32,41.91,0,0,46.32,35.6,0,0,-4.577006507592185,-2.612353331857427,Uptrend
2025-12-29 20:00:00,44.01,44.29,43.74,43.93,3951,21,0,55.04926108374384,5195.75,0.7604291969398066,0,0.9621428571428581,2.1901726773113093,44.283,-0.7971456315064506,41.86860000000001,4.923498755630691,33.698,30.363819811264758,0,0,46.637830198367745,41.92816980163226,10.635368870075393,49.7609950528065,46.32,42.46,0,0,46.32,35.6,0,0,-0.13639463514435457,-4.103907443789571,Uptrend
2025-12-30 16:00:00,44.5,44.5,44.09,44.33,5503,21,0,56.07701564380264,5159.1,1.066658913376364,0,0.9628571428571436,2.1720215268602385,44.353,-0.05185669515027899,42.0326,5.465757531059215,33.80305,31.14201233320662,0,0,46.62008344981118,42.08591655018882,10.222909159746495,47.202359658350204,46.32,42.46,0,0,46.32,35.6,0,0,0.9105394946505863,-3.8394793926247353,Uptrend
2025-12-30 20:00:00,44.33,44.43,43.96,44.06,3000,21,0,50.31685678073512,4809.85,0.6237200744305955,0,0.9164285714285718,2.0799559042863636,44.397,-0.7590602968668969,42.196999999999996,4.415005806099976,33.9101,29.93179023358823,0,0,46.6015226240587,42.192477375941294,9.930953100699165,44.053034658695275,46.32,42.46,0,0,46.32,35.6,0,0,-0.6090683510038275,0.1591270743350768,Uptrend
2025-12-31 16:00:00,43.9,44.1,43.56,43.68,6246,21,0,49.87437185929646,4931.3,1.2666031269644922,0,0.9092857142857146,2.0816980638409217,44.4245,-1.6758770498261144,42.3442,3.1546233014202634,34.014849999999996,28.414501313396954,0,0,46.575548459163784,42.27345154083622,9.68406378986272,41.292837335384924,46.32,42.46,0,0,46.32,35.6,0,0,-0.8624602814344184,-0.5690871841566127,Uptrend
2026-01-02 16:00:00,43.57,43.95,42.52,43.39,8570,21,0,36.49851632047478,4989.7,1.7175381285448024,0,0.9000000000000006,2.074210647614659,44.464000000000006,-2.4154372076286545,42.483200000000004,2.134490810485078,34.11495,27.187640609175745,0,0,46.49991334734104,42.42808665265897,9.157580727514556,39.86943263700016,46.32,42.51,0,0,46.32,35.6,0,0,-0.6639194139194116,-2.120460184976309,Uptrend
2026-01-02 20:00:00,43.38,43.99,43.12,43.98,3563,21,0,45.38690476190473,4923.75,0.7236354404671236,0,0.9107142857142867,2.070746443188465,44.5275,-1.2295772275560193,42.585800000000006,3.273861240131665,34.2179,28.529220086562873,0,0,46.406221569799186,42.64877843020082,8.438477658971118,38.71400178176617,46.32,42.52,0,0,46.32,36.13,0,0,1.3597603134362757,-0.1815705855651507,Uptrend
2026-01-05 16:00:00,44.98,46.21,44.75,45.72,7405,21,0,50.27100271002709,4968.0,1.4905394524959743,0,0.9471428571428585,2.0716160479940036,44.658,2.378073357517125,42.7138,7.0380064522472825,34.327799999999996,33.18651355461172,0,0,46.483994754124936,42.83200524587507,8.177682628532109,36.484827526193236,46.32,42.52,1,0,46.32,37.8,1,0,3.9563437926330103,4.670329670329668,Uptrend
2026-01-05 20:00:00,45.72,46.15,45.59,45.64,4136,21,0,51.101928374655664,4970.95,0.8320341182268983,0,0.9578571428571436,2.098722924752725,44.773999999999994,1.9341582168222782,42.848,6.516056758775209,34.437200000000004,32.531100089438155,0,0,46.53573837593712,43.012261624062866,7.869470567459365,34.31472613621027,46.32,42.52,1,0,46.32,38.72,1,0,-0.17497812773402677,5.1855266190366445,Uptrend
2026-01-06 16:00:00,46.47,47.49,46.28,47.07,5626,21,0,58.912037037037045,4815.2,1.168383452400731,0,1.0164285714285721,2.1593978572946084,44.927,4.769960157588979,43.010200000000005,9.439156293158355,34.554899999999996,36.21801828394817,0,0,46.92502112627443,42.92897887372557,8.894522787074278,29.404066907957848,47.49,42.52,1,0,47.49,38.72,1,0,3.1332164767747583,7.025920873124155,Uptrend
2026-01-06 20:00:00,47.06,47.64,47.0,47.52,3102,21,0,61.351052048726494,4727.0,0.6562301671250265,0,1.0400000000000007,2.18855218855219,45.118,5.323817545103951,43.158,10.107048519393858,34.6748,37.04477026543774,0,0,47.33994414634119,42.896055853658815,9.849479792283287,24.371873325471892,47.64,42.52,1,0,47.64,38.93,1,0,0.9560229445506829,3.937007874015758,Uptrend
2026-01-07 16:00:00,46.13,47.13,45.35,46.75,6470,21,0,58.3157894736842,4721.1,1.3704433288852174,0,1.1464285714285718,2.452253628724218,45.195,3.4406460891691553,43.2754,8.029041903714356,34.7897,34.37885351124038,0,0,47.53401913765192,42.85598086234808,10.350787200583769,21.57657134595753,47.64,42.52,1,0,47.64,39.65,1,0,-1.620370370370372,2.4320771253286577,Uptrend
2026-01-07 20:00:00,46.77,47.37,46.73,47.13,4028,21,0,57.14285714285714,4742.15,0.8494037514629441,0,1.1264285714285716,2.390045770058501,45.3215,3.990379841796945,43.3946,8.607983481815722,34.905350000000006,35.02228168461281,0,0,47.79482952664105,42.84817047335895,10.914596942471242,18.716000695686088,47.64,42.52,1,0,47.64,39.91,1,0,0.8128342245989462,0.12746972594009406,Uptrend
2026-01-08 16:00:00,46.15,47.09,45.9,47.08,6228,21,0,55.44444444444443,4735.45,1.3151865187046639,0,1.1878571428571436,2.523061051098436,45.3915,3.7198594450502798,43.494400000000006,8.243819894055308,35.0208,34.43439327485379,0,0,47.98392844899216,42.79907155100784,11.422528222209705,15.315969786992913,47.64,42.52,1,0,47.64,39.91,1,0,-0.10608953957140788,-0.9259259259259361,Uptrend
2026-01-08 20:00:00,47.08,47.42,46.65,47.33,3549,21,0,73.38935574229687,4781.8,0.7421891337989878,0,1.0371428571428578,2.1913011982735218,45.484,4.058570046609789,43.596599999999995,8.56351183349161,35.13665,34.70265378173501,0,0,48.21788406946035,42.75011593053966,12.02130010315867,14.632767638822612,47.64,42.52,1,0,47.64,39.91,1,0,0.5310110450297278,1.240641711229943,Uptrend
2026-01-09 16:00:00,47.14,48.39,47.1,47.44,6687,21,0,74.4089012517385,4834.05,1.3833121295807862,0,1.090000000000001,2.297639123102869,45.5795,4.0818789148630295,43.73,8.483878344386007,35.25375,34.56724461936674,0,0,48.45016817822254,42.708831821777466,12.59631272051048,15.218482342382242,48.39,42.52,1,0,48.39,39.91,1,0,0.23241073315021232,0.6577551453426589,Uptrend
2026-01-09 20:00:00,47.42,48.19,47.27,47.6,3326,21,0,73.5251798561151,4875.1,0.682242415540194,0,1.1150000000000004,2.3424369747899165,45.686,4.18946723285033,43.8636,8.518224678320985,35.3724,34.56819441146205,0,0,48.69430709518379,42.67769290481621,13.169492164705984,15.478666723184093,48.39,42.52,1,0,48.39,39.91,1,0,0.337268128161905,1.1045029736618588,Uptrend
2026-01-12 16:00:00,49.35,49.61,48.92,49.33,7475,21,0,81.33174791914382,5079.75,1.471529110684581,0,1.2250000000000003,2.4832758970200697,45.894,7.486817448903996,44.03719999999999,12.018929450555458,35.49525,38.97634190490277,0,0,49.30093657735081,42.487063422649186,14.84698033446992,17.107845661273835,49.61,42.52,1,0,49.61,39.91,1,0,3.634453781512592,4.225649693640397,Uptrend
2026-01-12 20:00:00,49.32,49.41,48.85,48.9,4360,21,0,80.8510638297872,5095.65,0.8556317643480224,0,1.2264285714285716,2.5080338884019873,46.048500000000004,6.192384116746461,44.208400000000005,10.612462789877023,35.61605,37.29765091861674,0,0,49.71013193412966,42.386868065870345,15.903371159232801,18.636810486416778,49.61,42.52,1,0,49.61,39.91,1,0,-0.8716805189539878,3.077571669477236,Uptrend
2026-01-13 16:00:00,49.39,50.12,49.27,49.72,6528,21,0,85.20578420467182,5306.7,1.230143026739782,0,1.2114285714285715,2.4365015515457995,46.229499999999994,7.55037367914428,44.38440000000001,12.021340831463288,35.7376,39.12517908309455,0,0,50.24284340209546,42.21615659790453,17.362694392521945,19.353692009172004,50.12,42.52,1,0,50.12,39.91,1,0,1.67689161554192,4.453781512605037,Uptrend
2026-01-13 20:00:00,49.72,50.17,49.48,49.5,4727,21,0,82.01856148491876,5224.0,0.9048621745788668,0,1.1985714285714286,2.4213564213564216,46.504999999999995,6.440167723900666,44.558,11.091162080883343,35.85805,38.044316408728314,0,0,50.62608059410915,42.38391940589084,17.72317210669456,20.046067018931776,50.17,42.52,1,0,50.17,39.91,1,0,-0.4424778761061954,0.344617879586462,Uptrend
2026-01-14 16:00:00,49.93,50.06,49.25,49.72,8027,21,0,78.16901408450701,5427.8,1.4788680496702162,0,1.0971428571428572,2.2066429146075164,46.7945,6.251803096517753,44.7276,11.161788247077858,35.976150000000004,38.202670380238004,0,0,50.967094674273355,42.621905325726644,17.833697012569235,20.88670619562661,50.17,42.52,1,0,50.17,39.91,1,0,0.4444444444444473,1.6768916155419227,Uptrend
2026-01-14 20:00:00,49.72,50.27,49.62,49.75,5273,21,0,79.14893617021272,5416.3,0.9735428244373465,0,1.1035714285714293,2.218234027279255,47.0655,5.703753280003399,44.903999999999996,10.791911633707475,36.0944,37.83301564785673,0,0,51.268068011909094,42.86293198809091,17.858380392895405,21.85463863524156,50.27,42.52,1,0,50.27,39.91,1,0,0.06033789219630492,0.06033789219630156,Uptrend
2026-01-15 16:00:00,49.43,49.85,48.95,49.27,6322,21,0,68.0327868852459,5582.4,1.132487818859272,0,1.0357142857142863,2.1021195163675386,47.326,4.107678654439425,45.0826,9.288284171720363,36.2096,36.0688878087579,0,0,51.387684379661295,43.26431562033871,17.164705995272342,22.197714312171136,50.27,42.52,1,0,50.27,39.91,1,0,-0.9648241206030139,-0.46464646464645837,Uptrend
2026-01-15 20:00:00,49.25,49.89,49.25,49.53,4446,21,0,67.00507614213195,5492.4,0.8094821935765786,0,1.0357142857142863,2.0910847682501235,47.6185,4.014196163255885,45.275,9.398122584207625,36.32635,36.34730712003822,0,0,51.40810503427122,43.82889496572877,15.916524183967265,22.565292371107624,50.27,42.52,1,0,50.27,39.91,1,0,0.5277044854881119,-0.38213998390989085,Uptrend
