time,open,high,low,close,tick_volume,spread,real_volume,RSI,Avg_Volume,Rel_Volume,Volume_Surge,ATR,ATR_Pct,SMA_20,Distance_SMA_20,SMA_50,Distance_SMA_50,SMA_200,Distance_SMA_200,Golden_Cross,Death_Cross,BB_Upper,BB_Lower,BB_Width,ADX,High_20,Low_20,Near_High_20,Near_Low_20,High_52,Low_52,Near_High_52,Near_Low_52,Change_Pct,Change_3bar,Trend
2021-10-19 16:00:00,414.41,414.86,408.79,411.34,3230,100,0,,,,0,,,,,,,,,0,0,,,,,,,0,0,,,0,0,,,Neutral
2021-10-19 20:00:00,411.54,413.55,409.78,411.35,2247,100,0,,,,0,,,,,,,,,0,0,,,,,,,0,0,,,0,0,0.002431078912823459,,Neutral
2021-10-20 16:00:00,409.7,413.77,408.01,410.25,2817,100,0,,,,0,,,,,,,,,0,0,,,,,,,0,0,,,0,0,-0.2674121794092654,,Neutral
2021-10-20 20:00:00,410.01,410.2,405.61,407.31,2692,100,0,,,,0,,,,,,,,,0,0,,,,,,,0,0,,,0,0,-0.7166361974405899,-0.979724801867062,Neutral
2021-10-21 16:00:00,408.59,412.02,405.21,405.5,3036,100,0,,,,0,,,,,,,,,0,0,,,,,,,0,0,,,0,0,-0.44437897424566275,-1.4221465904947181,Neutral
2021-10-21 20:00:00,405.5,407.37,404.02,406.78,2415,100,0,,,,0,,,,,,,,,0,0,,,,,,,0,0,,,0,0,0.3156596794081423,-0.8458257160268197,Neutral
2021-10-22 16:00:00,411.02,414.76,409.51,411.98,3308,100,0,,,,0,,,,,,,,,0,0,,,,,,,0,0,,,0,0,1.278332268056448,1.1465468562028962,Neutral
2021-10-22 20:00:00,411.98,414.32,411.82,413.68,2825,100,0,,,,0,,,,,,,,,0,0,,,,,,,0,0,,,0,0,0.4126413903587478,2.017262638717634,Neutral
2021-10-25 16:00:00,416.78,418.63,413.51,413.53,2540,100,0,,,,0,,,,,,,,,0,0,,,,,,,0,0,,,0,0,-0.03625991104235782,1.6593736171886524,Neutral
2021-10-25 20:00:00,413.53,414.89,412.6,414.27,2141,100,0,,,,0,,,,,,,,,0,0,,,,,,,0,0,,,0,0,0.17894711387322904,0.5558522258361968,Neutral
2021-10-26 16:00:00,413.51,419.2,413.01,415.99,2847,100,0,,,,0,,,,,,,,,0,0,,,,,,,0,0,,,0,0,0.41518816230960987,0.5584026300522148,Neutral
2021-10-26 20:00:00,415.88,418.7,415.79,417.07,2544,100,0,,,,0,,,,,,,,,0,0,,,,,,,0,0,,,0,0,0.2596216255198458,0.8560443015017097,Neutral
2021-10-27 16:00:00,412.73,417.51,411.05,412.15,3278,100,0,,,,0,,,,,,,,,0,0,,,,,,,0,0,,,0,0,-1.17965809096795,-0.511743548893235,Neutral
2021-10-27 20:00:00,412.0,413.34,409.91,410.44,2733,100,0,48.152709359605964,,,0,4.80571428571428,1.170868893313098,,,,,,,0,0,,,,,,,0,0,,,0,0,-0.4148974887783541,-1.3341666866992021,Neutral
2021-10-28 16:00:00,411.25,411.97,408.09,410.55,2334,101,0,48.38577850429105,,,0,4.649285714285712,1.1324529811924766,,,,,,,0,0,,,,,,,0,0,,,0,0,0.02680050677321688,-1.5632867384371882,Neutral
2021-10-28 20:00:00,410.55,414.4,410.55,414.08,2036,100,0,54.876741693461874,,,0,4.654999999999993,1.12417890262751,,,,,,,0,0,,,,,,,0,0,,,0,0,0.8598221897454517,0.4682761130656331,Neutral
2021-10-29 16:00:00,414.49,415.16,410.51,413.16,2422,100,0,55.231930960086345,,,0,4.575714285714282,1.1074920819329754,,,,,,,0,0,,,,,,,0,0,,,0,0,-0.2221792890262697,0.6627034402105125,Neutral
2021-10-29 20:00:00,413.27,413.82,410.69,412.86,2398,100,0,61.02502979737785,,,0,4.46785714285714,1.0821724417132055,,,,,,,0,0,,,,,,,0,0,,,0,0,-0.0726110949753167,0.5626598465473152,Neutral
2021-11-01 12:00:00,417.22,417.73,413.59,414.55,429,102,0,68.06387225548903,,,0,4.329285714285711,1.0443337870668703,,,,,,,0,0,,,,,,,0,0,,,0,0,0.4093397277527444,0.11350463678516888,Neutral
2021-11-01 16:00:00,414.31,416.08,412.66,415.51,2919,100,0,67.65062676910637,2559.55,1.1404348420620811,0,4.3342857142857065,1.043124284442181,412.1175,0.8231875617997255,,,,,0,0,418.2196717445513,406.0153282554487,2.9613747266501904,,419.2,404.02,1,0,,,0,0,0.23157640815341107,0.5687869106399376,Neutral
2021-11-01 20:00:00,415.51,416.31,413.88,416.01,1603,100,0,60.05991013479775,2478.2,0.6468404487127755,0,3.9378571428571343,0.946577520457954,412.351,0.8873508249040241,,,,,0,0,418.68104498196374,406.02095501803626,3.0702217198278836,,419.2,404.02,1,0,,,0,0,0.12033404731535136,0.7629704984740535,Neutral
2021-11-02 12:00:00,414.1,414.25,411.83,413.81,495,105,0,50.31660983925962,2390.6,0.20706098887308627,0,4.057857142857135,0.9806087679991143,412.474,0.32389920334372896,,,,,0,0,418.81773424810075,406.13026575189923,3.075943816143931,,419.2,404.02,1,0,,,0,0,-0.5288334415038065,-0.17850681461826295,Neutral
2021-11-02 16:00:00,413.82,425.58,413.53,424.33,3694,100,0,67.47572815533987,2434.45,1.517385857175132,0,4.552857142857135,1.0729519814430126,413.178,2.699078847373284,,,,,0,0,421.3454620164084,405.0105379835916,3.953483494478613,,425.58,404.02,1,0,,,0,0,2.542229525627704,2.122692594642727,Neutral
2021-11-02 20:00:00,424.36,425.26,422.86,423.22,1810,100,0,64.31084106172062,2390.35,0.7572112870500136,0,4.560714285714279,1.0776225806233823,413.97349999999994,2.2335970780738585,,,,,0,0,422.8065986993002,405.1404013006997,4.267470598625396,,425.58,404.02,1,0,,,0,0,-0.26158885772864515,1.7331314151102224,Neutral
2021-11-03 12:00:00,421.19,421.19,415.48,418.17,557,103,0,53.15028901734105,2266.4,0.24576420755382986,0,4.6714285714285655,1.117112315907063,414.60699999999997,0.8593680280361994,,,,,0,0,422.6646373708427,406.54936262915726,3.886879561050688,,425.58,404.02,1,0,,,0,0,-1.1932328339870568,1.0536236437012187,Neutral
2021-11-03 16:00:00,418.37,420.46,411.95,413.36,3144,100,0,45.16044873467259,2302.85,1.3652647805979548,0,5.071428571428568,1.2268793718377606,414.93600000000004,-0.37981761042667345,,,,,0,0,422.14015786378377,407.7318421362163,3.4724188133995284,,425.58,408.09,0,1,,,0,0,-1.1502498983666953,-2.585252044399399,Neutral
2021-11-03 20:00:00,413.22,419.99,412.46,417.14,2618,100,0,56.70879268620602,2268.35,1.154142879185311,0,5.147857142857142,1.2340837950944867,415.19399999999996,0.46869656112564884,,,,,0,0,422.32160209179415,408.0663979082058,3.433383956316415,,425.58,408.09,1,0,,,0,0,0.9144571317979411,-1.4366050753745192,Neutral
2021-11-04 12:00:00,410.82,411.51,408.51,410.43,744,103,0,49.988148850438506,2164.3,0.3437601071940119,0,5.519285714285717,1.3447568925969635,415.03150000000005,-1.1087110255486736,,,,,0,0,422.4468220464545,407.6161779535456,3.5733779467122058,21.161521878948342,425.58,408.09,0,1,,,0,0,-1.6085726614565754,-1.8509218738790463,Neutral
2021-11-04 16:00:00,410.46,411.3,402.51,403.51,3920,100,0,42.8163265306122,2233.3,1.7552500783593783,0,5.87,1.454734702981339,414.5305,-2.658549853388358,,,,,0,0,423.55279630007334,405.5082036999267,4.3530192832968,21.227220883164993,425.58,402.51,0,1,,,0,0,-1.6860365957654166,-2.382910779949686,Neutral
2021-11-04 20:00:00,403.51,407.72,402.81,407.48,2104,100,0,43.325242718446624,2231.45,0.9428846714020033,0,5.94571428571429,1.4591426047203027,414.191,-1.620266978278127,,,,,0,0,423.7496299392638,404.63237006073615,4.6155662190940046,21.337240117521993,425.58,402.51,0,1,,,0,0,0.9838665708408856,-2.315769286090993,Neutral
2021-11-05 12:00:00,411.11,412.68,409.44,410.32,482,100,0,47.235202492211805,2113.2,0.2280901003217869,0,5.985000000000001,1.4586176642620396,413.90749999999997,-0.866739549295429,,,,,0,0,423.5771592766403,404.2378407233596,4.6723769328366105,20.10914827568297,425.58,402.51,0,1,,,0,0,0.6969667222931131,-0.026801159759280182,Neutral
2021-11-05 16:00:00,410.32,413.87,405.41,407.2,3022,100,0,44.77667035806567,2137.1,1.4140657900893736,0,6.365714285714286,1.5632893628964355,413.41400000000004,-1.5030937510582745,,,,,0,0,423.40614723249166,403.4218527675084,4.833966548056726,18.547994639292842,425.58,402.51,0,1,,,0,0,-0.7603821407681788,0.9144754776833284,Neutral
2021-11-05 20:00:00,407.22,408.01,406.51,406.55,1629,100,0,42.47271358675196,2054.65,0.7928357627819823,0,6.125,1.5065797564875167,413.134,-1.593671786877866,,,,,0,0,423.5788736355764,402.68912636442366,5.056409608299659,17.263518721938116,425.58,402.51,0,1,,,0,0,-0.15962671905697112,-0.22823206046922714,Neutral
2021-11-08 16:00:00,409.45,413.08,408.78,408.87,2689,100,0,43.90825688073395,2052.45,1.3101415381617092,0,6.347142857142858,1.5523620850497366,413.05550000000005,-1.013302086523493,,,,,0,0,423.6086626090302,402.5023373909699,5.109803699033255,14.904808041151185,425.58,402.51,0,1,,,0,0,0.570655515926699,-0.3533827256775172,Neutral
2021-11-08 20:00:00,409.02,409.67,407.4,407.84,1889,100,0,42.57677630383425,2030.2,0.9304502019505467,0,6.335714285714289,1.5534803564423032,412.91999999999996,-1.2302625205850974,,,,,0,0,423.67625252683536,402.16374747316456,5.209848167604087,13.93277947705075,425.58,402.51,0,1,,,0,0,-0.2519138112358488,0.15717092337917152,Neutral
2021-11-09 16:00:00,405.82,406.3,400.6,400.74,2843,100,0,39.09561154680459,2070.55,1.3730651276230952,0,6.554285714285713,1.6355456690836236,412.25300000000004,-2.7927025394599996,,,,,0,0,424.28514659065235,400.22085340934774,5.837263326477819,14.164960576893083,425.58,400.6,0,1,,,0,0,-1.740878775990573,-1.4290985118681594,Neutral
2021-11-09 20:00:00,400.61,404.87,399.51,404.73,2629,100,0,31.647940074906373,2080.9,1.2633956461146618,0,6.076428571428571,1.5013536361101403,411.83149999999995,-1.7243702825062996,,,,,0,0,424.3121313521138,399.3508686478861,6.061037755545094,15.434698934587479,425.58,399.51,0,1,,,0,0,0.9956580326396125,-1.0125467752586363,Neutral
2021-11-10 16:00:00,403.65,404.81,400.26,401.51,2648,101,0,30.44496487119433,2093.4,1.2649278685392185,0,6.230000000000002,1.551642549376106,411.264,-2.371712573918461,,,,,0,0,424.5536768801557,397.9743231198443,6.462844732413095,16.448267900153386,425.58,399.51,0,1,,,0,0,-0.795592123143829,-1.552079246763433,Neutral
2021-11-10 20:00:00,401.46,402.39,396.66,398.43,3603,100,0,31.565184908479623,2252.1,1.5998401491940857,0,6.08642857142857,1.527602984571586,410.45799999999997,-2.9303850820303086,,,,,0,0,424.8205589275507,396.09544107244926,6.998308683251738,19.629289136805742,425.58,396.66,0,1,,,0,0,-0.7671041817140289,-0.5764335978439892,Neutral
2021-11-11 16:00:00,398.76,403.13,397.43,402.38,2161,100,0,39.57858769931661,2214.2,0.9759732634811671,0,5.885714285714284,1.4627253555629713,409.8014999999999,-1.8109987396336826,,,,,0,0,424.3902935001311,395.2127064998687,7.119931723105555,21.843206579294392,425.58,396.66,0,1,,,0,0,0.9913912105012246,-0.5806340029155296,Neutral
2021-11-11 20:00:00,402.38,403.23,401.23,401.71,2191,100,0,34.43615089772038,2243.6,0.9765555357461223,0,5.490714285714282,1.3668353503060124,409.0865,-1.8031638785440296,,,,,0,0,423.7953133622775,394.3776866377225,7.191052925128309,24.20262737834705,425.58,396.66,0,1,,,0,0,-0.16650926984442815,0.04981195985155753,Neutral
2021-11-12 16:00:00,401.25,404.28,398.39,402.59,1729,100,0,41.03795153177866,2305.3,0.7500108445755432,0,5.2949999999999955,1.315233860751632,408.5255,-1.4529080804013572,,,,,0,0,423.3313117678586,393.71968823214144,7.24841497916707,26.331091310773445,425.58,396.66,0,1,,,0,0,0.21906350352243198,1.0440980849835524,Neutral
2021-11-12 20:00:00,402.59,404.5,401.35,404.19,1627,100,0,50.8849557522124,2201.95,0.738890528849429,0,4.89214285714285,1.2103572223812686,407.5185,-0.8167727354709097,,,,,0,0,420.4147716358357,394.62222836416436,6.32917113497211,26.83911436446724,425.26,396.66,0,1,,,0,0,0.39742666236122215,0.44982354987822515,Neutral
2021-11-15 16:00:00,404.6,406.66,403.31,405.31,1879,102,0,46.9496766938431,2205.4,0.8519996372540128,0,4.780714285714278,1.1795204376191748,406.623,-0.3229035248866858,,,,,0,0,417.2089153695144,396.0370846304856,5.206746971772082,26.33847377076155,421.19,396.66,0,0,,,0,0,0.27709740468591093,0.8961688780463576,Neutral
2021-11-15 20:00:00,405.37,405.93,403.31,404.14,1789,100,0,40.8849557522124,2267.0,0.7891486546096163,0,4.596428571428565,1.13733571817404,405.9215,-0.43887796039381854,,,,,0,0,415.04385720922096,396.799142790779,4.4946410619890695,27.961576005862003,420.46,396.66,0,1,,,0,0,-0.28866793318694794,0.38500707916242616,Neutral
2021-11-16 16:00:00,400.83,405.11,398.1,404.86,2075,100,0,46.28571428571433,2213.55,0.9374082356395834,0,4.4928571428571376,1.1097310534152887,405.4965,-0.15696806260966797,,,,,0,0,413.9253433994603,397.06765660053975,4.157295266154098,29.792970801753743,419.99,396.66,0,0,,,0,0,0.17815608452516063,0.16576362601747097,Neutral
2021-11-16 20:00:00,404.96,405.21,402.26,402.5,1777,100,0,43.90243902439024,2171.5,0.8183283444623533,0,4.596428571428565,1.1419698314108238,404.7645,-0.559461118749297,,,,,0,0,411.25590476241206,398.27309523758794,3.2074970815929063,30.90171604789716,413.87,396.66,0,1,,,0,0,-0.582917551746287,-0.6932964891071038,Neutral
2021-11-17 16:00:00,399.28,400.36,391.24,393.88,3178,100,0,31.03011895722605,2293.2,1.385836385836386,0,4.934285714285709,1.252738324943056,403.937,-2.4897446879092575,,,,,0,0,411.51586840602084,396.3581315939792,3.7525002195990123,35.727619020901166,413.87,391.24,0,1,,,0,0,-2.141614906832301,-2.538724204483593,Neutral
2021-11-17 20:00:00,393.74,394.32,390.96,391.07,2530,100,0,29.692419472027183,2223.7,1.1377434006385754,0,5.01214285714285,1.2816485174375047,403.315,-3.036088417242107,,,,,0,0,412.8347976537535,393.79520234624647,4.720775400743105,40.28725247040972,413.87,390.96,0,1,,,0,0,-0.7134152533766591,-3.4061156943140887,Neutral
2021-11-18 16:00:00,392.82,392.99,385.16,391.39,2410,101,0,36.45320197044335,2239.0,1.0763733809736489,0,5.05428571428571,1.2913681275162139,402.5105,-2.762785070203136,408.8004,-4.258899942367972,,,0,0,413.19634991570825,391.8246500842917,5.30960057723129,44.254242109987,413.87,385.16,0,1,,,0,0,0.08182678292889545,-2.7602484472049724,Neutral
2021-11-18 20:00:00,391.29,392.75,389.67,390.8,1585,100,0,27.6117004178721,2294.15,0.6908876926094631,0,4.891428571428564,1.251644977335866,401.5345,-2.6733692870724606,408.3896,-4.307063647066419,,,0,0,412.768715546595,390.30028445340497,5.595641493617615,45.901399797801346,413.87,385.16,0,1,,,0,0,-0.15074478142006464,-0.7819640499644521,Neutral
2021-11-19 16:00:00,382.4,389.63,380.27,389.13,2513,100,0,29.05953991880925,2268.7,1.1076828139463128,0,5.318571428571423,1.3667852462085737,400.631,-2.870721436933232,407.94520000000006,-4.61218810761839,,,0,0,412.8132440245494,388.4487559754505,6.081528401221797,47.96526148298762,413.08,380.27,0,0,425.58,380.27,0,0,-0.4273285568065499,-0.4960748715063794,Neutral
2021-11-19 20:00:00,389.19,389.2,384.67,386.72,1952,100,0,29.733471789546627,2284.85,0.8543230408998402,0,5.232857142857138,1.3531384833618993,399.6395,-3.232788550681294,407.4746,-5.093470856833771,,,0,0,412.96737735300815,386.31162264699185,6.669949968913558,50.21426055688392,413.08,380.27,0,1,425.58,380.27,0,1,-0.6193303009277007,-1.1931832698842482,Neutral
2021-11-22 16:00:00,392.21,397.21,389.51,396.69,3166,101,0,41.85047264394157,2308.7,1.3713345172607962,0,5.574999999999993,1.4053795154906836,399.03049999999996,-0.5865466424245674,407.2622,-2.595919778462133,,,0,0,411.6782232817021,386.3827767182978,6.339226340694336,51.01662341365176,409.67,380.27,0,0,425.58,380.27,0,0,2.5780926768721457,1.5071647901739986,Neutral
2021-11-22 20:00:00,396.56,401.95,395.32,395.46,2552,100,0,41.18973780659714,2341.85,1.0897367465892351,0,5.905714285714278,1.4933784164553376,398.4115,-0.7408169693896913,407.0614,-2.8500368740440662,,,0,0,410.4405110281674,386.3824889718326,6.038485851019571,50.86894815698016,406.66,380.27,0,0,425.58,380.27,0,0,-0.3100657944490659,1.6267057281628208,Neutral
2021-11-23 16:00:00,399.78,402.49,396.13,401.69,2851,100,0,48.89759921607058,2342.25,1.2172056783007792,0,5.987142857142852,1.4904884007923653,398.459,0.8108738916676482,406.95959999999997,-1.2948705473467068,,,0,0,410.5341400122638,386.38385998773623,6.060919699273337,50.94483228690206,406.66,380.27,1,0,425.58,380.27,0,0,1.5753805694634249,3.871017790649558,Neutral
2021-11-23 20:00:00,401.56,406.42,401.3,405.66,3165,100,0,51.70178282009728,2369.05,1.3359785568054705,0,6.12785714285714,1.5105894450665927,398.5055,1.795332812219666,406.8332,-0.2883737118799429,,,0,0,410.6889961277427,386.32200387225726,6.11459371463768,51.26685073941652,406.66,380.27,1,0,425.58,380.27,0,0,0.988324329706991,2.261211525372464,Neutral
2021-11-24 16:00:00,404.12,406.71,397.67,399.63,3087,100,0,44.0956340956341,2391.0,1.2910915934755332,0,6.534285714285708,1.6350838811615014,398.41150000000005,0.30583956537397866,406.5522,-1.7026595846732675,,,0,0,410.526208372361,386.2967916276391,6.0815053643586845,52.79691053150031,406.71,380.27,1,0,425.58,380.27,0,0,-1.4864664990386078,1.0544682142315318,Neutral
2021-11-24 20:00:00,399.63,400.93,398.25,398.71,2233,100,0,44.326018808777434,2322.5,0.9614639397201292,0,6.538571428571422,1.63993163667112,398.4255,0.07140607215150134,406.25579999999997,-1.8574011743339998,,,0,0,410.54094551388783,386.31005448611216,6.08166169780189,53.01535729893819,406.71,380.27,1,0,425.58,380.27,0,0,-0.23021294697596062,-0.7418656177649476,Neutral
2021-11-26 16:00:00,384.51,391.0,382.09,388.24,3960,100,0,35.57291666666666,2412.45,1.6414847976123859,0,7.224999999999994,1.8609622913661639,397.7185,-2.383218281271803,405.73519999999996,-4.31197490382889,,,0,0,410.49457513242845,384.94242486757156,6.424682348157526,53.48780644634524,406.71,380.27,0,0,425.58,380.27,0,0,-2.625968749216212,-4.294236552778193,Neutral
2021-11-29 16:00:00,392.5,392.62,381.76,385.86,2838,100,0,35.56056924678933,2444.8,1.1608311518324606,0,7.7899999999999965,2.018866946560928,396.926,-2.787925205201971,405.1326,-4.7571091538918395,,,0,0,410.5947448312981,383.2572551687019,6.887301326341995,53.77330460388837,406.71,380.27,0,1,425.58,380.27,0,1,-0.6130228724500308,-3.445687260716158,Neutral
2021-11-29 20:00:00,385.86,387.36,384.48,385.64,2284,100,0,41.62941893539211,2472.55,0.9237426947887808,0,7.191428571428568,1.864803591802865,396.07849999999996,-2.635462414647596,404.504,-4.663489112592219,,,0,0,410.35687566318126,381.80012433681867,7.209871610391018,50.49928236948866,406.71,380.27,0,1,425.58,380.27,0,1,-0.057015497848966756,-3.278071781495321,Neutral
2021-11-30 16:00:00,385.05,385.05,377.05,377.84,3878,100,0,37.79745434421692,2585.1,1.5001353912808015,0,7.564999999999993,2.002170230785516,394.761,-4.286391006203766,403.8178,-6.43304975659815,,,0,0,410.6588474544257,378.86315254557434,8.054416446622481,47.85593568993904,406.71,377.05,0,1,425.58,377.05,0,1,-2.022611762265325,-2.678755409025354,Neutral
2021-11-30 20:00:00,377.89,381.17,376.66,380.31,3099,100,0,40.17033356990776,2646.1,1.1711575526246174,0,7.327857142857137,1.9268115860369532,393.51099999999997,-3.3546711527758983,403.21520000000004,-5.680639023528884,,,0,0,409.84193531984704,377.1800646801529,8.300116296544227,44.84131399448235,406.71,376.66,0,1,425.58,376.66,0,1,0.6537158585644853,-1.4383455139169676,Neutral
2021-12-01 16:00:00,383.22,389.53,382.51,382.71,3961,102,0,43.04624376826541,2754.7,1.437906124078847,0,7.766428571428564,2.029324703150836,392.4395,-2.479235652884083,402.65840000000003,-4.954174555901491,,,0,0,408.64571125241395,376.2332887475861,8.259215115916689,40.668633430663434,406.71,376.66,0,1,425.58,376.66,0,1,0.6310641318924004,-0.7597759568509509,Neutral
2021-12-01 20:00:00,382.53,383.54,375.51,375.61,4002,100,0,39.37106918238995,2851.05,1.4036933761245856,0,7.587857142857136,2.0201424730058135,390.977,-3.930410228734673,401.889,-6.538870185548745,,,0,0,407.73365599097775,374.2203440090222,8.571683751718274,35.84637616601313,406.71,375.51,0,1,425.58,375.51,0,1,-1.8551906143032482,-0.5901969087444319,Neutral
2021-12-02 16:00:00,375.78,388.41,375.78,386.97,4113,100,0,50.172294968986904,2967.85,1.3858517108344426,0,8.178571428571425,2.113489786952845,390.2005,-0.8279077038599258,401.36519999999996,-3.586559073880828,,,0,0,406.12762809873936,374.2733719012606,8.1635610916641,30.581369140187636,406.71,375.51,0,0,425.58,375.51,0,0,3.0244136205106464,1.7512029660014263,Neutral
2021-12-02 20:00:00,387.08,388.33,384.8,386.93,3241,100,0,42.20696263174707,2971.0,1.0908784920902053,0,7.681428571428569,1.985224348442501,389.85299999999995,-0.7497697850215197,400.84659999999997,-3.4718019312125787,,,0,0,405.745341883004,373.9606581169959,8.152991965178705,28.31436049824381,406.71,375.51,0,0,425.58,375.51,0,0,-0.010336718608683348,1.1026625904732115,Neutral
2021-12-03 16:00:00,387.94,388.93,379.23,381.31,3828,102,0,39.44187434711241,3035.9,1.2609110972034652,0,7.900714285714282,2.0719924171184294,389.365,-2.0687529695786746,400.1818,-4.715806665870364,,,0,0,405.69340534322316,373.03659465677686,8.387197279274282,28.13498957079104,406.71,375.51,0,1,425.58,375.51,0,1,-1.4524591011293997,1.5175314821224113,Neutral
2021-12-03 20:00:00,381.21,382.82,378.44,381.89,3852,100,0,33.865710560625814,3108.0,1.2393822393822393,0,7.7114285714285655,2.019280046984358,388.89,-1.799994857157551,399.5094,-4.410259182887822,,,0,0,405.520298285136,372.259701714864,8.552700396068817,28.27102053551344,406.71,375.51,0,1,425.58,375.51,0,1,0.15210720935721067,-1.3127632633020752,Neutral
2021-12-06 16:00:00,385.48,391.63,382.61,390.29,3805,100,0,38.31889344885242,3219.0,1.182044113078596,0,8.041428571428566,2.060372689904575,388.8645,0.36658013266832007,398.995,-2.1817316006466205,,,0,0,405.48402748077325,372.2449725192268,8.547721625796765,28.381392913613237,406.71,375.51,0,0,425.58,375.51,0,0,2.199586268297171,0.8683741245186503,Neutral
2021-12-06 20:00:00,390.46,392.91,388.16,388.69,2782,100,0,41.08539765319428,3232.45,0.8606474964809975,0,7.734999999999998,1.9900177519359896,388.84250000000003,-0.039218963976425374,398.49260000000004,-2.45992020930879,,,0,0,405.46171256605606,372.223287433944,8.54804326484684,27.36036307922552,406.71,375.51,0,0,425.58,375.51,0,0,-0.40995157447026864,1.935433112165953,Neutral
2021-12-07 16:00:00,396.51,401.19,396.51,400.16,2815,101,0,51.00820470031988,3275.6,0.8593845402369031,0,8.436428571428568,2.108263837322213,389.5145,2.7330176411917986,398.00919999999996,0.5403895186342579,,,0,0,406.8440652145772,372.1849347854228,8.89803343114426,25.353288030622842,406.71,375.51,1,0,425.58,375.51,0,0,2.9509377653142765,4.784100133546319,Neutral
2021-12-07 20:00:00,400.16,400.35,396.93,399.62,2770,100,0,59.180380767989654,3255.8,0.8507893605258308,0,7.4935714285714266,1.8751742727019234,389.661,2.55581133344112,397.5372,0.5239258112196846,,,0,0,407.292877709958,372.029122290042,9.049854981616337,23.736552252377237,406.71,375.51,1,0,425.58,375.51,0,0,-0.13494602159136448,2.3905301186297323,Neutral
2021-12-08 16:00:00,399.47,400.15,394.56,397.24,2500,100,0,59.180380767989654,3253.2,0.7684741177917128,0,7.117142857142852,1.7916480860796626,389.75,1.9217447081462498,397.1186,0.03057021252592907,,,0,0,407.5225346946813,371.9774653053187,9.119966488611327,21.858395762070494,406.71,375.51,0,0,425.26,375.51,0,0,-0.5955657874981202,2.1996964161671286,Neutral
2021-12-08 20:00:00,397.24,399.09,396.16,396.66,2049,100,0,58.838626884825175,3213.1,0.6377019078148829,0,7.120714285714278,1.7951682261166433,389.4985,1.8386463619243838,396.7846,-0.03140242842085775,,,0,0,406.6925543885308,372.30444561146913,8.828816741800468,20.817146500802693,406.71,375.51,0,0,421.19,375.51,0,0,-0.14600745141475358,-0.8746501399440224,Neutral
2021-12-09 16:00:00,396.05,399.48,393.16,398.51,2477,101,0,68.3277176804398,3178.7,0.7792493786768177,0,6.958571428571422,1.7461472556702269,389.14099999999996,2.4076106090080533,396.41200000000003,0.5292473487179894,,,0,0,405.17862405293016,373.10337594706976,8.242577396332024,19.951322730537704,406.71,375.51,0,0,420.46,375.51,0,0,0.4663943931830783,-0.2777638756819012,Neutral
2021-12-09 20:00:00,398.51,399.04,395.54,396.04,2680,100,0,63.94750842347936,3158.35,0.8485443348583913,0,6.886428571428565,1.7388214754642373,388.9615,1.819845923054086,396.1242,-0.02125595962073334,,,0,0,404.5796962365754,373.3433037634246,8.030715758025094,19.577023009151585,401.19,375.51,1,0,419.99,375.51,0,0,-0.6198087877342995,-0.30208438223743544,Neutral
2021-12-10 16:00:00,395.51,397.66,387.88,390.33,2990,101,0,56.38190954773869,3196.2,0.9354858894937739,0,6.926428571428569,1.7745058210817948,388.54249999999996,0.46005263259489576,395.8606,-1.3971079718466535,,,0,0,403.4949620398313,373.5900379601686,7.696693175048468,18.79655907271023,401.19,375.51,0,0,413.87,375.51,0,0,-1.4417735582264557,-1.5958251399183283,Neutral
2021-12-10 20:00:00,390.33,391.18,389.01,390.38,2250,100,0,64.02659069325732,3110.7,0.7233098659465715,0,6.50785714285714,1.6670570067260464,388.6495,0.44525980349904126,395.5186,-1.2992056505054368,,,0,0,403.6234598180156,373.6755401819844,7.705636990664133,18.736734946481935,401.19,375.51,0,0,413.87,375.51,0,0,0.01280967386569909,-2.040099370153822,Neutral
2021-12-13 16:00:00,387.2,388.08,382.11,383.01,4156,101,0,45.930949445129436,3176.6,1.3083170685638734,0,6.184285714285709,1.6146538508878903,388.507,-1.4149037211684767,394.9724,-3.02866731953929,,,0,0,403.64606775965893,373.3679322403411,7.793459453579435,19.547245082973546,401.19,375.51,0,1,413.87,375.51,0,1,-1.8879040934474123,-3.2900717099282972,Neutral
2021-12-13 20:00:00,383.01,385.66,382.81,384.18,4502,100,0,47.23840128539867,3287.5,1.3694296577946767,0,6.135714285714284,1.5970936242683857,388.434,-1.0951667464743093,394.51199999999994,-2.618931743521094,,,0,0,403.6451848045398,373.22281519546027,7.832056310487627,19.35577104524248,401.19,375.51,0,0,413.87,375.51,0,0,0.3054750528706851,-1.5755898854815098,Neutral
2021-12-14 16:00:00,383.76,391.1,382.65,387.52,3518,100,0,56.53546621763836,3269.5,1.0760055054289648,0,6.0464285714285735,1.5602881325940787,388.918,-0.35945880622651166,394.1314,-1.677460867111832,,,0,0,403.3034686914835,374.5325313085165,7.397687271601459,17.49380943394635,401.19,375.51,0,0,413.87,375.51,0,0,0.869384142849694,-0.7326194989497448,Neutral
2021-12-14 20:00:00,387.55,391.92,386.51,388.32,2587,100,0,56.73580557301487,3243.9,0.7974968402231881,0,6.1200000000000045,1.5760197775030915,389.31850000000003,-0.2564738125724915,393.7204,-1.3716332707169836,,,0,0,403.12944192450584,375.5075580754942,7.094932259579656,15.74040777517241,401.19,375.51,0,0,413.08,375.51,0,0,0.20644095788604488,1.3863867784130968,Neutral
2021-12-15 16:00:00,384.05,387.2,380.16,387.02,4443,101,0,45.97587989170559,3268.0,1.359547123623011,0,6.007142857142859,1.5521530817897935,389.534,-0.6453865387873742,393.30400000000003,-1.5977462726033929,,,0,0,403.0419476020978,376.02605239790216,6.935439577596733,15.636788751969002,401.19,375.51,0,0,413.08,375.51,0,0,-0.3347754429336658,0.7392368160757913,Neutral
2021-12-15 20:00:00,387.03,390.83,383.35,389.22,7579,100,0,50.642735871937944,3446.85,2.1988192117440564,1,6.202142857142856,1.5934800002936271,390.2145,-0.2548598270950873,393.07359999999994,-0.9803761941783715,,,0,0,402.0347884905559,378.39421150944406,6.058354310542496,15.516868004046357,401.19,375.78,0,0,409.67,375.51,0,0,0.5684460751382403,0.4386870355078565,Neutral
2021-12-16 16:00:00,392.51,399.21,391.03,393.74,5826,100,0,40.63593932322052,3532.5,1.6492569002123143,0,6.022857142857139,1.5296533608109766,390.553,0.8160224092504762,392.8538,0.2255801012997789,,,0,0,402.36982137329625,378.73617862670375,6.051327923890612,16.364381271239665,401.19,378.44,1,0,406.71,375.51,0,0,1.1612969528801198,1.3957560774618911,Neutral
2021-12-16 20:00:00,393.77,398.36,392.62,396.38,6335,100,0,45.54700384826826,3687.2,1.7181058798003905,0,6.188571428571423,1.5612723721104556,391.0255,1.3693480348468254,392.75120000000004,0.923943707874083,,,0,0,402.9871905599753,379.0638094400247,6.118112788028041,16.007397422038384,401.19,378.44,1,0,406.71,375.51,0,0,0.6704932188754009,2.4184796651335887,Neutral
2021-12-17 16:00:00,387.7,388.96,379.91,380.87,7769,100,0,33.467986265400924,3884.25,2.0001287249790822,1,6.96571428571428,1.828895498651582,391.0035,-2.5916647804942845,392.4,-2.9383282364933674,,,0,0,403.0418007631114,378.96519923688857,6.15764348048619,17.23370368037539,401.19,378.44,0,1,406.71,375.51,0,1,-3.912911852262979,-2.1453162735727926,Neutral
2021-12-17 20:00:00,380.87,384.93,380.05,381.24,5899,100,0,34.36105476673427,3986.6,1.4797070185120154,0,7.104999999999998,1.8636554401426915,390.971,-2.4889314041194854,391.97720000000004,-2.739240955851521,,,0,0,403.11593335987317,378.82606664012684,6.212702916519723,18.460009938712393,401.19,379.91,0,1,406.71,375.51,0,1,0.09714600782420035,-3.174683801493371,Neutral
2021-12-20 16:00:00,369.61,372.23,365.96,367.41,6751,100,0,24.624673629242864,4133.9,1.6330825612617625,0,7.745,2.1079992379086034,389.827,-5.750499580583175,391.2912,-6.103178400127572,,,0,0,405.9129822598163,373.7410177401837,8.2528825657619,19.796040865599654,401.19,365.96,0,1,406.71,365.96,0,1,-3.6276361347182817,-7.308643221151414,Neutral
2021-12-20 20:00:00,367.42,371.91,366.76,370.93,6791,100,0,29.857211615594423,4334.35,1.566786253994255,0,7.862857142857146,2.1197684584307406,388.93899999999996,-4.630289068465738,390.658,-5.04994138095214,,,0,0,407.1143875221111,370.76361247788884,9.346137837610074,21.06365074132864,401.19,365.96,0,1,406.71,365.96,0,1,0.9580577556408398,-2.609814372358022,Neutral
2021-12-21 16:00:00,375.4,381.53,373.91,381.5,5593,101,0,43.4290817085876,4473.25,1.2503213547197227,0,7.92142857142857,2.0763901891031638,388.006,-1.6767781941516298,390.20420000000007,-2.2306781936227416,,,0,0,405.6644882228279,370.34751177717203,9.102172761672728,22.051076061112024,400.35,365.96,0,0,406.71,365.96,0,0,2.8495942630685,0.06819851012485335,Neutral
2021-12-21 20:00:00,381.38,381.47,378.87,379.79,4768,100,0,42.30936819172115,4573.15,1.0426073931535158,0,7.954285714285711,2.0943905090407093,387.0145,-1.8667259237056952,389.69379999999995,-2.541431246789129,,,0,0,404.14625994891736,369.88274005108264,8.853291000165298,22.55073427414183,400.15,365.96,0,0,406.71,365.96,0,0,-0.44823066841415127,3.3695326746686245,Neutral
2021-12-22 16:00:00,379.0,383.38,378.52,382.52,4522,100,0,49.61843949540569,4674.25,0.9674279296143766,0,7.7107142857142845,2.015767616259094,386.2785,-0.9730026392874638,389.2614,-1.7318439485651542,,,0,0,402.8150143339142,369.74198566608584,8.561964662239378,21.900866331794827,399.48,365.96,0,0,406.71,365.96,0,0,0.7188182943205446,3.12457876149138,Neutral
2021-12-22 20:00:00,382.52,382.8,380.75,381.61,4740,100,0,47.99061767005473,4808.8,0.9856928963566793,0,7.653571428571427,2.0056003324261487,385.52599999999995,-1.0157550982294166,388.7964,-1.8483710240115372,,,0,0,401.431058314887,369.6209416851129,8.251095031145537,21.250998389447822,399.48,365.96,0,0,406.71,365.96,0,0,-0.23789605772246425,0.028833551769335164,Neutral
2021-12-23 16:00:00,384.83,387.0,382.92,384.22,3827,100,0,47.390066434672605,4876.3,0.784816356663864,0,7.434999999999994,1.9350892717713792,384.8115,-0.153711622443715,388.43080000000003,-1.0840540966370344,,,0,0,399.49785496320374,370.1251450367963,7.633012507788209,21.293523651434704,399.21,365.96,0,0,406.71,365.96,0,0,0.6839443410812107,1.166434081992682,Neutral
2021-12-23 20:00:00,384.24,386.08,383.51,384.45,3402,100,0,46.91141260973662,4912.4,0.6925331813370247,0,7.232142857142849,1.881166044256171,384.232,0.05673655499801184,388.2422,-0.9767614133651715,,,0,0,397.9345385277772,370.52946147222286,7.132429640309586,21.184721982277132,399.21,365.96,0,0,406.71,365.96,0,0,0.05986153766071034,0.5045487817630468,Neutral
2021-12-27 16:00:00,386.05,388.52,384.41,386.3,3972,100,0,49.43037974683546,4961.5,0.8005643454600423,0,6.942857142857134,1.7972708109907156,384.0305,0.5909686860809216,388.1468,-0.47579936250922933,,,0,0,397.4714969476718,370.5895030523282,6.999963256914128,19.84895476761908,399.21,365.96,0,0,406.71,365.96,0,0,0.4812069189751744,1.2290034328240869,Neutral
2021-12-27 20:00:00,386.3,387.55,385.85,387.33,3095,100,0,48.47654360793161,5003.75,0.6185360979265551,0,6.529999999999993,1.685900911367566,383.87800000000004,0.8992440306555575,388.06559999999996,-0.1895555802936351,,,0,0,397.0828023162212,370.6731976837789,6.879686940236826,18.677969576522173,399.21,365.96,0,0,406.71,365.96,0,0,0.2666321511778369,0.8094320961948771,Neutral
2021-12-28 16:00:00,388.59,390.76,385.56,386.75,3597,102,0,43.98347391977963,4975.8,0.72289883033884,0,6.187857142857139,1.599963062147935,384.065,0.6991004126905608,387.9846,-0.3182085062139065,,,0,0,397.32386317266804,370.80613682733195,6.904489173795084,18.332426090122816,399.21,365.96,0,0,406.71,365.96,0,0,-0.14974311310768096,0.5982572506177686,Neutral
2021-12-28 20:00:00,386.75,388.89,386.51,387.13,4519,100,0,41.71592333870676,4976.65,0.9080405493655371,0,5.947857142857138,1.5363978877527285,384.2125,0.7593454143215065,387.9446,-0.20997843506520894,,,0,0,397.54219597315694,370.882804026843,6.938710204981337,17.98688260372345,399.21,365.96,0,0,406.71,365.96,0,0,0.0982546864899847,0.2148589179394212,Neutral
2021-12-29 16:00:00,387.85,388.66,383.72,386.37,4204,100,0,56.69425511197666,5010.95,0.83896267174887,0,5.124285714285711,1.3262638699396203,384.15500000000003,0.5765901784435905,387.93760000000003,-0.40408560552006995,,,0,0,397.4344491008102,370.8755508991899,6.91358909857227,16.361089496108804,399.21,365.96,0,0,406.71,365.96,0,0,-0.19631648283522374,-0.24785066997133698,Neutral
2021-12-29 20:00:00,386.38,386.82,385.16,385.66,4045,100,0,55.33558667310483,5083.85,0.7956568348790778,0,4.894285714285709,1.2690674983886607,384.02200000000005,0.42653806292347224,387.717,-0.5305416063778373,,,0,0,397.17852265688043,370.86547734311966,6.851962990078893,14.73529638849416,399.21,365.96,0,0,406.71,365.96,0,0,-0.18376167921939635,-0.2818358112475695,Neutral
2021-12-30 16:00:00,387.47,389.03,385.26,386.02,3593,101,0,83.29159212880164,5041.35,0.7127059220248544,0,4.072142857142849,1.054904631144202,383.97200000000004,0.5333722250580627,387.52819999999997,-0.38918458063180644,,,0,0,397.0880883128902,370.8559116871099,6.831794147953577,16.867999666671533,399.21,365.96,0,0,406.71,365.96,0,0,0.09334647098480087,-0.2867253894040797,Neutral
2021-12-30 20:00:00,386.03,386.51,384.54,384.94,3060,100,0,77.45981967855766,4815.4,0.6354612285583753,0,3.844999999999987,0.9988569647217714,383.758,0.3080066083312964,387.19320000000005,-0.5819317074783465,,,0,0,396.6513317730709,370.86466822692904,6.719511657383529,18.676982151631588,399.21,365.96,0,0,406.71,365.96,0,0,-0.27977824983160815,-0.37011155110386595,Neutral
2021-12-31 16:00:00,385.92,386.23,380.35,381.12,3192,100,0,48.98720682302771,4683.7,0.6815124794500075,0,3.5078571428571315,0.920407520690893,383.127,-0.5238471838319944,386.70240000000007,-1.4435907302359807,,,0,0,395.1706576014517,371.0833423985483,6.287031507281755,19.187287715892513,398.36,365.96,0,0,406.71,365.96,0,0,-0.9923624460954961,-1.177202717419494,Neutral
2022-01-03 16:00:00,390.59,398.73,388.77,397.67,6085,100,0,76.60714285714302,4671.2,1.3026631272478164,0,4.577857142857133,1.1511698500910637,383.1915,3.7783980072626866,386.6632,2.8466117282430803,,,0,0,395.54386738443094,370.8391326155691,6.447098844536436,21.61526573459778,398.73,365.96,1,0,406.71,365.96,0,0,4.342464315701089,3.0179783430910407,Neutral
2022-01-03 20:00:00,397.8,398.38,393.79,394.72,4612,100,0,68.03666469544665,4513.35,1.0218573786655145,0,4.558571428571416,1.154887370432564,383.884,2.822727698992407,386.58340000000004,2.104746349688059,,,0,0,397.20343953301483,370.5645604669852,6.93930433829741,24.8169604706238,398.73,365.96,1,0,406.71,365.96,0,0,-0.7418211079538328,2.5406556866005165,Neutral
2022-01-04 16:00:00,402.28,409.79,402.28,407.3,6546,100,0,78.23697515937579,4545.7,1.4400422377191633,0,5.488571428571414,1.3475500683946513,385.187,5.740847951774073,386.9646,5.2551060226180875,,,0,0,402.04584194062284,368.3281580593772,8.753588226301938,28.928831892898593,409.79,365.96,1,0,409.79,365.96,1,0,3.1870693149574247,6.869227539882454,Neutral
2022-01-04 20:00:00,407.3,408.29,405.47,406.8,6048,100,0,76.02581834946989,4510.55,1.3408564365764706,0,5.304999999999986,1.3040806293018647,387.1565,5.073787990128028,387.38339999999994,5.012243684164081,,,0,0,404.4683095074147,369.8446904925853,8.943055073291909,32.632318639074285,409.79,366.76,1,0,409.79,365.96,1,0,-0.12275963663147538,2.295873462921517,Neutral
2022-01-05 16:00:00,409.87,411.05,404.82,407.53,4987,100,0,76.29899726526901,4420.35,1.1281912065786646,0,5.56642857142856,1.3658941848277575,388.98650000000004,4.767132021291211,387.82120000000003,5.081929507721584,,,0,0,406.80648437591515,371.1665156240849,9.162263665147819,36.24421761586441,411.05,373.91,1,0,411.05,365.96,1,0,0.1794493608652914,3.2453384677746113,Neutral
2022-01-05 20:00:00,407.53,407.85,397.23,398.01,6518,100,0,61.35790494665376,4466.6,1.4592755115747995,0,6.031428571428563,1.5153962391468967,389.812,2.1030650672631883,388.2246,2.520551247911642,,,0,0,407.70123887057207,371.92276112942795,9.17839310774017,38.21119309319603,411.05,378.52,0,0,411.05,365.96,0,0,-2.3360243417662407,-2.280874048612821,Neutral
2022-01-06 16:00:00,397.92,399.99,385.86,396.25,6563,100,0,58.530986993114055,4556.35,1.440407343597397,0,6.9192857142857065,1.7461919783686326,390.635,1.4374032024780188,388.54339999999996,1.983459248053123,,,0,0,408.0921891389062,373.1778108610938,8.937852030107997,38.668684492293536,411.05,378.52,0,0,411.05,365.96,0,0,-0.442199944725008,-2.593411996066866,Neutral
2022-01-06 20:00:00,396.26,397.39,394.09,396.27,5828,100,0,59.203402938901796,4621.65,1.2610214966516289,0,6.783571428571422,1.7118559135365843,391.3225,1.2643024615246992,388.8146,1.9174691485350597,,,0,0,408.5150673965286,374.1299326034714,8.78690461015076,37.98162348952337,411.05,380.35,0,0,411.05,365.96,0,0,0.0050473186119726066,-2.7629867739798275,Neutral
2022-01-07 16:00:00,395.46,400.0,393.83,398.77,6072,100,0,60.809806835066894,4688.25,1.2951527755559111,0,7.05428571428571,1.769011137820225,392.1805,1.68022122466568,389.2778,2.4384128763571846,,,0,0,409.041761081637,375.319238918363,8.598724863493722,37.56907866577907,411.05,380.35,0,0,411.05,365.96,0,0,0.6308829838241659,0.1909499761312507,Neutral
2022-01-07 20:00:00,398.77,399.62,396.01,396.84,5546,100,0,59.516451554262865,4774.2,1.161660592350551,0,6.959285714285711,1.7536754647428967,392.81149999999997,1.0255555145406916,389.47520000000003,1.8909548027704832,,,0,0,409.36007764598617,376.26292235401377,8.42570935218862,37.712062225515254,411.05,380.35,0,0,411.05,365.96,0,0,-0.4839882639115278,0.14889589905362147,Neutral
2022-01-10 16:00:00,398.87,403.52,393.55,395.14,6259,100,0,58.4642857142857,4917.05,1.2729177047213267,0,7.55285714285714,1.9114382605803362,393.346,0.456087007367555,389.6394,1.4117155503267798,,,0,0,409.441809719498,377.250190280502,8.18404647282443,37.93278036278498,411.05,380.35,0,0,411.05,365.96,0,0,-0.42838423546013304,-0.2851591086885193,Neutral
2022-01-10 20:00:00,395.15,398.75,395.0,398.41,5659,100,0,60.516041419113954,5001.4,1.1314831847082818,0,7.551428571428569,1.895391323367528,393.9515,1.1317382977346235,389.9814,2.161282563732531,,,0,0,409.84106661990484,378.0619333800952,8.06676284766263,33.30562198879745,411.05,380.35,0,0,411.05,365.96,0,0,0.8275547907071079,-0.090277603631155,Neutral
2022-01-11 16:00:00,396.21,399.67,394.87,399.67,5535,100,0,62.46403790827554,5123.4,1.080337276027638,0,7.753571428571429,1.9399933516579748,394.5685,1.2929313921410464,390.337,2.3910108444754217,,,0,0,410.33331929387055,378.8036807061294,7.990916301666543,29.175912462148087,411.05,380.35,0,0,411.05,365.96,0,0,0.31625712206018175,0.7131337566777646,Neutral
2022-01-11 20:00:00,399.68,402.79,398.23,402.52,4542,100,0,68.41018582243636,5170.65,0.8784195410635027,0,7.659285714285716,1.9028335770361016,395.35699999999997,1.811780239125654,390.5816,3.0565699971529643,,,0,0,411.052644853538,379.6613551464619,7.93998581208278,29.139954105088588,411.05,380.35,0,0,411.05,365.96,0,0,0.7130882978457098,1.8676924634306817,Neutral
2022-01-12 16:00:00,396.76,401.11,391.08,393.31,6983,101,0,45.70697124852302,5293.85,1.319077797822001,0,7.218571428571429,1.8353389002495306,395.666,-0.5954517193794753,390.67400000000004,0.6747313616979802,,,0,0,410.9167123560965,380.41528764390347,7.708881913581925,26.062655343289077,411.05,380.35,0,0,411.05,365.96,0,0,-2.2880850640961903,-1.2800883511960097,Neutral
2022-01-12 20:00:00,393.31,393.34,388.01,389.81,6361,100,0,45.21722189752578,5401.7,1.1775922394801637,0,7.271428571428572,1.8653776381900342,395.838,-1.52284520435128,390.46700000000004,-0.16826005782820036,,,0,0,410.7204200069456,380.95557999305447,7.519449879468647,23.41703375869929,411.05,380.35,0,0,411.05,365.96,0,0,-0.8898832981617533,-2.467035304125907,Neutral
2022-01-13 16:00:00,391.15,396.21,390.94,392.02,5837,100,0,31.3476562499999,5491.3,1.0629541274379473,0,6.652142857142857,1.6968886427077334,396.156,-1.0440331586546776,390.315,0.43682666564184935,,,0,0,410.37994926282977,381.93205073717024,7.180983886564768,21.28283257033059,411.05,380.35,0,0,411.05,365.96,0,0,0.5669428696031265,-2.608566033985889,Neutral
2022-01-13 20:00:00,392.03,394.69,389.21,390.42,6025,100,0,30.52781740370891,5612.9,1.0734201571380213,0,6.842142857142859,1.7525082877779978,396.376,-1.502613679940249,390.1786,0.06186910302102645,,,0,0,410.06594006368704,382.6860599363129,6.907552457104901,19.584685167857398,411.05,380.35,0,0,411.05,365.96,0,0,-0.40814244171214487,-0.7347893519107032,Neutral
2022-01-14 16:00:00,376.79,383.66,376.29,377.57,7253,100,0,22.351421188630454,5822.55,1.2456741462074177,0,7.406428571428571,1.9616040923348177,396.0075,-4.655846164529712,389.7968,-3.136711230056282,,,0,0,411.29689346840007,380.7181065315999,7.72176964749409,19.253891971501933,411.05,376.29,0,1,411.05,365.96,0,0,-3.291327288561041,-3.1399912778020083,Neutral
2022-01-14 20:00:00,377.57,380.49,374.51,380.18,6578,100,0,31.14025809181298,5991.85,1.0978245450069677,0,7.075000000000001,1.8609605976116579,395.9605,-3.9853722782954404,389.43019999999996,-2.3753165522345085,,,0,0,411.4470938288905,380.47390617110955,7.822292288695704,20.520959833694054,411.05,374.51,0,1,411.05,365.96,0,0,0.6912625473422196,-3.0202540686699595,Neutral
2022-01-18 16:00:00,350.56,352.1,346.52,347.59,8752,100,0,18.847631241997405,6125.2,1.428851302814602,0,8.470000000000002,2.436778963721627,393.4565,-11.657324253125829,388.4612,-10.521308176981394,,,0,0,420.01565683109914,366.8973431689009,13.500428551110035,24.422888775995755,411.05,346.52,0,1,411.05,346.52,0,1,-8.572255247514349,-10.970237180472322,Neutral
2022-01-18 20:00:00,347.59,356.16,347.41,353.58,6789,100,0,24.610443677887474,6234.05,1.0890191769395496,0,8.859285714285717,2.5055958239396223,391.3995,-9.662633702904579,387.72619999999995,-8.806781692854383,,,0,0,423.3682699415995,359.43073005840046,16.33562124713983,28.035311804343184,411.05,346.52,0,0,411.05,346.52,0,0,1.7232946862683063,-6.353788701432849,Neutral
2022-01-19 16:00:00,354.54,354.87,348.01,349.67,9061,100,0,21.27983153954142,6359.8,1.4247303374319946,0,8.908571428571431,2.547708247367927,388.518,-9.999021924338116,386.912,-9.625444545529724,,,0,0,424.5792786065165,352.45672139348346,18.563504705839375,31.757770070162923,411.05,346.52,0,1,411.05,346.52,0,1,-1.1058317778154803,-8.025145983481506,Neutral
2022-01-19 20:00:00,349.67,351.02,345.75,346.74,7300,100,0,21.03376503237743,6422.4,1.1366467364225212,0,9.027142857142858,2.6034327903163343,385.515,-10.057974397883346,386.18660000000006,-10.214388588314572,,,0,0,425.00593087093023,346.02406912906974,20.487364108234566,35.19210794319609,411.05,345.75,0,1,411.05,345.75,0,1,-0.8379329081705578,-0.2445409821916528,Neutral
2022-01-20 16:00:00,346.14,356.6,345.72,354.9,8111,100,0,28.351624704110165,6578.6,1.2329370990788313,0,9.092142857142859,2.5618886607897604,382.8835,-7.308619984930154,385.601,-7.9618569453917445,,,0,0,423.2030312603283,342.56396873967174,21.060991795325883,38.19356154477514,407.85,345.72,0,0,411.05,345.72,0,0,2.3533483301609204,0.3733242830476818,Neutral
2022-01-20 20:00:00,354.9,355.38,346.92,347.37,6612,100,0,23.744855967078138,6583.3,1.0043595157443834,0,9.428571428571429,2.714273376679457,380.35150000000004,-8.671321133214944,384.79799999999994,-9.726661780986372,,,0,0,422.96625913095636,337.73674086904373,22.408093109114233,41.42228310144342,403.52,345.72,0,1,411.05,345.72,0,1,-2.121724429416727,-0.6577630337175083,Neutral
2022-01-21 16:00:00,345.32,348.01,341.56,344.7,9392,100,0,22.12757326843115,6724.75,1.396631845050002,0,9.546428571428569,2.7694889966430427,377.774,-8.754969902640205,383.9256,-10.21697953978583,,,0,0,422.52237504841526,333.02562495158475,23.69055310763327,44.82360850852971,403.52,341.56,0,1,411.05,341.56,0,1,-0.768632869850594,-0.5883370825402378,Neutral
2022-01-21 20:00:00,344.71,346.47,340.16,343.05,7884,100,0,19.47438661328404,6827.55,1.1547333963134652,0,9.671428571428569,2.819247506610864,375.113,-8.547557669288985,383.04619999999994,-10.44161252611302,,,0,0,421.52877957639146,328.69722042360854,24.74762515636166,47.854569283204974,403.52,340.16,0,1,411.05,340.16,0,1,-0.47867711053088957,-3.338968723584099,Neutral
2022-01-24 16:00:00,333.88,335.39,325.69,330.68,7294,100,0,18.862483842100005,6888.65,1.0588431695615252,0,10.094285714285714,3.0525842851958735,371.7085,-11.037815922961139,381.8754,-13.406310016303749,,,0,0,420.7333964785933,322.6836035214067,26.378141193216347,52.21475151657357,403.52,325.69,0,1,411.05,325.69,0,1,-3.6058883544672793,-4.804675130264559,Neutral
2022-01-24 20:00:00,330.67,343.44,329.97,342.87,5553,100,0,28.51912868387332,6889.0,0.8060676440702569,0,10.675714285714283,3.113633238753546,369.01,-7.083818866697376,380.858,-9.974321138061955,,,0,0,418.15162347638386,319.8683765236161,26.63430447759349,55.04826061264689,403.52,325.69,0,0,411.05,325.69,0,0,3.6863432926091733,-0.5308964316797169,Neutral
2022-01-25 16:00:00,334.7,338.9,329.87,336.34,7268,102,0,25.48864236661383,6939.45,1.0473452507043066,0,11.147142857142857,3.314248337141838,366.07,-8.121397546917262,379.6572,-11.40955577821256,,,0,0,415.66297700704195,316.47702299295804,27.094805368941433,56.83118520991321,402.79,325.69,0,0,411.05,325.69,0,0,-1.904511914136564,-1.9559830928436193,Neutral
2022-01-25 20:00:00,336.53,342.17,334.84,341.06,5809,100,0,28.85175664095972,6946.95,0.8361943010961645,0,11.279285714285717,3.3071265215169516,363.2025,-6.096461340436805,378.861,-9.977537936076816,,,0,0,411.538221507847,314.86677849215295,26.616403525772558,57.96906921662771,402.79,325.69,0,0,411.05,325.69,0,0,1.4033418564547873,3.1389863311963215,Neutral
2022-01-26 16:00:00,343.73,349.85,343.51,347.89,6760,100,0,36.591976870256595,7008.2,0.9645843440541081,0,10.897857142857147,3.1325583209799492,360.6135,-3.528292756649433,378.19399999999996,-8.01281881785538,,,0,0,406.1931816575098,315.0338183424902,25.27896579440859,56.171268514043376,402.79,325.69,0,0,411.05,325.69,0,0,2.0025801911687013,1.4641117624755684,Neutral
2022-01-26 20:00:00,348.06,349.64,337.79,341.85,9041,101,0,33.204802383664884,7233.15,1.2499395145959922,0,11.317142857142857,3.3105580977454605,357.58000000000004,-4.399015604899607,377.6828,-9.48753821990304,,,0,0,399.33122261052506,315.828777389475,23.35210168942615,54.94343342804245,401.11,325.69,0,0,411.05,325.69,0,0,-1.736180976745516,1.6382232264970116,Neutral
2022-01-27 16:00:00,344.64,347.96,340.32,340.66,7385,100,0,45.81066376496194,7253.25,1.0181642711887775,0,9.458571428571426,2.7765430131425544,354.9475,-4.025243169764533,377.07739999999995,-9.657805002368198,,,0,0,393.74816243330247,316.1468375666975,21.86276135670908,50.590441260268314,396.21,325.69,0,0,411.05,325.69,0,0,-0.3481058943981319,-0.11728141675950779,Neutral
2022-01-27 20:00:00,340.46,342.3,336.86,340.26,8435,100,0,41.36410788381743,7356.95,1.1465349091675219,0,9.222142857142854,2.71032235853255,352.46999999999997,-3.464124606349471,376.2526,-9.566073430456026,,,0,0,388.0956938621246,316.8443061378753,20.214880053408603,47.80169376737912,396.21,325.69,0,0,411.05,325.69,0,0,-0.11741912757589068,-2.193221995458333,Neutral
2022-01-28 16:00:00,338.84,343.01,332.42,339.38,8981,100,0,43.055743015251714,7514.15,1.1952117005915506,0,9.488571428571422,2.7958546256619194,349.838,-2.9893836575786583,375.44440000000003,-9.605789831996438,,,0,0,380.60794405003094,319.0680559499691,17.59096727629984,44.970200417375146,394.69,325.69,0,0,411.05,325.69,0,0,-0.2586257567742334,-0.7225391253473825,Neutral
2022-01-28 20:00:00,339.39,346.53,336.91,346.23,7579,100,0,49.67311883091912,7591.85,0.9983073954306262,0,9.799285714285705,2.8302820998427936,347.6285,-0.4022972799986066,374.7186,-7.60266503984589,,,0,0,371.75854702593034,323.4984529740696,13.88266326030827,41.37498493188265,383.66,325.69,0,0,411.05,325.69,0,0,2.0183864694442777,1.635061351494156,Neutral
2022-01-31 16:00:00,344.97,352.5,342.8,351.79,4150,101,0,47.93793926534945,7436.7,0.5580432180940471,0,9.714999999999991,2.7615907217373974,346.3395,1.5737448370746143,374.1222,-5.969226097783023,,,0,0,366.09231616164425,326.5866838383557,11.406620475945864,38.084276616674025,380.49,325.69,0,0,411.05,325.69,0,0,1.605868931057386,3.3885851995532916,Neutral
2022-01-31 20:00:00,351.38,354.67,350.02,353.91,2929,100,0,54.67142857142858,7254.25,0.40376331116242203,0,9.442857142857138,2.6681521129262062,345.026,2.574878414960036,373.51599999999996,-5.249038863127668,,,0,0,357.43103021909934,332.6209697809007,7.190779952293062,34.538904219713395,356.6,325.69,1,0,411.05,325.69,0,0,0.6026322521959226,4.281336554894228,Neutral
2022-02-01 16:00:00,355.02,360.96,353.95,360.87,7507,101,0,60.883025979270435,7192.0,1.0437986651835374,0,9.485714285714279,2.6285682616217136,345.69,4.391217564870262,373.04439999999994,-3.263525735810519,,,0,0,359.95510648953666,331.42489351046333,8.25312070903796,31.118766349370198,360.96,325.69,1,0,411.05,325.69,0,0,1.9666016783927986,4.228403084654705,Neutral
2022-02-01 20:00:00,360.87,364.01,359.03,363.18,5722,100,0,63.42895263509005,7138.65,0.8015521141952611,0,9.39071428571428,2.5856914713679937,346.16999999999996,4.913770690701115,372.582,-2.523471343221086,,,0,0,362.1016500615641,330.2383499384358,9.204523824458585,27.619188375717062,364.01,325.69,1,0,411.05,325.69,0,0,0.6401197106991496,3.2377270530714304,Neutral
2022-02-02 16:00:00,366.88,367.79,357.1,362.3,6305,100,0,74.91333123227228,7000.85,0.9006049265446339,0,8.914285714285707,2.4604708016245396,346.8015,4.468982977293938,372.0814,-2.6288333681823284,,,0,0,364.24665649866984,329.3563435013301,10.060600371491969,26.041450429283397,367.79,325.69,1,0,411.05,325.69,0,0,-0.24230409163500388,2.370659207143055,Neutral
2022-02-02 20:00:00,362.3,364.26,361.42,362.33,5476,100,0,68.96686159844052,6909.65,0.7925148162352652,0,8.154999999999992,2.2507106781111124,347.581,4.243327454607694,371.593,-2.492781080375581,,,0,0,366.3570327629592,328.80496723704084,10.803831488464084,25.068233867831374,367.79,325.69,1,0,411.05,325.69,0,0,0.008280430582385812,0.4045778258098427,Neutral
2022-02-03 16:00:00,360.33,365.14,360.05,360.9,6199,100,0,76.58008658008659,6814.05,0.909737967875199,0,7.589999999999991,2.1030756442227743,347.881,3.7423716730721153,371.06839999999994,-2.7403034049786954,,,0,0,367.32912360046265,328.4328763995373,11.180905884749487,23.559642448824597,367.79,325.69,1,0,411.05,325.69,0,0,-0.3946678442304008,-0.6277878737816041,Neutral
2022-02-03 20:00:00,360.9,362.18,357.55,358.24,4997,100,0,69.46080652469419,6733.3,0.742132386793994,0,7.397142857142845,2.0648567600331744,348.42449999999997,2.81710958902145,370.5058,-3.3105554622896625,,,0,0,368.41254956125243,328.4364504387475,11.473389248604773,21.802211842262164,367.79,325.69,0,0,411.05,325.69,0,0,-0.7370462732058658,-1.1206182721501523,Neutral
2022-02-04 16:00:00,362.85,366.18,360.13,364.32,7711,100,0,68.93293385572717,6649.25,1.1596796631199007,0,7.3364285714285575,2.0137320409059503,349.40549999999996,4.268536127794221,370.079,-1.556154226530015,,,0,0,370.51811979804415,328.29288020195577,12.084881204242174,21.217960385964627,367.79,325.69,1,0,411.05,325.69,0,0,1.6971862438588614,0.5492230839290175,Neutral
2022-02-04 20:00:00,364.12,370.43,364.12,366.81,5974,100,0,81.32530120481927,6553.75,0.9115391951172993,0,6.940714285714274,1.8921824066176696,350.5935,4.625442285724064,369.69480000000004,-0.780319333677412,,,0,0,372.84363426334255,328.34336573665746,12.692839007764004,21.926717202961715,370.43,325.69,1,0,411.05,325.69,0,0,0.6834650856389901,1.6375727348295996,Neutral
2022-02-07 16:00:00,364.72,368.39,362.66,364.16,6168,100,0,78.45036319612593,6497.45,0.949295492847194,0,6.804285714285702,1.8684879487823214,352.26750000000004,3.3759855791408473,369.27920000000006,-1.3862681678253295,,,0,0,373.2086816637365,331.32631833626357,11.889363431901307,24.63276662829801,370.43,329.87,1,0,411.05,325.69,0,0,-0.7224448624628454,1.652523447967847,Neutral
2022-02-07 20:00:00,364.16,370.9,364.16,367.46,5614,100,0,80.76923076923084,6500.5,0.8636258749326975,0,6.897142857142841,1.8769778634797913,353.497,3.949962800250063,369.006,-0.41896337728925614,,,0,0,374.99509205732437,331.99890794267566,12.163097314729322,27.329416000330177,370.9,329.87,1,0,411.05,325.69,0,0,0.906195079086114,0.8618796662274886,Neutral
2022-02-08 16:00:00,369.28,372.07,366.79,367.78,5878,100,0,82.53895508707615,6431.0,0.9140102627896128,0,6.517857142857126,1.7722163094396453,355.069,3.5798675750346987,368.4082,-0.17051737719194343,,,0,0,375.8714066421458,334.2665933578542,11.717388249689947,30.79474394726351,372.07,332.42,1,0,411.05,325.69,0,0,0.08708430849615478,0.26444208173167866,Neutral
2022-02-08 20:00:00,368.01,370.73,365.46,369.44,5903,100,0,80.18205461638499,6435.7,0.9172273412371614,0,6.2071428571428475,1.6801491059827978,356.488,3.6332218756311567,367.9026,0.4178823416849979,,,0,0,377.1380563016929,335.8379436983071,11.585274287882301,34.37015252395202,372.07,332.42,1,0,411.05,325.69,0,0,0.45135678938497126,1.4499121265377781,Neutral
2022-02-09 16:00:00,370.51,375.71,369.51,372.36,5806,100,0,78.72102764590903,6388.0,0.9088916718847839,0,5.9621428571428465,1.6011770483249668,357.7115,4.095059845713658,367.20380000000006,1.404179368514148,,,0,0,379.10295749321773,336.3200425067823,11.960173208419482,37.92786189450892,375.71,332.42,1,0,411.05,325.69,0,0,0.7903854482459893,1.333478473847503,Neutral
2022-02-09 20:00:00,372.37,375.13,370.51,373.88,4951,100,0,78.35842090315258,6183.5,0.8006792269750141,0,5.9599999999999875,1.594094361827321,359.313,4.054125511740462,366.54540000000003,2.00100724221337,,,0,0,380.4994446236126,338.1265553763874,11.79275151392385,41.57845183380267,375.71,332.42,1,0,411.05,325.69,0,0,0.4082071113975738,1.658600250149552,Neutral
2022-02-10 16:00:00,372.77,376.82,371.23,374.54,5975,100,0,73.6423382912488,6113.0,0.9774251594961557,0,5.855714285714275,1.56344163125815,361.007,3.748680773503011,365.88559999999995,2.3653294909665936,,,0,0,381.31331335583087,340.70068664416914,11.249816959688243,44.34799747440848,376.82,332.42,1,0,411.05,325.69,0,0,0.17652722798759957,1.380467734950201,Neutral
2022-02-10 20:00:00,374.53,375.06,368.35,369.88,7362,100,0,60.71657069737684,6059.35,1.214981804979082,0,5.979285714285701,1.6165474516831677,362.488,2.0392399196663047,365.32300000000004,1.2473892965950568,,,0,0,380.62821481912886,344.34778518087114,10.008725706301371,45.47487840576491,376.82,332.42,1,0,411.05,325.69,0,0,-1.2441928765952959,-0.6660221291223596,Neutral
2022-02-11 16:00:00,366.74,374.31,366.51,370.55,7686,100,0,63.285024154589394,5994.6,1.28215393854469,0,5.77285714285713,1.5579158393893213,364.04650000000004,1.786447610401411,364.809,1.573700210247002,,,0,0,378.88250070241435,349.2104992975857,8.150607519871395,43.924363939427074,376.82,336.91,1,0,407.85,325.69,0,0,0.18113982913376958,-0.8906601048464706,Neutral
2022-02-11 20:00:00,370.54,371.73,360.0,362.35,9446,100,0,50.02549719530856,6087.95,1.5515896155520332,0,6.407857142857133,1.7684164876106343,364.8525,-0.6858936145428626,364.13059999999996,-0.48900037514011074,,,0,0,377.14683395383236,352.5581660461677,6.739344778414474,41.377439546269265,376.82,342.8,0,0,403.52,325.69,0,0,-2.2129267305356914,-3.2546590484327433,Neutral
2022-02-14 16:00:00,361.01,363.39,357.51,362.02,7319,100,0,51.46904512067157,6246.4,1.1717149077868854,0,6.464285714285706,1.785615632916885,365.36400000000003,-0.915251639460935,363.3956,-0.3785406317522887,,,0,0,376.1257948023718,354.6022051976283,5.890999005031559,38.768833555784035,376.82,350.02,0,0,403.52,325.69,0,0,-0.09107216779358218,-2.1250135178977003,Neutral
2022-02-14 20:00:00,362.02,363.05,356.51,359.63,7883,100,0,51.83619550858651,6494.1,1.2138710521858302,0,6.60071428571428,1.8354181480172067,365.65,-1.646383153288659,362.65139999999997,-0.8331416892365427,,,0,0,375.38518631724696,355.914813682753,5.324866028851079,37.03007765084417,376.82,353.95,0,1,403.52,325.69,0,0,-0.6601845201922529,-2.946970719201192,Neutral
2022-02-15 16:00:00,364.89,365.18,359.87,361.91,6851,100,0,46.46108663729815,6461.3,1.0603129401204092,0,6.429999999999994,1.7766848111408897,365.702,-1.0369098336897182,361.9868,-0.021216243244226458,,,0,0,375.3403108369365,356.0636891630635,5.271128315916518,35.6219111821161,376.82,356.51,0,1,403.52,325.69,0,0,0.6339849289547672,-0.12142955705809237,Neutral
2022-02-15 20:00:00,361.91,365.17,361.58,363.23,4451,100,0,44.55596107055965,6397.75,0.6957133367199406,0,6.235714285714282,1.7167398853933546,365.7045,-0.6766391991348145,361.2832,0.5388570517533049,,,0,0,375.34008202977725,356.06891797022274,5.2695999255011925,33.727450855857875,376.82,356.51,0,1,403.52,325.69,0,0,0.36473156309579924,0.3342356775868837,Neutral
2022-02-16 16:00:00,361.32,362.25,356.2,356.88,5743,100,0,40.04920721705849,6369.65,0.9016193982400917,0,6.32857142857143,1.7733051525923083,365.4335,-2.3406447411088434,360.4274,-0.9842204005577773,,,0,0,375.75285794616053,355.11414205383943,5.647735057765941,32.8204072456979,376.82,356.2,0,1,402.79,325.69,0,0,-1.7482036175426097,-0.7646748046603454,Neutral
2022-02-16 20:00:00,356.88,361.02,355.39,359.36,6444,100,0,38.674496644295395,6418.05,1.0040432841751,0,6.249285714285719,1.739004261544334,365.285,-1.622021161558786,359.5642,-0.05679097084749104,,,0,0,375.8743501614613,354.69564983853877,5.797856556640022,31.8214872115364,376.82,355.39,0,1,402.79,325.69,0,0,0.69491145483076,-0.7045950650714297,Neutral
2022-02-17 16:00:00,359.3,360.22,349.54,350.62,5893,100,0,30.57944771389782,6402.75,0.9203857717387061,0,6.635000000000007,1.8923621014203431,364.771,-3.879420238999265,358.7104,-2.25541272290962,,,0,0,377.1099684802997,352.43203151970033,6.7653231645606065,30.726142611294744,376.82,349.54,0,1,402.79,325.69,0,0,-2.4321015138023205,-3.4716295460176787,Neutral
2022-02-17 20:00:00,350.61,351.11,347.18,348.51,4994,100,0,26.551646874299877,6402.6,0.7799956267766219,0,6.539285714285719,1.8763552593284896,364.2845,-4.330269336191902,357.88439999999997,-2.619393301300638,,,0,0,378.35365771989575,350.2153422801042,7.724269201624429,30.28745799539494,376.82,347.18,0,1,401.11,325.69,0,0,-0.6017911128857523,-2.345326160053801,Neutral
2022-02-18 16:00:00,343.55,349.39,342.51,343.16,7888,100,0,18.97577560560994,6411.45,1.2302989183414048,0,6.582857142857149,1.918305496811152,363.22650000000004,-5.524514318200907,356.90719999999993,-3.851757543697608,,,0,0,380.17270997838494,346.28029002161514,9.330932615535978,31.781383378238246,376.82,342.51,0,1,396.21,325.69,0,0,-1.5351065966543231,-4.508014247551198,Neutral
2022-02-18 20:00:00,343.22,347.75,342.56,345.54,8839,100,0,20.429883138564378,6554.7,1.3484980243184281,0,6.6235714285714336,1.9168754496068279,362.163,-4.589922217344122,356.0096,-2.94081957340475,,,0,0,380.7523394463753,343.57366055362473,10.2657308705612,33.437092274096706,376.82,342.51,0,1,396.21,325.69,0,0,0.6935540272759111,-1.448862015857619,Neutral
2022-02-22 16:00:00,341.59,348.38,340.38,344.24,9183,100,0,18.801482701812247,6705.45,1.3694830324586718,0,6.7957142857142925,1.9741210451180258,361.16700000000003,-4.686751558143468,355.343,-3.1245866669668483,,,0,0,381.37034740372803,340.963652596272,11.187814724893471,35.93522396003731,376.82,340.38,0,1,394.69,325.69,0,0,-0.3762227238525262,-1.2252159191988699,Neutral
2022-02-22 20:00:00,344.25,347.74,340.36,343.58,10109,100,0,20.489228007181396,6930.2,1.4586880609506219,0,6.843571428571437,1.9918421993630122,359.973,-4.553952657560436,354.611,-3.110732605587533,,,0,0,381.39615726890776,338.54984273109227,11.902646736787338,39.55404538036079,376.82,340.36,0,1,383.66,325.69,0,0,-0.19172670230073185,0.12239188716632447,Neutral
2022-02-23 16:00:00,346.85,348.63,342.22,344.45,9222,100,0,20.844504021447776,7097.4,1.299349057401302,0,6.744285714285719,1.9579868527466162,358.8065,-4.001181695426376,354.5482,-2.848188201209319,,,0,0,380.967728614049,336.64527138595105,12.35274646030603,43.3288671508197,376.82,340.36,0,1,380.49,325.69,0,0,0.2532161359799723,-0.3154482838455842,Neutral
2022-02-23 20:00:00,344.45,344.45,339.26,340.61,9038,100,0,23.09405940594064,7254.15,1.2459075150086503,0,6.277142857142861,1.842912086298952,357.365,-4.6884837630993506,354.28880000000004,-3.8609179855530353,,,0,0,380.34921930025115,334.38078069974887,12.863161921425512,48.505624969472265,376.82,339.26,0,1,376.82,325.69,0,0,-1.1148207286979184,-1.054496862653961,Neutral
2022-02-24 16:00:00,328.23,335.64,326.71,331.14,10521,100,0,18.83326604763832,7489.9,1.4046916514239176,0,6.850000000000007,2.0686114634293675,355.304,-6.800936662688849,353.9182,-6.436006964321142,,,0,0,379.95845099133504,330.6495490086649,13.87794733036221,54.31203799316018,376.82,326.71,0,1,376.82,325.69,0,1,-2.7803059217286763,-3.6206996914837877,Neutral
2022-02-24 20:00:00,331.14,340.44,330.16,339.34,8785,100,0,31.67118337850046,7681.6,1.1436419495938346,0,7.11714285714286,2.097348634744758,353.577,-4.026562813757688,353.7702,-4.078975560971505,,,0,0,377.58305283322335,329.57094716677665,13.578967429003216,58.57038546120673,376.82,326.71,0,0,376.82,325.69,0,0,2.476294014616176,-1.4835244592829189,Neutral
2022-02-25 16:00:00,343.65,348.96,340.17,348.18,9961,100,0,38.91132288806332,7880.9,1.2639419355657349,0,7.407857142857146,2.1275941015730786,352.259,-1.1579548003031883,353.6358,-1.5427736671456935,,,0,0,374.2270053474889,330.29099465251113,12.472643905472328,61.44359035172586,375.06,326.71,0,0,376.82,325.69,0,0,2.605056875110523,2.222483191920376,Neutral
2022-02-25 20:00:00,348.18,350.16,347.01,349.47,9121,100,0,38.88170652876538,7968.85,1.1445817150529876,0,7.376428571428574,2.110747294883273,351.2385,-0.503504029313404,353.67780000000005,-1.1897269209433048,,,0,0,371.59722219648415,330.8797778035158,11.592534529377712,63.050245519034,374.31,326.71,0,0,376.82,325.69,0,0,0.3704980182664297,5.535423083892022,Neutral
2022-02-28 16:00:00,339.84,343.24,336.83,340.24,8815,100,0,37.152563310685636,8025.3,1.0984013058701856,0,7.777142857142861,2.2857814651842405,349.723,-2.711574589031892,353.5886,-3.7751782721501703,,,0,0,368.4783030816391,330.9676969183609,10.725804754985582,64.33106644138924,371.73,326.71,0,0,376.82,325.69,0,0,-2.641142301198962,0.26522072257913426,Neutral
2022-02-28 20:00:00,340.24,342.02,337.01,340.63,8412,100,0,35.05664592308921,7973.6,1.054981438747868,0,7.732857142857147,2.2701632689009035,348.63700000000006,-2.2966581286553236,353.5402,-3.651692226230576,,,0,0,366.82039450678576,330.45360549321435,10.431132958799955,64.71944563938237,365.18,326.71,0,0,376.82,325.69,0,0,0.11462497060896748,-2.1684186340398677,Neutral
2022-03-01 16:00:00,336.08,337.19,326.51,329.04,9577,100,0,33.53174603174605,8086.5,1.1843195449205466,0,7.978571428571432,2.4248028897919496,346.988,-5.172513170484276,353.5074000000001,-6.921326116511295,,,0,0,366.023003324898,327.952996675102,10.971562892606093,64.39893533517986,365.18,326.51,0,1,376.82,325.69,0,1,-3.402518862108439,-5.845995364408964,Neutral
2022-03-01 20:00:00,329.04,330.94,326.51,327.69,9028,100,0,33.92526250772083,8143.75,1.1085801995395241,0,8.014285714285718,2.4456912674435345,345.39099999999996,-5.1249163990955084,353.2038,-7.223534967630588,,,0,0,365.2995190968969,325.482480903103,11.528105304942489,63.83697978125616,365.18,326.51,0,1,376.82,325.69,0,1,-0.4102844638949721,-3.688572772160831,Neutral
2022-03-02 16:00:00,330.03,334.73,326.51,334.44,8602,100,0,43.40991535671099,8231.3,1.0450354136041695,0,8.110000000000005,2.4249491687597193,344.01750000000004,-2.7840153480564336,353.16579999999993,-5.302268792731328,,,0,0,362.8909030345668,325.1440969654333,10.97235055458909,60.4221816168441,365.17,326.51,0,0,376.82,326.51,0,0,2.0598736610821122,-1.8172210316178838,Neutral
2022-03-02 20:00:00,334.52,337.35,334.27,335.65,6579,100,0,42.39113709801505,8337.7,0.7890665291387312,0,7.9592857142857225,2.3713051435381267,342.6385,-2.039613178320604,353.05760000000004,-4.930526916854377,,,0,0,359.52722221024044,325.7497777897596,9.858041177649572,56.601725534816815,362.25,326.51,0,0,376.82,326.51,0,0,0.36179882789140194,2.008874300996826,Neutral
2022-03-03 16:00:00,338.67,340.86,329.51,333.98,8063,100,0,42.15116279069768,8453.7,0.9537835503980505,0,8.198571428571439,2.4548090989195277,341.4935,-2.2001882905531045,352.7794,-5.328939274798923,,,0,0,357.3929621226444,325.59403787735556,9.311721671214487,52.16188703610921,361.02,326.51,0,0,376.82,326.51,0,0,-0.4975420825264254,1.919497085660234,Neutral
2022-03-03 20:00:00,333.98,335.62,330.51,332.76,8060,100,0,41.793082524271846,8534.5,0.9444021325209444,0,8.036428571428583,2.41508251335154,340.1635,-2.1764533819766108,352.5976,-5.6261301835293285,,,0,0,354.09906944618353,326.22793055381646,8.193453704576497,47.801572118984936,360.22,326.51,0,1,376.82,326.51,0,1,-0.36529133481048026,-0.5023322569070706,Neutral
2022-03-04 16:00:00,326.81,329.86,323.9,326.74,8979,100,0,37.54045307443367,8688.8,1.0333993186631065,0,8.211428571428586,2.5131384499689617,338.9695,-3.607846723672771,352.31919999999997,-7.26023446919724,,,0,0,353.22129357133446,324.7177064286655,8.408894352639088,44.44557473721435,351.11,323.9,0,1,376.82,323.9,0,1,-1.8091116720759692,-2.6545508714434587,Neutral
2022-03-04 20:00:00,326.92,329.37,323.36,328.88,7960,100,0,41.545336600836094,8837.1,0.9007479829355783,0,8.270000000000014,2.514594989053762,337.988,-2.694770228528825,352.0916,-6.592489000021594,,,0,0,352.17694840508045,323.79905159491955,8.396125545924974,41.08990108577363,350.16,323.36,0,1,376.82,323.36,0,1,0.6549550100997781,-1.5270375471585191,Neutral
2022-03-07 16:00:00,324.45,326.99,320.21,324.6,9726,100,0,44.90495481458401,8929.0,1.0892597155336543,0,7.896428571428585,2.4326643781357316,337.06,-3.6966712158072688,351.796,-7.73061660735198,,,0,0,352.21925980695187,321.90074019304814,8.994991875008525,36.546835685237184,350.16,320.21,0,1,376.82,320.21,0,1,-1.301386523960102,-2.4522178146411733,Neutral
2022-03-07 20:00:00,324.53,326.5,320.71,321.08,9191,100,0,34.65546218487397,8946.6,1.027317640220866,0,7.5757142857143025,2.3594475787075813,335.837,-4.394095945354445,351.293,-8.600512962114253,,,0,0,352.0273182244963,319.6466817755037,9.641771588298079,34.14943912311758,350.16,320.21,0,1,376.82,320.21,0,1,-1.0844115834873769,-1.7322641855909975,Neutral
2022-03-08 16:00:00,323.02,329.08,318.01,327.86,11390,100,0,32.31197771587743,9056.95,1.2575977564191034,0,7.67928571428573,2.342245383482502,335.018,-2.136601615435576,350.81440000000003,-6.5431749665920265,,,0,0,351.0751828164199,318.96081718358005,9.585862739566188,34.50274408360549,350.16,318.01,0,0,376.82,318.01,0,0,2.11162327145884,-0.31014351739235646,Neutral
2022-03-08 20:00:00,327.76,329.93,320.66,320.66,9931,100,0,27.26124704025254,9048.05,1.0975845624195268,0,8.116428571428584,2.5311634040505777,333.872,-3.957205156467146,350.1494,-8.421947888529864,,,0,0,350.61328411096775,317.1307158890323,10.02856430666108,35.1584738061861,350.16,318.01,0,1,376.82,318.01,0,1,-2.196059293600927,-1.2138016019716567,Neutral
2022-03-09 16:00:00,331.56,336.94,329.16,336.69,10754,100,0,47.469707769066275,9124.65,1.1785657532069724,0,8.376428571428578,2.487875663497157,333.48400000000004,0.9613654628107975,349.6658,-3.7109148220958392,,,0,0,349.538653235939,317.42934676406105,9.628439886734586,33.1530145371133,350.16,318.01,0,0,376.82,318.01,0,0,4.999064429613909,4.8617167061168605,Neutral
2022-03-09 20:00:00,336.69,336.75,331.46,333.06,8836,100,0,44.84262161057365,9114.55,0.9694389739482476,0,8.396428571428581,2.5209957879747136,333.1065,-0.013959499439362621,349.06340000000006,-4.584668573101635,,,0,0,348.8067933596439,317.40620664035606,9.426590810833126,31.20425660504671,350.16,318.01,0,0,376.82,318.01,0,0,-1.078143098993134,1.5860428231562216,Neutral
2022-03-10 16:00:00,327.34,331.16,324.69,325.22,8499,100,0,47.25732337736933,9013.45,0.9429241855227465,0,7.985714285714295,2.4554806856018367,332.8105,-2.2807273208026677,348.3218,-6.632315290056486,379.31730000000005,-14.261753945839015,0,0,348.8856439053863,316.7353560946137,9.66023842720486,28.453251221290486,350.16,318.01,0,0,376.82,318.01,0,0,-2.353930222782674,1.4220669868396438,Downtrend
2022-03-10 20:00:00,325.21,329.87,324.19,329.15,7967,100,0,51.010800332317906,8972.55,0.8879304099726388,0,8.075000000000008,2.4532887741151477,332.30100000000004,-0.9482366890259334,347.6582,-5.323677105847077,378.90635000000003,-13.131569317853883,0,0,348.1491065115026,316.45289348849747,9.538404345158503,25.92250048490398,350.16,318.01,0,0,376.82,318.01,0,0,1.208412766742506,-2.2394487510766643,Downtrend
2022-03-11 16:00:00,334.09,336.03,330.29,331.95,8748,100,0,48.176358576241384,8911.9,0.9816088600635107,0,7.979285714285721,2.403761323779401,331.4895,0.13891842728049236,347.07920000000007,-4.3590050916332865,378.50935,-12.300713311309218,0,0,345.4656578561844,317.51334214381563,8.432338192422014,23.98940520200834,350.16,318.01,0,0,376.82,318.01,0,0,0.850675983594118,-0.3332732840929603,Downtrend
2022-03-11 20:00:00,331.96,332.46,326.19,326.53,6844,100,0,43.708609271523166,8798.05,0.7778996482175028,0,8.207142857142859,2.5134422127041494,330.34250000000003,-1.1541052089876587,346.445,-5.748387189885847,378.09074999999996,-13.637136057943758,0,0,341.6078897075552,319.07711029244484,6.820430133909615,23.42644604378581,343.24,318.01,0,0,376.82,318.01,0,0,-1.6327760204850161,0.4028042555808208,Downtrend
2022-03-14 12:00:00,326.53,327.95,324.37,325.89,1537,103,0,44.33869839048283,8434.15,0.18223531713332108,0,7.652142857142857,2.3480753803868963,329.625,-1.1331058020477858,345.6764,-5.723966113972494,377.68365,-13.71350070356501,0,0,340.03133309196784,319.21866690803216,6.3140435901207965,23.342305676869103,342.02,318.01,0,0,376.82,318.01,0,0,-0.19600036750068162,-0.9904298951845636,Downtrend
2022-03-14 16:00:00,325.88,329.68,322.31,322.68,10881,100,0,43.13725490196078,8557.6,1.2715013555202392,0,7.813571428571428,2.4214613327666505,328.72749999999996,-1.8396696351841442,344.7938,-6.413630407507319,377.26955000000004,-14.46964113589343,0,0,338.1909896756977,319.2640103243022,5.757650136175258,23.180163325203562,340.86,318.01,0,1,376.82,318.01,0,1,-0.9849949369419075,-2.7925892453682732,Downtrend
2022-03-14 20:00:00,322.69,325.45,322.34,324.36,5719,100,0,48.27785817655572,8364.7,0.6837065286262507,0,7.402857142857142,2.2822965664253116,328.4935,-1.2583201798513424,343.9978,-5.708699299821095,376.85745000000003,-13.930320337305263,0,0,338.1538482011962,318.8331517988038,5.881606912280579,21.478027596422855,340.86,318.01,0,1,376.82,318.01,0,1,0.5206396429899618,-0.6645637460570114,Downtrend
2022-03-15 12:00:00,329.54,331.03,326.67,326.87,1417,103,0,48.55333237368649,7984.15,0.17747662556439947,0,7.449999999999997,2.2791935631902582,328.4525,-0.48180482718200707,343.186,-4.75427319296241,376.43190000000004,-13.16623272363475,0,0,338.1341437816996,318.77085621830037,5.895308321111649,19.798965379148022,340.86,318.01,0,0,376.82,318.01,0,0,0.7738315451967015,0.300714965172303,Downtrend
2022-03-15 16:00:00,326.87,330.9,324.25,327.73,10924,100,0,52.36941710825133,8100.25,1.3486003518409926,0,7.30571428571428,2.2291869178025445,328.117,-0.11794573277215153,342.385,-4.280269287497984,376.00215,-12.838264355669232,0,0,337.3810586762946,318.85294132370547,5.646802010438077,19.028792351965535,340.86,318.01,0,0,376.82,318.01,0,0,0.2631015388380842,1.5650179744638688,Downtrend
2022-03-15 20:00:00,327.76,330.06,325.49,328.63,6605,100,0,55.95144253507806,8101.55,0.8152760891434355,0,7.218571428571421,2.196564960159274,327.76599999999996,0.263602692164542,341.56879999999995,-3.7880508992624504,375.57765,-12.500118151333023,0,0,336.33413288018835,319.1978671198116,5.228201143613668,17.52327184094863,340.86,318.01,0,0,376.82,318.01,0,0,0.27461630000304993,1.3164385250955672,Downtrend
2022-03-16 12:00:00,335.03,337.75,333.42,336.98,1501,101,0,57.01538461538463,7773.45,0.19309315683512468,0,7.0792857142857075,2.100802930229007,327.91600000000005,2.7641225191817305,340.86120000000005,-1.138645290223714,375.1912,-10.184460616347069,0,0,337.02984464485,318.8021553551501,5.558645900078045,15.870421743604693,337.75,318.01,1,0,376.82,318.01,0,0,2.54085141344369,3.0929727414568524,Downtrend
2022-03-16 16:00:00,336.98,340.81,335.52,337.05,12369,100,0,64.16105063072405,7988.9,1.5482732291053838,0,6.7949999999999955,2.0160213618157528,328.13050000000004,2.7182782460027246,340.1246,-0.903962841852655,374.79650000000004,-10.071198637127086,0,0,337.90254062080544,318.35845937919464,5.9561915888985615,14.390737134469742,340.81,318.01,1,0,376.82,318.01,0,0,0.02077274615703839,2.843804351142707,Downtrend
2022-03-16 20:00:00,336.86,340.46,333.59,340.3,8049,100,0,54.00310490130852,7942.4,1.0134216357775987,0,6.122857142857141,1.7992527601695976,328.8085,3.4948914033548495,339.43980000000005,0.25341754266882177,374.41265,-9.110976886064073,0,0,339.95876792219696,317.658232077803,6.782226081258225,13.98321381771883,340.81,318.01,1,0,376.82,318.01,0,0,0.964248627800024,3.5511061071722048,Downtrend
2022-03-17 12:00:00,336.8,338.29,334.18,337.56,1345,103,0,55.09049773755657,7611.65,0.17670281739176133,0,6.182142857142854,1.831420445888984,329.2425,2.526253445408778,338.79339999999996,-0.3640566787900711,374.03970000000004,-9.752895214064186,0,0,341.0602099482508,317.4247900517492,7.178726894766507,13.57569050096792,340.81,318.01,1,0,376.82,318.01,0,0,-0.8051719071407559,0.17211703958691435,Downtrend
2022-03-17 16:00:00,337.69,341.89,335.28,341.64,10054,100,0,70.3016815034619,7628.05,1.318030164983187,0,6.056428571428569,1.7727516015187244,330.09450000000004,3.4976347682254465,338.2152,1.012609723040243,373.6957,-8.578022171515489,0,0,342.9172092547368,317.2717907452633,7.769114150485248,15.546147267560205,341.89,318.01,1,0,375.06,318.01,0,0,1.2086740135087037,1.3618157543391114,Downtrend
2022-03-17 20:00:00,341.64,343.06,340.42,342.73,4863,100,0,68.05851063829792,7411.65,0.6561292019995548,0,5.83928571428571,1.7037568098169724,331.177,3.4884668923264592,337.8228000000001,1.4525958579468086,373.35659999999996,-8.203042346110914,0,0,344.44320097921724,317.9107990207828,8.011547286929478,17.69120784353798,343.06,318.01,1,0,374.31,318.01,0,0,0.31904929165205154,0.7140758154569518,Downtrend
2022-03-18 12:00:00,337.55,340.64,336.65,340.46,1088,107,0,61.47828432694899,6896.55,0.15776003944000985,0,5.782142857142857,1.698332508119267,331.807,2.6078413053371277,337.39160000000004,0.9094476566695613,372.9885,-8.72104635933816,0,0,345.59636294852834,318.0176370514717,8.31167693781525,18.582043100640078,343.06,320.66,1,0,371.73,318.01,0,0,-0.6623289469845139,0.8591065292096153,Downtrend
2022-03-18 16:00:00,340.46,345.94,340.24,345.36,8583,100,0,75.7592339261286,6829.15,1.2568181984580804,0,5.741428571428571,1.662447466825507,333.042,3.698632604896692,337.1062,2.4484272315371274,372.64950000000005,-7.323101198311022,0,0,347.05041641750574,319.0335835824942,8.412402290105014,20.144609387109345,345.94,322.31,1,0,365.18,318.01,0,0,1.4392292780356142,1.0888654724271243,Downtrend
2022-03-18 20:00:00,345.49,346.24,343.44,344.88,4593,100,0,76.0923330585325,6521.1,0.7043290242443759,0,5.685714285714288,1.648606554660835,333.4515,3.427335009739043,336.76559999999995,2.4095097599042323,372.30960000000005,-7.367416795054452,0,0,348.35890723688215,318.5440927631179,8.941274660262218,21.920021445297728,346.24,322.31,1,0,365.18,318.01,0,0,-0.1389854065323215,0.6273159630029402,Downtrend
2022-03-21 12:00:00,345.47,345.6,339.8,341.58,950,104,0,75.90460526315778,6126.8,0.15505647319971275,0,5.573571428571431,1.6317030940252448,333.87749999999994,2.3069838488667385,336.3326,1.5601817962338382,371.94475,-8.163779701151855,0,0,349.21843920819066,318.5365607918092,9.189561565658495,23.173511442592506,346.24,322.31,1,0,365.18,318.01,0,0,-0.9568545581071675,0.32896669212242396,Downtrend
2022-03-21 16:00:00,341.65,342.31,337.59,338.97,7415,100,0,69.52686447473936,6072.6,1.2210585251786714,0,5.688571428571431,1.678193181866074,334.565,1.316635033551038,335.9744,0.8916155516610862,371.56204999999994,-8.771630471949415,0,0,349.4993412097203,319.6306587902797,8.927617180350776,24.817761596030035,346.24,322.31,0,0,365.17,318.01,0,0,-0.7640962585631406,-1.8502432244614275,Downtrend
2022-03-21 20:00:00,338.92,339.48,336.4,338.42,4124,100,0,66.29055007052182,5880.45,0.7013068727733422,0,5.432142857142866,1.605148294173768,335.0285,1.0123019384918022,335.55559999999997,0.8536290260094143,371.1741,-8.82445730992545,0,0,349.83003800685424,320.2269619931458,8.835987390239474,25.545242082069617,346.24,322.31,0,0,362.25,318.01,0,0,-0.16225624686551088,-1.8731152864764498,Downtrend
2022-03-22 12:00:00,339.96,345.55,339.7,344.17,1076,100,0,70.37679722359935,5496.85,0.1957484741260904,0,5.466428571428581,1.5882931607718804,335.6395,2.5415661744222646,335.42659999999995,2.606650754591337,370.82590000000005,-7.188251953275115,0,0,350.9074898721728,320.3715101278272,9.097850444999942,27.55908134142388,346.24,322.31,1,0,361.02,318.01,0,0,1.6990721588558522,0.7582411148193782,Downtrend
2022-03-22 16:00:00,344.18,345.67,340.64,342.98,7963,100,0,67.6593650012306,5552.8,1.434051289439562,0,5.499285714285727,1.603383787476158,336.462,1.9372172786228548,335.31600000000003,2.2856052201505404,370.41915,-7.407594882715967,0,0,351.433197048084,321.49080295191595,8.899190427497928,29.586577459081674,346.24,322.31,1,0,360.22,318.01,0,0,-0.34575936310544675,1.1829955453284924,Downtrend
2022-03-22 20:00:00,342.94,343.23,341.49,342.53,4770,100,0,58.47846012832254,5714.45,0.8347260016274533,0,4.97214285714287,1.451593395364748,337.294,1.5523549188541719,335.3034,2.1552420882102483,370.0157,-7.428252368750843,0,0,351.62731401059233,322.96068598940764,8.499003249741973,29.36883045104889,346.24,322.31,1,0,351.11,318.01,0,0,-0.1312029855968455,1.214467230069132,Downtrend
2022-03-23 12:00:00,339.39,339.64,337.88,338.17,1132,104,0,51.51269584008644,5227.0,0.21656782092978763,0,4.926428571428581,1.4567905406832604,338.06850000000003,0.030023501154348084,335.156,0.899282722075693,369.6157,-8.50767432227581,0,0,350.64299260250505,325.494007397495,7.439020555008832,27.433690634626593,346.24,322.34,0,0,350.16,318.01,0,0,-1.2728812074854656,-1.7433245198593719,Downtrend
2022-03-23 16:00:00,338.16,339.98,334.59,335.54,9874,100,0,43.461538461538495,5434.75,1.8168269009614058,0,4.820714285714298,1.4367033098033908,338.6275,-0.9117688315331676,334.98199999999997,0.16657611453751237,369.2266,-9.123557186833233,0,0,349.517191649007,327.737808350993,6.431664084580831,26.847778710784876,346.24,324.25,0,0,350.16,318.01,0,0,-0.777715350267616,-2.1692226952008857,Downtrend
2022-03-23 20:00:00,334.97,336.51,334.63,334.89,5408,100,0,46.109006120664525,5634.3,0.9598352945352572,0,4.517857142857155,1.3490570464502238,339.0285,-1.2206938354740153,334.8082,0.024431898621356047,368.81535,-9.198464760211317,0,0,348.6069259227611,329.4500740772389,5.65051370180447,26.26186678694316,346.24,324.25,0,0,350.16,318.01,0,0,-0.1937175895571408,-2.2304615654103253,Downtrend
2022-03-24 12:00:00,334.52,336.54,333.68,335.55,1011,104,0,40.14244091939148,5138.65,0.19674428108549913,0,4.250000000000012,1.2665772612129378,339.4195,-1.14003467685269,334.63020000000006,0.27487058848841267,368.44094999999993,-8.927061446345725,0,0,347.5910925781383,331.2479074218618,4.815040136549753,24.81798735462408,346.24,325.49,0,0,350.16,318.01,0,0,0.1970796380901252,-0.7747582576810493,Downtrend
2022-03-24 16:00:00,335.54,336.96,334.36,335.81,6810,100,0,38.48968729208252,5148.9,1.32261259686535,0,4.247142857142868,1.2647457958794759,339.7785,-1.1679667783570784,334.5342,0.38136609052228554,368.10245000000003,-8.772679997104074,0,0,346.4468613547723,333.1101386452277,3.925122604739433,23.328185213430555,346.24,333.42,0,1,350.16,318.01,0,0,0.07748472656832206,0.08046730643141854,Downtrend
2022-03-24 20:00:00,335.81,336.25,334.66,335.63,3388,100,0,41.36574901680377,5243.25,0.646164115767892,0,3.9264285714285774,1.1698681796706425,339.711,-1.2013152355973216,334.624,0.300635937649413,367.7432,-8.732506814537972,0,0,346.52438898593135,332.8976110140687,4.011285466723974,22.69402340278134,346.24,333.59,0,1,350.16,318.01,0,0,-0.05360173907864585,0.2209680790707424,Downtrend
2022-03-25 12:00:00,336.94,339.2,336.12,338.52,1814,102,0,36.82588597842831,4715.5,0.3846887922807762,0,3.7742857142857207,1.1149372900524994,339.7845,-0.37214764063693256,334.60760000000005,1.169250190372225,367.38419999999996,-7.856679737451961,0,0,346.5081471149401,333.0608528850599,3.9575949550024165,21.148065339281185,346.24,333.59,0,1,350.16,318.01,0,0,0.8610672466704328,0.8851139919535003,Downtrend
2022-03-25 16:00:00,338.5,341.22,335.85,336.81,11243,100,0,35.159985288709095,4875.2,2.306161798490318,1,3.9578571428571485,1.175100841084632,339.61,-0.8244751332410739,334.38019999999995,0.7266578583301456,367.03225,-8.234221924640131,0,0,346.457330636243,332.762669363757,4.032467027615787,18.61757262066601,346.24,333.68,0,1,350.16,318.01,0,0,-0.505140021269046,0.29778743932580926,Downtrend
2022-03-25 20:00:00,336.83,337.06,334.88,337.0,4329,100,0,40.490033222591386,5024.4,0.8615954143778363,0,3.6992857142857196,1.097710894446801,339.582,-0.7603465436919489,334.1308,0.8587056326444548,366.68449999999996,-8.095378997476022,0,0,346.46909120478915,332.69490879521084,4.056216881218179,16.000711107299722,346.24,333.68,0,1,350.16,318.01,0,0,0.05641162673317712,0.4081875875219749,Downtrend
2022-03-28 16:00:00,334.51,335.14,330.96,332.46,8089,100,0,37.48558246828136,4926.15,1.6420531246510968,0,3.7935714285714335,1.1410610084134734,339.123,-1.9647738431188717,333.97520000000003,-0.45368638150379126,366.30245,-9.238936294310902,0,0,346.62845093143227,331.6175490685677,4.426388615005339,14.379532067631823,346.24,330.96,0,1,350.16,318.01,0,0,-1.3471810089020875,-1.790145338532436,Downtrend
2022-03-28 20:00:00,332.46,334.9,331.8,334.75,6658,100,0,43.38738738738737,5015.9,1.3273789349867422,0,3.7949999999999995,1.1336818521284537,338.72400000000005,-1.1732265797522603,333.85760000000005,0.26729959120294167,365.93700000000007,-8.522505239973018,0,0,346.270413299319,331.1775867006811,4.455788960521806,13.509461422547414,346.24,330.96,0,1,346.24,318.01,0,0,0.6888046682307802,-0.6116207951070344,Downtrend
2022-03-29 16:00:00,341.96,343.42,336.26,337.5,5660,100,0,36.525252525252526,5244.5,1.0792258556583088,0,3.905000000000001,1.1570370370370373,338.576,-0.31780161618071623,334.0268,1.0397968067232988,365.62080000000003,-7.691247325097486,0,0,346.0951136095694,331.05688639043063,4.441610515553015,11.286805161279464,346.24,330.96,0,1,346.24,318.01,0,0,0.821508588498876,0.1483679525222552,Downtrend
2022-03-29 20:00:00,337.5,340.21,336.29,338.98,4831,100,0,42.01277955271568,5056.9,0.9553283632264827,0,3.8257142857142816,1.1285958716485578,338.257,0.21374280502695084,334.25260000000003,1.4143195894362492,365.29205,-7.20301742126608,0,0,345.0727158947408,331.44128410525923,4.029903827409796,9.02067614114336,346.24,330.96,0,0,346.24,318.01,0,0,0.43851851851852697,1.9611381820369485,Downtrend
2022-03-30 16:00:00,336.74,339.18,335.83,337.23,5711,100,0,39.93925588458628,5112.8,1.1170004694101079,0,3.9407142857142827,1.168553890731632,337.8745,-0.19075129966895804,334.30839999999995,0.8739235986891353,364.97065,-7.600789268945314,0,0,343.9428977769157,331.80610222308434,3.592101669060952,7.71054064806598,345.67,330.96,0,1,346.24,318.01,0,0,-0.5162546462918138,0.7408513816280861,Downtrend
2022-03-30 20:00:00,337.24,337.31,332.96,334.98,4993,100,0,43.41725134131245,5314.95,0.9394255825548689,0,3.9192857142857145,1.1700058852127633,337.5445,-0.7597516771862701,334.295,0.20490883800236387,364.65340000000003,-8.137425840537894,0,0,343.4808340628027,331.6081659371973,3.517363821838424,8.074862891485655,345.67,330.96,0,1,346.24,318.01,0,0,-0.6672004270082743,-0.7466666666666613,Downtrend
2022-03-31 16:00:00,334.23,335.83,331.55,332.72,7946,100,0,44.09052808046943,5341.5,1.4875971169147244,0,3.8399999999999954,1.154123587400816,337.232,-1.3379513213455425,334.26980000000003,-0.4636374569285064,364.3050999999999,-8.669958230065927,0,0,343.5010706102036,330.96292938979644,3.7179571394194997,8.798029995260551,345.67,330.96,0,1,346.24,318.01,0,0,-0.6746671443071173,-1.8467166204495813,Downtrend
2022-03-31 20:00:00,332.72,333.35,329.54,329.54,6588,100,0,39.86358469117098,5464.7,1.2055556572181456,0,3.9778571428571388,1.2070938711103776,336.788,-2.152095680368656,334.2054,-1.3959678688614776,363.94425,-9.453164873466195,0,0,343.90349413899236,329.67250586100766,4.225503366504951,8.918707615948952,345.67,329.54,0,1,346.24,318.01,0,0,-0.9557585958163028,-2.28034279275272,Downtrend
2022-04-01 16:00:00,331.46,333.26,327.51,328.85,6783,100,0,37.32021196063591,5750.05,1.1796419161572507,0,4.184285714285709,1.2723994873911233,336.02200000000005,-2.1343840581866735,334.24760000000003,-1.6148507872607045,363.57555,-9.551123556025699,0,0,343.0897402031256,328.9542597968745,4.206712776619113,7.73629784616085,345.67,327.51,0,1,346.24,318.01,0,0,-0.20938277599077404,-1.8299599976117964,Downtrend
2022-04-01 20:00:00,328.85,331.55,326.9,329.51,6115,100,0,38.25503355704696,5657.65,1.0808374501780775,0,4.3307142857142855,1.3142891826391567,335.3485,-1.7410246355656906,334.26019999999994,-1.4211084657999817,363.20215,-9.276418104903847,0,0,342.18796527610806,328.50903472389194,4.079019453558348,6.616161126478204,343.42,326.9,0,1,346.24,318.01,0,0,0.20069940702447386,-0.9647751863428817,Downtrend
2022-04-04 16:00:00,326.76,331.34,324.85,327.64,6774,100,0,35.98737285163098,5757.85,1.176480804466945,0,4.680714285714283,1.4286150304340994,334.604,-2.0812662131952995,334.32099999999997,-1.998378803604914,362.81380000000007,-9.694724952579001,0,0,341.3934388575147,327.8145611424853,4.058193480959409,6.7537672724516655,343.42,324.85,0,1,346.24,318.01,0,0,-0.567509332038485,-0.576561267220985,Downtrend
2022-04-04 20:00:00,327.51,329.26,326.51,327.83,4252,100,0,29.290972491282446,5913.85,0.7189901671499953,0,4.6221428571428556,1.4099206470252434,334.087,-1.872865451214805,334.45599999999996,-1.9811275623699311,362.43225,-9.547232620717397,0,0,341.2949374376582,326.8790625623418,4.315006233500967,7.023603755406937,343.42,324.85,0,1,346.24,318.01,0,0,0.05799047735319807,-0.31017181085602513,Downtrend
2022-04-05 16:00:00,326.15,329.09,323.23,323.77,6937,100,0,26.846590909090892,5767.0,1.202878446332582,0,4.657142857142852,1.4384108648555618,333.4985,-2.9171045746832434,334.3742,-3.1713571202562854,362.0268,-10.567394458089844,0,0,342.0108545508826,324.9861454491174,5.104883260873801,8.993850410754368,343.42,323.23,0,1,346.24,318.01,0,1,-1.238446755940581,-1.7419805165245394,Downtrend
2022-04-05 20:00:00,323.77,325.45,322.82,323.31,5115,100,0,25.923320436159003,5752.35,0.8892018044799082,0,4.689285714285709,1.4503992187948744,332.9195,-2.8864335071991953,334.4272,-3.3242511374672947,361.63085000000007,-10.596676140876825,0,0,342.5369216371802,323.3020783628198,5.777625904869015,11.564150136264411,343.42,322.82,0,1,346.24,318.01,0,1,-0.1420761651789837,-1.3215724575753829,Downtrend
2022-04-06 16:00:00,319.08,319.23,315.69,317.19,7838,100,0,24.558480506497858,6093.7,1.2862464512529335,0,4.80214285714285,1.5139641404656041,332.00149999999996,-4.4612750243598205,334.0372,-5.043510124022111,361.24739999999997,-12.195907845980338,0,0,343.8157951323224,320.1872048676775,7.117013105255523,14.138090830362083,343.42,315.69,0,1,346.24,315.69,0,1,-1.8929201076366309,-3.2455846017753065,Downtrend
2022-04-06 20:00:00,317.05,318.74,315.15,315.75,8718,100,0,17.4211248285322,6189.1,1.408605451519607,0,4.837142857142855,1.5319533989367713,330.9985,-4.60681845990238,333.691,-5.376530982256032,360.8707999999999,-12.50331143445242,0,0,344.7058154114658,317.2911845885342,8.28240334108209,17.091453320362493,343.42,315.15,0,1,346.24,315.15,0,1,-0.45398656956398,-2.477067053772734,Downtrend
2022-04-07 16:00:00,313.1,314.79,307.63,309.53,8328,100,0,7.140668096843356,6436.1,1.2939513059150727,0,4.79785714285714,1.5500459221584793,329.6935,-6.115831825619857,333.3772,-7.153218636427459,360.4615,-14.129525622015118,0,0,346.22331392578235,313.1636860742176,10.027382357117977,23.872086040433366,343.42,307.63,0,1,346.24,307.63,0,1,-1.9699129057799025,-4.262163248894259,Downtrend
2022-04-07 20:00:00,309.52,315.26,309.25,313.49,7161,100,0,13.699800626602112,6703.45,1.0682558980823307,0,4.947142857142857,1.5780863367708242,328.442,-4.552401946157921,333.064,-5.876948574448158,360.07494999999994,-12.937570358615599,0,0,345.9209275836254,310.9630724163746,10.643539853992742,30.464467570640625,343.42,307.63,0,1,346.24,307.63,0,1,1.2793590282040634,-1.1664932690185659,Downtrend
2022-04-08 16:00:00,313.46,323.11,312.2,322.68,9135,100,0,32.902467685076374,6598.05,1.3844999658990156,0,5.487142857142857,1.7004905346296197,327.7355,-1.5425548956399275,332.8786,-3.0637595808201543,359.7427,-10.302557911529547,0,0,344.9302402912678,310.5407597087322,10.493059367244504,34.2857570933445,343.42,307.63,0,0,346.24,307.63,0,0,2.9315129669208018,2.194774346793351,Downtrend
2022-04-08 20:00:00,322.77,322.81,320.43,321.01,6823,100,0,33.35715987610196,6722.75,1.0149120523595254,0,5.346428571428569,1.665502187292785,326.936,-1.812587173024686,332.7682,-3.5334506121678664,359.41415,-10.685208136630129,0,0,343.8007753741635,310.07122462583646,10.316866526882029,37.652608840685296,343.42,307.63,0,0,346.24,307.63,0,0,-0.5175405974959801,3.7088488999450844,Downtrend
2022-04-11 16:00:00,319.52,328.36,318.94,322.99,7206,100,0,38.33053490045574,6678.6,1.078968646123439,0,5.713571428571429,1.7689623296608035,326.4625,-1.0636750009572213,332.71020000000004,-2.9215214922776735,359.04565,-10.042079607425967,0,0,343.20557633808966,309.7194236619103,10.257273860299227,39.06529471953571,343.42,307.63,0,0,346.24,307.63,0,0,0.6168032148531344,3.030399693770136,Downtrend
2022-04-11 20:00:00,322.99,324.37,319.62,320.16,6807,100,0,38.655055636187726,6686.05,1.0180899036052677,0,5.780714285714287,1.8055704290711787,325.733,-1.710910469617748,332.6598,-3.7575324701091004,358.66914999999995,-10.736677520216034,0,0,342.2252043466138,309.2407956533862,10.126210329695665,40.830583902405614,343.42,307.63,0,0,346.24,307.63,0,0,-0.8761881172791641,-0.7809594644849329,Downtrend
2022-04-12 16:00:00,321.97,326.46,320.74,321.43,5427,100,0,41.149809160305324,6674.4,0.8131067961165049,0,5.819999999999998,1.8106586192950247,324.9295,-1.0770028575429476,332.6012,-3.3587371302328433,358.26785,-10.282209246517656,0,0,340.5507210251225,309.3082789748775,9.615144839186659,42.11809352025633,340.21,307.63,0,0,346.24,307.63,0,0,0.3966766616691597,0.1308370455749092,Downtrend
2022-04-12 20:00:00,321.43,322.24,317.39,318.87,6422,100,0,37.859424920127815,6753.95,0.9508509834985454,0,5.834285714285711,1.8296753267117354,323.92400000000004,-1.5602425260246322,332.44120000000004,-4.0822858297948725,357.83389999999997,-10.888822998603533,0,0,338.27440787976883,309.57359212023124,8.8603548238283,43.52723306283675,339.18,307.63,0,0,346.24,307.63,0,0,-0.7964409047070964,-1.2755812873463588,Downtrend
2022-04-13 16:00:00,317.9,320.32,315.64,319.09,5963,100,0,39.86246146549679,6766.55,0.8812467210025788,0,5.705,1.787896831614905,323.01699999999994,-1.2157254881321926,332.2684,-3.9661911876061677,357.43119999999993,-10.726875549756139,0,0,336.05986390894685,309.974136091053,8.075651689506692,44.4285702911092,337.31,307.63,0,0,346.24,307.63,0,0,0.06899363376924317,-0.33420789605198964,Downtrend
2022-04-13 20:00:00,319.06,322.01,319.06,321.69,5404,100,0,43.11350381336924,6787.1,0.7962163516081978,0,5.719285714285713,1.7778873183144372,322.3525,-0.2055203542705649,332.1296,-3.143230835192041,357.0461,-9.902390755703541,0,0,334.12104661687783,310.5839533831222,7.301663003623557,44.12905384948009,335.83,307.63,0,0,346.24,307.63,0,0,0.8148171362311718,0.08088852938431101,Downtrend
2022-04-14 16:00:00,328.52,332.02,318.51,319.45,7057,100,0,44.9485500467727,6742.65,1.0466211356069202,0,6.265714285714288,1.9614068823647794,321.68899999999996,-0.6960138518879961,331.779,-3.7160278378076996,356.70215,-10.443489056626102,0,0,332.44958675762444,310.9284132423755,6.690055772889021,42.01032544805908,333.35,307.63,0,0,346.24,307.63,0,0,-0.6963225465510314,0.18189230720982974,Downtrend
2022-04-14 20:00:00,319.45,321.99,318.53,320.86,5999,100,0,47.19743765728668,6713.2,0.8936125841625454,0,6.325000000000005,1.9712647260487455,321.255,-0.12295528474264426,331.4552,-3.196570758280449,356.37715,-9.966169267586308,0,0,331.36268857954155,311.14731142045844,6.29262646778513,40.04378570765336,333.26,307.63,0,0,346.24,307.63,0,0,0.4413836281108141,0.5547024350496848,Downtrend
2022-04-18 16:00:00,322.02,327.52,321.15,326.65,4537,100,0,60.90364223144302,6600.9,0.6873305155357603,0,6.2564285714285734,1.9153309571188042,321.14500000000004,1.714178953432231,331.1822,-1.3684914225462739,356.0822,-8.265563400810269,0,0,330.9479587370315,311.34204126296856,6.105004740557364,39.51076617114246,332.02,307.63,1,0,346.24,307.63,0,0,1.8045253381536952,1.5418570673629828,Downtrend
2022-04-18 20:00:00,326.65,332.12,326.02,328.51,5619,100,0,64.56621004566206,6576.1,0.8544578093398822,0,6.435714285714288,1.9590619115747734,321.095,2.3092854139740457,331.00120000000004,-0.7526256702392766,355.83555,-7.679263637374067,0,0,330.72702443605624,311.4629755639438,5.999485782124426,39.40399990744512,332.12,307.63,1,0,346.24,307.63,0,0,0.5694168069799499,2.836124589137581,Downtrend
2022-04-19 16:00:00,332.11,335.29,330.16,334.11,4341,100,0,78.46225104214915,6454.45,0.6725592420732983,0,6.340000000000003,1.8975786417646892,321.4185,3.948590389165533,330.8506,0.9851576512178088,355.60455,-6.044509273011271,0,0,332.3262051954809,310.5107948045191,6.787229232592959,37.28341778686299,335.29,307.63,1,0,346.24,307.63,0,0,1.7046665246111203,4.129526896465748,Downtrend
2022-04-19 20:00:00,334.34,336.61,333.53,334.98,4604,100,0,76.80219506111249,6472.05,0.7113665685524679,0,6.1307142857142924,1.8301732299582936,321.77599999999995,4.1034757098105725,330.69559999999996,1.2955721213103721,355.36589999999995,-5.7365943102587895,0,0,333.9622431497654,309.5897568502345,7.574364247032383,35.41772593959969,336.61,307.63,1,0,346.24,307.63,0,0,0.2603932836491074,2.550130108679027,Downtrend
2022-04-20 16:00:00,339.91,344.36,336.65,344.0,5988,100,0,76.70340681362723,6424.6,0.9320424617875043,0,6.021428571428577,1.750415282392028,322.7875,6.571660922433482,330.7664,4.000890054128843,355.20784999999995,-3.1552934429799206,0,0,338.51453990617654,307.0604600938235,9.744516070898975,36.44277478626386,344.36,307.63,1,0,346.24,307.63,1,0,2.6926980715266557,4.715229368968984,Downtrend
2022-04-20 20:00:00,344.01,344.35,339.2,340.45,5176,100,0,73.2535885167464,6427.65,0.8052709777290301,0,6.219285714285722,1.8267838784801653,323.6445,5.19258013035908,330.6682,2.9581919277390374,354.97525,-4.091904999010502,0,0,341.24752542776287,306.0414745722371,10.878000662926683,37.72085452195271,344.36,307.63,1,0,346.24,307.63,1,0,-1.0319767441860472,1.8975786417646807,Downtrend
2022-04-21 16:00:00,345.78,346.41,337.65,337.95,6320,100,0,67.67485822306236,6351.75,0.9950013775731098,0,6.172142857142867,1.8263479381988066,324.6825,4.086299692776785,330.5296,2.245003170669124,354.73035000000004,-4.730452299894851,0,0,343.11190313737643,306.2530968626236,11.352261447645885,40.2961115986905,346.41,307.63,0,0,346.41,307.63,0,0,-0.7343222205903999,0.8866200967221836,Downtrend
2022-04-21 20:00:00,337.94,338.32,332.65,333.81,7097,100,0,65.64290625716248,6270.7,1.1317715725517088,0,6.237857142857154,1.86868492341666,325.5855,2.5260645821143686,330.3742,1.0399722496490433,354.49285000000003,-5.834490032732685,0,0,343.9417253601775,307.22927463982256,11.275824851031425,41.929154887874084,346.41,307.63,0,0,346.41,307.63,0,0,-1.225033288948063,-2.9622093023255807,Downtrend
2022-04-22 16:00:00,331.15,331.56,324.69,324.97,7795,100,0,53.45703125000002,6244.05,1.2483884658194602,0,6.439285714285729,1.9815015891576848,326.35749999999996,-0.4251472694820655,330.0942,-1.552344754921466,354.20824999999996,-8.254536702631839,0,0,343.0982311353867,309.6167688646132,10.259136765900426,42.66044643394788,346.41,309.25,0,0,346.41,307.63,0,0,-2.6482130553308725,-4.546923189895715,Downtrend
2022-04-22 20:00:00,324.96,325.58,318.51,319.26,6077,100,0,50.35878564857405,6189.85,0.9817685404331283,0,6.597857142857156,2.066609391360382,326.646,-2.2611634613618485,329.711,-3.1697456257146475,353.8531,-9.776118960099542,0,0,342.6350401936992,310.65695980630085,9.789827638299057,42.56885454980354,346.41,312.2,0,0,346.41,307.63,0,0,-1.7570852694094974,-5.530403905903239,Downtrend
2022-04-25 16:00:00,314.45,317.59,311.89,316.68,9671,100,0,47.87515429377538,6216.65,1.5556610071340675,0,6.7900000000000125,2.144120247568527,326.346,-2.961887076906105,329.1612,-3.7918199350348707,353.49305,-10.414080276825805,0,0,342.8647401074289,309.82725989257113,10.123451862396884,41.852391226594655,346.41,311.89,0,1,346.41,307.63,0,0,-0.8081187746664109,-5.131661723735057,Downtrend
2022-04-25 20:00:00,316.63,321.67,315.21,320.81,7817,100,0,49.2445054945055,6266.35,1.2474566533947193,0,7.0407142857143015,2.194667961009414,326.336,-1.6933467346538569,328.7178,-2.405650074319069,353.0963,-9.14376616237553,0,0,342.86857760015664,309.8034223998434,10.132242596683557,41.704078222260954,346.41,311.89,0,0,346.41,307.63,0,0,1.3041556145004352,-1.280118164753677,Downtrend
2022-04-26 16:00:00,316.63,320.98,312.79,315.31,7630,100,0,46.63414634146343,6287.55,1.2135092365070654,0,6.660714285714302,2.1124335687781235,325.952,-3.2648978990771633,328.17339999999996,-3.9196961118725517,352.67474999999996,-10.59467682333367,0,0,343.15497966846505,308.74902033153495,10.55552944511158,41.156426469252075,346.41,311.89,0,1,346.41,307.63,0,0,-1.7144103986783454,-1.237236108500905,Downtrend
2022-04-26 20:00:00,315.49,315.49,312.16,312.16,6674,100,0,43.121442125237195,6280.9,1.062586571988091,0,6.651428571428584,2.1307754265212018,325.552,-4.11362854474861,327.65319999999997,-4.728536147365552,352.24935,-11.380957835692236,0,0,343.66973728174867,307.4342627182514,11.130472109984668,40.61931111102063,346.41,311.89,0,1,346.41,307.63,0,1,-0.9990168405695887,-1.4273083238600424,Downtrend
2022-04-27 16:00:00,312.81,318.63,312.43,315.79,7979,100,0,41.11001964636545,6408.5,1.245065147850511,0,6.637857142857156,2.1019845919304463,325.27000000000004,-2.914501798505862,327.2582,-3.5043277754384663,351.845,-10.247410081143686,0,0,343.828097679278,306.71190232072206,11.410887987996418,38.50002392857804,346.41,311.89,0,1,346.41,307.63,0,0,1.162865197334706,-1.5647891275209567,Downtrend
2022-04-27 20:00:00,315.85,316.13,312.51,312.51,7522,100,0,37.2,6463.5,1.163765761584281,0,6.460714285714297,2.0673624158312682,324.952,-3.8288731874246063,326.81059999999997,-4.375806659881894,351.415,-11.07095599220296,0,0,344.1778013042217,305.7261986957783,11.83300998561123,36.56717960508813,346.41,311.89,0,1,346.41,307.63,0,1,-1.0386649355584532,-0.888014969395202,Downtrend
2022-04-28 16:00:00,314.23,317.69,311.37,316.75,5403,100,0,35.80307491004251,6435.5,0.8395618056095098,0,6.427857142857151,2.029315593640774,324.83500000000004,-2.488955931472913,326.4346,-2.9667810948961875,351.01855,-9.76260371424815,0,0,344.2386637885991,305.43133621140095,11.94678146665174,33.15520830360118,346.41,311.37,0,1,346.41,307.63,0,0,1.3567565837893314,1.4703997949769267,Downtrend
2022-04-28 20:00:00,316.74,318.81,315.33,318.01,5565,100,0,36.20997887209488,6443.55,0.863654352026445,0,6.456428571428579,2.0302596054930913,324.65099999999995,-2.045581254947609,326.0786,-2.4744340781639775,350.65695,-9.310224708222666,0,0,344.24905457584583,305.0529454241541,12.073306150817881,29.740599177019536,346.41,311.37,0,0,346.41,307.63,0,0,0.39779005524862576,0.7029988283352767,Downtrend
2022-04-29 16:00:00,316.78,318.24,311.51,311.82,7215,100,0,22.58943781942078,6451.45,1.11835323841927,0,6.267142857142866,2.0098591678349256,324.2695,-3.8392448256774077,325.6024,-4.232892632241039,350.26415000000003,-10.975759294806513,0,0,344.5780208717902,303.9609791282098,12.525705237026747,28.214893986152678,346.41,311.37,0,1,346.41,307.63,0,1,-1.9464796704506182,-0.22079293462609123,Downtrend
2022-04-29 20:00:00,311.82,313.63,303.99,304.84,7095,100,0,21.3423466924191,6506.25,1.0904899135446686,0,6.587857142857148,2.1610868464955875,323.46850000000006,-5.758984259672915,324.92879999999997,-6.1825236790336815,349.87330000000003,-12.871316559451678,0,0,345.5311851207369,301.40581487926323,13.641319090258758,27.185087477112113,346.41,303.99,0,1,346.41,303.99,0,1,-2.2384709127060587,-3.7600631412786187,Downtrend
2022-05-02 16:00:00,304.63,309.5,301.61,305.6,10087,101,0,23.21576419937081,6783.75,1.4869356919108163,0,6.525714285714287,2.135377711293942,322.416,-5.215622053496097,324.3046,-5.767602433021293,349.48040000000003,-12.555897269203081,0,0,345.8079737921937,299.0240262078063,14.510429874568079,26.809595297540824,346.41,301.61,0,1,346.41,301.61,0,1,0.24931111402703987,-3.9023930065092194,Downtrend
2022-05-02 20:00:00,305.71,310.75,303.15,309.83,9278,100,0,30.175264550264544,6966.7,1.3317639628518525,0,6.66357142857143,2.150718596834209,321.48199999999997,-3.624464200172945,323.7612,-4.302924501144668,349.09195,-11.246879224800232,0,0,345.3366013215578,297.62739867844215,14.84039624088305,27.06904919329842,346.41,301.61,0,0,346.41,301.61,0,0,1.3841623036649153,-0.6381886986081743,Downtrend
2022-05-03 16:00:00,313.04,318.93,310.85,316.2,5627,101,0,42.4409584554387,7031.0,0.8003129000142227,0,6.66214285714286,2.106939550013555,320.5865,-1.3682734612967211,323.43600000000004,-2.237227766853426,348.73134999999996,-9.32848451967395,0,0,343.7806201941115,297.3923798058885,14.469804682425192,26.666968502700264,346.41,301.61,0,0,346.41,301.61,0,0,2.055966174999191,3.726545072825093,Downtrend
2022-05-03 20:00:00,316.28,317.21,312.01,313.95,7321,100,0,45.13290559120073,7166.85,1.0215087521016903,0,6.528571428571431,2.0794940049598445,319.535,-1.747852347943116,323.02,-2.8078756733329184,348.36600000000004,-9.87926491104185,0,0,341.8726081271485,297.19739187285154,13.981321687545014,25.92624879536299,346.41,301.61,0,0,346.41,301.61,0,0,-0.7115749525616666,2.7323298429319256,Downtrend
2022-05-04 16:00:00,313.65,316.94,311.57,314.87,5256,101,0,48.288901493666096,7130.25,0.7371410539602399,0,6.385714285714288,2.02804785648499,318.0785,-1.0087132578907456,322.5674,-2.386291981148751,347.99425,-9.518619919725689,0,0,337.2777305492735,298.87926945072655,12.072007727195308,25.188888430963495,346.41,301.61,0,0,346.41,301.61,0,0,0.293040293040292,1.6266985120872803,Downtrend
2022-05-04 20:00:00,314.88,324.27,311.43,323.29,7698,100,0,52.16859041622946,7256.35,1.0608639329690546,0,6.84142857142857,2.116189356747369,317.2205,1.913337883270471,322.25359999999995,0.3216100611444129,347.642,-7.004907347213505,0,0,333.5258242515234,300.91517574847666,10.280120138215127,24.753142239820466,346.41,301.61,0,0,346.41,301.61,0,0,2.674119477879766,2.2422517394054498,Downtrend
2022-05-05 16:00:00,317.71,320.0,307.76,311.27,9122,103,0,46.828885400313965,7396.45,1.233294350668226,0,7.365714285714286,2.3663424954908234,315.88649999999996,-1.4614426384160053,321.7344,-3.2524964691372795,347.21644999999995,-10.352749704111073,0,0,329.12883446584135,302.64416553415856,8.384235771925294,25.082856156068967,338.32,301.61,0,0,346.41,301.61,0,0,-3.718024065080894,-0.853639114508682,Downtrend
2022-05-05 20:00:00,311.47,313.97,308.51,312.59,8928,101,0,50.34750282851135,7488.0,1.1923076923076923,0,7.517857142857147,2.4050216394821167,314.82550000000003,-0.7100758991886167,321.2866,-2.7068044543407805,346.87505,-9.883976953660984,0,0,325.08587749382247,304.5651225061776,6.518136233451504,25.452914835994267,331.56,301.61,0,0,346.41,301.61,0,0,0.4240691361197646,-0.724108362181227,Downtrend
2022-05-06 16:00:00,309.47,312.08,305.17,311.64,9244,100,0,46.494340260179065,7560.45,1.222678544266545,0,7.585714285714289,2.4341272897299095,314.159,-0.8018232805681218,320.865,-2.875040905053534,346.5270499999999,-10.067626755256173,0,0,323.31737241343166,305.0006275865683,5.830405885829573,25.429943667648427,325.58,301.61,0,0,346.41,301.61,0,0,-0.30391247320771253,-3.6035757369544474,Downtrend
2022-05-06 20:00:00,311.63,313.04,307.34,312.16,8779,100,0,49.68988126882867,7695.55,1.1407891573701685,0,7.73428571428572,2.4776671304093156,313.804,-0.5238938955526217,320.51739999999995,-2.607471544446551,346.2508,-9.84569566337464,0,0,322.6757799792346,304.9322200207653,5.654344736991654,24.55457289459617,324.27,301.61,0,0,346.41,301.61,0,0,0.1668591965088062,0.28592540238379643,Downtrend
2022-05-09 16:00:00,309.58,311.7,304.47,309.73,8922,70,0,43.57378249725378,7658.1,1.1650409370470483,0,7.8321428571428635,2.528700112079186,313.45649999999995,-1.1888411948707176,320.135,-3.2501913255345314,345.9448,-10.468375301493177,0,0,322.3981383168535,304.5148616831464,5.705186089204422,23.830899976756886,324.27,301.61,0,0,346.41,301.61,0,0,-0.778446950281908,-0.9149364982884791,Downtrend
2022-05-09 20:00:00,309.71,313.3,306.98,308.43,9086,70,0,41.23673618733996,7721.55,1.1767067492925642,0,8.035000000000005,2.6051292027364408,312.8375,-1.4088784113157697,319.7134,-3.5292233606723933,345.57945,-10.749901361322266,0,0,321.3389521979268,304.33604780207315,5.435059542367411,22.984440454823137,324.27,301.61,0,0,346.41,301.61,0,0,-0.41972040164014457,-1.030034655371576,Downtrend
2022-05-10 16:00:00,311.96,314.54,300.08,301.19,9972,72,0,40.45952252737393,7838.65,1.2721578333003771,0,8.587142857142863,2.8510717012991345,312.1315,-3.505413583697903,319.1844,-5.637618881123259,345.18645000000004,-12.745705980058034,0,0,322.003171910864,302.259828089136,6.325328850733741,20.45608979005991,324.27,300.08,0,1,346.41,300.08,0,1,-2.3473721752099386,-3.5142234751409616,Downtrend
2022-05-10 20:00:00,301.18,307.53,300.67,304.37,9243,70,0,49.54729339240997,7967.1,1.1601461008397032,0,8.388571428571433,2.7560441004604375,311.742,-2.3647760006672227,318.7152,-4.500946299392052,344.7957,-11.724537167951922,0,0,322.20590205973576,301.2780979402643,6.7131808096026475,16.576402253673553,324.27,300.08,0,1,346.41,300.08,0,1,1.0558119459477489,-1.7305395021470353,Downtrend
2022-05-11 16:00:00,303.04,310.47,301.74,305.35,6651,72,0,49.76021484749665,7900.7,0.8418241421646183,0,8.448571428571436,2.766848347329764,311.21999999999997,-1.88612557033608,318.34680000000003,-4.082591689314925,344.4144,-11.342266757719765,0,0,321.8735351187419,300.566464881258,6.846304941033325,13.14696702657398,324.27,300.08,0,1,346.41,300.08,0,1,0.3219765417091125,-0.9986058424926187,Downtrend
2022-05-11 20:00:00,305.35,306.64,300.4,300.97,7885,70,0,41.526396327467545,7918.85,0.9957253894189181,0,8.351428571428576,2.7748375490675397,310.643,-3.113863824390038,317.9,-5.325574079899324,343.99815,-12.508250407742013,0,0,322.2129649273887,299.0730350726112,7.449042745137508,9.820556224680045,324.27,300.08,0,1,346.41,300.08,0,1,-1.4344195185852282,-0.07304359374480243,Downtrend
2022-05-12 16:00:00,296.87,302.41,293.86,298.8,8401,71,0,31.905158069883612,8068.75,1.0411773818745158,0,8.312142857142861,2.7818416523235814,309.7455,-3.5337075114892653,317.5322,-5.899307219866199,343.56989999999996,-13.030798099600679,0,0,322.0803500300211,297.41064996997886,7.964506364109329,10.225795866233495,324.27,293.86,0,1,346.41,293.86,0,1,-0.7210020932318928,-1.8300095278772526,Downtrend
2022-05-12 20:00:00,298.8,299.26,293.48,299.04,8109,70,0,33.818102886911305,8195.95,0.9893911017026701,0,8.353571428571431,2.793462890774288,308.797,-3.159680955449698,317.198,-5.724500154477632,343.1336,-12.850271730894317,0,0,321.3711440642028,296.22285593579727,8.143954807982432,11.457554719645648,324.27,293.48,0,1,346.41,293.48,0,1,0.08032128514057213,-2.066481087276896,Downtrend
2022-05-13 16:00:00,303.76,309.16,302.53,308.83,6273,70,0,44.503094284674184,8148.85,0.769801873884045,0,8.692857142857147,2.8147709558194305,308.6475,0.05912894159194698,317.184,-2.6338024616626443,342.7411,-9.894086235937282,0,0,321.1411512298282,296.15384877017175,8.095741083163306,11.447626306658176,324.27,293.48,0,0,346.41,293.48,0,0,3.273809523809512,2.611555969033444,Downtrend
2022-05-13 20:00:00,308.83,309.27,303.64,306.68,6357,70,0,32.93610026710499,8111.95,0.7836586763971671,0,8.177857142857148,2.6665766084704408,308.7395,-0.6670672200997975,317.04780000000005,-3.270106274195892,342.34074999999996,-10.416741214710768,0,0,321.1418639087987,296.33713609120133,8.034193168544155,12.153245905974007,324.27,293.48,0,0,346.41,293.48,0,0,-0.6961758896480208,2.6372155287817924,Downtrend
2022-05-16 16:00:00,304.32,305.94,300.14,303.05,6588,70,0,39.796425024826256,7937.0,0.8300365377346605,0,7.53571428571429,2.4866240837202738,308.61199999999997,-1.8022630357860212,316.6552,-4.296534527144973,341.92035000000004,-11.368247020102789,0,0,321.2012796499728,296.02272035002716,8.158645580841192,13.067465619252411,324.27,293.48,0,0,346.41,293.48,0,0,-1.1836441893830707,1.3409577314071666,Downtrend
2022-05-16 20:00:00,303.04,305.86,302.39,303.11,5252,70,0,37.85238339313179,7735.7,0.6789301549956694,0,7.393571428571432,2.4392370520838744,308.276,-1.6757710622948259,316.29720000000003,-4.1692433571969705,341.50405,-11.242633872131236,0,0,321.0851897931857,295.46681020681433,8.310208899288742,13.866502198035091,324.27,293.48,0,0,346.41,293.48,0,0,0.019798713083640784,-1.852151669203112,Downtrend
2022-05-17 16:00:00,310.39,313.19,307.6,310.64,4589,70,0,48.90350877192982,7683.8,0.5972305369738932,0,7.5835714285714335,2.44127331591921,307.99800000000005,0.8577977779076288,316.0502,-1.711816667099097,341.12895,-8.937661256835572,0,0,320.3149623732973,295.6810376267028,7.998079450708937,13.75260172639417,324.27,293.48,0,0,346.41,293.48,0,0,2.484246643132848,1.2912482065997064,Downtrend
2022-05-17 20:00:00,310.64,313.94,308.58,312.63,5591,70,0,50.499256426598656,7597.3,0.735919339765443,0,7.559285714285717,2.417965554900591,307.93199999999996,1.525661509683968,315.8996,-1.0350123900125308,340.76200000000006,-8.25561535617236,0,0,320.12822823490325,295.7357717650967,7.921377599537098,13.779034178792653,324.27,293.48,0,0,346.41,293.48,0,0,0.640612928148343,3.1611945223560416,Downtrend
2022-05-18 16:00:00,308.06,312.38,307.45,310.08,5150,71,0,50.370841279932165,7592.0,0.678345626975764,0,7.3800000000000034,2.380030959752323,307.6925,0.775937015039362,315.67260000000005,-1.771645686068433,340.38770000000005,-8.903876373911297,0,0,319.49690395070996,295.88809604929,7.672857772425372,13.559898958593706,324.27,293.48,0,0,346.41,293.48,0,0,-0.8156606851549841,2.299495232753776,Downtrend
2022-05-18 20:00:00,310.18,310.37,304.46,306.39,5657,70,0,47.942718838241206,7489.95,0.7552787401785059,0,7.350714285714291,2.399136488042786,306.84749999999997,-0.14909686407742667,315.423,-2.863773409041197,340.01405000000005,-9.889017821469455,0,0,316.09290027882776,297.6020997211722,6.0260554697872974,12.842731935636204,320.0,293.48,0,0,346.41,293.48,0,0,-1.1900154798761609,-1.3681431882565027,Downtrend
2022-05-19 16:00:00,306.42,308.39,302.77,306.75,7486,70,0,56.510538641686196,7408.15,1.0105086965031755,0,6.719285714285718,2.1904761904761916,306.6215,0.041908346283601794,315.1762,-2.673488670781612,339.55944999999997,-9.66235809370052,0,0,315.629651337887,297.613348662113,5.875746702620005,12.482221682686063,314.54,293.48,0,0,346.41,293.48,0,0,0.11749730735337582,-1.8808175798867657,Downtrend
2022-05-19 20:00:00,306.82,309.51,305.67,307.49,7221,70,0,53.874813710879295,7322.8,0.9860982137980008,0,6.503571428571433,2.115051360555281,306.3665,0.3667176404731051,314.8922,-2.3507092268401673,339.12330000000003,-9.327964194733896,0,0,314.9415931251633,297.79140687483664,5.597931317662561,13.160505650610405,314.54,293.48,0,0,346.41,293.48,0,0,0.2412387938060423,-0.835268317853449,Downtrend
2022-05-20 16:00:00,309.83,312.03,301.73,302.71,7145,70,0,47.004085338175166,7217.85,0.9899069667560284,0,6.615714285714286,2.1854957833286925,305.91999999999996,-1.049293933054387,314.55740000000003,-3.7663714158369976,338.60035000000005,-10.599619876352776,0,0,314.2658278262389,297.57417217376104,5.456215890585067,12.123496148095365,314.54,293.48,0,0,346.41,293.48,0,0,-1.5545220982796315,-1.2010835862789278,Downtrend
2022-05-20 20:00:00,302.71,306.57,298.93,306.23,8346,70,0,56.08796296296294,7196.2,1.1597787721297352,0,6.715714285714284,2.1930295156301747,305.62350000000004,0.19844678174289038,314.2648,-2.556697409318499,338.0975,-9.425535533389038,0,0,313.4405024541625,297.80649754583754,5.115445935382907,11.702420472944885,314.54,293.48,0,0,346.41,293.48,0,0,1.1628291103696675,-0.16951915240423207,Downtrend
2022-05-23 16:00:00,311.84,321.41,309.96,318.74,9959,70,0,68.62159133358236,7248.05,1.3740247376880679,0,7.189285714285712,2.255532946691884,306.074,4.138214941484738,314.1066,1.4751043117209235,337.65355000000005,-5.60146635508498,0,0,315.7135182233817,296.4344817766183,6.298815465136983,12.387051791766009,321.41,293.48,1,0,346.41,293.48,0,0,4.085164745452752,3.658655566034668,Downtrend
2022-05-23 20:00:00,318.76,319.44,315.54,316.29,8049,70,0,65.47085201793722,7196.2,1.1185069898001723,0,7.054999999999999,2.230547914888235,306.467,3.2052390632596772,313.86220000000003,0.7735241771707426,337.24494999999996,-6.213569691703298,0,0,317.1005954210656,295.8334045789344,6.939471735009377,13.09391251654499,321.41,293.48,1,0,346.41,293.48,0,0,-0.7686515655393023,4.486141851937512,Downtrend
2022-05-24 16:00:00,311.49,314.34,305.79,309.97,6937,70,0,51.09028309104825,7044.45,0.9847468574551598,0,7.0821428571428555,2.284783320044796,306.906,0.9983512867132026,313.37940000000003,-1.0879464317054677,336.81354999999996,-7.969854538215561,0,0,317.3454825441414,296.4665174558586,6.803048845015355,13.03650100670639,321.41,293.48,0,0,346.41,293.48,0,0,-1.9981662398431799,1.2213042484407175,Downtrend
2022-05-24 20:00:00,309.98,314.73,308.98,313.7,7560,70,0,56.51689565540288,6960.3,1.0861600793069264,0,7.090714285714284,2.2603488319140213,307.3725,2.0585771336082397,312.9538,0.2384377502366124,336.4007,-6.74811318763605,0,0,318.16277803163376,296.58222196836624,7.020978149726316,11.775273373878065,321.41,293.48,0,0,346.41,293.48,0,0,1.2033422589282639,-1.5812260776808746,Downtrend
2022-05-25 16:00:00,310.87,314.11,309.98,311.14,6191,70,0,57.662436067436985,6937.3,0.8924221238810488,0,6.9185714285714255,2.2236200516074516,307.66200000000003,1.1304613504430028,312.2966,-0.3703530553967048,335.96254999999996,-7.388487198945234,0,0,318.53417907756744,296.7898209224326,7.067612560256001,11.056114326187034,321.41,293.48,0,0,346.41,293.48,0,0,-0.8160663053873085,-1.6282525530367808,Downtrend
2022-05-25 20:00:00,311.14,317.2,309.72,314.59,7043,70,0,60.217159131363445,6895.2,1.0214352012994548,0,7.204999999999992,2.2902825900378248,308.34299999999996,2.025990536512914,311.7794,0.9014707193611782,335.5513,-6.246824256082468,0,0,319.1563389361161,297.52966106388385,7.0138377949985,10.678305846632389,321.41,293.48,0,0,346.41,293.48,0,0,1.10882560905059,1.4904668193695993,Downtrend
2022-05-26 16:00:00,318.47,324.81,316.67,324.36,5268,70,0,61.742553919890454,6738.55,0.7817705589481416,0,7.214999999999995,2.224380318165,309.621,4.760336023719333,311.50759999999997,4.125870444252419,335.1974000000001,-3.233139636524644,0,0,321.65795345263933,297.58404654736063,7.775282330745882,11.327152707808258,324.81,293.48,1,0,346.41,293.48,0,0,3.105629549572475,3.3981510997768654,Downtrend
2022-05-26 20:00:00,324.37,325.14,322.85,323.16,12900,70,0,59.13586673607498,6978.1,1.848640747481406,0,6.995714285714278,2.164783477445933,310.827,3.967802024920623,311.2946,3.811630526196093,334.82115,-3.482799697689338,0,0,323.227996734132,298.426003265868,7.979356191149405,11.958397538896552,325.14,298.93,1,0,346.41,293.48,0,0,-0.36995930447650816,3.8632127016777136,Downtrend
2022-05-27 16:00:00,322.56,326.41,322.56,324.37,4881,70,0,62.693195949547004,6908.5,0.7065209524498806,0,6.900714285714279,2.127420626357024,311.604,4.096866535731255,311.2826,4.204346789701706,334.44465,-3.01235196915245,0,0,325.35232184974444,297.8556781502555,8.824226806937304,12.567135648716215,326.41,298.93,1,0,338.32,293.48,0,0,0.3744275281594156,3.10880829015545,Downtrend
2022-05-27 20:00:00,324.37,328.29,323.85,328.05,4101,70,0,69.24307036247336,6795.7,0.6034698412231264,0,6.7957142857142765,2.0715483266923567,312.6725,4.918085216960237,311.4584,5.327067756079152,334.0723,-1.8026936085392213,0,0,328.03629184966877,297.30870815033126,9.82740205785207,14.46166350292837,328.29,298.93,1,0,331.56,293.48,1,0,1.1345068902796296,1.1376248612652602,Downtrend
2022-05-31 16:00:00,323.28,329.35,322.77,327.66,7141,70,0,68.5668620138519,6823.35,1.046553379205229,0,6.864285714285708,2.0949416206695073,313.90299999999996,4.382564040483864,311.67800000000005,5.1277279756671845,333.74405,-1.8229688289573973,0,0,329.9487833122976,297.8572166877023,10.223402332757354,16.008153413395256,329.35,298.93,1,0,329.35,293.48,1,0,-0.11888431641517982,1.3924990716672854,Downtrend
2022-05-31 20:00:00,327.66,329.03,325.27,326.55,7348,70,0,66.81369089625971,6928.15,1.0606005932319595,0,6.858571428571423,2.1003127939278587,315.075,3.641990002380393,311.7928,4.733015002270743,333.42775,-2.0627407286885964,0,0,331.22531431989864,298.92468568010133,10.251726934792451,17.26268168028829,329.35,298.93,1,0,329.35,293.48,1,0,-0.3387657938106581,0.6720720165243416,Downtrend
2022-06-01 16:00:00,325.51,326.41,315.36,316.81,6417,70,0,61.43737832576251,7019.55,0.9141611641771908,0,6.9221428571428545,2.1849508718610062,315.3835,0.4523064776692426,311.8228,1.5993698985449525,333.0517,-4.876630264910817,0,0,331.4123729944943,299.35462700550573,10.164687115523984,18.061593125144363,329.35,298.93,0,0,329.35,293.48,0,0,-2.982697902312048,-3.426306965401618,Downtrend
2022-06-01 20:00:00,317.01,322.45,316.43,321.06,6493,70,0,61.888728555395225,7064.65,0.919083040207229,0,6.806428571428569,2.1199864733783618,315.805,1.664001519925269,312.0008,2.903582298506919,332.70489999999995,-3.500068679481412,0,0,331.97176447790815,299.63823552209186,10.238447445675746,19.13028269862632,329.35,298.93,0,0,329.35,293.48,0,0,1.3414980587733938,-2.0142830983336455,Downtrend
2022-06-02 16:00:00,321.32,324.16,318.39,323.47,8338,70,0,54.52458389133348,7224.05,1.1542002062554937,0,6.134285714285714,1.8964001960879568,316.47450000000003,2.2104466552597417,312.1544,3.6250009610628644,332.4343999999999,-2.6965921697633877,0,0,332.7516541221349,300.1973458778652,10.286550178377622,17.146369381811102,329.35,298.93,1,0,329.35,293.48,1,0,0.7506385099358415,-0.9431939978563724,Downtrend
2022-06-02 20:00:00,323.61,324.85,321.62,323.67,7405,70,0,57.377049180327866,7311.45,1.0127949996238776,0,6.086428571428574,1.8804426024743022,317.3385,1.9951881035550383,312.37760000000003,3.6149839169005666,332.15184999999997,-2.5536061292447876,0,0,333.19071521959506,301.48628478040496,9.990729280938211,14.95310987009564,329.35,298.93,1,0,329.35,293.48,1,0,0.06182953596933771,2.1653356901613,Downtrend
2022-06-03 16:00:00,320.68,321.07,317.01,319.73,6327,70,0,60.24349286314021,7253.5,0.8722685600055146,0,5.812142857142861,1.8178284355996812,317.9875,0.5479775148394219,312.4372,2.3341650738132333,332.01255000000003,-3.699423410350004,0,0,333.05799662157796,302.91700337842207,9.478672351320693,15.227552886625515,329.35,298.93,0,0,329.35,293.48,0,0,-1.217289214323225,-0.41425278764093443,Downtrend
2022-06-03 20:00:00,319.55,320.88,317.32,318.27,5281,70,0,55.03636764381749,7156.5,0.7379305526444491,0,5.65571428571429,1.7770177163145413,318.52650000000006,-0.0805270519093619,312.4424,1.8651757892014529,331.836,-4.088164032835506,0,0,332.764264867457,304.28873513254314,8.939767879568523,15.386802447265596,329.35,298.93,0,0,329.35,293.48,0,0,-0.4566352860225886,-1.6075679352026602,Downtrend
2022-06-06 16:00:00,321.06,324.84,318.88,320.66,5214,70,0,60.530973451327455,7059.95,0.7385321425789134,0,5.8300000000000045,1.8181251169462995,319.42400000000004,0.38694650370666883,312.61920000000003,2.5720749077471856,331.69095,-3.3256710802631066,0,0,331.5736916140175,307.2743083859826,7.607250309317681,15.743621142067948,329.35,298.93,0,0,329.35,293.48,0,0,0.7509347409432321,-0.9299595266784042,Downtrend
2022-06-06 20:00:00,320.67,322.43,319.58,320.13,5596,70,0,56.5515610217597,6922.45,0.8083843148018404,0,5.499285714285723,1.7178289177164665,320.119,0.003436222154875923,312.925,2.302468642645996,331.5579,-3.446728308992192,0,0,330.5610967847983,309.6769032152018,6.523884420979856,15.271888767094785,329.35,305.79,0,0,329.35,293.48,0,0,-0.16528410154058593,0.12510555781439878,Downtrend
2022-06-07 16:00:00,317.93,320.59,316.2,319.53,4626,71,0,42.70613107822407,6655.8,0.6950329036329217,0,5.082857142857149,1.5907292407151596,320.1585,-0.19630901569067538,313.2036,2.0199001544043487,331.38105,-3.576260622024115,0,0,330.5845973674585,309.7324026325415,6.513084842325605,16.205321310110335,329.35,305.79,0,0,329.35,293.48,0,0,-0.18742385905726744,0.395890281836174,Downtrend
2022-06-07 20:00:00,319.58,321.4,319.26,321.07,4730,70,0,46.87593423019429,6489.85,0.728830404400718,0,5.072142857142865,1.5797623126243074,320.3975,0.20989552040824713,313.4284,2.438068790192587,331.24954999999994,-3.0730758728577747,0,0,330.66820207203807,310.1267979279619,6.411224851653394,17.044652636269493,329.35,305.79,0,0,329.35,293.48,0,0,0.48195787562983483,0.12786128609741412,Downtrend
2022-06-08 16:00:00,315.73,319.02,313.25,314.62,4075,70,0,37.39984492116832,6346.75,0.6420608973096467,0,5.355714285714291,1.7022803018607497,320.63,-1.874434706671238,313.3968,0.3903039214184765,331.09915,-4.977104290361363,0,0,330.08493911583497,311.175060884165,5.897725799728644,18.796501971783027,329.35,308.98,0,1,329.35,293.48,0,0,-2.008907714828534,-1.7211757723424832,Downtrend
2022-06-08 20:00:00,314.62,315.14,312.06,314.13,4136,70,0,30.394366197183174,6175.55,0.669737918080171,0,5.258571428571433,1.6740112146472585,320.6515,-2.0338280032995333,313.4004,0.23280123445917905,330.9545499999999,-5.083643660436134,0,0,330.04182262210963,311.26117737789036,5.857027097711775,20.547187890599616,329.35,309.72,0,1,329.35,293.48,0,0,-0.15574343652661193,-1.6899821612994015,Downtrend
2022-06-09 16:00:00,312.15,312.31,307.49,310.03,5798,70,0,27.518490181076317,6155.9,0.9418606540067254,0,5.262857142857143,1.6975315752853413,320.596,-3.295736690414113,313.3036,-1.0448651084762652,330.8513,-6.293250170091522,0,0,330.2329058148425,310.9590941851575,6.011869028211532,22.722925694191787,329.35,307.49,0,1,329.35,293.48,0,0,-1.3051921179129677,-3.438502507241418,Downtrend
2022-06-09 20:00:00,310.04,310.32,303.57,303.57,4760,70,0,24.21454219030528,6041.75,0.7878512020523855,0,5.476428571428572,1.8040084894517152,320.045,-5.147713602774616,312.9092,-2.9846357985000136,330.6548,-8.191261702536915,0,0,332.087668877128,308.002331122872,7.52560975933259,25.274664174100163,329.35,303.57,0,1,329.35,293.48,0,0,-2.0836693223236447,-3.51217341554892,Downtrend
2022-06-10 16:00:00,296.6,298.13,287.14,287.27,7327,70,0,21.107198748043885,6144.7,1.1924097189447818,0,5.850714285714288,2.036660384207988,318.1905,-9.717606276743023,312.42920000000004,-8.052768435216699,330.40945,-13.056360827452124,0,0,336.97274746935085,299.4082525306491,11.80566199767175,29.415842915123335,329.35,287.14,0,1,329.35,287.14,0,1,-5.369437032644864,-8.550600070034703,Downtrend
2022-06-10 20:00:00,287.27,289.58,286.42,286.59,5538,70,0,13.753943217665721,5776.6,0.9586954263753764,0,5.646428571428572,1.9702113023582724,316.36199999999997,-9.410738331405161,311.9092,-8.11749060303448,330.1371,-13.190610809872627,0,0,339.67993220045895,293.044067799541,14.741297754129121,33.15793554042693,329.35,286.42,0,1,329.35,286.42,0,1,-0.23671110801685158,-7.560558655613973,Downtrend
2022-06-13 16:00:00,282.13,285.89,278.22,283.13,7969,70,0,8.497942386831369,5931.0,1.3436182768504468,0,5.832142857142851,2.0598816293373545,314.3,-9.917276487432394,311.339,-9.060541724615291,329.8133,-14.15446253986726,0,0,341.59140678328015,287.0085932167199,17.366469477111128,38.13896497291213,329.35,278.22,0,1,329.35,278.22,0,1,-1.2072996266443314,-6.733208156273676,Downtrend
2022-06-13 20:00:00,283.11,285.97,280.7,282.9,8142,70,0,8.081431215299304,6133.05,1.3275613275613276,0,5.977857142857139,2.1130636772206217,312.0425,-9.339272695225823,310.7538,-8.96330149462373,329.51855,-14.147473639951386,0,0,341.89431145874346,282.1906885412566,19.133170294907544,43.40368528395445,329.35,278.22,0,1,329.35,278.22,0,1,-0.08123476848092004,-1.5212169735788648,Downtrend
2022-06-14 16:00:00,284.21,288.72,283.24,285.59,6901,70,0,13.972140143520548,6121.05,1.1274209490201843,0,5.91785714285714,2.072151385852845,309.93899999999996,-7.856061999296633,310.27099999999996,-7.954658991655678,329.2432,-13.258648925778886,0,0,341.0591568795929,278.81884312040705,20.081472082953688,48.06655503264097,329.03,278.22,0,0,329.35,278.22,0,0,0.9508660303994443,-0.3489305279318888,Downtrend
2022-06-14 20:00:00,285.58,287.63,280.81,282.1,6061,70,0,13.39809755110312,6056.7,1.0007099575676524,0,6.150714285714282,2.180331189547778,307.7165,-8.324707969835863,309.7444,-8.924907116964814,328.95239999999995,-14.242911740421999,0,0,340.1624039828313,275.2705960171687,21.08817953072473,52.90047592833376,326.41,278.22,0,1,329.35,278.22,0,1,-1.222031583738914,-0.3637904849362387,Downtrend
2022-06-15 16:00:00,287.4,291.33,285.61,287.12,3795,70,0,17.77478862413527,5925.6,0.6404414742810854,0,6.34071428571428,2.208384747044539,306.232,-6.241019880352158,309.463,-7.219926130102797,328.6911,-12.647467485429328,0,0,339.62896967028365,272.8350303297164,21.81154789197969,57.07712199460292,324.85,278.22,0,0,329.35,278.22,0,0,1.7795108117688807,1.491693177801353,Downtrend
2022-06-15 20:00:00,287.03,294.08,283.56,289.81,8410,70,0,22.029520295202943,6021.45,1.3966735586943344,0,6.88857142857142,2.376926754967537,304.6695,-4.8772522356192605,309.1718,-6.262472838725917,328.409,-11.753331973240682,0,0,338.06957215560993,271.2694278443901,21.92544521562539,61.232445775479114,324.85,278.22,0,0,329.35,278.22,0,0,0.9368904987461679,1.4776427746069636,Downtrend
2022-06-16 16:00:00,280.74,284.22,278.67,283.99,7511,70,0,20.094244362167643,5980.1,1.25599906356081,0,7.370714285714278,2.5954133193824704,302.6955,-6.179642578102407,308.7446,-8.017824441301965,328.07,-13.436156917730969,0,0,336.08374972950736,269.3072502704926,22.060618495819977,64.01114843600297,324.85,278.22,0,0,329.35,278.22,0,0,-2.0082122770090693,0.6699751861042135,Downtrend
2022-06-16 20:00:00,283.99,285.73,281.94,284.67,8008,70,0,18.92076502732239,6010.25,1.332390499563246,0,7.488571428571423,2.630614897450178,300.7455,-5.345217135418477,308.4186,-7.70011925350806,327.72380000000004,-13.13722103795941,0,0,333.5258577097459,267.9651422902541,21.79940029675981,66.79659921228956,324.84,278.22,0,0,329.35,278.22,0,0,0.23944505088207002,-0.8533017553636071,Downtrend
2022-06-17 16:00:00,282.82,285.67,277.68,281.69,7847,70,0,20.112543111272444,6086.25,1.2892996508523311,0,7.500714285714281,2.662754902806021,298.8435,-5.73996088253551,308.07640000000004,-8.56488844974819,327.3279,-13.942563405074852,0,0,331.3994277648715,266.2875722351285,21.787944368789358,68.3185582363512,324.84,277.68,0,1,329.35,277.68,0,1,-1.0468261495767073,-2.801835685449089,Downtrend
2022-06-17 20:00:00,281.69,285.5,279.14,279.25,7637,70,0,19.42496493688637,6204.05,1.230970092117246,0,7.734999999999998,2.7699194270367045,296.8925,-5.942386554055756,307.6806,-9.240296593285382,326.90825,-14.578478823951372,0,0,329.22256869935813,264.56243130064183,21.77897299484369,69.08956397563041,324.84,277.68,0,1,329.35,277.68,0,1,-0.8662004331002171,-1.669072854677985,Downtrend
2022-06-21 16:00:00,286.03,287.63,282.54,284.4,5395,70,0,27.93940437252536,6213.1,0.8683266002478633,0,7.859285714285712,2.763461924854329,295.0795,-3.619194149373311,307.192,-7.41946404854294,326.51875,-12.89933579618323,0,0,325.8256165540926,264.3333834459074,20.839208792269627,68.56338038245158,322.43,277.68,0,0,329.35,277.68,0,0,1.8442256042972227,-0.09484666455897658,Downtrend
2022-06-21 20:00:00,284.4,285.91,282.67,284.48,4822,70,0,31.541287952040236,6174.4,0.7809665716506867,0,7.608571428571428,2.6745540735979425,293.29699999999997,-3.0061678094218323,306.748,-7.259379034256123,326.1295,-12.7708471634734,0,0,321.99346308666213,264.6005369133378,19.568194074035645,67.52005871029738,321.4,277.68,0,0,329.35,277.68,0,0,0.02812939521801283,0.9904504952252549,Downtrend
2022-06-22 16:00:00,281.23,285.68,280.59,284.11,6078,70,0,45.58412520961435,6247.0,0.9729470145669922,0,6.798571428571429,2.3929363375352604,291.526,-2.543855436564834,306.36920000000003,-7.265482300440129,325.74555,-12.78161743115139,0,0,317.66355144977103,265.388448550229,17.93154054854183,64.77113269528621,321.4,277.68,0,0,329.35,277.68,0,0,-0.1300618672665954,1.740376007162046,Downtrend
2022-06-22 20:00:00,284.11,285.6,283.23,283.65,5472,70,0,45.866141732283474,6284.1,0.8707690838783596,0,6.74214285714286,2.3769232706303054,289.65500000000003,-2.073155995926206,305.98,-7.297862605399058,325.37260000000003,-12.823021975421426,0,0,311.9649491612801,267.34505083871994,15.404497875942127,61.89361873151444,319.02,277.68,0,0,329.35,277.68,0,0,-0.16190911970717092,-0.2637130801687764,Downtrend
2022-06-23 16:00:00,282.1,284.11,278.39,279.68,7757,70,0,45.21763238148047,6468.2,1.1992517238180638,0,6.552857142857151,2.342983818241258,287.908,-2.8578573711046613,305.36080000000004,-8.409985826602508,324.94939999999997,-13.931215136879763,0,0,307.26310225128896,268.5528977487111,13.44533826867537,57.810540773683044,315.14,277.68,0,1,329.35,277.68,0,1,-1.3996121981314946,-1.6872890888638958,Downtrend
2022-06-23 20:00:00,279.51,286.2,279.1,285.83,6202,70,0,53.48892593474638,6571.5,0.9437723503005402,0,6.683571428571432,2.338302987290149,286.49300000000005,-0.23141926678839192,304.8248,-6.231382748385301,324.5445,-11.928872619933488,0,0,301.40414186033064,271.58185813966946,10.409428405113273,53.085032157278235,312.31,277.68,0,0,329.35,277.68,0,0,2.198941647597241,0.605399317165876,Downtrend
2022-06-24 16:00:00,293.21,302.5,290.86,300.98,6954,70,0,64.13223140495873,6629.3,1.0489795302671474,0,7.45857142857143,2.478095364665901,286.04049999999995,5.22286179754268,304.64279999999997,-1.2023261340822589,324.22860000000003,-7.170434687131243,0,0,298.24846025895255,273.83253974104736,8.535826401472937,49.184553736574564,310.32,277.68,0,0,329.35,277.68,0,0,5.300353356890475,6.109642164639535,Downtrend
2022-06-24 20:00:00,300.99,302.58,300.31,302.58,5433,70,0,69.48249619482493,6662.95,0.8154045880578422,0,7.133571428571429,2.35758193818872,285.991,5.800532184579235,304.5666,-0.652271128876249,323.9042,-6.583489809641252,0,0,297.90415575319804,274.07784424680193,8.33114031784081,45.633164978361776,302.58,277.68,1,0,329.35,277.68,0,0,0.5315967838394497,8.187929061784889,Downtrend
2022-06-27 16:00:00,301.85,303.22,299.1,300.37,5080,70,0,63.31658291457286,6550.6,0.7755014807803865,0,6.768571428571432,2.2534112689587613,286.646,4.7877870265065585,304.439,-1.3365567486425907,323.56715,-7.1691919281670025,0,0,300.18483210387063,273.1071678961294,9.446377834590832,41.408377410011056,303.22,277.68,1,0,329.35,277.68,0,0,-0.7303853526340109,5.0869397893853066,Downtrend
2022-06-27 20:00:00,300.41,301.0,298.41,300.38,5545,70,0,61.22795835988952,6550.95,0.8464421190819652,0,6.20214285714286,2.064765582642939,287.3355,4.539814954991629,304.2968,-1.2871643737298661,323.22185,-7.06692632320495,0,0,302.2018257415068,272.46917425849324,10.347712511337292,37.54751250557162,303.22,277.68,1,0,329.35,277.68,0,0,0.0033292272863416628,-0.1993487939398042,Downtrend
2022-06-28 16:00:00,307.35,308.14,300.15,301.87,4887,70,0,70.91717360786149,6396.85,0.7639697663693849,0,5.977142857142861,1.9800387110818767,288.2725,4.716891135991128,304.28,-0.7920336532141345,322.86940000000004,-6.503992016586284,0,0,304.3367943396694,272.2082056603306,11.145214572787486,35.58149024847948,308.14,277.68,0,0,329.35,277.68,0,0,0.49603835142153496,-0.23464868795028737,Downtrend
2022-06-28 20:00:00,301.82,302.25,298.37,299.09,4957,70,0,66.07939339875105,6237.6,0.7946966782095677,0,5.983571428571431,2.0005922727511556,289.082,3.4619934828180177,304.1372,-1.6595141929366193,322.49545,-7.257606270103975,0,0,305.6307548903538,272.5332451096462,11.449176974252143,33.190689031292024,308.14,277.68,0,0,329.35,277.68,0,0,-0.9209262265213569,-0.4261410926524052,Downtrend
2022-06-29 16:00:00,300.25,307.05,299.12,303.19,5504,70,0,73.38990426457788,6167.75,0.8923837704187102,0,5.981428571428576,1.9728317462411609,289.96200000000005,4.561977086652717,303.8262,-0.20939602970381552,322.13870000000003,-5.882155729814527,0,0,307.5669916366431,272.357008363357,12.142964689609695,32.324651416920645,308.14,277.68,1,0,329.35,277.68,0,0,1.3708248353338615,0.9354817231506767,Downtrend
2022-06-29 20:00:00,303.03,305.5,302.24,302.57,5923,70,0,76.41594925237877,6160.85,0.9613933142342371,0,5.760000000000003,1.9036917077040034,290.9855,3.981126207319606,303.55179999999996,-0.32343738366893704,321.80215,-5.976389530026443,0,0,309.0403538159616,272.9306461840384,12.409452578194873,31.511573808693242,308.14,277.68,1,0,329.35,277.68,0,0,-0.20449223259342286,0.231887898764365,Downtrend
2022-06-30 16:00:00,295.28,299.87,291.68,299.03,8303,71,0,67.19962379496822,6386.25,1.3001370131141123,0,5.939285714285717,1.9861838993698682,291.581,2.5546932070333646,303.33299999999997,-1.4185729874428428,321.44455,-6.973068916551865,0,0,309.8829917236509,273.27900827634915,12.553624360744267,29.028315452640488,308.14,277.68,0,0,329.35,277.68,0,0,-1.1699771953597615,-0.02006085124878875,Downtrend
2022-06-30 20:00:00,299.21,299.62,295.41,297.08,7303,70,0,64.18918918918914,6330.9,1.1535484686221549,0,6.008571428571429,2.022543230298717,291.94449999999995,1.7590672199681916,303.0006,-1.9539895300537475,321.1182,-7.485779379680135,0,0,310.38663536557135,273.50236463442855,12.634000890971677,26.794800111743115,308.14,277.68,0,0,329.35,277.68,0,0,-0.6521084840985791,-2.0152379695900304,Downtrend
2022-07-01 16:00:00,295.88,299.77,291.11,295.02,7006,70,0,61.83553916250809,6305.65,1.1110670589074878,0,6.263571428571424,2.1231006130334977,292.496,0.8629177834910566,302.6782,-2.5301458777011434,320.7832,-8.031343287304335,0,0,310.5930208656143,274.3989791343857,12.3742005809408,25.590693395562358,308.14,277.68,0,0,329.35,277.68,0,0,-0.6934159149050823,-2.495290346035632,Downtrend
2022-07-01 20:00:00,294.84,299.26,294.84,298.68,5532,70,0,65.24650030432139,6181.85,0.894877746952773,0,6.409999999999997,2.1461095486808612,293.19649999999996,1.870247427919518,302.36,-1.2170922079640185,320.47845,-6.801845802736503,0,0,311.101611619457,275.2913883805429,12.21372807619262,24.482678253958007,308.14,277.68,0,0,329.35,277.68,0,0,1.2405938580435372,-0.11704511253050394,Downtrend
2022-07-05 16:00:00,289.18,294.8,287.68,293.22,6962,70,0,63.33202048050415,6137.6,1.1343196037539103,0,6.787142857142852,2.3146930145088502,293.773,-0.18824058031200866,301.73720000000003,-2.8227212289369694,320.135,-8.407390632077082,0,0,310.8411039553763,276.70489604462375,11.619926920020745,23.544788727804097,308.14,278.39,0,0,329.35,277.68,0,0,-1.8280433909200422,-1.299313316278429,Downtrend
2022-07-05 20:00:00,293.3,296.99,292.54,296.99,5605,70,0,61.52892561983473,6036.0,0.9285950960901259,0,6.597857142857139,2.221575522023347,294.65999999999997,0.790741871988068,301.2138,-1.402259790222089,319.80379999999997,-7.133686341438082,0,0,310.3374528006224,278.98254719937756,10.641045815938645,23.115120984601656,308.14,278.39,0,0,329.35,277.68,0,0,1.2857240297387662,0.6677513388922878,Downtrend
2022-07-06 16:00:00,295.09,295.37,290.18,292.05,6748,70,0,38.30845771144277,6103.65,1.1055679798153564,0,5.893571428571424,2.018000831560152,295.04249999999996,-1.0142606573629054,300.5674,-2.833773722632597,319.47965,-8.585726821724007,0,0,310.0237892073994,280.06121079260055,10.155343184388293,24.12626393103566,308.14,278.39,0,0,329.35,277.68,0,0,-1.6633556685410222,-2.2197669746886284,Downtrend
2022-07-06 20:00:00,292.05,295.63,290.84,293.34,7020,70,0,37.803590285110864,6213.55,1.129788929034127,0,6.073571428571427,2.0704886577253108,295.4855,-0.7260931585475521,299.8732,-2.1786541778325046,319.14955,-8.08697677938133,0,0,309.6536072167462,281.3173927832538,9.589714024374254,24.65642075118866,308.14,278.39,0,0,329.35,277.68,0,0,0.441705187467889,0.040924902803338,Downtrend
2022-07-07 16:00:00,296.36,298.04,293.23,295.19,5908,70,0,43.09701492537313,6205.05,0.9521277024359192,0,6.122857142857141,2.0742088630567235,296.0395,-0.2869549502684533,299.2238,-1.34808795289679,318.8724,-7.426920611504799,0,0,309.16271763336204,282.9162823666379,8.865855828943138,25.28782322707823,308.14,278.39,0,0,329.35,277.68,0,0,0.6306674848298943,-0.6060810128287186,Downtrend
2022-07-07 20:00:00,295.19,298.68,294.8,298.11,5036,70,0,47.19267870393275,6183.25,0.8144584158816156,0,6.214999999999999,2.08480091241488,296.7625,0.4540668042626764,298.655,-0.1824848068841838,318.6204,-6.437252605294577,0,0,308.53554839117743,284.98945160882255,7.934323501909736,25.848528090556044,308.14,278.39,0,0,329.35,277.68,0,0,0.9891934008604775,2.074987159732923,Downtrend
2022-07-08 16:00:00,298.47,299.59,294.25,295.22,4883,70,0,42.05115945493668,6039.55,0.8085039448303267,0,6.025714285714282,2.041092841174135,297.5395,-0.7795603608932422,298.2232,-1.007030975457306,318.3807,-7.274530145828552,0,0,306.20722713484696,288.871772865153,5.826269880030709,25.9342527910128,308.14,279.1,0,0,329.03,277.68,0,0,-0.9694408104390928,0.6408945251244469,Downtrend
2022-07-08 20:00:00,295.23,297.18,294.75,296.07,4200,70,0,46.21553884711781,5939.45,0.707136182643174,0,5.9221428571428545,2.000250905915106,298.0515,-0.6648179928636436,297.72339999999997,-0.5553476817744177,318.13335,-6.935252151338429,0,0,304.80535667600014,291.2976433239998,4.53200649954801,26.371815378312757,308.14,287.68,0,0,326.41,277.68,0,0,0.2879208725695914,0.2981130797113708,Downtrend
2022-07-11 16:00:00,293.29,295.96,291.28,294.13,5608,70,0,37.996820349761514,5872.15,0.955016476077757,0,5.695714285714282,1.936461525758774,297.709,-1.2021806529194643,297.1366,-1.0118578458527128,317.8828,-7.472187862948225,0,0,304.53195166871615,290.88604833128386,4.583638162578991,27.150053503468563,308.14,287.68,0,0,324.85,277.68,0,0,-0.6552504475292986,-1.3350776558988353,Downtrend
2022-07-11 20:00:00,294.13,295.34,292.09,292.59,5809,70,0,37.092602172788375,5890.95,0.9860888311732403,0,5.694999999999998,1.9464096517310907,297.20950000000005,-1.5542908285233388,296.515,-1.3237104362342584,317.62785,-7.8827627992948495,0,0,303.9935788072597,290.4254211927404,4.565183015522501,27.92829162862436,308.14,287.68,0,1,324.85,277.68,0,0,-0.523578009723602,-0.89086105277422,Downtrend
2022-07-12 16:00:00,290.06,298.72,290.06,297.99,5163,70,0,48.716683119447225,5895.1,0.8758121151464775,0,5.535714285714286,1.8576845819370735,297.0905,0.30276969475630794,296.0802,0.6450279349986991,317.39555,-6.113995612099793,0,0,303.7229544158931,290.4580455841069,4.464938741489955,28.95459435689566,308.14,287.68,0,0,324.85,277.68,0,0,1.845585973546604,0.6484952882764264,Downtrend
2022-07-12 20:00:00,298.04,298.5,291.3,292.12,3907,70,0,44.41944194419443,5813.2,0.6720911030069497,0,5.7492857142857146,1.9681246454490327,296.6775,-1.5361798586006705,295.55719999999997,-1.1629559354331285,317.1531,-7.893064895156312,0,0,303.4741489420933,289.88085105790674,4.58184320826033,29.980897085166955,308.14,287.68,0,1,324.84,277.68,0,0,-1.9698647605624342,-0.6833712984054638,Downtrend
2022-07-13 16:00:00,287.4,290.1,285.17,289.66,7669,70,0,44.02319357716329,5952.3,1.2884095223695042,0,5.627142857142859,1.9426717037709242,296.067,-2.16403719428372,294.9372,-1.789262256507485,316.9457,-8.60895099696887,0,0,303.0895594374547,289.04444056254533,4.743898804969601,31.659035522303714,307.05,285.17,0,1,324.84,277.68,0,0,-0.8421196768451211,-1.0014012782391573,Downtrend
2022-07-13 20:00:00,289.67,290.76,287.14,289.49,6248,70,0,38.8875453446191,6016.85,1.0384171119439574,0,5.570000000000001,1.924073370410032,295.587,-2.062675286802187,294.3244,-1.6425413591261941,316.69645,-8.59070254813403,0,0,303.03878212524074,288.13521787475923,5.042022907124301,33.13508062412507,307.05,285.17,0,1,324.84,277.68,0,0,-0.05868949803218282,-2.852444712909829,Downtrend
2022-07-14 16:00:00,280.01,281.75,277.41,279.26,7773,70,0,34.865568083261024,6130.3,1.267964047436504,0,5.647142857142858,2.0221810703798817,294.3905,-5.139601991232729,293.519,-4.8579478670886775,316.35185,-11.724872163700013,0,0,304.05754760894644,284.7234523910535,6.56749970460763,35.287799668543094,305.5,277.41,0,1,322.43,277.41,0,1,-3.533800822135491,-4.402300424483093,Downtrend
2022-07-14 20:00:00,279.25,282.07,278.22,280.97,6510,70,0,31.820245120290565,6159.65,1.0568782317177112,0,5.604285714285713,1.9946206763304668,293.3105,-4.207316137676614,292.717,-4.013091142639463,316.00935000000004,-11.088073818068994,0,0,303.91113250347064,282.70986749652934,7.228266634485059,37.99765650240858,299.87,277.41,0,1,321.4,277.41,0,1,0.612332593282261,-3.0000690464682718,Downtrend
2022-07-15 16:00:00,284.92,293.89,283.89,292.84,5120,70,0,50.77466169837219,6000.5,0.8532622281476544,0,6.040714285714281,2.0628036763127584,293.00100000000003,-0.05494861792282558,292.2814,0.1911171904883293,315.77234999999996,-7.262304631801989,0,0,303.25428270924704,282.74771729075303,6.998803901179178,36.08616534751096,299.77,277.41,0,0,321.4,277.41,0,0,4.224650318539336,1.1572075028498277,Downtrend
2022-07-15 20:00:00,292.84,296.01,292.44,292.7,3828,70,0,49.357945425361166,5826.75,0.6569700090101687,0,5.953571428571422,2.0340182536971034,292.78200000000004,-0.02800718623414365,291.8528,0.2902833209069732,315.5327,-7.236238906458821,0,0,302.8539487478294,282.7100512521707,6.88016937368374,34.01510527496727,299.77,277.41,0,0,319.02,277.41,0,0,-0.0478076765469182,4.812719329656949,Downtrend
2022-07-18 16:00:00,308.17,310.67,298.48,298.61,3858,70,0,53.17254174397033,5669.35,0.6805012920352421,0,6.893571428571424,2.3085534404646273,292.9615,1.9280690466153445,291.6244,2.395409986270022,315.38055,-5.3175600080601075,0,0,303.32512317257397,282.59787682742603,7.075075170337376,33.99580288049917,310.67,277.41,0,0,315.14,277.41,0,0,2.019132217287334,6.278250347012131,Downtrend
2022-07-18 20:00:00,298.61,301.26,298.12,300.64,4266,70,0,52.38634219958496,5606.05,0.7609636018230305,0,6.84071428571428,2.2753839428267297,293.0595,2.5866760845493735,291.56579999999997,3.1122305839711037,315.2453,-4.632995321421128,0,0,303.6845775353187,282.43442246468135,7.251140150937722,34.07252128856066,310.67,277.41,0,0,312.31,277.41,0,0,0.679816483038076,2.6635705504712512,Downtrend
2022-07-19 16:00:00,304.81,316.81,304.53,316.45,5279,70,0,66.10040952525402,5521.9,0.9560115177746791,0,7.614285714285712,2.406157596551023,294.221,7.5552051009275285,292.1494,8.31786750203833,315.15535,0.4107974051527255,0,0,309.13370302724826,279.30829697275175,10.137075890061046,33.91720908196407,316.81,277.41,1,0,316.81,277.41,1,0,5.258781266631196,8.114110010249401,Uptrend
2022-07-19 20:00:00,316.45,318.78,315.85,317.29,4531,70,0,66.09526699029126,5468.2,0.8286090486814675,0,7.649999999999993,2.41104352485108,295.236,7.4699562383991225,292.7634,8.377618240531442,315.06355,0.7066669565552727,0,0,313.3598620259809,277.1121379740191,12.277542051769354,34.09153577773352,318.78,277.41,1,0,318.78,277.41,1,0,0.26544477800600763,6.25565118381836,Uptrend
2022-07-20 16:00:00,317.34,320.68,315.68,317.7,5687,70,0,68.30253144898273,5415.15,1.0502017487973556,0,7.664999999999992,2.4126534466477785,296.5185,7.14339914710211,293.4548,8.261987876838276,314.98215,0.8628584191199402,0,0,317.1497887318459,275.88721126815415,13.915684000725667,33.05544333586982,320.68,277.41,1,0,320.68,277.41,1,0,0.12921932616847265,5.674560936668441,Uptrend
2022-07-20 20:00:00,317.69,321.78,316.45,321.19,5203,70,0,71.55562255049745,5324.3,0.9772176624157166,0,7.81357142857142,2.43269448879835,297.911,7.814078701357116,294.2206,9.166387397755292,314.9243,1.9895892441453331,0,0,321.2241396426982,274.5978603573018,15.651076759635071,32.07621289294869,321.78,277.41,1,0,321.78,277.41,1,0,1.0985206169342066,1.4978669616053117,Uptrend
2022-07-21 16:00:00,321.09,326.74,320.53,326.22,8578,70,0,71.39608913142338,5457.8,1.5716955549855252,0,7.63857142857142,2.3415398898201887,299.4625,8.93517552281172,295.0332,10.570606968978408,314.9217,3.5876536929655978,0,0,325.9299154187241,272.9950845812759,17.6766142129476,33.56269817849352,326.74,277.41,1,0,326.74,277.41,1,0,1.566051246925504,2.8144599577673444,Uptrend
2022-07-21 20:00:00,326.28,326.54,323.85,326.16,8006,70,0,78.29122340425533,5606.3,1.4280363162870342,0,7.316428571428564,2.2432022845930106,300.865,8.407425257175149,295.9144,10.22106392929848,314.9081,3.5730741762438103,0,0,329.88069992444105,271.849300075559,19.288185680914054,35.04918346403835,326.74,277.41,1,0,326.74,277.41,1,0,-0.018392495861685454,2.662889518413609,Uptrend
2022-07-22 16:00:00,327.19,328.59,322.03,323.7,5649,71,0,78.29122340425525,5644.6,1.000779506076604,0,7.288571428571422,2.2516439383909246,302.289,7.082957037801576,296.64599999999996,9.119961165834036,314.9036,2.7933627942011476,0,0,332.8903146604408,271.68768533955915,20.246396435491093,36.996335503656724,328.59,277.41,1,0,328.59,277.41,1,0,-0.754231052244303,0.7814689124817057,Uptrend
2022-07-22 20:00:00,323.86,323.99,321.6,323.55,4892,70,0,78.31725972730294,5679.2,0.8613889280180307,0,7.200714285714278,2.2255336998035165,303.663,6.549036267177759,297.32079999999996,8.821851683434206,314.91595,2.741699809107796,0,0,335.5301215485399,271.7958784514601,20.98847837803084,39.04818361062547,328.59,277.41,1,0,328.59,277.41,1,0,-0.04633920296570615,-0.8184660658451399,Uptrend
2022-07-25 16:00:00,323.21,326.63,321.96,324.04,5065,70,0,94.42460317460318,5652.05,0.896135030652595,0,6.6714285714285655,2.0588287160315284,305.1585,6.187440297419215,298.1218,8.693829166468205,314.89685,2.903538095093695,0,0,337.93622817341776,272.38077182658225,21.482428425501997,42.70598845062796,328.59,277.41,1,0,328.59,277.41,1,0,0.1514449080513014,-0.6499877360804527,Uptrend
2022-07-25 20:00:00,324.11,324.94,322.19,323.72,4635,70,0,93.61354825545808,5593.35,0.828662608275899,0,6.59285714285714,2.0365924696827937,306.715,5.544234876024992,298.9028,8.30276598278772,314.91215,2.7969228878593695,0,0,339.9332914101623,273.4967085898376,21.66068918061546,45.79199821257776,328.59,277.41,1,0,328.59,277.41,1,0,-0.09875324034069877,0.006178560395439807,Uptrend
2022-07-26 16:00:00,322.32,323.86,318.39,319.89,4696,70,0,83.01195997071022,5570.0,0.8430879712746858,0,6.060714285714288,1.8946244914546526,307.81,3.9244988791787088,299.6668,6.748562069605295,314.82815,1.6078136596108044,0,0,341.26030941560833,274.35969058439167,21.734387716843724,50.923909536220705,328.59,277.41,0,0,328.59,277.41,0,0,-1.183121215865579,-1.131200741770986,Uptrend
2022-07-26 20:00:00,319.89,320.04,317.32,317.85,4261,70,0,79.33286680662468,5587.7,0.7625677828086691,0,6.000000000000004,1.8876828692779628,309.0965,2.8319634806605807,300.43879999999996,5.795256804380815,314.75210000000004,0.984234894699664,0,0,341.98037560396097,276.212624396039,21.27741699046154,55.927741218965295,328.59,277.41,0,0,328.59,277.41,0,0,-0.6377192159804812,-1.9102579928403893,Uptrend
2022-07-27 16:00:00,318.95,321.55,317.12,320.29,4135,70,0,77.51269035532994,5411.0,0.7641840694880798,0,5.032857142857146,1.5713438267998208,310.62800000000004,3.1104729773233504,301.1566,6.353305888033001,314.72745,1.7674181263820632,0,0,342.5391137874853,278.7168862125148,20.546192736962055,58.638514284226154,328.59,277.41,0,0,328.59,277.41,0,0,0.7676577001730411,-1.0595576424070206,Uptrend
2022-07-27 20:00:00,320.18,326.02,319.54,324.08,6586,70,0,78.47424684159375,5427.9,1.2133605998636674,0,5.271428571428572,1.6265825016750717,312.3575,3.7529113275653594,301.9486,7.329525621248115,314.7021,2.979929272794815,0,0,343.1755875631919,281.5394124368081,19.73257409422979,61.853590335469924,328.59,277.41,1,0,328.59,277.41,1,0,1.1833026319897577,1.3098252524305223,Uptrend
2022-07-28 16:00:00,325.87,327.35,321.33,326.49,4795,70,0,68.08357348703171,5279.0,0.9083159689335102,0,4.5464285714285735,1.3925169442949474,314.719,3.740161858673933,302.7962,7.824999124823895,314.6748,3.754733458160617,0,0,341.8796657541832,287.5583342458168,17.26026439724528,62.634745017907285,328.59,278.22,1,0,328.59,277.41,1,0,0.7436435448037626,2.71826333176026,Uptrend
2022-07-28 20:00:00,326.49,329.62,326.01,328.68,3427,70,0,69.56372380625211,5124.85,0.6687024986097153,0,4.595000000000007,1.398016307654864,317.10450000000003,3.6503739303604883,303.6968,8.226362609023214,314.68555,4.447121896763302,0,0,339.79781315839966,294.4111868416004,14.312829466878982,63.33206190934249,329.62,283.89,1,0,329.62,277.41,1,0,0.6707709271340567,2.6195010771488296,Uptrend
2022-07-29 16:00:00,330.44,334.77,328.88,333.07,6527,70,0,73.22453913569052,5195.2,1.2563520172466893,0,4.672857142857148,1.4029654855907612,319.116,4.372704596447689,304.7646,9.287627237546625,314.72145,5.830091974982954,0,0,339.7959892089948,298.4360107910052,12.960797458601144,63.860615621029716,334.77,292.44,1,0,334.77,277.41,1,0,1.3356456127540328,2.774006418168357,Uptrend
2022-07-29 20:00:00,333.07,334.54,332.47,333.06,5853,70,0,70.04390408645727,5296.45,1.1050798176136847,0,4.440000000000006,1.3330931363718266,321.134,3.7137145241550216,305.7092,8.946672196976731,314.77335,5.80946576322297,0,0,338.585152156201,303.68284784379904,10.868455010183272,64.22167740818715,334.77,298.12,1,0,334.77,277.41,1,0,-0.0030023718737726135,2.012312781402185,Uptrend
2022-08-01 16:00:00,329.81,334.23,328.6,331.97,4880,70,0,61.19984417608105,5347.55,0.912567437424615,0,4.398571428571431,1.324990640290216,322.802,2.8401311020377835,306.329,8.370412203872313,314.81140000000005,5.450437944750405,0,0,337.3189354457741,308.2850645542259,8.994328068459362,62.27631132836717,334.77,298.12,1,0,334.77,277.41,1,0,-0.32726836005523285,1.0009735913350435,Uptrend
2022-08-01 20:00:00,331.99,332.84,329.28,331.51,5217,70,0,60.26083621020324,5395.1,0.9669885636966876,0,4.460714285714289,1.3455745786595545,324.3455,2.2089099432549473,306.9076,8.016223775494641,314.83459999999997,5.2965588915576705,0,0,334.9885001211537,313.7024998788463,6.56275491483847,60.330945248547195,334.77,304.53,1,0,334.77,277.41,1,0,-0.1385667379582567,-0.46837001230972536,Uptrend
2022-08-02 16:00:00,327.96,331.48,326.85,330.73,6227,70,0,64.41164411644127,5442.5,1.1441433164905834,0,4.325000000000001,1.3077132404075835,325.0595,1.744449862255988,307.5148,7.549295188394198,314.8496,5.043805042153463,0,0,335.3834720528147,314.73552794718535,6.352050657073346,57.0461810611635,334.77,315.68,1,0,334.77,277.41,1,0,-0.23528701999938617,-0.6995736503933178,Uptrend
2022-08-02 20:00:00,330.74,331.24,326.96,327.37,5793,70,0,56.92028985507246,5505.6,1.0522013949433304,0,4.4600000000000035,1.3623728502917198,325.56350000000003,0.5548840702351373,308.0546,6.270122244563142,314.8433,3.9787094087757326,0,0,335.2552637849407,315.87173621505934,5.953839287844423,53.986090295059384,334.77,315.68,0,0,334.77,277.41,0,0,-1.0159344480391908,-1.3856673795824992,Uptrend
2022-08-03 16:00:00,330.83,333.94,329.67,333.36,3763,70,0,64.0785498489426,5409.4,0.6956409213591157,0,4.595714285714288,1.3786039973944948,326.3465,2.14909612942073,308.6844,7.9937956048313525,314.8252,5.887330493238794,0,0,335.892597080672,316.800402919328,5.8502831074774715,48.988108255144674,334.77,316.45,1,0,334.77,277.41,1,0,1.8297339401899926,0.5580525474344734,Uptrend
2022-08-03 20:00:00,333.42,335.04,332.66,332.67,3677,70,0,63.37018225276367,5333.1,0.6894676642103091,0,4.569285714285717,1.3735190171298033,326.9205,1.758684450806851,309.356,7.536301219307213,314.80330000000004,5.675512296090917,0,0,336.5413708983145,317.2996291016855,5.885755649042797,44.20095072295838,335.04,317.12,1,0,335.04,277.41,1,0,-0.20698344132469293,0.5865811991654817,Uptrend
2022-08-04 16:00:00,331.2,333.83,330.23,330.78,5339,70,0,67.26926736441484,5171.15,1.0324589307987586,0,4.435714285714283,1.3409862403150987,327.1485,1.1100463550956094,309.9078,6.734970852621316,314.7557,5.091027739926547,0,0,336.9145082347925,317.38249176520753,5.970382401137391,40.94971485426282,335.04,317.12,1,0,335.04,277.41,1,0,-0.5681305798539205,1.0416348474203403,Uptrend
2022-08-04 20:00:00,330.78,332.5,330.19,331.48,3725,70,0,72.5736999006293,4957.1,0.7514474188537652,0,4.406428571428568,1.329319588339739,327.4145,1.2416982143429944,310.48600000000005,6.761657530452249,314.7253,5.323594893705722,0,0,337.3553831017186,317.47361689828136,6.072353607869299,38.37240055271074,335.04,317.12,1,0,335.04,277.41,1,0,0.2116210169901489,-0.5639548836093099,Uptrend
2022-08-05 16:00:00,330.98,336.51,329.66,334.11,5630,70,0,72.74522712310726,4956.15,1.1359623901617184,0,4.5792857142857075,1.3705922343796078,327.935,1.882995105737421,311.18760000000003,7.366103276608701,314.68765,6.171945419529489,0,0,338.1435031636393,317.7264968363607,6.2259308482713385,36.828918446068485,336.51,317.12,1,0,336.51,277.41,1,0,0.7934113672016352,0.4328613941744064,Uptrend
2022-08-05 20:00:00,334.06,335.05,333.62,334.3,4572,70,0,69.08140403286033,4940.15,0.9254779713166605,0,4.218571428571424,1.2619118841075154,328.47249999999997,1.774121121250651,311.932,7.170793634510083,314.64549999999997,6.24655366118379,0,0,338.8396665417891,318.10533345821085,6.312349765529303,34.14324359469923,336.51,317.12,1,0,336.51,277.41,1,0,0.056867498727952714,1.0641513997218812,Uptrend
2022-08-08 16:00:00,337.28,338.43,334.43,335.86,3464,70,0,68.06787504820667,4860.1,0.7127425361618073,0,4.083571428571422,1.2158552458082004,329.0635,2.0654068287731815,312.7488,7.389700615957598,314.6225,6.7501529610882915,0,0,339.71060145878266,318.4163985412173,6.47115311104555,33.02002664230572,338.43,317.12,1,0,338.43,277.41,1,0,0.4666467244989647,1.3213466875829598,Uptrend
2022-08-08 20:00:00,335.86,336.69,333.99,334.22,3440,70,0,60.91410559495667,4800.35,0.7166144135323466,0,4.01857142857142,1.202373116082646,329.58849999999995,1.405237136611282,313.45959999999997,6.62299065015079,314.5668,6.2477031905465,0,0,340.16143122727885,319.01556877272105,6.415837462337977,31.28506356889961,338.43,317.12,1,0,338.43,277.41,1,0,-0.48829869588518093,0.03292328873724631,Uptrend
2022-08-09 16:00:00,335.0,337.7,334.08,336.53,5505,70,0,57.42489270386261,4840.8,1.1372087258304413,0,3.8421428571428504,1.1416940115718808,330.4205,1.8490075524974898,314.3258,7.064071737032072,314.52505,6.996247198752516,0,0,340.381124531251,320.45987546874903,6.029059656559427,28.13124526811733,338.43,317.12,1,0,338.43,277.41,1,0,0.6911615103823765,0.6670655100209277,Uptrend
2022-08-09 20:00:00,336.61,337.36,334.37,336.13,5085,70,0,56.47952722667792,4882.0,1.0415813191315035,0,3.907857142857137,1.162602904488483,331.3345,1.4473289077955975,315.1086,6.67116035550917,314.4978,6.878331104382928,1,0,339.6587157209161,323.01028427908386,5.024659805070784,25.088056892922264,338.43,317.12,1,0,338.43,277.41,1,0,-0.11886013134043694,0.08039063895670273,Uptrend
2022-08-10 16:00:00,342.29,349.3,341.35,347.31,5833,70,0,72.70574304322079,4966.9,1.174374358251626,0,4.446428571428568,1.280247781932155,332.6855,4.395893418859558,316.2138,9.833916166846612,314.53950000000003,10.418564282069491,0,0,342.154244095009,323.216755904991,5.692309460441778,27.51613320798892,349.3,319.54,1,0,349.3,277.41,1,0,3.3260940707464437,3.9165818921668283,Uptrend
2022-08-10 20:00:00,347.35,349.16,346.19,347.48,4886,70,0,73.84293819050467,4881.9,1.000839836948729,0,4.404285714285712,1.2674932986893381,333.8555,4.080957180576631,317.2966,9.512676782543528,314.5848,10.456703566097296,0,0,344.55046581033037,323.16053418966965,6.406943009973093,29.944209523055566,349.3,321.33,1,0,349.3,277.41,1,0,0.04894762604015224,3.253796095444699,Uptrend
2022-08-11 16:00:00,351.39,355.68,350.74,353.89,4661,70,0,79.60122699386498,4875.2,0.9560633409911389,0,4.657142857142857,1.3159860004924855,335.2255,5.567744697226188,318.4706,11.1217173578974,314.6334,12.476933472415832,0,0,348.6254881775253,321.8255118224747,7.994611494367404,34.28200140483319,355.68,326.01,1,0,355.68,277.41,1,0,1.8447104869344866,5.283670008627612,Uptrend
2022-08-11 20:00:00,353.89,354.08,350.88,351.34,4766,70,0,81.28425998433826,4942.15,0.9643576176360492,0,4.5799999999999965,1.3035805772186477,336.3585,4.4540274736627685,319.53520000000003,9.953457396868934,314.6752,11.65163317604945,0,0,351.1842830537822,321.53271694621776,8.815465078945369,38.492517133296246,355.68,326.85,1,0,355.68,277.41,1,0,-0.7205628867727243,1.1603466643632412,Uptrend
2022-08-12 16:00:00,351.55,352.8,348.85,352.67,4712,70,0,78.69242199108467,4851.4,0.9712660263016862,0,4.392857142857139,1.2455998930606909,337.3385,4.544841457467797,320.68420000000003,9.974236335934226,314.7259,12.056236871512636,0,0,353.75486574307627,320.92213425692375,9.732874097131667,41.79489114152951,355.68,326.85,1,0,355.68,277.41,1,0,0.3785506916377468,1.493611143087371,Uptrend
2022-08-12 20:00:00,352.67,354.16,352.38,353.28,3314,70,0,80.69705093833775,4724.45,0.7014573124914012,0,4.349999999999999,1.2313179347826084,338.3495,4.412744809730765,321.82840000000004,9.772785745446928,314.80145,12.22311714256716,0,0,356.09325795359337,320.6057420464066,10.488419786991491,44.907817421825804,355.68,326.85,1,0,355.68,277.41,1,0,0.17296622905265124,-0.1723699454632834,Uptrend
2022-08-15 16:00:00,351.83,358.03,350.67,357.82,4524,70,0,87.32744340143573,4706.65,0.9611932053583759,0,4.6185714285714266,1.2907527328185755,339.642,5.35210604106677,323.10220000000004,10.745145034605134,314.91285,13.625087067739535,0,0,359.1111968314842,320.17280316851577,11.464540210859802,48.07313596106927,358.03,326.85,1,0,358.03,277.41,1,0,1.2850996376811752,1.8443672795582682,Uptrend
2022-08-15 20:00:00,357.83,358.26,355.11,355.28,3844,70,0,81.26642143983183,4638.0,0.8288055196205261,0,4.678571428571424,1.3168687875961003,340.83050000000003,4.239497345454689,324.356,9.533968849042404,315.0148,12.782002623368804,0,0,361.0953396308255,320.56566036917457,11.891447291733257,50.915816693785125,358.26,326.85,1,0,358.26,277.41,1,0,-0.7098541165949435,0.7400686193892184,Uptrend
2022-08-16 16:00:00,353.7,354.85,351.96,353.93,4785,70,0,76.94399129961941,4565.9,1.047986158260146,0,4.426428571428569,1.2506508550924107,341.9905,3.4911788485352693,325.4748,8.742673779966987,315.1067,12.320683755692919,0,0,362.4757578314496,321.5052421685504,11.98001572058264,52.35809259204519,358.26,326.96,1,0,358.26,277.41,1,0,-0.37998198603916844,0.18399003623189372,Uptrend
2022-08-16 20:00:00,353.93,356.06,352.71,354.51,4288,70,0,77.18590260963147,4490.65,0.9548729025864854,0,4.563571428571428,1.287289901151287,343.34749999999997,3.2510794457510315,326.7226,8.504890693205795,315.2002,12.47137533542174,0,0,363.3446965140358,323.35030348596416,11.648371701576862,54.654010477532616,358.26,329.66,1,0,358.26,277.41,1,0,0.16387421241488287,-0.9250461125705668,Uptrend
2022-08-17 16:00:00,351.86,352.76,350.25,352.13,5160,70,0,71.41352987628326,4560.5,1.1314548843328582,0,4.572857142857141,1.2986275360966522,344.286,2.278338358225427,327.972,7.365872696449702,315.2827,11.687066876806124,0,0,364.0702780749584,324.5017219250416,11.492932082604824,55.5217197108255,358.26,329.66,1,0,358.26,277.41,1,0,-0.6713491862006649,-0.8866246340914146,Uptrend
2022-08-17 20:00:00,352.14,355.2,351.7,353.17,6084,70,0,75.34100026745122,4680.85,1.2997639317645298,0,4.63,1.3109833791092107,345.31100000000004,2.275919388609103,329.24559999999997,7.266429680457401,315.35595,11.99091058849532,0,0,364.68116360010026,325.9408363998998,11.218967018195322,57.33542735022673,358.26,329.66,1,0,358.26,277.41,1,0,0.2953454690029389,-0.21473172661260445,Uptrend
2022-08-18 16:00:00,350.83,353.05,350.47,351.59,4996,70,0,70.54009819967266,4663.7,1.0712524390505394,0,4.564285714285712,1.2981841674352834,346.35150000000004,1.512480817897405,330.6922,6.3194112228833825,315.42985,11.463769202565956,0,0,364.64063082450065,328.06236917549944,10.561023021121953,59.71559405566514,358.26,329.66,1,0,358.26,277.41,1,0,-0.4473766174930005,-0.8236721108008281,Uptrend
2022-08-18 20:00:00,351.59,354.75,351.59,354.34,4103,70,0,73.3401691873878,4682.6,0.8762226113697518,0,4.576428571428571,1.2915359743265145,347.49449999999996,1.969959236764903,332.1596,6.677633282313672,315.51655000000005,12.304726962816979,0,0,364.69525943855575,330.29374056144417,9.899874351136951,62.26477125895205,358.26,329.66,1,0,358.26,277.41,1,0,0.7821610398475398,0.62760912163121,Uptrend
2022-08-19 16:00:00,350.72,350.97,347.07,348.15,5094,70,0,51.234567901234534,4655.8,1.0941191631942953,0,4.154999999999997,1.1934510986643678,348.1965,-0.013354528262069633,333.2658,4.466164844997586,315.595,10.315435922622331,0,0,364.2017153013326,332.1912846986674,9.193208605676743,58.40738856574496,358.26,333.62,0,0,358.26,278.22,0,0,-1.746909747699954,-1.421411784692935,Uptrend
2022-08-19 20:00:00,348.15,349.37,347.18,348.74,4338,70,0,51.82926829268292,4644.1,0.9340884132555285,0,4.099285714285709,1.1754561318706511,348.9185,-0.05115807846244479,334.38660000000004,4.292456695334073,315.66495000000003,10.477897530276952,0,0,363.5259952282043,334.3110047717957,8.373012739768342,54.550005872537874,358.26,333.99,0,0,358.26,283.89,0,0,0.1694671836852013,-0.81060325947836,Uptrend
2022-08-22 16:00:00,341.34,344.01,339.74,343.55,4425,70,0,34.437086092715305,4692.15,0.9430644800358046,0,4.156428571428568,1.2098467679896863,349.303,-1.6469941569353788,335.2854,2.4649447903189436,315.6952,8.823320722012882,0,0,362.82794319474056,335.77805680525944,7.74396051264407,51.360603506272334,358.26,333.99,0,0,358.26,292.44,0,0,-1.4882147158341463,-3.0450979285431967,Uptrend
2022-08-22 20:00:00,343.55,343.62,340.7,341.94,4120,70,0,35.439900867410245,4726.15,0.8717455010949716,0,4.136428571428569,1.2096942654935277,349.68899999999996,-2.2159690467815594,336.1114,1.7341274351301368,315.71,8.308257578157177,0,0,361.76443291149036,337.61356708850957,6.906384193663739,48.17120114000678,358.26,334.08,0,0,358.26,298.12,0,0,-0.4686362974821723,-1.7837139164153324,Uptrend
2022-08-23 16:00:00,342.57,343.59,338.94,340.0,3092,70,0,30.738826391000302,4605.5,0.6713711866246879,0,4.186428571428569,1.2313025210084025,349.8625,-2.818964593233059,336.5824,1.0153828601852009,315.72385,7.68904534769862,0,0,361.2202404628279,338.5047595371721,6.492688106229107,45.840371583895354,358.26,334.37,0,1,358.26,298.12,0,0,-0.5673509972509816,-2.5061650513276392,Uptrend
2022-08-23 20:00:00,340.11,340.82,338.67,339.6,3013,70,0,29.06976744186059,4501.9,0.6692729736333548,0,4.212857142857136,1.2405350832912652,350.036,-2.9814076266441103,337.0286,0.7629619563443695,315.74694999999997,7.554483107437793,0,0,360.58789760933075,339.48410239066925,6.0290356473795566,43.93977022537123,358.26,338.67,0,1,358.26,304.53,0,0,-0.11764705882352233,-1.1497598602823427,Uptrend
2022-08-24 16:00:00,338.76,343.94,338.12,341.47,2423,70,0,22.75908030656457,4331.4,0.559403426143972,0,4.102857142857139,1.2015278480853775,349.744,-2.365730362779633,337.50399999999996,1.175097184033394,315.7907,8.131746755050106,0,0,360.9183793422327,338.56962065776736,6.390033477190555,41.64987330811793,358.26,338.12,0,1,358.26,315.68,0,0,0.5506478209658328,-0.1374510147979091,Uptrend
2022-08-24 20:00:00,341.47,342.53,340.4,341.62,2091,70,0,25.271542360608308,4191.65,0.49884890198370574,0,4.029999999999997,1.1796733212341188,349.451,-2.2409436516135357,337.9126,1.097147605623468,315.85110000000003,8.158559523775592,0,0,361.1693956149884,337.73260438501165,6.706746075981106,39.41333149510882,358.26,338.12,0,1,358.26,315.68,0,0,0.04392772425103608,0.4764705882352955,Uptrend
2022-08-25 16:00:00,341.48,345.15,340.93,343.51,1960,70,0,31.498579545454547,4056.6,0.4831632401518513,0,4.09428571428571,1.1918970959464674,348.932,-1.5538844244723973,338.25839999999994,1.552540897727907,315.9244,8.731709231702268,0,0,360.74169557074146,337.1223044292586,6.769052749957837,36.948012635974585,358.26,338.12,0,1,358.26,316.45,0,0,0.5532462970551988,1.1513545347467515,Uptrend
2022-08-25 20:00:00,343.51,346.34,343.31,346.26,1987,70,0,36.39960435212663,3917.65,0.507191811417559,0,4.071428571428563,1.175829888358044,348.678,-0.6934765026758231,338.6604,2.2440179011186454,316.00815,9.573123351407231,0,0,360.48814835683413,336.86785164316586,6.7742434893134265,34.39228147395743,358.26,338.12,0,0,358.26,317.12,0,0,0.8005589356932852,1.402758661082954,Uptrend
2022-08-26 16:00:00,347.86,347.86,336.97,338.1,3697,71,0,30.573248407643362,3866.9,0.9560629961985052,0,4.544999999999992,1.3442768411712487,347.9495,-2.830726872721466,338.94840000000005,-0.250303586032572,316.06045,6.973207182360216,0,0,360.4972772827201,335.4017227172799,7.212412883317906,33.101567874014606,358.26,336.97,0,1,358.26,317.12,0,0,-2.356610639403911,-1.030384637901757,Uptrend
2022-08-26 20:00:00,338.11,338.49,335.67,335.69,2855,70,0,26.680896478121653,3843.95,0.7427255817583476,0,4.496428571428562,1.3394585991327006,347.07,-3.278877459878409,339.1912,-1.0322201755234166,316.09975000000003,6.197489874636082,0,0,360.48077806918593,333.65922193081406,7.727996121350699,32.302472701564625,358.26,335.67,0,1,358.26,317.12,0,0,-0.7128068618751926,-2.2764985007714458,Uptrend
2022-08-29 16:00:00,333.85,335.9,331.58,334.84,6474,70,0,27.210884353741505,3941.45,1.6425427190500959,0,4.612142857142849,1.377416932607469,345.921,-3.203332552808305,339.4072,-1.3456402810547372,316.1551,5.910042254576937,0,0,359.391349348805,332.45065065119496,7.78810731282867,32.28294866687024,358.26,331.58,0,1,358.26,317.12,0,0,-0.2532098066668764,-3.2980996938716616,Uptrend
2022-08-29 20:00:00,334.84,335.67,332.99,333.27,6002,70,0,20.382344672476805,4049.35,1.4822131947102621,0,4.577857142857133,1.3736181303018973,344.8205,-3.3497138366193426,339.5982,-1.8634374387143506,316.2049,5.396848688935552,0,0,358.66264689006806,330.9783531099319,8.02861018417877,32.59894913108634,356.06,331.58,0,1,358.26,317.12,0,0,-0.4688806594194239,-1.4285714285714406,Uptrend
2022-08-30 16:00:00,334.66,335.64,331.06,332.15,4780,70,0,23.770491803278688,4049.1,1.1805092489689066,0,4.385714285714276,1.3204017117911415,343.7315,-3.369344968383755,339.84340000000003,-2.263807388932683,316.2797,5.01780544246121,0,0,357.9771941232267,329.48580587677327,8.288849944347094,35.49358010507114,356.06,331.06,0,1,358.26,317.12,0,0,-0.33606385213190704,-1.054544371294951,Uptrend
2022-08-30 20:00:00,332.21,333.92,330.61,333.18,4619,70,0,24.854557207498374,4065.65,1.1361036980556614,0,4.465714285714276,1.3403308378997167,342.665,-2.768009572030996,340.15,-2.049095987064522,316.36685,5.314447452380048,0,0,356.70534562477235,328.6246543752277,8.194794113651717,38.44010415058781,355.2,330.61,0,1,358.26,317.12,0,0,0.3101008580460807,-0.49575916855810787,Uptrend
2022-08-31 16:00:00,329.55,333.19,328.97,331.8,4911,70,0,28.345005528934763,4053.2,1.2116352511595776,0,4.124285714285703,1.243003530526131,341.6485,-2.8826410770133633,340.38020000000006,-2.520769421958165,316.4782,4.8413445223083285,0,0,355.7471767202835,327.5498232797165,8.25332276903513,38.563017728472914,355.2,328.97,0,1,358.26,317.12,0,0,-0.41419052764271047,-0.4410838059231165,Uptrend
2022-08-31 20:00:00,331.8,334.74,329.95,332.22,4081,70,0,31.264456437933745,3953.05,1.0323674125042688,0,4.257857142857132,1.2816378131530708,340.601,-2.4606504384896026,340.543,-2.4440379041706857,316.57185000000004,4.943001091221467,0,0,354.1995818145984,327.0024181854016,7.985051021340742,38.15094954542962,354.75,328.97,0,1,358.26,317.12,0,0,0.12658227848101333,0.0210748155953786,Uptrend
2022-09-01 16:00:00,326.91,329.12,324.17,328.08,6661,70,0,28.82018479033404,4036.3,1.6502737655773851,0,4.500714285714277,1.3718343957919643,339.42549999999994,-3.3425597075057594,340.5748,-3.668738849732863,316.59885,3.6264029386082592,0,0,353.08880541035904,325.76219458964084,8.050842031820887,38.403300176843494,354.75,324.17,0,1,358.26,319.54,0,0,-1.2461621816868496,-1.5307041238969994,Uptrend
2022-09-01 20:00:00,328.02,333.28,327.81,332.93,4851,70,0,39.76679963178889,4073.7,1.1908093379483027,0,4.737857142857133,1.4230790685300614,338.355,-1.6033455985577312,340.6598,-2.2690672629996294,316.65845,5.138517541534101,0,0,350.3513845430684,326.35861545693166,7.091004739441331,37.041533565174674,350.97,324.17,0,0,358.26,321.33,0,0,1.4782979761033932,0.34056660638938985,Uptrend
2022-09-02 16:00:00,334.83,339.96,332.63,337.27,5393,70,0,44.010268111808266,4088.65,1.319017279542147,0,4.845714285714275,1.4367463117722525,337.81100000000004,-0.1601487222145086,340.74379999999996,-1.019475629490539,316.72985,6.485069215926438,0,0,348.88875751579957,326.7332424842005,6.558553460840252,34.72387292590879,349.37,324.17,0,0,358.26,324.17,0,0,1.3035773285675623,1.5200770573716074,Uptrend
2022-09-02 20:00:00,337.28,337.28,329.47,331.11,6735,70,0,37.20477233990751,4208.5,1.6003326600926695,0,5.251428571428558,1.5860072397174827,336.9295,-1.727215930929172,340.70480000000003,-2.8161622612889574,316.7846,4.522126391245029,0,0,347.1153921527412,326.74360784725883,6.046304733032393,32.80853163111896,347.86,324.17,0,0,358.26,324.17,0,0,-1.8264298633142495,0.9235552304316111,Uptrend
2022-09-06 16:00:00,332.11,332.19,322.83,325.7,7801,70,0,30.029154518950477,4377.3,1.7821488131953487,0,5.618571428571419,1.725075661213208,336.037,-3.0761493526010497,340.5794,-4.368849084824282,316.80595,2.8074125501746394,0,0,346.88682095413316,325.1871790458668,6.45751566293782,33.56595086972524,347.86,322.83,0,1,358.26,322.83,0,1,-1.6338981003292008,-2.1716276694800762,Uptrend
2022-09-06 20:00:00,325.52,326.53,323.2,326.27,8156,70,0,26.432445178024096,4579.1,1.781136031097814,0,5.639999999999991,1.7286296625494195,335.25350000000003,-2.679614083074464,340.4746,-4.171999908363216,316.84295000000003,2.9753068515489933,0,0,346.5619491467738,323.94505085322623,6.746207957127245,34.570871373880784,347.86,322.83,0,1,358.26,322.83,0,1,0.17500767577525167,-3.261481898775462,Uptrend
2022-09-07 16:00:00,323.89,329.31,323.34,328.85,5742,70,0,37.44230247081189,4711.6,1.218694286441973,0,5.288571428571422,1.6082017420013446,334.696,-1.7466596553290157,340.43700000000007,-3.403566592350433,316.89175,3.7736072333849084,0,0,346.11799429539855,323.2740057046015,6.825294772210315,34.357802283425,347.86,322.83,0,1,358.26,322.83,0,1,0.7907561222300741,-0.6825526260155207,Uptrend
2022-09-07 20:00:00,328.88,331.83,328.18,330.08,4490,70,0,42.13183730715287,4785.45,0.9382607696245913,0,5.347857142857135,1.6201700020774163,334.21999999999997,-1.2387050445814094,340.49119999999994,-3.0577001696372634,316.9337,4.147965331550415,0,0,345.5747671416903,322.86523285830964,6.794786153844972,32.57126195012398,347.86,322.83,0,0,358.26,322.83,0,0,0.37403071309105584,1.3447958243782607,Uptrend
2022-09-08 16:00:00,326.57,335.36,326.1,333.28,5409,70,0,47.94736842105263,4934.75,1.0961041592785856,0,5.700714285714278,1.7104879637884898,333.8105,-0.15892250243776568,340.4896,-2.117421501273467,317.00285,5.13470147034954,0,0,344.64308529670694,322.97791470329304,6.490260370304081,29.48632382399969,347.86,322.83,0,0,358.26,322.83,0,0,0.9694619486185108,2.148527293345999,Uptrend
2022-09-08 20:00:00,333.47,335.46,332.22,334.97,5742,70,0,52.22980062959081,5117.3,1.1220760948156254,0,5.740714285714274,1.7137995300218745,333.47799999999995,0.4474058258715944,340.5356,-1.6343665684292512,317.0734,5.644308226423293,0,0,343.6918535436157,323.2641464563842,6.125653592510305,25.88006128897819,347.86,322.83,0,0,358.26,322.83,0,0,0.5070811329813019,1.8610308651360814,Uptrend
2022-09-09 16:00:00,337.66,339.46,336.57,339.03,4514,70,0,58.377983438869926,5245.0,0.8606291706387035,0,5.7342857142857,1.6913800295801849,333.254,1.733212504576075,340.70060000000007,-0.49034254709269437,317.1353,6.903898746055706,0,0,342.70986401184115,323.7981359881589,5.67486902593285,23.377016336559457,347.86,322.83,0,0,358.26,322.83,0,0,1.212048840194635,2.711463887542411,Uptrend
2022-09-09 20:00:00,339.06,340.67,338.56,339.85,3359,70,0,58.1640146878825,5313.6,0.6321514604034929,0,5.648571428571415,1.6620778074360496,332.9335,2.0774418915489257,340.86800000000005,-0.2986493305326487,317.192,7.1433075235188825,0,0,340.8409948458249,325.02600515417504,4.750194766116922,21.066159699481634,347.86,322.83,0,0,358.26,322.83,0,0,0.24186650148956268,1.9713154104656898,Uptrend
2022-09-12 16:00:00,341.69,343.96,339.54,341.53,5481,70,0,61.822600243013305,5402.8,1.0144739764566522,0,5.662857142857129,1.6580848367221412,333.10499999999996,2.529232524279135,341.0164,0.15060859243133082,317.2291,7.6603628103474595,0,0,341.6104669725393,324.5995330274606,5.106778326677386,20.260272528359454,343.96,322.83,1,0,358.26,322.83,0,0,0.49433573635426775,1.95838433292532,Uptrend
2022-09-12 20:00:00,341.36,342.63,340.63,342.33,4179,70,0,62.17192391042614,5469.0,0.764125068568294,0,5.463571428571413,1.5959955097629226,333.437,2.6670705410617215,341.17699999999996,0.3379477514603916,317.26585,7.900046601296667,0,0,342.8384894676552,324.0355105323448,5.639139908081712,19.81005187821367,343.96,322.83,1,0,358.26,322.83,0,0,0.23424003747840594,0.9733651889213377,Uptrend
2022-09-13 16:00:00,334.5,336.03,329.36,330.74,6322,70,0,52.715394038383046,5461.4,1.1575786428388326,0,5.814999999999982,1.7581786297393667,333.232,-0.7478273395112169,341.0746,-3.0300116162270565,317.19955,4.268748174453596,0,0,342.68334821905324,323.7806517809468,5.672533381579929,17.794410253587778,343.96,322.83,0,0,358.26,322.83,0,0,-3.385622060584814,-2.6805943798734777,Uptrend
2022-09-13 20:00:00,330.74,331.69,326.47,327.92,5970,70,0,44.66453674121406,5459.8,1.0934466463973038,0,5.7971428571428385,1.7678527863938882,332.9645,-1.5150263766857943,340.9486,-3.8212798058123667,317.1369,3.4001404440795095,0,0,342.70959533856904,323.21940466143093,5.853534138665869,16.508278110754215,343.96,322.83,0,1,358.26,322.83,0,1,-0.8526334885408438,-3.98500863760137,Uptrend
2022-09-14 16:00:00,327.16,330.41,323.75,327.13,3403,70,0,38.31797235023042,5390.95,0.631243101865163,0,5.749285714285699,1.7574926525496588,332.7135,-1.6781705581528898,340.76060000000007,-4.0000516491636855,317.08279999999996,3.168636078652022,0,0,342.7995576513955,322.6274423486045,6.06290856932195,17.567000431287703,343.96,322.83,0,1,358.26,322.83,0,1,-0.24091241766285298,-4.4401600794554925,Uptrend
2022-09-14 20:00:00,327.14,327.58,323.04,326.84,3589,70,0,44.31121769251261,5339.45,0.6721666089203945,0,5.515714285714272,1.6875885098868781,332.39649999999995,-1.6716481671738337,340.57480000000004,-4.032829205214262,317.04795,3.088507590097952,0,0,342.81390704175413,321.97909295824576,6.268060609395219,17.843213299307198,343.96,322.83,0,1,358.26,322.83,0,1,-0.08864977226179516,-1.1791739735139486,Uptrend
2022-09-15 16:00:00,327.86,334.1,327.36,332.72,6128,70,0,59.2368421052632,5400.3,1.1347517730496453,0,5.365714285714274,1.6126816198948888,332.4425,0.08347308181114985,340.28299999999996,-2.222561808847322,317.0867,4.93029193592794,0,0,342.8569411376911,322.0280588623089,6.265408988135443,16.047225108290316,343.96,322.83,0,0,358.26,322.83,0,0,1.7990454044792825,1.4637716516223502,Uptrend
2022-09-15 20:00:00,332.8,334.91,330.24,331.09,6843,70,0,56.16999487967227,5538.4,1.2355553950599452,0,5.461428571428562,1.6495299077074397,332.386,-0.38990811887385424,339.9552,-2.607755374825864,317.14585,4.396762562083023,0,0,342.81777009755905,321.954229902441,6.276901011209271,14.115116261585111,343.96,322.83,0,0,358.26,322.83,0,0,-0.48990141861026126,1.210527924678256,Uptrend
2022-09-16 16:00:00,321.57,323.97,319.3,323.28,4908,70,0,43.71189884849849,5450.75,0.9004265468054855,0,5.877142857142843,1.817972920422805,332.146,-2.669308075364461,339.343,-4.733558670725503,317.17885,1.9235677284282862,0,0,343.1973564778223,321.0946435221777,6.654517277234897,13.540671449899296,343.96,319.3,0,1,358.26,319.3,0,1,-2.358875230299917,-1.0892179659772374,Uptrend
2022-09-16 20:00:00,323.28,326.46,321.98,325.32,4077,70,0,44.722838137472316,5412.05,0.753318982640589,0,5.936428571428556,1.824796683704831,331.7655,-1.9427879029012909,338.8226,-3.9851532926079987,317.2014,2.5594464589374497,0,0,343.2198790293177,320.3111209706822,6.905105581694149,13.681860705428083,343.96,319.3,0,1,358.26,319.3,0,1,0.6310319227913919,-2.2240923298870023,Uptrend
2022-09-19 16:00:00,323.23,328.85,322.99,326.35,3297,70,0,41.92872117400429,5307.25,0.6212256818502991,0,5.693571428571415,1.744621243625376,331.2195,-1.4701731027309564,338.2962,-3.531284123203269,317.2566,2.8662603079021935,0,0,342.609977047443,319.82902295255695,6.8779024468324055,14.722880218275735,343.96,319.3,0,0,358.26,319.3,0,0,0.3166113365302037,-1.4316349028964792,Uptrend
2022-09-19 20:00:00,326.35,328.79,324.82,328.16,2957,70,0,42.090592334494794,5118.35,0.5777252434866704,0,5.745714285714278,1.7508880685379928,331.072,-0.8795669824086536,337.7938,-2.8519765608486454,317.3366,3.4107001839687103,0,0,342.54455324217946,319.59944675782054,6.930548788287416,15.797465070825183,343.96,319.3,0,0,358.26,319.3,0,0,0.5546192737858169,1.5095273447166706,Uptrend
2022-09-20 16:00:00,324.77,324.92,320.85,322.02,7931,70,0,31.154442721028246,5124.85,1.547557489487497,0,5.947142857142852,1.8468240659408897,330.88800000000003,-2.680060926960195,337.07779999999997,-4.467158620354111,317.36775,1.4658861840876967,0,0,342.8316899878648,318.94431001213525,7.219173852097861,17.206637987310845,343.96,319.3,0,1,358.26,319.3,0,1,-1.8710385177962086,-1.0143858354850643,Uptrend
2022-09-20 20:00:00,322.03,323.94,319.67,322.75,7535,70,0,31.016873889875725,5093.8,1.4792492834426165,0,6.101428571428564,1.8904503706982383,330.712,-2.4075328382399155,336.4272,-4.065426338892939,317.41895,1.6794996013943102,0,0,343.0397805233336,318.3842194766664,7.4552967677820074,18.720248963309853,343.96,319.3,0,1,358.26,319.3,0,1,0.22669399416186398,-1.1031101578060434,Uptrend
2022-09-21 16:00:00,323.13,327.11,321.53,326.18,3263,70,0,33.59692241932049,4969.85,0.6565590510780003,0,6.184285714285713,1.895973301332305,330.57849999999996,-1.3305462998954731,335.8722,-2.885680922684287,317.4661,2.7448285029488266,0,0,343.04819256363135,318.1088074363686,7.544164283903148,19.555283268372587,343.96,319.3,0,0,358.26,319.3,0,0,1.0627420604182758,-0.6033642125792351,Uptrend
2022-09-21 20:00:00,326.18,329.03,320.16,320.16,6655,70,0,28.68679100173057,5078.1,1.3105295287607568,0,6.674999999999995,2.0848950524737617,330.08250000000004,-3.0060666651518977,335.18519999999995,-4.48265615546269,317.47685,0.8451482367927022,0,0,343.3962773911448,316.7687226088553,8.066939259818229,20.3271424903337,343.96,319.3,0,1,356.06,319.3,0,1,-1.845606720215831,-0.5776038755356676,Uptrend
2022-09-22 16:00:00,320.48,321.52,310.94,312.78,4043,70,0,31.21338912133899,5009.8,0.8070182442412871,0,6.50428571428571,2.0795081892338736,329.0575,-4.946703843553188,334.3982,-6.4648075258778315,317.48165,-1.4809202358624598,0,0,344.34498490552807,313.77001509447194,9.291679968107738,21.845393102237093,343.96,310.94,0,1,356.06,310.94,0,1,-2.305097451274374,-3.0890782339271965,Downtrend
2022-09-22 20:00:00,312.37,314.85,310.77,312.07,2787,70,0,32.65484788794055,4862.05,0.5732150019024896,0,6.422857142857144,2.0581462950162286,327.9125,-4.831319330614121,333.57620000000003,-6.4471625973315945,317.51779999999997,-1.7157463298120526,0,0,344.692853016797,311.13214698320303,10.234652852085231,23.519101335610596,343.96,310.77,0,1,355.2,310.77,0,1,-0.2269966110365007,-4.325832362499238,Downtrend
2022-09-23 16:00:00,307.38,307.61,297.67,299.91,3581,70,0,26.147914475990305,4815.4,0.7436557710678241,0,6.975714285714283,2.3259358760008944,325.95649999999995,-7.990790182125506,332.5426,-9.813058537462558,317.48935,-5.536988878524579,0,0,346.06948954459426,305.84351045540564,12.340904105053475,24.6458541097582,343.96,297.67,0,1,355.2,297.67,0,1,-3.8965616688563354,-6.324962518740628,Downtrend
2022-09-23 20:00:00,299.91,301.98,296.88,301.62,3739,70,0,28.43707250342007,4834.4,0.7734155220916764,0,7.015714285714288,2.3260109693370095,324.045,-6.920335138638155,331.4882,-9.010335812858496,317.44829999999996,-4.986103248938475,0,0,345.7981021381201,302.29189786187993,13.425976107096288,26.080436785885656,343.96,296.88,0,1,354.75,296.88,0,1,0.5701710513153824,-3.568003069249942,Downtrend
2022-09-26 16:00:00,299.92,301.49,293.22,294.68,7393,70,0,18.055089015787757,4930.0,1.4995943204868154,0,7.097142857142854,2.4084236653803632,321.7025,-8.399841468437447,330.41880000000003,-10.81621263681123,317.34069999999997,-7.140811121926675,0,0,345.5198743526136,297.88512564738636,14.807080673985205,29.731569612985282,342.63,293.22,0,1,354.75,293.22,0,1,-2.3009084278230896,-5.572467715576629,Downtrend
2022-09-26 20:00:00,294.68,296.37,291.86,294.24,9716,70,0,18.42330762639253,5206.85,1.8660034377790793,0,7.085714285714281,2.408141070457545,319.29799999999994,-7.84784120163607,329.3288,-10.654640590194356,317.24215,-7.250660103015936,0,0,344.0391122585339,294.55688774146597,15.497192126811928,33.50043567258389,336.03,291.86,0,1,350.97,291.86,0,1,-0.14931451065562928,-1.8905671701510505,Downtrend
2022-09-27 16:00:00,297.33,298.67,288.57,289.8,7094,70,0,19.55256456893423,5245.45,1.3524101840642844,0,6.964999999999999,2.403381642512077,317.251,-8.652770204034018,328.25379999999996,-11.714654940780564,317.1168,-8.614113159567705,0,0,344.6390149738974,289.86298502610254,17.26583366097976,35.991880719025126,334.91,288.57,0,1,349.37,288.57,0,1,-1.5089722675367012,-3.9188382733240474,Downtrend
2022-09-27 20:00:00,289.8,291.98,287.99,291.03,7799,70,0,18.349640022152485,5336.9,1.4613352320635575,0,6.930000000000002,2.3811978146582837,315.4065,-7.728597857051146,327.2356,-11.064077380333927,316.9555,-8.179539399063906,0,0,344.67354867072595,286.13945132927404,18.558304074726397,39.07536167686559,334.91,287.99,0,1,347.86,287.99,0,1,0.4244306418219379,-1.238631736120549,Downtrend
2022-09-28 16:00:00,293.5,300.45,291.65,300.05,7059,70,0,28.844916344916342,5519.7,1.278873851839774,0,7.184285714285717,2.3943628442878575,314.05249999999995,-4.458649429633562,326.4366,-8.083223511089132,316.8994,-5.316955475460036,0,0,343.54068130780547,284.56431869219443,18.779141263199957,40.94714582842564,334.91,287.99,0,0,347.86,287.99,0,0,3.099336838126665,1.9745785753126706,Downtrend
2022-09-28 20:00:00,300.14,302.02,298.57,300.23,5813,70,0,26.928795638526353,5630.9,1.0323394128824879,0,7.147142857142858,2.3805558595552934,312.72200000000004,-3.9946022345725654,325.6492,-7.805700121480412,316.8376,-5.241675861703279,0,0,342.18209868851,283.2619013114901,18.841078458509447,42.518696570461145,334.91,287.99,0,0,347.86,287.99,0,0,0.059990001666387904,3.5990338164251225,Downtrend
2022-09-29 16:00:00,295.61,296.86,291.06,295.21,6871,70,0,27.43645850866858,5668.05,1.2122334841788622,0,7.280000000000001,2.4660411232681825,310.8465,-5.030296303802685,324.724,-9.088949384708247,316.75545,-6.801919272422942,0,0,339.71612656313107,281.9768734368689,18.574844216120226,43.195976298073724,334.91,287.99,0,0,347.86,287.99,0,0,-1.6720514272391296,1.4362780469367444,Downtrend
2022-09-29 20:00:00,295.21,296.69,293.24,295.68,6940,70,0,27.11749788672867,5672.9,1.2233601861481782,0,7.221428571428573,2.4423121521335815,309.076,-4.3342090618488704,323.8052,-8.685839510915825,316.67305,-6.629250578790959,0,0,337.0475753465608,281.10442465343925,18.10012770099313,43.44052132945531,329.03,287.99,0,0,347.86,287.99,0,0,0.15920869889232137,-1.4564239293451107,Downtrend
2022-09-30 16:00:00,294.97,300.63,292.28,295.49,6397,70,0,22.5541048113039,5747.35,1.1130347029500551,0,7.4192857142857145,2.5108415561561186,307.6865,-3.9639373193169063,322.8448,-8.473049589152438,316.60185,-6.66826488853429,0,0,335.4473374475516,279.92566255244844,18.044884938111732,43.60078292469451,329.03,287.99,0,0,347.86,287.99,0,0,-0.06425865800865349,-1.5787895946441093,Downtrend
2022-09-30 20:00:00,295.48,296.31,292.29,292.78,6369,70,0,23.973384030418245,5861.95,1.0864985201170259,0,7.072857142857146,2.4157582973075846,306.05949999999996,-4.338862214700078,321.7752,-9.01101141417984,316.5236,-7.501367986462943,0,0,333.2778192760029,278.841180723997,17.78629271498055,44.23581926077007,329.03,287.99,0,1,347.86,287.99,0,1,-0.9171207147450122,-0.8231428474645192,Downtrend
2022-10-03 16:00:00,292.51,300.12,290.32,298.79,6553,71,0,36.34589107944571,6024.75,1.0876799867214406,0,7.017142857142862,2.348519982978969,304.6815,-1.9336585910204613,320.98900000000003,-6.9158133144749545,316.5116,-5.599036496608645,0,0,330.31921422194705,279.043785778053,16.829189971788256,43.78270399574097,329.03,287.99,0,0,347.86,287.99,0,0,2.0527358426122078,1.0518127705627751,Downtrend
2022-10-03 20:00:00,298.8,300.86,297.6,298.73,5574,70,0,36.81296955318312,6155.6,0.9055169276756124,0,6.95857142857143,2.329384872149242,303.21000000000004,-1.4775238283697825,320.2498,-6.719691940478956,316.4834,-5.609583314638303,0,0,326.43889761074416,279.9811023892559,15.321986485105455,43.471478948464004,329.03,287.99,0,0,347.86,287.99,0,0,-0.020080993339799402,1.0964838065586007,Downtrend
2022-10-04 16:00:00,305.91,314.78,305.14,313.5,4892,70,0,62.77495769881551,6003.65,0.8148376404354019,0,7.076428571428571,2.2572339940760995,302.784,3.5391566265060272,319.823,-1.9770310452969235,316.52415,-0.9554247282553385,0,0,324.84349600989185,280.72450399010813,14.57111076535871,42.497147805082804,329.03,287.99,0,0,343.96,287.99,0,0,4.944264051149871,7.076986132932587,Downtrend
2022-10-04 20:00:00,313.5,314.71,310.88,314.5,4815,70,0,62.2713414634146,5867.65,0.8206010924305301,0,6.985714285714282,2.2212128094481023,302.3715,4.01112538714792,319.4476,-1.5487986136067455,316.5918,-0.6607246302652116,0,0,323.1291078887493,281.6138921112508,13.729870631821614,41.64910301072114,329.03,287.99,0,0,343.96,287.99,0,0,0.31897926634769647,5.257873422805308,Downtrend
2022-10-05 16:00:00,306.5,307.76,302.8,306.67,6757,70,0,61.232902379614,6042.35,1.1182735194088391,0,7.221428571428569,2.3547880690737824,301.396,1.7498573305551504,318.938,-3.846515623726233,316.63115,-3.145979162189183,0,0,319.0432588001027,283.7487411998973,11.710347051787476,38.64021346685514,329.03,287.99,0,0,343.96,287.99,0,0,-2.489666136724955,2.6579185217420402,Downtrend
2022-10-05 20:00:00,306.67,309.79,306.3,308.52,5072,70,0,63.03395399780938,5963.2,0.8505500402468473,0,7.148571428571428,2.3170528421403565,300.81399999999996,2.561715877585491,318.44480000000004,-3.116646903953231,316.67855,-2.576287531946825,0,0,316.516239062594,285.1117609374059,10.439832629195491,35.7901712187469,321.52,287.99,0,0,343.96,287.99,0,0,0.6032543124531164,-1.588516746411489,Downtrend
2022-10-06 16:00:00,306.96,308.74,303.04,305.19,6934,70,0,64.3376187814421,6107.75,1.1352789488764274,0,6.834285714285711,2.2393544068566174,300.43449999999996,1.58287413729117,317.9126,-4.00191750814532,316.66035000000005,-3.6222880445878527,0,0,315.2615399856731,285.6074600143268,9.870397697783138,33.64965817887336,314.85,287.99,0,0,343.96,287.99,0,0,-1.0793465577596195,-2.9602543720190786,Downtrend
2022-10-06 20:00:00,305.19,305.83,303.09,304.14,6688,70,0,62.25462703309028,6302.8,1.0611156946119185,0,6.7449999999999966,2.217728677582691,300.038,1.3671601597130947,317.351,-4.162898494096446,316.64765000000006,-3.9500214197073835,0,0,313.95086356691127,286.12513643308876,9.274067662703562,31.001702703125435,314.78,287.99,0,0,343.96,287.99,0,0,-0.3440479701169785,-0.8249910327061759,Downtrend
2022-10-07 16:00:00,303.55,304.38,298.79,299.76,6518,70,0,49.703172978505606,6449.65,1.0105974742815502,0,6.471428571428565,2.1588699531053397,300.0305,-0.0901575006541091,316.7846,-5.3741880129274024,316.6312,-5.3283441429650615,0,0,313.943815810475,286.11718418952506,9.274600955886122,28.02190773348492,314.78,287.99,0,0,343.96,287.99,0,0,-1.4401262576445029,-2.839362115908204,Downtrend
2022-10-07 20:00:00,299.75,300.97,298.7,300.53,5640,70,0,50.303398058252384,6544.7,0.8617660091371645,0,6.387142857142854,2.1252929348626943,299.976,0.18468144118195243,316.1366,-4.936663454974848,316.61830000000003,-5.081291889950789,0,1,313.87162808943543,286.08037191056457,9.26449321908115,25.560135530111925,314.78,287.99,0,0,343.96,287.99,0,0,0.25687216439818084,-1.5269176578524934,Downtrend
2022-10-10 16:00:00,303.47,304.26,298.4,298.62,5972,70,0,53.68012087200521,6473.65,0.9225089400878949,0,6.150714285714282,2.0597127739984873,300.173,-0.5173683176035144,315.3636,-5.3093001221447285,316.5582,-5.666635708694324,0,0,313.8626827843727,286.4833172156273,9.121195300291951,23.932605175207534,314.78,287.99,0,0,343.96,287.99,0,0,-0.6355438724919171,-1.814953639771152,Downtrend
2022-10-10 20:00:00,298.61,301.68,297.77,299.86,6184,70,0,54.43736730360935,6297.05,0.9820471490618623,0,6.183571428571428,2.062152814170422,300.454,-0.19770081277000606,314.7386,-4.727287978023669,316.49435,-5.255812623511283,0,0,313.8586612474095,287.04933875259053,8.922937452927556,22.276330308029323,314.78,287.99,0,0,343.96,287.99,0,0,0.41524345321815037,0.03336002135042125,Downtrend
2022-10-11 16:00:00,296.67,302.1,293.69,301.3,6833,70,0,56.00827300930714,6284.0,1.0873647358370464,0,6.187857142857142,2.053719596036224,301.029,0.09002454912982305,314.2506,-4.121105894467666,316.45045000000005,-4.787621569190384,0,0,313.4606995493021,288.5973004506979,8.259469718400617,19.680044940477906,314.78,287.99,0,0,343.96,287.99,0,0,0.4802241045821276,0.25621402189466563,Downtrend
2022-10-11 20:00:00,301.32,301.41,293.42,293.72,7496,70,0,50.8831266441188,6268.85,1.1957536071209232,0,6.471428571428573,2.2032645279274727,301.1635,-2.471581051488634,313.5996,-6.339166248936536,316.38710000000003,-7.164356574588535,0,0,313.1913506195506,289.1356493804494,7.987588548778704,16.809300403599078,314.78,290.32,0,1,343.96,287.99,0,1,-2.5157650182542235,-1.6408813877168231,Downtrend
2022-10-12 16:00:00,292.18,299.26,292.18,298.02,5914,70,0,49.252572316055094,6211.6,0.9520896387404211,0,6.277142857142857,2.106282416328722,301.062,-1.0104231022181576,312.983,-4.780770840588793,316.34345,-5.792264704706241,0,0,313.16345115264727,288.96054884735275,8.039175420775294,15.342766256442783,314.78,290.32,0,0,343.96,287.99,0,0,1.463979300013607,-0.6136196891882985,Downtrend
2022-10-12 20:00:00,298.02,298.42,294.81,294.93,6897,70,0,46.51631829849649,6265.8,1.1007373360145551,0,6.302142857142859,2.136826656204136,300.79699999999997,-1.9504848785060895,312.28,-5.555911361598555,316.28065,-6.750539433885688,0,0,313.20344162055005,288.3905583794499,8.249046114522475,14.146815548447956,314.78,290.32,0,1,343.96,287.99,0,0,-1.036843164888257,-2.114171921672753,Downtrend
2022-10-13 16:00:00,289.37,307.16,287.11,306.24,8487,70,0,42.893500391542666,6346.6,1.3372514417168246,0,6.587857142857148,2.151207269741754,301.3485,1.6232036993713284,311.73920000000004,-1.7640386579551206,316.2983,-3.1800044451708955,0,0,313.68968185076255,289.00731814923745,8.190637650934086,14.729372293277395,314.78,287.11,0,0,343.96,287.11,0,0,3.834808259587019,4.262562985155925,Downtrend
2022-10-13 20:00:00,306.04,308.33,304.53,306.74,7380,70,0,42.3289837880585,6368.6,1.1588104135916841,0,6.585714285714293,2.147002114401217,301.90150000000006,1.6026750446751516,311.1746,-1.4251163173343806,316.30084999999997,-3.022707653172592,0,0,314.1641334855082,289.6388665144919,8.123598912564633,14.93268197280166,314.78,287.11,0,0,343.96,287.11,0,0,0.16327063740857461,2.9259781222736825,Downtrend
2022-10-14 16:00:00,308.7,311.12,299.61,300.68,9161,70,0,43.863962302806776,6506.8,1.407911723120428,0,6.572142857142865,2.1857598966152936,302.16099999999994,-0.49013605329606996,310.4076,-3.1338150225703223,316.21054999999996,-4.911458520280221,0,0,314.06682148627567,290.2551785137242,7.88044882448478,14.908237652535984,314.78,287.11,0,0,343.96,287.11,0,0,-1.9756145269609449,1.949615162920015,Downtrend
2022-10-14 20:00:00,300.72,301.53,298.65,299.77,6276,70,0,40.8606642991435,6502.15,0.9652191967272364,0,6.528571428571435,2.1778601689867014,302.5105,-0.9059189681019328,309.606,-3.1769410153550037,316.12795,-5.174471286072622,0,0,313.64202465085253,291.3789753491474,7.3594302682733685,15.00535130915441,314.78,287.11,0,0,343.96,287.11,0,0,-0.30264733271252453,-2.1127220480668845,Downtrend
2022-10-17 16:00:00,307.38,309.49,303.2,306.0,5895,70,0,50.79771518613354,6469.25,0.9112339142868184,0,6.815714285714295,2.227357609710554,302.871,1.033113107560651,308.8954,-0.9373399539132,316.10810000000004,-3.1976719356448107,0,0,313.96212286090525,291.7798771390947,7.323991310429373,13.499821859806387,314.78,287.11,0,0,343.96,287.11,0,0,2.078259999332821,-0.24124665840777498,Downtrend
2022-10-17 20:00:00,306.0,306.95,304.27,305.38,5549,70,0,51.23162495033771,6468.0,0.8579158936301794,0,6.81142857142858,2.230476315223191,303.20349999999996,0.7178347215649005,308.1564,-0.9009710653421521,316.06649999999996,-3.3810922701393435,0,0,314.16993544255354,292.2370645574464,7.233712963441105,11.904952931840251,314.78,287.11,0,0,343.96,287.11,0,0,-0.20261437908496438,1.5631235865371784,Downtrend
2022-10-18 16:00:00,318.44,323.96,310.98,314.25,3640,71,0,63.213569213934,6405.4,0.5682705217472758,0,7.739285714285724,2.4627798613478835,303.241,3.6304457510692867,307.8266,2.086694262289229,316.08205,-0.5796121608297533,0,0,314.3597558940506,292.1222441059494,7.333280060447363,14.353647856392403,323.96,287.11,0,0,342.63,287.11,0,0,2.9045779029406082,4.830369950295232,Downtrend
2022-10-18 20:00:00,314.25,316.36,311.67,313.45,3821,70,0,61.775428363106116,6355.7,0.6011926302374246,0,7.912142857142864,2.524212109472919,303.1885,3.384528107101692,307.5372,1.9226291973784,316.07635000000005,-0.8309226552382228,0,0,314.09123220223216,292.2857677977678,7.192048644478394,16.581832532023377,323.96,287.11,0,0,336.03,287.11,0,0,-0.2545743834526659,2.4346405228758132,Downtrend
2022-10-19 16:00:00,313.79,314.37,306.94,309.28,3350,71,0,59.331232492997174,6185.35,0.5416023345485704,0,8.024285714285721,2.5945052102579287,303.319,1.9652576989901576,307.1802,0.6835727042302724,316.00095,-2.1268765173016146,0,0,314.4571315639899,292.18086843601014,7.3441700414348405,16.78690096750302,323.96,287.11,0,0,334.91,287.11,0,0,-1.330355718615417,1.2770973868622626,Downtrend
2022-10-19 20:00:00,309.28,311.57,307.74,311.08,2955,70,0,59.726074895977774,6079.5,0.48605970885763633,0,8.018571428571432,2.5776557247561502,303.447,2.5154310307895553,306.865,1.3735681814478597,315.94055000000003,-1.5384381650282135,0,0,314.8914233259288,292.0025766740712,7.5429470885715295,17.193240974390097,323.96,287.11,0,0,334.91,287.11,0,0,0.5819968960165678,-1.0087509944311905,Downtrend
2022-10-20 16:00:00,310.78,315.5,308.67,309.73,3526,70,0,57.318978989407896,5909.1,0.5967067742972703,0,7.905714285714287,2.5524535194247524,303.67400000000004,1.9942438272621241,306.4052,1.0850990779529979,315.86735,-1.9430150029751316,0,0,315.4395865713668,291.90841342863325,7.748827078621668,19.497800332996853,323.96,287.11,0,0,334.91,287.11,0,0,-0.433971968625424,-1.1867921518583413,Downtrend
2022-10-20 20:00:00,309.74,311.64,308.52,309.94,3120,70,0,66.14894464356829,5730.7,0.544436107281833,0,7.557857142857143,2.4384903990634132,303.964,1.9660222921135395,305.98220000000003,1.2934739341046515,315.7768,-1.848394182219841,0,0,316.0592490020238,291.8687509979762,7.958343094592663,21.863475589076963,323.96,287.11,0,0,334.91,287.11,0,0,0.06780098795724498,0.21339886187274482,Downtrend
2022-10-21 16:00:00,310.0,323.74,309.66,323.1,5503,70,0,71.22545700744755,5679.95,0.9688465567478587,0,8.057857142857143,2.493920502277048,305.131,5.888946059233592,305.97860000000003,5.595620085849139,315.754,2.3264946762352983,0,0,319.75741143886125,290.5045885611387,9.586971785142305,25.041924752643222,323.96,287.11,1,0,334.91,287.11,0,0,4.2459830935019705,3.863957824353877,Uptrend
2022-10-21 20:00:00,323.1,325.33,322.01,324.78,3576,70,0,75.88000693601522,5576.75,0.6412336934594521,0,8.037142857142856,2.474642175362663,306.3435,6.018244225844507,305.9678,6.148424768880895,315.74514999999997,2.8614374599261483,0,0,323.2125776274195,289.47442237258053,11.013178100674224,28.16757287559549,325.33,287.11,1,0,329.03,287.11,1,0,0.5199628597957195,4.859070803603123,Uptrend
2022-10-24 16:00:00,326.58,330.66,324.98,327.08,4517,70,0,71.41389231401558,5504.0,0.8206758720930233,0,7.025000000000001,2.14779258896906,307.7665,6.275374350359762,305.98240000000004,6.895037100173063,315.79650000000004,3.5730288334417724,0,0,326.5816051020159,288.95139489798413,12.226870112254502,30.369439960230515,330.66,287.11,1,0,330.66,287.11,1,0,0.7081716854486109,5.5301026005033185,Uptrend
2022-10-24 20:00:00,327.08,330.69,326.55,328.39,2958,70,0,71.88194865575093,5342.7,0.5536526475377618,0,7.049285714285714,2.1466200902237325,309.193,6.2087434062220055,305.987,7.3215528764293785,315.83315,3.9757859490050356,0,0,329.73131756549094,288.654682434509,13.28511160698396,32.77290288583721,330.69,287.11,1,0,330.69,287.11,1,0,0.40051363580775323,1.637264004952016,Uptrend
2022-10-25 16:00:00,326.8,331.82,325.94,330.41,3304,70,0,82.7206691613471,5166.25,0.6395354464069684,0,6.647142857142858,2.011786222312538,310.6485,6.361369844052043,306.1548,7.922528080565779,315.86785000000003,4.603871524119974,0,0,332.8871522452264,288.40984775477364,14.31756615288751,36.93776828331488,331.82,287.11,1,0,331.82,287.11,1,0,0.6151222631627151,1.7334811256850953,Uptrend
2022-10-25 20:00:00,330.41,333.2,329.44,332.12,2619,70,0,84.98810296344367,4922.4,0.5320575329107753,0,6.71,2.0203540888835363,312.5685,6.255108880133486,306.3422,8.414707474190632,315.9101,5.131174976678493,0,0,335.27890593857,289.85809406142994,14.5314745014741,40.84462451864033,333.2,287.11,1,0,333.2,287.11,1,0,0.5175388154111449,1.5409074232603708,Uptrend
2022-10-26 16:00:00,336.0,338.25,333.87,334.92,3142,70,0,83.78504672897196,4783.8,0.6568000334462143,0,6.4535714285714265,1.9268993874869897,314.4135,6.522143610245748,306.517,9.266370217638832,315.98605,5.992020850287549,0,0,338.12102603133053,290.70597396866947,15.080475890081393,46.49127043731196,338.25,287.11,1,0,338.25,287.11,1,0,0.8430687703239848,1.9884892962635983,Uptrend
2022-10-26 20:00:00,334.83,336.08,333.53,335.06,3178,70,0,85.06616257088848,4597.85,0.691192622638842,0,6.444285714285712,1.92332290165514,316.42,5.8909044940269215,306.815,9.205873246092924,316.07,6.00816274875819,0,0,339.9767516302295,292.86324836977053,14.88954657115826,52.0563428152493,338.25,287.11,1,0,338.25,287.11,1,0,0.04180102711095479,1.407342392784715,Uptrend
2022-10-27 16:00:00,339.1,341.44,336.5,338.25,3856,70,0,82.75109170305677,4366.3,0.8831275908664086,0,5.572857142857141,1.6475556963361837,318.02049999999997,6.361067918577586,307.3244,10.062852152318518,316.15795,6.9876623377650215,0,0,342.9733274740011,293.06767252599883,15.692590555641,54.745082771046405,341.44,298.65,1,0,341.44,287.11,1,0,0.9520682862770746,1.8457184150307104,Uptrend
2022-10-27 20:00:00,338.35,339.45,336.02,336.86,3680,70,0,81.43969916733823,4181.3,0.8801090569918446,0,5.482857142857142,1.6276367460835783,319.5265,5.42474567837097,307.8202,9.434013752183908,316.2416,6.519825348720727,0,0,345.23692571654954,293.81607428345046,16.092828429910846,57.280010582209414,341.44,298.65,1,0,341.44,287.11,1,0,-0.4109386548410865,0.5792428042517609,Uptrend
2022-10-28 16:00:00,337.53,340.44,335.51,340.26,2971,70,0,92.48491497531553,3871.8,0.7673433545121132,0,5.304285714285713,1.558891939777145,321.50550000000004,5.833337221291688,308.62719999999996,10.249517864919241,316.34524999999996,7.5596994106913336,0,0,347.20101300170813,295.80998699829195,15.98449357893292,62.1101626230038,341.44,298.65,1,0,341.44,287.11,1,0,1.0093213798016976,1.5519608428341158,Uptrend
2022-10-28 20:00:00,340.08,342.17,339.84,341.24,2437,70,0,92.31200897867576,3679.85,0.6622552549696319,0,5.19714285714286,1.523016896361171,323.579,5.458017980153224,309.4196,10.283899274641945,316.4461,7.835109991875395,0,0,348.57273639429013,298.5852636057099,15.448305603447764,66.88455288592517,342.17,303.2,1,0,342.17,287.11,1,0,0.28801504731676975,0.8839615668883989,Uptrend
2022-10-31 12:00:00,341.48,344.93,341.48,341.53,346,73,0,95.9803354540197,3402.4,0.10169292264284034,0,4.972857142857147,1.4560528043970213,325.3555,4.971331359082593,310.3566,10.04438120536182,316.58065000000005,7.880882801902113,0,0,350.138179414205,300.572820585795,15.234215751204456,70.73938609611605,344.93,304.27,1,0,344.93,287.11,1,0,0.08498417536044744,1.3863326010805552,Uptrend
2022-10-31 16:00:00,341.67,345.38,341.66,345.09,3895,70,0,96.33535460058005,3319.7,1.1732987920595235,0,5.025000000000006,1.4561418760323412,327.341,5.422174429723123,311.3736,10.828278312612232,316.73544999999996,8.952123925503136,0,0,351.74525493530297,302.93674506469705,14.910600832344839,74.63475082232453,345.38,306.94,1,0,345.38,287.11,1,0,1.0423681667789175,1.4195027332040158,Uptrend
2022-10-31 20:00:00,345.14,345.77,343.97,344.21,2404,70,0,91.15009746588699,3257.9,0.7378986463672917,0,4.147857142857147,1.2050367923236243,328.839,4.674323909268663,312.4618,10.160666039816707,316.90635,8.615684097210424,0,0,353.5361346303019,304.1418653696981,15.0208063096542,77.30410627763455,345.77,306.94,1,0,345.77,287.11,1,0,-0.2550059404792915,0.8703551752432219,Uptrend
2022-11-01 12:00:00,345.97,348.18,345.33,347.6,471,75,0,91.70321637426908,3090.4,0.15240745534558633,0,4.19428571428572,1.2066414598060184,330.54650000000004,5.159183352417885,313.5932,10.844240245005311,317.1265,9.609256873834259,0,0,355.48473044834225,305.6082695516578,15.089090611059083,79.92257763385946,348.18,306.94,1,0,348.18,287.11,1,0,0.984863891229204,1.7772962843674203,Uptrend
2022-11-01 16:00:00,347.6,347.6,343.17,347.42,4279,70,0,90.29318541996835,3136.85,1.3641073050990644,0,4.090714285714289,1.1774550358972682,332.4535,4.501832587113686,314.5406,10.45314976826522,317.42725,9.448700450260649,0,0,356.35600308407254,308.5509969159275,14.379456425679091,80.10453777007443,348.18,307.74,1,0,348.18,287.11,1,0,-0.05178365937860141,0.6751861833145096,Uptrend
2022-11-01 20:00:00,347.42,348.27,346.72,348.08,2075,70,0,90.03660024400166,3092.85,0.670902242268458,0,3.905714285714286,1.1220737433102408,334.30350000000004,4.12095595768514,315.4976,10.32730518393801,317.73470000000003,9.55051494218288,0,0,356.93429808811766,311.6727019118824,13.539073379798664,80.38702182774728,348.27,308.52,1,0,348.27,287.11,1,0,0.1899717920672339,1.1243136457395209,Uptrend
2022-11-02 12:00:00,347.46,349.63,347.36,349.46,359,74,0,89.7703549060543,2934.5,0.12233770659396831,0,3.6478571428571422,1.043855417746564,336.29,3.916262749412697,316.5826,10.38509381122019,318.06635,9.870157594476742,0,0,356.70498830193895,315.8750116980611,12.141299653239129,80.13171972782017,349.63,308.52,1,0,349.63,287.11,1,0,0.39646058377384996,0.5350978135788138,Uptrend
2022-11-02 16:00:00,349.43,350.37,347.87,349.75,2805,70,0,89.1256102973813,2918.75,0.9610278372591007,0,3.557857142857143,1.0172572245481466,338.2805,3.390529457062994,317.664,10.10060944897754,318.4006,9.845898531598246,0,0,355.3701896895202,321.19081031047983,10.10385741390366,79.57060186487207,350.37,309.66,1,0,350.37,287.11,1,0,0.08298517713043463,0.6706579932070647,Uptrend
2022-11-02 20:00:00,349.53,356.87,348.11,349.81,5203,70,0,87.62001010611424,2903.75,1.791820921222557,0,3.7457142857142856,1.0707853651165733,339.616,3.0016253651182563,318.7504,9.744176007308536,318.7217,9.754058164222895,1,0,355.8646189210648,323.3673810789352,9.56881826596203,79.19239342636133,356.87,322.01,1,0,356.87,287.11,1,0,0.017155110793432016,0.49701218110779655,Uptrend
2022-11-03 12:00:00,345.21,346.23,342.17,343.15,784,78,0,65.37438236412007,2764.15,0.2836314961199645,0,4.109285714285712,1.1975187860369263,340.53450000000004,0.7680572746667196,319.7578,7.315599494367301,319.02695,7.561445827695741,0,0,355.2571506123222,325.81184938767785,8.646789451478298,76.75087440661524,356.87,324.98,0,0,356.87,287.11,0,0,-1.9038906835139202,-1.8056429920448698,Uptrend
2022-11-03 16:00:00,343.15,349.11,342.22,348.28,4113,70,0,67.75221238938047,2743.95,1.4989340184770132,0,4.145714285714283,1.1903394641421512,341.59450000000004,1.9571450945492193,320.7476,8.58382104807643,319.33275000000003,9.064917394160148,0,0,355.25265965871824,327.93634034128183,7.996709349078046,74.41379356486152,356.87,325.94,0,0,356.87,287.11,0,0,1.494973043858372,-0.4203002144388927,Uptrend
2022-11-03 20:00:00,348.28,350.29,347.66,348.14,1795,70,0,70.88888888888883,2685.8,0.6683297341574205,0,4.088571428571425,1.17440438575614,342.582,1.6223852975346027,321.7358,8.206795762237217,319.6244,8.921596724154979,0,0,355.0219350142102,330.1420649857898,7.262456879935445,72.53894051674447,356.87,325.94,0,0,356.87,287.11,0,0,-0.04019754220742078,-0.47740201823847683,Uptrend
2022-11-04 12:00:00,353.28,354.41,351.37,353.67,534,70,0,73.01750772399589,2547.3,0.20963372983158637,0,4.184285714285713,1.183104508238107,343.745,2.8873147245778155,322.5392,9.651788061730178,319.9728,10.53127015796343,0,0,355.7345278867538,331.7554721132462,6.975826782500877,69.82895377968009,356.87,329.44,1,0,356.87,287.11,1,0,1.5884414316079898,3.065714702025365,Uptrend
2022-11-04 16:00:00,353.52,356.77,350.69,354.1,4532,70,0,72.49825052484255,2642.95,1.7147505628180633,0,4.452142857142852,1.2573123008028386,344.844,2.6841122362575622,323.33119999999997,9.516186498550113,320.31995,10.54572155121778,0,0,356.3673043506528,333.3206956493472,6.6831984031346225,66.9372610936434,356.87,333.53,1,0,356.87,287.11,1,0,0.12158226595413435,1.671069254622732,Uptrend
2022-11-04 20:00:00,354.1,357.99,353.74,357.6,2870,70,0,75.27524378735453,2629.35,1.0915245212695153,0,4.492142857142852,1.2561920741450927,345.978,3.3591731266149907,324.3498,10.251339757262068,320.6995,11.506254297247118,0,0,357.8478797936486,334.10812020635143,6.861638482012486,63.8984057794383,357.99,333.53,1,0,357.99,287.11,1,0,0.9884213499011585,2.7172976388809205,Uptrend
2022-11-07 16:00:00,361.46,362.22,358.03,359.57,3553,70,0,73.97350993377484,2648.1,1.341716702541445,0,4.547142857142851,1.2646057393950694,347.20349999999996,3.561744049239144,325.37080000000003,10.510838710787802,321.10110000000003,11.98030775976786,0,0,359.3841529511215,335.0228470488784,7.01643442599026,61.18936113179236,362.22,335.51,1,0,362.22,287.11,1,0,0.5508948545861259,1.6682217886730504,Uptrend
2022-11-07 20:00:00,359.43,362.43,359.43,362.17,2214,70,0,78.1328320802005,2566.0,0.8628215120810601,0,4.63285714285714,1.2791940643502056,348.3995,3.9525028020993216,326.5104,10.921428536426408,321.48994999999996,12.653599280475191,0,0,361.5382101425674,335.2607898574326,7.542324338908288,58.753181512927526,362.43,335.51,1,0,362.43,287.11,1,0,0.7230859081680974,2.2790172267720963,Uptrend
2022-11-08 16:00:00,362.36,366.81,360.77,363.89,2096,70,0,76.92561983471069,2486.8,0.8428502493163905,0,4.780714285714282,1.3137800669747128,349.75100000000003,4.042590299956241,327.7054,11.041807672378907,321.887,13.048989241566137,0,0,363.44107769767203,336.06092230232804,7.828470939423758,56.46357573997573,366.81,335.51,1,0,366.81,287.11,1,0,0.47491509512107566,1.7589485458612872,Uptrend
2022-11-08 20:00:00,364.07,365.86,360.78,363.64,3392,70,0,76.74802110817939,2507.85,1.3525529836313974,0,4.827142857142856,1.3274510112041733,350.91999999999996,3.624757779550903,328.983,10.534586893547687,322.28465,12.831932889140077,0,0,365.17874136321404,336.6612586367859,8.126491145112325,56.14241798576621,366.81,339.84,1,0,366.81,287.11,1,0,-0.06870208029898794,1.1319075562477385,Uptrend
2022-11-09 16:00:00,362.42,366.72,361.03,363.31,3369,70,0,75.39179726575527,2554.45,1.318874904578285,0,5.122857142857149,1.4100512352693702,352.0235,3.2061779966394255,330.2386,10.014395652113345,322.68295,12.590392519964254,0,0,366.54162699967947,337.50537300032056,8.248385121833884,55.77966339426809,366.81,341.48,1,0,366.81,287.11,1,0,-0.09074909250906815,0.3147693072314069,Uptrend
2022-11-09 20:00:00,363.31,363.42,360.46,361.1,3337,70,0,68.883841661259,2704.0,1.2340976331360947,0,5.172142857142867,1.432329785971439,353.002,2.294037994119017,331.4882,8.932987659892575,323.09005,11.764506520705297,0,0,367.17615082390546,338.82784917609456,8.03063485413989,54.830785142462865,366.81,341.66,1,0,366.81,287.11,1,0,-0.6082959456111814,-0.7667152161367347,Uptrend
2022-11-10 16:00:00,371.48,378.64,369.8,377.18,4002,70,0,79.42501609096763,2709.35,1.4771070551977412,0,6.246428571428579,1.6560869005325254,354.6065,6.365788557175354,333.0346,13.255499578722448,323.5468,16.576643626208014,0,0,371.9257539951131,337.28724600488687,9.768153711290186,54.7536591079441,378.64,342.17,1,0,378.64,287.11,1,0,4.4530600941567355,3.7234627653723518,Uptrend
2022-11-10 20:00:00,377.25,380.05,376.52,377.75,3235,70,0,79.64770797962652,2750.9,1.1759787705841724,0,5.8728571428571525,1.5546941476789284,356.2835,6.025117638060701,334.5636,12.908278127088538,323.93065,16.614466707611637,0,0,375.72886992651,336.83813007349,10.915672449894542,54.3411085017513,380.05,342.17,1,0,380.05,287.11,1,0,0.15112148046025897,3.974567174038699,Uptrend
2022-11-11 16:00:00,380.17,385.45,377.78,383.88,3847,70,0,93.71109680188891,2919.7,1.3176011234030895,0,5.877142857142867,1.5309843850012679,358.09749999999997,7.19985478815128,336.36679999999996,14.125413090709324,324.33715,18.358319421626533,0,0,380.6523835883513,335.5426164116486,12.59706286045077,57.943559460331535,385.45,342.17,1,0,385.45,287.11,1,0,1.62276637988088,6.308501800055379,Uptrend
2022-11-11 20:00:00,383.74,386.58,383.74,384.82,2800,70,0,93.08962264150954,2845.75,0.9839233945357111,0,5.587857142857152,1.4520703557136199,359.9675,6.904095508622313,338.10280000000006,13.817454336373414,324.75939999999997,18.49387577388061,0,0,384.8739699901108,335.0610300098891,13.838177052156569,61.860891467028196,386.58,342.17,1,0,386.58,287.11,1,0,0.2448681879754,2.025558088976082,Uptrend
2022-11-14 16:00:00,382.22,386.04,379.65,384.47,3010,70,0,92.6308378314951,2892.5,1.0406222990492653,0,5.856428571428585,1.523247216019087,361.787,6.269711183652274,339.8936,13.114810046438071,325.17985,18.233033196860152,0,0,388.3018475585379,335.2721524414621,14.65771161403693,64.20860248508008,386.58,342.17,1,0,386.58,287.11,1,0,-0.09095161374148564,1.7789543348775718,Uptrend
2022-11-14 20:00:00,384.47,386.95,382.05,382.05,2831,70,0,85.92405063291149,3016.1,0.9386293557905905,0,5.758571428571437,1.5072821433245482,363.4165,5.127312601381618,341.40979999999996,11.903641898973039,325.58074999999997,17.344161164319466,0,0,390.735108483478,336.097891516522,15.034324794541792,65.89674303183382,386.95,342.17,1,0,386.95,287.11,1,0,-0.6294379275366135,-0.4767114723351006,Uptrend
2022-11-15 16:00:00,385.23,389.11,384.4,385.55,3113,70,0,86.93915903218237,3031.5,1.0268843806696355,0,5.828571428571438,1.511755006762142,365.2065,5.570410165207904,342.98600000000005,12.40983596998127,326.01305,18.26213705248915,0,0,393.43113222453746,336.98186777546255,15.456807162269817,67.92884724366408,389.11,342.17,1,0,389.11,287.11,1,0,0.9161104567464884,0.18969908008939718,Uptrend
2022-11-15 20:00:00,385.58,386.23,380.09,382.3,4494,70,0,79.18241965973542,2996.05,1.4999749670399358,0,5.963571428571441,1.55991928552745,366.831,4.216928231256353,344.61840000000007,10.934297182042496,326.4086,17.12313952512282,0,0,395.0644157375688,338.5975842624312,15.393146019594203,68.86758191918746,389.11,342.17,1,0,389.11,298.65,1,0,-0.8429516275450633,-0.5644133482456409,Uptrend
2022-11-16 16:00:00,380.3,384.68,379.53,381.61,3496,70,0,76.85185185185193,3131.65,1.1163444190762057,0,6.001428571428586,1.5726601953378019,368.754,3.4863350634840558,346.25520000000006,10.21061921958138,326.8038,16.77036803121628,0,0,395.3900178784466,342.11798212155344,14.446497056816513,68.96862984183238,389.11,342.22,1,0,389.11,298.65,1,0,-0.1804865289040003,-0.11516817170527359,Uptrend
2022-11-16 20:00:00,381.61,383.13,380.84,381.71,3267,70,0,75.35028541774784,3089.35,1.0575040056969913,0,5.9507142857143025,1.558962114095597,370.4255,3.0463615490834135,347.7694,9.759513056640394,327.2172,16.653403305205224,0,0,395.818465851525,345.032534148475,13.71016080238806,69.06947364428488,389.11,347.66,1,0,389.11,298.65,1,0,0.026204764026083183,-0.9959797691609472,Uptrend
2022-11-17 16:00:00,378.15,381.01,374.53,380.72,3182,70,0,72.25601692673911,3158.7,1.0073764523379871,0,6.032142857142873,1.5844039864317272,372.0545,2.3290942590400086,349.2762,9.002560151536237,327.6354,16.202339551831095,0,0,395.53606407863026,348.5729359213698,12.622647530740922,67.04535575264784,389.11,350.69,0,0,389.11,303.2,0,0,-0.2593591993921951,-0.4132879937222035,Uptrend
2022-11-17 20:00:00,380.72,381.33,376.89,379.4,2569,70,0,70.2674897119342,3260.45,0.7879280467420142,0,5.986428571428584,1.5778673092853408,373.341,1.6229131008916697,350.57919999999996,8.220909854321084,328.05730000000005,15.650528124202667,0,0,395.35505378866867,351.32694621133135,11.793000923374963,64.40644549825507,389.11,350.69,0,0,389.11,304.27,0,0,-0.3467114940113647,-0.5791252849768183,Uptrend
2022-11-18 16:00:00,380.66,381.98,376.44,377.62,3039,70,0,67.74113563104395,3185.8,0.9539205223177851,0,5.975714285714296,1.582467635642788,374.517,0.8285338182245422,351.86259999999993,7.320300594607122,328.452,14.969615042685083,0,0,394.6344049807068,354.3995950192932,10.743119794672495,61.635151506186425,389.11,353.74,0,0,389.11,306.94,0,0,-0.46916183447548443,-1.0714940661758863,Uptrend
2022-11-18 20:00:00,377.65,380.83,376.96,378.8,2812,70,0,72.5190839694657,3182.9,0.8834710484149675,0,6.0407142857142935,1.5946975411072581,375.577,0.8581462656126476,353.25300000000004,7.231927258933389,328.87989999999996,15.178823637443351,0,0,394.1132212693753,357.0407787306247,9.870796810973669,59.26634065848147,389.11,358.03,0,0,389.11,306.94,0,0,0.312483448969858,-0.5043076276528724,Uptrend
2022-11-21 16:00:00,378.07,379.78,374.86,378.55,2950,70,0,52.91861951427356,3152.75,0.9356910633573864,0,5.139285714285721,1.3576240164537634,376.526,0.5375458799657928,354.6024,6.753366587479393,329.28770000000003,14.960261194086502,0,0,393.48826325514125,359.5637367448588,9.00987621313866,55.56329743563391,389.11,359.43,0,0,389.11,306.94,0,0,-0.06599788806758156,-0.22403795466525195,Uptrend
2022-11-21 20:00:00,378.55,380.41,378.28,379.58,2781,70,0,53.82365231926451,3181.1,0.8742258967023986,0,5.0392857142857235,1.327595161569557,377.3965,0.5785692236149463,355.9993999999999,6.623775208609921,329.72534999999993,15.120053705303537,0,0,392.98825932815924,361.80474067184076,8.262800173376935,52.31928586318959,389.11,360.46,0,0,389.11,307.74,0,0,0.27209087306827584,0.5190403050685821,Uptrend
2022-11-22 16:00:00,382.38,385.45,381.0,381.88,2400,70,0,45.02487562189053,3196.3,0.750868191346244,0,4.908571428571439,1.2853701237486748,378.296,0.9474062638780223,357.4382,6.838049206827922,330.16805,15.662311965073544,0,0,392.6320662592409,363.9599337407591,7.579285141392407,47.31534593029105,389.11,360.46,1,0,389.11,308.52,1,0,0.6059328731756075,0.813093980992604,Uptrend
2022-11-22 20:00:00,381.84,383.96,381.83,383.36,2267,70,0,46.46317829457368,3140.05,0.7219630260664639,0,4.857857142857155,1.2671789291676634,379.28200000000004,1.0751894368833674,358.64340000000004,6.8916924164783095,330.6089,15.955741058392562,0,0,391.9944896729194,366.56951032708065,6.703450030805253,42.692259131388425,389.11,360.46,1,0,389.11,308.52,1,0,0.3875563004085203,1.270637960639282,Uptrend
2022-11-23 16:00:00,385.38,387.54,384.19,385.48,2462,70,0,52.25345827755464,3094.7,0.7955536885643197,0,4.700000000000009,1.219259105530769,380.3905,1.3379671679497895,359.8574,7.120209282899291,331.04575,16.44312002193051,0,0,390.9173588307233,369.86364116927666,5.5347643175753936,37.328440575430214,389.11,360.46,1,0,389.11,309.66,1,0,0.5530050083472515,1.5543495442331088,Uptrend
2022-11-23 20:00:00,385.48,387.81,385.21,385.42,2442,70,0,58.403990024937684,3049.95,0.8006688634239906,0,4.535714285714298,1.176823798898422,381.6065,0.9993278416379264,361.02420000000006,6.7573863469540125,331.49675,16.266599898792368,0,0,387.2254426800758,375.9875573199242,2.9448883496878615,32.265819518320335,389.11,369.8,1,0,389.11,322.01,1,0,-0.015565009857843037,0.9269927725987275,Uptrend
2022-11-25 16:00:00,384.23,389.08,384.23,387.43,2830,70,0,55.064655172413794,2991.35,0.9460611429622078,0,4.377857142857152,1.1299737095364717,382.119,1.3898811626744492,362.205,6.964288179345957,331.95355,16.712112281974388,0,0,387.9052919678076,376.33270803219244,3.0285287922388497,27.512010820131064,389.11,374.53,1,0,389.11,324.98,1,0,0.5215090031653657,1.0616652754590967,Uptrend
2022-11-28 16:00:00,387.04,387.69,381.42,381.98,2303,70,0,49.22928709055878,2944.75,0.7820697852109687,0,4.387142857142862,1.148526848825295,382.33050000000003,-0.09167461136373135,363.2364,5.160165666216275,332.39279999999997,14.918253343634417,0,0,387.741445923713,376.91955407628706,2.830507073703496,23.639170133996753,389.11,374.53,1,1,389.11,325.94,1,0,-1.406705727486257,-0.9079589083739752,Uptrend
2022-11-28 20:00:00,381.99,382.32,380.39,381.97,2346,70,0,50.89641434262951,2869.7,0.8175070564867408,0,4.15714285714286,1.0883427643906223,382.235,-0.06932907766164437,364.23339999999996,4.869569896665179,332.8397,14.7609494900999,0,0,387.59800583430786,376.8719941656922,2.8061301734837687,20.339032975755895,389.11,374.53,1,1,389.11,325.94,1,0,-0.0026179381119373346,-0.8951273934928101,Uptrend
2022-11-29 16:00:00,381.19,384.49,380.0,382.1,2108,70,0,50.96966683242178,2835.1,0.74353638319636,0,4.314285714285717,1.1290985904961308,382.09900000000005,0.0002617122787487936,365.177,4.634191090895648,333.26025000000004,14.655138139036977,0,0,387.3221222765375,376.87587772346257,2.73391046641707,16.552447609902217,389.11,374.53,1,0,389.11,329.44,1,0,0.03403408644657713,-1.375732390367288,Uptrend
2022-11-29 20:00:00,382.1,383.83,381.22,383.19,2768,70,0,56.110836219693155,2823.0,0.9805171803046404,0,3.9878571428571417,1.0406996901947185,382.03499999999997,0.3023283207036082,366.1396,4.656803033597028,333.71560000000005,14.825318324944933,0,0,387.16635869971446,376.90364130028547,2.6863291058225016,16.712507458367348,389.11,374.53,1,0,389.11,333.53,1,0,0.2852656372677176,0.3167705115451017,Uptrend
2022-11-30 16:00:00,381.81,382.08,374.67,376.59,2219,70,0,44.48803452334246,2792.4,0.7946569259418421,0,4.279285714285712,1.1363248398220112,381.762,-1.354770773413809,366.9064,2.639256224475767,334.15025,12.700798518031917,0,0,387.4416723404268,376.0823276595732,2.9755042882355,14.98077304672997,389.11,374.53,0,1,389.11,333.53,0,0,-1.722383151961171,-1.4084875775584604,Uptrend
2022-11-30 20:00:00,376.58,385.66,376.32,385.51,3858,70,0,62.09010113392582,2829.65,1.363419504178962,0,4.550714285714284,1.1804400108205455,381.76,0.982292539815591,367.8794,4.792494496837827,334.63034999999996,15.204732625119041,0,0,387.434081423444,376.08591857655597,2.972590854696156,13.818598957794167,389.08,374.53,1,0,389.11,335.51,1,0,2.368623702169481,0.8924365349384894,Uptrend
2022-12-01 16:00:00,383.69,384.42,379.54,381.67,2302,70,0,54.066307735902534,2720.05,0.8463079722799213,0,4.700714285714282,1.2316174406461817,381.72850000000005,-0.015325028128640575,368.7076,3.5156313566631123,335.14239999999995,13.882934537677139,0,0,387.39695110189814,376.06004889810197,2.969886242131821,12.537766985038454,389.08,374.53,1,1,389.11,335.51,1,0,-0.9960831106845425,-0.39667005923953697,Uptrend
2022-12-01 20:00:00,381.67,383.89,380.16,383.1,2045,70,0,56.23800383877161,2647.5,0.7724268177525968,0,4.615714285714282,1.2048327553417597,381.803,0.33970398346792074,369.54479999999995,3.6680802977068194,335.65305,14.135712456657256,0,0,387.50396612309834,376.10203387690166,2.9863390927249602,12.344420122732478,389.08,374.53,1,0,389.11,335.51,1,0,0.374669216862733,1.7286704373456672,Uptrend
2022-12-02 16:00:00,380.51,382.12,378.78,379.45,2823,70,0,49.83371706318752,2625.3,1.0753056793509312,0,4.772142857142853,1.2576473467236404,381.69,-0.5868636851895541,370.3032,2.4700839744295986,336.0861,12.902616323614694,0,0,387.48750218446014,375.89249781553985,3.037806693631032,11.396093701250274,389.08,374.53,0,1,389.11,339.84,0,0,-0.9527538501696742,-1.5719436590490525,Uptrend
2022-12-02 20:00:00,379.36,380.12,377.75,379.84,2833,70,0,47.25658956428184,2607.85,1.086335487087064,0,4.522142857142853,1.1905388735106501,381.646,-0.4732133967079544,370.9982,2.383246064266613,336.5218,12.872331005004725,0,0,387.48768829236343,375.8043117076366,3.061312468813201,10.597837464911992,389.08,374.67,0,1,389.11,341.48,0,0,0.10278033996573566,-0.4794717950061678,Uptrend
2022-12-05 16:00:00,376.72,377.41,369.67,370.35,2436,70,0,35.605222394335016,2601.2,0.9364908503767493,0,5.096428571428565,1.3761114004127353,381.1935,-2.844618284414595,371.5210000000001,-0.31519079675174455,336.88050000000004,9.935125363444895,0,0,388.8788278531497,373.50817214685026,4.032244963856789,10.947918260139577,389.08,369.67,0,1,389.11,341.66,0,0,-2.4984203875315747,-3.3281127642913075,Uptrend
2022-12-05 20:00:00,370.35,371.72,368.81,371.13,2683,70,0,33.63740022805011,2583.4,1.0385538437717736,0,5.005714285714281,1.348776516507499,380.869,-2.557047173700152,371.99159999999995,-0.2316181333126751,337.2329500000001,10.051523731592631,0,0,389.6583880991664,372.07961190083364,4.6154389562639055,14.548707566863111,389.08,368.81,0,1,389.11,342.17,0,0,0.2106115836370881,-2.192647252602449,Uptrend
2022-12-06 16:00:00,369.33,369.53,361.62,363.19,3058,70,0,28.513435144016952,2595.7,1.1781022460222677,0,5.499285714285707,1.5141622055358646,380.08849999999995,-4.4459382485920935,372.307,-2.4487855452623823,337.46665,7.62248654792999,0,0,391.903174684248,368.27382531575194,6.216801973355164,18.711951181703373,389.08,361.62,0,1,389.11,342.17,0,0,-2.1394120658529303,-4.3834245998315025,Uptrend
2022-12-06 20:00:00,363.19,363.54,359.92,362.32,2647,70,0,25.18284245898394,2580.55,1.0257503245432174,0,5.411428571428567,1.4935495063558641,379.277,-4.4708748487253365,372.5918,-2.7568507948913488,337.6918,7.29309980283797,0,0,393.5171805133399,365.0368194866601,7.509118935943866,22.824794865074985,389.08,359.92,0,1,389.11,342.17,0,0,-0.23954404030948062,-2.1682192520588712,Uptrend
2022-12-07 16:00:00,359.98,364.88,358.75,358.87,2957,70,0,26.219386705083295,2589.35,1.1419854403614806,0,5.401428571428568,1.5051212337137592,378.2415,-5.121463403671985,372.78,-3.731423359622289,337.89765,6.206716738041832,0,0,395.1507105390082,361.3322894609918,8.940959962885193,26.775634819316476,389.08,358.75,0,1,389.11,342.17,0,0,-0.9521969529697527,-3.3034246759895427,Uptrend
2022-12-07 20:00:00,358.87,360.78,357.56,359.39,2730,70,0,27.006109979633322,2605.85,1.0476428036916938,0,5.493571428571422,1.5285821610427175,377.117,-4.70066318940807,372.9728,-3.641766906326686,338.08865,6.300522067215216,0,0,395.8953583162242,358.33864168377585,9.958903107642545,30.614305639119387,389.08,357.56,0,1,389.11,342.17,0,0,0.14489926714409407,-1.0462843139954325,Uptrend
2022-12-08 16:00:00,358.99,362.08,356.9,357.24,2379,70,0,25.684663536776156,2611.45,0.910988148346704,0,5.5428571428571365,1.5515779707919428,375.81100000000004,-4.941579677018508,373.1214,-4.25636267445394,338.24375,5.616142205140533,0,0,396.31509140172767,355.3069085982724,10.91191657600636,35.25524969367713,389.08,356.9,0,1,389.11,342.17,0,0,-0.5982358997189574,-1.402075513358353,Uptrend
2022-12-08 20:00:00,357.26,358.46,355.5,357.63,2415,70,0,24.652915509718326,2609.1,0.925606530987697,0,5.567857142857138,1.5568764205623515,374.41850000000005,-4.483886346427876,373.411,-4.226174376223519,338.4011,5.6822805836033075,0,0,395.91641889560435,352.92058110439575,11.483363613498957,37.992273885965474,389.08,355.5,0,1,389.11,342.17,0,0,0.10917030567685337,-0.3455290216512969,Uptrend
2022-12-09 16:00:00,358.29,361.24,356.47,360.64,2167,70,0,32.97031817211186,2595.35,0.8349548230489144,0,5.299999999999995,1.469609582963619,373.1795,-3.3601792167040347,373.6582000000001,-3.4839861670371715,338.5858,6.513622248777113,0,0,394.8632270781541,351.4957729218459,11.621070867051435,41.136338232204125,389.08,355.5,0,1,389.11,342.17,0,0,0.8416519866901506,0.34781156960405135,Uptrend
2022-12-09 20:00:00,360.64,360.7,358.49,358.69,1966,70,0,16.357250376316983,2552.15,0.7703308974785964,0,4.7907142857142775,1.3356141196337443,371.7425,-3.5111670040417784,373.8692,-4.0600295504417,338.7615,5.882752319847439,0,0,393.25843570992345,350.22656429007657,11.575720134191512,45.07540798104428,387.69,355.5,0,1,389.11,342.22,0,0,-0.5407054125998179,0.40588959802933283,Uptrend
2022-12-12 16:00:00,356.97,361.93,355.73,361.26,2150,70,0,23.555325213785835,2544.5,0.8449597170367459,0,4.80714285714285,1.3306601497931823,370.7065,-2.5482423426619207,374.02099999999996,-3.4118405116290176,338.9476,6.582846434080067,0,0,392.1421027256152,349.2708972743848,11.564729901210354,48.80018900463345,385.66,355.5,0,1,389.11,347.66,0,0,0.7164961387270408,1.0150155188323116,Uptrend
2022-12-12 20:00:00,361.33,363.65,359.2,362.77,2045,70,0,23.713472976467386,2529.45,0.8084761509419044,0,4.858571428571423,1.3392980203907223,369.7465,-1.886833276312296,374.1944,-3.0530654654372142,339.14285,6.966725083545171,0,0,390.77401908683584,348.7189809131642,11.374019273656847,51.39566750893223,385.66,355.5,0,0,389.11,350.69,0,0,0.4179815091623684,0.5906166814551895,Uptrend
2022-12-13 16:00:00,372.33,378.11,364.58,365.54,3432,70,0,31.595660227573404,2595.65,1.3222121626567527,0,5.645714285714279,1.544486044130404,368.9185,-0.915784922686169,374.3532,-2.354247272362035,339.3711,7.71099837316731,0,0,389.1883513743125,348.6486486256875,10.988796373352114,51.18375057370531,385.66,355.5,0,0,389.11,350.69,0,0,0.7635692036276565,1.9097270623658376,Uptrend
2022-12-13 20:00:00,365.51,369.05,365.4,368.02,2880,70,0,35.180541624874564,2601.25,1.107160019221528,0,5.737142857142852,1.558921487186254,368.15999999999997,-0.03802694480660212,374.5222,-1.736132063733476,339.62194999999997,8.361665080834738,0,0,387.2842078611289,349.03579213887105,10.389074240074384,50.56788932008188,385.66,355.5,0,0,389.11,353.74,0,0,0.678448323028924,1.87122847810441,Uptrend
2022-12-14 16:00:00,366.37,368.44,364.14,366.56,1869,71,0,44.050235478806854,2583.75,0.723367198838897,0,5.317857142857142,1.4507467107314334,367.6585,-0.2987827018823178,374.61,-2.1489015242518916,339.8533,7.858302391061088,0,0,386.37358175945366,348.94341824054635,10.180687654142991,48.92157874559738,385.66,355.5,0,0,389.11,355.5,0,0,-0.39671756969729133,1.0447390908840368,Uptrend
2022-12-14 20:00:00,366.76,368.35,358.12,359.88,3771,70,0,35.099337748344325,2579.4,1.4619678995115142,0,5.840714285714284,1.6229616221280103,366.377,-1.7733100058136875,374.52979999999997,-3.911517855188017,340.0323,5.837004308120132,0,0,383.37664098691755,349.37735901308247,9.27986253881523,45.28490409556822,384.42,355.5,0,1,389.11,355.5,0,1,-1.8223483195111356,-1.5483941565902568,Uptrend
2022-12-15 16:00:00,354.27,354.35,348.4,348.52,2924,70,0,32.18362885596302,2610.5,1.1200919364106492,0,5.981428571428572,1.7162368218261714,364.7195,-4.441632542268785,374.2274,-6.86945958526821,340.14244999999994,2.4629533890874376,0,0,381.90420859437427,347.5347914056257,9.42352059287989,41.27648457520421,383.89,348.4,0,1,389.11,348.4,0,1,-3.156607758141605,-5.2986250747242005,Uptrend
2022-12-15 20:00:00,348.64,351.54,347.52,349.56,2426,70,0,34.56700532172228,2629.55,0.9225913179061055,0,6.010000000000003,1.7193042682229098,363.0425,-3.7137525220876384,373.95240000000007,-6.522862268031991,340.24685000000005,2.7371744955169897,0,0,379.1896103818636,346.89538961813645,8.895438072326831,36.70019891934591,382.12,347.52,0,1,389.11,347.52,0,1,0.2984046826580933,-4.637712789175033,Uptrend
2022-12-16 16:00:00,344.79,347.3,343.03,343.43,2908,70,0,32.4625170377101,2633.8,1.1041081327359707,0,6.0385714285714345,1.7583121534436228,361.2415,-4.93063504608412,373.599,-8.07523574741902,340.29864999999995,0.9201770268556912,0,0,377.7149916568497,344.76800834315026,9.120486797253205,33.3214270389326,380.12,343.03,0,1,389.11,343.03,0,1,-1.753633138803068,-4.570968100477934,Uptrend
2022-12-16 20:00:00,343.43,346.12,342.66,345.63,2919,70,0,34.94529540481399,2638.1,1.106478147151359,0,6.055714285714292,1.752080052574803,359.53100000000006,-3.8664259827386416,372.96799999999996,-7.329851354539792,340.36150000000004,1.5479130277660547,0,0,374.94346371916623,344.1185362808339,8.573649403899061,29.827610334106712,378.11,342.66,0,1,389.11,342.66,0,1,0.6405963369536805,-0.8292207046941313,Uptrend
2022-12-19 16:00:00,345.01,347.91,343.25,343.7,2554,70,0,35.11433597185572,2644.0,0.9659606656580938,0,6.018571428571436,1.751111850035332,358.1985,-4.047616056460324,372.287,-7.678753219962016,340.42015,0.9634711693770216,0,0,374.266728572981,342.13027142701907,8.971689481101096,25.869913883009353,378.11,342.66,0,1,389.11,342.66,0,1,-0.5584006017996135,-1.6763931799977154,Uptrend
2022-12-19 20:00:00,343.75,344.47,341.89,344.13,2530,70,0,35.171353251318095,2636.35,0.9596601361731182,0,5.9914285714285835,1.741036402356256,356.8485,-3.5641175456811522,371.492,-7.365434518105375,340.48325000000006,1.0710512191128168,0,0,372.87900943143904,340.81799056856096,8.984490298509897,21.814712646402818,378.11,341.89,0,1,389.11,341.89,0,1,0.12510910677916431,0.20382610721252908,Uptrend
2022-12-20 16:00:00,344.03,346.8,342.49,345.05,2309,70,0,32.051577250748366,2598.9,0.8884528069567894,0,5.9585714285714415,1.7268718819218782,355.9415,-3.0599129351311967,370.6966,-6.91848805734932,340.55485,1.319948901036066,0,0,372.5051180575916,339.37788194240846,9.30693277271212,19.27832752367876,378.11,341.89,0,1,389.11,341.89,0,1,0.2673408305001068,-0.16780950727656282,Uptrend
2022-12-20 20:00:00,345.05,346.99,343.85,344.06,2223,70,0,32.7760772309866,2577.7,0.8623967102455679,0,6.025000000000014,1.7511480555717065,355.0285,-3.0894702819632807,369.88840000000005,-6.982754798474362,340.6383,1.0044965583729095,0,0,372.1164597808973,337.94054021910273,9.626246783510213,15.465307512191421,378.11,341.89,0,1,389.11,341.89,0,1,-0.2869149398637916,0.10474250800116779,Uptrend
2022-12-21 16:00:00,347.19,350.48,344.95,349.95,1671,70,0,37.65014195239135,2513.4,0.6648364764860348,0,6.0407142857143015,1.7261649623415636,354.5825,-1.3064660551493639,369.24640000000005,-5.2258871041126085,340.72125,2.708592434431369,0,0,371.71386842784034,337.4511315721596,9.66283921391516,11.128654670954939,378.11,341.89,0,0,389.11,341.89,0,0,1.7119107132476774,1.6912213407723804,Uptrend
2022-12-21 20:00:00,349.95,350.28,348.21,349.63,1515,70,0,35.26905829596416,2452.65,0.6176992232890954,0,5.8707142857143015,1.6791220106153082,354.09450000000004,-1.2608216168282882,368.52799999999996,-5.1279685668388755,340.80604999999997,2.5891412432379135,0,0,371.2052863487791,336.98371365122097,9.664530993155257,7.610210407822963,378.11,341.89,0,0,389.11,341.89,0,0,-0.09144163451921816,1.327343863208226,Uptrend
2022-12-22 16:00:00,344.92,346.72,340.67,340.92,2055,70,0,25.643055005935878,2436.45,0.843440251185126,0,5.4150000000000125,1.5883491728264734,353.2785,-3.4982315651815754,367.7004,-7.2832120933238,340.85675000000003,0.01855618232585456,0,0,371.2905220379228,335.2664779620772,10.19706664171344,11.458624733863283,378.11,340.67,0,1,389.11,340.67,0,1,-2.4912049881303022,-0.9126315177585266,Uptrend
2022-12-22 20:00:00,340.92,345.2,339.45,345.18,2560,70,0,28.172782874617752,2443.7,1.0475917665834595,0,5.56500000000001,1.6122023292195407,352.656,-2.1199128896148083,366.97180000000003,-5.938276456120067,340.92525,1.2480008447599589,0,0,370.8939389417222,334.41806105827783,10.343189363981997,15.535496048993545,378.11,339.45,0,1,389.08,339.45,0,1,1.2495600140795426,-1.3630518645520737,Uptrend
2022-12-23 16:00:00,345.25,347.28,341.92,346.26,2259,71,0,30.458221024258748,2448.3,0.9226810439897071,0,5.640714285714291,1.629040110239211,351.937,-1.6130727942785275,366.26279999999997,-5.461324491594555,340.986,1.546691066495399,0,0,369.982450337817,333.891549662183,10.254932182644612,18.467712408933135,378.11,339.45,0,0,389.08,339.45,0,0,0.312880236398394,-0.963876097588881,Uptrend
2022-12-23 20:00:00,346.32,346.87,343.93,345.02,2214,70,0,34.02150537634407,2460.7,0.8997439752915838,0,5.1200000000000045,1.4839719436554417,351.2535,-1.774644238420398,365.54879999999997,-5.615884937934413,341.0396,1.1671371887604767,0,0,369.2574776599181,333.24952234008185,10.25127303210822,21.549798917712387,378.11,339.45,0,1,389.08,339.45,0,1,-0.35811240108589715,1.2026281825648144,Uptrend
2022-12-27 16:00:00,343.74,344.48,341.15,342.35,1703,70,0,41.84078286167684,2438.35,0.6984231139910185,0,4.576428571428575,1.3367689707692638,350.308,-2.2717151763590815,364.8078,-6.156063549079807,341.07205,0.37468622832038934,0,0,368.0840520156485,332.53194798435146,10.148813053454978,23.296494602052597,378.11,339.45,0,1,389.08,339.45,0,1,-0.7738681815546822,-0.819862100932842,Uptrend
2022-12-27 20:00:00,342.35,342.94,340.93,341.51,1590,70,0,39.29805902685453,2415.6,0.6582215598609041,0,4.432857142857143,1.2980167909745375,349.245,-2.214777591662018,364.08560000000006,-6.20062974201673,341.1085,0.11770448405712512,0,0,366.4156426327304,332.0743573672696,9.833006990926364,25.04059721953743,378.11,339.45,0,1,389.08,339.45,0,1,-0.24536293267125586,-1.3718015364177207,Uptrend
2022-12-28 16:00:00,340.88,342.22,338.33,340.61,1912,70,0,45.64546016059296,2339.6,0.8172337151649856,0,4.2442857142857155,1.2460837069627184,347.99850000000004,-2.123141335379325,363.3218,-6.25115255952161,341.1289,-0.15211258852591314,0,0,363.74924304011336,332.2477569598867,9.052190190540085,25.761760433563303,369.05,338.33,0,1,389.08,338.33,0,1,-0.26353547480307826,-1.2781867717813369,Downtrend
2022-12-28 20:00:00,340.61,342.36,339.35,340.25,1906,70,0,41.191879502292075,2290.9,0.8319874285215417,0,4.212142857142859,1.2379552849795326,346.61,-1.8349153226969832,362.55580000000003,-6.152377096160103,341.1495,-0.26366739508631526,0,0,359.5798289563813,333.64017104361875,7.483816944912879,26.459574342386418,368.44,338.33,0,1,389.08,338.33,0,1,-0.10569272775314831,-0.6134073316781138,Downtrend
2022-12-29 16:00:00,341.61,344.14,341.37,343.29,1532,70,0,49.35229067930494,2274.05,0.6736879136342648,0,4.157142857142857,1.2109711489244825,345.4465,-0.6242645387925465,361.83,-5.123953237708307,341.1294,0.633366693108259,0,0,354.4491131294079,336.4438868705921,5.212160568659925,27.32575486618166,368.35,338.33,0,1,389.08,338.33,0,1,0.8934606906686238,0.5212146057216567,Uptrend
2022-12-29 20:00:00,343.29,343.65,342.38,342.97,1858,70,0,48.16106531388717,2178.4,0.8529195739992654,0,4.063571428571423,1.1848183306328317,344.601,-0.4733010060910943,361.0518,-5.008090251869673,341.10684999999995,0.5462071488743413,0,0,350.5566815863333,338.6453184136667,3.45656663000589,27.887040962962264,354.35,338.33,0,1,389.08,338.33,0,1,-0.09321564857700526,0.6928745486039791,Uptrend
2022-12-30 16:00:00,341.7,343.29,338.88,342.55,3802,70,0,45.972938144329895,2222.3,1.710840120595779,0,4.070714285714282,1.188356235794565,344.3025,-0.5090000798716238,360.2356,-4.909453701966148,341.05015,0.4397740332323671,0,0,350.02501646889175,338.57998353110827,3.32412135775473,29.947353261739377,351.54,338.33,0,1,389.08,338.33,0,1,-0.12245969035192816,0.6759735488611349,Uptrend
2022-12-30 20:00:00,342.55,343.31,339.78,343.01,4132,70,0,48.27925270403144,2307.6,1.7906049575316347,0,4.098571428571428,1.1948839475733732,343.975,-0.2805436441601953,359.38620000000003,-4.556713641202706,341.0085000000001,0.5869355162700951,0,0,349.1545813689709,338.7954186310291,3.0116033833685005,32.10561970506293,350.48,338.33,0,1,389.08,338.33,0,1,0.13428696540649376,-0.08156369250488786,Uptrend
2023-01-03 16:00:00,345.82,347.99,342.37,343.55,2494,70,0,37.28139904610496,2286.9,1.0905592723774542,0,4.04142857142857,1.1763727467409606,343.981,-0.1252976181823947,358.54879999999997,-4.183196262266102,340.9629,0.7587629035299797,0,0,349.15820062540416,338.8037993745958,3.010166622810079,34.551217403677725,350.48,338.33,1,1,389.08,338.33,0,1,0.15742981254192046,0.16911100096217863,Uptrend
2023-01-03 20:00:00,343.55,346.21,341.88,345.67,2575,70,0,42.655786350148404,2269.7,1.1345111688769443,0,4.202857142857141,1.2158582297732348,343.983,0.4904312131704217,357.7136,-3.366827540244478,340.92484999999994,1.3918463262505156,0,0,349.16291302506755,338.80308697493246,3.0117261754607343,36.81591295972493,350.48,338.33,1,0,389.08,338.33,0,0,0.6170863047591402,0.9108159392789387,Uptrend
2023-01-04 16:00:00,346.83,349.89,344.49,348.23,2689,70,0,67.5636713118693,2276.45,1.18122515319906,0,3.9485714285714266,1.1338975471876134,344.2095,1.1680386508797773,357.03860000000003,-2.467128204065334,340.87690000000003,2.1571130223256496,0,0,349.7227471089283,338.6962528910717,3.2034253028625206,32.98190668022689,350.48,338.33,1,0,389.08,338.33,0,0,0.7405907368299269,1.5218215212384558,Uptrend
2023-01-04 20:00:00,348.24,349.42,345.63,347.29,3640,70,0,56.03201829616928,2331.95,1.5609254057762818,0,3.8085714285714283,1.0966545044692988,344.36749999999995,0.8486573210306056,356.345,-2.5410767654941155,340.83695,1.8932953131988826,0,0,350.04968592110464,338.68531407889526,3.3000709539109767,29.48662672202885,350.48,338.33,1,0,387.69,338.33,0,0,-0.26993653619733493,1.0886333866977176,Uptrend
2023-01-05 16:00:00,341.75,344.37,339.67,342.97,2402,70,0,42.06464061746271,2336.6,1.0279893862877687,0,3.970000000000003,1.157535644517014,344.2635,-0.3757296373272201,355.56239999999997,-3.541544325271722,340.78214999999994,0.6420083915780457,0,0,349.9691805489101,338.5578194510899,3.3147170983331633,27.197119106191202,350.48,338.33,0,1,385.66,338.33,0,1,-1.243917187365029,-0.7810917927503077,Uptrend
2023-01-05 20:00:00,343.09,344.62,341.77,343.35,2429,70,0,45.79768495218933,2346.9,1.0349823170991521,0,3.9635714285714334,1.1543822421935148,344.228,-0.255063504421484,354.76559999999995,-3.2177866174172265,340.72635,0.7700167597839138,0,0,349.9478292208496,338.5081707791504,3.323279466428989,25.40296542161219,350.48,338.33,0,1,385.66,338.33,0,1,0.11079686269936939,-1.4013726560032147,Uptrend
2023-01-06 16:00:00,345.22,347.38,340.5,345.89,2564,70,0,58.96656534954398,2391.55,1.072108047082436,0,4.178571428571432,1.2080636701180818,344.025,0.5421117651333506,354.15160000000003,-2.3327862982971257,340.69515,1.5247795573256542,0,0,349.1466753015622,338.90332469843776,2.9775018103697235,23.3996666135566,350.28,338.33,1,0,385.66,338.33,0,0,0.7397699140818226,-0.40312131072015717,Uptrend
2023-01-06 20:00:00,345.86,348.64,345.42,347.57,2108,70,0,64.72303206997086,2421.2,0.8706426565339501,0,4.265000000000002,1.2270909457087789,343.922,1.0607056251126614,353.3928000000001,-1.6476849556640896,340.66715,2.0262740331728497,0,0,348.6356692602083,339.20833073979173,2.7411269184340004,21.511654766323794,349.89,338.33,1,0,385.66,338.33,0,0,0.485703547370564,1.341225180044892,Uptrend
2023-01-09 16:00:00,349.67,356.07,349.08,354.8,2254,70,0,76.36566332218504,2431.15,0.9271332496966456,0,4.594285714285713,1.294894507972298,344.616,2.955173294333411,352.85540000000003,0.5511039366267257,340.6832,4.143673653411736,0,0,351.1890691381296,338.0429308618704,3.814720812805904,22.12152081874073,356.07,338.33,1,0,385.66,338.33,0,0,2.0801565152343438,3.33478957332168,Uptrend
2023-01-09 20:00:00,354.73,354.88,351.42,352.56,2791,70,0,71.37895102466133,2442.7,1.1425881197036067,0,4.62642857142857,1.3122386463094424,344.985,2.195747641201788,352.24460000000005,0.08954005256573248,340.6743,3.4888748578921227,0,0,352.4583308292959,337.5116691707041,4.3325540700586345,22.837229938319247,356.07,338.33,1,0,384.42,338.33,0,0,-0.6313416009019246,1.9283587267628484,Uptrend
2023-01-10 16:00:00,352.89,356.94,349.81,356.17,2769,70,0,71.93460490463214,2468.2,1.1218701888015559,0,4.857857142857142,1.3639153052916142,345.4805,3.0940964830142392,351.779,1.2482268697108183,340.71439999999996,4.53623327925091,0,0,354.4700716776308,336.4909283223692,5.20409787390652,23.15371749389384,356.94,338.33,1,0,383.89,338.33,0,0,1.0239391876559978,2.4743217193658897,Uptrend
2023-01-10 20:00:00,356.17,357.13,355.25,356.9,1964,70,0,73.39603627813227,2455.7,0.7997719591155272,0,4.901428571428572,1.3733338670295805,346.0745,3.128083692962058,351.32020000000006,1.588237738678254,340.75520000000006,4.737946772345635,0,0,356.4058024093565,335.7431975906435,5.970565533927816,23.80868355193196,357.13,338.33,1,0,382.12,338.33,0,0,0.20495830642670576,0.5918827508455371,Uptrend
2023-01-11 16:00:00,357.52,363.31,357.52,362.86,2161,70,0,78.75955819881054,2478.6,0.8718631485516017,0,5.0442857142857145,1.3901465342792578,347.1,4.540478248343414,351.1703999999999,3.3287543597068834,340.85175000000004,6.456839373715985,0,0,359.6977708972198,334.50222910278023,7.258871159446723,24.582116334661595,363.31,338.33,1,0,380.12,338.33,0,0,1.6699355561782037,2.921488540957571,Uptrend
2023-01-11 20:00:00,362.91,365.04,362.71,363.87,2633,70,0,79.08533184606804,2530.75,1.0404030425763113,0,4.95857142857143,1.3627315878119741,348.218,4.494885387889192,351.02520000000004,3.6592244659357682,340.96139999999997,6.71882506348227,0,0,362.5731166011101,333.86288339888995,8.244902102194642,25.440902061725478,365.04,338.33,1,0,378.11,338.33,0,0,0.2783442650057921,2.1618889855967622,Uptrend
2023-01-12 16:00:00,364.56,368.7,361.97,368.19,2594,70,0,81.07971745711401,2564.85,1.0113651870479756,0,5.037857142857141,1.368276472163052,349.597,5.318409482918909,351.12519999999995,4.860032831593987,341.10235,7.941208848311949,0,0,366.0241650499662,333.16983495003376,9.397772320681367,26.45705058027856,368.7,338.88,1,0,378.11,338.33,0,0,1.187237200098945,3.163351078733545,Uptrend
2023-01-12 20:00:00,368.21,369.72,366.28,369.49,3072,70,0,80.68006182380216,2623.15,1.1711110687532165,0,4.974285714285718,1.346257196212541,351.059,5.250114653092495,351.2686,5.187312501031979,341.2518,8.274886755176091,0,0,369.10812582807756,333.0098741719225,10.28267375459825,27.613094862954146,369.72,338.88,1,0,378.11,338.33,0,0,0.3530785735625708,1.8271509673152169,Uptrend
2023-01-13 16:00:00,363.32,373.22,362.71,372.32,2413,70,0,80.81350729086722,2667.2,0.9046940611877625,0,5.339285714285722,1.4340582601755807,352.5105,5.619548921237811,351.5376,5.911856939343045,341.40605000000005,9.054892260989499,0,0,372.49442877973604,332.5265712202639,11.338061578157848,29.922817366459288,373.22,338.88,1,0,378.11,338.33,1,0,0.7659205932501578,2.3222579492675925,Uptrend
2023-01-13 20:00:00,372.4,373.96,371.78,373.52,2346,70,0,83.32909783989832,2691.6,0.8716005349977709,0,5.224285714285721,1.3986629134412405,354.038,5.502799134556168,351.82020000000006,6.167866427226158,341.56555000000003,9.355290660899481,0,0,375.5623339404225,332.51366605957753,12.159335404912738,31.88230972662948,373.96,338.88,1,0,378.11,338.33,1,0,0.322303394929091,1.447622151606503,Uptrend
2023-01-17 16:00:00,364.92,365.23,343.56,344.7,5429,70,0,51.354737666405605,2772.95,1.9578427306658974,0,6.820000000000006,1.9785320568610403,354.14549999999997,-2.667124105770081,351.5694,-1.953924317645388,341.5715,0.9159136520464892,0,0,375.448593400277,332.84240659972295,12.030701166767345,30.93127662636767,373.96,339.67,0,1,378.11,338.33,0,1,-7.715784964660521,-6.709247882216032,Uptrend
2023-01-17 20:00:00,344.7,352.55,343.75,349.53,4099,70,0,54.52415812591505,2771.3,1.479089236098582,0,7.2450000000000045,2.072783452064202,354.4715,-1.3940471942032064,351.40740000000005,-0.5342516976022927,341.58784999999995,2.325068060822429,0,0,375.2501907798877,333.6928092201123,11.72375820334651,30.091532279987174,373.96,339.67,0,0,378.11,338.33,0,0,1.401218450826791,-6.121078642028369,Uptrend
2023-01-18 16:00:00,349.2,354.36,347.65,349.85,5396,70,0,52.99636803874095,2916.4,1.850226306405157,0,7.23285714285715,2.0674166479511644,354.7865,-1.3914001801083093,351.19159999999994,-0.382013692810396,341.64660000000003,2.401136144776499,0,0,375.05275951518223,334.52024048481775,11.42448177435288,30.41204689759223,373.96,339.67,0,0,378.11,338.33,0,0,0.0915515120304633,-6.337010066395362,Uptrend
2023-01-18 20:00:00,349.85,351.95,347.85,347.86,4256,70,0,50.218406386504014,3000.45,1.4184538985818795,0,7.2957142857142925,2.097313369089373,354.896,-1.9825526351381815,350.975,-0.887527601681034,341.70745000000005,1.8005314194934765,0,0,374.9776862365972,334.8143137634028,11.31694143444682,30.888917484996124,373.96,339.67,0,0,378.11,338.33,0,0,-0.5688152065170815,0.9167391935016028,Uptrend
2023-01-19 16:00:00,346.73,349.15,345.33,348.3,4195,70,0,44.54697986577182,3075.75,1.363894984963017,0,6.961428571428578,1.9986875025634736,354.89950000000005,-1.8595405178085722,350.7158,-0.6888198364601738,341.77475,1.9092253011669318,0,0,374.97631823711595,334.82268176288414,11.31408651582541,30.528340897815546,373.96,339.67,0,0,378.11,338.33,0,0,0.126487667452424,-0.35190112436699605,Uptrend
2023-01-19 20:00:00,347.75,351.73,347.68,349.58,3554,70,0,47.45907230559344,3071.45,1.1571082062218172,0,7.003571428571438,2.0034245175843695,355.014,-1.5306438619322127,350.45200000000006,-0.2488215219202832,341.8563,2.259341132516794,0,0,374.93359564163364,335.0944043583664,11.221864851320587,29.797723464642512,373.96,339.67,0,0,378.11,338.33,0,0,0.3674992822279455,-0.07717593254252926,Uptrend
2023-01-20 16:00:00,348.15,351.81,337.4,341.03,5957,70,0,38.0937401698647,3249.2,1.833374369075465,0,7.523571428571439,2.2061318442868485,354.91700000000003,-3.9127457969046446,349.9618,-2.552221413880032,341.9007,-0.25466458536060305,0,0,375.1006829355294,334.73331706447067,11.373748192129067,30.444517834405648,373.96,337.4,0,1,378.11,337.4,0,1,-2.4457920933691923,-1.963433565227402,Downtrend
2023-01-20 20:00:00,340.98,343.65,339.17,341.36,5011,70,0,37.70180436847108,3378.3,1.483290412337566,0,7.7092857142857225,2.25840336134454,354.8175,-3.792794887512589,349.4286,-2.3090840303283713,341.94159999999994,-0.17008752371747796,0,0,375.2592466294598,334.37575337054017,11.522400461904967,31.090624655858566,373.96,337.4,0,1,378.11,337.4,0,1,0.09676568043868183,-1.9925351708297439,Downtrend
2023-01-23 16:00:00,337.58,346.56,335.65,346.0,4337,70,0,36.37245392822502,3466.95,1.2509554507564287,0,8.030714285714295,2.321015689512802,354.823,-2.4865919063871225,349.01740000000007,-0.8645414240092516,342.01259999999996,1.1658634798835004,0,0,375.2546896279408,334.39131037205914,11.516553114054524,30.76172696236478,373.96,335.65,0,0,373.96,335.65,0,0,1.3592688071244474,-1.0240860461124732,Uptrend
2023-01-23 20:00:00,346.0,349.2,343.33,348.81,4074,70,0,38.17153628652215,3565.25,1.142696865577449,0,8.283571428571435,2.374809044629292,354.885,-1.711822139566335,348.796,0.004013807497795274,342.09554999999995,1.9627411113649555,0,0,375.23136654488513,334.53863345511485,11.46645620123992,30.140465224454594,373.96,335.65,0,0,373.96,335.65,0,0,0.812138728323708,2.2813242236753455,Uptrend
2023-01-24 16:00:00,344.7,349.56,343.38,347.72,3147,70,0,33.06304815488997,3609.9,0.8717693010886728,0,8.244285714285724,2.370955284218832,354.53100000000006,-1.9211296050274966,348.78,-0.30391650897412276,342.19375,1.6149476721886369,0,0,375.1284100569103,333.9335899430898,11.61952554609342,30.29898681490894,373.96,335.65,0,0,373.96,335.65,0,0,-0.31249104096785496,1.8631356925240254,Uptrend
2023-01-24 20:00:00,347.57,349.86,347.1,347.74,2385,70,0,31.614539306846993,3589.6,0.664419433920214,0,8.19571428571429,2.356851177809366,354.29,-1.8487679584521184,348.7436,-0.2877758903675955,342.26779999999997,1.5988065485564356,0,0,375.09624602575116,333.4837539742489,11.745319385673394,30.35599883040445,373.96,335.65,0,0,373.96,335.65,0,0,0.005751754285054922,0.5028901734104072,Uptrend
2023-01-25 16:00:00,346.65,347.39,343.68,347.03,3300,70,0,27.827459231983156,3616.15,0.912572763851057,0,7.735000000000001,2.2289139267498492,353.83299999999997,-1.9226584292590003,348.81559999999996,-0.5119037107285306,342.31659999999994,1.3769124839403162,0,0,374.8656594158974,332.8003405841025,11.888466828078476,31.958112834898795,373.96,335.65,0,0,373.96,335.65,0,0,-0.20417553344453943,-0.5103064705713798,Uptrend
2023-01-25 20:00:00,347.03,349.56,346.87,349.17,3035,70,0,28.997757460755622,3669.7,0.8270430825408072,0,7.771428571428572,2.2256862191564486,353.4465,-1.209942664589973,348.8864,0.08128720408707116,342.40689999999995,1.9751646359930441,0,0,374.52589904765796,332.36710095234207,11.927915001369623,33.215626123987605,373.96,335.65,0,0,373.96,335.65,0,0,0.6166613837420565,0.41700218566662506,Uptrend
2023-01-26 16:00:00,352.1,353.78,348.72,351.68,3678,70,0,61.02337334175616,3745.55,0.981965265448332,0,5.992857142857141,1.7040653841154292,352.8875,-0.3421770394247407,349.046,0.754628329790347,342.5368,2.6692606458634454,0,0,373.50367645391174,332.27132354608824,11.684276974339838,33.234086793991914,373.96,335.65,0,0,373.96,335.65,0,0,0.7188475527679872,1.1330304250301944,Uptrend
2023-01-26 20:00:00,351.68,354.59,351.53,354.41,2999,70,0,58.2543978349121,3763.85,0.7967905203448596,0,5.582857142857141,1.57525384240206,352.4145,0.5662366332826968,349.25159999999994,1.4769867911843744,342.6775,3.4237730811039575,0,0,372.3939899834775,332.4350100165224,11.338631062840802,33.05862331935696,373.96,335.65,0,0,373.96,335.65,0,0,0.7762738853503315,2.1266172953347127,Uptrend
2023-01-27 16:00:00,351.8,355.56,351.3,354.86,3580,70,0,58.437184237116846,3813.15,0.9388563261345606,0,5.407857142857138,1.5239410310706019,351.748,0.8847242912539726,349.4478,1.548786399570992,342.80755,3.5158064634224133,0,0,370.3537983039212,333.14220169607876,10.579049947076449,33.112942633473224,373.96,335.65,0,0,373.96,335.65,0,0,0.12697158658050434,1.6295787152389947,Uptrend
2023-01-27 20:00:00,354.79,355.57,352.26,353.33,3386,70,0,59.35682517960991,3828.85,0.8843386395392873,0,5.351428571428569,1.514569544456618,350.93999999999994,0.6810280959708337,349.6332,1.0573366602485108,342.92379999999997,3.0345516992404766,0,0,367.6038695196615,334.2761304803384,9.49670571588394,33.01077583435782,373.96,335.65,0,0,373.96,335.65,0,0,-0.4311559488249017,0.46917652411282335,Uptrend
2023-01-30 16:00:00,354.57,361.48,353.99,359.75,4366,70,0,66.25958534507237,3926.5,1.1119317458296192,0,5.660714285714286,1.573513352526556,350.31149999999997,2.694316344167986,349.82919999999996,2.8358982040378686,343.05615,4.86621504963546,0,0,364.31610867751795,336.306891322482,7.995517519417993,32.02741725557046,373.96,335.65,0,0,373.96,335.65,0,0,1.8169982735686263,1.5067294940887601,Uptrend
2023-01-30 20:00:00,359.75,361.95,356.51,356.99,3800,70,0,60.09811937857727,3999.2,0.9501900380076016,0,5.759999999999999,1.613490573965657,349.485,2.147445526989712,349.9764,2.0040208425482393,343.16625,4.028295323330898,0,0,358.93201456601054,340.0379854339895,5.406248946885001,31.09466574422054,365.23,335.65,0,0,373.96,335.65,0,0,-0.7671994440583751,0.6002367130699418,Uptrend
2023-01-31 16:00:00,357.99,361.55,355.24,360.91,2677,70,0,81.00436681222705,3861.6,0.6932359643671018,0,5.181428571428569,1.4356566932001242,350.2955,3.030155968318183,350.3761999999999,3.006425664756939,343.27565000000004,5.137081526172911,0,0,360.74251009858256,339.84848990141745,5.964684158707464,31.561353647317553,361.95,335.65,1,0,373.96,335.65,0,0,1.0980699739488564,2.1453032575779134,Uptrend
2023-01-31 20:00:00,360.91,365.53,360.78,365.39,2614,70,0,83.18144159072072,3787.35,0.690192350852179,0,5.200714285714286,1.423332408033686,351.08849999999995,4.073474351908432,350.7804,4.164884925155453,343.40335,6.402572951021007,0,0,363.5117045615787,338.6652954384212,7.076964675048461,32.4953873589722,365.53,335.65,1,0,373.96,335.65,0,0,1.2413066969604536,1.5677553856844995,Uptrend
2023-02-01 16:00:00,360.07,364.49,359.72,362.03,2716,70,0,72.94589178356705,3653.35,0.743427265386563,0,4.826428571428567,1.3331570785372944,351.69750000000005,2.937894070898975,351.0958,3.1143066935007413,343.50585,5.392673807447519,0,0,365.02622619964666,338.36877380035344,7.57965365101919,33.27587378105975,365.53,335.65,1,0,373.96,335.65,0,0,-0.9195653958783856,1.4118042522199399,Uptrend
2023-02-01 20:00:00,362.03,368.55,358.7,365.37,4961,70,0,73.35025380710654,3688.6,1.3449547253700591,0,5.110714285714282,1.398777755621502,352.573,3.6296029474747145,351.5028,3.9451179336267095,343.62104999999997,6.329341581372863,0,0,367.08790573241635,338.0580942675836,8.233702372227237,33.96249884238423,368.55,335.65,1,0,373.96,335.65,0,0,0.9225754771704064,1.2357651492061674,Uptrend
2023-02-02 16:00:00,366.63,372.48,364.01,371.99,3488,70,0,79.60478165406185,3653.25,0.9547663039759119,0,5.274285714285712,1.4178568548309665,353.7575,5.153954333123684,352.09560000000005,5.650283616154238,343.82730000000004,8.190943534733854,0,0,370.4997715870521,337.01522841294786,9.465394563819638,34.51130449529869,372.48,335.65,1,0,373.96,335.65,1,0,1.8118619481621412,1.8062891704753887,Uptrend
2023-02-02 20:00:00,372.05,372.33,366.64,368.86,3046,70,0,73.94557823129244,3627.85,0.8396157503755668,0,5.483571428571428,1.4866267495991508,354.7215,3.9858029468188483,352.6426,4.598820448805673,344.03200000000004,7.216770532973668,0,0,372.6305712386615,336.8124287613385,10.09753918984979,34.91051034215399,372.48,335.65,1,0,373.96,335.65,1,0,-0.8414204682921533,1.8865839847526562,Uptrend
2023-02-03 16:00:00,368.27,374.13,367.8,371.26,3280,70,0,76.45774186503601,3494.0,0.9387521465369204,0,5.645714285714283,1.5206901593800257,356.233,4.2183065577866135,353.25559999999996,5.0967061810202114,344.25265,7.845211939544974,0,0,374.3778129169012,338.08818708309883,10.187047756328681,36.05522621072853,374.13,335.65,1,0,374.13,335.65,1,0,0.6506533644200951,1.6120644825792994,Uptrend
2023-02-03 20:00:00,371.26,371.65,367.29,369.35,2636,70,0,72.14661984196664,3375.25,0.7809791867269091,0,5.764999999999994,1.5608501421415983,357.63250000000005,3.276408044570885,353.83759999999995,4.38404510996007,344.46520000000004,7.224184039490776,0,0,375.25748331465803,340.00751668534207,9.856477425657891,37.14247359729874,374.13,335.65,1,0,374.13,335.65,1,0,-0.5144642568550295,-0.7096964972176634,Uptrend
2023-02-06 16:00:00,369.77,370.61,365.38,368.11,2820,70,0,68.54820501241815,3299.4,0.8547008547008547,0,5.777142857142857,1.569406660276237,358.738,2.6124915676621976,354.334,3.887857219459609,344.64215,6.80933832382371,0,0,376.0619142289031,341.4140857710969,9.65825434099711,40.69942784443261,374.13,343.33,1,0,374.13,335.65,1,0,-0.33572492216055183,-0.20332917638128284,Uptrend
2023-02-06 20:00:00,368.1,370.86,367.41,370.18,2467,70,0,68.07242722897087,3219.05,0.7663751727994284,0,5.804999999999999,1.5681560322005506,359.8065,2.883077431897416,354.8782,4.311845585330407,344.8376,7.3490825826418,0,0,377.1881652039734,342.42483479602663,9.66167381855158,44.358585699892046,374.13,343.38,1,0,374.13,335.65,1,0,0.5623319116568437,-0.29090125518504123,Uptrend
2023-02-07 16:00:00,368.78,375.8,368.53,374.77,2722,70,0,70.83943897843832,3197.8,0.8512102070173244,0,6.020000000000002,1.6063185420391182,361.159,3.768700212371834,355.5226,5.413833044650318,345.09504999999996,8.599065677702427,0,0,378.78863163480185,343.52936836519814,9.762808975992211,48.28722559563145,375.8,343.68,1,0,375.8,335.65,1,0,1.2399373277864667,1.4674428049275643,Uptrend
2023-02-07 20:00:00,374.92,375.07,368.35,373.81,3926,70,0,71.69491525423734,3274.85,1.1988335343603524,0,6.263571428571429,1.6756029610153365,362.4625,3.1306686898644758,356.1386,4.961944591234987,345.3375,8.24483295327036,0,0,379.76668005478086,345.1583199452191,9.548121560040494,52.15015786566455,375.8,343.68,1,0,375.8,335.65,1,0,-0.2561571096939441,1.5484501915188364,Uptrend
2023-02-08 16:00:00,373.41,378.02,372.51,376.84,2744,70,0,69.50467929696418,3247.05,0.8450747601669207,0,6.074999999999997,1.6120900116760422,363.95300000000003,3.5408418119921916,356.80440000000004,5.61528949755102,345.58994999999993,9.0425227932699,0,0,380.7892592419757,347.1167407580244,9.251886502914196,55.318716397083826,378.02,346.87,1,0,378.02,335.65,1,0,0.810572215831562,1.799124750121554,Uptrend
2023-02-08 20:00:00,376.84,377.81,373.67,374.68,2865,70,0,70.46979865771819,3238.55,0.8846551697518951,0,5.982142857142853,1.5966005276883881,365.2285,2.5878320010623512,357.3846000000001,4.8394362823691655,345.82255000000004,8.344583081698973,0,0,381.19179114595033,349.26520885404966,8.741536405811887,58.77651265176269,378.02,348.72,1,0,378.02,335.65,1,0,-0.5731875597070335,-0.024014729033800728,Uptrend
2023-02-09 16:00:00,376.37,379.13,372.15,372.15,2661,70,0,63.43854615016737,3187.7,0.8347711516140164,0,6.029999999999997,1.6203143893591287,366.252,1.6103666328101875,357.86299999999994,3.992309906304937,346.0732,7.535053277745862,0,0,381.14686608833125,351.35713391166877,8.133670854128438,59.894694910625056,379.13,351.3,1,0,379.13,335.65,1,0,-0.6752428739190908,-0.44407586741928384,Uptrend
2023-02-09 20:00:00,372.15,372.89,367.26,367.71,2880,70,0,52.77644806127333,3181.75,0.9051622534768602,0,6.09285714285714,1.6569734689992497,366.91700000000003,0.21612517272297263,358.27139999999997,2.634483243708543,346.298,6.183113965428612,0,0,380.73437441735297,353.0996255826471,7.531607648243574,58.30568635691218,379.13,351.3,0,0,379.13,335.65,0,0,-1.1930673115679191,-2.422778898206134,Uptrend
2023-02-10 16:00:00,367.04,371.36,363.71,371.17,3125,70,0,60.91212989493799,3159.0,0.9892371003482114,0,6.234285714285717,1.6796308199169427,367.7325,0.9347827564873923,358.8354,3.4373977595298637,346.52295,7.112674643916092,0,0,380.4338068121625,355.0311931878375,6.907905508576206,55.46721800821124,379.13,352.26,0,0,379.13,335.65,0,0,0.9409589078349878,-0.9367994021565044,Uptrend
2023-02-10 20:00:00,371.17,371.82,369.31,370.76,2651,70,0,56.91912708600769,3122.25,0.8490671791176235,0,5.71,1.540079836012515,368.604,0.5849095506288607,359.3836,3.165531203983707,346.77595,6.91629566583264,0,0,379.3921873019984,357.8158126980016,5.853537835725272,52.41145085511249,379.13,353.99,0,0,379.13,335.65,0,0,-0.11046151359216383,-0.373505306999862,Uptrend
2023-02-13 16:00:00,368.42,374.41,367.61,373.98,2563,70,0,52.798874824191294,3032.1,0.8452887437749415,0,5.590714285714284,1.4949233343265105,369.31550000000004,1.2630122483350887,359.94539999999995,3.899091362189952,347.08195,7.749769182753528,0,0,379.50540310370997,359.1255968962901,5.518264521099127,48.23705058913406,379.13,355.24,1,0,379.13,335.65,1,0,0.8684863523573227,1.7051480786489457,Uptrend
2023-02-13 20:00:00,373.9,374.69,372.89,373.64,2506,70,0,57.29548229548226,2967.4,0.8445103457572285,0,5.312857142857142,1.4219187300227873,370.14799999999997,0.9434064212153028,360.4668,3.6544835751863998,347.38980000000004,7.556410694844796,0,0,378.6844151233249,361.611584876675,4.612433471651857,44.15830065568247,379.13,355.24,1,0,379.13,335.65,1,0,-0.09091395261779933,0.6654632648112645,Uptrend
2023-02-14 16:00:00,371.76,376.67,368.67,370.56,3513,70,0,48.953349282296664,3009.2,1.1674199122690416,0,5.432142857142858,1.465928016284234,370.6305,-0.019021640151034885,360.782,2.7102239025228587,347.74305,6.561439545664542,0,0,377.9762083066339,363.28479169336606,3.9638984415119234,39.41515793520214,379.13,358.7,0,0,379.13,335.65,0,0,-0.8243228776362188,-0.05394325169920936,Uptrend
2023-02-14 20:00:00,370.51,372.58,370.3,371.29,3189,70,0,53.006819590824534,3037.95,1.0497210289833605,0,5.28357142857143,1.4230308999896117,370.9255,0.09826771144071274,361.1566,2.8058188608487273,348.0914,6.66451397535245,0,0,377.8466939188981,364.0043060811019,3.7318512309874077,34.901965013834584,379.13,358.7,0,0,379.13,335.65,0,0,0.19699913644215528,-0.7192898015936674,Uptrend
2023-02-15 16:00:00,370.19,372.91,368.65,370.54,2606,70,0,53.824362606232306,3032.45,0.8593711355504625,0,5.214285714285718,1.4072126394682674,371.351,-0.21839176412611752,361.444,2.516572415090582,348.4707,6.333186692597109,0,0,376.87485410835217,365.82714589164783,2.975004299626051,31.3951127716006,379.13,358.7,0,0,379.13,335.65,0,0,-0.2019984378787476,-0.829675623594895,Uptrend
2023-02-15 20:00:00,370.75,374.04,370.32,373.69,2704,70,0,55.34246575342464,2919.6,0.9261542677079052,0,5.233571428571436,1.4005115011296625,371.767,0.5172594662786104,361.77979999999997,3.2921130477710565,348.86795,7.115027333407953,0,0,376.60487730744967,366.9291226925503,2.602639452909846,27.74958893643028,379.13,363.71,1,0,379.13,335.65,1,0,0.8501106493226107,0.8446675302245238,Uptrend
2023-02-16 16:00:00,371.33,373.23,367.91,372.02,5552,70,0,45.40594721015704,3022.8,1.8367076882360724,0,5.127142857142859,1.3781901126667542,371.7685,0.06764962604415503,361.963,2.7784607819031115,349.27905,6.510825656448619,0,0,376.6066870245002,366.9303129754998,2.6027955700927863,25.33688787849983,379.13,363.71,1,0,379.13,335.65,1,0,-0.44689448473334004,0.19661181286863674,Uptrend
2023-02-16 20:00:00,372.02,373.85,369.48,369.69,5482,70,0,43.41853035143771,3144.6,1.7433059848629398,0,4.959285714285719,1.3414714258664608,371.81000000000006,-0.5701836959737664,362.07939999999996,2.101914662916486,349.67235,5.724687696925423,0,0,376.55651340180515,367.06348659819497,2.553192975877512,22.782162989648672,379.13,363.71,0,1,379.13,335.65,0,0,-0.6263104134186293,-0.22939493711880574,Uptrend
2023-02-17 16:00:00,368.36,370.65,366.44,367.41,7380,70,0,34.56628477905085,3349.6,2.2032481490327203,1,4.8664285714285755,1.3245226236162801,371.6175,-1.1322125572665394,362.06379999999996,1.476590589835291,350.00915000000003,4.971541458273302,0,0,376.75417873444354,366.4808212655565,2.7644977615120574,21.856085823139125,379.13,363.71,0,1,379.13,335.65,0,0,-0.616732938407849,-1.680537343787624,Uptrend
2023-02-17 20:00:00,367.41,370.01,366.99,368.07,5900,70,0,38.62306368330465,3512.8,1.6795718515144613,0,4.786428571428575,1.3004125768002215,371.5535,-0.9375500432642924,362.0354,1.6668535728826552,350.34835,5.058294123548751,0,0,376.8388771463141,366.2681228536859,2.8450153995664635,20.980624805296873,379.13,363.71,0,1,379.13,335.65,0,0,0.17963582918265608,-1.0617708725337318,Uptrend
2023-02-21 16:00:00,365.68,366.05,359.84,362.09,6490,74,0,34.52307692307694,3696.3,1.755809863917972,0,4.875714285714289,1.346547622335411,371.2525,-2.467996848506077,361.83079999999995,0.07163569270499394,350.68274999999994,3.2528688679440423,0,0,377.8790871981413,364.6259128018587,3.5698545858364827,21.057647765347344,379.13,359.84,0,1,379.13,335.65,0,0,-1.6246909555247657,-2.0557764613595237,Uptrend
2023-02-21 20:00:00,362.12,362.57,359.65,360.56,5042,74,0,37.918215613382955,3825.05,1.3181527038862237,0,4.682142857142862,1.2985752321785173,370.77149999999995,-2.7541221480075855,361.5716,-0.2797786109307222,351.00715,2.7215542475416745,0,0,378.94246856977526,362.60053143022463,4.407549431267134,22.906530968551415,379.13,359.65,0,1,379.13,335.65,0,0,-0.4225468806097865,-1.8644021665169763,Uptrend
2023-02-22 16:00:00,361.83,362.44,357.69,361.75,7575,74,0,32.759882869692504,4067.7,1.86223172800354,0,4.475000000000002,1.2370421561852114,370.1205,-2.26156076196806,361.9126,-0.04492797432308177,351.33845,2.96339612131834,0,0,378.99454132701226,361.2464586729877,4.795217410012287,25.262363207353282,379.13,357.69,0,1,379.13,335.65,0,0,0.3300421566452272,-1.7170646887820231,Uptrend
2023-02-22 20:00:00,361.73,362.31,358.54,360.51,7347,74,0,31.79396092362343,4238.75,1.7332940135653199,0,4.565000000000002,1.2662616848353727,369.4555,-2.4212658899380255,362.1322,-0.4479579556858022,351.6771,2.5116506022143597,0,0,379.12325100390586,359.7877489960941,5.233513104504273,28.238207639418892,379.13,357.69,0,1,379.13,335.65,0,0,-0.34277816171389697,-0.43635560219834413,Uptrend
2023-02-23 16:00:00,365.2,367.34,359.19,360.56,8773,74,0,23.138510808646856,4540.2,1.9322937315536761,0,4.661428571428571,1.2928302006402737,368.6415,-2.192238258579136,362.3464,-0.49300889977105183,351.98595,2.4359068877607184,0,0,378.43202017325945,358.85097982674057,5.311675529347313,30.90517159782021,379.13,357.69,0,1,379.13,335.65,0,0,0.013869240797759197,0.0,Uptrend
2023-02-23 20:00:00,360.54,363.62,359.32,363.04,6838,74,0,30.45722713864309,4738.85,1.4429661204722664,0,4.839999999999999,1.3331864257382102,368.0595,-1.363774063704372,362.65,0.10754170687992369,352.3075,3.046344457611608,0,0,377.7216529147086,358.3973470852914,5.250321165305392,33.59550263393402,379.13,357.69,0,1,379.13,335.65,0,0,0.6878189483026542,0.35659986178300496,Uptrend
2023-02-24 16:00:00,361.85,364.4,359.73,360.97,8064,74,0,31.635388739946393,5009.0,1.6099021760830505,0,4.602142857142853,1.2749377668900057,367.5005,-1.777004385028037,362.90340000000003,-0.5327588553868622,352.54485,2.3898094100651397,0,0,377.4554077555193,357.5455922444807,5.417629502827499,35.301009711632396,376.67,357.69,0,1,379.13,335.65,0,0,-0.5701851035698535,0.1275970153393904,Uptrend
2023-02-24 20:00:00,360.95,364.75,360.68,363.37,7011,74,0,35.74514038876883,5215.55,1.3442494080202472,0,4.729999999999998,1.3017034978121467,367.2835,-1.0655256770315027,363.1792,0.05253604831995452,352.7892,2.999184782300595,0,0,377.406961598519,357.160038401481,5.512614423745682,36.96836016378082,376.67,357.69,0,1,379.13,335.65,0,0,0.6648751973848288,0.7793432438429116,Uptrend
2023-02-27 16:00:00,368.35,369.87,363.99,366.17,7244,74,0,42.67515923566876,5421.5,1.3361615788988288,0,4.889999999999994,1.3354452849769216,367.0335,-0.2352646284330961,363.68199999999996,0.6841141436749844,353.0867,3.7054071988551276,0,0,376.9985574244974,357.0684425755026,5.430053346355244,36.842403940805525,376.67,357.69,0,0,379.13,335.65,0,0,0.7705644384511601,0.8621639488761556,Uptrend
2023-02-27 20:00:00,366.18,367.36,364.92,365.19,5783,74,0,34.634851771511194,5578.1,1.0367329377386565,0,4.798571428571421,1.3139931073061752,366.755,-0.4267153822033776,364.1586,0.2832282417606008,353.37005000000005,3.3449212801141317,0,0,376.59205882444735,356.91794117555264,5.364376122723537,37.239484580268304,376.67,357.69,0,0,379.13,335.65,0,0,-0.2676352513859781,1.1690722220683076,Uptrend
2023-02-28 16:00:00,361.16,362.36,353.8,355.36,7128,74,0,26.744835287548867,5806.35,1.227621483375959,0,5.199285714285708,1.4631038142406876,365.82399999999996,-2.860391882435254,364.3458,-2.4662834043921964,353.62090000000006,0.4917978547082343,0,0,376.286533455891,355.3614665441089,5.719981989093689,37.493226345563365,376.67,353.8,0,1,379.13,335.65,0,0,-2.691749500260132,-2.204364697140653,Uptrend
2023-02-28 20:00:00,355.36,355.52,350.62,351.07,5156,74,0,25.35733192165165,5938.85,0.8681815503001422,0,5.237142857142849,1.4917659888748251,364.69550000000004,-3.7361305527488122,364.3910000000001,-3.655688532373215,353.85555,-0.7871997485979804,0,0,376.40314298270073,352.98785701729935,6.420503122577981,38.514926164731556,376.67,350.62,0,1,379.13,335.65,0,0,-1.2072264745610184,-4.123767648906252,Downtrend
2023-03-01 16:00:00,350.17,351.88,347.06,348.42,7831,74,0,25.11140235910875,6154.75,1.272350623502173,0,5.280714285714278,1.5156174403634344,363.5885,-4.171886624576959,364.405,-4.386602818292822,354.09884999999997,-1.6037470892661627,0,0,377.02112215260274,350.1558778473973,7.3889147498354495,38.24929447360006,374.04,347.06,0,1,379.13,343.33,0,1,-0.7548352180476781,-4.592130124045013,Downtrend
2023-03-01 20:00:00,348.42,348.44,345.48,345.88,5213,74,0,22.28328753434927,6255.95,0.8332867110510794,0,5.276428571428563,1.5255084339737954,362.31800000000004,-4.536898525604592,364.3678,-5.073939025347463,354.32559999999995,-2.3835703657878398,0,0,377.3901934281877,347.2458065718124,8.319870074458144,38.14916647331676,374.04,345.48,0,1,379.13,343.38,0,1,-0.7290052235807365,-2.6677172444844715,Downtrend
2023-03-02 16:00:00,343.54,347.06,339.94,346.46,7900,74,0,27.432861680623745,6520.65,1.211535659788518,0,5.197142857142849,1.50007009673349,361.11400000000003,-4.057998305244341,364.3564,-4.911784176152807,354.56480000000005,-2.2858445057151946,0,0,377.2316260495629,344.99637395043715,8.926613783770712,36.88637011985393,374.04,339.94,0,1,379.13,339.94,0,1,0.16768821556609748,-1.3131284359244635,Downtrend
2023-03-02 20:00:00,346.46,349.4,345.66,348.59,6535,74,0,33.01163780868575,6712.2,0.9736003098834958,0,5.255714285714272,1.5077065566178813,359.859,-3.1315042836221982,364.3448,-4.324145699348541,354.80845,-1.7526217315286652,0,0,375.7609308989713,343.95706910102865,8.83786755310904,35.46213326062078,373.85,339.94,0,0,379.13,339.94,0,0,0.6147895860993957,0.04879168819239971,Downtrend
2023-03-03 16:00:00,349.18,355.63,348.83,354.65,3471,74,0,41.14713216957603,6608.15,0.5252604738088573,0,5.419285714285702,1.5280658999818701,358.9905,-1.2090849200744924,364.40420000000006,-2.6767529024089405,355.0752,-0.11974928127901302,0,0,373.96624948479877,344.01475051520123,8.343256707238085,32.69004681234352,373.85,339.94,0,0,379.13,339.94,0,0,1.7384319687885563,2.5355614664045283,Downtrend
2023-03-03 20:00:00,354.69,357.39,354.49,356.58,3458,74,0,45.18264280460897,6506.95,0.5314317767925065,0,5.357142857142845,1.5023677315449115,358.335,-0.48976516388295743,364.4476,-2.158773991103258,355.3895,0.33498457326397824,0,0,372.46249987193244,344.2075001280675,7.885079532801685,29.448470187637504,370.65,339.94,0,0,379.13,339.94,0,0,0.5441985055688825,2.9209721179934207,Uptrend
2023-03-06 16:00:00,356.84,358.48,354.01,354.76,2466,74,0,43.1860902255639,6261.25,0.39385106807746056,0,5.094285714285705,1.435980864326786,357.7025,-0.8226109686121835,364.44560000000007,-2.657625719723349,355.67320000000007,-0.2567525470010319,0,0,371.23965024818665,344.1653497518133,7.568943604356505,28.05912517626283,370.01,339.94,0,0,379.13,339.94,0,0,-0.5104043973301886,1.7699876645916452,Downtrend
2023-03-06 20:00:00,354.01,356.95,353.07,356.48,2578,74,0,42.153110047846894,6095.15,0.42295923808273794,0,5.064285714285704,1.4206367017183865,357.123,-0.18005001078059163,364.5086,-2.2025817772200664,355.98095,0.14019008601443733,0,0,369.75338625070435,344.49261374929563,7.0734095819672005,26.702047472911573,369.87,339.94,0,0,379.13,339.94,0,0,0.48483481790506655,0.5160016918088371,Uptrend
2023-03-07 16:00:00,353.95,354.26,349.65,349.65,3432,74,0,37.84364261168381,5942.25,0.5775590054272371,0,5.218571428571424,1.4925129210843486,356.501,-1.9217337398773076,364.30659999999995,-4.023149731572245,356.198,-1.83830341551609,0,0,369.32522526642794,343.676774733572,7.1944960975862395,26.176793532874306,369.87,339.94,0,0,379.13,339.94,0,0,-1.915956014362663,-1.9434628975265038,Downtrend
2023-03-07 20:00:00,349.71,349.74,344.85,345.73,2874,74,0,31.655574043261268,5833.85,0.4926420802728901,0,5.277142857142853,1.5263769002235423,355.7595,-2.8191798110802337,364.0814,-5.04046622541002,356.39295,-2.991908229385561,0,0,369.290992273869,342.228007726131,7.607101018451505,26.335595414562363,369.87,339.94,0,1,379.13,339.94,0,1,-1.1211211211211047,-2.5453827940015707,Downtrend
2023-03-08 16:00:00,345.21,348.37,344.4,345.72,2780,74,0,27.423272245528835,5594.1,0.4969521460109758,0,5.096428571428569,1.4741491876167327,354.958,-2.6025614298029622,363.7776,-4.963912016572757,356.61814999999996,-3.055971772608862,0,0,368.88856858324584,341.0274314167542,7.849136282740952,29.52699901509735,369.87,339.94,0,1,379.13,339.94,0,1,-0.0028924305093491753,-3.018402154398561,Downtrend
2023-03-08 20:00:00,345.82,349.29,345.06,348.77,2620,74,0,32.66469594594592,5357.75,0.4890112453921889,0,5.224285714285713,1.4979171701366842,354.371,-1.5805469409178512,363.44519999999994,-4.037802672865115,356.86315,-2.2678581411389875,0,0,368.3059147260017,340.4360852739983,7.864590909527977,32.18766244198792,369.87,339.94,0,0,379.13,339.94,0,0,0.882216822862425,-0.2516802516802504,Downtrend
2023-03-09 16:00:00,350.02,353.82,348.05,348.41,2934,74,0,40.82871470044867,5065.8,0.5791780172924316,0,4.822857142857141,1.3842476228745273,353.76349999999996,-1.5132991391141088,363.1728,-4.064952000810625,357.07520000000005,-2.4267157170254405,0,0,367.62152032645025,339.9054796735497,7.834624163572719,31.091386106858074,369.87,339.94,0,0,379.13,339.94,0,0,-0.10321988703155816,0.7751713765076813,Downtrend
2023-03-09 20:00:00,348.41,348.77,340.7,341.28,3804,74,0,37.98183157377851,4914.1,0.77409902118394,0,5.049285714285714,1.4795140981849844,352.6755,-3.231157253622672,362.691,-5.903372292116431,357.2547,-4.471515700143355,0,0,366.8794423363596,338.4715576636404,8.054964031445113,29.98418808374905,369.87,339.94,0,1,379.13,339.94,0,1,-2.0464395396228685,-1.2842762929538512,Downtrend
2023-03-10 16:00:00,334.85,339.35,327.65,331.56,6060,75,0,32.36401673640164,4813.9,1.2588545669831115,0,5.678571428571429,1.7126829016079832,351.205,-5.593599179966112,361.88239999999996,-8.379075633410181,357.34125,-7.214742210701955,0,0,367.69831666878247,334.7116833312175,9.392415636897244,29.752608220716535,369.87,327.65,0,1,379.13,327.65,0,1,-2.848101265822778,-4.93448404392579,Downtrend
2023-03-10 20:00:00,331.56,331.87,325.65,327.16,4302,74,0,31.15183246073299,4678.45,0.9195353161837788,0,5.911428571428575,1.8068922152550966,349.3945,-6.363723527416708,361.04839999999996,-9.386110006303847,357.4098,-8.463617953396911,0,0,368.0704439696578,330.7185560303422,10.690462482756766,29.389366734511945,369.87,325.65,0,1,379.13,325.65,0,1,-1.32705995898178,-6.099136075313567,Downtrend
2023-03-13 12:00:00,319.96,324.85,316.42,323.83,852,79,0,28.410608662468974,4358.85,0.19546440001376508,0,6.1700000000000035,1.905320692956182,347.2775,-6.751805112626068,360.0998,-10.072152220023458,357.48255000000006,-9.413760196127075,0,0,367.48301865729843,327.0719813427015,11.63652621163102,29.471372850732934,367.36,316.42,0,0,379.13,316.42,0,0,-1.0178505929820392,-5.11310360993905,Downtrend
2023-03-13 16:00:00,324.76,325.48,314.65,316.65,6563,74,0,22.2067525234946,4397.85,1.4923201109633115,0,6.676428571428581,2.1084568360740823,344.8505,-8.177601598373798,359.04580000000004,-11.807908628927024,357.5104,-11.429150033117926,0,0,367.50873282466574,322.1922671753343,13.140901825379828,30.575891323931305,362.36,314.65,0,1,379.13,314.65,0,1,-2.2172127350770454,-4.496923633731459,Downtrend
2023-03-13 20:00:00,316.81,318.53,313.65,315.64,2639,74,0,12.783819881701959,4173.4,0.6323381415632339,0,6.522142857142866,2.066323297789528,342.8645,-7.940308780874086,357.9964,-11.831515624179463,357.53995,-11.718956161402382,0,0,368.4216536797518,317.30734632024826,14.908019745264827,34.51329124701048,358.48,313.65,0,1,379.13,313.65,0,1,-0.3189641560082057,-3.5212128622081056,Downtrend
2023-03-14 12:00:00,322.82,325.69,320.63,322.16,794,74,0,19.807017543859686,3955.3,0.20074330644957397,0,7.032857142857154,2.1830323885203478,341.419,-5.640869430230877,357.036,-9.768202646231746,357.60105000000004,-9.910779065106217,0,1,368.26007292545137,314.5779270745486,15.723245001274908,37.65913157808835,358.48,313.65,0,0,379.13,313.65,0,0,2.0656444050183964,-0.5157026835067656,Downtrend
2023-03-14 16:00:00,322.16,325.83,317.89,320.41,5347,74,0,19.831371860179203,3831.1,1.3956827020960039,0,7.280714285714295,2.272311814773039,340.0185,-5.766892095577149,355.94879999999995,-9.984244925112804,357.5876,-10.396781096436225,0,0,368.21047816102146,311.8265218389786,16.582614276000534,40.33304232129974,358.48,313.65,0,0,379.13,313.65,0,0,-0.5432083436801571,1.1874309174167212,Downtrend
2023-03-14 20:00:00,320.6,321.95,318.51,321.51,3783,74,0,18.948676966790927,3759.6,1.0062240663900415,0,7.249285714285723,2.2547621269278477,338.8,-5.103305785123973,354.9028,-9.408998745572033,357.57125,-10.085052978951756,0,0,368.01338481983066,309.58661518016936,17.24520945680676,42.83163276915213,358.48,313.65,0,0,379.13,313.65,0,0,0.34331013389095055,1.8597135977696126,Downtrend
2023-03-15 12:00:00,308.79,310.83,304.65,305.32,1012,74,0,16.247906197654913,3415.2,0.2963223237292106,0,7.965714285714292,2.6089723194400274,336.74300000000005,-9.331448612146371,353.4724,-13.622676056178646,357.46245000000005,-14.586832826776645,0,0,369.28888217141656,304.19711782858354,19.32980473026403,45.25212211674337,358.48,304.65,0,1,379.13,304.65,0,1,-5.035613200211497,-5.227216290042225,Downtrend
2023-03-15 16:00:00,305.32,308.83,303.85,306.98,6748,74,0,19.444882510644987,3425.85,1.9697301399652642,0,7.972142857142862,2.5969583872378856,334.6625,-8.27176633175214,352.11839999999995,-12.819097212755693,357.35540000000003,-14.096722758352051,0,0,369.27396379909027,300.0510362009098,20.684399237494635,46.95825456499911,358.48,303.85,0,1,379.13,303.85,0,1,0.5436918642735655,-4.191504634686809,Downtrend
2023-03-15 20:00:00,306.9,312.08,305.43,311.99,4319,74,0,25.347171466159892,3468.25,1.2452966193325163,0,8.16357142857143,2.6166131698360298,332.5295,-6.176745221100678,350.9152,-11.092480462516304,357.2633,-12.67225041027164,0,0,367.2125068962939,297.84649310370605,20.86010828891508,46.995713968131284,358.48,303.85,0,0,379.13,303.85,0,0,1.6320281451560392,-2.9610276507729094,Downtrend
2023-03-16 12:00:00,309.2,309.65,305.32,308.71,850,81,0,20.818764568764593,3337.85,0.25465494255284093,0,8.337857142857144,2.700870442440201,330.13599999999997,-6.490052584389461,349.7352,-11.730360569939782,357.14625,-13.562021160798981,0,0,364.435585021273,295.8364149787269,20.779063792663063,47.39507006954427,358.48,303.85,0,1,379.13,303.85,0,1,-1.051315747299597,1.1103104939080264,Downtrend
2023-03-16 16:00:00,308.77,317.85,303.78,315.55,6247,74,0,28.128328008519716,3526.9,1.7712438685531202,0,8.930714285714291,2.830205763179937,328.17549999999994,-3.8471793293527194,348.6228,-9.486700238768082,357.04940000000005,-11.622873473530563,0,0,360.9995319374622,295.35146806253766,20.00395028724709,49.497622498482805,356.95,303.78,0,0,376.67,303.78,0,0,2.2156716659648357,2.7917128151671093,Downtrend
2023-03-16 20:00:00,315.05,315.79,312.44,314.68,2884,74,0,30.685448736566997,3542.2,0.8141832759302129,0,8.593571428571437,2.730892153480182,326.0855,-3.4977022897368997,347.50120000000004,-9.444917024746974,356.9475,-11.841377233346636,0,0,356.56017592332284,295.6108240766772,18.691218053745303,50.62625080523376,354.26,303.78,0,0,376.67,303.78,0,0,-0.2757090793852002,0.862207122023141,Downtrend
2023-03-17 12:00:00,307.09,307.83,304.69,307.57,790,76,0,31.894339622641525,3410.1,0.23166476056420635,0,8.333571428571437,2.709487735660642,323.9815,-5.065567015400568,346.173,-11.151360735817065,356.7941,-13.796220285032746,0,0,353.3981249271605,294.56487507283947,18.15944733088804,50.44940824710993,353.82,303.78,0,1,376.67,303.78,0,1,-2.259438159400029,-0.3692786109941325,Downtrend
2023-03-17 16:00:00,307.57,309.22,302.9,306.23,4858,74,0,33.438835258743495,3509.3,1.3843216595902317,0,8.340714285714297,2.7236764150195265,322.0065,-4.899435259847238,344.8248,-11.192582436066074,356.64095000000003,-14.134930383064539,0,0,350.5665407452161,293.4464592547839,17.738797661051002,50.00357741158749,353.82,302.9,0,1,376.67,302.9,0,1,-0.43567318008908007,-2.953573126287432,Downtrend
2023-03-17 20:00:00,306.13,306.73,300.65,302.93,3066,74,0,33.45471817606084,3523.6,0.8701328187081394,0,8.007857142857157,2.6434678449995563,319.867,-5.295013239877828,343.4722,-11.803633598294121,356.4543,-15.0157537726435,0,0,347.3375362544173,292.39646374558276,17.176224027122057,48.660594611356395,353.82,300.65,0,1,376.67,300.65,0,1,-1.0776213956829817,-3.733951951188509,Downtrend
2023-03-20 12:00:00,306.87,311.16,306.35,310.76,1153,77,0,45.38473593480647,3450.25,0.33417868270415185,0,7.822142857142869,2.5171009322766347,317.9665,-2.2664337280814193,342.26160000000004,-9.20395393465117,356.30190000000005,-12.78182911738614,0,0,342.0707047216488,293.8622952783512,15.161474382772264,46.130901078670966,353.82,300.65,0,0,376.67,300.65,0,0,2.5847555540883915,1.0371622720031206,Downtrend
2023-03-20 16:00:00,310.75,311.76,307.05,308.47,9162,74,0,44.49224151175299,3761.65,2.435633299217099,1,7.81000000000001,2.531850747236363,315.96950000000004,-2.3734885803851355,341.0202,-9.544947777287083,356.13660000000004,-13.384358698319692,0,0,335.66949676729877,296.2695032327013,12.469555933277563,42.099212748960895,348.77,300.65,0,0,374.04,300.65,0,0,-0.7369030763289874,0.7314763413120886,Downtrend
2023-03-20 20:00:00,308.49,309.91,306.97,309.04,5006,74,0,38.90767669935745,3821.75,1.3098711323346635,0,7.302142857142867,2.362847158019307,314.35749999999996,-1.6915454538224601,339.72720000000004,-9.032894628395963,355.95634999999993,-13.180366075784269,0,0,330.2442874596936,298.4707125403063,10.107465201048912,40.32132379189453,339.35,300.65,0,0,374.04,300.65,0,0,0.1847829610658991,2.0169676162809935,Downtrend
2023-03-21 12:00:00,316.11,318.45,314.79,317.55,744,78,0,47.83004552352047,3555.95,0.20922678890310606,0,7.407142857142865,2.3325910430303463,313.65700000000004,1.2411647117711295,338.63779999999997,-6.227243385115294,355.82305,-10.756203118375836,0,0,327.44719193790354,299.86680806209654,8.793167018688248,36.58889005370632,331.87,300.65,0,0,374.04,300.65,0,0,2.7536888428682404,2.1849658900759494,Downtrend
2023-03-21 16:00:00,317.51,319.82,315.96,316.86,9157,74,0,46.44983967017867,3798.7,2.4105615078842764,1,7.437142857142866,2.3471384387877503,313.142,1.1873207682137872,337.5812,-6.138138024273866,355.66934999999995,-10.911637452032329,0,0,325.504322384441,300.77967761555897,7.895665470898844,32.72639975852407,325.83,300.65,0,0,373.85,300.65,0,0,-0.2172886159659937,2.719875514636751,Downtrend
2023-03-21 20:00:00,316.88,318.53,316.55,316.91,3817,74,0,61.74265450861198,3946.95,0.9670758433727309,0,6.374285714285719,2.011386738911905,312.796,1.3152342101561507,336.57120000000003,-5.841616870367996,355.5168,-10.859346168732383,0,0,324.2529995153508,301.3390004846492,7.325540937448554,30.612343109001195,325.83,300.65,0,0,373.85,300.65,0,0,0.015779839676821616,2.546595909914575,Downtrend
2023-03-22 12:00:00,317.03,318.56,316.58,318.36,567,81,0,61.57916157916158,3647.15,0.1554638553391004,0,6.160000000000009,1.9349164467898003,312.8815,1.7509824006852426,335.577,-5.130566159182537,355.3682,-10.414043800204967,0,0,324.48419528578376,301.2788047142163,7.4166707112972405,28.851586340806417,325.83,300.65,0,0,370.65,300.65,0,0,0.4575431510523531,0.2550779404818146,Downtrend
2023-03-22 16:00:00,318.36,319.12,316.47,318.48,9190,74,0,57.33333333333334,3974.7,2.3121241854731176,1,5.874285714285723,1.8444755445509053,313.0235,1.7431598586048667,334.70480000000003,-4.847495464660207,355.2133,-10.341194994669396,0,0,324.83596135053597,301.21103864946406,7.547331973820466,27.2984453531107,325.83,300.65,0,0,370.01,300.65,0,0,0.03769317753485879,0.5112668055292573,Downtrend
2023-03-22 20:00:00,318.48,321.8,313.03,313.18,8603,74,0,54.83034363518481,4365.15,1.9708371991798679,0,6.024285714285725,1.9235857060750126,312.5745,0.1937138186256417,333.7572,-6.165320178860562,355.03045000000003,-11.787848056413194,0,0,323.5798048930725,301.5691951069275,7.041716386379882,25.204416393884088,325.83,300.65,0,0,369.87,300.65,0,0,-1.6641547349912078,-1.1769903127070833,Downtrend
2023-03-23 12:00:00,314.96,316.89,313.87,315.83,407,74,0,50.33269961977182,4118.15,0.09883078566832194,0,5.28428571428572,1.673142422912871,312.3455,1.1155915484615493,332.83880000000005,-5.110221524653995,354.86055,-10.998841657659609,0,0,322.8432079703901,301.84779202960993,6.72185638684731,22.71554950423502,321.95,300.65,1,0,369.87,300.65,0,0,0.8461587585414154,-0.7946978263601048,Downtrend
2023-03-23 16:00:00,315.89,320.88,315.26,316.45,10461,74,0,52.11570643079127,4452.05,2.3497040689120743,1,5.446428571428576,1.7211024084147815,312.0925,1.396220671755975,331.9576,-4.671560464348466,354.72705,-10.790564181671522,0,0,321.88011381596857,302.3048861840314,6.272251858643574,21.296763416707304,321.8,300.65,1,0,369.87,300.65,0,0,0.19630814045530354,-0.6374026626475853,Downtrend
2023-03-23 20:00:00,316.47,316.83,312.08,314.41,7671,74,0,59.303590859630106,4785.0,1.6031347962382445,0,5.07214285714286,1.6132256789360577,312.54699999999997,0.5960703510192248,331.0346,-5.0220128047037935,354.55769999999995,-11.323319166386723,0,0,321.84227576669775,303.2517242333022,5.9480818991689475,21.3966669581156,321.8,300.65,0,0,369.87,300.65,0,0,-0.6446516037288519,0.39274538603998277,Downtrend
2023-03-24 12:00:00,308.19,308.54,304.77,308.0,938,74,0,52.11570643079127,4494.5,0.208699521637557,0,5.309285714285717,1.7237940630797781,312.598,-1.4708987261594804,329.93379999999996,-6.64793967759592,354.35699999999997,-13.082004870794137,0,0,321.77511019760357,303.42088980239646,5.871509221174514,20.1691099038754,321.8,300.65,0,0,369.87,300.65,0,0,-2.0387392258516046,-2.4791818383307427,Downtrend
2023-03-24 16:00:00,308.01,312.1,306.65,310.68,9574,74,0,59.40305751031305,4757.25,2.0125072258132324,1,5.264285714285718,1.6944398462359078,312.53249999999997,-0.5927383552110465,328.92800000000005,-5.547718649674106,354.14205000000004,-12.27249065735064,0,0,321.7465073572229,303.318492642777,5.896351488067932,20.56739138732117,321.8,300.65,0,0,369.87,300.65,0,0,0.8701298701298654,-1.8233528203507605,Downtrend
2023-03-24 20:00:00,310.68,312.35,310.26,312.12,4727,74,0,51.952900631820825,4951.1,0.9547373310981397,0,4.82571428571429,1.5461086395342465,312.70300000000003,-0.1864388892975209,327.903,-4.813313693378839,353.93215,-11.813606082408725,0,0,321.7437547425976,303.66224525740245,5.78232683574995,21.1394322937387,321.8,300.65,0,0,369.87,300.65,0,0,0.4634994206257126,-0.7283483349766293,Downtrend
2023-03-27 16:00:00,320.1,320.17,316.65,318.93,5511,74,0,63.29435688866292,4914.3,1.1214211586594225,0,5.064285714285721,1.5878988224016934,312.872,1.9362550819504438,326.9582,-2.455420907015016,353.7388,-9.840255013020911,0,0,322.25666072067156,303.48733927932847,5.999041602106643,22.859430607941256,321.8,300.65,1,0,369.87,300.65,0,0,2.1818531334102165,3.5487012987013014,Downtrend
2023-03-27 20:00:00,318.98,319.93,317.53,318.32,5968,74,0,61.78263077704415,5068.5,1.1774686790963795,0,5.025714285714295,1.5788245431371875,313.054,1.6821379059203907,326.0208,-2.3620578809695623,353.53254999999996,-9.960200270102419,0,0,322.72316618622574,303.3848338137742,6.177315214771744,23.435798494151534,321.8,300.65,1,0,369.87,300.65,0,0,-0.19126454080833355,2.459121926097588,Downtrend
2023-03-28 16:00:00,317.66,320.12,316.92,317.23,2957,74,0,49.49937421777222,5176.85,0.5711967702367269,0,4.582142857142868,1.4444229288348729,313.53700000000003,1.1778514178549848,325.2582,-2.4682544513866125,353.30785000000003,-10.211448740807771,0,0,323.0159475320733,304.05805246792676,6.046461841551891,24.38450309737164,321.8,300.65,1,0,367.36,300.65,0,0,-0.34242271927619194,1.6371908240420392,Downtrend
2023-03-28 20:00:00,317.25,318.29,315.65,317.94,4729,74,0,51.68855534709191,5170.4,0.9146294290577132,0,4.4950000000000125,1.4137887651758232,314.1225,1.2152902132129966,324.5956,-2.0504282867666697,353.07809999999995,-9.951934147147602,0,0,323.1362622847689,305.1087377152311,5.739010917568092,24.978344179193936,321.8,300.65,1,0,362.36,300.65,0,0,0.22381237587869585,-0.3104129432790923,Downtrend
2023-03-29 16:00:00,319.45,321.03,318.28,320.1,4140,74,0,54.678791434438246,5224.1,0.7924810015122221,0,4.574285714285728,1.4290177176775156,314.98100000000005,1.6251773916521857,324.0292,-1.2126067650693149,352.8604,-9.284238185979499,0,0,322.68124715939655,307.28075284060355,4.889340728105185,23.811328743630217,321.8,304.77,1,0,358.48,300.65,0,0,0.6793734666918461,0.5591857250565562,Downtrend
2023-03-29 20:00:00,320.13,321.15,318.74,320.22,4146,74,0,52.83882783882786,5373.75,0.7715282623866015,0,4.60500000000001,1.438073824245834,315.45400000000006,1.5108383472709053,323.51599999999996,-1.0188058704978844,352.64495000000005,-9.194786427538526,0,0,323.224406478564,307.68359352143614,4.92649101204228,22.47265911528308,321.8,304.77,1,0,358.48,300.65,0,0,0.03748828491096923,0.9425338082779084,Downtrend
2023-03-30 16:00:00,323.87,323.97,319.7,320.04,4139,74,0,52.37659963436929,5122.6,0.8079881310272127,0,4.7207142857143,1.4750388344314147,316.0325,1.2680657843734404,322.98760000000004,-0.9126046944217122,352.43965,-9.192963958510331,0,0,323.3214703987385,308.74352960126157,4.612797986750385,21.848290709882203,323.97,304.77,1,0,358.48,300.65,0,0,-0.05621135469364713,0.6605019815059516,Downtrend
2023-03-30 20:00:00,320.04,321.39,319.41,320.71,3697,74,0,63.355799929052836,5057.15,0.7310441651918571,0,4.235714285714295,1.3207303438353326,316.61600000000004,1.2930489931020341,322.43,-0.5334491207393938,352.1573,-8.929901495723655,0,0,323.39891475927413,309.83308524072595,4.28463170482483,21.965323819979353,323.97,304.77,1,0,358.48,300.65,0,0,0.2093488313960723,0.19056544829739355,Downtrend
2023-03-31 16:00:00,323.15,325.45,321.91,324.95,5234,74,0,65.31229012760244,5281.65,0.9909781981009723,0,4.309285714285726,1.3261380871782507,316.986,2.5124137974547764,321.836,0.9675735467753688,351.8933,-7.656667518250567,0,0,324.7235758477703,309.2484241522297,4.881966930886728,23.52236581235939,325.45,304.77,1,0,358.48,300.65,0,0,1.3220666645879398,1.4771094872275188,Downtrend
2023-03-31 20:00:00,324.98,326.95,323.9,326.78,4950,74,0,66.66666666666666,5071.3,0.9760810837457851,0,4.125714285714297,1.262535738329854,317.482,2.9286699718409057,321.24,1.7245673017058785,351.6078,-7.061219916054201,0,0,326.3716050471736,308.59239495282645,5.600068695027481,24.106079647061506,326.95,304.77,1,0,358.48,300.65,0,0,0.5631635636251575,2.105986751656028,Downtrend
2023-04-03 16:00:00,325.55,328.55,322.75,324.74,5349,74,0,66.66666666666666,5147.9,1.039064472891859,0,4.200714285714298,1.2935623223853845,317.87350000000004,2.1601360289549056,320.63960000000003,1.2788189606024891,351.3074,-7.562436771898333,0,0,327.3287135994129,308.4182864005872,5.949041741078035,24.303539288742915,328.55,304.77,1,0,358.48,300.65,0,0,-0.6242732113348359,1.2565869477097782,Downtrend
2023-04-03 20:00:00,324.74,326.22,324.15,326.05,3895,74,0,84.85901892622645,5314.3,0.7329281372899535,0,3.660000000000013,1.1225272197515759,318.258,2.4483280860182717,320.031,1.8807553018301368,351.0153000000001,-7.112311058805718,0,0,328.3972070695885,308.1187929304115,6.371690307604842,28.67163848580902,328.55,304.77,1,0,358.48,300.65,0,0,0.4033996427911468,0.3385136174796193,Downtrend
2023-04-04 16:00:00,324.69,324.84,319.69,320.34,5664,74,0,66.70124481327798,5138.0,1.1023744647722848,0,3.7250000000000107,1.1628269963164173,318.351,0.6247820801568005,319.4448,0.2802362098240411,350.70675000000006,-8.658729836252105,0,0,328.5328122675988,308.1691877324012,6.396595121484642,29.881232840698015,328.55,304.77,0,0,356.95,300.65,0,0,-1.7512651433829296,-1.9707448436256805,Downtrend
2023-04-04 20:00:00,320.43,322.25,319.65,322.22,5076,74,0,67.20027247956406,4961.65,1.0230467687160523,0,3.7614285714285813,1.1673479521533676,318.803,1.0718217833583843,318.9746,1.0174477842436411,350.3901,-8.039639247798378,0,0,328.81954441937216,308.78645558062783,6.283845772701115,31.634936065971413,328.55,304.77,1,0,354.26,300.65,0,0,0.5868764437785057,-0.7760054197203861,Downtrend
2023-04-05 16:00:00,319.04,321.71,318.59,319.57,5168,74,0,51.26984126984125,5199.7,0.9939034944323711,0,3.4457142857142986,1.0782345920187435,318.99,0.18182388162637828,318.4516,0.3511993659319056,350.07644999999997,-8.71422513568107,0,0,328.91204562948974,309.0679543705103,6.220913275958325,30.544789929475826,328.55,304.77,0,0,353.82,300.65,0,0,-0.8224194649618433,-1.9874252415273785,Downtrend
2023-04-05 20:00:00,319.57,321.61,319.42,321.06,4347,74,0,55.25306748466259,4894.0,0.8882304863097671,0,3.430714285714296,1.068558613877249,319.2205,0.576247452779501,317.8974,0.9948492815606537,349.77369999999996,-8.209222134197043,0,0,329.10822652278904,309.332773477211,6.194919513495545,29.43674287678897,328.55,304.77,0,0,353.82,300.65,0,0,0.46625152548738225,0.22476119123432206,Downtrend
2023-04-06 16:00:00,320.4,322.84,319.49,321.87,4503,74,0,58.992248062015456,4735.6,0.9508826759016809,0,3.44142857142858,1.0691983009999628,319.59350000000006,0.7123111077039869,317.3666,1.4189899000083812,349.47450000000003,-7.898859573445281,0,0,329.2778906419173,309.90910935808284,6.060442807452102,30.110898788187484,328.55,304.77,0,0,353.82,300.65,0,0,0.2522892917211639,-0.10862143876855027,Downtrend
2023-04-06 20:00:00,321.87,322.54,321.28,321.98,4603,74,0,58.01587301587303,4918.85,0.9357878365878203,0,3.342857142857152,1.038218877836248,320.2925,0.5268621650522569,316.98060000000004,1.5771943140999733,349.18080000000003,-7.789889936674643,0,0,328.33193405968285,312.2530659403172,5.020057640864418,31.862773491557224,328.55,306.65,1,0,353.82,300.65,0,0,0.03417528815981008,0.7541383734393169,Downtrend
2023-04-10 16:00:00,321.71,324.02,320.78,323.62,4320,74,0,57.13128038897887,4656.15,0.9278051609162077,0,3.3535714285714397,1.0362682864382422,320.9395,0.8352041428368883,316.8218,2.145748808951912,348.90189999999996,-7.246134228561081,0,0,327.7032469372801,314.17575306271993,4.214966956251926,32.61359320145247,328.55,310.26,1,0,348.77,300.65,0,0,0.5093484067333343,0.7973587491434629,Downtrend
2023-04-10 20:00:00,323.62,324.59,322.41,324.46,3927,74,0,58.346456692913286,4616.15,0.8507089241034196,0,3.3371428571428674,1.0285221158672464,321.5565,0.9029517363200404,316.7678,2.428340254280882,348.6361,-6.93447982007601,0,0,327.06822635100895,316.0447736489911,3.4281542130287628,33.46442681255069,328.55,315.65,1,0,339.35,300.65,0,0,0.25956368580433153,0.8046726939447526,Downtrend
2023-04-11 16:00:00,323.94,328.3,322.76,327.08,3549,74,0,62.64367816091946,4518.05,0.785515875211651,0,3.427857142857152,1.0480179597826684,321.964,1.588997527673897,316.8328,3.2342610992296135,348.3775,-6.113339696162931,0,0,327.8504747738474,316.0775252261526,3.656604324612315,34.164818248783526,328.55,315.65,1,0,331.87,300.65,1,0,0.8074955310361842,1.5839493136219536,Downtrend
2023-04-11 20:00:00,327.08,328.85,326.83,327.05,3782,74,0,61.65441176470593,4408.75,0.8578395236745109,0,3.4307142857143,1.0489877039334352,322.4005,1.442150368873494,317.0408,3.1570700048700426,348.12,-6.052510628518899,0,0,328.44190616256145,316.3590938374386,3.7477647600183186,34.75973168742811,328.85,315.65,1,0,328.85,300.65,1,0,-0.009172067995588673,1.0598850503677173,Downtrend
2023-04-12 16:00:00,330.76,331.59,326.62,330.59,5489,74,0,60.64150943396224,4535.35,1.2102704311684875,0,3.4471428571428686,1.0427244796100514,323.0685,2.3281440313741526,317.33979999999997,4.175398106383129,347.87505000000004,-4.968752429931398,0,0,329.6344032328491,316.50259676715086,4.064712736060068,34.396818952426905,331.59,315.65,1,0,331.59,300.65,1,0,1.082403302247359,1.88929297910374,Downtrend
2023-04-12 20:00:00,330.59,331.53,328.59,329.92,7591,74,0,56.19573796369385,4678.45,1.622545928672958,0,3.4392857142857247,1.0424605099071667,323.6675,1.9317663960700404,317.495,3.91344745586545,347.61525,-5.0904699952030255,0,0,330.44584283427196,316.8891571657281,4.188460586417814,33.96778086276994,331.59,318.28,1,0,331.59,300.65,1,0,-0.20266795728847153,0.868289103583231,Downtrend
2023-04-13 16:00:00,328.2,331.85,326.22,331.42,6821,74,0,63.46774193548388,4812.5,1.4173506493506494,0,3.4271428571428664,1.0340784675465773,324.2335,2.216458200648614,317.7152,4.3135487379892545,347.35555,-4.587676805509507,0,0,331.62069026423285,316.84630973576714,4.556710064958036,31.855695525975058,331.85,318.59,1,0,331.85,300.65,1,0,0.4546556741028107,1.3361871273505594,Downtrend
2023-04-13 20:00:00,331.45,332.55,329.62,331.77,5521,74,0,61.99664429530196,4881.25,1.1310627400768245,0,3.488571428571435,1.051502977536075,324.811,2.1424767018358377,317.92040000000003,4.356310573338469,347.08700000000005,-4.413014604407558,0,0,332.6680220687897,316.95397793121026,4.837903931079747,27.36078528724292,332.55,318.59,1,0,332.55,300.65,1,0,0.10560617947015238,0.35693759641852657,Downtrend
2023-04-14 16:00:00,335.51,339.04,334.67,334.94,9510,74,0,84.2723004694837,5149.8,1.846673657229407,0,3.553571428571437,1.0609576128773621,325.556,2.882453402793994,318.51279999999997,5.157469338751858,346.83459999999997,-3.4294732993766974,0,0,334.28543574471024,316.8265642552897,5.362785969056174,28.49123010181629,339.04,318.59,1,0,339.04,300.65,1,0,0.9554812068601759,1.5215809893307413,Downtrend
2023-04-14 20:00:00,334.93,336.96,333.88,336.47,7011,74,0,84.00954653937958,5315.5,1.318972815351331,0,3.5878571428571484,1.0663230430223045,326.34399999999994,3.1028607849386205,319.1026,5.442575522731571,346.57980000000003,-2.9170193992840914,0,0,336.02498820532014,316.66301179467973,5.93299598296289,29.28793788601713,339.04,318.59,1,0,339.04,300.65,1,0,0.4567982325192732,1.523746303783722,Downtrend
2023-04-17 16:00:00,335.15,339.81,332.93,338.76,7014,74,0,96.60029140359428,5404.5,1.2978073827366083,0,3.820000000000001,1.1276419884283861,327.0345,3.5854015402044777,319.63800000000003,5.98239258160793,346.36370000000005,-2.1952935599198353,0,0,338.1592026689998,315.90979733100016,6.803381703765088,32.3733351875231,339.81,318.59,1,0,339.81,300.65,1,0,0.6805955954468423,2.1068812731711755,Downtrend
2023-04-17 20:00:00,338.77,340.01,337.34,339.21,6138,74,0,96.41943734015378,5463.9,1.1233734145939713,0,3.8542857142857168,1.1362535639532199,327.656,3.5262592475034706,320.248,5.921036196947362,346.14990000000006,-2.0048828556645772,0,0,340.0385690727761,315.2734309272239,7.558273965852057,35.47981216557062,340.01,318.59,1,0,340.01,300.65,1,0,0.1328374070138194,1.2748551979458953,Downtrend
2023-04-18 16:00:00,328.09,335.27,327.51,334.81,7079,74,0,77.96024200518605,5550.4,1.275403574517152,0,4.45071428571429,1.3293253743061109,328.15950000000004,2.0266059644776293,320.6332,4.421500954985327,345.91345,-3.2098925323661187,0,0,340.8577343986111,315.46126560138896,7.739062497725086,34.65946398889053,340.01,318.59,1,0,340.01,300.65,1,0,-1.297131570413601,-0.4933575058697729,Downtrend
2023-04-18 20:00:00,334.81,336.09,331.97,333.6,4664,74,0,73.96864686468669,5588.85,0.8345187292555714,0,4.654999999999997,1.3953836930455625,328.537,1.5410745212868096,321.0116,3.92147822695505,345.66549999999995,-3.4905132273831003,0,0,341.4187571537575,315.65524284624246,7.841891265676329,33.43959310187061,340.01,318.59,1,0,340.01,300.65,1,0,-0.3613990024192715,-1.523202267091737,Downtrend
2023-04-19 16:00:00,331.98,335.17,330.29,333.98,6603,74,0,72.54134029590972,5635.8,1.1716171617161715,0,4.772142857142853,1.4288708476983212,329.219,1.4461498273186009,321.5398,3.868945617307719,345.45245,-3.3209925128624738,0,0,341.7119148762498,316.7260851237502,7.589425201005903,32.21287285349663,340.01,318.59,1,0,340.01,300.65,1,0,0.11390887290168017,-1.5418177530143455,Downtrend
2023-04-19 20:00:00,333.98,336.6,333.27,336.41,5628,74,0,74.31827431827459,5663.4,0.9937493378535862,0,4.854285714285717,1.442967127697071,329.9285,1.9645165543443626,322.14340000000004,4.428648856378861,345.20695,-2.5483119618536016,0,0,342.35938729525475,317.4976127047452,7.535503780518969,31.028698788783068,340.01,318.59,1,0,340.01,300.65,1,0,0.7275884783519926,0.47788297840566973,Downtrend
2023-04-20 16:00:00,335.44,338.29,334.76,337.3,2708,74,0,72.3730297723295,5540.4,0.48877337376362723,0,4.710714285714289,1.3965948075049774,330.815,1.9603101431313614,322.8308,4.481976317005689,344.98510000000005,-2.2276614265369816,0,0,342.6500585349744,318.9799414650256,7.155091839834586,29.25112220605504,340.01,319.42,1,0,340.01,300.65,1,0,0.26455812847416826,1.109112709832131,Downtrend
2023-04-20 20:00:00,337.3,338.92,336.97,337.97,2527,74,0,73.25383304940394,5449.4,0.46372077659925864,0,4.7057142857142855,1.3923467425257523,331.6605,1.9023971802490842,323.375,4.513335910320843,344.75945,-1.9693296296881748,0,0,342.9654825531165,320.35551744688354,6.817201658392527,27.241701416664405,340.01,319.49,1,0,340.01,300.65,1,0,0.1986362288763699,1.1946823163063682,Downtrend
2023-04-21 16:00:00,334.74,340.24,334.73,339.52,4806,74,0,70.777105630526,5464.55,0.8794868744910377,0,4.7442857142857155,1.397350881917329,332.543,2.098074534721818,323.996,4.791417177989852,344.55980000000005,-1.4626778863930354,0,0,343.37574004313103,321.710259956869,6.515091307368386,25.488540194325083,340.24,320.78,1,0,340.24,304.77,1,0,0.4586205876261129,0.9244671680389871,Downtrend
2023-04-21 20:00:00,339.52,341.97,339.19,341.34,3259,74,0,75.22084805653715,5397.35,0.6038148350579451,0,4.732857142857147,1.3865521599745552,333.511,2.34744880978437,324.642,5.143511930064496,344.36730000000006,-0.8790904362870928,0,0,343.8165833615084,323.20541663849167,6.180056047031944,23.901332625795693,341.97,320.78,1,0,341.97,304.77,1,0,0.5360508953817122,1.1977468129261677,Downtrend
2023-04-24 16:00:00,341.55,344.57,340.42,343.91,2627,74,0,76.33909742724599,5312.7,0.4944755020987445,0,4.627142857142859,1.345451675479881,334.5255,2.8053167845201643,325.16920000000005,5.763399485560126,344.23510000000005,-0.09444126993441991,0,0,344.7255732195486,324.32542678045144,6.098233599261393,24.161164512887634,344.57,322.41,1,0,344.57,304.77,1,0,0.7529149821292602,1.757552445483326,Downtrend
2023-04-24 20:00:00,343.91,344.67,342.93,343.38,2092,74,0,74.2988698200084,5220.95,0.40069336040375797,0,4.542142857142859,1.3227744356522975,335.4715,2.357428276321537,325.6996,5.428437738333121,344.09635,-0.20818296968275812,0,0,345.2413424810844,325.70165751891557,5.824543951473926,24.09131260517418,344.67,322.76,1,0,344.67,304.77,1,0,-0.1541100869413614,1.1368991517436422,Downtrend
2023-04-25 16:00:00,341.24,342.97,340.1,340.83,2908,74,0,62.655779974215704,5188.9,0.5604270654666693,0,4.2571428571428545,1.2490516847527666,336.159,1.3895210302267653,326.17800000000005,4.492025826389249,343.98454999999996,-0.9170615366300529,0,0,345.36117113969016,326.9568288603098,5.4748920241255865,20.78216677388799,344.67,326.22,1,0,344.67,304.77,1,0,-0.7426175082998476,-0.14941114431358496,Downtrend
2023-04-25 20:00:00,340.82,340.92,337.77,338.97,3081,74,0,55.296610169491544,5153.85,0.5978055240257283,0,4.262142857142858,1.2573805520083954,336.755,0.6577482145773728,326.5902,3.7906220088661713,343.8678,-1.424326441731375,0,0,344.9635103462928,328.54648965370717,4.875063679109635,18.134197631922124,344.67,326.22,1,0,344.67,304.77,1,0,-0.5457266085731716,-1.4364223197929684,Downtrend
2023-04-26 16:00:00,338.72,340.21,335.95,339.43,2875,74,0,51.53881488286636,5023.15,0.5723500194101311,0,4.075000000000001,1.2005420852605844,337.197,0.6622241597641747,327.0092,3.7983029223642593,343.77060000000006,-1.2626443331687034,0,0,344.9469666552719,329.4470333447281,4.596699647548418,16.0295772750598,344.67,326.22,1,0,344.67,304.77,1,0,0.1357052246511392,-1.1503290814840668,Downtrend
2023-04-26 20:00:00,339.23,339.7,334.04,336.15,2788,74,0,43.780487804878035,4783.0,0.5828977629103074,0,4.288571428571426,1.275790994666496,337.5085,-0.40250838127041216,327.4686,2.6510633385918516,343.6544,-2.183705490166875,0,0,344.4896061557482,330.52739384425183,4.13684760872582,14.240065868562997,344.67,326.22,0,0,344.67,304.77,0,0,-0.9663258993017787,-1.3731185635067356,Downtrend
2023-04-27 16:00:00,339.07,340.96,338.28,339.94,2516,74,0,60.691954981242176,4567.75,0.5508182365497236,0,3.79642857142857,1.11679371990015,337.93449999999996,0.5934581997399024,327.9508,3.6557922712797106,343.5679,-1.055948474813861,0,0,344.3697335253854,331.4992664746145,3.8085685393976982,13.566174841436547,344.67,327.51,1,0,344.67,304.77,1,0,1.1274728543804846,0.28616101719915343,Downtrend
2023-04-27 20:00:00,339.94,342.98,339.9,341.11,2588,74,0,65.67849686847595,4421.1,0.5853746805093755,0,3.7221428571428623,1.0911854994409025,338.40150000000006,0.8003806129700838,328.444,3.856365164228909,343.4853,-0.6915288660096899,0,0,344.2850910087142,332.51790899128594,3.4772842370463013,12.397646872635585,344.67,327.51,1,0,344.67,304.77,1,0,0.3441783844207791,0.49494741183749424,Downtrend
2023-04-28 16:00:00,339.63,343.66,338.98,343.32,3255,74,0,68.11481768813026,4108.35,0.7922888750958413,0,3.7078571428571485,1.0800003328839416,338.8205,1.3279893040710382,329.0222,4.345542641195639,343.39869999999996,-0.02291796678320837,0,0,344.857709097268,332.78329090273195,3.5636622325201888,12.151687688170849,344.67,327.51,1,0,344.67,304.77,1,0,0.6478848465304443,2.132976349843825,Downtrend
2023-04-28 20:00:00,343.18,343.72,341.69,343.1,2767,74,0,64.19176919813322,3896.15,0.7101882627722238,0,3.615000000000005,1.0536286796852246,339.15200000000004,1.1640798226164017,329.7242,4.056663114202727,343.32075,-0.06429847307509165,0,0,345.3711371884165,332.93286281158356,3.6674630775678647,11.365864277381956,344.67,327.51,1,0,344.67,304.77,1,0,-0.06408015845275061,0.9295758074954478,Downtrend
2023-05-01 16:00:00,345.45,346.77,343.26,343.44,3138,74,0,63.33622936576888,3702.35,0.8475697867570597,0,3.625,1.0554973212205916,339.386,1.1945100858609292,330.37940000000003,3.953212579234651,343.23165,0.06070244396167889,0,0,345.888745654918,332.88325434508204,3.8320647610201872,11.341602341792719,346.77,327.51,1,0,346.77,304.77,1,0,0.09909647333137261,0.6830641142153511,Uptrend
2023-05-01 20:00:00,343.56,343.73,339.9,340.17,2363,74,0,54.293520686963305,3513.6,0.6725295992714025,0,3.759285714285718,1.1051197090530376,339.434,0.21683154899037513,330.9404,2.788900962227641,343.11865,-0.8593674520461031,0,0,345.9454422365497,332.92255776345036,3.8366470280229255,11.564546945234087,346.77,327.51,1,0,346.77,306.65,1,0,-0.9521313766596706,-0.9175113596644463,Downtrend
2023-05-02 16:00:00,336.59,337.5,329.65,331.56,6619,74,0,37.8212974296206,3490.6,1.8962356041941213,0,4.1171428571428645,1.2417489616186705,339.2715,-2.2729583828880413,331.19300000000004,0.11081152077488404,342.94875,-3.3208314653428586,0,0,346.4016443847437,332.1413556152563,4.203208571744863,13.709231020436464,346.77,329.65,0,1,346.77,310.26,0,0,-2.531087397477738,-3.3634508889536634,Downtrend
2023-05-02 20:00:00,331.56,333.33,331.08,332.98,5103,74,0,37.05080545229252,3512.55,1.4527907076055857,0,4.079285714285719,1.2250843036475823,339.2405,-1.8454459299523434,331.48620000000005,0.4506371607626394,342.77354999999994,-2.8571486918987556,0,0,346.47903569082115,332.00196430917885,4.267495001817974,16.583441242195622,346.77,329.65,0,1,346.77,315.65,0,0,0.42827844130777226,-3.0456557186116875,Downtrend
2023-05-03 16:00:00,331.97,334.24,330.89,332.51,4560,74,0,31.113320079522808,3410.4,1.3370865587614356,0,4.022142857142866,1.2096306448356038,339.16700000000003,-1.96274991375931,331.7918,0.21646104575217573,342.6033,-2.9460603561028162,0,0,346.6559619827364,331.67803801726365,4.416091177936758,19.096386883324524,346.77,329.65,0,1,346.77,315.65,0,0,-0.14114961859571507,-2.2518152688361774,Downtrend
2023-05-03 20:00:00,332.48,334.33,327.78,328.24,8798,74,0,27.68278301886791,3568.9,2.4651853512286697,1,4.3657142857142945,1.3300372549702335,338.7585,-3.1050143391235987,331.9978,-1.1318749702558195,342.44509999999997,-4.148139365988873,0,0,347.64210352440796,329.8748964755921,5.2448003662833145,22.04247724647737,346.77,327.78,0,1,346.77,315.65,0,0,-1.2841719046043698,-1.0013270599589796,Downtrend
2023-05-04 16:00:00,325.68,325.68,318.17,320.42,8495,74,0,23.960193927022203,3858.25,2.2017754163156873,1,4.850714285714296,1.513861271367048,337.9145,-5.17719719041354,332.00419999999997,-3.489172727332954,342.30460000000005,-6.393311687894358,0,0,350.00877089249207,325.8202291075079,7.158184033234496,25.296323966477022,346.77,318.17,0,1,346.77,315.65,0,1,-2.3824031196685302,-3.7719983182173107,Downtrend
2023-05-04 20:00:00,320.43,321.77,319.66,320.86,4520,74,0,26.025946518400815,3957.9,1.1420197579524496,0,4.776428571428576,1.4886332267744735,337.05899999999997,-4.805983522172664,332.01700000000005,-3.3603701015309575,342.16110000000003,-6.225459293882332,0,0,351.35662129645254,322.7613787035474,8.483749905181334,28.106178026513984,346.77,318.17,0,1,346.77,318.17,0,1,0.13731976780475552,-3.503654025442837,Downtrend
2023-05-05 16:00:00,324.47,327.34,321.96,323.69,6120,74,0,30.393622321873423,4023.6,1.5210259469132121,0,4.935000000000002,1.524606876950169,336.26750000000004,-3.7403257823013054,332.09,-2.529434791773308,342.06239999999997,-5.371066799507918,0,0,351.6991733410606,320.8358266589395,9.178212786582444,28.38270532522131,346.77,318.17,0,1,346.77,318.17,0,1,0.8820046126036152,-1.3861808432854044,Downtrend
2023-05-05 20:00:00,323.69,327.05,323.69,326.66,4362,74,0,38.08686919407488,4078.75,1.0694452957401164,0,4.770714285714291,1.4604525456787765,335.5335,-2.6445943549600797,332.209,-1.670334036705802,341.96754999999996,-4.476316539390926,0,0,351.34120801322945,319.72579198677056,9.422432045223172,28.112301647542214,346.77,318.17,0,0,346.77,318.17,0,0,0.9175445642435776,1.9474439797765462,Downtrend
2023-05-08 16:00:00,327.54,328.57,325.34,325.55,5419,74,0,30.632570659488565,4218.35,1.2846255052330886,0,4.657857142857149,1.4307655176953307,334.6155,-2.7092289508405876,332.221,-2.008000698330326,341.8768,-4.775638475614604,0,0,350.5072210819757,318.7237789180243,9.49849668169925,30.091568174605158,346.77,318.17,0,0,346.77,318.17,0,0,-0.339802853119453,1.4616966901452337,Downtrend
2023-05-08 20:00:00,325.58,327.63,325.23,326.17,4053,74,0,29.590163934426215,4316.4,0.9389769252154574,0,4.609285714285717,1.4131544023931437,333.755,-2.2726251292115416,332.20880000000005,-1.8177724370937904,341.787,-4.569220011293573,0,0,349.5116901413486,317.9983098586514,9.442069866428128,32.92185963362387,346.77,318.17,0,0,346.77,318.17,0,0,0.19044693595453577,0.7661651580215695,Downtrend
2023-05-09 16:00:00,323.77,326.31,322.77,324.94,4997,74,0,24.199887703537343,4420.85,1.130325616114548,0,4.527857142857146,1.3934440643987032,332.9605,-2.408844292340991,332.2128,-2.1891992120713044,341.68645000000004,-4.901116213417312,0,0,348.8172408544841,317.10375914551594,9.524697887277371,35.698704881396516,346.77,318.17,0,0,346.77,318.17,0,0,-0.37710396419046166,-0.526541357986906,Downtrend
2023-05-09 20:00:00,324.94,326.79,324.31,324.44,4269,74,0,24.011142061281333,4480.25,0.9528486133586296,0,4.560000000000002,1.4054987054617194,332.23400000000004,-2.345936899895868,332.18059999999997,-2.330238430540487,341.58835,-5.020179991501465,0,0,348.26194191732725,316.2060580826728,9.648586187643172,38.752104098203844,346.77,318.17,0,1,346.77,318.17,0,1,-0.153874561457501,-0.34096144985409726,Downtrend
2023-05-10 16:00:00,325.95,326.19,319.4,319.56,3978,74,0,20.47477744807125,4535.4,0.8771001455218945,0,4.782857142857149,1.4967008207714199,331.2405,-3.526289810575698,332.165,-3.794800776722417,341.4364,-6.407166898432619,0,0,347.8433399282823,314.6376600717177,10.024643682328895,42.62686894424091,346.77,318.17,0,1,346.77,318.17,0,1,-1.5041301935642903,-2.0265505717877224,Downtrend
2023-05-10 20:00:00,319.56,323.1,318.57,322.08,5028,74,0,27.21088435374149,4647.4,1.0818952532598873,0,4.832857142857149,1.5005145128095967,330.537,-2.5585637916481345,332.1622,-3.0353243084252215,341.29865000000007,-5.631036044238698,0,0,347.4533341804665,313.62066581953343,10.23566752313148,46.056738250078034,346.77,318.17,0,1,346.77,318.17,0,1,0.7885843034171947,-0.8801624915369033,Downtrend
2023-05-11 16:00:00,317.73,321.45,317.65,320.29,5177,74,0,32.85670824459997,4780.45,1.0829524417157381,0,4.397857142857147,1.3730859979572094,329.5545,-2.8112193885988503,332.1766,-3.578397755892494,341.1955,-6.127132391839858,0,0,346.45389080184987,312.65510919815017,10.255900497095228,46.77476646158532,346.77,317.65,0,1,346.77,317.65,0,1,-0.5557625434674529,-1.2791271113302851,Downtrend
2023-05-11 20:00:00,320.29,320.68,319.1,320.35,3808,74,0,29.958743256109173,4841.45,0.7865412221545198,0,4.350000000000002,1.357889808022476,328.5165,-2.485872094704523,332.1624,-3.5562122624354737,341.07135,-6.075371033069759,0,0,344.9718242383564,312.0611757616436,10.017959060416395,46.99338900584667,346.77,317.65,0,1,346.77,317.65,0,1,0.01873302319772563,0.2472149205157155,Downtrend
2023-05-12 16:00:00,320.84,321.41,317.41,317.6,3318,74,0,27.937259544243886,4844.6,0.6848862651199273,0,4.396428571428572,1.384265922993883,327.2305,-2.943032510722559,332.07700000000006,-4.359531072612686,340.92805,-6.842514131647414,0,0,342.8114904083545,311.64950959164554,9.522945085103293,46.89379032938724,346.77,317.41,0,1,346.77,317.41,0,1,-0.8584360855314555,-1.3909587680079363,Downtrend
2023-05-12 20:00:00,317.6,319.24,316.9,319.17,4037,74,0,35.41331617883564,4908.1,0.8225178786088302,0,4.095714285714288,1.2832391157421712,326.034,-2.10530190102872,332.0208,-3.87048040363736,340.7988,-6.346501220074721,0,0,340.08385768798405,311.98414231201593,8.618645716694614,46.16626112371485,346.77,316.9,0,1,346.77,316.9,0,1,0.4943324937027649,-0.3496830996909065,Downtrend
2023-05-15 16:00:00,318.97,321.77,317.64,321.7,4079,74,0,52.48062015503871,4955.15,0.8231839601222971,0,3.671428571428574,1.1412584928282792,324.947,-0.999239876041328,331.9824,-3.097272626500681,340.69555,-5.575520431658129,0,0,336.4619899558874,313.4320100441126,7.087303440799525,41.98922500137427,343.73,316.9,0,1,346.77,316.9,0,1,0.7926810163862541,0.42141407835179207,Downtrend
2023-05-15 20:00:00,321.72,322.87,320.75,321.78,4033,74,0,51.80817610062885,5038.65,0.8004128089865341,0,3.672142857142863,1.1411967360130721,324.02750000000003,-0.6936139679502693,331.92879999999997,-3.0575231796698557,340.5969,-5.524683283964133,0,0,333.10270363697765,314.9522963630224,5.601502117553367,37.93721853207798,337.5,316.9,0,1,346.77,316.9,0,1,0.024867889337887306,1.3161209068009918,Downtrend
2023-05-16 16:00:00,322.02,322.56,320.1,321.82,4985,74,0,45.871964679911684,4956.95,1.0056587215929151,0,3.3850000000000073,1.0518302156485015,323.54049999999995,-0.5317726837907337,331.8236,-3.0147343347489466,340.50295,-5.486868762811014,0,0,331.9334531218305,315.1475468781694,5.188193207237143,37.54265714598298,334.33,316.9,0,1,346.77,316.9,0,1,0.012430853378098128,0.8302785349500195,Downtrend
2023-05-16 20:00:00,321.88,322.17,320.11,320.37,2930,74,0,35.115948887837106,4848.3,0.6043355402924736,0,3.2921428571428635,1.0276064728728855,322.90999999999997,-0.7865968845808319,331.69,-3.412825228375891,340.40355000000005,-5.885235333180293,0,0,330.1297856798621,315.69021432013784,4.471701514268451,37.35883810936734,334.33,316.9,0,1,346.77,316.9,0,1,-0.4505624262009733,-0.41342866024245695,Downtrend
2023-05-17 16:00:00,323.84,329.1,322.37,328.69,5755,74,0,55.53987297106562,4908.05,1.1725634416927293,0,3.6850000000000063,1.1211171620676035,322.719,1.8502164421679554,331.652,-0.8931048207156866,340.33055,-3.4203658766455196,0,0,329.01208693392044,316.42591306607954,3.9000411713722767,35.112195862725095,334.33,316.9,1,0,346.77,316.9,0,0,2.596997221962094,2.147429921064089,Downtrend
2023-05-17 20:00:00,328.69,329.99,328.09,329.79,4596,74,0,56.28036086051355,4697.95,0.9782990453282815,0,3.6492857142857247,1.106548322958769,322.79650000000004,2.166535262928806,331.6494,-0.5606523033058386,340.26465,-3.0783832525653185,0,0,329.40608562280937,316.1869143771907,4.095202781200746,32.47363499927068,329.99,316.9,1,0,346.77,316.9,0,0,0.3346618394231671,2.476539680566785,Downtrend
2023-05-18 16:00:00,328.35,330.13,326.04,326.43,4153,74,0,52.40710823909533,4480.85,0.9268330785453652,0,3.6885714285714357,1.1299731729839277,323.09700000000004,1.0315787518918373,331.5496,-1.5441430181185534,340.18405,-4.043120187439713,0,0,329.7975108996086,316.3964891003915,4.147677570270574,29.66558030642015,330.13,316.9,1,0,346.77,316.9,0,0,-1.0188301646502307,1.8915628804195155,Downtrend
2023-05-18 20:00:00,326.46,329.39,325.08,329.16,4121,74,0,57.112718505123624,4460.9,0.9238046134188169,0,3.81928571428572,1.1603128309289465,323.51200000000006,1.7458394124483685,331.49739999999997,-0.705103569439744,340.11479999999995,-3.2209124683783017,0,0,330.643417811346,316.3805821886541,4.408750099746503,26.65785629648539,330.13,316.9,1,0,346.77,316.9,0,0,0.8363201911589124,0.14299187684445142,Downtrend
2023-05-19 16:00:00,329.87,331.44,324.11,325.96,5789,74,0,60.15873015873012,4444.35,1.3025526792444337,0,3.857857142857146,1.1835369808740785,323.6255,0.7213584838030351,331.3178,-1.6171180660984705,340.02685,-4.136982123617604,0,0,330.8406112622258,316.41038873777416,4.458926297356563,24.192988742698553,331.44,316.9,1,0,346.77,316.9,0,0,-0.9721715882853421,-1.1613450983959612,Downtrend
2023-05-19 20:00:00,325.98,326.65,325.17,325.78,3512,74,0,56.34430727023317,4401.85,0.7978463600531595,0,3.6399999999999983,1.1173184357541894,323.5815,0.6794269758932348,331.10400000000004,-1.6079539963274585,339.92740000000003,-4.161888685642893,0,0,330.7291113787079,316.4338886212921,4.417812129993768,22.245478748172278,331.44,316.9,1,0,346.77,316.9,0,0,-0.055221499570501376,-0.19912385503784397,Downtrend
2023-05-22 16:00:00,325.78,326.59,322.01,322.97,4000,74,0,54.440026507620956,4330.9,0.9235955575053685,0,3.6507142857142827,1.1303570875667346,323.4525,-0.14917182584767752,330.7882,-2.3635063161261463,339.8011,-4.9532211637925805,0,0,330.54342488956524,316.3615751104347,4.384523161555566,20.373531213277385,331.44,316.9,0,1,346.77,316.9,0,1,-0.862545275953086,-1.880544416089439,Downtrend
2023-05-22 20:00:00,322.97,325.07,321.98,324.43,4154,74,0,56.45978467384418,4335.95,0.9580368777315237,0,3.758571428571425,1.1585153742167569,323.3655,0.3291940544059306,330.49260000000004,-1.8344132364839731,339.6868,-4.491431518681326,0,0,330.35805385918957,316.3729461408104,4.324860790152054,18.49121816304544,331.44,316.9,0,0,346.77,316.9,0,0,0.45205437037494356,-0.469382746349237,Downtrend
2023-05-23 16:00:00,325.03,326.75,323.87,324.44,5511,74,0,61.85852981969483,4361.65,1.2635126614927839,0,3.6785714285714244,1.1338217940363162,323.3405,0.34004400933380685,330.28520000000003,-1.76974324008464,339.59415,-4.462429638437533,0,0,330.3128981376178,316.3681018623822,4.312727998885263,17.201533252917486,331.44,316.9,0,0,346.77,316.9,0,0,0.0030823290077863774,-0.411320523052359,Downtrend
2023-05-23 20:00:00,324.44,325.37,322.37,323.16,3733,74,0,56.987740805604226,4334.85,0.8611601324151931,0,3.7257142857142793,1.1529008187010394,323.2765,-0.0360372622197944,330.0764,-2.0953936724952023,339.4932,-4.811053652915574,0,0,330.22987638546033,316.32312361453967,4.3018137015590865,15.839297523898257,331.44,316.9,0,1,346.77,316.9,0,1,-0.3945259524102962,0.0588289934049595,Downtrend
2023-05-24 16:00:00,320.31,321.3,318.42,319.76,3716,74,0,46.702923181509185,4321.75,0.8598368716376468,0,3.769285714285709,1.1787858751206244,323.28650000000005,-1.0908281044831922,329.79200000000003,-3.0419173297108597,339.36255,-5.776285568339821,0,0,330.2179121747899,316.3550878252102,4.288092558637518,15.77833220320673,331.44,316.9,0,1,346.77,316.9,0,1,-1.0521104097041767,-1.4394476466418074,Downtrend
2023-05-24 20:00:00,319.76,320.93,319.03,319.38,3366,74,0,45.96231493943477,4238.65,0.7941207695846556,0,3.7535714285714255,1.17526815347593,323.15150000000006,-1.1670996421183437,329.4514,-3.057021460524977,339.2216,-5.849155832057872,0,0,330.28410644763375,316.01889355236636,4.414404047410388,16.077597720794163,331.44,316.9,0,1,346.77,316.9,0,1,-0.11883912934700369,-1.5596104056219955,Downtrend
2023-05-25 16:00:00,320.29,322.97,319.22,321.08,6093,74,0,48.82090503505417,4284.45,1.4221195252599517,0,3.845714285714284,1.197743330545124,323.19100000000003,-0.6531741292300982,329.12699999999995,-2.4449528601421244,339.05300000000005,-5.3009411507935535,0,0,330.2653953433257,316.1166046566744,4.377841798395158,14.162812073836495,331.44,316.9,0,1,346.77,316.9,0,1,0.5322812950090849,-0.6436440153484468,Downtrend
2023-05-25 20:00:00,321.08,324.76,320.66,323.58,5025,74,0,54.94912118408878,4345.3,1.1564218811129265,0,3.991428571428567,1.2335214078214252,323.3525,0.07035665411585301,328.8392,-1.599322708484883,338.90810000000005,-4.52278951137493,0,0,330.300153522857,316.40484647714305,4.2972629083473715,12.683247217168931,331.44,316.9,0,0,346.77,316.9,0,0,0.7786221502429358,1.1946459844883641,Downtrend
2023-05-26 16:00:00,324.5,331.84,323.81,330.85,6680,74,0,53.44168260038245,4513.4,1.480037222493021,0,3.9578571428571365,1.1962693495109977,324.015,2.1094702405752934,328.6658,0.6645656469276794,338.7815,-2.341184509779894,0,0,331.176668432483,316.853331567517,4.420578326610187,13.360490389460029,331.84,316.9,1,0,346.77,316.9,0,0,2.246739600716996,3.5913332080906843,Downtrend
2023-05-26 20:00:00,330.85,332.46,329.54,331.45,4857,74,0,52.68782383419684,4554.4,1.0664412436325312,0,4.030714285714274,1.2160851669073085,324.629,2.101167794620927,328.468,0.9078509930952088,338.65424999999993,-2.1273171678784326,0,0,332.13885850311596,317.1191414968841,4.626732980181028,13.869063462435971,332.46,317.64,1,0,346.77,316.9,0,0,0.18135106543750723,3.229724679207676,Downtrend
2023-05-30 16:00:00,330.7,331.29,326.32,328.15,2067,74,0,52.79039584685265,4453.8,0.46409807355516636,0,4.10499999999999,1.2509523083955478,324.9515,0.9843007341095417,328.1528,-0.0008532610418183562,338.4807,-3.0520794834092566,0,0,332.48568392185916,317.41731607814086,4.637112874911581,13.866915532221084,332.46,318.42,1,0,346.77,316.9,0,0,-0.9956252828481005,1.4123246183324043,Downtrend
2023-05-30 20:00:00,327.8,330.47,327.8,330.31,1628,74,0,51.90082644628095,4333.55,0.3756735240161069,0,3.9878571428571337,1.207307421167126,325.378,1.5157754980361353,327.8914,0.7376222737162446,338.3129,-2.365532026712552,0,0,333.1191507372497,317.6368492627503,4.758250857310397,14.427316419211959,332.46,318.42,1,0,346.77,316.9,0,0,0.6582355630047276,-0.16321595889376467,Downtrend
2023-05-31 16:00:00,323.63,326.65,321.87,323.85,2054,74,0,46.85168606386159,4187.0,0.49056603773584906,0,4.067142857142849,1.2558724277112392,325.47950000000003,-0.5006459700226917,327.5518,-1.1301418584785647,338.0912,-4.2122362250185725,0,0,333.0761072066819,317.88289279331815,4.667948185174108,13.680561803387137,332.46,318.42,0,1,346.77,316.9,0,0,-1.9557385486361212,-2.2929551968622617,Downtrend
2023-05-31 20:00:00,323.95,324.81,321.33,323.34,1935,74,0,46.39479905437352,4137.25,0.46770197595020846,0,4.2099999999999955,1.30203500958743,325.62800000000004,-0.7026422789195239,327.2392,-1.1915442893149744,337.86044999999996,-4.297765541956741,0,0,332.91381202352113,318.34218797647895,4.4749296887989285,12.70239660346388,332.46,318.42,0,1,346.77,316.9,0,0,-0.15748031496064518,-1.4657930824318155,Downtrend
2023-06-01 16:00:00,321.58,323.04,313.35,317.85,2860,76,0,42.99014238773273,3992.5,0.7163431433938635,0,4.596428571428565,1.446099912357579,325.08599999999996,-2.2258725383436797,326.8076,-2.7409399291815606,337.5881,-5.846799694657475,0,0,332.9985573748634,317.1734426251365,4.867977934985492,13.37078504681209,332.46,313.35,0,1,346.77,313.35,0,1,-1.6979031360177976,-3.772213980805903,Downtrend
2023-06-01 20:00:00,317.93,319.11,315.43,316.04,1903,74,0,38.62218605912668,3857.85,0.4932799357154892,0,4.638571428571424,1.4677165639069183,324.3985,-2.576614873373333,326.4054,-3.1756214817524357,337.3007,-6.303188816388458,0,0,332.9534623026628,315.84353769733724,5.274353797975498,14.045253157542506,332.46,313.35,0,1,346.77,313.35,0,1,-0.5694509988988572,-2.411610313416706,Downtrend
2023-06-02 16:00:00,316.66,324.85,316.66,324.03,2514,74,0,49.54292084726864,3775.9,0.6658015307608782,0,5.062142857142853,1.5622451183973254,324.2785,-0.07663166074841084,326.0872,-0.630874195613941,337.19735000000003,-3.904938754708498,0,0,332.78064654010706,315.77635345989296,5.243731261928897,12.968664425017753,332.46,313.35,0,0,346.77,313.35,0,0,2.528160992279438,0.21339766190387757,Downtrend
2023-06-02 20:00:00,324.03,324.14,322.19,323.03,2097,74,0,49.85416199237149,3674.7,0.5706588292921871,0,4.987142857142852,1.5438636836030253,323.972,-0.29076586865531817,325.7256,-0.8275677441380146,337.06485,-4.163842655204187,0,0,332.169711105449,315.774288894551,5.060752846202143,12.028289093043389,332.46,313.35,0,0,346.77,313.35,0,0,-0.308613399993829,1.6296995438099575,Downtrend
2023-06-05 16:00:00,322.1,323.05,320.07,321.12,1612,74,0,51.57845868152277,3465.85,0.4651095690811778,0,4.861428571428568,1.5138977863193097,323.72999999999996,-0.8062274117319856,325.2816,-1.2793837708619304,336.92119999999994,-4.689880007550709,0,0,331.96627662427386,315.49372337572606,5.088361674403917,12.382423438312014,332.46,313.35,0,0,346.77,313.35,0,0,-0.591276352041592,1.6073914694342435,Downtrend
2023-06-05 20:00:00,321.15,322.78,319.58,321.37,1876,74,0,52.31664726426079,3384.05,0.5543653314815088,0,4.9542857142857075,1.5416142497077223,323.5095,-0.661340702514145,324.847,-1.070350041711937,336.78875,-4.578166580682992,0,0,331.7508194523554,315.2681805476446,5.094947414128743,12.502841330450973,332.46,313.35,0,0,346.77,313.35,0,0,0.0778525161933219,-0.8209116439835721,Downtrend
2023-06-06 16:00:00,321.79,326.71,321.79,325.61,1801,74,0,54.97911628929439,3274.1,0.5500748297241991,0,5.067857142857134,1.5564193798891723,323.6415,0.6082347288589399,324.4904,0.3450333199379677,336.67530000000005,-3.2866384911515736,0,0,331.9308648413896,315.3521351586104,5.122559895062662,12.40478653567432,332.46,313.35,0,0,346.77,313.35,0,0,1.3193515262781341,0.7986874284122345,Downtrend
2023-06-06 20:00:00,325.63,327.68,325.33,326.27,1765,74,0,53.08132875143185,3154.65,0.5594915442283613,0,4.942857142857138,1.5149591267530382,323.7335,0.7835148355051268,324.2124,0.6346456828918263,336.55875,-3.0570442753308282,0,0,332.1001940588064,315.3668059411936,5.16887752352252,12.027478621698915,332.46,313.35,1,0,346.77,313.35,0,0,0.20269647738091479,1.6037618335824542,Downtrend
2023-06-07 16:00:00,326.76,335.31,326.45,334.93,2302,74,0,54.52930728241562,2994.2,0.768819718121702,0,4.998571428571426,1.4924227237247858,324.258,3.291206385039082,324.2798,3.2842625411758557,336.52825000000007,-0.4749229819487855,0,0,334.0114654570072,314.50453454299276,6.015867276679202,11.510867149579306,335.31,313.35,1,0,343.73,313.35,0,0,2.654243418028024,4.219435541587579,Downtrend
2023-06-07 20:00:00,334.92,337.45,333.82,335.31,2502,74,0,54.30611334225794,2932.65,0.8531532913917447,0,5.049285714285714,1.505855988275242,324.8655,3.215022832526078,324.3264,3.3865883258347225,336.49800000000005,-0.3530481607617415,0,0,335.77592856990174,313.95507143009826,6.716889648116983,10.825010304155915,337.45,313.35,1,0,337.5,313.35,1,0,0.11345654315826348,2.9790239857498197,Downtrend
2023-06-08 16:00:00,334.13,334.72,330.85,333.99,2133,74,0,56.81605975723628,2853.5,0.7475030664096723,0,5.00142857142857,1.4974785387073175,325.577,2.584027741517371,324.356,2.9701932444597956,336.43795000000006,-0.7276081666768116,0,0,336.9324403377032,314.2215596622968,6.975578949190646,10.530683356688233,337.45,313.35,1,0,337.45,313.35,1,0,-0.393665563210166,2.366138474269785,Downtrend
2023-06-08 20:00:00,333.99,335.93,333.99,334.88,1962,74,0,55.496752465720476,2783.3,0.7049186217799015,0,4.949285714285712,1.4779281277728475,326.352,2.6131293817718353,324.4888,3.202329325388108,336.36830000000003,-0.4424614328996037,0,0,338.03756572510576,314.6664342748942,7.161326252087188,10.185452043392942,337.45,313.35,1,0,337.45,313.35,1,0,0.26647504416299483,-0.01492849252082864,Downtrend
2023-06-09 16:00:00,333.23,334.28,332.13,333.67,2065,74,0,63.518722466960384,2581.9,0.7997985979317557,0,4.54285714285714,1.3614820459906913,326.9815,2.04552856965915,324.7538,2.7455259953848126,336.29805,-0.7814645371865739,0,0,338.82662206953063,315.13637793046934,7.245132871144482,10.205952701895967,337.45,313.35,1,0,337.45,313.35,1,0,-0.3613234591495429,-0.48909963913989635,Downtrend
2023-06-09 20:00:00,333.75,335.79,333.41,335.46,1885,74,0,66.11702127659584,2424.9,0.7773516433667368,0,4.46428571428571,1.3307952406503638,327.5755,2.4069260368983647,325.04580000000004,3.2039177248252204,336.23665,-0.23098314832723257,0,0,339.8848109388564,315.26618906114356,7.5154038924500846,10.474998811144996,337.45,313.35,1,0,337.45,313.35,1,0,0.5364581772409727,0.4401329381119107,Downtrend
2023-06-12 16:00:00,337.77,338.84,335.81,338.65,1792,74,0,79.46175637393775,2180.5,0.8218298555377207,0,3.992142857142856,1.1788403535044607,327.9655,3.2578121784150946,325.345,4.089504987013769,336.19475,0.7303058718198242,0,0,341.17312216138356,314.7578778386165,8.054275319436673,12.503777154263577,338.84,313.35,1,0,338.84,313.35,1,0,0.9509330471591193,1.1257763975155226,Uptrend
2023-06-12 20:00:00,338.52,339.72,337.59,338.86,1697,74,0,83.85756676557875,2022.5,0.8390605686032139,0,3.881428571428574,1.145437222283118,328.336,3.2052531553043226,325.589,4.075997653483384,336.1432,0.8082269699342526,0,0,342.34651544939976,314.32548455060027,8.534254817869344,14.617479533933718,339.72,313.35,1,0,339.72,313.35,1,0,0.06201092573454581,1.5554290166931393,Uptrend
2023-06-13 16:00:00,340.4,344.58,340.33,342.23,1803,74,0,81.29298486932615,2009.3,0.8973274274623003,0,3.6607142857142856,1.0696649287655335,329.04,4.008631169462679,325.92260000000005,5.003457876195137,336.09595,1.8250889366563334,0,0,344.364527295877,313.71547270412304,9.314689579307668,17.564397209819795,344.58,313.35,1,0,344.58,313.35,1,0,0.9945110074957242,2.018124366541477,Uptrend
2023-06-13 20:00:00,342.3,343.73,341.12,341.91,1818,74,0,83.2394366197185,2018.8,0.9005349712700614,0,3.7078571428571445,1.0844541378892527,329.62,3.728535889812518,326.23740000000004,4.804047604597139,336.03345,1.7487991150880986,0,0,345.98936419689227,313.25063580310774,9.932263938409237,20.74691405796472,344.58,313.35,1,0,344.58,313.35,1,0,-0.09350436840720455,0.9626457994980209,Uptrend
2023-06-14 16:00:00,346.95,347.17,341.48,342.28,1547,74,0,89.38942665673873,1993.45,0.7760415360304999,0,3.9014285714285717,1.1398353895724471,330.5415,3.551293861738991,326.5842,4.806050017116554,335.97055,1.8779771024573344,0,0,347.60355920193973,313.47944079806024,10.323701684623412,25.22891492141171,347.17,313.35,1,0,347.17,313.35,1,0,0.1082156122956146,1.0092663636900074,Uptrend
2023-06-14 20:00:00,342.08,342.26,336.47,338.04,2666,74,0,77.0178282009726,2030.0,1.3133004926108374,0,4.08785714285714,1.2092820798891077,331.2765,2.0416479889156105,326.8562,3.4216270029450317,335.89410000000004,0.6388620699202466,0,0,348.29879037097106,314.25420962902894,10.276787137615294,28.236824342692596,347.17,313.35,0,0,347.17,313.35,0,0,-1.2387518990300217,-1.2243228238319253,Uptrend
2023-06-15 16:00:00,336.21,343.52,334.24,342.53,1880,74,0,77.202572347267,1981.0,0.9490156486622918,0,4.369285714285711,1.2755921274883109,332.5105,3.0132883021739145,327.3156,4.648235525590578,335.80800000000005,2.001739089003217,0,0,349.004629705347,316.016370294653,9.920967732054782,30.757862450931515,347.17,315.43,1,0,347.17,313.35,1,0,1.3282451780854299,0.18133426925212706,Uptrend
2023-06-15 20:00:00,342.54,342.67,335.3,339.34,2326,74,0,69.4320547130539,2002.15,1.1617511175486352,0,4.727857142857139,1.3932507640882712,333.67549999999994,1.6976074059977535,327.6608,3.56441783698263,335.71975,1.0783547884805702,0,0,348.4758392208623,318.87516077913756,8.871097351086542,33.01028085392178,347.17,316.66,0,0,347.17,313.35,0,0,-0.9313052871281369,-0.8589458922519568,Uptrend
2023-06-16 16:00:00,339.62,340.44,336.52,338.99,1915,74,0,58.01737756714068,1972.2,0.9709968563026062,0,4.362142857142852,1.2868057633389929,334.4235,1.3654841839763112,328.03479999999996,3.3396456717397203,335.61015,1.007076216258666,0,0,348.67319698662016,320.1738030133798,8.52194716377298,34.23140076772251,347.17,319.58,0,0,347.17,313.35,0,0,-0.10314139211409223,0.28103183055259395,Uptrend
2023-06-16 20:00:00,338.99,339.04,336.48,337.79,1777,74,0,54.743687834736114,1956.2,0.9083938247622942,0,4.285714285714282,1.2687510837248828,335.16150000000005,0.7842487875248123,328.3836,2.8644548631539513,335.47214999999994,0.6909217352319942,0,0,348.42112970825224,321.90187029174785,7.912382363876633,35.24268021858339,347.17,319.58,0,0,347.17,313.35,0,0,-0.3539927431487566,-1.383820395293829,Uptrend
2023-06-20 16:00:00,332.91,333.74,328.79,330.86,2197,74,0,45.07086614173225,1985.45,1.1065501523584074,0,4.609999999999998,1.393338572205766,335.6485,-1.4266412631070895,328.6488,0.6728154796244561,335.31629999999996,-1.3289840070404995,0,0,347.36201226036184,323.9349877396382,6.979630333734144,35.309598048432214,347.17,319.58,0,0,347.17,313.35,0,0,-2.0515705023831377,-2.4989685860788478,Downtrend
2023-06-20 20:00:00,330.86,331.43,329.69,330.21,1723,74,0,42.58965407807039,1977.8,0.8711699868540803,0,4.595714285714284,1.3917550303486523,336.0905,-1.7496775422096253,328.8696,0.4075779579505032,335.14050000000003,-1.47117402999639,0,0,346.07495839661055,326.1060416033895,5.941529675257429,35.44758134192464,347.17,321.79,0,0,347.17,313.35,0,0,-0.1964577162546166,-2.5900469040384757,Downtrend
2023-06-21 16:00:00,327.75,329.35,326.93,327.76,1489,74,0,40.97709923664114,1962.2,0.7588421159922536,0,4.6335714285714245,1.4137086369817624,336.198,-2.5098305165408443,328.99080000000004,-0.374113805006111,334.91934999999995,-2.137634030401636,0,0,345.744009582403,326.65199041759695,5.678802123988263,34.96756482894403,347.17,325.33,0,1,347.17,313.35,0,0,-0.7419520910935451,-2.9693004529441454,Downtrend
2023-06-21 20:00:00,327.65,327.7,324.52,324.52,1867,74,0,34.00584795321632,1967.3,0.9490164184415188,0,4.694999999999998,1.4467521262171816,336.1105,-3.448419492994125,329.04560000000004,-1.3753716810071472,334.69765,-3.0408489572603896,0,0,346.0630960115129,326.1579039884871,5.922216658814838,34.95142277890367,347.17,324.52,0,1,347.17,313.35,0,0,-0.988528191359539,-1.9162183400834285,Downtrend
2023-06-22 16:00:00,321.28,322.38,319.09,320.65,1603,74,0,24.197247706421933,1932.35,0.8295598623437783,0,4.84142857142857,1.5098794858657634,335.3965,-4.3967364000518865,329.0222,-2.544569940873297,334.4446,-4.124629310803644,0,0,347.51820610711763,323.27479389288237,7.228284199219511,33.971099640332795,347.17,319.09,0,1,347.17,313.35,0,0,-1.192530506594358,-2.8951273432058398,Downtrend
2023-06-22 20:00:00,320.55,320.79,318.64,319.1,1800,74,0,22.722252898950714,1897.25,0.9487415996837528,0,4.84285714285714,1.5176612794914257,334.586,-4.628406448566285,328.9968,-3.0081751555030274,334.19335,-4.516352584514319,0,0,348.73092715465486,320.44107284534516,8.455181719889564,33.21341247572431,347.17,318.64,0,1,347.17,313.35,0,1,-0.4833931077498743,-2.64217720283133,Downtrend
2023-06-23 16:00:00,313.91,317.04,313.65,314.99,1960,74,0,13.149350649350453,1888.6,1.0378057820607858,0,4.823571428571431,1.5313411310109626,333.63599999999997,-5.588725437302917,328.7228,-4.177623213236197,333.92775,-5.671211811537074,0,0,350.2807278202587,316.99127217974126,9.977776870756578,34.49457037886067,347.17,313.65,0,1,347.17,313.35,0,1,-1.2879974929489224,-2.936644890915806,Downtrend
2023-06-23 20:00:00,314.99,316.19,314.16,314.36,1727,74,0,13.039978535014555,1876.85,0.9201587766736821,0,4.782142857142857,1.521231345318379,332.61,-5.4869065872944285,328.4142,-4.279413009547085,333.64865,-5.7811263435353215,0,0,351.3319893229992,313.8880106770008,11.257622634917293,35.77572828199703,347.17,313.65,0,1,347.17,313.35,0,1,-0.20000634940791073,-1.961640417901127,Downtrend
2023-06-26 16:00:00,314.84,316.2,312.87,313.31,2450,76,0,11.83135704874826,1896.1,1.29212594272454,0,4.613571428571427,1.4725260695705298,331.592,-5.513402012111264,328.1518,-4.522845829277785,333.34135000000003,-6.0092604772855305,0,0,352.1913158803105,310.99268411968944,12.424495090539303,37.410437164979875,347.17,312.87,0,1,347.17,312.87,0,1,-0.3340119608092662,-1.8144782199937388,Downtrend
2023-06-26 20:00:00,313.31,314.34,311.74,311.88,2685,76,0,12.777461582242353,1936.1,1.386808532617117,0,4.384285714285714,1.405760457318749,330.413,-5.609040806505802,327.80620000000005,-4.858419395362275,333.0317,-6.351257252687958,0,0,352.70945626787443,308.1165437321256,13.49611320854471,40.36173861927825,347.17,311.74,0,1,347.17,311.74,0,1,-0.4564169672209628,-0.9873329312041694,Downtrend
2023-06-27 16:00:00,311.6,315.32,310.19,314.47,1912,76,0,7.791817087846056,1942.1,0.9845013130116884,0,4.087857142857144,1.2999195926025198,329.204,-4.47564428135745,327.5764,-4.001020830560428,332.71985,-5.485049960199243,0,0,352.23018317435447,306.17781682564555,13.989005707314892,44.28844998422177,347.17,310.19,0,1,347.17,310.19,0,1,0.8304476080543965,0.03499172922764145,Downtrend
2023-06-27 20:00:00,314.47,314.81,313.01,313.11,1724,76,0,8.24578159821722,1943.45,0.8870822506367542,0,3.6900000000000017,1.1784995688416215,327.9165,-4.515326310203961,327.32300000000004,-4.342194101850472,332.412,-5.806649579437555,0,0,351.5411956204281,304.2918043795719,14.408970344845775,48.3278133833226,347.17,310.19,0,1,347.17,310.19,0,1,-0.43247368588419377,-0.06383454087006117,Downtrend
2023-06-28 16:00:00,311.47,314.57,311.29,312.66,1910,76,0,8.219612821326649,1948.8,0.9800903119868637,0,3.644285714285713,1.1655746543484016,326.438,-4.220709598759937,327.1168,-4.419461183283765,332.11455,-5.8577831052569005,0,0,349.9920360604467,302.88396393955327,14.430940062398815,53.53161509716599,347.17,310.19,0,1,347.17,310.19,0,1,-0.1437194596148328,0.25009619084264123,Downtrend
2023-06-28 20:00:00,312.93,313.66,312.15,313.29,2360,76,0,10.407239819004587,1975.9,1.1943924287666379,0,3.569285714285716,1.139291300164613,325.007,-3.605153119778954,326.894,-4.1615936664484465,331.84244999999993,-5.590740425162577,0,0,348.0757613793835,301.9382386206165,14.195855091972472,59.17529957980425,347.17,310.19,0,1,347.17,310.19,0,1,0.2014968336211842,-0.37523452157598713,Downtrend
2023-06-29 16:00:00,318.05,325.09,318.05,324.0,2922,76,0,40.120967741935466,2044.65,1.429095444208055,0,3.769285714285713,1.163359788359788,324.093,-0.02869546704187308,326.8852,-0.8826340256457,331.60659999999996,-2.293862667389599,0,0,345.6812347100157,302.50476528998433,13.322246830394782,60.988554275930426,343.52,310.19,0,0,347.17,310.19,0,0,3.41855788566503,3.4780109226789264,Downtrend
2023-06-29 20:00:00,323.97,324.9,321.36,322.73,2845,76,0,39.41709111488403,2053.6,1.3853720296065446,0,3.8978571428571382,1.207776513759842,323.3275,-0.18479714840215206,326.87660000000005,-1.2685521080432294,331.36645000000004,-2.6063139463877603,0,0,343.8950553136229,302.7599446863771,12.722428691418393,62.52518184330609,343.52,310.19,0,0,347.17,310.19,0,0,-0.3919753086419675,3.2207509755005415,Downtrend
2023-06-30 16:00:00,324.53,325.06,322.11,323.78,1883,76,0,44.13671184443131,2053.75,0.9168594035301278,0,3.874285714285711,1.1965796881480362,322.39,0.43115481249417986,326.957,-0.9716874084359781,331.11545000000007,-2.2153753320783105,0,0,340.876160968909,303.90383903109097,11.468197505449313,63.37608142780039,342.67,310.19,0,0,347.17,310.19,0,0,0.3253493632447979,3.348335408088337,Downtrend
2023-06-30 20:00:00,323.78,324.37,321.98,322.14,1817,76,0,46.32034632034632,2028.3,0.8958240891386876,0,3.8135714285714237,1.1838242467782405,321.53000000000003,0.18971791123688514,327.01219999999995,-1.4899138319609986,330.85794999999996,-2.634952552900716,0,0,338.2079034401178,304.8520965598823,10.374088539245323,62.966629256551286,340.44,310.19,0,0,347.17,310.19,0,0,-0.5065167706467366,-0.5740740740740783,Downtrend
2023-07-03 16:00:00,322.84,328.93,322.84,325.61,1687,76,0,57.76455854727621,2016.9,0.8364321483464723,0,3.9107142857142816,1.201042439026529,320.861,1.4800801593213335,327.1028,-0.4563702909299426,330.6332,-1.519266667715152,0,0,335.5440928908763,306.1779071091237,9.152307629083193,61.44435202191324,339.04,310.19,0,0,347.17,310.19,0,0,1.0771714161544654,0.8923868249000698,Downtrend
2023-07-05 16:00:00,322.61,323.61,319.22,321.1,2075,76,0,52.86532951289398,2031.8,1.0212619352298455,0,4.213571428571421,1.3122302798416134,320.0265,0.3354409712945722,327.0532,-1.8202543194807395,330.38225,-2.8095486364657836,0,0,332.3690328373922,307.6839671626078,7.713444253767849,58.75307730156529,333.74,310.19,0,0,347.17,310.19,0,0,-1.3850925954362547,-0.8277225276422109,Downtrend
2023-07-05 20:00:00,321.09,321.2,319.35,319.71,1983,76,0,57.3337476693598,2021.1,0.9811488793231409,0,3.956428571428558,1.237505417856357,319.469,0.07543767939924859,326.8304,-2.178622306860077,330.12809999999996,-3.1557749855283395,0,0,330.70920396893035,308.22879603106963,7.036804177513536,55.559670766972275,331.43,310.19,0,0,347.17,310.19,0,0,-0.4328869511055933,-0.7543304153473667,Downtrend
2023-07-06 16:00:00,317.0,317.39,312.41,312.7,2823,76,0,47.847510373443946,2076.1,1.3597610905062376,0,4.3328571428571285,1.3856274841244416,318.5935,-1.8498494162624213,326.4554,-4.213561791289104,329.82315,-5.191615567312364,0,0,329.0085261388864,308.1784738611136,6.53812845452678,50.45898947280648,329.35,310.19,0,1,347.17,310.19,0,1,-2.1926120546745476,-3.964865943920649,Downtrend
2023-07-06 20:00:00,312.69,313.41,312.35,312.67,2622,76,0,49.14757591901973,2132.75,1.2293986636971046,0,4.170714285714273,1.3339029282356072,317.839,-1.6262950739210678,326.1458,-4.131833063617558,329.52639999999997,-5.115341289802563,0,0,327.6253856023508,308.0526143976492,6.158077267013033,44.29471150226563,328.93,310.19,0,1,347.17,310.19,0,1,-0.00959385992963524,-2.6253503581438826,Downtrend
2023-07-07 16:00:00,313.2,314.96,312.2,314.78,2332,76,0,53.79382522239663,2156.0,1.0816326530612246,0,4.182142857142845,1.3285923048296733,317.352,-0.8104565277672751,325.8352,-3.3928808182786923,329.25185,-4.3953739363955036,0,0,326.69800077714103,308.0059992228589,5.889990154239493,38.74357868684475,328.93,310.19,0,1,347.17,310.19,0,1,0.6748328909073287,-1.542022457852431,Downtrend
2023-07-07 20:00:00,314.83,316.95,313.87,314.66,2323,76,0,50.26573426573426,2192.0,1.0597627737226278,0,4.035714285714273,1.2825634925679377,317.05249999999995,-0.7546068868720252,325.65139999999997,-3.3752042828619633,328.98810000000003,-4.355203121328706,0,0,326.33721040843096,307.76778959156894,5.856891466511705,33.65597305347979,328.93,310.19,0,1,347.17,310.19,0,1,-0.03812186288835173,0.6267988487368201,Downtrend
2023-07-10 16:00:00,316.11,319.67,315.49,318.37,1779,75,0,56.902887139107634,2190.95,0.8119765398571397,0,4.264999999999986,1.3396362722618294,317.016,0.4271077800489517,325.552,-2.206099179240188,328.7396,-3.15435073839598,0,0,326.2725161117087,307.75948388829136,5.839778504371175,29.00163193756664,328.93,310.19,0,0,347.17,310.19,0,0,1.1790504036102378,1.8230082834937755,Downtrend
2023-07-10 20:00:00,318.36,318.38,315.79,316.08,1878,74,0,54.28142213319977,2186.85,0.8587694629261267,0,4.215714285714272,1.3337491412662212,317.07050000000004,-0.31239109283268357,325.5166,-2.8989612204108792,328.50955,-3.783619075914233,0,0,326.28955001385185,307.8514499861482,5.815142067049323,24.791392722262312,328.93,310.19,0,1,347.17,310.19,0,1,-0.7192888777208917,0.41298684795730717,Downtrend
2023-07-11 16:00:00,317.36,319.21,313.66,318.79,2227,74,0,56.544502617801065,2211.85,1.0068494699007617,0,4.504285714285694,1.412931934591955,317.29200000000003,0.4721203181927027,325.5716,-2.0829826680214025,328.3007,-2.896947828621744,0,0,326.44951425706927,308.1344857429308,5.77229445247232,20.124321459949677,328.93,310.19,0,0,347.17,310.19,0,0,0.8573778790179842,1.3125278077925364,Downtrend
2023-07-11 20:00:00,318.72,320.66,318.38,320.34,2110,74,0,44.43091905051728,2194.85,0.9613413217304144,0,3.8242857142856996,1.1938208510600299,317.6435,0.8489076590580187,325.49780000000004,-1.5845882829315787,328.09364999999997,-2.3632429338391625,0,0,326.6965396756242,308.59046032437584,5.700125880507032,18.239519909753643,328.93,310.19,0,0,347.17,310.19,0,0,0.4862134947771102,0.6187768948079186,Downtrend
2023-07-12 16:00:00,327.29,332.78,326.98,327.34,3974,74,0,55.97305001295668,2259.3,1.7589518877528436,0,4.4599999999999875,1.3624977088042975,318.4165,2.8024615558552997,325.584,0.539338542434509,327.9278,-0.17924677322264707,0,0,328.0207956946085,308.81220430539145,6.032536438663535,18.58887748626236,332.78,310.19,1,0,347.17,310.19,0,0,2.1851782481113746,3.562389268539608,Downtrend
2023-07-12 20:00:00,327.34,327.56,324.75,325.93,2418,74,0,52.75994865211815,2284.6,1.058390965595728,0,4.449999999999989,1.3653238425428738,318.9895,2.1757769456361373,325.68019999999996,0.07670100914948168,327.75465,-0.5567121625886984,0,0,328.96275998542325,309.0162400145768,6.253033397916374,18.899675865861116,332.78,311.29,0,0,347.17,310.19,0,0,-0.43074479134843635,2.2397189372314017,Downtrend
2023-07-13 16:00:00,327.23,328.83,326.58,327.42,2288,74,0,56.80412371134026,2312.8,0.9892770667589069,0,4.48642857142856,1.3702365681475046,319.70500000000004,2.4131621338421274,325.8012,0.4968674148529906,327.57655,-0.0477903561778099,0,0,329.9517360656944,309.4582639343057,6.410119369853043,19.84631079560118,332.78,311.29,1,0,347.17,310.19,0,0,0.45715337649188115,2.210151713804096,Downtrend
2023-07-13 20:00:00,327.3,328.33,325.09,328.2,2320,74,0,53.586264192744366,2333.3,0.9942999185702652,0,4.23285714285713,1.2897188125707282,320.482,2.408247577087,325.853,0.7202634316701028,327.41270000000003,0.2404610450358093,0,0,330.83561640353645,310.1283835964636,6.461277952294618,19.351317489460833,332.78,312.15,1,0,347.17,310.19,0,0,0.2382261315741152,0.2627237734465735,Uptrend
2023-07-14 16:00:00,329.33,330.57,324.51,325.87,2540,74,0,57.02917771883289,2342.3,1.0844042180762496,0,4.209285714285703,1.2917070347947657,321.111,1.4820420353086674,325.845,0.007672359557451323,327.22520000000003,-0.41414903253173185,0,0,331.1486174568731,311.07338254312685,6.251805423590681,20.741951868350025,332.78,312.2,0,0,347.17,310.19,0,0,-0.70993296770262,-0.01840886079833163,Downtrend
2023-07-14 20:00:00,325.87,326.92,324.83,325.73,2007,74,0,59.2105263157896,2296.55,0.8739195750146959,0,4.226428571428564,1.2975251194021318,321.1975,1.4111255535924243,325.661,0.021187676755895495,327.02299999999997,-0.39538503408015635,0,0,331.3688692604082,311.0261307395918,6.333404998736415,20.67651118233615,332.78,312.2,0,0,347.17,310.19,0,0,-0.042961917328987465,-0.5161566184106033,Downtrend
2023-07-17 16:00:00,325.13,326.64,323.94,325.81,2305,74,0,75.4563106796119,2269.55,1.0156198365314708,0,3.8978571428571382,1.1963589646901993,321.3515,1.3874215617478105,325.471,0.10415674514780077,326.8261,-0.3108992825236401,0,0,331.7120715652126,310.99092843478735,6.448123979637647,24.26399764391066,332.78,312.2,0,0,347.17,310.19,0,0,0.024560218585945037,-0.7282145033516108,Downtrend
2023-07-17 20:00:00,325.7,327.03,324.6,326.8,2143,74,0,76.45076750280812,2282.55,0.9388622374099143,0,3.9957142857142776,1.222678789998249,321.5025,1.6477321327205898,325.3272,0.4527134527946039,326.6833,0.03572267085585248,0,0,332.097477707932,310.907522292068,6.5909146634517635,27.637026182443858,332.78,312.2,1,0,347.17,310.19,0,0,0.3038580767932286,0.28538987939976274,Uptrend
2023-07-18 16:00:00,328.08,337.84,326.71,334.91,2910,74,0,80.77040660348538,2337.2,1.2450795824062981,0,4.593571428571421,1.3715838370223106,322.14099999999996,3.9637922524608986,325.3278,2.94539845657211,326.6025,2.5436118829463963,0,0,334.31867914972634,309.9633208502736,7.560465230893537,31.25739217479725,337.84,312.2,1,0,347.17,310.19,0,0,2.4816401468788385,2.8182850827372383,Uptrend
2023-07-18 20:00:00,334.92,337.15,334.66,336.78,2830,74,0,82.09518282066169,2394.35,1.1819491720091049,0,4.551428571428561,1.3514545315721127,322.69950000000006,4.3633473246781955,325.39,3.5004148867512788,326.5443,3.1345517285097158,0,0,336.46775712319914,308.931242876801,8.533175367919117,34.16622029157849,337.84,312.2,1,0,347.17,310.19,0,0,0.5583589621092067,3.366993032749139,Uptrend
2023-07-19 16:00:00,334.16,345.36,329.8,341.95,3239,74,0,82.82293986636978,2452.55,1.3206662453364864,0,5.304999999999991,1.5513964029828897,323.742,5.62423164124518,325.5198,5.047373462382324,326.52465,4.724099696607892,0,0,339.94284806097295,307.5411519390271,10.008493220510733,35.797677805422516,345.36,312.2,1,0,347.17,310.19,1,0,1.5351267890017173,4.635862913096688,Uptrend
2023-07-19 20:00:00,341.98,343.14,339.03,339.03,2541,74,0,81.39534883720937,2480.45,1.0244108931847045,0,5.413571428571422,1.596782417063806,324.70799999999997,4.410732103921062,325.5274,4.147915044939373,326.4875,3.8416478425667018,0,0,342.1527900230229,307.26320997697707,10.744909286511515,36.957227152303,345.36,312.2,1,0,347.17,310.19,0,0,-0.8539260125749459,1.2301812427219097,Uptrend
2023-07-20 16:00:00,342.63,351.2,342.63,349.79,5006,74,0,84.75336322869963,2589.6,1.9331170837194935,0,5.886428571428569,1.6828464425594123,326.5625,7.112727272727279,325.746,7.381211127688457,326.4935,7.135364103726426,0,0,346.3596533041333,306.7653466958667,12.124572358512262,39.4598576503252,351.2,312.2,1,0,351.2,310.19,1,0,3.173760434179873,3.8630560009501895,Uptrend
2023-07-20 20:00:00,349.85,350.55,348.16,350.33,3352,74,0,84.40009176416616,2626.1,1.2764175012375767,0,5.894285714285709,1.6824952799605255,328.4455,6.663053687750328,325.908,7.493525780281542,326.4719,7.307857123384885,0,0,349.78305421785694,307.107945782143,12.993056210456203,43.8389751497267,351.2,312.2,1,0,351.2,310.19,1,0,0.15437834129048422,2.4506506799239642,Uptrend
2023-07-21 16:00:00,348.97,353.61,346.25,352.92,5302,74,0,82.64420622766727,2774.6,1.910906076551575,0,5.531428571428568,1.567332135166204,330.3525,6.83133925125434,326.1282,8.215112952513772,326.4536,8.10724709422718,0,0,353.30396171242313,307.4010382875769,13.89513426562421,44.97089764014957,353.61,313.66,1,0,353.61,310.19,1,0,0.7393029429395126,4.096982567914357,Uptrend
2023-07-21 20:00:00,352.89,354.66,350.65,351.49,4349,74,0,82.60204081632655,2875.9,1.5122222608574707,0,5.6171428571428565,1.5980946419934725,332.194,5.808653979301249,326.31239999999997,7.715796273754857,326.43725,7.6745990232426,0,0,355.74628217794304,308.641717822057,14.179835986166534,47.254979069071226,354.66,313.66,1,0,354.66,310.19,1,0,-0.4051909781253582,0.4860058892478311,Uptrend
2023-07-24 16:00:00,353.17,361.23,352.22,360.98,4499,68,0,85.55084745762713,3011.9,1.4937414920814103,0,6.105714285714287,1.6914273050347075,334.3245,7.972942455608255,326.77119999999996,10.46873163852875,326.45975,10.57412131204537,1,0,360.2052902547527,308.4437097452473,15.482437126057286,49.67488010044504,361.23,313.66,1,0,361.23,310.19,1,0,2.6999345642834793,3.039990865755155,Uptrend
2023-07-24 20:00:00,360.85,360.99,357.1,358.37,3916,68,0,80.76687742198654,3113.8,1.2576273363735628,0,6.152142857142857,1.7167014139416963,336.43899999999996,6.51856651577256,327.08799999999997,9.563787115394035,326.50335,9.759976429032042,0,0,362.94629702910964,309.9317029708903,15.757564984505173,53.413246869654586,361.23,313.66,1,0,361.23,310.19,1,0,-0.7230317469111847,1.544259322225997,Uptrend
2023-07-25 16:00:00,358.37,360.33,356.06,358.98,3984,68,0,84.99260198689493,3201.65,1.2443583777114924,0,6.024285714285712,1.6781675063473487,338.44849999999997,6.066358692681472,327.4808,9.618640237839909,326.5696,9.924500014698259,0,0,365.4119155848247,311.4850844151752,15.933541194494738,55.89947629608347,361.23,318.38,1,0,361.23,310.19,1,0,0.1702151407762864,2.1309283336652562,Uptrend
2023-07-25 20:00:00,359.09,359.26,353.42,354.27,2303,68,0,77.50578257517338,3211.3,0.7171550462429546,0,6.292142857142851,1.7760868425615635,340.145,4.15264078554734,327.7864,8.079529840164195,326.61235,8.468035577956556,0,0,366.5754939516136,313.71450604838634,15.540721722567518,57.765160580419455,361.23,323.94,1,0,361.23,310.19,1,0,-1.3120508106301276,-1.8588287439747455,Uptrend
2023-07-26 16:00:00,355.33,358.32,353.77,357.05,3126,68,0,78.61854159032606,3168.9,0.9864621793051216,0,6.42428571428571,1.7992678096305028,341.63050000000004,4.513502160960444,328.1716,8.799786453184858,326.65375,9.305342430631827,0,0,368.36856313104914,314.89243686895094,15.653206099015806,58.08685852391903,361.23,323.94,1,0,361.23,310.19,1,0,0.7847122251390282,-0.3683344029913199,Uptrend
2023-07-26 20:00:00,356.95,359.9,354.78,357.0,3719,68,0,78.15063385533175,3233.95,1.1499868581765333,0,6.616428571428571,1.8533413365346136,343.184,4.025828709963161,328.69440000000003,8.611524869301078,326.69669999999996,9.275667614640748,0,0,369.6905540256699,316.67744597433017,15.447429965074043,58.420249309798464,361.23,323.94,1,0,361.23,310.19,1,0,-0.014003640946647078,-0.5515627611566154,Uptrend
2023-07-27 16:00:00,357.95,360.18,355.57,357.99,2726,68,0,74.80653482373162,3255.85,0.837262158883241,0,6.150714285714287,1.718124608428807,344.7125,3.851760525075253,329.25,8.728929384965834,326.78025,9.550684290130748,0,0,370.9154543332319,318.5095456667681,15.202787443583798,57.15960359152622,361.23,323.94,1,0,361.23,310.19,1,0,0.2773109243697558,1.0500465746464638,Uptrend
2023-07-27 20:00:00,357.83,358.19,353.68,354.21,3804,68,0,67.9950443939706,3330.05,1.1423251903124576,0,6.2950000000000035,1.7771943197538196,346.01300000000003,2.3689861363590228,329.779,7.408294645808248,326.8935,8.356391301754229,0,0,371.33218024780854,320.69381975219153,14.63481444212125,55.54667054523331,361.23,323.94,1,0,361.23,310.19,1,0,-1.0558954160730827,-0.795406805769509,Uptrend
2023-07-28 16:00:00,353.96,354.88,351.05,353.49,2851,68,0,63.119599818099104,3345.6,0.8521640363462458,0,5.45714285714286,1.5437898829225325,347.394,1.7547798753000925,330.3584,7.001971192498811,327.02515,8.092603886887604,0,0,371.04524267348256,323.74275732651745,13.616379484667299,54.35884024896928,361.23,323.94,0,0,361.23,310.19,0,0,-0.20326924705682536,-0.9831932773109219,Uptrend
2023-07-28 20:00:00,353.15,353.36,351.05,352.64,2549,68,0,66.23717489859217,3372.7,0.7557743054526048,0,5.337857142857144,1.5136845346123937,348.7395,1.1184566130306333,330.9982,6.538343713047379,327.1692,7.785207164977631,0,0,370.15786543470807,327.32113456529197,12.28330340251566,53.171009952705255,361.23,323.94,0,0,361.23,310.19,0,0,-0.24045941893688916,-1.4944551523785643,Uptrend
2023-07-31 16:00:00,354.46,356.67,353.36,355.25,2069,68,0,58.08649289099519,3360.9,0.6156089142789134,0,4.7564285714285734,1.3388961495928426,350.2115,1.4387020414806477,331.7212,7.092944315889365,327.36220000000003,8.518943237795924,0,0,368.8625011301767,331.5604988698233,10.651278516083408,50.23701900418645,361.23,324.6,1,0,361.23,310.19,1,0,0.7401315789473673,0.2936111346376501,Uptrend
2023-07-31 20:00:00,355.25,355.86,353.78,355.38,2258,68,0,57.57121439280358,3366.65,0.670696389586087,0,4.73428571428572,1.3321756188546683,351.64050000000003,1.0634440572118296,332.529,6.871881850906236,327.5609,8.492802407124902,0,0,366.78964272370274,336.4913572762973,8.616267309199428,47.37476454388043,361.23,326.71,1,0,361.23,310.19,1,0,0.03659394792399073,0.5346685903420143,Uptrend
2023-08-01 16:00:00,355.8,355.98,352.67,354.76,2091,68,0,52.931803696622,3325.7,0.6287398141744596,0,4.445000000000006,1.252959747434887,352.633,0.6031766737656458,333.337,6.426829304877647,327.7239,8.249657714924048,0,0,365.61257115502576,339.6534288449742,7.3615181534489285,45.103451698310195,361.23,329.8,1,0,361.23,310.19,1,0,-0.17446114018796477,0.6011796733212355,Uptrend
2023-08-01 20:00:00,354.73,357.46,353.97,357.14,1744,68,0,58.73801422827088,3271.4,0.5331050926208962,0,4.407857142857141,1.234209873678989,353.65099999999995,0.98656585164471,334.2136,6.85980462793854,327.90755000000007,8.914845053125465,0,0,364.3968484517195,342.9051515482804,6.0770920776242985,42.332781083548,361.23,329.8,1,0,361.23,310.19,1,0,0.6708760852407236,0.5320197044334938,Uptrend
2023-08-02 16:00:00,353.19,354.4,348.27,350.18,3114,68,0,31.879194630872533,3265.15,0.9537080991684914,0,4.345714285714284,1.2409944273557267,354.0625,-1.096557811120916,334.9796,4.537709161990761,328.0509,6.745630022658067,0,0,363.46849780654856,344.65650219345144,5.313184992225133,40.66561607204577,361.23,339.03,0,0,361.23,310.19,0,0,-1.9488155905247218,-1.46322246609263,Uptrend
2023-08-02 20:00:00,350.2,352.23,350.18,350.63,2349,68,0,35.99855282199714,3255.55,0.7215370674693984,0,4.214285714285714,1.201918179929189,354.64250000000004,-1.131421078973909,335.7028000000001,4.446552128847276,328.27745000000004,6.809042168446218,0,0,361.1203777388859,348.1646222611142,3.653187499459803,38.645717526433586,361.23,342.63,0,0,361.23,310.19,0,0,0.12850534011079606,-1.1641673243883175,Uptrend
2023-08-03 16:00:00,348.85,354.41,348.34,354.03,2497,68,0,41.866579033848126,3130.1,0.7977380914347785,0,4.342857142857148,1.2266918461308782,354.85450000000003,-0.2323487513896702,336.5212,5.202881720378969,328.5127,7.767523142940891,0,0,360.92866089071316,348.7803391092869,3.4234656123640144,36.13470218932081,361.23,346.25,1,0,361.23,310.19,1,0,0.9696831417733698,-0.8708069664557354,Uptrend
2023-08-03 20:00:00,354.02,354.77,352.24,352.59,2064,68,0,46.90721649484535,3065.7,0.6732557001663568,0,4.106428571428576,1.1646469189224244,354.96750000000003,-0.6697796277124115,337.31980000000004,4.526920744053545,328.71569999999997,7.262902258699541,0,0,360.7650453063258,349.16995469367424,3.2665217555555293,33.4917206459054,361.23,346.25,0,1,361.23,311.29,0,0,-0.4067451910855002,0.6882174881489429,Uptrend
2023-08-04 16:00:00,355.4,358.29,353.5,357.94,2960,68,0,51.49680457450384,2948.6,1.003866241606186,0,4.188571428571436,1.1701881400713627,355.2185,0.7661481595130861,338.2128,5.832777470279062,328.96184999999997,8.808969793913803,0,0,361.0771554052826,349.3598445947174,3.2986206547702914,29.513992612621838,361.23,348.27,1,0,361.23,311.29,1,0,1.5173430897075901,2.0848187548127664,Uptrend
2023-08-04 20:00:00,357.94,358.31,352.01,352.89,2799,68,0,44.08292542470485,2871.1,0.9748876737139076,0,4.27285714285715,1.2108184258146024,355.2885,-0.6750851772573593,338.7906,4.161685713830314,329.14854999999994,7.212989393390931,0,0,360.9909547807298,349.5860452192702,3.210041856536192,26.303275492292695,361.23,348.27,0,1,361.23,312.15,0,0,-1.410850980611278,-0.3220066096093513,Uptrend
2023-08-07 16:00:00,356.52,357.04,352.95,354.62,1586,68,0,45.24950662531717,2725.45,0.5819222513713332,0,4.240000000000009,1.1956460436523628,354.9705,-0.09874059957095332,339.4284,4.475641991064977,329.34824999999995,7.67326075058849,0,0,360.00703379136206,349.93396620863797,2.837719636624478,23.984906694314304,360.99,348.27,1,1,361.23,312.2,1,0,0.49023775114058754,0.5757395274965341,Uptrend
2023-08-07 20:00:00,354.62,356.19,354.56,355.09,1460,68,0,51.368159203980085,2602.65,0.5609667070101627,0,4.034285714285724,1.1361304779874748,354.8065,0.07990270753211871,340.0546,4.421466435096005,329.58585000000005,7.738241796484867,0,0,359.5838909417672,350.02910905823285,2.6929557050207253,21.661141062529257,360.33,348.27,1,1,361.23,312.2,1,0,0.1325362359708926,-0.7962228306420134,Uptrend
2023-08-08 16:00:00,349.27,349.58,341.7,345.83,2342,69,0,40.58968058968056,2520.55,0.9291622860090059,0,4.717142857142867,1.3640062623667313,354.149,-2.3490112918573867,340.5284,1.5568745514324234,329.78385,4.8656567021095825,0,0,360.00561623159354,348.29238376840647,3.307430619086054,21.74511728406545,360.18,341.7,0,1,361.23,312.2,0,0,-2.607789574474073,-2.000623423729775,Uptrend
2023-08-08 20:00:00,345.95,348.8,345.95,347.79,2038,68,0,44.199952164553984,2507.3,0.8128265464842659,0,4.755000000000011,1.3672043474510513,353.825,-1.705645446195144,340.972,1.9995776779325107,330.00815,5.3883063191015195,0,0,360.33406250828773,347.31593749171225,3.679255286250401,21.82909350560164,360.18,341.7,0,1,361.23,312.2,0,0,0.5667524506260513,-1.9260053014494343,Uptrend
2023-08-09 16:00:00,346.46,348.01,341.99,343.55,1853,68,0,36.53314917127073,2443.65,0.7582918994127636,0,4.897142857142866,1.4254527309395622,353.15,-2.7183916182925008,341.421,0.6235703134839449,330.1721,4.0517960178949135,0,0,360.9272948889334,345.3727051110666,4.404527758138693,24.22532627037085,360.18,341.7,0,1,361.23,312.2,0,0,-1.2191264843727567,-3.2498803120335586,Uptrend
2023-08-09 20:00:00,343.44,345.24,342.08,342.18,1563,68,0,35.22829006266787,2335.85,0.6691354324978059,0,4.974285714285721,1.453704399522392,352.409,-2.9025932935878442,341.8704,0.09056063350321905,330.34065000000004,3.5839821711315176,0,0,361.37497991239275,343.44302008760724,5.08839440104694,26.621559035140052,360.18,341.7,0,1,361.23,312.2,0,0,-0.3987774705283109,-1.0554318595841823,Uptrend
2023-08-10 16:00:00,344.62,346.74,339.99,340.52,2403,68,0,34.42694663167104,2319.7,1.035909815924473,0,5.220000000000007,1.5329496064842028,351.5355,-3.1335384335294814,342.4268,-0.556848938225639,330.49805,3.0323779520030465,0,0,361.5542980684711,341.5167019315289,5.7000206627615615,29.109088096926534,358.31,339.99,0,1,361.23,312.2,0,0,-0.4851247881232146,-2.0903418729693315,Uptrend
2023-08-10 20:00:00,340.41,342.1,339.32,340.08,2270,68,0,30.516217450890835,2243.0,1.012037449843959,0,5.169285714285727,1.5200204993783013,350.829,-3.0638858247180316,342.9749999999999,-0.8440848458342228,330.6107,2.864184371528198,0,0,361.98228773807887,339.67571226192115,6.358247315973799,31.988908143356213,358.31,339.32,0,1,361.23,312.2,0,0,-0.12921414307529577,-1.010042206374626,Uptrend
2023-08-11 16:00:00,338.13,341.36,336.94,340.05,1720,68,0,36.25508819538671,2186.45,0.7866633126757987,0,4.851428571428585,1.4266809502804247,350.15700000000004,-2.886419520386577,343.48040000000003,-0.998717830769971,330.72665,2.819050112834876,0,0,362.21784940711115,338.09615059288893,6.888823817379692,33.135054054001394,358.31,336.94,0,1,361.23,312.2,0,0,-0.008821453775575971,-0.6224793968086958,Uptrend
2023-08-11 20:00:00,340.02,340.99,338.1,340.22,1763,68,0,35.767022149302775,2147.15,0.8210884195328692,0,4.911428571428583,1.4436037186022521,349.53599999999994,-2.665247642589009,343.99159999999995,-1.096422121935513,330.8432,2.8342127025733044,0,0,362.3160854951412,336.7559145048587,7.312600416060857,34.28119996464657,358.31,336.94,0,1,361.23,312.2,0,0,0.04999264813998483,-0.08810055209677979,Uptrend
2023-08-14 16:00:00,336.1,338.05,334.48,336.58,1579,68,0,26.29720184732419,2122.65,0.7438814689185688,0,4.887857142857151,1.4522125922090294,348.60249999999996,-3.448770447716233,344.35580000000004,-2.2580714481940074,330.9343,1.7059881674398745,0,0,362.3184144983584,334.88658550164155,7.869085562127877,37.06923928528987,358.31,334.48,0,1,361.23,313.66,0,0,-1.0698959496796334,-1.0291696071512586,Uptrend
2023-08-14 20:00:00,336.57,337.69,335.28,337.32,1388,68,0,28.856272500692427,2079.15,0.6675805016473078,0,4.879285714285727,1.4464857447781712,347.6995,-2.985192673558635,344.7806,-2.1638688487693334,331.0285,1.9005916409010055,0,0,361.90588918529875,333.49311081470125,8.171647750600014,40.74331727121677,358.31,334.48,0,1,361.23,313.66,0,0,0.21985857745558945,-0.80282311424791,Uptrend
2023-08-15 16:00:00,331.78,332.31,329.88,330.85,1835,68,0,13.61804995971002,2066.35,0.8880392963437946,0,5.003571428571438,1.512338349273519,346.504,-4.5176967654053035,345.0218,-4.107508569023743,331.11685,-0.08059088506065962,0,0,362.1589819210158,330.8490180789842,9.035960289645027,47.15392446337736,358.31,329.88,0,1,361.23,313.66,0,0,-1.9180600023716243,-2.7541002880489107,Downtrend
2023-08-15 20:00:00,330.85,332.85,330.68,331.93,1994,68,0,18.490679494888838,2078.85,0.9591841643216201,0,4.708571428571438,1.4185434966925068,345.2435,-3.856263767456875,345.2536,-3.859076342723146,331.19735000000003,0.2212125187595789,0,0,361.345951300802,329.14104869919794,9.328170581518288,52.48036677461518,358.31,329.88,0,1,361.23,313.66,0,0,0.32643191778751746,-1.3815437637411543,Uptrend
2023-08-16 16:00:00,330.58,332.4,329.18,330.3,1419,68,0,13.329312424607991,1994.1,0.711599217692192,0,4.642142857142862,1.4054322909908756,344.2495,-4.05214822388994,345.3128,-4.3475944129496416,331.26660000000004,-0.2917891510946253,0,0,361.483498802855,327.015501197145,10.01250476927636,57.75699338685194,358.31,329.18,0,1,361.23,318.38,0,0,-0.49106739372759556,-2.0811099252934846,Downtrend
2023-08-16 20:00:00,330.2,330.73,328.09,328.67,2286,68,0,11.509324009324132,1990.95,1.1481955850222256,0,4.714285714285722,1.4343523030047531,343.1515,-4.2201476607271085,345.36760000000004,-4.834732615335087,331.3379,-0.8051901095528083,0,0,361.4398273385532,324.8631726614468,10.659039717765003,63.54634779667809,358.31,328.09,0,1,361.23,323.94,0,1,-0.49349076597032804,-0.6589088710896197,Downtrend
2023-08-17 16:00:00,330.13,333.56,328.88,332.24,2070,68,0,26.26615438351388,1969.6,1.050974817221771,0,4.107142857142866,1.2361975852223892,342.062,-2.8714092766808363,345.464,-3.827895236551418,331.45910000000003,0.235594678197091,0,0,360.21733976837754,323.9066602316225,10.615233360254884,65.44559464647031,358.31,328.09,0,1,361.23,323.94,0,0,1.086195880366314,0.09339318531015643,Uptrend
2023-08-17 20:00:00,332.24,332.68,323.73,326.81,2678,68,0,17.320872274143298,2000.3,1.3387991801229815,0,4.53428571428572,1.3874378734695145,340.773,-4.097449034988107,345.43619999999993,-5.392081084727058,331.5397500000001,-1.4266011843225674,0,0,359.43470872754017,322.1112912724599,10.952574721318967,67.80064226136012,358.31,323.73,0,1,361.23,323.73,0,1,-1.6343607031061858,-1.0566151983045744,Downtrend
2023-08-18 16:00:00,325.1,327.32,324.1,324.87,1856,68,0,18.65771812080537,1945.1,0.9541925864994089,0,4.334285714285719,1.3341600376414318,339.1195,-4.201911125724121,345.41619999999995,-5.948244465661989,331.6035,-2.030587735051045,0,0,357.22881888631616,321.01018111368387,10.680199095785495,68.36905579221737,358.31,323.73,0,1,361.23,323.73,0,1,-0.5936170863804602,-1.1561748866644388,Downtrend
2023-08-18 20:00:00,324.68,325.01,322.76,324.55,2047,68,0,19.339130434782618,1907.5,1.073132372214941,0,4.269285714285717,1.3154477628364556,337.7025,-3.8947002169068856,345.3926,-6.034466285612374,331.63160000000005,-2.1353815498885016,0,0,355.7097276424882,319.6952723575118,10.664550983476998,69.06135654170025,357.04,322.76,0,1,361.23,322.76,0,1,-0.09850093883707611,-2.3145918613050798,Downtrend
2023-08-21 16:00:00,323.98,324.42,318.88,319.9,1775,68,0,17.517328292375552,1916.95,0.9259500769451472,0,4.192142857142861,1.310454159782076,335.9665,-4.782173222627857,345.27439999999996,-7.34905339057862,331.6395,-3.539837685197336,0,0,353.8001727923086,318.1328272076914,10.616339898358092,70.86425501361279,356.19,318.88,0,1,361.23,318.88,0,1,-1.432753042674484,-2.114378384994347,Downtrend
2023-08-21 20:00:00,319.74,322.95,319.66,321.58,1864,68,0,21.95269860521529,1937.15,0.9622383398291304,0,4.228571428571428,1.314936074560429,334.291,-3.8023757744001525,345.17,-6.834313526668027,331.66125,-3.039622506397721,0,0,350.8077001929299,317.7742998070701,9.881630192215688,72.12027064807363,349.58,318.88,0,1,361.23,318.88,0,1,0.5251641137855589,-1.0127127774186662,Downtrend
2023-08-22 16:00:00,321.32,322.03,317.9,318.36,1428,68,0,20.01658833287256,1891.45,0.7549763409024822,0,4.207857142857141,1.3217292193922416,332.91749999999996,-4.372704949424392,344.839,-7.678655836491807,331.66335,-4.011100412511652,0,0,349.9544553432646,315.8805446567353,10.234941295224585,73.63879981919214,348.8,317.9,0,1,361.23,317.9,0,1,-1.0013060513713423,-1.907256200893544,Downtrend
2023-08-22 20:00:00,318.32,319.91,317.9,318.45,1598,68,0,19.83929066223324,1869.45,0.8547968653882158,0,4.145000000000002,1.3016172083529605,331.45050000000003,-3.9223051405866167,344.4724,-7.554277207695017,331.6551,-3.9815760408930894,0,0,348.144654634103,314.75634536589706,10.073392337077767,75.15732899031069,348.01,317.9,0,1,361.23,317.9,0,1,0.028269883151144093,-0.45326664582681736,Downtrend
2023-08-23 16:00:00,318.29,320.93,318.29,319.88,1199,68,0,25.354191263282132,1836.75,0.6527834490268136,0,3.923571428571429,1.2265760374426127,330.267,-3.1450311414703864,344.031,-7.020006917981231,331.65340000000003,-3.549910840654743,0,0,346.70357935984873,313.83042064015126,9.953509953975866,74.97442604066966,346.74,317.9,0,1,361.23,317.9,0,1,0.4490500863557845,-0.528639840786115,Downtrend
2023-08-23 20:00:00,319.83,322.11,319.79,321.92,1491,68,0,28.112563956793636,1833.15,0.8133540626789951,0,3.9171428571428555,1.2168063050269804,329.254,-2.2274596512115274,343.68880000000007,-6.333869477271314,331.6628,-2.937561885143582,0,0,345.0853139395505,313.42268606044956,9.61647478211378,74.11934842341834,346.74,317.9,0,1,361.23,317.9,0,1,0.6377391521820819,1.1182309335343643,Downtrend
2023-08-24 16:00:00,323.0,326.93,320.33,320.39,1840,68,0,32.7050264550264,1805.0,1.0193905817174516,0,3.857142857142857,1.2038899020390328,328.2475,-2.3937729914165424,343.1008,-6.619279232225633,331.6612,-3.3984077727512356,0,0,343.61583227263384,312.87916772736617,9.363868588570416,68.8470579125852,342.1,317.9,0,1,361.23,317.9,0,1,-0.4752733598409664,0.6092008164547018,Downtrend
2023-08-24 20:00:00,320.39,320.72,318.87,319.51,1604,68,0,29.327563249001315,1771.7,0.9053451487272112,0,3.834285714285715,1.2000518651327705,327.219,-2.35591454041483,342.48439999999994,-6.708159554128583,331.63399999999996,-3.6558374593678478,0,0,341.9949504458739,312.4430495541261,9.031230121645681,64.32378950512506,341.36,317.9,0,1,361.23,317.9,0,1,-0.27466525172445966,-0.11566837564086674,Downtrend
2023-08-25 16:00:00,320.95,321.16,317.73,319.38,2144,68,0,30.868955851436567,1792.9,1.1958279881755813,0,3.8492857142857173,1.205236932270561,326.1855,-2.086389493095185,341.8136,-6.563109250187825,331.597,-3.6842914742895703,0,0,340.045812861965,312.325187138035,8.498423665040281,59.53799378304189,340.99,317.73,0,1,361.23,317.73,0,1,-0.040687302431852146,-0.7890159045725709,Downtrend
2023-08-25 20:00:00,319.38,321.83,317.87,319.72,1993,68,0,33.577981651376206,1804.4,1.1045222788738638,0,3.943571428571427,1.2334453360976563,325.1605,-1.6731737095987937,341.1782,-6.289440532835913,331.5719,-3.5744585111102594,0,0,337.61113765012493,312.7098623498751,7.658148914228461,54.2617385385142,338.05,317.73,0,1,361.23,317.73,0,1,0.10645625900183031,-0.20912013483565628,Downtrend
2023-08-28 16:00:00,322.5,326.09,322.5,325.11,1871,68,0,37.73649810801516,1819.0,1.028587135788895,0,4.04928571428571,1.2455125078544829,324.587,0.16112783321575558,340.46079999999995,-4.508830385172078,331.5672,-1.947478520191382,0,0,335.82000419112654,313.35399580887344,6.921413483057888,50.45494860603499,337.69,317.73,0,0,361.23,317.73,0,0,1.685850118853982,1.752683797064262,Downtrend
2023-08-28 20:00:00,324.99,326.06,323.66,325.58,1651,68,0,47.449191206968024,1832.15,0.9011270911224517,0,3.5814285714285665,1.1000149184312815,324.0,0.48765432098764944,339.805,-4.18622445225939,331.59340000000003,-1.8134860344023875,0,0,333.52914863375435,314.47085136624565,5.8821905146631766,46.489632896129514,333.56,317.73,0,0,361.23,317.73,0,0,0.14456645443079452,1.9412611935625241,Downtrend
2023-08-29 16:00:00,324.72,331.87,324.23,331.12,2050,68,0,61.277517141826046,1842.9,1.112377231537251,0,3.8971428571428532,1.1769578573154305,324.0135,2.1932728111637267,339.2478,-2.3958298329421677,331.6379,-0.15616429847131386,0,0,333.5841839111052,314.44281608889486,5.90758342544688,44.16202786700581,333.56,317.73,1,0,360.99,317.73,0,0,1.7015787210516775,3.5656199174277416,Downtrend
2023-08-29 20:00:00,331.13,332.33,330.88,331.89,1911,68,0,63.032670454545396,1838.75,1.039292997960571,0,3.8399999999999954,1.1570098526620252,324.0115,2.4315494974715324,338.80019999999996,-2.039609185590792,331.69949999999994,0.05743150049971217,0,0,333.5752325349453,314.4477674650547,5.903329070076403,42.26100289361112,333.56,317.73,1,0,360.33,317.73,0,0,0.2325440927760214,2.0854480022146267,Uptrend
2023-08-30 16:00:00,330.11,331.48,327.33,328.61,1475,69,0,66.25606569615536,1841.55,0.8009557166517336,0,3.76071428571428,1.1444308711586013,323.927,1.4456960981949614,338.2314,-2.844620576327329,331.73724999999996,-0.9426888297892224,0,0,333.2844267717918,314.56957322820824,5.777491083973722,39.703257096282904,333.56,317.73,1,0,360.18,317.73,0,0,-0.9882792491488046,0.9306468456293475,Downtrend
2023-08-30 20:00:00,328.64,329.12,327.33,328.04,1870,68,0,62.57788161993779,1820.75,1.0270492928738157,0,3.653571428571427,1.1137579040883512,323.89549999999997,1.2795793705068612,337.6522,-2.8467754689588793,331.76810000000006,-1.1237065890301208,0,0,333.18972792014216,314.6012720798578,5.73902874238277,37.186469271818915,333.56,317.73,1,0,360.18,317.73,0,0,-0.17345789842061476,-0.9301763711041267,Downtrend
2023-08-31 16:00:00,328.85,330.03,326.73,327.37,1347,68,0,69.4768698659749,1784.6,0.7547909895774964,0,3.59428571428571,1.0979276397610378,323.652,1.1487647226032955,337.03979999999996,-2.8690380186553495,331.79504999999995,-1.3336696855483354,0,0,332.2552224072986,315.04877759270136,5.316341259932663,35.298603653656606,332.68,317.73,1,0,360.18,317.73,0,0,-0.20424338495306227,-1.3618970140709217,Downtrend
2023-08-31 20:00:00,327.38,328.04,325.58,327.12,1351,68,0,68.6131386861314,1718.25,0.7862650953004511,0,3.626428571428566,1.1085927401041105,323.66749999999996,1.066681084755202,336.49800000000005,-2.7869407841948663,331.81255,-1.4142171536308625,0,0,332.29575926214017,315.03924073785976,5.331557392781299,32.96605958708311,332.33,317.73,1,0,360.18,317.73,0,0,-0.076366191159849,-0.4534250327135537,Downtrend
2023-09-01 16:00:00,330.57,331.01,325.67,327.19,1974,68,0,66.66666666666666,1724.15,1.1449119856161005,0,3.819285714285708,1.1672990355101647,323.7835,1.0520919070922372,335.972,-2.6139083018822946,331.82620000000003,-1.3971771969784272,0,0,332.54123889347517,315.02576110652484,5.409626428446888,31.68871321655619,332.33,317.73,1,0,358.31,317.73,0,0,0.021398875030564923,-0.2591147421046283,Downtrend
2023-09-01 20:00:00,327.1,327.63,326.28,326.83,1631,68,0,62.12345679012338,1703.35,0.9575248774473831,0,3.749999999999996,1.1473854909280041,323.8975,0.9053790165098542,335.45579999999995,-2.5713670772721686,331.82495,-1.5052966933318357,0,0,332.75602755971823,315.0389724402817,5.469957353618509,30.789725204743316,332.33,317.73,1,0,358.31,317.73,0,0,-0.11002781258596661,-0.16495097290528163,Downtrend
2023-09-05 16:00:00,326.95,327.81,322.2,323.22,1904,68,0,56.33676668159438,1709.8,1.1135805357351738,0,3.6792857142857094,1.1383224163992665,324.06350000000003,-0.26028849284168254,334.81519999999995,-3.4631641574217427,331.80580000000003,-2.587597926256866,0,0,332.72894322673466,315.3980567732654,5.347990888658934,30.517952384179353,332.33,317.73,0,1,358.31,317.73,0,1,-1.1045497659333492,-1.1922230374174545,Downtrend
2023-09-05 20:00:00,323.23,324.14,322.18,323.29,1570,68,0,58.782527881041,1695.1,0.9261990443041709,0,3.6871428571428493,1.1405063123334618,324.149,-0.2650015887755262,334.1734,-3.2568121819390754,331.7693,-2.555781984650167,0,0,332.744731866209,315.553268133791,5.30356833814635,30.185562358465216,332.33,317.73,0,1,358.31,317.73,0,1,0.021657075676007054,-1.191967969681218,Downtrend
2023-09-06 16:00:00,322.4,323.65,318.88,318.95,1688,68,0,49.16439953361833,1708.1,0.9882325390785084,0,3.782857142857133,1.18603453295411,324.17850000000004,-1.6128460092202455,333.4572,-4.350543338095568,331.71445000000006,-3.848023503347552,0,0,332.6942569741085,315.6627430258916,5.2537456827694955,29.326727529040415,332.33,317.73,0,1,358.31,317.73,0,1,-1.342447956942694,-2.4110393782700474,Downtrend
2023-09-06 20:00:00,318.95,321.9,318.84,320.72,1534,68,0,51.840942562592055,1704.9,0.8997595166871957,0,3.7185714285714204,1.1594448205822587,324.29200000000003,-1.1014764471525669,332.7288,-3.6091856190386737,331.66094999999996,-3.2988357538021678,0,0,332.54266402431205,316.041335975688,5.0884166271829185,28.762023770424896,332.33,317.73,0,1,358.31,317.73,0,1,0.5549459162878412,-0.7734669884289338,Downtrend
2023-09-07 16:00:00,322.6,323.59,320.46,321.74,1614,68,0,42.60640631856075,1725.65,0.9352997421261553,0,3.4871428571428527,1.0838387695477256,324.38500000000005,-0.815389120951967,332.16,-3.1370423892100234,331.61080000000004,-2.9766219918048598,0,0,332.4664654741884,316.3035345258117,4.982638207184887,28.35342358538684,332.33,317.73,0,1,358.31,317.73,0,1,0.3180344225492515,-0.4794456989081046,Downtrend
2023-09-07 20:00:00,321.74,322.49,320.98,321.61,1519,68,0,41.15812917594661,1727.05,0.8795344662864423,0,3.423571428571425,1.0645102542120657,324.3695,-0.8507273341050878,331.57959999999997,-3.0066988439578184,331.54415,-2.996327940034529,0,0,332.4720336518227,316.26696634817733,4.995866536047737,27.647548412677455,332.33,317.73,0,1,358.31,317.73,0,1,-0.04040529620189526,0.8339865182630585,Downtrend
2023-09-08 16:00:00,321.16,325.45,320.88,324.01,1494,68,0,31.58984981874667,1709.75,0.8738119608129844,0,3.204285714285711,0.9889465492687606,324.5505,-0.1665380272099438,330.9792,-2.105630807011438,331.48184999999995,-2.254075147704154,0,1,332.43759932671355,316.66340067328645,4.8603217845688444,26.622171365798373,332.33,317.73,0,1,358.31,317.73,0,1,0.7462454525667628,1.0258169119481053,Downtrend
2023-09-08 20:00:00,324.03,325.22,323.31,324.99,1380,68,0,32.32581967213119,1698.55,0.8124576844955992,0,3.2371428571428567,0.996074604493325,324.8245,0.05095059024181016,330.4272,-1.6455061810892135,331.413,-1.938065193580216,0,0,332.3466090967314,317.3023909032686,4.631491218631237,25.224219487162742,332.33,317.73,0,0,358.31,317.73,0,0,0.3024598006234447,1.010132405047554,Downtrend
2023-09-11 16:00:00,329.15,329.56,324.66,326.25,1321,68,0,43.257142857142824,1657.4,0.7970314951128272,0,3.2614285714285693,0.9996715927750404,325.168,0.33275107021600947,329.79339999999996,-1.0744302342011585,331.3482,-1.5386231161056614,0,0,332.25831541128815,318.07768458871186,4.361016712153807,23.536478937582253,332.33,317.87,1,0,358.31,317.73,0,0,0.38770423705345447,1.4427412082957578,Downtrend
2023-09-11 20:00:00,326.38,326.54,323.9,324.17,1261,68,0,39.82114676486058,1620.8,0.7780108588351432,0,3.3221428571428566,1.0248150221003969,325.39050000000003,-0.37508777914537006,329.219,-1.5336295900297305,331.295,-2.1506512322854254,0,0,332.0256519238525,318.7553480761476,4.078270216157169,21.574182402996858,332.33,318.84,0,1,358.31,317.73,0,0,-0.6375478927203027,0.049381191938528135,Downtrend
2023-09-12 16:00:00,324.88,333.31,324.76,333.22,1816,68,0,60.67907995618843,1618.05,1.122338617471648,0,3.739285714285716,1.122167251151106,325.796,2.2787265650898214,328.791,1.347056336700223,331.2931,0.5816299826347262,0,0,333.29412158933104,318.29787841066894,4.602954971412202,20.477656255401254,333.31,318.84,1,0,358.31,317.73,0,0,2.791745072030105,2.532385611864986,Uptrend
2023-09-12 20:00:00,333.34,334.86,330.12,330.41,2657,68,0,55.492487479131924,1668.35,1.5925914826025716,0,3.9021428571428567,1.1810002291525246,326.0375,1.3411034006824374,328.29740000000004,0.6435018979742105,331.27525,-0.2611876377725179,0,0,333.8123525117149,318.26264748828515,4.769299550950347,20.463244637460054,334.86,318.84,1,0,357.04,317.73,0,0,-0.8432867174839487,1.2750957854406209,Downtrend
2023-09-13 16:00:00,333.87,336.49,330.31,335.62,1812,68,0,62.011969222000594,1656.45,1.0939056415829032,0,3.962142857142859,1.1805443230864843,326.2625,2.86808934523582,328.0932,2.2941042362353072,331.2713,1.3127306832798398,0,0,334.87228115743477,317.6527188425652,5.2778245476785,19.97504539493388,336.49,318.84,1,0,356.19,317.73,0,0,1.5768287884749155,3.532097356325381,Uptrend
2023-09-13 20:00:00,335.68,336.38,332.24,334.65,1883,68,0,60.95238095238095,1655.05,1.1377299779462857,0,4.161428571428571,1.2435166805404367,326.4005,2.527416471482107,327.8304,2.080221968432452,331.25805,1.0239600214998403,0,0,335.4664582476063,317.33454175239376,5.555112965578337,19.647135144415888,336.49,318.84,1,0,349.58,317.73,0,0,-0.28901734104046506,0.42914590960925214,Uptrend
2023-09-14 16:00:00,337.64,343.53,336.37,343.18,1878,68,0,74.56917774495317,1675.2,1.1210601719197708,0,4.394999999999998,1.2806690366571472,327.129,4.906627049268022,327.82300000000004,4.684540132937582,331.28409999999997,3.5908454405146646,0,0,338.8849891119366,315.37301088806345,7.187372022618948,23.841070725029187,343.53,318.84,1,0,348.8,317.73,1,0,2.5489317197071593,3.864895130292661,Uptrend
2023-09-14 20:00:00,343.18,344.75,342.9,344.16,2218,68,0,75.12641464001922,1692.6,1.3104100200874396,0,4.387142857142858,1.274739323902504,327.935,4.94762681628982,327.86260000000004,4.970801793190191,331.30730000000005,3.8793893162028024,0,0,341.94776035017907,313.92223964982094,8.546059646075634,27.6751537328017,344.75,318.84,1,0,348.01,317.73,1,0,0.28556442683140837,2.54454442524284,Uptrend
2023-09-15 16:00:00,343.14,345.59,342.36,344.36,1638,68,0,83.979673709548,1707.15,0.9594938933309902,0,4.277142857142857,1.24205565604102,328.78450000000004,4.737297530753419,327.93940000000003,5.007205599571133,331.3224000000001,3.9350191837315975,0,0,344.59739477143904,312.97160522856103,9.619002581593113,33.46879980677389,345.59,318.84,1,0,346.74,317.73,1,0,0.058112505811247495,2.90153892126103,Uptrend
2023-09-15 20:00:00,344.37,344.4,341.18,341.97,1676,68,0,77.9531702183636,1723.4,0.972496228385749,0,4.288571428571426,1.2540782608332384,329.52700000000004,3.776018353579519,327.97720000000004,4.266394127396656,331.31270000000006,3.216689248555809,0,0,346.3717213034068,312.6822786965933,10.223575794036144,38.92876214736826,345.59,318.84,1,0,346.74,317.73,1,0,-0.6940411197583929,-0.3525846494550905,Uptrend
2023-09-18 16:00:00,342.2,343.12,338.59,342.61,1400,68,0,77.73053414828595,1694.7,0.8261049153242461,0,4.388571428571429,1.2809233322353195,330.298,3.7275430066182698,328.02840000000003,4.445224864676344,331.30885,3.4110619139814733,0,0,348.0779503877104,312.5180496122896,10.766005478513593,43.52887645368768,345.59,318.84,1,0,345.59,317.73,1,0,0.18715091967131947,-0.45037192003719523,Uptrend
2023-09-18 20:00:00,342.61,343.9,342.21,342.94,1398,68,0,78.1919111816019,1683.05,0.830634859332759,0,4.401428571428572,1.2834398353731185,331.1035,3.5748640530830995,328.08279999999996,4.528490978496903,331.31940000000003,3.5073708330994102,0,0,349.6644553690131,312.54254463098687,11.211573039253967,48.18518721017688,345.59,318.84,1,0,345.59,317.73,1,0,0.09631943025596446,-0.4123591590196352,Uptrend
2023-09-19 16:00:00,343.22,344.04,337.08,338.74,1689,68,0,68.58440575321728,1672.3,1.0099862464868743,0,4.57214285714286,1.3497499135451556,331.8795,2.0671659442659163,328.126,3.234732998908966,331.31825,2.2400667636026785,0,0,350.3501942564637,313.40880574353633,11.130964254474092,49.9280646683625,345.59,318.84,1,0,345.59,317.73,1,0,-1.224704029859447,-0.9445272977161792,Uptrend
2023-09-19 20:00:00,338.72,341.85,338.72,341.31,1097,68,0,69.79621542940322,1648.65,0.6653928972189367,0,4.659285714285716,1.3651184302498363,332.78049999999996,2.5631009028473852,328.2058,3.9926777649876968,331.32765,3.0128333690230793,0,0,351.2450315473512,314.31596845264875,11.09712350774833,51.49304968395003,345.59,318.84,1,0,345.59,317.73,1,0,0.7586939835862339,-0.37944017979627315,Uptrend
2023-09-20 16:00:00,341.68,343.41,340.51,342.69,1028,71,0,69.88388969521046,1615.65,0.6362764212546034,0,4.516428571428577,1.3179341595694583,333.96750000000003,2.6117810864829565,328.4426,4.337866038083966,331.36035,3.41913267534876,0,0,351.7272769959912,316.20772300400887,10.635631907889936,52.85725335995894,345.59,318.84,1,0,345.59,317.73,1,0,0.4043245143710905,-0.07289904939639587,Uptrend
2023-09-20 20:00:00,342.69,342.87,335.89,336.19,1648,68,0,63.133741258741246,1621.35,1.0164369198507417,0,4.826428571428575,1.4356252629253026,334.741,0.4328719816216156,328.5278,2.3322835997440654,331.3416,1.4632632908152703,0,0,351.3838311103727,318.0981688896273,9.943706394121245,53.44621621782942,345.59,320.46,0,0,345.59,317.73,0,0,-1.896758002859722,-0.7527897502509332,Uptrend
2023-09-21 16:00:00,332.04,333.52,330.05,331.18,1597,68,0,47.55512943432404,1620.5,0.9854983029929034,0,4.612142857142861,1.392639307066508,335.213,-1.2031156309570377,328.54540000000003,0.8018983069006528,331.29195,-0.03379194695191927,0,0,350.80565832641054,319.6203416735895,9.303134619725675,52.09690575236663,345.59,320.88,0,0,345.59,317.73,0,0,-1.4902287397007608,-2.9679763265066934,Downtrend
2023-09-21 20:00:00,331.18,332.8,328.8,329.77,1819,68,0,49.20634920634915,1635.5,1.1121981045551819,0,4.559285714285717,1.3825653377462224,335.621,-1.7433354885421353,328.56739999999996,0.366013183292079,331.2242,-0.43903796884406826,0,0,350.1024042645612,321.1395957354388,8.629617493876252,50.69936710534821,345.59,320.88,0,0,345.59,317.73,0,0,-0.4257503472432034,-3.770171291838109,Downtrend
2023-09-22 16:00:00,329.53,330.59,327.44,327.99,1605,68,0,39.658444022770404,1641.05,0.9780323573321958,0,4.342857142857143,1.3240821802058427,335.82,-2.3316062176165757,328.4824,-0.1499014863505549,331.14865,-0.9538465580336706,0,0,349.7276079141851,321.9123920858149,8.282775245182016,50.14059417009252,345.59,323.31,0,1,345.59,317.73,0,0,-0.539770142826812,-2.4390969392307884,Downtrend
2023-09-22 20:00:00,327.98,328.82,326.22,327.36,1746,68,0,40.02735978112179,1659.35,1.052219242474463,0,4.232857142857142,1.2930282083507887,335.93850000000003,-2.5535923986086795,328.49340000000007,-0.34502976315507444,331.06825000000003,-1.1200862662004045,0,0,349.49348940961244,322.38351059038763,8.069923161300299,49.750011803485066,345.59,323.9,0,1,345.59,317.73,0,0,-0.19207902679959643,-1.1534512953680756,Downtrend
2023-09-25 16:00:00,325.78,328.14,324.68,327.58,1671,70,0,22.379603399433293,1676.85,0.9965113158600949,0,3.845714285714284,1.1739771309952634,336.005,-2.5074031636434015,328.54760000000005,-0.29450831477693373,331.00530000000003,-1.0348172672764,0,0,349.37159859106663,322.63840140893336,7.9561902894698795,49.563298817055525,345.59,323.9,0,1,345.59,317.73,0,0,0.0672043010752521,-0.6640992206689504,Downtrend
2023-09-25 20:00:00,327.56,328.9,326.92,328.45,2118,68,0,22.076075364379477,1719.7,1.2316101645635866,0,3.8549999999999938,1.1736946262749257,336.219,-2.310696302112613,328.6256000000001,-0.053434668510331546,330.98974999999996,-0.7673198339223405,0,0,348.9076454007207,323.5303545992793,7.5478455415789725,49.48157158393594,345.59,324.68,0,1,345.59,317.73,0,0,0.26558397948592827,0.1402481782981126,Downtrend
2023-09-26 16:00:00,325.46,327.06,323.44,324.04,1622,69,0,18.583797155225596,1710.0,0.9485380116959065,0,3.982142857142853,1.2289047207575772,335.76,-3.490588515606377,328.7084,-1.4202253425832632,330.94505,-2.0864642030451765,0,0,349.5240156319207,321.9959843680793,8.198722678056171,48.705063324375,345.59,323.44,0,1,345.59,317.73,0,1,-1.3426701172172262,-1.0141739980449638,Downtrend
2023-09-26 20:00:00,324.04,324.33,321.78,323.44,1642,68,0,19.67266775777398,1659.25,0.9896037366279946,0,3.9342857142857133,1.2163881134942225,335.41150000000005,-3.5691978360909054,328.74559999999997,-1.6138923228173914,330.8997,-2.25436892206309,0,0,350.069779176664,320.7532208233361,8.740475014520335,48.454850114352745,345.59,321.78,0,1,345.59,317.73,0,1,-0.1851623256388213,-1.2638134196226836,Downtrend
2023-09-27 16:00:00,322.06,323.13,320.13,320.35,1803,68,0,16.272727272727167,1658.8,1.0869303110682422,0,3.847142857142854,1.2009186380967236,334.648,-4.272549066481797,328.7854,-2.5656248726372763,330.86025,-3.1766433108842738,0,0,350.7774508014955,318.51854919850456,9.639651694613722,49.29631531146818,345.59,320.13,0,1,345.59,317.73,0,1,-0.9553549344545997,-2.466128786725519,Downtrend
2023-09-27 20:00:00,320.38,322.42,318.5,321.64,2209,68,0,18.639575971731304,1675.1,1.3187272401647663,0,4.00642857142857,1.245625099934265,333.9975,-3.6998779930987555,328.8492,-2.1922510378617344,330.86635,-2.7885428663265466,0,0,351.14393541288945,316.85106458711056,10.267403446366782,50.47142046211676,345.59,318.5,0,1,345.59,317.73,0,1,0.402684563758382,-0.7406493025552505,Downtrend
2023-09-28 16:00:00,323.18,326.35,320.86,324.69,2040,68,0,28.58884486437053,1683.2,1.211977186311787,0,3.9014285714285677,1.2015856883268865,333.073,-2.5168656720898968,328.9454,-1.2936493411976604,330.88550000000004,-1.8723999691736377,0,0,350.1284416073293,316.01755839267065,10.24126339110605,51.75298260824123,345.59,318.5,0,1,345.59,317.73,0,0,0.9482651411516052,0.3864704427405392,Downtrend
2023-09-28 20:00:00,324.68,325.64,322.39,324.72,2121,68,0,22.596630327056474,1678.35,1.2637411743676825,0,3.9099999999999966,1.2041143138704102,332.101,-2.2225166440329813,329.0014,-1.3013318484358918,330.89065000000005,-1.8648607931351406,0,0,348.7058425403387,315.4961574596613,9.999875062308588,53.03454475436572,345.59,318.5,0,1,345.59,317.73,0,0,0.009239582370890176,1.3641329795536146,Downtrend
2023-09-29 16:00:00,325.67,327.17,323.58,324.01,2038,70,0,18.44594594594591,1698.35,1.199988223864339,0,3.9592857142857105,1.2219640487286536,331.0835,-2.136470104973526,329.07379999999995,-1.5388037576981086,330.87739999999997,-2.0755119569967535,0,0,347.00534104006925,315.1616589599308,9.618021459885037,54.694781094771876,344.4,318.5,0,1,345.59,317.73,0,1,-0.21864991377187337,0.7368486506653416,Downtrend
2023-09-29 20:00:00,324.01,324.21,321.65,323.17,2463,68,0,22.807017543859615,1737.7,1.4173908039362375,0,3.643571428571424,1.1274472966461688,330.1435,-2.11226330368461,329.14700000000005,-1.8159059629891907,330.86550000000005,-2.325869575401496,0,0,345.57132486288884,314.7156751371112,9.346132734940307,57.12243034021519,344.04,318.5,0,1,345.59,317.73,0,1,-0.2592512576772288,-0.4681388401244208,Downtrend
2023-10-02 16:00:00,322.29,322.83,317.44,317.68,2159,68,0,22.358722358722318,1775.65,1.215892771661082,0,3.6142857142857117,1.1377127028096548,328.897,-3.410490214261603,329.11300000000006,-3.473882830517192,330.82305,-3.972833815539762,0,0,344.1108055033811,313.6831944966189,9.251410322004203,59.833987781289885,344.04,317.44,0,1,345.59,317.44,0,1,-1.6987962991614314,-2.1680216802168086,Downtrend
2023-10-02 20:00:00,317.68,318.99,316.69,318.09,1899,68,0,25.064047822373908,1800.7,1.0545898817126673,0,3.492857142857141,1.0980719742390963,327.6545,-2.9190809221298686,329.0804,-3.3397309593643447,330.78880000000004,-3.838944970325495,0,0,342.07775384852255,313.2312461514774,8.803940643893226,61.89009992122777,344.04,316.69,0,1,345.59,316.69,0,1,0.12906069000251374,-1.8271041017252605,Downtrend
2023-10-03 16:00:00,313.25,313.53,307.18,307.48,2370,68,0,18.201550387596797,1834.75,1.2917291184085025,0,4.0471428571428545,1.3162296270140674,326.0915,-5.707447142903136,328.7278,-6.463645605878171,330.704,-7.022594223232857,0,0,342.14015270619893,310.04284729380106,9.84303651349326,64.1442313049138,343.41,307.18,0,1,345.59,307.18,0,1,-3.335533968373716,-4.855029860444966,Downtrend
2023-10-03 20:00:00,307.48,308.44,303.98,305.8,2271,68,0,17.62762762762752,1893.45,1.199397924423671,0,4.179999999999999,1.3669064748201434,324.31600000000003,-5.709246537327797,328.3322,-6.862622673012268,330.63520000000005,-7.511359951995443,0,0,341.11512704498847,307.5168729550116,10.359727577417356,66.37565118403582,343.41,303.98,0,1,345.59,303.98,0,1,-0.5463770001300938,-3.7396121883656495,Downtrend
2023-10-04 16:00:00,303.73,306.89,302.68,305.56,2140,68,0,16.956782713085204,1949.05,1.097970806290244,0,4.233571428571428,1.3855123146260726,322.4595,-5.240813187392522,327.8210000000001,-6.790596087498993,330.55260000000004,-7.56085415755315,0,0,338.9119993781934,306.0070006218066,10.204381870091227,66.05113429775287,342.87,302.68,0,1,345.59,302.68,0,1,-0.0784826684107287,-3.939136722311287,Downtrend
2023-10-04 20:00:00,305.59,308.66,304.83,308.0,1727,68,0,20.6936084838062,1953.0,0.8842805939580133,0,4.36571428571429,1.4174397031539903,321.05,-4.064787416290301,327.3432,-5.9091497853017945,330.49115,-6.80537133899047,0,0,337.37930333383525,304.72069666616477,10.17243627711275,65.21114440535754,333.52,302.68,0,1,345.59,302.68,0,1,0.7985338395077868,0.16911669051645042,Downtrend
2023-10-05 16:00:00,306.69,307.34,303.63,305.94,1991,70,0,22.18807621389054,1972.7,1.0092766259441375,0,4.320000000000006,1.4120415767797627,319.788,-4.330368869375965,326.8898,-6.408826460782803,330.4191,-7.408500295533768,0,0,336.7114282952108,302.8645717047892,10.584154686986869,63.66898686773147,332.8,302.68,0,1,345.59,302.68,0,1,-0.6688311688311743,0.04578155657291901,Downtrend
2023-10-05 20:00:00,305.94,310.1,305.94,310.03,1699,68,0,31.39050791007486,1966.7,0.8638836629887628,0,4.435000000000007,1.4305067251556325,318.80100000000004,-2.751246075137804,326.5296,-5.053018164356322,330.38125,-6.159928870055443,0,0,335.57508013008504,302.02691986991505,10.523229306109451,61.083690036911825,330.59,302.68,0,0,345.59,302.68,0,0,1.336863437275282,1.4628878125408988,Downtrend
2023-10-06 16:00:00,307.83,314.87,307.45,313.39,2314,68,0,40.41322314049581,2002.15,1.155757560622331,0,4.728571428571436,1.508845664689823,318.071,-1.4716839950828713,326.25,-3.941762452107284,330.35235,-5.134623682864679,0,0,334.42684286392665,301.7151571360734,10.284397423170692,57.09902756834446,328.9,302.68,0,0,345.59,302.68,0,0,1.0837660871528598,1.7499999999999956,Downtrend
2023-10-06 20:00:00,313.47,314.3,311.94,311.96,1854,68,0,36.71789242590558,2007.55,0.923513735647929,0,4.6171428571428645,1.4800432289854035,317.301,-1.6832597439024801,325.9468,-4.291129718101241,330.30365000000006,-5.553571690776072,0,0,333.2607545159853,301.3412454840147,10.059693802405482,52.482273734840824,328.9,302.68,0,0,345.59,302.68,0,0,-0.45630045630046245,1.9677060861606792,Downtrend
2023-10-09 16:00:00,309.78,310.98,308.01,310.16,1965,68,0,29.35493037794828,2022.25,0.9716899493138831,0,4.5071428571428624,1.4531670289988594,316.43,-1.9814808962487698,325.6062,-4.743828588030564,330.24555,-6.082004738595254,0,0,331.9222975768772,300.9377024231228,9.791927173072848,51.212325160515014,328.9,302.68,0,0,345.59,302.68,0,0,-0.576997050903949,0.04193142599105,Downtrend
2023-10-09 20:00:00,310.2,313.0,309.98,312.27,1765,68,0,33.29755835792851,2004.6,0.8804749077122619,0,4.49071428571429,1.438087003463122,315.621,-1.0617164257131178,325.315,-4.009959577640139,330.1978,-5.429412309833679,0,0,330.12899547255125,301.1130045274487,9.193301759104289,49.41823826852281,327.17,302.68,0,0,345.59,302.68,0,0,0.680294041784868,-0.3573821755639952,Downtrend
2023-10-10 16:00:00,313.3,316.41,311.59,315.62,1780,68,0,39.48884991230266,2012.5,0.884472049689441,0,4.5785714285714345,1.4506594729647786,315.2,0.13324873096447204,325.163,-2.9348357592961087,330.17404999999997,-4.407993299291681,0,0,329.1575657657506,301.2424342342494,8.8563234554255,47.17183120347142,327.17,302.68,0,0,345.59,302.68,0,0,1.0727895731258208,1.1732273368380643,Downtrend
2023-10-10 20:00:00,315.62,315.71,313.79,314.25,1991,68,0,38.97131552917898,2029.95,0.9808123352791941,0,4.532857142857146,1.4424366405273334,314.7405,-0.15584267039036837,324.98220000000003,-3.3023962543179386,330.10184999999996,-4.802108803691938,0,0,328.1502128584977,301.3307871415023,8.521123184653833,44.951205792542574,327.17,302.68,0,0,345.59,302.68,0,0,-0.4340662822381325,1.3186742326541057,Downtrend
2023-10-11 16:00:00,314.79,316.15,311.29,311.72,1552,69,0,42.04909284951974,2017.4,0.7693070288490136,0,4.470714285714284,1.4342083554838585,314.309,-0.8237116977242135,324.8376,-4.038202474097821,330.0115,-5.542685633682458,0,0,327.51250814626223,301.1054918537378,8.401609973791528,42.579368573302496,327.17,302.68,0,0,345.59,302.68,0,0,-0.8050914876690407,-0.17612963140870225,Downtrend
2023-10-11 20:00:00,311.72,313.43,311.26,312.51,1992,68,0,42.63074484944532,2006.55,0.9927487478507887,0,4.46142857142857,1.427611459290445,313.8525,-0.427748703610782,324.6734,-3.7463494083593,329.94190000000003,-5.28332412464135,0,0,326.61267633106974,301.0923236689303,8.131320496774578,40.161003623650046,327.17,302.68,0,0,345.59,302.68,0,0,0.2534325676889493,-0.9853621443508058,Downtrend
2023-10-12 16:00:00,311.46,312.67,309.25,311.76,1969,68,0,57.642857142857125,2003.0,0.9830254618072891,0,3.9264285714285734,1.2594394955826833,313.206,-0.4616769793682197,324.4738,-3.918282462251187,329.8549,-5.4857150826014704,0,0,324.9216924004109,301.49030759958913,7.481141740842057,35.89050719647596,327.17,302.68,0,0,345.59,302.68,0,0,-0.23999232024575212,-0.7923627684964231,Downtrend
2023-10-12 20:00:00,311.76,311.76,307.68,309.43,2322,68,0,56.33507853403144,2013.05,1.1534735848587965,0,3.8992857142857167,1.2601511535034473,312.4415,-0.9638604346733748,324.2302,-4.564719757752368,329.77225,-6.1685754334999325,0,0,322.92426435016296,301.9587356498371,6.710225338287608,31.90902042913259,327.17,302.68,0,0,345.59,302.68,0,0,-0.7473697716191885,-0.7346336455793726,Downtrend
2023-10-13 16:00:00,313.21,315.73,308.55,309.4,2725,69,0,56.751054852320664,2047.4,1.3309563348637294,0,4.111428571428576,1.3288392279988932,311.71099999999996,-0.741391866183734,323.93800000000005,-4.487895831918474,329.69035,-6.1543657556249505,0,0,320.73398328538934,302.68801671461057,5.789326193422361,29.12378926471053,324.21,302.68,0,0,345.59,302.68,0,0,-0.009695246097674026,-0.9951681546190565,Downtrend
2023-10-13 20:00:00,309.4,309.63,307.68,308.93,2596,68,0,51.75670570457123,2054.05,1.2638445996932888,0,3.9771428571428578,1.2873928906687138,310.99899999999997,-0.6652754510464536,323.6168,-4.538330519305551,329.62014999999997,-6.276967594365806,0,0,318.29721867235213,303.7007813276478,4.693403305060251,26.081278454574136,322.83,302.68,0,0,345.59,302.68,0,0,-0.15190691661278732,-0.9077495509366129,Downtrend
2023-10-16 16:00:00,310.86,315.46,309.68,313.98,2296,68,0,63.645621181262825,2060.9,1.114076374399534,0,4.13142857142857,1.3158253937921427,310.814,1.018615635074352,323.3714,-2.9042147821359516,329.5679,-4.729799231053749,0,0,317.5663107935453,304.06168920645473,4.3449206236175275,24.525909073471986,318.99,302.68,1,0,345.59,302.68,0,0,1.6346745217363123,1.4704456581456262,Downtrend
2023-10-16 20:00:00,313.98,314.94,313.18,313.77,2170,68,0,57.31039874902272,2074.45,1.0460604015522188,0,3.959999999999996,1.2620709436848634,310.598,1.0212557711253674,323.1634,-2.9067029248980676,329.51454999999993,-4.778104639081931,0,0,316.6056218256476,304.59037817435245,3.8684227365582267,23.589285766418822,316.41,302.68,1,0,345.59,302.68,0,0,-0.06688324097077203,1.4124111182934729,Downtrend
2023-10-17 16:00:00,314.52,314.52,307.31,310.49,2432,68,0,44.3137254901961,2077.55,1.1706096122836995,0,3.944999999999993,1.2705723211697617,310.7485,-0.08318624225055617,322.7088,-3.786323769292931,329.45120000000003,-5.755389569077307,0,0,316.5753246295177,304.92167537048226,3.7501868099235987,22.1689923855458,316.41,302.68,1,0,345.59,302.68,0,0,-1.0453516907288685,0.504968763150229,Downtrend
2023-10-17 20:00:00,310.49,310.76,304.93,307.96,2054,68,0,42.48120300751877,2066.7,0.9938549378235836,0,4.192857142857134,1.3614940715862887,310.8565,-0.9317804195826703,322.2598,-4.437351478527575,329.3922,-6.50659001639991,0,0,316.368711419824,305.34428858017594,3.5464668873412917,21.462343285015837,316.41,302.68,0,1,345.59,302.68,0,1,-0.8148410576830245,-1.9173195744952032,Downtrend
2023-10-18 16:00:00,304.83,306.38,301.32,302.38,3150,68,0,37.195523370638504,2117.2,1.4878140940865294,0,4.384999999999991,1.450162047754478,310.6975,-2.677041173488681,321.595,-5.9749063262799575,329.3072,-8.176924160783617,0,0,316.9822982842475,304.41270171575246,4.045605957078849,19.172959703641624,316.41,301.32,0,1,345.59,301.32,0,1,-1.811923626444989,-3.630047487012776,Downtrend
2023-10-18 20:00:00,302.38,303.66,301.03,301.55,2361,68,0,31.58075601374574,2148.9,1.0987016613150915,0,4.357142857142853,1.444915555345002,310.375,-2.843334675795405,320.933,-6.039578354360562,329.20955000000004,-8.401806691209298,0,0,317.800970076626,302.949029923374,4.7851599366095945,17.945697826678053,316.41,301.03,0,1,345.59,301.03,0,1,-0.2744890535088196,-2.8793197848561944,Downtrend
2023-10-19 16:00:00,302.68,304.96,301.43,303.31,3506,68,0,27.626317702653523,2224.65,1.5759782437686827,0,4.264999999999991,1.4061521215917678,310.2435,-2.2348574587380496,320.13559999999995,-5.255772866247913,329.1082,-7.838820181326386,0,0,318.0818410570294,302.40515894297056,5.053025160578336,17.73313011087946,316.41,301.03,0,1,345.59,301.03,0,1,0.5836511357983687,-1.50993635537082,Downtrend
2023-10-19 20:00:00,303.43,304.71,298.18,298.6,3297,68,0,24.635332252836264,2304.55,1.4306480657829077,0,4.594285714285705,1.5386087455745832,309.67199999999997,-3.5753959027616147,319.2244,-6.4607843260101605,328.94695,-9.225484534816324,0,0,319.08454839926037,300.25945160073957,6.079043891123772,18.29218157440875,316.41,298.18,0,1,345.59,298.18,0,1,-1.5528667040321742,-1.2500826774257467,Downtrend
2023-10-20 16:00:00,300.55,302.31,297.66,302.19,3062,68,0,35.06737699780625,2341.95,1.3074574606631226,0,4.5792857142857075,1.5153663967324225,309.112,-2.2393177877274337,318.38100000000003,-5.085416529252697,328.80065,-8.093247382570569,0,0,318.91764949940915,299.3063505005909,6.344399117089681,19.02798388255249,316.41,297.66,0,1,345.59,297.66,0,1,1.2022772940388338,0.21223677665395002,Downtrend
2023-10-20 20:00:00,302.09,302.91,299.49,299.55,2889,68,0,30.805687203791464,2393.7,1.2069181601704475,0,4.668571428571421,1.5585282685933637,308.4915,-2.8984591147567964,317.5326,-5.663229539266201,328.65765,-8.856525932075513,0,0,319.07785124259436,297.9051487574056,6.863301739331158,19.698751484194045,316.41,297.66,0,1,345.59,297.66,0,1,-0.8736225553459653,-1.239655797698721,Downtrend
2023-10-23 16:00:00,298.83,303.23,298.35,301.67,3187,68,0,35.639054938798765,2454.8,1.298272771712563,0,4.772857142857134,1.5821451065260494,308.06699999999995,-2.0764963465739386,316.7138,-4.749966689168573,328.51445,-8.171467038968908,0,0,319.0452696364467,297.0887303635532,7.127196120614494,21.150369210997834,316.41,297.66,0,1,344.4,297.66,0,1,0.7077282590552514,1.0281312793034136,Downtrend
2023-10-23 20:00:00,301.59,301.86,298.08,298.75,3192,68,0,35.050391937290016,2526.15,1.2635829226292976,0,4.7514285714285664,1.5904363419007754,307.39099999999996,-2.811077747884604,315.83,-5.407972643510744,328.38895,-9.0255625227341,0,0,318.930252735087,295.85174726491294,7.5078663559356125,21.93314597271981,316.41,297.66,0,1,344.04,297.66,0,1,-0.967945105578949,-1.138356663026572,Downtrend
2023-10-24 16:00:00,301.13,302.74,299.18,300.44,3370,68,0,38.014981273408246,2605.65,1.2933433116496842,0,4.523571428571423,1.5056488578656049,306.632,-2.0193587101150587,315.064,-4.6415966279867025,328.27445,-8.47901808989399,0,0,317.8856452106116,295.3783547893884,7.340163590630841,22.516350747068252,316.15,297.66,0,1,344.04,297.66,0,1,0.5656903765690391,0.29711233516941626,Downtrend
2023-10-24 20:00:00,300.43,300.95,298.68,298.7,2412,68,0,36.7658473479948,2626.7,0.9182624585982412,0,4.5464285714285655,1.5220718350949334,305.85450000000003,-2.339184154557164,314.2118,-4.936733757293645,328.17870000000005,-8.982514709211797,0,0,317.0405260099261,294.66847399007395,7.31460613456796,23.61749287290754,316.15,297.66,0,1,344.04,297.66,0,1,-0.579150579150578,-0.984519508071743,Downtrend
2023-10-25 16:00:00,297.79,298.93,294.68,296.04,3460,68,0,25.26199669056807,2722.1,1.2710774769479447,0,4.3835714285714245,1.480736193950623,305.0705,-2.9601354441022525,313.2788,-5.502702385223632,328.0787,-9.76555320415498,0,0,316.7141682138273,293.42683178617267,7.633427823291542,26.41034111787662,315.73,294.68,0,1,343.41,294.68,0,1,-0.8905256109809079,-0.9071129707112902,Downtrend
2023-10-25 20:00:00,296.1,297.23,295.75,296.21,2717,68,0,25.75924903368295,2758.35,0.9850091540232385,0,4.363571428571427,1.4731344075390524,304.2555,-2.6443236030244335,312.4792,-5.206490544010613,327.9396,-9.675440233506416,0,0,315.98812742593486,292.5228725740651,7.712351905510256,29.605458327814308,315.73,294.68,0,1,343.41,294.68,0,1,0.057424672341555016,-1.4079350286246899,Downtrend
2023-10-26 16:00:00,299.42,299.6,295.03,295.32,3353,68,0,27.579071829736804,2827.55,1.1858322576081766,0,4.175000000000003,1.4137207097385898,303.4335,-2.673897246019305,311.762,-5.273894830030603,327.80105000000003,-9.908769358731472,0,0,315.2556117981701,291.61138820182987,7.792225840699932,32.97608930375578,315.73,294.68,0,1,342.87,294.68,0,1,-0.30046250970594546,-1.1315701372614648,Downtrend
2023-10-26 20:00:00,295.26,298.94,294.37,296.44,2719,68,0,32.23318938926583,2847.4,0.9549062302451359,0,4.0850000000000035,1.3780191607070582,302.784,-2.0952229972521645,311.0954,-4.710902186274688,327.67764999999997,-9.533042610626625,0,0,314.64623623188584,290.92176376811415,7.835444562384965,35.5783178391196,315.73,294.37,0,1,333.52,294.37,0,1,0.3792496275226931,0.13511687609781692,Downtrend
2023-10-27 16:00:00,296.42,296.77,292.4,292.54,3155,68,0,33.99479505530249,2868.9,1.0997246331346509,0,3.922857142857148,1.340964361406012,301.94100000000003,-3.1135221781738847,310.3864,-5.749736457525188,327.5335,-10.68394530635797,0,0,314.21283493335835,289.6691650666417,8.128631046037682,37.90630340929969,315.46,292.4,0,1,332.8,292.4,0,1,-1.3156119282148104,-1.2389858546301473,Downtrend
2023-10-27 20:00:00,292.54,292.91,288.98,289.46,2750,68,0,31.6762655350105,2876.6,0.9559897100743934,0,4.015714285714288,1.387312335284422,300.96750000000003,-3.82350253764943,309.6284,-6.513743571326152,327.35275,-11.575509904835085,0,0,313.97207712944976,287.9629228705503,8.641848126093167,40.290141280633286,315.46,288.98,0,1,330.59,288.98,0,1,-1.0528474738497384,-1.984288229716922,Downtrend
2023-10-30 12:00:00,293.33,295.27,292.74,294.56,432,99,0,37.95761078998071,2783.4,0.1552058633326148,0,4.178571428571432,1.4185807402809045,299.99649999999997,-1.812187808857759,308.968,-4.663266098754568,327.19419999999997,-9.973954306035978,0,0,311.75001642790664,288.2429835720933,7.835769035909871,41.605902857397815,314.94,288.98,0,1,328.9,288.98,0,1,1.76190147170594,-0.6341924166779097,Downtrend
2023-10-30 16:00:00,294.56,299.07,293.73,298.62,3571,98,0,50.02802690582958,2853.45,1.2514675217718902,0,4.093571428571432,1.3708296258025023,299.23900000000003,-0.20685806328721462,308.3714,-3.16222580952708,327.01265,-8.682431704094629,0,0,309.04661014937517,289.4313898506249,6.555034704283289,40.19444913599151,314.52,288.98,0,0,328.9,288.98,0,0,1.3783269961977096,2.078348260066994,Downtrend
2023-10-30 20:00:00,298.61,301.27,298.42,300.15,1892,98,0,46.9660916121356,2826.45,0.6693909320879549,0,3.9650000000000034,1.3210061635848753,298.72200000000004,0.47803643521399164,307.8936,-2.515024670860328,326.83685,-8.165190063482758,0,0,307.0038497806647,290.44015021933535,5.54485426628416,38.128105740243676,310.76,288.98,0,0,328.9,288.98,0,0,0.5123568414707513,3.6930836730463614,Downtrend
2023-10-31 12:00:00,302.0,303.05,301.08,301.85,508,98,0,53.518971848225235,2749.15,0.18478438790171506,0,3.9278571428571474,1.3012612697886854,298.4165,1.150573108390467,307.4618,-1.8252023503407446,326.67615,-7.599621215077986,0,0,305.6476468843594,291.18535311564057,4.846345215066472,36.475847295347194,306.38,288.98,1,0,327.17,288.98,0,0,0.5663834749292107,2.474877783813152,Downtrend
2023-10-31 16:00:00,301.85,303.42,300.07,302.62,3622,98,0,51.516118736035736,2772.75,1.30628437471824,0,3.818571428571435,1.2618370988604306,298.42850000000004,1.4045240317194778,307.10720000000003,-1.4611184628690013,326.51484999999997,-7.3181510733738335,0,0,305.6880817626393,291.1689182373608,4.865206749783779,35.109279246460545,304.96,288.98,1,0,327.17,288.98,0,0,0.25509358953121897,1.3394950103810863,Downtrend
2023-10-31 20:00:00,302.63,303.69,302.29,302.77,2251,98,0,57.037815126050404,2767.25,0.8134429487758605,0,3.6485714285714317,1.2050637211650534,298.4895,1.434053794187052,306.7298,-1.2909733583108096,326.36035,-7.228313733577012,0,0,305.878862126165,291.100137873835,4.951170561219069,34.123667120122136,304.96,288.98,1,0,327.17,288.98,0,0,0.049567113872184265,0.8728968848908895,Downtrend
2023-11-01 12:00:00,301.75,303.68,301.75,302.89,373,99,0,54.53871804371988,2610.6,0.14287903164023597,0,3.501428571428574,1.1560066596548497,298.4685,1.4813958591945147,306.29380000000003,-1.111285961387415,326.1975,-7.14521110676814,0,0,305.8023588248739,291.1346411751261,4.914326855178295,31.773801416555447,304.71,288.98,1,0,327.17,288.98,0,0,0.03963404564522044,0.34454199105514777,Downtrend
2023-11-01 16:00:00,302.89,307.77,302.89,304.54,2774,98,0,60.85501858736066,2584.45,1.0733424906653253,0,3.6878571428571467,1.2109598551445282,298.76550000000003,1.9327867508129246,305.8902,-0.44140021484832553,326.02695,-6.590544125263258,0,0,306.5866951570226,290.9443048429775,5.235674906923686,30.587052755793273,307.77,288.98,1,0,327.17,288.98,0,0,0.5447522202780108,0.6344590575639468,Downtrend
2023-11-01 20:00:00,304.57,307.73,303.82,306.56,2114,98,0,70.03046458492,2537.05,0.8332512169645848,0,3.663571428571434,1.1950585296749199,298.984,2.533914858320185,305.5412,0.33344112021553846,325.86545,-5.924362340346302,0,0,307.42743257711174,290.5405674228882,5.648083226601935,27.713332294235293,307.77,288.98,1,0,327.17,288.98,0,0,0.6632954620082732,1.2517752749611986,Downtrend
2023-11-02 12:00:00,309.11,310.49,307.04,309.67,444,98,0,73.04794520547948,2414.8,0.1838661586880901,0,3.8385714285714334,1.2395683884688324,299.48999999999995,3.3991118234331914,305.2712,1.440948245363465,325.70265,-4.92248067370652,0,0,309.19495695372757,289.78504304627234,6.4809889837574675,25.29280178216709,310.49,288.98,1,0,327.17,288.98,0,0,1.0144832985386376,2.2384363960513816,Downtrend
2023-11-02 16:00:00,310.06,313.85,309.32,313.85,3115,98,0,78.51646660510926,2411.2,1.2918878566688787,0,3.835714285714289,1.2221488882314127,300.09900000000005,4.582154555663289,305.1946,2.836026587626401,325.56235,-3.5975750881513044,0,0,311.7195261227038,288.47847387729627,7.74446174276074,25.023164405378463,313.85,288.98,1,0,324.21,288.98,0,0,1.3498240062001399,3.0570696788599205,Downtrend
2023-11-02 20:00:00,313.85,314.01,311.9,313.2,1696,98,0,76.17114303560265,2336.4,0.7259030987844547,0,3.6600000000000046,1.1685823754789286,300.8215,4.114898702386623,305.09680000000003,2.655943949592378,325.41695,-3.7542451307468765,0,0,313.80570299319294,287.8372970068071,8.632496675399146,25.318600158115533,314.01,288.98,1,0,322.83,288.98,0,0,-0.20710530508205593,2.1659707724425843,Downtrend
2023-11-03 12:00:00,319.35,321.96,319.21,321.19,468,99,0,89.6704513985044,2191.3,0.2135718523251038,0,3.9735714285714323,1.237140455360202,301.85900000000004,6.403983316714081,305.37100000000004,5.180256147440313,325.3327,-1.2733733805424388,0,0,317.71361832102184,286.00438167897823,10.504651722176115,27.393402392530273,321.96,288.98,1,0,321.96,288.98,1,0,2.5510855683269495,3.7200891271353314,Downtrend
2023-11-03 16:00:00,321.3,328.73,319.25,327.18,3565,98,0,98.33418759610448,2248.95,1.5851841970697438,0,4.3700000000000045,1.3356562137049954,303.283,7.879439335538091,305.7986,6.991987536895193,325.25595,0.5915495166191496,0,0,322.6662299736277,283.8997700263723,12.782272645435247,30.36657519245268,328.73,288.98,1,0,328.73,288.98,1,0,1.8649397552850333,4.2472518719133285,Uptrend
2023-11-03 20:00:00,327.18,328.57,326.15,326.9,1909,98,0,97.28070175438579,2171.4,0.8791563046882196,0,4.127857142857148,1.2627277891884823,304.826,7.24150827029189,306.22540000000004,6.751432115036812,325.19375,0.5246872057042776,0,0,326.5530400532078,283.09895994679226,14.255371952003934,33.79443538402564,328.73,288.98,1,0,328.73,288.98,1,0,-0.08557980316645786,4.374201787994888,Uptrend
2023-11-06 16:00:00,328.02,328.36,321.46,322.68,2406,98,0,85.01164144353893,2155.85,1.1160331191873276,0,4.239285714285724,1.3137739290584243,306.1495,5.399486198736244,306.519,5.27243009405616,325.1122,-0.7481109598470824,0,0,328.86884994900316,283.4301500509968,14.841997095538732,37.58642989471324,328.73,288.98,1,0,328.73,288.98,1,0,-1.2909146527990134,0.46389987234970237,Downtrend
2023-11-06 20:00:00,322.68,323.84,321.74,323.31,2164,98,0,84.608487746563,2096.4,1.0322457546269797,0,4.185714285714296,1.294644237949428,307.54900000000004,5.1247118345369245,306.8664,5.35855342911443,325.0398,-0.5321809821443441,0,0,330.899125797024,284.19887420297607,15.184654020675703,42.04551705463338,328.73,288.98,1,0,328.73,288.98,1,0,0.195239866121244,-1.1828351366220442,Downtrend
2023-11-07 16:00:00,322.73,325.86,321.64,324.32,2389,98,0,84.28440646933163,2079.9,1.1486129140824077,0,4.280000000000009,1.3196842624568355,308.943,4.977293546058662,307.1522,5.589346258955658,325.00710000000004,-0.21141076610327697,0,0,332.8235211086578,285.06247889134215,15.459499719144198,46.25275618970047,328.73,288.98,1,0,328.73,288.98,1,0,0.31239367789428485,-0.7892321810951314,Downtrend
2023-11-07 20:00:00,324.36,325.2,323.33,323.35,2446,98,0,81.43767060964514,2044.45,1.1964097923646946,0,4.174285714285722,1.2909496564978264,310.4835,4.1440205357128574,307.3514,5.205312225680446,324.9728,-0.4993648699214161,0,0,333.87880791914426,287.0881920808557,15.070242327946106,50.73929661986907,328.73,288.98,1,0,328.73,288.98,1,0,-0.29908732116427084,0.207636048097191,Downtrend
2023-11-08 16:00:00,323.46,326.17,323.06,324.19,2567,98,0,81.81818181818181,2035.3,1.2612391293666783,0,4.296428571428582,1.3252810300837727,312.21999999999997,3.8338351162641815,307.596,5.39473855316714,324.95495000000005,-0.2354018610887619,0,0,334.15501886553943,290.2849811344605,14.051001771532551,55.031752327617134,328.73,292.74,1,0,328.73,288.98,1,0,0.25978042368948184,0.2721845906405603,Downtrend
2023-11-08 20:00:00,323.97,324.97,323.37,323.94,2018,98,0,81.14826871855578,2114.6,0.9543176014376242,0,4.272857142857155,1.3190273331040177,313.689,3.267886346030615,307.8716,5.219188778698651,324.95205,-0.3114459502563495,0,0,334.5532861822476,292.82471381775247,13.302529691667578,59.90262288286099,328.73,293.73,1,0,328.73,288.98,1,0,-0.07711527190844558,-0.1171682289097174,Downtrend
2023-11-09 16:00:00,325.19,326.1,322.8,324.23,2335,98,0,80.35769349367868,2052.8,1.1374707716289945,0,4.160000000000013,1.2830398174135682,314.9695,2.940125948702981,308.11080000000004,5.231624467561661,324.96995,-0.22769797638211312,0,0,335.0692873515849,294.8697126484151,12.763005530113167,63.24105146529104,328.73,298.42,1,0,328.73,288.98,1,0,0.08952275112674712,0.2721509200556658,Downtrend
2023-11-09 20:00:00,324.23,324.23,319.12,320.14,2331,98,0,69.6811594202898,2074.75,1.1235088564887337,0,4.245714285714298,1.3262054993797396,315.969,1.3200662090268325,308.2012,3.873703282141671,324.97515,-1.4878522250085888,0,0,334.92125791297656,297.01674208702343,11.996276794860613,64.02826417258656,328.73,300.07,0,0,328.73,288.98,0,0,-1.261450205101322,-1.2492674049168733,Downtrend
2023-11-10 16:00:00,321.33,324.54,320.64,324.45,2500,98,0,70.70028011204475,2174.35,1.1497688964518131,0,4.279285714285728,1.3189353411267462,317.09900000000005,2.318203463271704,308.4052,5.202506313123129,325.02245,-0.176126295275912,0,0,335.18177214425475,299.01622785574534,11.405127196399043,64.0663479022784,328.73,300.07,1,0,328.73,288.98,1,0,1.346285999875052,0.15743656232635392,Downtrend
2023-11-10 20:00:00,324.45,325.55,323.32,325.04,2328,98,0,67.42447835565241,2109.65,1.103500580665039,0,4.1150000000000135,1.265998031011572,318.21999999999997,2.143171390861684,308.6716,5.3028526109949885,325.07585,-0.011028195419617352,0,0,335.273919444545,301.1660805554549,10.718320309562596,63.375185615409144,328.73,301.75,1,0,328.73,288.98,1,0,0.18184620126369122,0.24982265675600723,Downtrend
2023-11-13 16:00:00,323.3,328.19,322.72,326.86,2762,98,0,70.52283653846156,2135.2,1.293555638816036,0,4.35500000000001,1.332374717004225,319.42449999999997,2.32778011705428,308.9586,5.7941096315169816,325.1436,0.5278898308316761,0,0,335.2418954539723,303.60710454602764,9.903683314193072,62.57657929767127,328.73,301.75,1,0,328.73,288.98,1,0,0.5599310854048634,2.099081651777356,Uptrend
2023-11-13 20:00:00,326.87,327.42,325.83,326.29,1900,98,0,59.860788863109086,2211.55,0.8591259523863353,0,3.842857142857156,1.1777428492620539,320.5945,1.7765432657141773,309.2492,5.510378038164706,325.21565,0.33035003081802433,0,0,334.62281643873337,306.5661835612666,8.751439240993458,58.94277659812066,328.73,302.89,1,0,328.73,288.98,1,0,-0.17438658752982894,0.5671135768223245,Uptrend
2023-11-14 16:00:00,333.85,341.03,333.21,339.59,3135,98,0,68.70666264697013,2229.6,1.4060818083961248,0,4.218571428571437,1.242254315077428,322.347,5.349204428767755,309.8524,9.597343767548674,325.34125000000006,4.379632155467501,0,0,336.6844872642524,308.00951273574753,8.895685248662122,55.05440666510867,341.03,303.82,1,0,341.03,288.98,1,0,4.076128597260098,4.47637213881367,Uptrend
2023-11-14 20:00:00,339.59,341.28,337.82,338.1,2746,98,0,66.2885398487494,2261.2,1.2143994339288875,0,4.292857142857149,1.2697004267545544,323.92400000000004,4.37633518973586,310.4264,8.914705708019685,325.4662,3.881754848890609,0,0,337.8834591962797,309.96454080372035,8.618971855299193,51.241034221982,341.28,307.04,1,0,341.28,288.98,1,0,-0.43876439235547293,3.4387811295355832,Uptrend
2023-11-15 16:00:00,339.13,339.65,334.84,336.9,2384,98,0,72.67219387755101,2358.2,1.0109405478754983,0,4.143571428571432,1.2299113768392498,325.2855,3.5705557118285207,310.9858,8.332920667117277,325.5874,3.4745202056344855,0,0,338.6920364654695,311.8789635345305,8.242935184918796,49.834044310276504,341.28,309.32,1,0,341.28,288.98,1,0,-0.3549245785270716,3.2517086027766573,Uptrend
2023-11-15 20:00:00,336.91,337.8,335.66,337.0,2148,98,0,72.20240025948752,2309.85,0.9299305149685045,0,4.146428571428577,1.230394234845275,326.443,3.233948958930048,311.4462,8.204884182244005,325.70595000000003,3.46756023339456,0,0,339.68889326625475,313.1971067337452,8.11528705853994,48.588689826965826,341.28,311.9,1,0,341.28,288.98,1,0,0.029682398337782523,-0.7626844135575179,Uptrend
2023-11-16 16:00:00,338.89,338.95,334.52,335.16,1722,99,0,67.11939355653828,2311.15,0.745083616381455,0,4.161428571428575,1.2416244693366076,327.541,2.326121004698657,311.87399999999997,7.466476846418765,325.76175,2.885007217698216,0,0,339.76609911702195,315.31590088297804,7.464774863007658,46.89052423022175,341.28,319.12,1,0,341.28,288.98,1,0,-0.5459940652818962,-0.8695652173913037,Uptrend
2023-11-16 20:00:00,335.11,336.25,334.53,336.05,1492,98,0,70.1076630778974,2362.35,0.631574491502106,0,4.150714285714291,1.2351478308925132,328.284,2.3656346334271605,312.3852,7.575518942638772,325.82835,3.1371272634809126,0,0,340.688828262031,315.879171737969,7.557376090233459,44.863341750917144,341.28,319.12,1,0,341.28,288.98,1,0,0.26554481441698474,-0.25230038587116826,Uptrend
2023-11-17 16:00:00,338.62,339.27,337.43,338.75,1953,98,0,71.77033492822967,2281.75,0.8559219897008875,0,4.15857142857143,1.2276225619399057,328.8625,3.0065756965297012,313.00100000000003,8.226491289165198,325.90319999999997,3.941906676583731,0,0,342.1016284098534,315.62337159014663,8.051467351767611,43.24540534602095,341.28,319.12,1,0,341.28,288.98,1,0,0.8034518672816571,0.5192878338278931,Uptrend
2023-11-17 20:00:00,338.75,339.36,337.6,338.66,1463,98,0,72.11538461538467,2259.45,0.6475027108367081,0,4.17,1.23132345124904,329.45050000000003,2.795412360885775,313.7266,7.947493135743033,325.9858,3.887960763935129,0,0,343.35073623426507,315.550263765735,8.438436872467966,41.44456269606574,341.28,319.12,1,0,341.28,288.98,1,0,-0.02656826568264714,1.0442773600668338,Uptrend
2023-11-20 16:00:00,337.02,340.57,336.5,339.42,1304,101,0,72.50370370370374,2204.35,0.5915576020141993,0,4.224999999999999,1.2447704908373103,330.2875,2.7650153275555365,314.48400000000004,7.929179226924096,326.05485,4.099049592422879,0,0,344.48400494422947,316.0909950557706,8.596453056339973,39.921233475059466,341.28,319.12,1,0,341.28,288.98,1,0,0.22441386641469663,1.00282696027377,Uptrend
2023-11-20 20:00:00,339.42,340.73,338.42,338.84,1336,98,0,80.9193121693122,2162.95,0.6176749346956704,0,4.024999999999998,1.1878762837917596,331.06399999999996,2.34879056617452,315.19460000000004,7.501841719369537,326.14355,3.8929023738166735,0,0,345.3521568919287,316.77584310807123,8.631658465993727,40.94359514069934,341.28,319.12,1,0,341.28,288.98,1,0,-0.17087973602027962,0.026568265682649445,Uptrend
2023-11-21 16:00:00,336.64,337.12,334.77,334.99,1548,99,0,67.69644056413709,2120.9,0.7298788250271111,0,4.0014285714285664,1.1944919464546901,331.5975,1.0230776770029881,315.92240000000004,6.0355327764033095,326.21995,2.6883855509143526,0,0,345.61972878147225,317.5752712185278,8.4573790703924,40.95384846057633,341.28,319.12,1,0,341.28,288.98,1,0,-1.136229488844287,-1.083682749660431,Uptrend
2023-11-21 20:00:00,335.0,335.22,333.94,334.28,1414,98,0,65.45150501672236,2069.3,0.6833228628038467,0,3.933571428571424,1.1767295167438745,332.144,0.6430945613950477,316.56419999999997,5.596273994343012,326.32785,2.4368591280210867,0,0,345.6554772264935,318.63252277350654,8.135915281620905,40.90529729661874,341.28,319.12,0,0,341.28,288.98,0,0,-0.21194662527240782,-1.514348005421025,Uptrend
2023-11-22 16:00:00,336.04,338.13,334.53,337.57,1662,98,0,67.07044947401975,2024.05,0.8211259603270671,0,3.817857142857142,1.1309823570984217,332.813,1.4293311859813185,317.32460000000003,6.380028525995135,326.45234999999997,3.4055965594978956,0,0,345.987011258213,319.638988741787,7.916764824819343,40.91650827706654,341.28,319.12,1,0,341.28,288.98,1,0,0.9842048582027196,-0.37480816904733266,Uptrend
2023-11-22 20:00:00,337.55,338.39,336.57,337.99,1287,98,0,68.73798846893017,1987.5,0.6475471698113208,0,3.8342857142857105,1.1344376207241962,333.5155,1.3416168064153045,318.05100000000004,6.2691203611999216,326.5684,3.4974602564118307,0,0,346.1861066402331,320.84489335976684,7.598211561521508,42.3520732073725,341.28,319.12,1,0,341.28,288.98,1,0,0.12441863909709028,0.8955491208692797,Uptrend
2023-11-24 16:00:00,337.19,339.7,336.24,338.5,1452,98,0,47.04286489419432,1943.35,0.7471634034013431,0,3.028571428571427,0.8947035239502,334.229,1.2778663730556041,318.846,6.16410430113597,326.68760000000003,3.61580910937543,0,0,346.29049488858277,322.1675051114172,7.2175035012418345,39.80492745018019,341.28,319.12,1,0,341.28,288.98,1,0,0.1508920382259804,1.2624147421323524,Uptrend
2023-11-27 16:00:00,338.71,339.11,335.14,335.79,1423,99,0,44.12213740458016,1897.95,0.749756316025185,0,3.0650000000000017,0.9127728639923767,335.01149999999996,0.23238008247480016,319.553,5.0811602457182445,326.7747,2.7588733154678207,0,0,345.09242576157874,324.9305742384212,6.0182565443746165,37.45003168297039,341.28,320.64,1,0,341.28,288.98,1,0,-0.8005908419497776,-0.5272980418876004,Uptrend
2023-11-27 20:00:00,335.78,337.63,335.28,337.23,1733,98,0,50.82956259426859,1859.6,0.9319208431920843,0,2.8892857142857173,0.8567700721423708,335.6505,0.47057877166874346,320.32359999999994,5.277912710771257,326.88045,3.166157535576087,0,0,344.4515656651363,326.84943433486376,5.244184450871525,34.96050204103545,341.28,322.72,1,0,341.28,288.98,1,0,0.4288394532296902,-0.22485872363087397,Uptrend
2023-11-28 16:00:00,335.29,337.23,334.56,335.24,1926,99,0,45.95959595959597,1839.5,1.0470236477303616,0,2.9271428571428624,0.8731484480201832,336.1605,-0.2738275317891317,321.10760000000005,4.401141548814155,326.9627,2.5315731733314,0,0,343.41980103927926,328.90119896072076,4.318949453775354,32.170925853798984,341.28,322.72,1,0,341.28,288.98,1,0,-0.5901017109984363,-0.9630723781388452,Uptrend
2023-11-28 20:00:00,335.22,337.82,334.24,336.9,1996,98,0,54.02777777777768,1801.2,1.108150122140795,0,2.866428571428575,0.8508247466395296,336.6625,0.07054542754240657,321.9214,4.65287489430649,327.0455,3.013189296290569,0,0,342.4539705886225,330.87102941137755,3.440520158094515,29.991833295087478,341.28,325.83,1,0,341.28,288.98,1,0,0.49516764109294176,0.3305637451978787,Uptrend
2023-11-29 16:00:00,337.24,340.61,336.12,340.53,1845,98,0,59.2029580936729,1798.45,1.0258833995940948,0,3.0642857142857167,0.8998577847137453,337.3745,0.9353107600011148,322.82559999999995,5.484199518253826,327.11145,4.102133997449488,0,0,340.8249094341234,333.9240905658766,2.0454476755791564,28.706812028007352,341.28,333.21,1,0,341.28,288.98,1,0,1.0774710596616277,0.9785606262787874,Uptrend
2023-11-29 20:00:00,340.53,342.9,339.4,339.53,1968,98,0,51.72261484098934,1740.1,1.1309694845123843,0,3.084285714285719,0.9083985845980382,337.3715,0.6397991531590388,323.6874,4.894413560737905,327.17945,3.7748550527852522,0,0,340.81389375097797,333.9291062490221,2.0407140205843954,26.850604856716426,342.9,333.94,1,1,342.9,288.98,1,0,-0.293659883123365,1.2796802290895966,Uptrend
2023-11-30 16:00:00,339.97,344.17,339.97,340.99,1817,98,0,54.85214493960845,1693.65,1.0728308682431436,0,3.2900000000000085,0.9648376785242994,337.51599999999996,1.029284537621934,324.6564,5.0310420493789705,327.2473,4.199484609957061,0,0,341.31165069658095,333.72034930341897,2.2491678596457607,25.314435860787142,344.17,333.94,1,0,344.17,288.98,1,0,0.4300061850204706,1.2140100920154444,Uptrend
2023-11-30 20:00:00,341.07,341.29,339.78,340.72,1662,98,0,52.763605442176896,1657.55,1.0026846852281983,0,3.107142857142869,0.9119343910374703,337.707,0.8921935287098087,325.68160000000006,4.617516003360326,327.3099,4.09706519723357,0,0,341.7486156227472,333.6653843772528,2.3935634279107045,24.00461043156556,344.17,333.94,1,0,344.17,288.98,1,0,-0.07918120766003955,0.05579537779345566,Uptrend
2023-12-01 16:00:00,341.38,347.07,340.32,346.98,2191,98,0,63.93835616438364,1659.7,1.3201180936313792,0,3.4242857142857264,0.986882735110302,338.206,2.5942768608481224,326.73,6.197777981819851,327.41544999999996,5.975451066832691,0,0,343.97521558108036,332.4367844189197,3.4116577358653277,22.65452631524332,347.07,333.94,1,0,347.07,288.98,1,0,1.8372857478281324,2.1942096427414506,Uptrend
2023-12-01 20:00:00,346.98,348.36,345.67,347.75,1965,98,0,74.42572741194485,1671.85,1.1753446780512606,0,3.325714285714298,0.956352059155801,338.8355,2.6309226748672954,327.7126,6.1143209019122216,327.52555,6.174922841897369,1,0,345.8239520535802,331.8470479464199,4.124982213245157,24.53482642279362,348.36,333.94,1,0,348.36,292.74,1,0,0.22191480776989625,1.982462828821957,Uptrend
2023-12-04 16:00:00,346.8,349.84,346.32,347.52,1966,98,0,75.81903276131048,1695.55,1.1595057650909735,0,3.4857142857142946,1.0030255196001079,339.409,2.3897421694769405,328.66,5.738453112639188,327.6341,6.06954526406134,0,0,347.2638165578719,331.5541834421281,4.6285257950566505,27.39288455805986,349.84,333.94,1,0,349.84,293.73,1,0,-0.06613946800863024,1.99577365578773,Uptrend
2023-12-04 20:00:00,347.52,349.19,347.06,348.7,1744,98,0,73.65065873353169,1685.1,1.034953415227583,0,3.3628571428571497,0.964398377647591,339.9065,2.587034964026871,329.59700000000004,5.795865860429539,327.7436,6.394144691154907,0,0,348.7799311289333,331.0330688710667,5.221101172783283,29.782773804122467,349.84,333.94,1,0,349.84,298.42,1,0,0.3395488029465987,0.4957058043691193,Uptrend
2023-12-05 16:00:00,345.5,346.21,339.92,340.8,2080,98,0,54.53079651725252,1715.95,1.212156531367464,0,3.8600000000000056,1.1326291079812223,340.01349999999996,0.23131434487161434,330.3606,3.1600015256056673,327.77305,3.974381054208086,0,0,348.87524575885914,331.1517542411408,5.212584652585367,28.801798498119545,349.84,333.94,0,0,349.84,300.07,0,0,-2.265557786062511,-1.99856218547807,Uptrend
2023-12-05 20:00:00,340.79,342.44,340.14,341.22,1798,98,0,54.39844760672708,1740.65,1.0329474621549422,0,3.777142857142865,1.1069523642057515,340.10350000000005,0.3282824199104018,331.1296,3.0472660855447673,327.79525,4.0954681314021535,0,0,348.9764210166857,331.2305789833144,5.217776951243174,30.408952021806932,349.84,333.94,0,0,349.84,300.07,0,0,0.12323943661971537,-1.8128453038673904,Uptrend
2023-12-06 16:00:00,344.14,346.32,342.62,343.18,1670,101,0,62.24726549552535,1757.35,0.950294477480297,0,3.857857142857146,1.1241497589769642,340.3205,0.8402373644843687,331.9354,3.3875868617809344,327.8014,4.691438169574629,0,0,349.2752176040533,331.36578239594667,5.262520244330457,32.89835698301416,349.84,333.94,1,0,349.84,301.75,1,0,0.5744094718949544,-1.5830226555778555,Uptrend
2023-12-06 20:00:00,343.1,344.11,340.85,341.43,1546,98,0,56.889763779527556,1757.25,0.8797837530231897,0,3.922857142857144,1.148949167576705,340.64250000000004,0.23118078337258735,332.6732,2.632252913670232,327.81340000000006,4.153765526363458,0,0,349.2464302524715,332.0385697475286,5.051589424379786,34.36576330950446,349.84,333.94,0,0,349.84,301.75,0,0,-0.5099364764846404,0.18485915492957614,Uptrend
2023-12-07 16:00:00,341.6,343.44,341.36,342.26,1415,98,0,61.97135061391541,1757.3,0.8052125419677916,0,3.8807142857142845,1.1338497883814307,341.0415,0.35728789604784345,333.3872,2.661409916157544,327.77575,4.418951066392182,0,0,349.12764220684943,332.95535779315054,4.742028290896823,36.36772177299115,349.84,334.24,0,0,349.84,302.89,0,0,0.24309521717482685,0.30478869937282793,Uptrend
2023-12-07 20:00:00,342.21,344.21,342.12,343.94,1333,98,0,61.997273346966644,1740.85,0.765717896429905,0,3.7742857142857127,1.0973674810390512,341.36,0.7558003280993626,334.0726,2.953669352110881,327.74379999999996,4.941725823646408,0,0,349.3718753964561,333.3481246035439,4.694091514211451,38.36429086707335,349.84,334.24,1,0,349.84,303.82,1,0,0.4908549056273026,0.22145812693047115,Uptrend
2023-12-08 16:00:00,345.3,348.84,344.76,348.74,1495,98,0,63.45460504752546,1751.25,0.8536759457530335,0,3.8035714285714244,1.0906610737430247,341.89750000000004,2.0013308082100547,334.7704,4.172889837333293,327.7229,6.413070310313997,0,0,350.3856660656358,333.40933393436427,4.965327951000382,39.7406174704299,349.84,334.24,1,0,349.84,307.04,1,0,1.3955922544629962,2.1409952259613982,Uptrend
2023-12-08 20:00:00,348.79,351.76,348.75,350.3,1391,98,0,67.33183134856782,1748.2,0.7956755519963391,0,3.769285714285709,1.0760164756739106,342.4875,2.281105149822986,335.51239999999996,4.407467503436552,327.71695,6.891022878126998,0,0,351.5988529528546,333.3761470471454,5.320692260508537,41.41268006670018,351.76,334.24,1,0,351.76,309.32,1,0,0.4473246544703713,2.3490913340735173,Uptrend
2023-12-11 16:00:00,349.04,351.99,348.48,351.55,1710,98,0,67.10952689565784,1762.55,0.9701852429718306,0,3.6885714285714193,1.0492309567832225,343.2755,2.4104545765718752,336.11960000000005,4.590746865103958,327.6698,7.287885548195165,0,0,352.6695977550529,333.88140224494714,5.4732118983457205,42.52046471423382,351.99,334.24,1,0,351.99,311.9,1,0,0.35683699685984394,2.2125952200965324,Uptrend
2023-12-11 20:00:00,351.46,352.5,350.48,351.25,1310,98,0,67.04435092262864,1741.4,0.7522682898817044,0,3.7249999999999863,1.0604982206405655,343.9765,2.1145339870601663,336.60100000000006,4.352036981470626,327.63419999999996,7.2079776775440525,0,0,353.56157233039244,334.39142766960754,5.573097191460725,43.69324992272171,352.5,334.24,1,0,352.5,319.12,1,0,-0.08533636751528739,0.7197338991799022,Uptrend
2023-12-12 16:00:00,350.35,353.33,349.09,351.76,1321,98,0,59.506762132060416,1711.15,0.7719954416620401,0,3.5457142857142725,1.0079924623931864,344.8025,2.0178217965356926,337.0982,4.349415096253843,327.5981,7.375470126352993,0,0,354.0591968645413,335.5458031354587,5.369274796175382,42.31398222033634,353.33,334.24,1,0,353.33,319.12,1,0,0.14519572953737292,0.4167856123322808,Uptrend
2023-12-12 20:00:00,351.82,352.81,351.27,351.95,1306,98,0,58.55048859934852,1676.65,0.7789341842364238,0,3.463571428571417,0.9841089440464319,345.55499999999995,1.8506460621319443,337.6836,4.2247831994209895,327.5865,7.437272292966892,0,0,354.550000950815,336.5599990491849,5.206118245034823,38.73409836805501,353.33,336.12,1,0,353.33,319.12,1,0,0.05401410052308098,0.11378182335371276,Uptrend
2023-12-13 16:00:00,352.16,353.35,351.27,351.48,1032,100,0,57.98387096774203,1636.0,0.6308068459657702,0,3.360714285714278,0.9561608870246608,346.1025,1.5537304700197188,338.24700000000007,3.9122298202201184,327.55865,7.302921171521502,0,0,355.1425579294781,337.06244207052197,5.2239194628632,34.344153455275276,353.35,339.4,1,0,353.35,319.12,1,0,-0.13354169626366152,0.06548042704626852,Uptrend
2023-12-13 20:00:00,351.41,362.32,351.06,362.13,2763,98,0,69.59439743215646,1675.75,1.6488139638967627,0,4.012857142857135,1.1081261267658398,347.23249999999996,4.290353005551046,339.0032,6.8220005002902635,327.5843,10.545590860123642,0,0,358.2475860665055,336.2174139334944,6.344501777054594,31.749698377194502,362.32,339.78,1,0,362.32,319.12,1,0,3.03004438374872,2.9480327496020027,Uptrend
2023-12-14 16:00:00,370.08,385.5,370.04,383.22,3466,98,0,94.6902654867257,1758.2,1.9713343191900807,0,5.054999999999994,1.3190856427117568,349.344,9.697032151690035,340.20059999999995,12.645303976536221,327.71045,16.93859625166059,0,0,368.5014653855849,330.1865346144151,10.967679642750348,35.974932120234755,385.5,339.78,1,0,385.5,319.12,1,0,5.82387540386049,8.884784770564012,Uptrend
2023-12-14 20:00:00,383.22,385.6,379.55,382.76,3098,98,0,93.72631578947365,1830.0,1.692896174863388,0,5.322857142857138,1.3906513593001195,351.446,8.9100459245517,341.37200000000007,12.124017201176402,327.8532,16.74737351961182,0,0,375.2751192053995,327.61688079460055,13.560614834369705,40.35917627913033,385.6,339.92,1,0,385.6,319.12,1,0,-0.12003548875320069,8.899510640719237,Uptrend
2023-12-15 16:00:00,383.74,384.36,379.79,381.81,2164,98,0,91.54656915465691,1828.65,1.1833866513548246,0,5.284999999999997,1.384196328016552,353.18750000000006,8.104052380109698,342.52939999999995,11.467803931574942,327.99480000000005,16.407333286991115,0,0,380.4814120838691,325.893587916131,15.45576334602387,43.54698468153318,385.6,339.92,1,0,385.6,319.12,1,0,-0.24819730379349592,5.43451246789827,Uptrend
2023-12-15 20:00:00,382.0,382.09,378.29,379.61,1910,98,0,90.66893907115467,1825.9,1.0460594775179364,0,5.323571428571422,1.4023791334715687,354.78049999999996,6.9985526262012865,343.63699999999994,10.468313947566786,328.12965,15.689027187881372,0,0,384.3613540320088,325.1996459679911,16.675580553051176,47.41028482659947,385.6,339.92,1,0,385.6,319.12,1,0,-0.5762028233938343,-0.942017639997916,Uptrend
2023-12-18 16:00:00,379.83,381.97,376.63,377.71,1798,98,0,86.91939179337633,1817.5,0.9892709766162311,0,5.556428571428569,1.4710832573743267,356.29,6.011956552246754,344.78839999999997,9.548349074388817,328.24195,15.070605691929387,0,0,387.3547988294732,325.2252011705268,17.437929119241744,50.57840357044131,385.6,339.92,0,0,385.6,319.12,0,0,-0.5005136850978698,-1.3193646149022917,Uptrend
2023-12-18 20:00:00,377.71,377.77,375.3,375.85,1474,98,0,83.1085287404026,1804.0,0.8170731707317073,0,5.5835714285714255,1.485585054828103,357.64750000000004,5.089508524454941,345.8164,8.684839701066819,328.3443,14.468257862250097,0,0,389.6737477056728,325.6212522943273,17.90939274323055,53.23365600784196,385.6,339.92,0,0,385.6,319.12,0,0,-0.49244129093748423,-1.5609858306487467,Uptrend
2023-12-19 16:00:00,375.96,381.56,375.96,381.36,1819,98,0,83.35378323108387,1790.95,1.0156620787850024,0,5.641428571428569,1.4792921573915903,359.6755,6.02890661165412,346.9428,9.920136691120277,328.4773,16.099346895508457,0,0,392.3402123135372,327.0107876864628,18.16343471464541,55.58174407028688,385.6,340.14,1,0,385.6,320.64,1,0,1.466010376479976,0.4609994468006638,Uptrend
2023-12-19 20:00:00,381.37,383.23,381.14,381.8,1775,98,0,82.96358308915866,1789.8,0.9917309196558275,0,5.575000000000001,1.460188580408591,361.7045,5.555778266513139,348.0416,9.69953017110598,328.6006,16.18968437671752,0,0,394.58297638613305,328.82602361386694,18.17974417577501,57.79166542578367,385.6,340.85,1,0,385.6,322.72,1,0,0.11537654709461442,1.0828413332980413,Uptrend
2023-12-20 16:00:00,379.15,384.55,378.96,384.06,1502,98,0,83.31625333060055,1781.4,0.8431570674750196,0,5.723571428571432,1.490280536523312,363.74850000000004,5.583940552332165,349.19700000000006,9.98376274710262,328.77,16.817227849256327,0,0,396.8600341805434,330.6369658194567,18.205729607431145,59.79986083305171,385.6,340.85,1,0,385.6,322.72,1,0,0.5919329491880454,2.1843820673140826,Uptrend
2023-12-20 20:00:00,384.06,384.09,376.61,376.72,2620,98,0,72.81031703385283,1835.1,1.4277151108931394,0,6.113571428571431,1.6228422777053064,365.51300000000003,3.0661016160847883,349.9396,7.652863522733649,328.90045,14.539216957593112,0,0,397.3535574534614,333.67244254653866,17.422393979673153,61.10216978429149,385.6,341.36,0,0,385.6,325.83,0,0,-1.9111597146279191,-1.216698132997689,Uptrend
2023-12-21 16:00:00,379.44,380.72,376.95,377.12,2154,100,0,72.75664034458009,1872.05,1.1506102935284848,0,6.096428571428573,1.6165752469846664,367.256,2.6858649007776685,350.7200000000001,7.527372262773698,329.0159,14.62060040259453,0,0,397.51422090988456,336.9977790901154,16.47799949347844,63.970079557727345,385.6,342.12,0,0,385.6,333.21,0,0,0.10617965597790047,-1.2257726558407562,Uptrend
2023-12-21 20:00:00,377.13,380.23,376.07,380.06,1897,98,0,74.03796818881483,1900.25,0.9982896987238521,0,6.28357142857143,1.6533103795641293,369.062,2.97998710243807,351.5832,8.099590651657994,329.15325000000007,15.465972157346137,0,0,397.7306460679295,340.3933539320705,15.53595117781267,66.91108189968278,385.6,344.76,1,0,385.6,333.94,1,0,0.7795927025880278,-1.041503931677342,Uptrend
2023-12-22 16:00:00,381.44,382.71,380.14,382.5,1626,100,0,75.66181336863006,1906.8,0.8527375707992448,0,6.324285714285712,1.6534080298786176,370.75,3.169251517194875,352.4932,8.512731593120094,329.27605000000005,16.16392993052484,0,0,398.33562860010517,343.16437139989483,14.880986432963002,70.18229487489458,385.6,348.48,1,0,385.6,333.94,1,0,0.6420038941219897,1.5342960288808591,Uptrend
2023-12-22 20:00:00,382.43,382.57,378.46,380.18,1641,99,0,67.31913260410673,1919.3,0.8549992184650654,0,5.813571428571428,1.5291628777346067,372.244,2.1319349673869765,353.3936,7.57976375350318,329.4125,15.41152809926763,0,0,398.3638633026121,346.12413669738794,14.033732338257748,70.95421332898448,385.6,348.48,1,0,385.6,333.94,1,0,-0.6065359477124166,0.8114128128977519,Uptrend
2023-12-26 16:00:00,379.41,381.77,379.41,380.77,1120,98,0,46.12464409996828,1889.8,0.5926553074399408,0,4.312857142857139,1.132667264452856,373.70500000000004,1.8905286255201135,354.288,7.474709840581665,329.54324999999994,15.544772954688055,0,0,398.16736680032113,349.24263319967895,13.091805996880476,65.60654599480306,385.6,349.09,1,0,385.6,333.94,1,0,0.15518964700931281,0.186812608535489,Uptrend
2023-12-26 20:00:00,380.81,381.99,380.03,380.92,1253,98,0,47.06070287539939,1886.95,0.6640345531148149,0,4.020714285714283,1.0555272198136834,375.18850000000003,1.5276321102592383,355.1314,7.261706512012182,329.6724,15.54500771068492,0,0,397.4134213129807,352.9635786870194,11.847336105973746,60.21179613790179,385.6,349.09,1,0,385.6,333.94,1,0,0.039393859810399334,-0.41307189542483247,Uptrend
2023-12-27 16:00:00,380.7,384.67,379.95,383.75,1438,98,0,52.92344786015673,1892.8,0.7597210481825867,0,4.031428571428571,1.0505351326198231,376.788,1.8477233882183055,356.0332,7.784891970748789,329.86199999999997,16.336528608933445,0,0,396.35965254028514,357.2163474597149,10.38868145497475,54.34149823996135,385.6,351.06,1,0,385.6,333.94,1,0,0.7429381497427334,0.93902888105634,Uptrend
2023-12-27 20:00:00,383.85,385.1,381.8,384.02,1713,98,0,57.055999999999976,1913.15,0.8953819616862242,0,3.9957142857142895,1.0404964027171215,378.3915,1.4874805591563167,356.92519999999996,7.591170362865951,330.04315,16.354482739605398,0,0,394.3086331391105,362.4743668608895,8.413050049544184,49.007039926443035,385.6,351.06,1,0,385.6,333.94,1,0,0.07035830618891126,0.8535336292249914,Uptrend
2023-12-28 16:00:00,383.84,387.18,382.83,387.01,1304,98,0,64.37847866419304,1926.75,0.6767873361878811,0,3.9250000000000034,1.0141856799565911,380.168,1.7997306453988722,357.8886,8.137001290345653,330.26045,17.18327156642583,0,0,390.32847574516876,370.00752425483125,5.345255647591987,45.27239622926678,387.18,351.06,1,0,387.18,333.94,1,0,0.7786052809749533,1.598760894676041,Uptrend
2023-12-28 20:00:00,387.02,387.1,384.8,385.89,1447,98,0,65.88607594936707,1860.95,0.7775598484644939,0,3.912857142857149,1.0139825190746454,381.356,1.1889153441928255,358.9066,7.518223404083391,330.4789999999999,16.76687474847118,0,0,387.3298461559094,375.38215384409057,3.132949871463634,42.464712702636284,387.18,370.04,1,0,387.18,333.94,1,0,-0.2893982067646794,0.5576547231270322,Uptrend
2023-12-29 16:00:00,384.97,385.64,382.81,384.46,1319,99,0,55.632267441860414,1753.6,0.7521669708029197,0,3.7250000000000063,0.9688914321385858,381.418,0.7975501942750404,359.9102,6.821090371987236,330.69870000000003,16.256882775771402,0,0,387.49809556709437,375.33790443290565,3.1881534521676276,37.85052010653276,387.18,375.3,1,0,387.18,333.94,1,0,-0.37057192464173827,0.1145773657621993,Uptrend
2023-12-29 20:00:00,384.46,385.55,383.9,385.11,1548,98,0,55.968265416516424,1676.1,0.9235725792017183,0,3.693571428571435,0.95909517503348,381.5355,0.9368721914474539,360.861,6.719761902782519,330.92385,16.374205123021504,0,0,387.8124368157733,375.2585631842267,3.2903553225182436,32.69456113641779,387.18,375.3,1,0,387.18,333.94,1,0,0.16906830359466607,-0.49094338647579583,Uptrend
2024-01-02 16:00:00,384.02,388.44,381.87,388.39,1979,98,0,57.53043478260869,1666.85,1.1872694003659598,0,3.7635714285714323,0.9690186226657309,381.8645,1.7088522237599897,361.869,7.32889526320297,331.16555,17.279711008587697,0,0,388.85161136757483,374.8773886324252,3.6594715495024084,28.592808894268668,388.44,375.3,1,0,388.44,334.24,1,0,0.8517047077458262,0.6478530151079324,Uptrend
2024-01-02 20:00:00,388.39,388.46,385.41,387.65,1359,98,0,74.67268623024822,1639.3,0.82901238333435,0,3.4471428571428606,0.8892410311215944,382.2665,1.40831069424079,362.85200000000003,6.834191350743538,331.4027,16.972492982103045,0,0,389.6228557196086,374.9101442803914,3.8488100420039877,26.11724269798652,388.46,375.3,1,0,388.46,334.24,1,0,-0.19053013723319134,0.8297352130260619,Uptrend
2024-01-03 16:00:00,380.39,383.01,375.62,381.61,1819,99,0,58.078445483987075,1640.35,1.1089096839089219,0,4.020714285714287,1.0536186907351186,382.4615,-0.2226367882780325,363.76840000000004,4.904659118274147,331.62784999999997,15.071758900828158,0,0,389.5096002292702,375.4133997707298,3.6856521397684086,23.157372255599913,388.46,375.3,1,1,388.46,334.24,1,0,-1.5581065394040916,-0.9088312430214743,Uptrend
2024-01-03 20:00:00,381.61,383.31,380.26,381.03,1553,98,0,51.90719622493113,1644.3,0.9444748525208295,0,3.9414285714285717,1.0344142380989876,382.7205,-0.4417061537074818,364.6444,4.493583337629744,331.8464,14.82119438390772,0,0,389.09405217819335,376.3469478218067,3.330656276940135,20.118864258540533,388.46,375.62,1,1,388.46,334.24,1,0,-0.15198763135139126,-1.8950024459950083,Uptrend
2024-01-04 16:00:00,382.82,386.46,382.01,383.21,1566,101,0,51.41040921732217,1631.65,0.9597646554101675,0,4.140000000000002,1.0803475900942048,382.813,0.10370598699625962,365.6038,4.815650165561737,332.1082,15.387093724274187,0,0,389.1570451979329,376.46895480206706,3.3144356110857927,16.766715188443037,388.46,375.62,1,0,388.46,334.24,1,0,0.572133427814081,-1.1453630852573191,Uptrend
2024-01-04 20:00:00,383.21,384.17,381.47,382.39,1385,98,0,54.668356569497206,1612.15,0.8591012002605216,0,4.0392857142857155,1.0563261890440954,382.8425,-0.11819481901826114,366.5136,4.331735575432941,332.3605,15.052781542933044,0,0,389.17218237331855,376.5128176266814,3.306676961580063,14.098563196898203,388.46,375.62,1,1,388.46,334.24,1,0,-0.21398188982542088,0.20439715940357242,Uptrend
2024-01-05 16:00:00,383.1,388.8,381.76,385.7,1986,98,0,59.34065934065934,1636.35,1.2136767806398387,0,4.3735714285714336,1.1339308863291246,382.92449999999997,0.7248165108265526,367.417,4.9760898379770175,332.6375,15.952049904174967,0,0,389.36216376386443,376.4868362361355,3.362367131831191,13.797717538992357,388.8,375.62,1,0,388.8,334.24,1,0,0.8656084102617756,1.2256252788494386,Uptrend
2024-01-05 20:00:00,385.5,387.19,384.66,385.84,1943,98,0,59.32524639878688,1602.5,1.2124804992199687,0,4.4142857142857155,1.1440715618613195,383.3805,0.6415297595991427,368.3432,4.750135199998249,332.9233500000001,15.89454449500159,0,0,389.2331160592142,377.5278839407858,3.0531631416904093,13.493830106715523,388.8,375.62,1,0,388.8,336.12,1,0,0.03629764065335994,0.6863077685864136,Uptrend
2024-01-08 16:00:00,383.66,385.53,381.31,385.25,1379,98,0,53.106876553438276,1563.75,0.8818545163868905,0,4.400714285714282,1.1423009177713905,383.787,0.3812010307801,369.22839999999997,4.339211176605059,333.18840000000006,15.625273869078255,0,0,388.89011813860606,378.6838818613939,2.6593491382491217,14.305434539226752,388.8,375.62,1,0,388.8,339.4,1,0,-0.1529131246112314,0.7479275085645581,Uptrend
2024-01-08 20:00:00,385.25,388.51,385.04,388.24,1438,98,0,57.85554728220407,1540.8,0.9332814122533749,0,4.412857142857137,1.1366312442966042,384.19599999999997,1.0525877416735312,370.1788,4.879047638600585,333.49555,16.415346471639587,0,0,389.35232835504,379.0396716449599,2.684217615508775,13.891689554053183,388.8,375.62,1,0,388.8,339.78,1,0,0.776119402985076,0.6585429089966348,Uptrend
2024-01-09 16:00:00,383.23,385.42,379.81,383.98,1624,98,0,44.61429079274801,1540.7,1.0540663334847795,0,4.7042857142857075,1.2251382140438845,384.27,-0.07546777005750219,370.91880000000003,3.521309785322282,333.79110000000003,15.036021032316317,0,0,389.36597157718876,379.1740284228112,2.652286973840673,13.724016757034178,388.8,375.62,1,0,388.8,339.78,1,0,-1.097259427158459,-0.48206510470660296,Uptrend
2024-01-09 20:00:00,383.99,384.49,381.61,382.99,1497,98,0,44.82142857142861,1533.5,0.9761982393218128,0,4.745714285714278,1.2391222448926285,384.4105,-0.36952684695137206,371.6236,3.0585786263305126,334.0833,14.6390735484234,0,0,389.17589930394524,379.6451006960548,2.4793283762775626,13.005529862589082,388.8,375.62,1,1,388.8,339.92,1,0,-0.2578259284337747,-0.5866320571057732,Uptrend
2024-01-10 16:00:00,379.49,381.04,377.93,380.23,1362,98,0,42.78895329014667,1545.6,0.8812111801242236,0,4.88714285714285,1.28531227339843,384.3835,-1.0805614705105728,372.2778,2.136092992920879,334.38494999999995,13.710261182508388,0,0,389.24097725294564,379.5260227470544,2.527411948195286,14.363743358227646,388.8,375.62,0,1,388.8,339.92,0,0,-0.7206454476618163,-2.06315681022048,Uptrend
2024-01-10 20:00:00,380.28,382.47,379.81,381.07,1612,98,0,43.15718157181567,1563.55,1.030987176617313,0,4.9592857142857065,1.3014106894496305,384.39099999999996,-0.8639640366189557,372.9252,2.1840304704535853,334.6824,13.860185059029103,0,0,389.22637360443457,379.55562639556535,2.515862028213256,15.989907490563846,388.8,375.62,1,1,388.8,339.92,1,0,0.22091891749729253,-0.7578519714568531,Uptrend
2024-01-11 16:00:00,378.52,379.02,373.57,377.57,2360,98,0,31.809011432414238,1609.65,1.4661572391513682,0,5.025714285714279,1.3310682219758663,384.082,-1.6954712795705085,373.66060000000004,1.0462435696993335,334.97844999999995,12.714713439028705,0,0,389.79927796841713,378.36472203158286,2.9771132041684516,18.170878387867546,388.8,373.57,0,1,388.8,339.92,0,0,-0.9184664234917483,-1.415180553017054,Uptrend
2024-01-11 20:00:00,377.57,379.62,377.57,379.09,2130,98,0,35.9764089121887,1630.5,1.3063477460901565,0,4.954285714285711,1.3068890538620674,383.8355,-1.236336920373454,374.418,1.2478032573220221,335.28165,13.066134099495144,0,0,389.9736549602073,377.69734503979276,3.19832582458228,19.159190510544583,388.8,373.57,0,1,388.8,339.92,0,0,0.40257435707284905,-0.29981853088920996,Uptrend
2024-01-12 16:00:00,384.73,385.26,375.84,377.01,2438,98,0,41.340361445783074,1687.2,1.4449976292081554,0,4.767857142857143,1.2646500471757098,383.3355,-1.6501211080111373,375.0946,0.5106445147437412,335.56730000000005,12.350041258489709,0,0,389.99212305722995,376.6788769427701,3.473001095505071,18.04709136825149,388.8,373.57,0,1,388.8,340.14,0,0,-0.5486823709409339,-1.065421051250427,Uptrend
2024-01-12 20:00:00,377.01,378.54,376.71,377.23,1710,98,0,42.7480916030535,1700.35,1.0056753021436764,0,4.680714285714288,1.2408117821261002,382.9025,-1.481447627006864,375.81059999999997,0.37769025141921303,335.84385,12.323033457364202,0,0,389.9732309977,375.83176900229995,3.6932279092980718,17.276304425802966,388.8,373.57,0,1,388.8,340.85,0,0,0.05835388981725309,-0.09004952723997536,Uptrend
2024-01-16 16:00:00,377.68,384.43,373.52,380.43,2302,98,0,44.89346069066866,1749.5,1.3158045155758789,0,5.07214285714286,1.3332657406468627,382.70099999999996,-0.593413657137023,376.574,1.023968728589864,336.14405,13.17469400395456,0,0,389.81440883563494,375.587591164365,3.7174759593703555,16.72509667370389,388.8,373.52,0,1,388.8,340.85,0,0,0.8482888423508195,0.35347806589465086,Uptrend
2024-01-16 20:00:00,380.48,380.7,375.24,378.66,2023,98,0,43.379481718139914,1773.25,1.1408430847314253,0,5.269285714285717,1.3915612196391793,382.3785,-0.9724657636347099,377.2684,0.3688620621287231,336.43980000000005,12.549109825888605,0,0,389.61581638252636,375.1411836174736,3.785420143928797,16.360332579275646,388.8,373.52,0,1,388.8,341.36,0,0,-0.4652629918776019,0.43765417362935577,Uptrend
2024-01-17 16:00:00,378.3,379.41,374.24,375.35,2763,98,0,31.629392971246006,1812.45,1.5244558470578498,0,5.135714285714288,1.36824677919656,381.7265,-1.670436817983547,377.8006,-0.6486490492603643,336.71964999999994,11.472555878458559,0,0,389.0327144420636,374.4202855579364,3.8279838795910717,17.27807552663096,388.8,373.52,0,1,388.8,342.12,0,0,-0.8741351080124637,-0.4983696948811058,Uptrend
2024-01-17 20:00:00,375.35,377.18,373.43,376.46,2439,98,0,33.9052848318462,1866.45,1.306758820220204,0,5.222857142857147,1.387360448084032,381.16700000000003,-1.234891792836224,378.32380000000006,-0.49264677506413357,337.00335,11.708088361732893,0,0,388.2743871133269,374.05961288667316,3.729277252924238,18.355741180615166,388.8,373.43,0,1,388.8,344.76,0,0,0.29572399094177637,-1.0435559761322786,Uptrend
2024-01-18 16:00:00,379.25,381.0,373.6,374.96,2565,98,0,32.87853577371038,1903.75,1.3473407747866053,0,5.427857142857148,1.4475829802798026,380.83450000000005,-1.5425335677308825,378.792,-1.0116369933895104,337.25260000000003,11.18075887331927,0,0,388.4580852181691,373.210914781831,4.003621110046001,17.651237351111334,388.8,373.43,0,1,388.8,348.48,0,0,-0.3984487063698694,-0.9771298790471783,Uptrend
2024-01-18 20:00:00,374.97,377.09,374.17,376.22,1984,98,0,28.7782485875706,1925.3,1.030488754999221,0,5.388571428571432,1.4322926555131126,380.59399999999994,-1.1492561627350695,379.2914,-0.809773171761865,337.5058,11.470676948366517,0,0,388.49022268121394,372.69777731878594,4.149420474949158,18.12074870803991,388.8,373.43,0,1,388.8,348.48,0,0,0.33603584382335683,0.23178366857599694,Uptrend
2024-01-19 16:00:00,373.21,378.05,371.51,378.0,2642,98,0,38.42879256965937,1979.1,1.334950229902481,0,5.253571428571433,1.389833711262284,380.3335,-0.6135404848639457,379.81620000000004,-0.4781786558867256,337.74019999999996,11.920345875320749,0,0,388.21007760303183,372.4569223969682,4.1419320691087265,16.57035716542215,388.8,371.51,0,1,388.8,349.09,0,0,0.47312742544254327,0.40907400520640186,Uptrend
2024-01-19 20:00:00,378.02,382.78,377.64,381.47,2958,98,0,47.31638418079099,2057.75,1.4374924067549508,0,5.4150000000000045,1.4195087424961343,380.2875,0.3109489530946993,380.40659999999997,0.2795429942593158,337.9881,12.86492039216767,0,0,388.12415308525834,372.4508469147417,4.12143606364044,15.46966192736343,388.8,371.51,1,0,388.8,349.09,1,0,0.9179894179894177,1.7361851930872756,Uptrend
2024-01-22 16:00:00,388.44,392.2,385.02,385.75,3361,98,0,59.24932975871313,2126.5,1.580531389607336,0,5.820000000000001,1.5087491898898253,380.29,1.4357464040600538,381.092,1.2222770354665058,338.2738,14.034843963676764,0,0,388.13395174303804,372.446048256962,4.12524743907966,16.001060728328643,392.2,371.51,1,0,392.2,351.06,1,0,1.1219755157679367,2.5330923395885314,Uptrend
2024-01-22 20:00:00,385.75,386.54,383.7,385.28,2583,98,0,57.142857142857125,2158.5,1.1966643502432244,0,5.8328571428571445,1.5139267916468917,380.262,1.319616474956733,381.555,0.9762681657952237,338.56,13.799621928166342,0,0,388.0261269546654,372.4978730453346,4.083567095668468,16.454719993854614,392.2,371.51,1,0,392.2,351.06,1,0,-0.12184057031756623,1.9259259259259187,Uptrend
2024-01-23 16:00:00,379.47,382.61,377.77,379.22,2758,98,0,52.575710271620416,2227.45,1.238187164695055,0,5.83357142857143,1.5383079554273058,379.9605,-0.19488867921797062,381.475,-0.5911265482665956,338.81925,11.92398306766809,0,0,387.3692500898923,372.55174991010773,3.899747521067213,15.794227446569598,392.2,371.51,0,0,392.2,351.06,0,0,-1.572882059800651,-0.5898235772144598,Uptrend
2024-01-23 20:00:00,379.22,380.48,377.99,380.21,2460,98,0,51.77777777777779,2278.55,1.079633977749007,0,5.865000000000001,1.5425685805212912,379.559,0.1715148369555072,381.42400000000004,-0.31828096816143064,339.0847,12.128326639332291,0,0,385.86711640914496,373.2508835908551,3.323918763167217,15.208092873617543,392.2,371.51,0,0,392.2,370.04,0,0,0.26106218026473726,-1.436163318211282,Uptrend
2024-01-24 16:00:00,382.13,383.98,380.76,382.29,2588,98,0,58.380952380952436,2326.75,1.112281078757924,0,5.461428571428574,1.4286087973602695,379.4745,0.741947087353707,381.4336,0.22452138458699178,339.36019999999996,12.650216495629147,0,0,385.5751280090666,373.37387199093337,3.21530327285054,17.054919155848204,392.2,371.51,0,0,392.2,371.51,0,0,0.5470660950527506,-0.7760589700996554,Uptrend
2024-01-24 20:00:00,382.35,382.38,378.46,378.78,2114,98,0,52.22765162402983,2357.6,0.8966745843230404,0,5.610714285714287,1.4812593816237096,379.264,-0.12761559230510602,381.41700000000003,-0.6913692887312461,339.61995,11.530550546279732,0,0,385.1402909891546,373.3877090108454,3.098786591479601,18.371498139109153,392.2,371.51,0,1,392.2,371.51,0,1,-0.9181511418033583,-0.11602763567323837,Uptrend
2024-01-25 16:00:00,383.47,386.02,381.15,382.68,2775,98,0,53.16990701606087,2428.25,1.1427983115412335,0,5.348571428571428,1.3976616046230343,379.38649999999996,0.8681120704084231,381.5164000000001,0.304993441959485,339.9172500000001,12.580341244817648,0,0,385.44684661157066,373.32615338842925,3.194814054570054,20.076871741422803,392.2,371.51,0,0,392.2,371.51,0,0,1.029621416125459,0.6496409878751288,Uptrend
2024-01-25 20:00:00,382.73,383.98,381.41,382.14,2183,98,0,55.07880910683006,2456.8,0.8885542168674698,0,5.142142857142858,1.345617537327382,379.44,0.7115749525616668,381.6422,0.1304363091922182,340.2115,12.324245359136885,0,0,385.58127365495204,373.29872634504795,3.237019636807951,21.86340006154498,392.2,371.51,0,0,392.2,371.51,0,0,-0.14111006585136865,-0.039237228282203065,Uptrend
2024-01-26 16:00:00,378.53,380.27,376.83,377.65,2679,98,0,53.244920993227915,2472.75,1.0834091598422808,0,5.152142857142857,1.364263963231261,379.444,-0.47279703987941296,381.568,-1.0268156658839334,340.505,10.908797227647165,0,0,385.58024743889325,373.3077525611068,3.234336259839784,21.87462754332798,392.2,371.51,0,1,392.2,371.51,0,1,-1.1749620557910734,-0.29832620518506664,Uptrend
2024-01-26 20:00:00,377.7,378.65,376.54,377.13,1955,98,0,50.96126255380202,2464.0,0.7934253246753247,0,5.034999999999997,1.3350833929944572,379.346,-0.5841632704707598,381.4746,-1.1388962725172302,340.78705,10.664416385540463,0,0,385.5680571991279,373.1239428008721,3.2804127098363516,21.876762820593196,392.2,371.51,0,1,392.2,371.51,0,1,-0.1376936316695332,-1.4502978990279114,Uptrend
2024-01-29 16:00:00,374.6,377.56,373.58,376.07,2111,98,0,51.61290322580647,2447.65,0.8624599105264232,0,4.7907142857142855,1.2738889796352504,379.299,-0.8513072800086436,381.31479999999993,-1.375451464249471,341.05869999999993,10.265476294843108,0,0,385.6089350234171,372.9890649765829,3.327156160926919,21.993001167648497,392.2,371.51,0,1,392.2,371.51,0,1,-0.2810701879988331,-1.5884230910137627,Uptrend
2024-01-29 20:00:00,376.07,380.26,375.72,380.03,2405,98,0,55.133387227162416,2482.4,0.9688204962939091,0,4.906428571428571,1.2910634874690343,379.439,0.1557562612172052,381.381,-0.3542389369161021,341.35079999999994,11.33121703537828,0,0,385.67951583560864,373.1984841643914,3.2893381205456573,21.95382177161421,392.2,371.51,0,0,392.2,371.51,0,0,1.0529954529741703,0.6302131603336412,Uptrend
2024-01-30 16:00:00,386.04,387.14,380.35,383.56,2367,98,0,57.153885743695305,2485.65,0.9522660068794883,0,4.947142857142857,1.2897963440251479,379.5955,1.0444012112893821,381.5098,0.5373911757967995,341.64855000000006,12.26741632592907,0,0,386.09238014193676,373.0986198580633,3.42305435229698,23.76683520025836,392.2,371.51,0,0,392.2,371.51,0,0,0.9288740362602965,1.7049823668231132,Uptrend
2024-01-30 20:00:00,383.53,387.34,383.53,386.31,2491,98,0,56.34504457262712,2509.05,0.9928060421274983,0,4.852142857142858,1.2560231050562651,379.978,1.6664122659732914,381.63480000000004,1.225045514717201,341.95515,12.970955401607492,0,0,387.112469625827,372.84353037417304,3.7552014199911397,24.596974027354957,392.2,371.51,1,0,392.2,371.51,1,0,0.7169673584315417,2.7228973329433375,Uptrend
2024-01-31 16:00:00,388.13,393.16,388.04,391.68,3326,98,0,57.55799133316339,2537.2,1.3108938987860634,0,4.575000000000005,1.1680453431372562,380.79449999999997,2.8586284728377214,381.81840000000005,2.582798524115116,342.28229999999996,14.431859316125914,0,0,389.30409947104636,372.2849005289536,4.469392005948818,23.048582152747223,393.16,371.51,1,0,393.16,371.51,1,0,1.3900753281043787,3.065547456779737,Uptrend
2024-01-31 20:00:00,391.67,391.91,383.09,383.27,2747,98,0,47.86940852236592,2552.6,1.0761576431873385,0,5.002142857142863,1.3051224612265149,381.135,0.560168969000483,381.88019999999995,0.36393612447045876,342.57779999999997,11.878236126217175,0,0,389.45725298441346,372.8127470155865,4.367089343363095,21.231766098268764,393.16,371.51,0,0,393.16,371.51,0,0,-2.147160947712423,-0.07560746688914916,Uptrend
2024-02-01 16:00:00,388.33,388.68,377.6,384.69,3300,98,0,56.43075476134487,2589.35,1.274451117075714,0,5.2571428571428624,1.3665920240044875,381.62149999999997,0.80406895313813,381.9586,0.71510367877566,342.83515,12.208447704385037,0,0,389.5522297732665,373.69077022673343,4.156332792186255,19.430321972815637,393.16,371.51,0,0,393.16,371.51,0,0,0.3704959949904829,-0.41935233361807994,Uptrend
2024-02-01 20:00:00,384.65,384.87,382.44,383.15,2030,98,0,53.41225626740945,2591.65,0.7832847799664306,0,5.252857142857148,1.3709662385115877,381.96799999999996,0.3094500062832532,382.0032,0.3002069092614891,343.09885,11.673355943921102,0,0,389.5006254596602,374.4353745403397,3.9441133601036045,17.69236228051404,393.16,371.51,0,0,393.16,371.51,0,0,-0.400322337466541,-2.1777982026143867,Uptrend
2024-02-02 16:00:00,381.12,386.31,379.92,385.73,2652,98,0,53.946764570904065,2592.15,1.0230889416121751,0,5.440000000000002,1.4103129131776118,382.35450000000003,0.8828194777359722,382.04280000000006,0.9651274673936955,343.34939999999995,12.343286459798701,0,0,389.8228485809144,374.88615141908565,3.906504869650745,15.869928670648916,393.16,373.58,1,0,393.16,371.51,1,0,0.6733655226412782,0.6418451744201311,Uptrend
2024-02-02 20:00:00,385.86,388.18,384.53,387.13,2310,98,0,60.06751868820834,2559.75,0.902431878113097,0,5.420714285714289,1.400231003981683,382.6375,1.1740877462350152,382.105,1.3150835503330176,343.6118,12.664931763111737,0,0,390.3883352690629,374.88666473093707,4.0512679855282965,14.417030112422367,393.16,373.58,1,0,393.16,371.51,1,0,0.362948176185407,0.6342769502716468,Uptrend
2024-02-05 16:00:00,383.37,384.38,380.43,383.89,2418,98,0,51.482479784366554,2512.6,0.9623497572235932,0,5.382142857142859,1.4020013173416497,382.5445,0.35172378638301127,382.04259999999994,0.48355863979568,343.81534999999997,11.655864114269484,0,0,390.1818940857325,374.90710591426756,3.9929441336798552,13.245287049643043,393.16,373.58,0,0,393.16,371.51,0,0,-0.8369281636659509,0.19313584757927943,Uptrend
2024-02-05 20:00:00,383.89,384.79,382.21,382.28,1916,98,0,50.16714422158547,2479.25,0.772814359181204,0,5.382857142857148,1.408092796603837,382.3945,-0.029942899283337213,381.9704,0.08105340099651412,344.00595,11.125984884854459,0,0,389.9227414945145,374.86625850548546,3.9374214297091257,11.998257663641793,393.16,373.58,0,0,393.16,371.51,0,0,-0.4193909713720134,-0.8944080055997836,Uptrend
2024-02-06 16:00:00,384.09,386.33,382.69,383.55,2605,98,0,57.630625969994846,2471.6,1.0539731348114583,0,5.292857142857149,1.3799653611933642,382.611,0.2454189764538974,381.9522,0.4183245966380103,344.2019,11.431691690255047,0,0,390.0026564627211,375.21934353727886,3.863797153098646,10.708290393763278,393.16,373.58,0,0,393.16,371.51,0,0,0.33221722297793743,-0.9247539586185478,Uptrend
2024-02-06 20:00:00,383.64,384.56,382.32,384.2,2084,98,0,59.11317349832427,2452.8,0.8496412263535551,0,5.302142857142867,1.380047594258945,382.8105,0.36297332492186035,381.934,0.5932962239549143,344.41305,11.552102918283728,0,0,390.1444569989798,375.47654300102016,3.831638368842981,9.301511463925264,393.16,373.58,0,0,393.16,371.51,0,0,0.16946943032198902,0.08075229883560454,Uptrend
2024-02-07 16:00:00,384.98,385.72,381.83,385.52,2469,98,0,62.099871959026835,2446.85,1.0090524551974989,0,5.295714285714297,1.3736548780126316,382.97200000000004,0.6653227912223203,381.87660000000005,0.9540778356149417,344.62760000000003,11.865677618391548,0,0,390.39935654609934,375.54464345390073,3.8787987352074325,9.66148120606003,393.16,373.58,1,0,393.16,371.51,1,0,0.3435710567412764,0.8475463011405276,Uptrend
2024-02-07 20:00:00,385.53,386.47,384.99,386.06,1907,98,0,58.4619702497895,2436.5,0.7826800738764621,0,5.0771428571428725,1.3151175612969155,383.33599999999996,0.7106037523217351,381.84479999999996,1.1039039945024887,344.8432,11.952330798461439,0,0,390.6103193568187,376.0616806431812,3.7952706538487133,9.286184613704677,393.16,373.58,1,0,393.16,371.51,1,0,0.1400705540568703,0.6544127232433818,Uptrend
2024-02-08 16:00:00,385.99,387.26,382.73,383.45,1950,98,0,49.84154422356668,2395.25,0.8141112618724559,0,4.892857142857155,1.2760091649125453,383.3745,0.0196935372592535,381.88159999999993,0.4107032127235389,345.06674999999996,11.123427568724033,0,0,390.6423483748441,376.1066516251559,3.7915137156196392,8.58556559093206,393.16,373.58,0,0,393.16,371.51,0,0,-0.676060715950888,-0.1952108276939094,Uptrend
2024-02-08 20:00:00,383.33,385.39,380.48,384.36,1699,98,0,47.033769394584766,2371.05,0.7165601737626789,0,4.971428571428581,1.2934302662682333,383.4855,0.22803991285198838,381.9482,0.6314468820641197,345.282,11.317705527655665,0,0,390.7417640089887,376.2292359910113,3.7843746420601008,8.828020987069353,393.16,373.58,0,0,393.16,371.51,0,0,0.23731907680271114,-0.3008923013073169,Uptrend
2024-02-09 16:00:00,383.84,385.57,382.04,384.23,1837,98,0,36.51827723488971,2328.95,0.7887674703192427,0,4.73428571428572,1.232148898910996,383.8145,0.108255420261613,381.9686,0.5920381937154094,345.4897,11.213156282227803,0,0,390.5335208402976,377.0954791597024,3.501181346873355,11.21268204199049,393.16,373.58,0,0,393.16,371.51,0,0,-0.03382245811218709,-0.47401958244832,Uptrend
2024-02-09 20:00:00,384.23,384.95,383.38,383.59,1508,98,0,50.80563947633432,2306.6,0.65377612069713,0,4.216428571428573,1.099201900839066,384.1375,-0.14252708990921575,381.99260000000004,0.41817564005164926,345.7267,10.951800945660253,0,0,390.0796983349895,378.1953016650105,3.09378716474673,13.534225479037442,393.16,373.58,0,0,393.16,371.51,0,0,-0.16656690003384877,0.0365106272004137,Uptrend
2024-02-12 16:00:00,384.17,395.1,383.69,394.41,3038,98,0,66.60970608339022,2352.95,1.2911451582056568,0,4.2471428571428635,1.0768344760890605,385.0545,2.429656061674388,382.1668,3.20362731665859,346.04285000000004,13.97721409357251,0,0,391.4013698459808,378.7076301540192,3.296608581892065,14.662469922417761,395.1,375.72,1,0,395.1,371.51,1,0,2.820720039625657,2.614736184826728,Uptrend
2024-02-12 20:00:00,394.4,395.82,390.5,391.97,2192,98,0,64.62201591511936,2342.3,0.9358323015839132,0,4.4535714285714345,1.1362021145933194,385.6515,1.6383963241424004,382.2894,2.5322700550943935,346.35384999999997,13.170389184355843,0,0,392.24964096622966,379.05335903377033,3.421815274272064,15.922096428147027,395.82,377.6,1,0,395.82,371.51,1,0,-0.6186455718668382,2.014418447284181,Uptrend
2024-02-13 16:00:00,385.36,386.15,377.05,378.34,3128,98,0,41.0337296772628,2380.35,1.3140924653937447,0,5.06285714285715,1.3381765456618784,385.39050000000003,-1.8294431232736812,382.1512,-0.9973015916213378,346.60560000000004,9.155766669667177,0,0,392.7104754816765,378.07052451832357,3.798731666544175,16.47260247611383,395.82,377.05,0,1,395.82,371.51,0,1,-3.4773069367553755,-1.3686488177481166,Uptrend
2024-02-13 20:00:00,378.24,378.52,374.63,378.06,2905,98,0,38.68795210775761,2401.05,1.2098873409549988,0,5.0800000000000045,1.3437020578744125,384.97799999999995,-1.7969858017860632,381.94759999999997,-1.0178359544607596,346.8591,8.995266377615577,0,0,392.9780305262397,376.9779694737602,4.156097504917037,17.860342836603326,395.82,374.63,0,1,395.82,371.51,0,1,-0.07400750647564847,-4.1454324180421445,Uptrend
2024-02-14 16:00:00,377.64,380.31,374.95,377.47,2646,98,0,41.42628205128214,2367.05,1.1178471092710336,0,4.98428571428572,1.3204455226337775,384.26750000000004,-1.768950015288832,381.81739999999996,-1.1386070933383174,347.10855000000004,8.746961145151852,0,0,392.2853665622625,376.2496334377376,4.173065149804467,17.576732029080933,395.82,374.63,0,1,395.82,371.51,0,1,-0.15605988467438658,-3.699262698675919,Uptrend
2024-02-14 20:00:00,377.47,378.16,375.32,377.44,2322,98,0,43.25153374233136,2345.8,0.9898542075198226,0,5.002857142857148,1.3254708411554545,383.976,-1.7021897201908456,381.7064,-1.1177177013537045,347.35350000000005,8.661637208204304,0,0,392.5511130727383,375.4008869272617,4.466483880627073,17.4522313422376,395.82,374.63,0,1,395.82,371.51,0,1,-0.007947651468998007,-0.2378812708146052,Uptrend
2024-02-15 16:00:00,380.67,385.22,380.4,384.2,2336,98,0,50.78597339782343,2297.6,1.0167130919220055,0,5.269285714285721,1.3714955008552112,383.9515,0.0647217161542483,381.7858,0.6323441049929028,347.6543,10.51208053517532,0,0,392.52082171974905,375.38217828025097,4.463752176902052,17.57839316826325,395.82,374.63,0,0,395.82,371.51,0,0,1.7910131411615016,1.6240808337300923,Uptrend
2024-02-15 20:00:00,384.02,386.7,383.48,384.81,1971,98,0,50.73832001936579,2294.65,0.8589545246551762,0,5.339285714285718,1.38751220453879,384.0345,0.20193498240393049,381.86060000000003,0.7723760974554507,347.96115,10.589932238124868,0,0,392.6032915379459,375.46570846205407,4.462511330594472,18.007098463709365,395.82,374.63,0,0,395.82,371.51,0,0,0.158771473191055,1.9445253927464365,Uptrend
2024-02-16 16:00:00,380.53,387.0,379.76,385.53,2494,98,0,50.01228199459592,2286.75,1.0906308079151634,0,5.57857142857143,1.4469876348329394,384.0245,0.39203227919051614,382.0198,0.9188528971534977,348.28705,10.693176791959376,0,0,392.58542340074393,375.46357659925604,4.458529807730468,17.406689941252928,395.82,374.63,0,0,395.82,371.51,0,0,0.1871053247056942,2.143387028401859,Uptrend
2024-02-16 20:00:00,385.52,386.14,382.52,383.8,2017,98,0,47.303102625298344,2272.1,0.8877250121033405,0,5.731428571428572,1.4933373036551778,383.858,-0.015109754127826624,382.1139999999999,0.4412295807010716,348.59785000000005,10.098212022822274,0,0,392.2932208968508,375.4227791031492,4.394969440184031,17.252455892454545,395.82,374.63,0,0,395.82,371.51,0,0,-0.4487329131325657,-0.10411244143674576,Uptrend
2024-02-20 16:00:00,381.38,384.93,381.18,381.98,2217,112,0,48.212113840914654,2262.05,0.9800844366835392,0,5.675714285714288,1.4858668741070966,383.7625,-0.46447998436532245,382.2134,-0.061065362962146416,348.8843,9.486153432527638,0,0,392.239341206595,375.285658793405,4.417753796473078,16.194873975582066,395.82,374.63,0,1,395.82,371.51,0,0,-0.4742053152683723,-0.7354278734960069,Uptrend
2024-02-20 20:00:00,381.83,384.2,381.81,383.95,2005,112,0,49.51387242115245,2266.5,0.884623869402162,0,5.49571428571429,1.4313619704946712,383.846,0.027094199236148087,382.3478,0.41904255758761577,349.18045,9.957473277785162,0,0,392.2942060381408,375.3977939618592,4.401872645874035,14.614282660482276,395.82,374.63,0,0,395.82,371.51,0,0,0.5157338080527651,-0.40982543511529174,Uptrend
2024-02-21 16:00:00,379.99,384.91,379.75,384.51,2218,112,0,50.328638497652555,2247.15,0.987028013261242,0,5.612142857142865,1.4595570614919937,383.894,0.16046096057765566,382.42940000000004,0.5440481301908136,349.4829500000001,10.022534718789545,0,0,392.3460328292719,375.4419671707281,4.403315930580785,11.398603282527716,395.82,374.63,0,0,395.82,371.51,0,0,0.14585232452142272,0.18499218342886387,Uptrend
2024-02-21 20:00:00,384.51,388.05,382.87,387.49,3009,112,0,54.33911882510017,2293.4,1.3120258132031044,0,5.870000000000009,1.5148778032981518,384.0585,0.8934836750130588,382.606,1.276508993586095,349.80454999999995,10.773287540142078,0,0,392.66231133413584,375.4546886658641,4.4804691650547275,9.14333123943348,395.82,374.63,0,0,395.82,371.51,0,0,0.7750123533848408,1.442483899680609,Uptrend
2024-02-22 16:00:00,390.06,394.89,388.45,389.91,3018,112,0,43.8423645320197,2320.85,1.3003856345735398,0,5.576428571428575,1.4301835222047585,384.27799999999996,1.4656056292580013,382.8972,1.8315098674004475,350.1657,11.350140804767573,0,0,393.25471748702296,375.30128251297697,4.671991364076526,7.807894969712968,395.82,374.63,1,0,395.82,371.51,1,0,0.6245322459934588,1.5522854538351443,Uptrend
2024-02-22 20:00:00,389.97,391.34,388.36,389.73,2410,112,0,46.732788798133,2346.0,1.0272804774083546,0,5.409285714285716,1.3879572304635812,384.4615,1.3703582803479717,383.16259999999994,1.7139981824948674,350.52389999999997,11.18500050923776,0,0,393.7366763211915,375.1863236788085,4.8250221783931595,6.4735237321159085,395.82,374.63,1,0,395.82,371.51,1,0,-0.04616449949988999,1.3575719747210808,Uptrend
2024-02-23 16:00:00,390.38,396.05,390.38,393.58,2506,112,0,81.10204081632669,2373.8,1.055691296655152,0,4.795,1.2183037755983537,384.968,2.2370690550902843,383.535,2.61905693091894,350.95439999999996,12.145623477010126,0,0,395.0792789549581,374.8567210450419,5.253049061198902,8.814721275572886,396.05,374.63,1,0,396.05,371.51,1,0,0.9878633926051261,1.5716534620248201,Uptrend
2024-02-23 20:00:00,393.58,393.59,390.19,390.33,1759,112,0,72.33345467783039,2376.8,0.7400706832716256,0,4.759999999999999,1.2194809520149614,385.2665,1.3142850468441913,383.81719999999996,1.6968494377010794,351.37705,11.085798005305124,0,0,395.650999126341,374.882000873659,5.39081343762875,11.11751477009459,396.05,374.63,1,0,396.05,371.51,1,0,-0.8257533411250573,0.10771716549972021,Uptrend
2024-02-26 16:00:00,391.52,395.45,390.62,390.81,2379,112,0,74.37865497076022,2403.9,0.9896418320229626,0,4.742857142857141,1.2135966691889002,385.5955,1.3523238730742415,384.0734,1.7539876492357998,351.8032999999999,11.087644715100765,0,0,396.2550239846186,374.9359760153814,5.528863269731416,14.413120398035455,396.05,374.63,1,0,396.05,371.51,1,0,0.12297286911076011,0.27711492571780055,Uptrend
2024-02-26 20:00:00,390.73,390.98,388.16,389.51,1956,112,0,71.07928746070559,2426.3,0.8061657668054238,0,4.741428571428567,1.21728031922892,385.8915,0.9376988091212124,384.23420000000004,1.3730688210471493,352.21085,10.590005958078804,0,0,396.64490685304327,375.13809314695675,5.573279977943675,16.863501857104378,396.05,374.63,1,0,396.05,371.51,1,0,-0.33264246053069657,-1.0340972610396852,Uptrend
2024-02-27 16:00:00,393.91,393.91,388.94,390.59,2246,112,0,63.92156862745099,2386.7,0.9410483093811539,0,4.540714285714281,1.1625270195638089,385.70050000000003,1.2676934564512985,384.33099999999996,1.628544145541217,352.63410000000005,10.763536481582445,0,0,395.9402707108234,375.46072928917664,5.309700511574858,19.359478921127714,396.05,374.63,1,0,396.05,373.58,1,0,0.27727144360862876,0.06661030410165525,Uptrend
2024-02-27 20:00:00,390.59,391.3,388.68,390.1,1748,112,0,61.585632939115314,2364.5,0.7392683442588285,0,4.497857142857141,1.1530010619987545,385.60699999999997,1.1651759433827842,384.4274,1.4755972128937858,353.03445,10.499131175441951,0,0,395.63774662696886,375.5762533730311,5.202574967243277,21.269232466198616,396.05,374.63,1,0,396.05,373.58,1,0,-0.1254512404311292,-0.18167395921291152,Uptrend
2024-02-28 16:00:00,387.37,391.82,386.97,391.49,2228,112,0,62.68085106382992,2319.5,0.960551843069627,0,4.327142857142852,1.1053009929098705,386.2645,1.3528294730683277,384.6728,1.772207444872633,353.42495,10.770334691990472,0,0,396.00945491603204,376.51954508396796,5.045741928669107,24.259229634536563,396.05,374.63,1,0,396.05,373.58,1,0,0.35631889259164495,0.5083309799491716,Uptrend
2024-02-28 20:00:00,391.49,392.65,390.62,392.39,2174,112,0,68.94574327304811,2282.95,0.9522766595851859,0,4.213571428571421,1.073822326912363,386.981,1.3977430416480374,384.9164,1.941616413330265,353.8271,10.898797746130812,0,0,396.28318061586793,377.67881938413205,4.807564513951816,27.244586937885522,396.05,374.95,1,0,396.05,373.58,1,0,0.2298909295256557,0.4608412913797106,Uptrend
2024-02-29 16:00:00,395.11,395.11,384.88,386.47,2343,112,0,58.38625326858429,2267.8,1.0331598906429138,0,4.676428571428565,1.2100366319322498,387.431,-0.24804416786471808,385.0,0.3818181818181889,354.20865,9.108007384912833,0,0,395.59732597927,379.26467402072996,4.215628578647567,29.25366506944608,396.05,375.32,0,0,396.05,373.58,0,0,-1.5087030760213005,-0.9305306331709806,Uptrend
2024-02-29 20:00:00,386.6,388.65,384.99,387.05,2022,112,0,56.1071710007881,2252.8,0.8975497159090908,0,4.76714285714285,1.231660730433497,387.91150000000005,-0.2220867388566812,385.1653999999999,0.4892962867381368,354.58254999999997,9.156527866360047,0,0,394.5997403475852,381.22325965241487,3.4483331108178943,31.375856477312542,396.05,379.75,0,1,396.05,373.58,0,0,0.15007633192745118,-1.134128585659914,Uptrend
2024-03-01 16:00:00,388.72,389.81,384.36,387.0,1970,112,0,55.00603136308809,2234.5,0.8816289997762363,0,4.787857142857133,1.2371723883351764,388.0515,-0.2709691883680326,385.25179999999995,0.45378113742753545,354.93945,9.032681489758316,0,0,394.5264436900386,381.57655630996135,3.3371568928550097,33.94046418939008,396.05,379.75,0,1,396.05,373.58,0,0,-0.01291822761917416,-1.3736333749585838,Uptrend
2024-03-01 20:00:00,387.0,388.46,386.26,387.31,1705,112,0,49.594594594594575,2221.2,0.7676030974248155,0,4.574999999999989,1.1812243422581366,388.17650000000003,-0.22322319872532995,385.35519999999997,0.5072722516784604,355.30475,9.007830601758066,0,0,394.48227437956774,381.8707256204323,3.248921240501528,35.8477311135124,396.05,379.75,0,1,396.05,373.58,0,0,0.08010335917312261,0.21735192899836336,Uptrend
2024-03-04 16:00:00,385.69,395.92,385.69,395.55,1791,112,0,60.06423982869381,2186.05,0.8192859266713935,0,4.777142857142849,1.207721617277929,388.6775,1.7681754153507736,385.7132,2.5502886600717942,355.7239,11.195789768413086,0,0,395.6544209767263,381.7005790232737,3.590082254170267,37.88371366720821,396.05,379.75,1,0,396.05,373.58,1,0,2.1274947716299675,2.19609869525901,Uptrend
2024-03-04 20:00:00,395.58,395.68,390.98,391.47,1652,112,0,52.725563909774465,2167.8,0.7620629209336655,0,4.899999999999993,1.2516923391319879,389.06100000000004,0.6191831101035549,386.0,1.417098445595862,356.11870000000005,9.926830576434199,0,0,395.74616629716456,382.3758337028355,3.4365645989521063,39.81232102728769,396.05,379.75,1,0,396.05,373.58,1,0,-1.031475161167994,1.1550387596899296,Uptrend
2024-03-05 16:00:00,391.92,396.75,390.08,394.1,1974,113,0,50.84690553745935,2155.65,0.9157330735509011,0,4.924999999999995,1.2496828216188771,389.66700000000003,1.1376380345269146,386.3606,2.0031545659676597,356.5304,10.53755864857528,0,0,395.8261287832055,383.50787121679457,3.1612267824606444,37.881567094317724,396.75,379.75,1,0,396.75,373.58,1,0,0.6718267044728776,1.7531176576902274,Uptrend
2024-03-05 20:00:00,394.11,394.34,389.71,390.21,2081,112,0,49.8085513720485,2159.45,0.9636713051934521,0,5.012857142857139,1.284656247368632,389.98,0.05897738345555191,386.5642,0.9431292395933072,356.9343,9.322640048882938,0,0,395.5210810269347,384.4389189730653,2.841725743337969,35.20575759172974,396.75,379.75,1,0,396.75,373.58,1,0,-0.9870591220502489,-1.3500189609404707,Uptrend
2024-03-06 16:00:00,390.46,394.23,383.8,390.17,2724,113,0,48.9644012944984,2184.75,1.2468245794713353,0,5.392142857142853,1.3819983230752886,390.26300000000003,-0.023830083815277833,386.6964,0.8982757532782911,357.33815000000004,9.187893875870788,0,0,395.1696103638708,385.3563896361293,2.5145147574178206,31.651451201602423,396.75,382.87,1,1,396.75,374.63,1,0,-0.010250890546104063,-0.33208164099420423,Uptrend
2024-03-06 20:00:00,390.17,390.7,385.82,388.96,2509,112,0,49.107432651736424,2159.75,1.1617085310799862,0,5.539285714285711,1.4241273432449897,390.3365,-0.3526444490843212,386.7493999999999,0.5715845971577607,357.73830000000004,8.727525121017218,0,0,395.11045687142354,385.56254312857646,2.4460724894666708,28.500324068211278,396.75,383.8,1,1,396.75,374.63,1,0,-0.3101212292077937,-1.3042375031717945,Uptrend
2024-03-07 16:00:00,392.96,393.83,386.45,387.36,1835,112,0,44.845196297478495,2100.6,0.8735599352565934,0,5.7114285714285655,1.4744497551188986,390.209,-0.7301215502461474,386.66299999999995,0.1802603300548694,358.1052,8.16933124679563,0,0,395.16370387874014,385.25429612125987,2.53951286553623,25.900645358983983,396.75,383.8,0,1,396.75,374.63,0,0,-0.41135335252981964,-0.73037595141077,Uptrend
2024-03-07 20:00:00,387.35,389.17,386.82,387.65,1473,112,0,46.06488917442972,2053.75,0.7172245891661595,0,5.692142857142853,1.4683716902212958,390.10499999999996,-0.6293177477858485,386.7506000000001,0.2325529682435917,358.4746,8.138763527457723,0,0,395.1877033834267,385.0222966165732,2.605812990567538,23.656842078556917,396.75,383.8,0,1,396.75,374.63,0,0,0.07486575795125905,-0.645872312069108,Uptrend
2024-03-08 16:00:00,388.72,394.81,386.74,387.3,2095,112,0,43.037554004652684,2033.2,1.0303954357662797,0,5.9221428571428545,1.5290841355907188,389.791,-0.6390604195581697,386.8028,0.1285409516166948,358.85865000000007,7.925502144089306,0,0,394.74407198665153,384.83792801334846,2.5413988453563765,22.03411005577815,396.75,383.8,0,1,396.75,374.63,0,0,-0.09028763059459877,-0.4267791032496833,Uptrend
2024-03-08 20:00:00,387.31,389.78,386.07,386.33,1860,112,0,39.95358090185673,2038.25,0.9125475285171103,0,6.0421428571428555,1.5639848981810514,389.591,-0.8370316562754335,386.86640000000006,-0.1386525167344777,359.25050000000005,7.537776565377066,0,0,394.77029846902735,384.41170153097266,2.6588388689817495,20.00618531020165,396.75,383.8,0,1,396.75,374.63,0,0,-0.2504518461141303,-0.26590251961999933,Uptrend
2024-03-11 12:00:00,384.05,384.45,380.72,382.61,314,129,0,43.09728183118737,1935.0,0.16227390180878554,0,5.712142857142851,1.4929413389986803,389.18100000000004,-1.6884174715620819,386.8039999999999,-1.0842700695959462,359.65165,6.383496363773111,0,0,395.18636216530984,383.17563783469024,3.0861538283265646,18.621309915061822,396.75,380.72,0,1,396.75,374.63,0,0,-0.9629073589936032,-1.3001418805623537,Uptrend
2024-03-11 16:00:00,382.61,385.38,380.99,385.36,1683,112,0,47.195486226352465,1921.35,0.8759466000468421,0,5.76428571428571,1.4958183813280335,388.9735,-0.9289835939980456,386.7686,-0.3641970935592958,360.0707,7.023426232681533,0,0,395.21321077262473,382.73378922737527,3.2082960780745897,17.40886525472477,396.75,380.72,0,1,396.75,374.63,0,0,0.7187475497242524,-0.5009036922282463,Uptrend
2024-03-11 20:00:00,385.36,385.8,384.35,385.43,969,112,0,47.39635157545606,1857.5,0.5216689098250337,0,5.478571428571423,1.4214180080874408,388.7155,-0.8452197043853443,386.79940000000005,-0.35403364121041586,360.4813,6.92094153011544,0,0,395.0988417250404,382.3321582749596,3.2843257987090277,15.775940903534153,396.75,380.72,0,1,396.75,374.63,0,0,0.018164832883527104,-0.23296145782102795,Uptrend
2024-03-12 12:00:00,386.58,386.61,383.1,386.21,243,115,0,48.20378837361198,1782.25,0.1363445083461916,0,5.572142857142852,1.4427753960650558,388.521,-0.5948198424280889,386.87799999999993,-0.1726642507457001,360.91935000000007,7.007285699699922,0,0,394.96350000508227,382.07849999491776,3.316423053107684,14.421077944491648,396.75,380.72,0,1,396.75,374.63,0,0,0.20237137742260547,0.9409058832753889,Uptrend
2024-03-12 16:00:00,386.45,388.51,383.55,386.68,1924,113,0,30.590809628008657,1767.05,1.0888203503013498,0,5.195714285714279,1.3436728782751315,388.28049999999996,-0.4122020034485261,386.94059999999996,-0.06734883855557003,361.3418,7.012252664928339,0,0,394.6145366275935,381.9464633724064,3.2626086695538654,12.392685705469495,396.75,380.72,0,1,396.75,374.63,0,0,0.12169545066156306,0.34253684866099054,Uptrend
2024-03-12 20:00:00,386.72,387.91,386.1,387.41,1102,112,0,39.58974358974355,1713.45,0.6431468674312061,0,4.989285714285708,1.2878567187955157,388.0315,-0.16016740908920257,387.00479999999993,0.10470154375348655,361.7811,7.08409035187301,0,0,394.06997061499175,381.99302938500824,3.112361040272118,10.339221565591279,396.75,380.72,0,1,396.75,374.63,0,0,0.18878659356573735,0.5137119580728066,Uptrend
2024-03-13 12:00:00,387.68,390.22,387.6,390.07,333,120,0,39.682539682539556,1612.95,0.20645401283362783,0,4.713571428571421,1.2083911678856156,388.2115,0.47873388603892264,387.09579999999994,0.7683369336479635,362.2231,7.687775848641349,0,0,394.2685803284223,382.1544196715777,3.120505357735293,9.359876792253772,396.75,380.72,1,0,396.75,374.63,1,0,0.68661108386463,0.9994562543693882,Uptrend
2024-03-13 16:00:00,390.22,394.6,389.47,392.13,2429,112,0,55.42372881355941,1633.3,1.487173207616482,0,4.749285714285707,1.211150820974092,388.4655,0.9433270135957955,387.2172,1.2687452933392434,362.69,8.11712481733712,0,0,394.73966247291526,382.1913375270848,3.2302289253049428,9.41915934458731,396.75,380.72,1,0,396.75,374.63,1,0,0.5281103391698849,1.409434157442844,Uptrend
2024-03-13 20:00:00,392.13,392.44,390.24,391.64,1542,112,0,54.049586776859435,1611.9,0.9566350269867857,0,4.161428571428563,1.062564746049577,388.6975,0.757015416873017,387.381,1.099434406953365,363.14599999999996,7.846430912084955,0,0,395.08560695949984,382.30939304050014,3.2869297896178136,12.221412295705196,396.75,380.72,1,0,396.75,374.63,1,0,-0.12495855966133673,1.0918664980253379,Uptrend
2024-03-14 12:00:00,390.68,392.62,387.86,387.94,383,117,0,47.52906976744189,1545.8,0.24776814594384786,0,4.152857142857134,1.0704895455114538,388.729,-0.20296916360754855,387.4526,0.12579603285665902,363.5922,6.696458284858699,0,0,395.0944723229648,382.36352767703517,3.2750179806316586,14.566518424791814,396.75,380.72,0,1,396.75,374.63,0,0,-0.9447451741395163,-0.5460558361319752,Uptrend
2024-03-14 16:00:00,388.03,390.36,385.45,387.26,2159,113,0,49.746450304259575,1564.2,1.3802582789924562,0,3.9764285714285643,1.0268110756154947,388.3145,-0.2715582343693111,387.5132,-0.06533970971827348,364.0482999999999,6.3759946139015256,0,0,393.8331210138433,382.7958789861567,2.8423460951591046,15.550789636067481,396.75,380.72,0,1,396.75,374.63,0,0,-0.17528483786152238,-1.2419350725524712,Uptrend
2024-03-14 20:00:00,387.21,388.68,384.48,388.08,1467,112,0,51.061728395061756,1554.95,0.9434386957779992,0,4.108571428571419,1.0586918750184031,388.145,-0.016746319030258725,387.603,0.12306406297164249,364.50765,6.466901311947766,0,0,393.4600293359305,382.82997066406944,2.7386823666055453,16.20744036178517,396.75,380.72,0,1,396.75,374.63,0,0,0.2117440479264543,-0.9089980594423456,Uptrend
2024-03-15 12:00:00,387.73,390.24,385.47,386.3,267,123,0,47.69372693726937,1469.6,0.1816820903647251,0,3.8728571428571326,1.0025516807810335,387.755,-0.3752369408518224,387.4408,-0.2944449835949164,364.96254999999996,5.846476576843309,0,0,392.3222818128065,383.18771818719347,2.3557565023308675,14.8584829789445,394.81,380.72,0,1,396.75,374.63,0,0,-0.4586683158111615,-0.4227457854307332,Uptrend
2024-03-15 16:00:00,386.3,389.91,386.2,387.52,1862,112,0,52.71317829457365,1458.65,1.276522812189353,0,3.8728571428571366,0.9993954229090465,387.6205,-0.02592742127932112,387.3518,0.04342305883177931,365.4179500000001,6.048430297416944,0,0,392.03939948191606,383.2016005180839,2.280013302658694,13.688409811725005,394.81,380.72,1,1,396.75,374.63,0,0,0.31581672275433625,0.06713835665960619,Uptrend
2024-03-15 20:00:00,387.52,387.87,385.75,386.56,1129,112,0,60.30255607720399,1378.9,0.8187685836536369,0,3.623571428571426,0.9373891319772936,387.43999999999994,-0.22713194301051484,387.51619999999997,-0.2467509745398946,365.88805,5.649801899788741,0,0,391.71292085478757,383.1670791452123,2.2057200365412086,14.626299683424806,394.81,380.72,0,1,396.75,374.63,0,0,-0.24772914946324942,-0.3916718202432441,Uptrend
2024-03-18 12:00:00,386.59,387.23,382.58,384.85,315,127,0,48.59349145063432,1269.2,0.24818783485660256,0,3.642142857142858,0.9463798511479428,387.2345,-0.6157767450989007,387.65200000000004,-0.7228132448691148,366.365,5.045514718927849,0,0,391.5940725285032,382.87492747149685,2.251644689976321,13.89019056891367,394.81,380.72,0,1,396.75,374.63,0,0,-0.442363410596025,-0.37535594097851116,Uptrend
2024-03-18 16:00:00,385.01,385.41,383.21,383.33,1618,112,0,44.63738508682321,1258.35,1.2858107839631263,0,3.6957142857142906,0.9641077624277492,387.033,-0.9567659605253379,387.76919999999996,-1.1448046931009404,366.80884999999995,4.504021645061191,0,0,391.7277948780612,382.3382051219388,2.4260437110330138,13.002579328523359,394.81,380.72,0,1,396.75,374.63,0,0,-0.39495907496428506,-1.0812345169281579,Uptrend
2024-03-18 20:00:00,383.5,385.39,383.44,383.61,1075,112,0,43.186582809224404,1238.45,0.8680205095078525,0,3.592142857142863,0.936404905279545,386.831,-0.8326633594515443,387.8926,-1.104068497310854,367.2338,4.459338982413939,0,0,391.75602481957065,381.9059751804294,2.5463444344277666,12.445732731437017,394.81,380.72,0,1,396.75,374.95,0,0,0.07304411342707873,-0.7631415562913878,Uptrend
2024-03-19 12:00:00,384.48,385.59,382.48,383.84,281,114,0,42.4628450106156,1147.75,0.24482683511217598,0,3.460000000000004,0.9014172571904973,386.658,-0.7288094388322601,387.8854,-1.0429369086848923,367.65225000000004,4.403005829557669,0,0,391.7537757531135,381.56222424688656,2.635805157588079,12.931323013772102,394.6,380.72,0,1,396.75,375.32,0,0,0.0599567268840584,-0.2624399116539035,Uptrend
2024-03-19 16:00:00,383.85,390.08,383.46,387.39,1669,112,0,49.95383194829169,1138.2,1.4663503777894922,0,3.803571428571433,0.9818455377194644,386.711,0.1755833167404014,387.93699999999995,-0.1410022761427677,368.07995000000005,5.24615643965392,0,0,391.8144555888213,381.6075444111787,2.63941578533908,13.619465037163007,394.6,380.72,1,1,396.75,379.75,0,0,0.9248645268862044,1.0591396446925632,Uptrend
2024-03-19 20:00:00,387.39,388.58,386.75,387.85,984,112,0,44.29599177800623,1171.7,0.8398054109413672,0,3.733571428571431,0.9626328293338742,386.973,0.22663079853116613,387.9834,-0.03438291432055975,368.5061,5.249275385129315,0,0,391.71522288536073,382.2307771146393,2.4509321763330867,13.40330071255238,394.6,380.99,1,1,396.75,379.75,0,0,0.11874338521904448,1.1052892260368627,Uptrend
2024-03-20 12:00:00,386.31,387.77,386.0,387.27,216,124,0,36.48498331479419,1098.35,0.19665862430008652,0,3.499285714285719,0.9035777917953158,387.0685,0.05205796906749322,388.0528,-0.20172512606532125,368.9286,4.971531076744921,0,0,391.75049811143606,382.3865018885639,2.4192090606371157,13.939098079966895,394.6,382.48,1,1,396.75,379.75,0,1,-0.14954234884620998,0.8936015006252623,Uptrend
2024-03-20 16:00:00,386.98,390.39,386.51,387.33,1330,112,0,37.72079772079772,1116.4,1.191329272662128,0,3.6192857142857195,0.9344191553160663,387.1635,0.04300508699812482,388.1598,-0.2137779337273036,369.3508,4.867784231142857,0,0,391.7821909742362,382.5448090257638,2.3859123983723607,11.427451576357154,394.6,382.48,1,1,396.75,379.75,0,1,0.015493066852578785,-0.015488267637265359,Uptrend
2024-03-20 20:00:00,387.37,395.88,387.37,395.83,2120,112,0,67.65100671140935,1210.25,1.7517041933484818,0,3.890000000000007,0.9827451178536258,387.6445,2.1115996744439793,388.39740000000006,1.913658536334157,369.80725000000007,7.036841489721987,0,0,393.64275053439616,381.64624946560383,3.094717213527427,10.757000453155527,395.88,382.48,1,0,396.75,379.75,1,0,2.194511140371258,2.057496454814996,Uptrend
2024-03-21 12:00:00,405.24,408.74,402.68,407.95,694,118,0,80.6155667357206,1148.75,0.6041349292709467,0,4.461428571428578,1.0936214171904837,388.70799999999997,4.950245428445007,388.86619999999994,4.907549177583461,370.31419999999997,10.163207352027014,0,0,399.5626639987616,377.85333600123835,5.584996449140036,14.112738845104944,408.74,382.48,1,0,408.74,379.75,1,0,3.061920521435968,5.339943708523771,Uptrend
2024-03-21 16:00:00,408.02,413.43,406.74,411.96,3381,112,0,82.28772309356407,1262.7,2.6775956284153004,1,4.639285714285721,1.1261495568224396,389.9355,5.648241824609452,389.35560000000004,5.805592625353261,370.82564999999994,11.09263881826946,0,0,404.9337335451004,374.9372664548996,7.692674067942207,18.378251973324023,413.43,382.48,1,0,413.43,379.75,1,0,0.9829635984802021,6.358918751452249,Uptrend
2024-03-21 20:00:00,412.0,413.35,410.76,413.05,1864,112,0,86.85588316340582,1339.25,1.3918237819675192,0,4.483571428571439,1.0854791014577991,391.0845,5.61656112681531,389.81840000000005,5.959595545002482,371.32165000000003,11.237790740184412,0,0,409.30164805224956,372.8673519477504,9.316220945728901,23.235918467955127,413.43,382.48,1,0,413.43,380.72,1,0,0.26458879502864185,4.35035242402042,Uptrend
2024-03-22 12:00:00,411.98,412.55,409.89,410.54,404,123,0,80.62799361362424,1238.0,0.3263327948303716,0,4.444285714285725,1.0825463327046632,392.005,4.728256017142645,390.23460000000006,5.203382785637142,371.80835,10.417100638003424,0,0,412.19792893433373,371.81207106566626,10.302383354464222,27.918113651957317,413.43,382.48,1,0,413.43,380.72,1,0,-0.6076746156639556,0.6348817257016869,Uptrend
2024-03-22 16:00:00,410.57,411.16,406.45,407.13,1909,112,0,75.69323007744183,1256.35,1.519481036335416,0,4.629285714285727,1.1370534508107304,392.7795,3.653576625052991,390.50559999999996,4.257147656781372,372.23805,9.373558130341594,0,0,414.07179509766377,371.4872049023362,10.841856613017626,29.9397132829446,413.43,382.48,1,0,413.43,380.72,1,0,-0.8306133385297509,-1.1724439265948112,Uptrend
2024-03-22 20:00:00,407.15,407.75,405.15,405.9,1260,112,0,76.61188369152953,1300.2,0.9690816797415782,0,4.482857142857155,1.1044240312533027,393.67749999999995,3.1046986429247356,390.81700000000006,3.859351051771011,372.63165000000004,8.927945331535831,0,0,415.6155341440371,371.7394658559628,11.145180582602334,34.007220824156384,413.43,382.48,1,0,413.43,380.72,1,0,-0.30211480362538623,-1.7310252996005409,Uptrend
2024-03-25 12:00:00,406.69,409.41,405.49,406.86,312,118,0,80.17440369325458,1207.85,0.25831022063998016,0,4.605714285714295,1.1320145223699294,394.6575,3.091921476216716,391.13800000000003,4.019553201171959,373.03145000000006,9.068551726670753,0,0,417.1329995260849,372.18200047391514,11.389875791583783,38.323923187001654,413.43,382.48,1,0,413.43,380.72,1,0,0.23651145602365808,-0.8963803770643559,Uptrend
2024-03-25 16:00:00,406.86,407.61,403.15,404.15,1545,112,0,74.79478512795735,1211.75,1.275015473488756,0,4.777142857142869,1.1820222336119928,395.461,2.197182528744924,391.4307999999999,3.249412156631532,373.43879999999996,8.223891036496482,0,0,418.0948599633773,372.8271400366227,11.446822803450802,41.81076752712568,413.43,382.48,0,0,413.43,380.72,0,0,-0.6660767831686676,-0.7319529388647406,Uptrend
2024-03-25 20:00:00,404.15,406.01,403.56,404.27,963,112,0,74.72766884531578,1246.55,0.7725321888412018,0,4.730000000000014,1.1700101417369613,396.3595,1.9957891762402455,391.7044,3.2079292446038283,373.8436,8.138804569611464,0,0,418.8886095672777,373.83039043272237,11.368017957070617,45.24172535269141,413.43,382.48,0,0,413.43,380.72,0,0,0.029691946059640095,-0.4015767430401566,Uptrend
2024-03-26 12:00:00,404.69,405.51,403.32,405.06,194,120,0,72.91828793774307,1163.15,0.16678846236512918,0,4.4135714285714425,1.0896092995041333,397.2365,1.9694816563936155,392.0036,3.3306836978027743,374.24730000000005,8.233245770911358,0,0,419.6821914397883,374.79080856021164,11.300920957559708,48.01597589561463,413.43,382.48,0,0,413.43,380.72,0,0,0.19541395601949674,-0.4424126235068602,Uptrend
2024-03-26 16:00:00,405.06,408.72,404.12,407.32,1599,112,0,74.12639405204446,1186.65,1.347490835545443,0,4.611428571428588,1.132138999172294,398.2745,2.2711722693770264,392.32020000000006,3.8233565337701023,374.66715,8.71516224467504,0,0,420.56083518075883,375.98816481924115,11.19144468488886,51.76437230679288,413.43,382.48,1,0,413.43,380.72,1,0,0.557942033279013,0.7843622417419314,Uptrend
2024-03-26 20:00:00,407.31,408.08,404.94,405.75,1267,112,0,72.35123367198834,1234.25,1.0265343325906422,0,4.7035714285714425,1.159228941114342,399.31949999999995,1.610364632831618,392.5874,3.3527820811365823,375.07494999999994,8.178378748034243,0,0,420.9043821120043,377.73461788799557,10.810832985618976,53.98566569791815,413.43,382.48,1,0,413.43,380.72,1,0,-0.3854463321221635,0.36609196823905266,Uptrend
2024-03-27 12:00:00,409.58,412.43,408.74,412.43,273,113,0,76.16763969974974,1167.0,0.23393316195372751,0,4.903571428571444,1.1889463493372072,400.7745,2.908243912723993,393.1066,4.9155623436492775,375.51739999999995,9.829797500728345,0,0,421.7353130366534,379.8136869633466,10.460153046989468,57.512556133419885,413.43,382.48,1,0,413.43,380.72,1,0,1.6463339494762863,1.8194835333037092,Uptrend
2024-03-27 16:00:00,412.24,412.55,407.99,410.0,1582,112,0,66.91334447362135,1192.35,1.3267916299744205,0,4.6185714285714425,1.1264808362369372,402.094,1.96620690684268,393.5656000000001,4.1757714597007265,375.94625,9.058143285110564,0,0,421.78961896248575,382.39838103751424,9.796524674571495,59.34162777398757,413.43,382.48,1,0,413.43,380.72,1,0,-0.5891908930000245,0.6579593440047155,Uptrend
2024-03-27 20:00:00,410.0,414.88,409.9,414.59,1103,112,0,59.66239813736898,1233.45,0.8942397340792086,0,4.05214285714287,0.9773855754221931,403.6315,2.7149764079364367,394.11740000000003,5.194543554788482,376.4185,10.140707749486271,0,0,422.0892529281743,385.17374707182574,9.145843636175211,56.97859649168678,414.88,383.46,1,0,414.88,380.72,1,0,1.1195121951219411,2.1786814540973443,Uptrend
2024-03-28 12:00:00,417.59,417.97,414.8,414.86,288,118,0,54.7354670150229,1164.4,0.24733768464445205,0,3.815714285714303,0.9197595057885317,405.005,2.4333032925519484,394.6684,5.116092395540154,376.87055,10.08023842669586,0,0,422.4335543078817,387.5764456921183,8.606587231210336,53.63446051236881,417.97,386.0,1,0,417.97,380.72,1,0,0.06512458091127993,0.5891908930000258,Uptrend
2024-03-28 16:00:00,414.86,417.52,414.31,415.96,1819,112,0,54.7502448579823,1206.15,1.508104298801973,0,3.8600000000000136,0.9279738436388147,406.4105,2.349717834553971,395.07660000000004,5.285911643463555,377.32515,10.239139903608326,0,0,422.49608226617,390.32491773383003,7.915928484214842,50.199501935185545,417.97,386.0,1,0,417.97,380.72,1,0,0.26514968905171354,1.453658536585361,Uptrend
2024-03-28 20:00:00,415.98,418.07,414.86,416.84,1282,112,0,60.862068965517125,1259.45,1.017904640914685,0,3.863571428571439,0.9268715642864023,407.889,2.1944695738301263,395.584,5.373321469017951,377.77504999999996,10.340796725458713,0,0,421.86446556986016,393.91353443013986,6.8525827221916495,47.49980922307377,418.07,386.51,1,0,418.07,380.72,1,0,0.21155880373113778,0.5427048409271811,Uptrend
2024-04-01 16:00:00,415.09,415.86,411.5,412.78,1811,115,0,59.52782462057329,1283.5,1.4109855862874952,0,3.9085714285714346,0.9468897302610191,409.1615,0.884369619331238,395.9576,4.248535701802405,378.2075,9.141146063999257,0,0,419.38638249834037,398.9366175016596,4.9979690163128145,45.72796025228949,418.07,387.37,1,0,418.07,380.72,1,0,-0.9739948181556435,-0.5013739574796415,Uptrend
2024-04-01 20:00:00,412.88,413.24,411.41,412.86,1433,112,0,62.21052631578949,1249.15,1.14718008245607,0,3.8535714285714318,0.933384544051599,410.01300000000003,0.6943682273488839,396.4106,4.149586312777717,378.57385,9.0566609394706,0,0,418.19581922847595,401.8301807715241,3.9914925763211997,43.90442803673228,418.07,402.68,1,0,418.07,380.72,1,0,0.01938078395271603,-0.7452639676891928,Uptrend
2024-04-02 16:00:00,406.76,412.27,406.07,411.51,1577,112,0,58.04776739356172,1293.3,1.2193613237454575,0,4.058571428571432,0.9862631354211155,410.191,0.3215575183268324,396.8374,3.6973833615480767,378.94089999999994,8.5947703190656,0,0,418.3396760952232,402.04232390477677,3.97311305963476,39.70327729073254,418.07,403.15,1,0,418.07,380.72,1,0,-0.32698735648888366,-1.2786680740811784,Uptrend
2024-04-02 20:00:00,411.55,411.56,408.17,409.69,1612,112,0,59.89285714285716,1204.85,1.3379258828899865,0,3.982142857142857,0.9719892741201537,410.0775,-0.09449433338819825,397.25200000000007,3.1310100389676903,379.30485,8.010746501132271,0,0,418.1855645363684,401.96943546363156,3.954405953200764,36.881471979256844,418.07,403.15,0,1,418.07,380.72,0,0,-0.44227357779883514,-0.748582780173452,Uptrend
2024-04-03 16:00:00,411.11,415.86,411.08,413.56,1871,114,0,64.62992125984252,1205.2,1.5524394291403916,0,4.2478571428571446,1.0271441007005377,410.10299999999995,0.842958963967601,397.776,3.9680624270946443,379.68765,8.921109232812809,0,0,418.25352365121853,401.9524763487814,3.9748666316601335,34.750550462172626,418.07,403.15,1,0,418.07,380.72,1,0,0.944616661378106,0.16954899966089926,Uptrend
2024-04-03 20:00:00,413.59,414.4,410.36,413.47,1871,112,0,63.542673107890536,1278.55,1.4633764811700756,0,4.38,1.0593271579558372,410.2495,0.7850100975138337,398.2924,3.810667740584566,380.07919999999996,8.78522160644415,0,0,418.5372702543611,401.96172974563893,4.040356053748305,32.9218106792268,418.07,403.15,1,0,418.07,380.72,1,0,-0.021762259406121753,0.47629462224491176,Uptrend
2024-04-04 16:00:00,416.25,417.14,412.85,414.09,1582,112,0,61.50969058143487,1262.2,1.2533671367453652,0,4.357857142857138,1.052393717031838,410.5975,0.8505896894160216,398.8282,3.826660201059001,380.4694,8.836610776057146,0,0,418.91817779372366,402.2768222062764,4.052960767527144,30.7175331554193,418.07,403.15,1,0,418.07,380.72,1,0,0.14995041961931577,1.0739827674583167,Uptrend
2024-04-04 20:00:00,414.1,414.81,404.99,405.49,2530,112,0,49.64324917672888,1325.7,1.9084257373463076,0,4.8349999999999955,1.1923845224296519,410.57700000000006,-1.2389880582692272,399.21139999999997,1.5727506779616114,380.8031,6.482851636449398,0,0,418.9482744423458,402.2057255576543,4.077809737197035,26.820017458566717,418.07,403.15,0,1,418.07,380.72,0,0,-2.0768431983385183,-1.9513492600831783,Uptrend
2024-04-05 16:00:00,404.9,408.2,400.78,407.96,2154,112,0,43.065466956251875,1417.8,1.5192551840880237,0,4.887857142857139,1.1981216645889643,410.63199999999995,-0.6507042802314406,399.71840000000003,2.0618515434866014,381.14959999999996,7.034088452408193,0,0,418.91443188286706,402.34956811713283,4.033992422834614,24.494913208422368,418.07,400.78,0,1,418.07,380.72,0,0,0.6091395595452243,-1.332623890487834,Uptrend
2024-04-05 20:00:00,408.0,408.5,406.01,407.59,2015,112,0,46.00596619158098,1441.3,1.3980434330118643,0,4.739999999999997,1.162933339875855,410.804,-0.7823682339996687,400.163,1.8559936825743422,381.49045,6.841468770712337,0,0,418.6510843394967,402.9569156605032,3.8203543974726375,22.68506090602684,418.07,400.78,0,1,418.07,380.72,0,0,-0.09069516619276685,-1.5697070685116763,Uptrend
2024-04-08 16:00:00,410.91,411.87,406.99,410.46,1456,112,0,42.74165202108962,1465.95,0.9932125925167979,0,4.732857142857138,1.1530617216920378,411.11349999999993,-0.15895853578146946,400.66360000000003,2.445043672547231,381.84854999999993,7.492879048512833,0,0,418.3391684993675,403.8878315006324,3.5151696547875684,22.104280990672034,418.07,400.78,1,0,418.07,380.99,1,0,0.7041389631737838,1.2256775752792846,Uptrend
2024-04-08 20:00:00,410.46,411.42,409.22,409.91,1240,112,0,41.38531152105811,1518.25,0.81672978758439,0,4.64857142857142,1.1340468465203142,411.35600000000005,-0.3515203376151135,401.1376,2.1868805118243726,382.22315,7.243635033618463,0,0,418.03079595584956,404.68120404415055,3.2452649072090853,22.666872512030313,418.07,400.78,1,0,418.07,382.48,1,0,-0.1339960044827615,0.4779880380429566,Uptrend
2024-04-09 16:00:00,411.73,411.73,406.28,408.58,1647,112,0,37.25828729281765,1520.65,1.0830894683194685,0,4.808571428571424,1.17689838674713,411.41900000000004,-0.6900507754868043,401.57560000000007,1.7442294800779523,382.59464999999994,6.791874899452996,0,0,417.9557588942609,404.8822411057392,3.1776650540013254,23.656059485409344,418.07,400.78,0,1,418.07,382.48,0,0,-0.32446146715133795,0.24289114060698477,Uptrend
2024-04-09 20:00:00,408.58,410.62,407.72,410.11,1567,112,0,38.635596082404646,1535.65,1.0204148080617328,0,4.786428571428567,1.1671084761231294,411.637,-0.37095790708803794,402.0296,2.0099017584774845,382.95735,7.090254306386858,0,0,417.6473283034608,405.6266716965392,2.9202080004765483,24.349430568216356,418.07,400.78,1,0,418.07,382.48,1,0,0.37446766851045865,-0.08527018467084878,Uptrend
2024-04-10 16:00:00,399.67,404.7,395.97,400.83,2193,112,0,32.84524834912433,1631.65,1.3440382434958478,0,5.4149999999999965,1.3509467854202521,411.05699999999996,-2.4879761201001265,402.24480000000005,-0.35172611305356105,383.27155,4.5812035879000135,0,0,418.74874020414205,403.36525979585787,3.742420250302072,25.857982855391867,418.07,395.97,0,1,418.07,382.48,0,0,-2.2628075394406477,-2.2151203922812424,Uptrend
2024-04-10 20:00:00,400.84,401.68,398.74,399.94,2130,112,0,31.874298540965142,1659.05,1.283867273439619,0,5.494285714285711,1.3737774951957071,410.554,-2.5852871972992535,402.401,-0.61157899707009,383.57875,4.265421376966264,0,0,419.7126471076083,401.39535289239166,4.46160412886408,26.866521837631808,418.07,395.97,0,1,418.07,382.48,0,0,-0.2220392685178263,-2.114640951588425,Uptrend
2024-04-11 16:00:00,398.69,399.32,394.29,396.89,1956,113,0,30.423138725227588,1701.7,1.14943879649762,0,5.412857142857137,1.3638179704344118,409.669,-3.119347570843778,402.506,-1.3952587042180702,383.88425,3.3879352956001654,0,0,420.46066325406207,398.8773367459379,5.26847931088859,30.061101897666738,418.07,394.29,0,1,418.07,382.48,0,0,-0.7626143921588224,-3.2235253956255705,Uptrend
2024-04-11 20:00:00,396.92,400.02,396.16,396.77,2697,112,0,31.874298540965142,1822.15,1.4801196388881266,0,5.446428571428563,1.372691627751232,408.7645,-2.934330158318547,402.6825999999999,-1.4683028270901057,384.18195,3.2765854824777714,0,0,420.6964147005272,396.8325852994728,5.838038626410667,32.3589361665902,418.07,394.29,0,1,418.07,382.48,0,0,-0.03023507772934586,-1.0128982361599685,Uptrend
2024-04-12 16:00:00,392.47,392.93,386.8,388.45,2448,112,0,18.682963332501785,1853.6,1.3206732844195082,0,5.717857142857132,1.4719673427357785,407.389,-4.648873680929044,402.7064,-3.540147362942329,384.44800000000004,1.0409730314632806,0,0,421.8936198084984,392.88438019150163,7.120771453573059,35.381738686445004,418.07,386.8,0,1,418.07,382.48,0,1,-2.0969327318093645,-2.8729309396409484,Uptrend
2024-04-12 20:00:00,388.38,389.27,386.46,388.68,2314,112,0,19.18965945811577,1905.2,1.2145706487507872,0,5.629999999999991,1.4484923330245936,405.981,-4.261529480443663,402.7184,-3.485909757289453,384.70689999999996,1.0327602650225522,0,0,422.009789756318,389.952210243682,7.896325077438609,38.539404835371144,417.14,386.46,0,1,418.07,382.48,0,1,0.0592096794954422,-2.068583234649394,Uptrend
2024-04-15 16:00:00,409.04,410.8,399.93,401.94,3003,112,0,38.509551730660135,1964.8,1.5283998371335505,0,6.903571428571423,1.7175626781538098,405.439,-0.8630151514777867,403.03119999999996,-0.27074826961286325,385.01394999999997,4.396217331865516,0,0,421.2311231531364,389.6468768468636,7.7901352130093064,38.40091812538465,417.14,386.46,0,0,418.07,382.48,0,0,3.411546773695573,1.3030219018575033,Uptrend
2024-04-15 20:00:00,401.94,402.5,398.08,399.8,2700,112,0,43.86985563456152,2028.15,1.3312624805857554,0,6.517857142857139,1.6302794254269983,404.78599999999994,-1.2317619680522385,403.2768,-0.8621373706595492,385.3153,3.7591811173862113,0,0,420.36470935805573,389.20729064194416,7.697256999034449,39.19300364783867,417.14,386.46,0,0,418.07,382.48,0,0,-0.5324177737970781,2.921868966404949,Uptrend
2024-04-16 16:00:00,402.34,402.46,396.11,398.78,3057,112,0,39.790925266903926,2102.15,1.4542254358632827,0,6.441428571428564,1.6152837583200172,404.14950000000005,-1.3285925134139898,403.5212,-1.174956854807145,385.60425000000004,3.416909953663617,0,0,419.61126332967166,388.68773667032843,7.651506845695274,38.05030661691949,417.14,386.46,0,0,418.07,382.48,0,0,-0.2551275637818984,2.5985386436142752,Uptrend
2024-04-16 20:00:00,398.79,399.76,394.45,395.93,2961,112,0,37.71079258010122,2169.6,1.3647676991150444,0,6.642857142857134,1.6777857557793385,403.4615,-1.8667208643203859,403.7428,-1.9350933316953225,385.8803,2.604356843300897,0,0,419.1086638929986,387.8143361070014,7.756459485229001,37.27912018976309,417.14,386.46,0,0,418.07,382.48,0,0,-0.7146797733085797,-1.4952480469721827,Uptrend
2024-04-17 16:00:00,401.73,406.06,400.66,401.85,4435,112,0,41.473559120618,2297.8,1.930107058925929,0,7.017857142857134,1.746387244707511,402.87600000000003,-0.25466893039049493,404.1132,-0.5600410973954781,386.15464999999995,4.064524407513953,0,0,417.7913490704831,387.960650929517,7.404436635829906,36.384779691759206,417.14,386.46,0,0,418.07,382.48,0,0,1.4952138004192594,0.5127563781890974,Uptrend
2024-04-17 20:00:00,401.69,406.48,401.69,403.26,4130,112,0,43.52482960077895,2410.75,1.7131598050399253,0,7.202857142857137,1.7861571053060399,402.3655,0.22231031239010146,404.50620000000004,-0.3080793322821861,386.43219999999997,4.3546578157824385,0,0,416.4286934308431,388.3023065691569,6.990258076720352,34.63658213349622,417.14,386.46,0,0,418.07,382.48,0,0,0.35087719298245723,1.123426450674562,Uptrend
2024-04-18 16:00:00,404.94,407.08,403.13,403.59,2426,112,0,45.04468718967229,2452.95,0.9890132289692004,0,7.095714285714275,1.7581491825154925,401.84049999999996,0.4353717457548485,404.9012,-0.323832085456907,386.71255,4.36433986949737,0,0,414.8015484874628,388.8794515125371,6.450842305572907,32.28807717961402,414.81,386.46,0,0,418.07,382.48,0,0,0.08183306055646877,1.9346854241911369,Uptrend
2024-04-18 20:00:00,403.54,404.63,401.53,402.33,2469,112,0,42.23242811501594,2449.9,1.0077962365810849,0,7.109999999999993,1.767206024904927,401.6825,0.1611969652648496,405.2,-0.7082922013820347,386.9807,3.966425198982784,0,0,414.5327973547264,388.8322026452736,6.398236096781125,29.96664849569021,411.87,386.46,0,0,418.07,382.48,0,0,-0.3121980227458576,0.11944755505784778,Uptrend
2024-04-19 16:00:00,403.92,407.32,401.83,405.22,2420,112,0,55.02403295948735,2463.2,0.9824618382591751,0,6.492142857142852,1.602127944608571,401.5455,0.9150893236258464,405.5474,-0.08073039057825414,387.3028,4.626147809930638,0,0,414.1704518602374,388.9205481397626,6.288179974741287,27.878199335307954,411.87,386.46,1,0,418.07,383.46,0,0,0.7183158104044018,0.4860387839111334,Uptrend
2024-04-19 20:00:00,405.16,406.15,402.27,403.37,2895,112,0,53.840985442329234,2507.2,1.1546745373324825,0,6.559285714285709,1.626121356145898,401.3345,0.5071829110131357,405.86940000000004,-0.6158138553929015,387.61355000000003,4.06498947211726,0,0,413.6718808957999,388.99711910420007,6.148178587088787,25.79710706581786,411.87,386.46,0,0,418.07,386.0,0,0,-0.45654212526529125,-0.054510765876253246,Uptrend
2024-04-22 16:00:00,404.11,413.3,403.69,413.26,2816,112,0,65.89629054185278,2575.2,1.0935073004038522,0,6.864999999999997,1.661181822581425,401.4745,2.9355538147503797,406.38800000000003,1.6909948128389511,387.96394999999995,6.520206323293707,0,0,414.30171526983054,388.6472847301694,6.390052304607422,25.194841859232188,413.3,386.46,1,0,418.07,386.0,1,0,2.451843220864225,2.7166753659930922,Uptrend
2024-04-22 20:00:00,413.1,417.39,412.78,416.65,3887,112,0,68.15193571950329,2707.55,1.4356152240955844,0,6.91857142857143,1.6605235637996953,401.81149999999997,3.6929007756124483,406.80439999999993,2.420229476377357,388.34005,7.289989791163687,0,0,415.86717617125566,387.75582382874427,6.996154252058838,25.005795012773245,417.39,386.46,1,0,418.07,386.46,1,0,0.820306828630879,2.820689995557956,Uptrend
2024-04-23 16:00:00,416.63,423.2,415.45,423.13,3389,112,0,82.76643990929705,2794.65,1.2126742168071136,0,6.760000000000003,1.5976177534091185,402.539,5.1152807554050685,407.108,3.9355650097762735,388.7443999999999,8.845297835801642,0,0,419.3130424779555,385.7649575220445,8.334120409677325,25.289420348616154,423.2,386.46,1,0,423.2,386.46,1,0,1.5552622104884284,4.898728214790388,Uptrend
2024-04-23 20:00:00,423.13,424.68,421.95,423.19,2603,112,0,82.71090047393363,2846.45,0.9144724130056738,0,6.754285714285719,1.5960409542488525,403.193,4.95965951789838,407.33259999999996,3.892985732052883,389.14065000000005,8.749882593864184,0,0,422.0949064479762,384.29109355202377,9.37610843837875,25.712896278184548,424.68,386.46,1,0,424.68,386.46,1,0,0.014180039231437291,2.4028456661665794,Uptrend
2024-04-24 16:00:00,421.35,423.96,419.01,421.41,3104,112,0,73.58856312091112,2892.0,1.0733056708160442,0,5.527857142857146,1.3117527213063633,404.222,4.252118885167073,407.49979999999994,3.413547687630789,389.504,8.191443476832076,0,0,424.7527898173922,383.69121018260773,10.158175367690154,27.579180059438215,424.68,386.46,1,0,424.68,386.46,1,0,-0.4206148538481447,1.1424456978279247,Uptrend
2024-04-24 20:00:00,421.41,423.17,420.48,422.19,2204,112,0,78.05061388123278,2895.7,0.7611285699485444,0,5.404285714285716,1.2800600948117473,405.3345,4.158417307187029,407.7328,3.545753493464347,389.86345,8.29176215415936,0,0,427.25276296900756,383.4162370309924,10.814901257607023,30.52694499041029,424.68,386.46,1,0,424.68,386.46,1,0,0.1850929023990755,-0.22215394795925547,Uptrend
2024-04-25 16:00:00,419.65,421.87,414.22,417.0,3358,112,0,70.6669691470055,2965.8,1.1322408793580145,0,5.520000000000002,1.3237410071942453,406.34,2.6234188118324617,407.9302,2.2233705668273607,390.1907,6.870819832456286,0,0,428.4711992207152,384.20880077928473,10.892946409762882,32.545742683786514,424.68,386.46,1,0,424.68,386.46,1,0,-1.2293043416471305,-1.462699969280937,Uptrend
2024-04-25 20:00:00,416.73,419.59,416.11,419.19,2244,112,0,76.78489175495164,2943.15,0.7624483971255287,0,5.389285714285713,1.285642719121571,407.461,2.878557702454955,408.19599999999997,2.6933139962175106,390.53039999999993,7.338634841231329,0,0,429.8212428194997,385.10075718050035,10.975402710688709,34.769379152636695,424.68,386.46,1,0,424.68,386.46,1,0,0.52517985611511,-0.5268028760589514,Uptrend
2024-04-26 16:00:00,419.08,427.49,419.08,426.49,3152,112,0,77.50000000000001,2978.35,1.0583040945489952,0,5.266428571428572,1.2348304934297574,409.363,4.183817296629155,408.5886,4.381277402257436,390.90405,9.103499950947048,0,0,431.38327687573036,387.34272312426964,10.758313221141314,37.523913849806355,427.49,386.46,1,0,427.49,386.46,1,0,1.741453756053346,1.0184987801700682,Uptrend
2024-04-26 20:00:00,426.51,427.89,425.67,426.68,2830,112,0,76.87012391005051,3004.15,0.9420301915683305,0,5.082857142857141,1.1912574160628904,411.26300000000003,3.7486960898500405,409.0392,4.312740685978266,391.27770000000004,9.047870604432598,0,0,432.30497219092894,390.22102780907113,10.232854495020899,40.32788518821233,427.89,394.45,1,0,427.89,386.46,1,0,0.04454969635865336,2.321342925659474,Uptrend
2024-04-29 16:00:00,427.51,432.12,427.16,431.42,3818,112,0,78.99562408835178,3044.9,1.253899963874019,0,5.189285714285712,1.2028384669894099,412.73699999999997,4.526611377220858,409.5822,5.331725841601519,391.67740000000003,10.14676874386931,0,0,435.11680584083103,390.3571941591689,10.844584246544928,43.79300696943455,432.12,394.45,1,0,432.12,386.46,1,0,1.1109027842880037,2.9175314296619717,Uptrend
2024-04-29 20:00:00,431.42,432.76,429.45,430.03,3230,112,0,78.78221113881958,3071.4,1.051637689652927,0,5.204285714285711,1.2102145697476248,414.24850000000004,3.809669799649229,410.0816,4.8644952614308945,392.0169,9.696801336881126,0,0,437.029165185973,391.46783481402707,10.998550476814263,47.528943867529314,432.76,394.45,1,0,432.76,386.46,1,0,-0.32219183162580656,0.8300311847874424,Uptrend
2024-04-30 16:00:00,427.7,430.7,425.45,426.32,2821,112,0,71.55700858193703,3059.6,0.9220159497973591,0,5.187142857142853,1.2167251963649028,415.6255,2.5731096864845893,410.4616,3.8635526441450354,392.2324,8.690664004299494,0,0,437.7903270203427,393.46067297965726,10.665768592323007,49.00120722512855,432.76,394.45,1,0,432.76,386.46,1,0,-0.8627305071739144,-0.08437236336364809,Uptrend
2024-04-30 20:00:00,426.32,428.49,425.87,425.94,2386,112,0,73.7729092058142,3030.85,0.7872379035584077,0,5.097142857142854,1.1966809543933077,417.12600000000003,2.113030595071984,410.8654,3.6689874591532834,392.4483,8.534041299197877,0,0,437.68156823011145,396.5704317698886,9.85580770803614,50.473470582727806,432.76,400.66,1,0,432.76,386.46,1,0,-0.08913492212422325,-1.27022391173335,Uptrend
2024-05-01 16:00:00,427.53,428.45,424.26,425.07,2692,112,0,65.35760728218466,2943.7,0.9144953629785645,0,4.687142857142853,1.1026755257117307,418.287,1.6216138679901637,411.1182,3.3936225640217317,392.6646,8.252691992097068,0,0,437.80658056062583,398.7674194393741,9.333104093900053,49.365837080688934,432.76,401.53,1,0,432.76,386.46,1,0,-0.20425412029863033,-1.1534079017742902,Uptrend
2024-05-01 20:00:00,425.3,432.7,424.86,426.14,3585,112,0,63.133130362579585,2916.45,1.2292341716813249,0,4.9178571428571365,1.154047294986891,419.4309999999999,1.599547959020688,411.441,3.5725656898559,392.89725,8.460927125348931,0,0,437.8957646243103,400.96623537568956,8.804673295159569,48.03706197999876,432.76,401.53,1,0,432.76,386.46,1,0,0.2517232455830687,-0.042221805216740196,Uptrend
2024-05-02 16:00:00,430.93,431.25,427.5,429.14,3231,112,0,59.20367534456354,2956.7,1.0927723475496331,0,4.729285714285709,1.1020379629691264,420.7085,2.0041192417077314,411.73199999999997,4.22799296629847,393.1544,9.1530452158236,0,0,438.06050916622814,403.3564908337719,8.24894632089826,43.653359619412704,432.76,401.53,1,0,432.76,386.46,1,0,0.7039939925846062,0.7512795229375002,Uptrend
2024-05-02 20:00:00,429.14,433.03,428.74,431.98,2581,112,0,62.40474174428453,2962.3,0.871282449448064,0,4.840714285714276,1.1205875933409593,422.191,2.318618824181483,412.07439999999997,4.830583991628709,393.43505,9.797030030750955,0,0,437.92235909408237,406.4596409059176,7.452247487076889,39.20227898596793,433.03,401.83,1,0,433.03,386.46,1,0,0.6617886936664208,1.625614604653357,Uptrend
2024-05-03 16:00:00,437.2,441.1,435.78,439.09,2987,112,0,71.68792934249258,2990.65,0.9987795295337134,0,5.13857142857142,1.1702774894831174,423.8845,3.587179998325009,412.537,6.436513573327968,393.72369999999995,11.522369621132796,0,0,439.2105143134619,408.5584856865381,7.231221860418054,38.58205698714863,441.1,402.27,1,0,441.1,386.46,1,0,1.6459095328487328,3.038907401323506,Uptrend
2024-05-03 20:00:00,439.09,440.88,436.47,437.49,2339,112,0,68.39826839826841,2962.85,0.7894425974990297,0,5.261428571428561,1.202639733806158,425.59049999999996,2.7959975610357954,412.95,5.942608063930263,394.00215000000003,11.03746515088813,0,0,438.74359125161374,412.4374087483862,6.181101905053696,37.42898342114281,441.1,403.69,1,0,441.1,386.46,1,0,-0.364389988385061,1.945751969054393,Uptrend
2024-05-06 16:00:00,440.14,443.25,438.75,442.0,2728,112,0,80.56234718826408,2958.45,0.922104480386689,0,5.10357142857142,1.1546541693600496,427.0275,3.5062144709649905,413.5344,6.883490224755183,394.29184999999995,12.099704825245576,0,0,440.77483792410703,413.2801620758929,6.438619491300705,39.496890604773924,443.25,412.78,1,0,443.25,386.46,1,0,1.0308807058446945,2.3195518311032877,Uptrend
2024-05-06 20:00:00,442.0,443.57,441.49,442.81,1960,112,0,79.88360323886641,2862.1,0.6848118514377555,0,5.003571428571421,1.1299589956350176,428.3355,3.3792436069389478,414.13339999999994,6.924483753302696,394.62229999999994,12.21109400051646,0,0,442.8803612375864,413.79063876241366,6.79134054384302,41.16564150942005,443.57,414.22,1,0,443.57,386.46,1,0,0.18325791855202667,0.847206722995292,Uptrend
2024-05-07 16:00:00,445.62,446.77,442.71,443.45,2865,112,0,75.80645161290323,2835.9,1.0102612927113086,0,4.692857142857134,1.0582607154937724,429.35150000000004,3.2836731675561732,414.7722,6.914108515469453,394.95394999999996,12.27891251625665,0,0,445.15011722795316,413.5528827720469,7.3592929000844824,42.33808221137205,446.77,414.22,1,0,446.77,386.46,1,0,0.1445315146451076,1.3623168529566343,Uptrend
2024-05-07 20:00:00,443.45,444.26,442.23,442.87,2706,112,0,74.34586466165418,2841.05,0.9524647577480156,0,4.679285714285705,1.0565822282578872,430.33549999999997,2.9127273952532473,415.4358,6.60371590508089,395.26800000000003,12.042968315168435,0,0,446.9487673360339,413.72223266396605,7.721076850984367,43.29751987621386,446.77,414.22,1,0,446.77,386.46,1,0,-0.1307926485511257,0.19683257918552138,Uptrend
2024-05-08 16:00:00,442.66,445.86,441.78,445.0,2480,112,0,72.16057441253267,2809.85,0.882609391960425,0,4.582142857142851,1.029695024077045,431.515,3.125036209633504,416.0646,6.954545039400135,395.58050000000003,12.492905995113503,0,0,448.7963358401668,414.23366415983315,8.009610715811425,43.5132929804124,446.77,414.22,1,0,446.77,386.46,1,0,0.48095377876125056,0.4945687766762263,Uptrend
2024-05-08 20:00:00,445.01,447.43,444.07,446.38,2707,112,0,76.68952007835469,2835.0,0.9548500881834215,0,4.585714285714281,1.0273117715207403,432.7245,3.1557029934750673,416.7228,7.1167692288494875,395.91149999999993,12.747419562200157,0,0,450.6325487343893,414.8164512656107,8.276882281631522,43.382658149158146,447.43,414.22,1,0,447.43,386.46,1,0,0.3101123595505628,0.6607283797496916,Uptrend
2024-05-09 16:00:00,446.52,452.9,446.45,451.18,2852,112,0,89.18663303909219,2809.7,1.015054988077019,0,4.676428571428565,1.036488446169725,434.4335,3.854790203794143,417.4646,8.0762296970809,396.26355,13.858567107673666,0,0,452.54571428526515,416.3212857147348,8.33831382030399,46.41834423669081,452.9,416.11,1,0,452.9,386.46,1,0,1.075316994488995,1.8763971368573176,Uptrend
2024-05-09 20:00:00,451.18,455.78,450.61,455.09,2607,112,0,91.34751773049655,2827.85,0.921901798185901,0,4.858571428571419,1.067606721433435,436.22850000000005,4.323766099647299,418.4566,8.754408461952803,396.6344,14.737904730401585,0,0,455.080469909621,417.3765300903791,8.64316288808317,49.552493592203334,455.78,419.08,1,0,455.78,386.46,1,0,0.8666164280331401,2.267415730337073,Uptrend
2024-05-10 16:00:00,456.63,458.14,453.78,454.12,2687,112,0,91.08910891089127,2804.6,0.9580688868287813,0,4.870714285714278,1.0725610600093098,437.60999999999996,3.772765704622849,419.37979999999993,8.283708466645288,396.98625,14.391871254986796,0,0,457.47921024573037,417.74078975426954,9.080784372263166,54.54601055323501,458.14,424.26,1,0,458.14,386.46,1,0,-0.21314465270605432,1.7339486536135151,Uptrend
2024-05-10 20:00:00,454.07,455.49,453.58,453.81,1964,112,0,89.99710899103806,2761.3,0.7112591895121863,0,4.447142857142852,0.9799569989958026,438.9665,3.3814653282198086,420.3042,7.9717975694746865,397.3352,14.213389601525368,0,0,459.39045113584933,418.54254886415066,9.305471436134345,59.37456764013613,458.14,424.26,1,0,458.14,386.46,1,0,-0.06826389500572683,0.5829159093931459,Uptrend
2024-05-13 16:00:00,455.94,456.57,453.99,454.5,2250,112,0,89.2812887236681,2682.9,0.8386447500838644,0,4.279285714285708,0.94153701084394,440.1205,3.267173421824252,421.185,7.909825848498878,397.67265,14.289981973867205,0,0,461.3416914690947,418.8993085309053,9.643355158005464,65.14363062812944,458.14,424.26,1,0,458.14,386.46,1,0,0.15204601044489507,-0.12964468566656595,Uptrend
2024-05-13 20:00:00,454.44,454.75,452.32,453.02,1961,112,0,84.02328589909455,2619.45,0.7486304376873009,0,4.146428571428568,0.915285985481561,441.27,2.662768826342149,422.04720000000003,7.338705244342327,398.0083,13.821746933418213,0,0,462.6795994210068,419.86040057899316,9.703627901741255,70.10345599130771,458.14,424.26,1,0,458.14,386.46,1,0,-0.3256325632563284,-0.2422267242138692,Uptrend
2024-05-14 16:00:00,454.2,461.13,453.29,459.85,2539,112,0,83.87728459530041,2605.35,0.9745331721265857,0,4.074285714285712,0.8860031998011769,442.9465,3.8161493543802707,423.07259999999997,8.69292882592729,398.38525000000004,15.428470306066796,0,0,464.6757567993519,421.2172432006481,9.81123309444906,73.10388768361472,461.13,424.26,1,0,461.13,386.46,1,0,1.5076597059732633,1.3309534827350697,Uptrend
2024-05-14 20:00:00,459.92,459.92,457.0,457.61,2181,112,0,82.16112531969313,2595.1,0.8404300412315518,0,3.967857142857144,0.8670826998660746,444.53000000000003,2.9424335815355507,424.0226,7.9211343923649356,398.74775,14.761776085256912,0,0,465.64826647589507,423.411733524105,9.50139089640521,76.10431937592172,461.13,424.26,1,0,461.13,386.46,1,0,-0.4871153637055592,0.6842684268426873,Uptrend
2024-05-15 16:00:00,461.67,464.13,460.66,463.84,2547,112,0,83.09090909090911,2587.85,0.9842146955967309,0,4.022142857142858,0.8671401468486671,446.46850000000006,3.8908680007659915,425.2828,9.066249563819644,399.125,16.21421860319448,0,0,467.179236879812,425.75776312018814,9.277580335370542,77.12277676789118,464.13,424.86,1,0,464.13,386.46,1,0,1.361421297611498,2.388415522493487,Uptrend
2024-05-15 20:00:00,463.78,465.45,462.14,465.29,2008,112,0,83.41260404280622,2509.0,0.8003188521323237,0,4.110000000000001,0.8833200799501388,448.42600000000004,3.7607096823110107,426.5898,9.071993751374269,399.5132,16.46423697640029,0,0,468.4354939571341,428.416506042866,8.924323726605527,78.15896418195913,465.45,427.5,1,0,465.45,386.46,1,0,0.3126077957916529,1.182994454713493,Uptrend
2024-05-16 16:00:00,464.67,467.64,461.7,466.37,2524,112,0,83.62676056338032,2473.65,1.0203545368180624,0,4.2442857142857155,0.9100683393626766,450.2875,3.57160702884268,427.9794,8.970198098319687,399.93700000000007,16.61086621142828,0,0,469.6594165967415,430.91558340325855,8.604243554058893,79.32211042864256,467.64,428.74,1,0,467.64,386.46,1,0,0.23211330568031485,1.9142938309914537,Uptrend
2024-05-16 20:00:00,466.37,466.93,463.9,463.96,2262,112,0,79.36507936507931,2457.7,0.9203727061887131,0,4.315714285714291,0.9301910263200042,451.88649999999996,2.6717992239201713,429.3232,8.06776805912189,400.35165,15.888119856631032,0,0,470.1430037005431,433.6299962994568,8.08012795272403,80.8939830220427,467.64,435.78,1,0,467.64,386.46,1,0,-0.5167570812874,0.02587098999655152,Uptrend
2024-05-17 16:00:00,464.91,467.99,463.97,467.67,2121,112,0,80.23472926113627,2414.4,0.8784791252485089,0,4.312142857142861,0.9220482085964165,453.3155,3.1665583903484507,430.9076,8.531388167672144,400.77394999999996,16.691716115780498,0,0,471.82696043314627,434.8040395668537,8.16714206028529,83.07102739337329,467.99,436.47,1,0,467.99,386.46,1,0,0.7996378998189613,0.5115089514066486,Uptrend
2024-05-17 20:00:00,467.56,467.85,465.19,467.04,2103,112,0,78.11649428415893,2402.6,0.8753017564305337,0,4.262142857142862,0.9125862575245937,454.793,2.6928734611130807,432.4748,7.992419442705103,401.1972,16.41158014063907,0,0,472.69305951179587,436.89294048820415,7.8717392360022505,85.08895099024424,467.99,438.75,1,0,467.99,386.46,1,0,-0.13471037269869868,0.1436627570384064,Uptrend
2024-05-20 16:00:00,468.46,470.86,466.7,468.96,2264,112,0,76.2551683402244,2379.4,0.9515003782466167,0,4.093571428571437,0.8729041770239332,456.14099999999996,2.8103152314744824,433.81520000000006,8.101329782819946,401.6135,16.76898311436244,0,0,474.04518110532126,438.23681889467866,7.850283620775725,85.02173071871587,470.86,441.49,1,0,470.86,386.46,1,0,0.41109969167523186,1.0776791102681265,Uptrend
2024-05-20 20:00:00,468.86,469.06,461.96,462.19,2212,112,0,59.667755991285425,2392.0,0.9247491638795987,0,4.231428571428585,0.9155171188101398,457.11,1.111329876834894,435.06299999999993,6.235188926661213,401.99524999999994,14.973995339497186,0,0,474.0479934187064,440.1720065812936,7.410904779465079,82.57328419222846,470.86,441.78,1,0,470.86,394.45,1,0,-1.443619924940287,-1.1717664164902641,Uptrend
2024-05-21 16:00:00,464.75,469.92,463.35,469.68,2374,112,0,67.99259944495834,2367.45,1.002766689898414,0,4.47214285714287,0.9521680414628833,458.42150000000004,2.455927568842205,436.481,7.606058453861683,402.4174,16.714635102756496,0,0,474.963394851034,441.87960514896605,7.216893121737958,79.24687328659353,470.86,441.78,1,0,470.86,394.45,1,0,1.6205456630390191,0.56526207605344,Uptrend
2024-05-21 20:00:00,469.75,470.7,468.77,469.95,2081,112,0,68.68055555555551,2336.2,0.8907627771594898,0,4.47357142857144,0.9519249768212449,459.7755,2.212927831082771,437.96139999999997,7.303977017152658,402.82595000000003,16.66328845001171,0,0,475.3633069420513,444.18769305794876,6.780616601820348,76.24418949726721,470.86,441.78,1,0,470.86,394.45,1,0,0.05748594787939876,0.2111054247697051,Uptrend
2024-05-22 16:00:00,468.15,469.53,463.78,463.91,2441,112,0,59.6910401647786,2334.25,1.0457320338438472,0,4.71714285714287,1.0168228443324934,460.721,0.6921759589860287,439.2026,5.625513145869356,403.22560000000004,15.049738905466315,0,0,474.751440440231,446.690559559769,6.090645071629475,71.40718196040125,470.86,444.07,1,0,470.86,394.45,1,0,-1.2852431109692475,0.37214132715983195,Uptrend
2024-05-22 20:00:00,463.94,464.36,459.18,461.83,2742,112,0,58.96236012207527,2336.0,1.1738013698630136,0,4.9135714285714425,1.0639350905249643,461.4934999999999,0.07291543651211942,440.37399999999997,4.872222247453306,403.61980000000005,14.422037769207538,0,0,473.793978852447,449.1930211475528,5.33072680436327,66.56642306442232,470.86,446.45,1,0,470.86,400.66,1,0,-0.4483628289970176,-1.6713507068642528,Uptrend
2024-05-23 16:00:00,462.85,463.66,458.78,460.92,2554,112,0,51.23756650474207,2321.1,1.1003403558657534,0,4.682857142857159,1.0159804614373773,461.98049999999995,-0.22955514356123985,441.5206,4.393770075507239,404.02325,14.082543516988192,0,0,473.2932845238786,450.6677154761213,4.897516031035351,61.19013268813198,470.86,450.61,0,0,470.86,401.53,0,0,-0.19704220167593434,-1.9214810086179324,Uptrend
2024-05-23 20:00:00,460.92,461.39,456.8,457.47,2699,112,0,49.84248424842486,2325.7,1.1605108139484888,0,4.80214285714287,1.0497175458812316,462.0995,-1.0018405127034222,442.62340000000006,3.354228447931123,404.40525,13.121676832830435,0,0,473.1542260195772,451.04477398042275,4.784565237390316,56.24819213468065,470.86,452.32,0,1,470.86,401.53,0,0,-0.7485029940119681,-1.3882002974714918,Uptrend
2024-05-24 16:00:00,461.1,464.45,460.4,461.26,2339,112,0,46.928571428571445,2308.3,1.0132998310444916,0,4.835000000000012,1.0482157568399628,462.45650000000006,-0.2587270370294441,443.7442,3.9472741277519825,404.82370000000003,13.940957508169593,0,0,472.8687039226003,452.04429607739985,4.502998194468112,51.54241528806791,470.86,452.32,0,1,470.86,401.53,0,0,0.828469626423578,-0.12342203841240137,Uptrend
2024-05-24 20:00:00,461.31,461.98,459.92,460.58,1880,112,0,44.2881397040989,2304.1,0.815936808298251,0,4.745714285714298,1.0303778465661335,462.7950000000001,-0.47861364102898435,444.88840000000005,3.5270867930024554,405.23114999999996,13.65858720387118,0,0,472.4352020070296,453.15479799297054,4.166078720396516,47.282890094442244,470.86,452.32,0,1,470.86,401.83,0,0,-0.1474222781077894,-0.07376551245336106,Uptrend
2024-05-28 16:00:00,461.06,463.09,459.53,461.66,2145,112,0,44.288139704098974,2298.85,0.9330752332688084,0,4.575714285714298,0.9911437607144431,463.1530000000001,-0.3223556794407143,445.8564,3.5445493212612886,405.6544,13.806235061175231,0,0,471.9949100103469,454.3110899896532,3.8181378552430187,43.575940530394625,470.86,452.32,1,0,470.86,402.27,1,0,0.23448695123540197,0.9159070540144704,Uptrend
2024-05-28 20:00:00,461.61,461.77,458.14,459.13,1901,112,0,44.15961305925032,2295.85,0.8280157675806347,0,4.618571428571438,1.0059398054083675,463.4585,-0.933956330502088,446.70599999999996,2.7812476214781165,406.0639,13.068411154008027,0,0,471.17713438968303,455.739865610317,3.3308848104773214,39.92275332313869,470.86,453.29,0,1,470.86,403.69,0,0,-0.5480223541134199,-0.4617786064258759,Uptrend
2024-05-29 16:00:00,451.66,456.73,451.23,456.24,2327,112,0,35.89933382679493,2285.25,1.0182693359588666,0,4.895000000000006,1.072900227950203,463.27799999999996,-1.5191742323183821,447.3682,1.9831092151833787,406.44295,12.251916289850769,0,0,471.5040960875495,455.0519039124504,3.551256950491729,37.3620153915047,470.86,451.23,0,1,470.86,412.78,0,0,-0.6294513536471147,-0.9422901558903937,Uptrend
2024-05-29 20:00:00,456.41,458.07,455.49,456.66,1969,112,0,37.12797619047617,2274.65,0.8656276789835798,0,4.889285714285718,1.0706621368820823,463.23049999999995,-1.4184083301941313,448.0376,1.9244813381734096,406.83295,12.247545337711719,0,0,471.60405102937796,454.85694897062194,3.6152848438857146,34.46256365450406,470.86,451.23,0,1,470.86,414.22,0,0,0.09205681220409989,-1.0830481306589264,Uptrend
2024-05-30 16:00:00,454.55,455.0,446.95,450.52,2708,112,0,29.29950606196678,2282.7,1.1863144521838176,0,5.28571428571429,1.1732474220266116,462.56449999999995,-2.603853084272566,448.61980000000005,0.42356579000746886,407.2088,10.636115918909411,0,0,472.67303620511,452.4559637948899,4.37064937110827,33.23677782712016,470.86,446.95,0,1,470.86,414.22,0,0,-1.3445451758419935,-1.8752858667479828,Uptrend
2024-05-30 20:00:00,450.52,451.24,447.96,449.4,2135,112,0,33.55618410902544,2289.05,0.932701338983421,0,5.012857142857148,1.115455528005596,461.77,-2.6788227905667332,449.16399999999993,0.05254205590832009,407.57349999999997,10.262320783858621,0,0,473.36508062655616,450.1749193734438,5.022015560368228,33.97752387115805,470.86,446.95,0,1,470.86,414.22,0,0,-0.24860161591050423,-1.499210941609686,Uptrend
2024-05-31 16:00:00,449.33,451.29,448.45,451.01,2641,112,0,21.72069069978795,2294.9,1.1508126715761036,0,4.6635714285714345,1.0340283870804272,461.00199999999995,-2.167452635780314,449.8442,0.2591563923687335,407.95375,10.554198852198313,0,0,473.3260382991736,448.6779617008263,5.346631163931459,35.17123209109293,470.86,446.95,0,1,470.86,414.22,0,0,0.35825545171339623,-1.2372443393334285,Uptrend
2024-05-31 20:00:00,451.01,456.07,450.38,454.45,2372,112,0,28.579325594251017,2300.4,1.0311250217353503,0,4.932142857142862,1.0852993414331307,460.52650000000006,-1.3194680436413684,450.54940000000005,0.8657430239613991,408.3449,11.290725070889827,0,0,473.1012956350256,447.9517043649745,5.461051919933191,35.007875207376,470.86,446.95,0,1,470.86,414.22,0,0,0.7627325336466928,0.8723253129716788,Uptrend
2024-06-03 16:00:00,453.2,455.13,449.5,450.37,2172,112,0,30.216247808299258,2302.95,0.9431381488959814,0,4.893571428571432,1.0865669179944117,459.6615,-2.0213787754684667,451.027,-0.14566755427058298,408.70675000000006,10.193922659706486,0,0,472.5436088090391,446.7793911909609,5.605041452912239,36.238583061039385,470.86,446.95,0,1,470.86,416.11,0,0,-0.8977885355924697,0.21584334668447425,Uptrend
2024-06-03 20:00:00,450.45,454.45,449.5,454.01,2313,112,0,39.07210732252658,2313.45,0.9998054853141413,0,4.877142857142859,1.0742368796156163,459.00999999999993,-1.0893008866909095,451.5736,0.5395355264346702,409.06945,10.986044056822129,0,0,471.6363267150542,446.38367328494564,5.501547554543166,37.622577036100644,470.86,446.95,0,1,470.86,419.08,0,0,0.8082243488687135,0.665173721203521,Uptrend
2024-06-04 16:00:00,451.26,456.87,449.84,452.35,2888,112,0,38.26991513824256,2344.65,1.2317403450408375,0,5.030714285714287,1.1121287245969462,458.1795,-1.2723179452594444,451.9922,0.07916065808215218,409.40245000000004,10.49030116942387,0,0,470.22173353122497,446.13726646877507,5.2565571053375155,38.861750403986875,470.7,446.95,0,1,470.86,424.26,0,0,-0.3656307129798808,-0.46209704037847193,Uptrend
2024-06-04 20:00:00,452.29,455.74,451.72,454.4,2364,112,0,45.630515229148806,2352.25,1.0049952173450951,0,4.990000000000001,1.0981514084507045,457.78999999999996,-0.7405142095720716,452.4796,0.42441692398949526,409.74805,10.89741610728837,0,0,469.789907017163,445.79009298283694,5.242537852361575,39.321155948587425,470.7,446.95,0,1,470.86,424.26,0,0,0.45318890239858245,0.8948198148189207,Uptrend
2024-06-05 16:00:00,456.87,462.28,455.65,460.05,2485,112,0,48.364422816977594,2357.8,1.0539485961489523,0,5.054285714285718,1.0986383467635512,457.3085,0.5994859050291063,453.15420000000006,1.5217336615218287,410.1522,12.165678984533063,0,0,468.0012231034909,446.6157768965091,4.676371903645304,38.62110714385191,470.7,446.95,0,0,470.86,424.26,0,0,1.2433978873239493,1.330367172529244,Uptrend
2024-06-05 20:00:00,460.05,461.53,458.13,460.96,2012,112,0,50.5104782375067,2354.35,0.8545883152462463,0,5.150000000000001,1.1172335994446376,456.85900000000004,0.8976511352517826,453.8546,1.5655674746934314,410.55594999999994,12.277023387433564,0,0,465.95003641822007,447.76796358178,3.979799639810107,37.34354454643982,469.53,446.95,1,0,470.86,424.26,0,0,0.1978045864579947,1.903393390074048,Uptrend
2024-06-06 16:00:00,459.52,463.86,457.47,458.05,2447,112,0,45.377720870678594,2354.65,1.039220266281613,0,5.352142857142858,1.1684625820637173,456.566,0.32503515373462705,454.51419999999996,0.7779294904317735,410.93475,11.465384711319741,0,0,465.05819926877365,448.0738007312263,3.7200313947046757,35.52398580979874,464.45,446.95,1,0,470.86,424.26,0,0,-0.6312912183269681,0.8032570422535288,Uptrend
2024-06-06 20:00:00,457.86,459.61,456.45,457.47,2025,112,0,47.76280323450138,2318.8,0.873296532689322,0,5.318571428571431,1.162605510431598,456.34800000000007,0.24586499776485427,455.1408,0.5117537254405701,411.3282,11.21775749875648,0,0,464.4877649002344,448.2082350997657,3.567349873444982,33.384186323077316,464.45,446.95,1,0,470.86,424.26,0,0,-0.12662373103372593,-0.5608086077600226,Uptrend
2024-06-07 16:00:00,455.04,460.47,454.19,456.45,2394,112,0,50.298041441952854,2310.8,1.0360048468063008,0,5.202857142857149,1.1398525890803262,456.1245,0.07136209521741911,455.68699999999995,0.16743949245864678,411.69704999999993,10.870359649164369,0,0,463.9760582764143,448.27294172358575,3.4427259559239927,30.99077921785463,464.45,446.95,1,0,470.86,424.86,0,0,-0.22296544035674826,-0.9783929191253017,Uptrend
2024-06-07 20:00:00,456.52,457.83,454.09,454.09,2441,112,0,46.54291094969054,2297.9,1.0622742504025413,0,5.285714285714294,1.164023494398532,455.9554999999999,-0.409140804310934,456.12919999999997,-0.4470663136672667,412.0568,10.200826682146724,0,0,463.83058656590896,448.0804134340909,3.454322435373209,28.701174213132365,464.45,446.95,0,1,470.86,427.5,0,0,-0.5170336290940991,-0.8645344394716814,Uptrend
2024-06-10 16:00:00,449.76,454.65,449.14,452.99,2299,112,0,53.84375972611272,2295.9,1.0013502330240864,0,4.98571428571429,1.100623476393362,455.54200000000003,-0.5602117916679518,456.4072,-0.748717373433193,412.4335,9.83346406147901,0,0,463.10670363280286,447.9772963671972,3.3211882253679494,25.90690667605367,463.86,446.95,0,1,470.86,428.74,0,0,-0.24224272721266038,-0.979299189017863,Uptrend
2024-06-10 20:00:00,453.06,454.69,451.88,452.74,2006,112,0,55.34229046705061,2302.2,0.8713404569542178,0,4.95214285714286,1.0938160659855236,455.15,-0.5294957706250617,456.7122,-0.8697380976466113,412.81155,9.672319003671287,0,0,462.42235573210263,447.8776442678973,3.19558639222351,23.436681926749618,463.86,446.95,0,1,470.86,435.78,0,0,-0.055188856266141784,-0.8127943914996121,Uptrend
2024-06-11 16:00:00,443.9,448.09,441.88,445.16,2544,112,0,42.143432715551995,2322.15,1.0955364640527097,0,5.525000000000001,1.241126785874742,454.325,-2.017278380014299,456.7754,-2.5429127750750076,413.15700000000004,7.745965819289031,0,0,462.2059764289201,446.44402357107987,3.469312245163758,19.37057789668236,463.86,441.88,0,1,470.86,436.47,0,1,-1.6742501214825234,-1.966570503644641,Uptrend
2024-06-11 20:00:00,445.16,446.68,442.7,443.64,2071,112,0,34.6927216086094,2330.65,0.8885933108789393,0,5.402857142857146,1.217847160503369,453.5505,-2.1850929499581664,456.79200000000003,-2.8792097935165333,413.47505000000007,7.2954704280221785,0,0,462.4251320308913,444.6758679691087,3.913404143922801,17.629809834941877,463.86,441.88,0,1,470.86,438.75,0,1,-0.34145026507323983,-2.0640632243537436,Uptrend
2024-06-12 16:00:00,453.4,455.55,448.93,450.13,2498,112,0,49.681866383881214,2339.2,1.0678864569083448,0,5.851428571428577,1.2999419215401276,453.245,-0.6872662687950245,456.9256,-1.487244312859682,413.80789999999996,8.777526963598335,0,0,462.1504152655642,444.3395847344358,3.9296253750462617,14.96959232129866,463.86,441.88,0,1,470.86,441.49,0,1,1.462897845099631,-0.5764898175553328,Uptrend
2024-06-12 20:00:00,450.2,450.89,445.43,447.98,2795,112,0,41.67816726469778,2380.5,1.1741230833858434,0,5.887857142857148,1.3143125011958452,452.81100000000004,-1.0668910428412774,457.02780000000007,-1.9797045168806033,414.11625,8.17735358127097,0,0,461.8605289787013,443.76147102129875,3.9970446736944507,12.77907572510362,463.86,441.88,0,1,470.86,441.78,0,1,-0.47763979294870307,0.633480097043758,Uptrend
2024-06-13 16:00:00,445.73,446.13,441.45,444.46,2337,112,0,39.64295090574948,2361.95,0.9894366942568641,0,5.852142857142861,1.3166860588450842,452.508,-1.7785320922503032,457.01700000000005,-2.7476001986797147,414.38015,7.258998772021286,0,0,462.25912106912716,442.7568789308728,4.309811569796415,12.34516337861672,463.86,441.45,0,1,470.86,441.45,0,1,-0.7857493638108948,0.1848345505364695,Uptrend
2024-06-13 20:00:00,444.44,447.65,444.16,444.89,1517,112,0,36.96188648204006,2331.05,0.6507796915553077,0,5.814285714285717,1.3069041143396607,452.2825000000001,-1.6344872949981697,456.98720000000003,-2.647163859294099,414.68825,7.283001146041636,0,0,462.53210050567003,442.03289949433014,4.532388719735981,11.983418355540035,463.86,441.45,0,1,470.86,441.45,0,1,0.09674661386851469,-1.1641081465354473,Uptrend
2024-06-14 16:00:00,444.19,447.55,438.53,446.97,2164,112,0,30.1215805471125,2307.2,0.9379334257975035,0,5.895714285714291,1.3190402679630155,452.08050000000003,-1.130440264510414,456.903,-2.1739844124464036,414.99965,7.703705292281585,0,0,462.5915998472812,441.56940015271886,4.650100965328596,14.388624810676268,463.86,438.53,0,1,470.86,438.53,0,1,0.4675312998718928,-0.22545649359346195,Uptrend
2024-06-14 20:00:00,447.08,447.28,443.3,445.45,1767,112,0,26.85765443151307,2276.95,0.7760381211708646,0,5.937142857142861,1.3328415887625684,451.6304999999999,-1.368485963636189,456.7102,-2.4655021937324806,415.31115,7.256932543226926,0,0,462.4796502941372,440.7813497058627,4.80443650025286,16.886909686638795,463.86,438.53,0,1,470.86,438.53,0,1,-0.3400675660558905,0.22274220402286127,Uptrend
2024-06-17 16:00:00,444.43,448.17,442.32,447.31,1649,114,0,33.45656192236605,2250.8,0.7326283987915407,0,5.898571428571436,1.3186764053053668,451.4775000000001,-0.9230803306920221,456.574,-2.0290248678198957,415.6190500000001,7.6249993834498015,0,0,462.4866251624106,440.4683748375896,4.876931923478134,19.945066946179388,463.86,438.53,0,0,470.86,438.53,0,0,0.41755528117635166,0.5439546854278622,Uptrend
2024-06-17 20:00:00,447.31,450.16,446.52,449.57,1784,112,0,38.429994141769185,2224.35,0.8020320543080002,0,5.932857142857151,1.3196737199673358,451.25550000000004,-0.3735134530216357,456.4892,-1.5157423220527428,415.93125,8.087574569114492,0,0,462.2286087088554,440.2823912911447,4.863368406082746,22.53502098537341,463.86,438.53,0,0,470.86,438.53,0,0,0.5052424493080743,0.5816945208850629,Uptrend
2024-06-18 16:00:00,449.36,456.24,449.36,455.29,1719,112,0,48.50669412976318,2165.9,0.7936654508518398,0,5.975714285714291,1.3125072559718622,451.4025,0.8612048005937153,456.505,-0.26615261607210766,416.28824999999995,9.368928861191753,0,0,462.5152274116587,440.28977258834124,4.923644601728497,22.851742407596593,463.86,438.53,1,0,470.86,438.53,0,0,1.2723268901394746,2.20900213267483,Uptrend
2024-06-18 20:00:00,455.28,457.0,454.82,456.68,1655,112,0,53.41959334565622,2130.45,0.7768311858996926,0,5.86428571428572,1.2841126640723743,451.5165,1.143590544310119,456.5782,0.022296290098832064,416.66025,9.604887915273892,0,0,462.80410340044915,440.22889659955086,4.999863083829336,23.3166743424864,463.86,438.53,1,0,470.86,438.53,0,0,0.3052999187331151,2.0947441371755615,Uptrend
2024-06-20 16:00:00,458.34,459.63,454.56,456.86,1584,112,0,55.23680649526385,2085.4,0.7595665100220581,0,5.832857142857149,1.276727475125235,451.35699999999997,1.219212286504927,456.51840000000004,0.07482721397428257,417.0268,9.55171226405594,0,0,462.2190151275486,440.49498487245137,4.813048264477389,21.663157529284092,463.86,438.53,1,0,470.86,438.53,0,0,0.03941490759393762,1.621549480614814,Uptrend
2024-06-20 20:00:00,456.86,459.64,455.29,457.39,2021,112,0,56.24496373892017,2085.85,0.9689095572548362,0,5.942857142857146,1.2992975672527047,451.1785,1.3767278361003463,456.514,0.19188896726058266,417.39275000000004,9.582641289289272,0,0,461.4788653997291,440.87813460027087,4.565982377143023,20.006530190886487,463.86,438.53,1,0,470.86,438.53,0,0,0.11600928074244621,0.4612444815392312,Uptrend
2024-06-21 16:00:00,454.0,456.63,450.87,452.32,2021,114,0,60.311059907834014,2064.55,0.9789058148264754,0,5.6328571428571435,1.2453256859871646,450.892,0.3167055525491686,456.2836,-0.8686702743644491,417.72675,8.281310689344174,0,0,460.6943318385576,441.0896681614424,4.347973278992584,20.128949006466787,460.47,438.53,1,0,470.86,438.53,0,0,-1.1084632370624625,-0.9547166506087443,Uptrend
2024-06-21 20:00:00,452.32,453.09,448.61,449.57,1754,112,0,58.24756606397773,2051.0,0.8551925889809849,0,5.6685714285714255,1.2608873876307194,450.497,-0.20577273544552369,455.9692,-1.4034281262857244,418.0443,7.541234266320572,0,0,459.8075963401945,441.18640365980553,4.133477621468946,18.698495461103068,460.47,438.53,0,0,470.86,438.53,0,0,-0.6079766536964959,-1.5956748237972291,Uptrend
2024-06-24 16:00:00,449.4,459.84,449.1,458.17,1788,112,0,60.562270099842344,2020.7,0.8848418864749839,0,5.584999999999992,1.218979854639106,450.5830000000001,1.6838185195624182,455.8052,0.5188181266909642,418.41790000000003,9.50057346972966,0,0,460.153272173413,441.0127278265872,4.247950842980266,18.397896482441446,459.84,438.53,1,0,470.86,438.53,0,0,1.9129390306292793,0.17053280570192386,Uptrend
2024-06-24 20:00:00,458.17,462.79,457.54,461.39,1750,113,0,67.13519039100426,1986.15,0.8811016287792965,0,5.569999999999993,1.2072216562994416,450.94800000000004,2.3155663180677037,455.75380000000007,1.2366764687425351,418.80305,10.168729668993578,0,0,461.57944016582496,440.3165598341751,4.715151266143735,19.214541616226256,462.79,438.53,1,0,470.86,438.53,0,0,0.7027959054499267,2.005217545100812,Uptrend
2024-06-25 16:00:00,459.67,463.33,456.01,457.28,1629,112,0,66.13796576032222,1952.65,0.8342508898164033,0,5.626428571428562,1.2304121263620893,451.1625,1.3559415953231817,455.546,0.3806421305422461,419.16829999999993,9.092219044235943,0,0,462.13504924079274,440.1899507592073,4.864122900636785,19.621945480961163,463.33,438.53,1,0,470.86,438.53,0,0,-0.8907865363358525,1.7149720844362344,Uptrend
2024-06-25 20:00:00,457.19,458.27,455.95,456.74,1224,112,0,64.87572181772535,1913.55,0.639648820255546,0,5.5428571428571365,1.2135694580849359,451.3625,1.1913927275748424,455.34,0.30746255545307555,419.53405,8.868398166966433,0,0,462.59876623691713,440.1262337630829,4.978821340681655,20.067285819831273,463.33,438.53,1,0,470.86,438.53,0,0,-0.11808957312805513,-0.3121112250911248,Uptrend
2024-06-26 16:00:00,455.28,457.19,451.63,455.97,1379,114,0,61.68224299065422,1855.3,0.7432760200506657,0,5.2957142857142765,1.1614172611606632,451.90299999999996,0.8999718966238474,455.0802,0.1955259754214832,419.84184999999997,8.605180736508299,0,0,462.9208823067697,440.8851176932302,4.876215606787193,18.89968712239972,463.33,438.53,1,0,470.86,438.53,0,0,-0.168586066471077,-1.1747111987689285,Uptrend
2024-06-26 20:00:00,455.97,456.33,454.07,455.12,1033,112,0,62.774108322325,1803.4,0.5728069202617279,0,5.1728571428571355,1.136591919242647,452.47700000000003,0.584118087770201,454.93880000000007,0.03982953311520867,420.1576,8.321258499191732,0,0,462.8602113478563,442.09378865214376,4.5894979624848435,17.73208842496816,463.33,438.53,1,0,470.86,438.53,0,0,-0.18641577296752976,-0.47235829251223943,Uptrend
2024-06-27 16:00:00,446.5,447.68,441.96,444.56,2026,112,0,47.046186895810955,1779.8,1.1383301494549949,0,5.694999999999993,1.281041929098433,452.1985000000001,-1.6891918040418261,454.4364,-2.1733294251956905,420.48869999999994,5.724600922688308,0,0,463.1310381556998,441.26596184430036,4.835282804210856,14.987990023650541,463.33,438.53,0,1,470.7,438.53,0,1,-2.320267182281599,-2.6667250514515928,Uptrend
2024-06-27 20:00:00,444.68,446.85,443.65,445.1,1459,113,0,45.014499219272835,1713.0,0.8517221249270286,0,5.663571428571422,1.2724267419841433,452.0545,-1.538420699274091,453.93940000000003,-1.947264326471774,420.8239,5.7687075282558915,0,0,463.29259400395017,440.81640599604987,4.972008465328916,13.12498143367475,463.33,438.53,0,1,470.7,438.53,0,1,0.12146841821127907,-2.38392876724346,Uptrend
2024-06-28 16:00:00,452.17,456.54,449.66,451.67,2252,112,0,46.03765323992994,1708.75,1.3179224579370885,0,5.989285714285708,1.3260313313449437,452.4150000000001,-0.1646718168053803,453.6946,-0.4462473214360418,421.19489999999996,7.235391501653998,0,0,463.075031598627,441.75496840137316,4.71250139744567,11.931036753818296,463.33,438.53,0,0,470.7,438.53,0,0,1.476072792630867,-0.7580418351204053,Uptrend
2024-06-28 20:00:00,451.67,452.85,448.89,451.58,1624,112,0,44.25416854438934,1714.1,0.947435972230325,0,6.116428571428567,1.3544507222260878,452.7495,-0.25831061105534686,453.48960000000005,-0.4210901418687591,421.56559999999996,7.119746013431842,0,0,462.818797733289,442.68020226671104,4.4480657552527285,11.107441328393744,463.33,438.53,0,0,469.53,438.53,0,0,-0.019926052206264977,1.5790894367464419,Uptrend
2024-07-01 16:00:00,457.15,462.0,454.0,461.1,2743,112,0,53.94638868205511,1743.05,1.5736783224807092,0,6.498571428571426,1.409362704092697,453.45599999999996,1.685720334497738,453.4932,1.6773790654413387,421.95009999999996,9.278324617057814,0,0,463.79704219523944,443.1149578047605,4.560990347570429,11.343418886833858,463.33,441.96,1,0,464.45,438.53,1,0,2.108153594047568,3.5946978207144458,Uptrend
2024-07-01 20:00:00,461.1,463.4,460.64,462.97,1804,112,0,55.06719941881587,1744.9,1.0338701358244025,0,6.384999999999999,1.3791390370866359,454.33200000000005,1.9012528283281778,453.6032,2.0649766139215977,422.3409,9.619977605768245,0,0,464.785144779873,443.8788552201271,4.601544588482852,11.740375743379833,463.4,441.96,1,0,464.45,438.53,1,0,0.40555194101061787,2.501826554785576,Uptrend
2024-07-02 16:00:00,460.84,463.45,459.02,459.21,1256,112,0,56.40930232558138,1725.25,0.7280104332705405,0,6.235714285714287,1.3579221457969746,454.92699999999996,0.9414697303083827,453.5622,1.2452095875714424,422.7093,8.634941317827641,0,0,465.04660078261537,444.80739921738456,4.448889946129999,12.110996763311997,463.45,441.96,1,0,464.45,438.53,1,0,-0.8121476553556439,1.6896231011116516,Uptrend
2024-07-02 20:00:00,459.21,465.66,458.93,464.66,1156,112,0,63.36581045172718,1693.85,0.6824689317235884,0,6.396428571428577,1.3765825703586658,455.68149999999997,1.9703455154532397,453.6438,2.428381033753801,423.1136,9.819206945841497,0,0,466.3544215158605,445.00857848413943,4.68437780153925,13.472532357996814,465.66,441.96,1,0,465.66,438.53,1,0,1.1868208444938189,0.7720667967902846,Uptrend
2024-07-03 16:00:00,465.3,469.21,465.27,467.12,1861,112,0,58.8948519181077,1700.95,1.0940944766160088,0,5.954285714285719,1.2746801066718871,456.273,2.3773048153188947,453.75299999999993,2.9458758399393674,423.5393,10.289647265318703,0,0,468.10308671052144,444.4429132894786,5.185530027208015,14.694346210666106,469.21,441.96,1,0,469.21,438.53,1,0,0.5294193603925468,0.8963863749270962,Uptrend
2024-07-05 16:00:00,463.97,465.04,459.55,460.49,1489,112,0,49.16232315711097,1692.65,0.8796856999379671,0,6.1200000000000045,1.3290190883623976,456.4635,0.8821077698435906,453.78020000000004,1.478645388229802,423.922,8.626115181566416,0,0,468.4429442802104,444.48405571978964,5.248807092006425,13.693204133459792,469.21,441.96,1,0,469.21,438.53,1,0,-1.4193355026545618,0.2787395744866248,Uptrend
2024-07-05 20:00:00,460.51,464.11,460.25,463.99,1073,112,0,56.317077763133135,1667.1,0.6436326555095675,0,5.872857142857149,1.2657292490909606,456.82,1.5695459918567523,453.93519999999995,2.2150298104222936,424.3194,9.349230791710216,0,0,469.26446865075025,444.37553134924974,5.448302898625389,12.237426034168964,469.21,441.96,1,0,469.21,438.53,1,0,0.7600599361549554,-0.14419145181423318,Uptrend
2024-07-08 16:00:00,471.28,474.01,465.39,465.39,2047,113,0,58.013711321104275,1668.4,1.2269239990409972,0,6.422857142857148,1.380102095631008,457.2200000000001,1.7868859629937233,454.1098,2.4840247887184947,424.70889999999997,9.578584296208536,0,0,470.2424728834238,444.1975271165764,5.69637062395507,12.160226701731071,474.01,441.96,1,0,474.01,438.53,1,0,0.30173064074656697,-0.37035451275903797,Uptrend
2024-07-08 20:00:00,465.4,465.87,463.26,464.16,1445,112,0,57.52342458203194,1639.6,0.8813125152476214,0,6.212142857142863,1.3383623873541157,457.81200000000007,1.3865953710256513,454.3826,2.1517989465265615,425.08015,9.193525032867337,0,0,470.9723241041329,444.65167589586724,5.749226365465661,12.093366545019135,474.01,441.96,0,0,474.01,438.53,0,0,-0.26429446270869184,0.7969771330539243,Uptrend
2024-07-09 16:00:00,464.86,477.97,461.01,477.62,2364,112,0,66.78102625298328,1670.1,1.4154841027483385,0,7.262142857142867,1.5204855025214328,459.21449999999993,4.008039815815937,454.94700000000006,4.983657437020124,425.51959999999997,12.243948339864966,0,0,474.4857891607447,443.9432108392552,6.6510483274133305,12.667710419375068,477.97,441.96,1,0,477.97,438.53,1,0,2.8998621165115424,2.937563309554084,Uptrend
2024-07-09 20:00:00,477.63,478.52,471.21,472.17,1966,112,0,72.291296625222,1679.0,1.170935080405003,0,6.844285714285722,1.4495384531600317,459.9145,2.6647344234635004,455.37019999999995,3.689262055356293,425.91255000000007,10.860785858505446,0,0,476.2318288255002,443.59717117449975,7.095809688757465,16.375686218836684,478.52,441.96,1,0,478.52,438.53,1,0,-1.1410744943678996,1.4568426481015986,Uptrend
2024-07-10 16:00:00,473.65,475.79,469.24,475.01,1556,113,0,73.2835123773937,1669.3,0.9321272389624393,0,7.0835714285714335,1.491246800819232,460.5955,3.1295355686279986,455.7814,4.218820689040836,426.33595,11.416829849793329,0,0,478.2538607452681,442.9371392547319,7.667621913487261,19.389357466686256,478.52,441.96,1,0,478.52,438.53,1,0,0.6014782811275543,2.337556015167176,Uptrend
2024-07-10 20:00:00,475.01,479.19,475.01,478.16,1366,112,0,71.78095707942771,1656.15,0.8248045164991094,0,6.565000000000006,1.372971390329598,461.63950000000006,3.578658238733897,456.3372,4.782165468868203,426.77270000000004,12.040906084198912,0,0,480.87135129440287,442.40764870559724,8.33197821867618,22.635516552629262,479.19,441.96,1,0,479.19,438.53,1,0,0.6631439338119272,0.11306059210251256,Uptrend
2024-07-11 16:00:00,477.38,482.18,474.87,476.18,2039,145,0,69.61722488038278,1696.9,1.2016029229771936,0,6.804285714285718,1.4289314364916035,462.6115,2.9330226334624254,456.78060000000005,4.246984219557476,427.20604999999995,11.463777256899817,0,0,482.74463506058896,442.478364939411,8.704122167559165,25.953117413510153,482.18,441.96,1,0,482.18,438.53,1,0,-0.4140873347833418,0.8492703899019401,Uptrend
2024-07-11 20:00:00,476.22,479.47,476.17,477.22,1644,145,0,64.86536333456289,1710.15,0.9613191825278484,0,6.295714285714289,1.31924778628605,463.674,2.9214491215811216,457.27799999999996,4.361023272495083,427.63919999999996,11.594072760401776,0,0,484.5601600108659,442.78783998913406,9.008984765531784,28.650470674872217,482.18,441.96,1,0,482.18,438.53,1,0,0.21840480490571412,0.4652533630871006,Uptrend
2024-07-12 16:00:00,479.32,482.03,477.29,480.45,2952,145,0,65.72508096437565,1806.1,1.634460993300482,0,6.442142857142857,1.3408560426980658,464.9405,3.3358031834180943,457.79900000000004,4.947804604204018,428.09095,12.230823847128738,0,0,486.6964830609159,443.18451693908406,9.358609568715103,31.272071967859848,482.18,441.96,1,0,482.18,438.53,1,0,0.6768366790997682,0.4789191902292043,Uptrend
2024-07-12 20:00:00,480.42,482.6,477.79,479.1,2621,145,0,68.70415647921767,1835.85,1.4276765530952966,0,6.469285714285713,1.3502996690222737,466.6675,2.664102385531455,458.18,4.565891134488632,428.529,11.801068305762277,0,0,487.05201101874104,446.282988981259,8.736203407668638,33.854439980736394,482.6,443.65,1,0,482.6,438.53,1,0,-0.2809865750858509,0.6132134906967986,Uptrend
2024-07-15 16:00:00,486.38,489.92,475.5,485.44,2312,145,0,69.2193858675546,1878.5,1.2307692307692308,0,7.018571428571428,1.4458164610603632,468.68449999999996,3.575006214201673,458.6696,5.836532440780902,428.99425,13.157693838553774,0,0,488.04068108809884,449.3283189119011,8.259791432445015,35.74889011726163,489.92,448.89,1,0,489.92,438.53,1,0,1.323314548111032,1.722476006873134,Uptrend
2024-07-15 20:00:00,485.42,492.16,484.43,491.54,1955,145,0,71.16117850953212,1863.65,1.049016714511845,0,7.24571428571429,1.4740843645917503,470.678,4.432329533141558,459.3394,7.010197688245339,429.51959999999997,14.439480759434506,0,0,490.85116153495215,450.50483846504784,8.571958551261014,37.910938443020385,492.16,448.89,1,0,492.16,438.53,1,0,1.2565919578114704,2.3082526797793803,Uptrend
2024-07-16 16:00:00,494.75,505.66,493.17,501.78,3386,145,0,83.67313651932807,1951.75,1.7348533367490713,0,7.713571428571433,1.5372417052436196,473.188,6.042418658123196,460.2256,9.02913701454243,430.09324999999995,16.66772263921836,0,0,495.7111666465653,450.6648333534347,9.51975394412593,43.04116964293733,505.66,454.0,1,0,505.66,438.53,1,0,2.0832485657321875,4.733876017532864,Uptrend
2024-07-16 20:00:00,501.78,504.55,499.69,502.52,1934,145,0,82.9035012809565,1911.3,1.0118767331135876,0,7.785000000000005,1.549192071957336,475.259,5.7360302487696115,461.14700000000005,8.971759547389428,430.67085,16.68307711097698,0,0,500.5493459009352,449.96865409906485,10.64276358824774,48.02999325584906,505.66,458.93,1,0,505.66,438.53,1,0,0.14747498903902034,3.518457481872113,Uptrend
2024-07-17 16:00:00,501.53,508.72,498.58,504.75,3329,145,0,83.14247221286637,1987.55,1.6749264169454856,0,7.793571428571438,1.5440458501379768,477.34799999999996,5.7404660750647425,462.16020000000003,9.2153759670348,431.25805,17.041293490057743,0,0,505.1424663935959,449.553533606404,11.645368323988345,51.4551733454132,508.72,458.93,1,0,508.72,438.53,1,0,0.44376343230121407,2.6874720266916183,Uptrend
2024-07-17 20:00:00,504.87,504.98,499.22,501.2,2069,145,0,80.01620745542951,2028.2,1.020116359333399,0,8.018571428571436,1.5998745867061923,479.44750000000005,4.536993101434451,463.12440000000004,8.221462743055634,431.7863,16.075938490869213,0,0,507.8109367118079,451.08406328819217,11.831717429669725,55.005932060254665,508.72,458.93,1,0,508.72,438.53,1,0,-0.7033184744923204,-0.11558850492247282,Uptrend
2024-07-18 16:00:00,499.12,502.67,488.96,490.42,2142,145,0,60.84378176889192,2077.5,1.0310469314079422,0,7.786428571428579,1.5877061643955341,480.73550000000006,2.0145173385364625,463.87799999999993,5.721763049767415,432.28104999999994,13.449340423319525,0,0,508.6068144176569,452.8641855823432,11.595280322612677,55.60983775660651,508.72,459.55,0,0,508.72,438.53,0,0,-2.1508379888268148,-2.407864363607412,Uptrend
2024-07-18 20:00:00,490.43,490.74,483.42,484.85,2456,145,0,60.72032465336491,2107.25,1.1655000593190177,0,7.787142857142864,1.6060931952444804,481.622,0.6702351636760797,464.6718,4.342462787713823,432.7348,12.043219080138694,0,0,508.788844808361,454.45515519163905,11.281396949624794,53.303961326336214,508.72,459.55,0,0,508.72,438.53,0,0,-1.1357611842910176,-3.942545814759778,Uptrend
2024-07-19 16:00:00,484.29,490.41,482.32,484.9,2270,145,0,58.77551020408164,2146.3,1.0576340679308576,0,7.897142857142866,1.6286126741890834,482.84250000000003,0.42612238980618883,465.49699999999996,4.168233092801891,433.20824999999996,11.932309691701397,0,0,508.14100994154836,457.5439900584517,10.478990536892809,51.48965646513885,508.72,460.25,0,0,508.72,438.53,0,0,0.010312467773521128,-3.2521947326416627,Uptrend
2024-07-19 20:00:00,484.73,486.13,482.31,483.81,2012,145,0,55.203536562902926,2193.25,0.9173600820699874,0,7.871428571428579,1.626966902591633,483.8335,-0.004857042763680632,466.17060000000004,3.7838937075825814,433.67645,11.560127371453998,0,0,507.5242579359211,460.1427420640789,9.792938246698963,49.71508703045202,508.72,461.01,0,0,508.72,438.53,0,0,-0.22478861620952584,-1.3478243138534345,Uptrend
2024-07-22 16:00:00,485.9,488.71,480.92,486.72,2459,145,0,59.54364360738867,2213.85,1.1107346929557107,0,7.90571428571429,1.6242838358222982,484.9,0.375335120643442,466.9454,4.234884849492043,434.16524999999996,12.104780380281488,0,0,506.959096703353,462.84090329664696,9.098410683997948,47.39952668276537,508.72,461.01,0,0,508.72,438.53,0,0,0.6014757859490238,0.3856862947303299,Uptrend
2024-07-22 20:00:00,486.9,487.8,485.46,485.79,1872,145,0,57.77535837416079,2235.2,0.8375089477451683,0,7.837142857142863,1.6132779302049987,485.9815,-0.0394047921577184,467.772,3.8518765552448695,434.6574,11.763885763822271,0,0,505.7625087284559,466.2004912715441,8.140642690495792,45.6976100562746,508.72,461.01,0,0,508.72,438.53,0,0,-0.19107495069033975,0.1835429985564123,Uptrend
2024-07-23 16:00:00,487.88,494.76,485.36,493.03,2582,145,0,60.63937753721247,2246.1,1.1495481056052714,0,8.165000000000008,1.6560858365616715,486.75200000000007,1.2897738478732304,468.7348,5.183144072085103,435.1843,13.292230441217656,0,0,506.3614108448895,467.1425891551106,8.057249213106243,44.31330934391884,508.72,469.24,0,0,508.72,438.53,0,0,1.4903559151073331,1.9057067857216614,Uptrend
2024-07-23 20:00:00,493.09,494.85,490.29,491.27,1756,145,0,60.221736939358294,2235.6,0.7854714617999643,0,8.147142857142866,1.6583839552878998,487.707,0.7305615871824658,469.62080000000003,4.609932098407897,435.70415,12.753114699504229,0,0,506.1520810444492,469.2619189555508,7.564000945013783,42.5094367513182,508.72,469.24,0,0,508.72,438.53,0,0,-0.3569762489098016,0.9348290598290504,Uptrend
2024-07-24 16:00:00,490.87,494.81,485.68,492.39,2939,145,0,56.39845332351316,2304.75,1.275192537151535,0,7.769285714285721,1.5778723601790698,488.576,0.7806359706575772,470.55960000000005,4.639242297893813,436.23445,12.87279122499381,0,0,506.1179093961465,471.03409060385354,7.180831394152181,39.694300951328316,508.72,474.87,0,0,508.72,438.53,0,0,0.22798054023245307,1.3586117458160862,Uptrend
2024-07-24 20:00:00,492.35,493.12,484.85,485.77,2564,145,0,44.73828196242928,2364.65,1.0843042310701372,0,7.807857142857147,1.6073156314422767,488.95650000000006,-0.6516939645960489,471.32880000000006,3.0639332881843675,436.75024999999994,11.223748584001967,0,0,505.8658450027051,472.047154997295,6.916502798390055,36.56311406082329,508.72,474.87,0,0,508.72,441.96,0,0,-1.344462722638562,-1.472527026752934,Uptrend
2024-07-25 16:00:00,482.93,495.22,482.28,493.75,2505,145,0,42.36256420011414,2387.95,1.0490169392156452,0,7.723571428571437,1.5642676311030759,489.83500000000004,0.799248726612015,472.21240000000006,4.560998398178433,437.2921999999999,12.910772247938585,0,0,505.74561677984997,473.9243832201501,6.496316833158076,33.29439971890252,508.72,475.5,0,0,508.72,441.96,0,0,1.6427527430677102,0.5048140533718766,Uptrend
2024-07-25 20:00:00,493.75,495.24,489.71,490.8,1885,145,0,39.30266520627967,2400.0,0.7854166666666667,0,7.77142857142858,1.5834206543253015,490.514,0.058306184940695144,472.92260000000005,3.7801957445044847,437.81905,12.10110661013951,0,0,505.2754282577933,475.7525717422067,6.018759202711149,30.021516675952622,508.72,475.5,0,0,508.72,441.96,0,0,-0.5974683544303749,-0.322914762688108,Uptrend
2024-07-26 16:00:00,496.94,503.29,495.3,499.17,2602,145,0,45.420223243598166,2382.5,1.0921301154249738,0,7.939285714285721,1.5904973684888357,491.45,1.5708617356801358,473.7724,5.360717509082423,438.38384999999994,13.865964724749801,0,0,505.8951354040575,477.0048645959425,5.878577842733751,26.283352882921132,508.72,475.5,1,0,508.72,441.96,1,0,1.7053789731051427,2.758507112419465,Uptrend
2024-07-26 20:00:00,499.17,500.24,496.85,498.46,1752,145,0,47.64118457300275,2339.05,0.7490220388619311,0,7.770000000000006,1.5588011074108266,492.41799999999995,1.2270063238955584,474.60439999999994,5.026417791322634,438.94275,13.559228395958241,0,0,505.9439697190831,478.8920302809168,5.493694267505718,22.10164699650485,508.72,475.5,0,0,508.72,441.96,0,0,-0.14223611194583707,0.9539240506329073,Uptrend
2024-07-29 16:00:00,497.11,499.57,491.78,493.62,2012,145,0,53.06866129650939,2324.05,0.8657300832598265,0,7.347142857142862,1.4884208211058836,492.82700000000006,0.16090839178858898,475.329,3.848071546234292,439.4738,12.320688969399319,0,0,505.9533336765802,479.7006663234199,5.326953952027849,19.45112315756875,508.72,480.92,0,0,508.72,441.96,0,0,-0.9709906512057054,0.5745721271393629,Uptrend
2024-07-29 20:00:00,493.71,494.91,490.19,492.01,1428,145,0,57.43046907430466,2297.7,0.621491056273665,0,7.161428571428579,1.4555453286373405,492.8505,-0.1705385304468637,476.1228,3.336786224058165,439.98350000000005,11.824647969753396,0,0,505.96881259204497,479.73218740795505,5.323444976537493,18.039105039462275,508.72,480.92,0,0,508.72,441.96,0,0,-0.32616182488554024,-1.4343810725804884,Uptrend
2024-07-30 16:00:00,503.29,508.57,500.12,506.0,2311,145,0,66.9832582099163,2243.95,1.0298803449274718,0,7.766428571428577,1.5348673066064382,493.06149999999997,2.6241148416576907,477.2514,6.023785367628049,440.55285000000003,14.85568644034421,0,0,506.90050707571004,479.2224929242899,5.613501389060015,18.490449887297093,508.72,480.92,1,0,508.72,441.96,1,0,2.8434381415011867,1.5126589896882439,Uptrend
2024-07-30 20:00:00,506.0,507.03,503.61,504.74,1540,145,0,66.8004495103548,2224.25,0.6923682140047207,0,7.737857142857146,1.5330382261871747,493.1725,2.3455281873989313,478.1828,5.553775669053764,441.11834999999996,14.422807393979427,0,0,507.3621090595409,478.98289094045913,5.754420232085481,19.268112646839977,508.72,480.92,1,0,508.72,441.96,1,0,-0.249011857707504,2.252745026538634,Uptrend
2024-07-31 16:00:00,508.58,513.53,504.68,510.89,1782,145,0,68.44193499160687,2146.9,0.8300340025152545,0,7.813571428571431,1.5294038694379282,493.47950000000003,3.5281100836002213,479.1728,6.619157013920655,441.7331,15.65581116742214,0,0,508.9331665381757,478.02583346182433,6.263144279823456,20.895590821774597,513.53,480.92,1,0,513.53,441.96,1,0,1.2184491025082123,3.837320379667079,Uptrend
2024-07-31 20:00:00,511.0,516.36,505.33,507.96,2123,145,0,66.41492669924475,2149.6,0.987625604763677,0,8.434285714285718,1.6604232054267496,493.8175,2.8639122752838824,480.1864,5.783920577509065,442.33660000000003,14.83562517774924,0,0,510.24705600513175,477.38794399486824,6.654100352916516,22.731330904551942,516.36,480.92,1,0,516.36,441.96,1,0,-0.5735089745346422,0.38735177865612247,Uptrend
2024-08-01 16:00:00,509.92,512.88,496.7,499.45,2649,145,0,54.66569767441861,2174.95,1.217959033541001,0,8.918571428571434,1.7856785320995967,494.26899999999995,1.0482146361596703,481.0406,3.826995060292209,442.89345000000003,12.769786954401777,0,0,510.80141778731047,477.7365822126894,6.689643812300801,22.111217826565667,516.36,480.92,0,0,516.36,441.96,0,0,-1.6753287660445704,-1.048064349962361,Uptrend
2024-08-01 20:00:00,499.45,499.74,493.96,499.35,2363,145,0,56.017277330950286,2170.3,1.0887895682624522,0,9.005714285714292,1.8034873907508346,494.99399999999997,0.8800106667959715,481.9082,3.6193200281713405,443.4587,12.603496109107793,0,0,511.0521868282185,478.93581317178143,6.488234939501707,21.136478901775593,516.36,480.92,0,0,516.36,441.96,0,0,-0.020022024226640234,-2.2588032648906737,Uptrend
2024-08-02 16:00:00,487.64,492.33,472.18,474.47,3140,145,0,40.14301430143017,2213.8,1.4183756436895834,0,10.294285714285722,2.169638905365086,494.4725,-4.045219906061509,482.29519999999997,-1.6224917851141663,443.89345000000003,6.888263388432516,0,0,512.471137229099,476.47386277090106,7.279934568292052,21.354977761191797,516.36,472.18,0,1,516.36,441.96,0,0,-4.982477220386505,-6.593038821954475,Uptrend
2024-08-02 20:00:00,474.47,475.28,466.37,469.15,2358,145,0,40.72544642857143,2231.1,1.0568777732956838,0,10.340000000000007,2.2039859320046906,493.7395,-4.980257808014154,482.78700000000003,-2.8246410943128244,444.3064,5.591546734415705,0,0,514.5421379652975,472.9368620347026,8.426564196422378,22.353414513518498,516.36,466.37,0,1,516.36,441.96,0,0,-1.1212510801525966,-6.066673340674745,Uptrend
2024-08-05 16:00:00,439.35,461.19,435.96,457.87,3508,145,0,30.688912809472555,2283.55,1.5362045937246829,0,11.786428571428575,2.5741866843052774,492.2969999999999,-6.993136257178067,483.0424,-5.211219553397379,444.67150000000004,2.9681461483364613,0,0,518.4596202614878,466.13437973851205,10.628795325377919,23.441332764458732,516.36,435.96,0,0,516.36,435.96,0,0,-2.404348289459657,-8.30679883849004,Uptrend
2024-08-05 20:00:00,457.87,462.01,456.54,457.42,2367,145,0,31.53761061946902,2308.3,1.0254299701078715,0,11.782142857142857,2.575782182052131,490.8785,-6.81604511095922,483.1574,-5.326918308609157,445.04195,2.781322075368408,0,0,521.2624086740866,460.49459132591335,12.37940087988642,24.45821469734423,516.36,435.96,0,0,516.36,435.96,0,0,-0.09828117151156057,-3.593483255000318,Uptrend
2024-08-06 16:00:00,457.72,471.34,456.18,470.87,2975,145,0,35.18014243820696,2327.95,1.2779484095448785,0,11.972857142857139,2.542709695427005,489.77049999999997,-3.8590523520710143,483.5432,-2.6209033649940707,445.47825000000006,5.699885460176774,0,0,521.4141470550854,458.1268529449145,12.921826469779404,26.25697437020835,516.36,435.96,0,0,516.36,435.96,0,0,2.940404879541769,0.366620483853784,Uptrend
2024-08-06 20:00:00,470.87,474.4,468.7,469.14,2576,145,0,34.80829015544042,2368.95,1.0874015914223603,0,12.13785714285714,2.5872569260470524,488.66399999999993,-3.995383330877647,483.704,-3.010932305707627,445.90475,5.210810156204886,0,0,521.607824850629,455.72017514937085,13.483221538983459,27.784947555047772,516.36,435.96,0,0,516.36,435.96,0,0,-0.3674050162465248,2.461397339856287,Uptrend
2024-08-07 16:00:00,480.96,487.45,476.49,477.97,2613,145,0,42.21315553786448,2352.65,1.110662444477504,0,12.889285714285709,2.696672534737684,487.94300000000004,-2.043886273601632,484.00399999999996,-1.2466839117031958,446.35765,7.082291521160229,0,0,521.1734103590527,454.71258964094744,13.620611571045234,28.84516135954097,516.36,435.96,0,0,516.36,435.96,0,0,1.8821673700814445,4.492588867998778,Uptrend
2024-08-07 20:00:00,477.97,478.9,471.79,472.41,2591,145,0,40.61662198391423,2354.0,1.100679694137638,0,13.05999999999999,2.7645477445439317,487.275,-3.0506387563490747,484.26800000000003,-2.4486441391956526,446.78045,5.736497646662931,0,0,521.2188034031711,453.33119659682876,13.93209313146424,29.811880297280187,516.36,435.96,0,0,516.36,435.96,0,0,-1.1632529238236766,0.3270541763119376,Uptrend
2024-08-08 16:00:00,479.26,482.63,476.65,481.4,2524,145,0,37.63073209975863,2354.95,1.0717849635873373,0,12.607142857142845,2.6188497833699307,486.65749999999997,-1.080328567832612,484.6028,-0.6609124008363189,447.2511,7.635285860671996,0,0,520.5546427921755,452.7603572078244,13.930595045663754,29.528175607853147,516.36,435.96,0,0,516.36,435.96,0,0,1.9030079803560307,2.613292407383722,Uptrend
2024-08-08 20:00:00,481.6,486.85,480.71,484.75,2235,145,0,40.15561902885846,2372.45,0.9420641109401674,0,12.801428571428564,2.6408310616665425,486.355,-0.33000585991714243,484.9554,-0.04235441032309308,447.7382,8.26639317351077,0,0,520.204435974458,452.50556402554207,13.919641403689875,28.908150565596276,516.36,435.96,0,0,516.36,435.96,0,0,0.6958869962609082,1.4184990689792187,Uptrend
2024-08-09 16:00:00,481.79,489.29,480.65,488.89,2331,145,0,38.946945337620576,2358.9,0.9881724532621137,0,12.786428571428571,2.615399900065162,485.841,0.6275715717693604,485.5234,0.6933960340531486,448.20349999999996,9.077684578545243,0,0,519.1794354761805,452.5025645238195,13.724010726217223,28.005500955780708,516.36,435.96,0,0,516.36,435.96,0,0,0.8540484785972025,3.488495163099841,Uptrend
2024-08-09 20:00:00,488.89,491.05,486.53,489.53,1697,145,0,40.52247248791525,2356.15,0.7202427689238801,0,12.321428571428571,2.5169915166442447,485.39450000000005,0.8519874040599805,486.03420000000006,0.7192497976479674,448.6114,9.12116812011464,0,0,518.2571356216214,452.53186437837877,13.540588375690826,26.983080462335884,516.36,435.96,0,0,516.36,435.96,0,0,0.13090879338910621,1.6888242625675107,Uptrend
2024-08-12 16:00:00,489.75,490.01,483.03,484.55,2145,146,0,42.04909284951975,2362.8,0.9078212290502793,0,11.664285714285715,2.4072408862420214,484.941,-0.08062836510007665,486.4174,-0.38390896378295164,448.9743500000001,7.923760009898101,0,0,517.5752312368547,452.3067687631452,13.45905222979899,27.777617511604436,516.36,435.96,0,0,516.36,435.96,0,0,-1.017302310379331,-0.04125838060855877,Uptrend
2024-08-12 20:00:00,483.78,485.84,483.04,483.94,1679,146,0,41.82146268973568,2375.35,0.7068432020544341,0,11.451428571428567,2.3662909805820074,484.5375,-0.12331346902975003,486.81299999999993,-0.590165012027192,449.32880000000006,7.702867031892889,0,0,517.0028401418463,452.07215985815384,13.400548003754595,28.83704362887118,516.36,435.96,0,0,516.36,435.96,0,0,-0.12589000103189196,-1.0124976988688639,Uptrend
2024-08-13 16:00:00,487.98,490.79,485.3,488.61,1266,149,0,59.55405405405404,2323.1,0.5449614738926435,0,9.999999999999996,2.0466220503059693,483.668,1.0217752673321385,487.0328,0.3238385587171962,449.71915,8.647808304360622,0,0,514.6087505777614,452.7272494222386,12.79421031689564,28.016928406316698,516.36,435.96,0,0,516.36,435.96,0,0,0.9649956606190946,-0.18793536657609525,Uptrend
2024-08-13 20:00:00,488.61,492.5,487.29,490.82,1278,146,0,65.28424319368037,2310.0,0.5532467532467532,0,9.735714285714282,1.983561037796806,482.97200000000004,1.6249389198545579,487.4058,0.7004840730249812,450.1376,9.037769784172657,0,0,512.5114520135803,453.43254798641976,12.23236627116283,27.210228698471266,516.36,435.96,0,0,516.36,435.96,0,0,0.4523034731176212,1.293984108967079,Uptrend
2024-08-14 16:00:00,488.9,497.67,487.43,497.32,1706,146,0,79.83663590984725,2306.2,0.7397450351227127,0,8.09642857142857,1.6280118578437566,482.29350000000005,3.1156339448903916,487.852,1.9407525233062524,450.5947,10.369695870812508,0,0,509.67768465963775,454.90931534036235,11.355817426375307,29.261474648058744,516.36,435.96,0,0,516.36,435.96,0,0,1.3243144126156237,2.76480555440757,Uptrend
2024-08-14 20:00:00,497.32,498.59,495.45,496.81,1342,147,0,79.76424361493125,2267.15,0.591932602606797,0,7.929999999999999,1.5961836516978318,481.736,3.129099755882893,488.225,1.7584105688975327,451.04445,10.146572028543977,0,0,507.3145184542663,456.1574815457337,10.619309519847517,31.391474007927393,512.88,435.96,0,0,516.36,435.96,0,0,-0.10254966621089379,1.6782300812508932,Uptrend
2024-08-15 16:00:00,505.41,505.83,498.48,500.32,1861,146,0,76.18708874266406,2227.75,0.8353720121198519,0,7.491428571428571,1.4973274247338846,481.7795,3.84833725801949,488.70779999999996,2.376102857372039,451.5253,10.806636970287151,0,0,507.4874930023714,456.07150699762855,10.67209916668162,33.62571240062815,505.83,435.96,1,0,516.36,435.96,0,0,0.7065075179646163,1.935536449207449,Uptrend
2024-08-15 20:00:00,500.29,500.32,497.43,498.12,1254,146,0,75.5555555555556,2172.3,0.5772683331031625,0,7.2907142857142855,1.463646166729761,481.718,3.40489664077323,489.1258,1.8388316461736383,451.99455,10.204868620650403,0,0,507.25432343812037,456.18167656187967,10.60218776882755,35.778496304275585,505.83,435.96,1,0,516.36,435.96,0,0,-0.4397185801087278,0.1608622215072813,Uptrend
2024-08-16 16:00:00,498.24,502.83,497.25,502.56,1414,146,0,73.50411011278916,2086.0,0.6778523489932886,0,6.38142857142857,1.2697844180652202,483.12249999999995,4.023306718275397,489.56800000000004,2.6537682201450994,452.48205,11.067389303067378,0,0,510.0332537690884,456.2117462309115,11.140343813044701,38.54247729381363,505.83,435.96,1,0,516.36,435.96,0,0,0.8913514815707124,1.1573841106257925,Uptrend
2024-08-16 20:00:00,502.56,504.08,501.08,503.45,1152,146,0,82.57766582703616,2025.7,0.5686923038949498,0,6.087857142857144,1.2092277570477992,484.8375,3.838915100420246,490.055,2.733366662925586,452.96270000000004,11.146017100304274,0,0,512.3637484300174,457.31125156998263,11.35483473535664,42.549415921193955,505.83,435.96,1,0,516.36,435.96,0,0,0.17709328239414734,0.6255996162456019,Uptrend
2024-08-19 16:00:00,504.88,505.24,499.79,503.86,1624,149,0,78.75064004096271,1931.5,0.8407973077918716,0,5.74714285714286,1.1406229621606914,487.137,3.4329151758129672,490.42339999999996,2.739795858027993,453.45325,11.116195550478464,0,0,512.7983722404437,461.47562775955635,10.535587418095384,45.28362685109128,505.83,456.18,1,0,516.36,435.96,0,0,0.08143807726685992,1.1523327712197882,Uptrend
2024-08-19 20:00:00,503.62,504.15,502.03,503.6,1359,146,0,76.20239088129006,1881.1,0.7224496305353251,0,5.46,1.0841938046068307,489.446,2.8918409793930273,490.6646,2.6363018648584013,453.90909999999997,10.947324034702115,0,0,511.9671212210247,466.92487877897537,9.202699060171971,48.087920094433684,505.83,456.18,1,0,516.36,435.96,0,0,-0.05160163537490936,0.20694046482012504,Uptrend
2024-08-20 16:00:00,501.29,501.96,499.41,499.51,1690,148,0,64.78285077951004,1816.85,0.9301813578446212,0,5.142142857142853,1.029437420100269,490.878,1.7584817408806273,490.6192,1.8121590023382723,454.35665,9.937864890939748,0,0,512.0261397464717,469.7298602535283,8.616454494384232,49.5410209465402,505.83,468.7,1,0,516.36,435.96,0,0,-0.8121525019857079,-0.7826000595888366,Uptrend
2024-08-20 20:00:00,499.5,499.77,495.09,496.09,1148,146,0,58.475452196382435,1745.45,0.6577100461199118,0,5.153571428571423,1.0388379988654122,492.2255,0.7851076386737306,490.4906,1.1415917043058528,454.76415000000003,9.087314820220534,0,0,510.8221453964003,473.62885460359973,7.5561487149285345,49.51229497045996,505.83,471.79,1,0,516.36,435.96,0,0,-0.6846709775580107,-1.542095026396229,Uptrend
2024-08-21 16:00:00,498.3,498.3,493.15,495.01,1116,146,0,65.02873563218387,1670.6,0.6680234646234886,0,5.022857142857139,1.0146981157667803,493.07750000000004,0.39192621849505355,490.29580000000004,0.9615011998878937,455.1649,8.75399223446272,0,0,510.44494307452385,475.71005692547624,7.044508449289941,50.11863879671119,505.83,471.79,0,0,516.36,435.96,0,0,-0.2177024330262567,-1.7057188244638664,Uptrend
2024-08-21 20:00:00,495.02,496.19,493.46,495.59,1105,146,0,66.75294794362955,1596.3,0.6922257720979766,0,5.017857142857143,1.0125016935081708,494.2365,0.2738567467194343,490.1836,1.1029336762796558,455.56305,8.786259113859213,0,0,508.63704717525775,479.8359528247422,5.8273912085642285,50.85780938371453,505.83,476.65,0,0,516.36,435.96,0,0,0.11716935011414353,-0.7847690736922215,Uptrend
2024-08-22 16:00:00,496.51,498.77,493.98,496.92,1665,146,0,63.21985364301623,1553.35,1.0718769111919402,0,4.870714285714281,0.9801807706903085,495.0125,0.3853438044493881,490.3136,1.3473825731123934,455.96345,8.982419533846405,0,0,508.11466354168806,481.9103364583119,5.293669772657487,53.08242535744359,505.83,480.65,1,0,516.36,435.96,0,0,0.2683669969127722,0.16730835130723073,Uptrend
2024-08-22 20:00:00,496.8,497.94,494.87,496.58,1286,146,0,59.74289580514205,1505.9,0.8539743674878809,0,4.71785714285714,0.9500699067334851,495.604,0.19693142105390576,490.5482,1.229603941060221,456.38245,8.807864982538215,0,0,507.79163376712484,483.41636623287513,4.918295157878004,54.65932025583533,505.83,480.65,1,0,516.36,435.96,0,0,-0.06842147629397832,0.31716530979172,Uptrend
2024-08-23 16:00:00,502.6,511.51,498.78,506.01,3100,146,0,63.37334564481376,1544.35,2.0073169942046816,1,5.05285714285714,0.9985686335956088,496.46000000000004,1.9236192241066659,490.9704,3.0632396576249823,456.8482,10.76107993858791,0,0,509.0599983291346,483.8600016708655,5.075936965368635,52.743153825943565,511.51,483.03,1,0,516.36,435.96,0,0,1.8989890853437608,2.1025444419782513,Uptrend
2024-08-23 20:00:00,506.02,509.06,505.19,508.51,1674,146,0,66.96635730858463,1543.2,1.0847589424572317,0,5.104999999999998,1.0039133940335485,497.409,2.2317650062624517,491.4644,3.468328530001355,457.3332,11.19026565313868,0,0,510.65386299623106,484.16413700376893,5.325542157954948,50.73057488877704,511.51,483.03,1,0,516.36,435.96,1,0,0.4940613821861284,2.332367383079766,Uptrend
2024-08-26 16:00:00,510.52,512.27,504.94,506.97,1521,146,0,60.22762227007078,1512.0,1.005952380952381,0,4.984285714285712,0.9831520039224632,498.53000000000003,1.6929773534190513,491.8693999999999,3.07004257634244,457.8196,10.73575705365171,0,0,510.9625667417847,486.09743325821535,4.987690506803876,48.186678300581,512.27,483.04,1,0,516.36,435.96,1,0,-0.3028455684253917,2.0923114100447147,Uptrend
2024-08-26 20:00:00,507.13,507.54,504.48,507.03,1342,146,0,64.66908133026007,1495.15,0.8975688058054375,0,4.996428571428571,0.9854305606036272,499.6845,1.4700275874076458,492.29420000000005,2.993291409892687,458.28695,10.635923628198443,0,0,510.60937162393486,488.75962837606517,4.372707828213542,46.15619071731388,512.27,485.3,1,0,516.36,435.96,1,0,0.011835019823647208,0.20157704393193454,Uptrend
2024-08-27 16:00:00,505.9,510.46,505.9,507.29,1257,149,0,59.030164184803375,1494.7,0.8409714323944604,0,4.923571428571429,0.970563470317063,500.6184999999999,1.3326515100820475,492.57939999999996,2.986442388780379,458.75605,10.579468107287086,0,0,510.7198584807862,490.5171415192137,4.03555141521388,44.857933524453195,512.27,487.29,1,0,516.36,435.96,1,0,0.05127901702068893,-0.23991661914219395,Uptrend
2024-08-27 20:00:00,507.35,508.51,505.64,505.64,923,146,0,54.063079777365466,1476.95,0.6249365245946037,0,4.9142857142857155,0.9718941765457076,501.3594999999999,0.8537785760517305,492.86679999999996,2.5916129875252367,459.2138,10.109931365303044,0,0,510.5693470756767,492.1496529243231,3.6739493619555654,41.937473648505566,512.27,487.43,1,0,516.36,435.96,0,0,-0.3252577421198999,-0.2623429394244316,Uptrend
2024-08-28 16:00:00,502.12,507.58,501.29,502.76,1489,146,0,48.13052345343301,1466.1,1.0156196712366141,0,4.974285714285713,0.9893956787106597,501.63149999999996,0.22496593615034763,493.07419999999996,1.9643696628215448,459.70015,9.36694277780853,0,0,510.6585383905642,492.6044616094357,3.599071585641754,38.58063334297136,512.27,493.15,1,1,516.36,435.96,0,0,-0.5695751918360914,-0.8421592410705445,Uptrend
2024-08-28 20:00:00,502.82,503.17,496.87,502.42,1586,146,0,47.999999999999986,1478.3,1.0728539538659272,0,5.272857142857142,1.0494918878343105,501.912,0.10121296163471648,493.40719999999993,1.8266454157945171,460.17244999999997,9.18080819484088,0,0,510.652306149009,493.17169385099095,3.482804216280555,34.54519953158847,512.27,493.15,1,1,516.36,435.96,0,0,-0.06762670061261078,-0.9600031540144698,Uptrend
2024-08-29 16:00:00,501.98,511.26,500.3,510.59,1806,146,0,66.4979154258487,1475.55,1.2239503913794856,0,5.75642857142857,1.1274072291718542,502.4255,1.6250170423276638,493.7439999999999,3.4118895622022873,460.68745,10.832192194512778,0,0,511.944081218885,492.906918781115,3.78905179728537,33.11147396346241,512.27,493.15,1,0,516.36,435.96,1,0,1.6261295330599834,0.9789573609682757,Uptrend
2024-08-29 20:00:00,510.58,512.42,505.99,509.22,2081,146,0,70.8214398985095,1516.9,1.3718768541103565,0,5.8814285714285655,1.1549877403535926,502.9805,1.2405053476228245,494.1124,3.0575229441722267,461.18125,10.416457737603176,0,0,512.7335939220378,493.22740607796226,3.8781200949292374,34.138839630708944,512.42,493.15,1,0,516.36,435.96,1,0,-0.26831704498716524,1.2849073116397558,Uptrend
2024-08-30 16:00:00,507.62,508.72,504.29,505.57,1420,146,0,65.48387096774195,1517.2,0.9359346163986291,0,5.865714285714278,1.1602180283075099,503.13100000000003,0.4847644052940416,494.2404,2.292325758881704,461.65955,9.51143542898657,0,0,512.9494485857512,493.31255141424896,3.9029392288493843,34.820708780770204,512.42,493.15,1,0,516.36,435.96,0,0,-0.7167825301441444,0.6269654870427087,Uptrend
2024-08-30 20:00:00,505.57,510.35,504.39,508.23,1476,146,0,67.46821448313992,1533.4,0.9625668449197861,0,6.096428571428565,1.1995412650627797,503.37,0.9654925800107304,494.43580000000003,2.789886978248741,462.1578,9.968932689224332,0,0,513.4503592249841,493.2896407750159,4.0051489858291545,35.64157811524867,512.42,493.15,1,0,516.36,435.96,1,0,0.526138813616317,-0.4622103840654844,Uptrend
2024-09-03 16:00:00,506.39,506.59,487.77,489.38,2399,146,0,42.979515828677826,1572.15,1.525935820373374,0,7.215714285714284,1.4744603959528964,502.646,-2.639233178021912,494.351,-1.005560826214573,462.55415,5.7995047714954024,0,0,514.5018116328298,490.79018836717023,4.71736038199042,33.60406238277248,512.42,487.77,0,1,516.36,435.96,0,0,-3.70895067193987,-3.896154903578027,Uptrend
2024-09-03 20:00:00,489.34,490.49,484.5,486.64,1748,146,0,41.140819964349376,1591.6,1.0982658959537572,0,7.424285714285714,1.5256217561823349,501.79800000000006,-3.020737428208178,494.2436,-1.5384316559688438,462.9832,5.109645447178208,0,0,515.6282575992863,487.9677424007138,5.512280877678359,31.600703889893534,512.42,484.5,0,1,516.36,435.96,0,0,-0.5598921083820319,-3.744288624720614,Uptrend
2024-09-04 16:00:00,488.47,495.29,487.43,492.45,1622,146,0,37.08079268292681,1588.2,1.0212819544138017,0,6.975714285714288,1.416532497860552,501.445,-1.7938158721295467,493.9726,-0.30823571995693916,463.44575,6.258391624046615,0,0,515.8688041554663,487.02119584453374,5.75289579334374,29.745783317109947,512.42,484.5,0,1,516.36,435.96,0,0,1.1939010356731838,-3.1048934537512602,Uptrend
2024-09-04 20:00:00,492.21,492.24,487.29,489.47,1232,146,0,32.02416918429003,1592.4,0.7736749560411956,0,7.067857142857142,1.4439816828114371,501.11400000000003,-2.3236229680272364,493.66720000000004,-0.8502083995047695,463.90864999999997,5.509996418475936,0,0,516.336922328186,485.89107767181406,6.075632422237644,27.999133215196686,512.42,484.5,0,1,516.36,435.96,0,0,-0.6051375774190237,0.01839061669868647,Uptrend
2024-09-05 16:00:00,487.28,494.64,482.24,484.31,1721,146,0,29.97525627430184,1622.65,1.0606107293624625,0,7.429999999999999,1.534141355743222,500.579,-3.2500364577818894,493.13559999999995,-1.7896903001932842,464.34635,4.299301588135673,0,0,517.3758893109937,483.7821106890064,6.710984404457092,27.392811115711634,512.42,482.24,0,1,516.36,435.96,0,0,-1.0542014832369717,-0.47879335854019067,Uptrend
2024-09-05 20:00:00,484.31,488.78,483.56,486.8,1486,146,0,32.858837485172046,1641.7,0.9051592861058658,0,7.584285714285711,1.557988026763704,500.13949999999994,-2.667155863514066,492.7124,-1.1999697998264285,464.8381,4.724634232865166,0,0,517.9173756353147,482.36162436468516,7.109166796589656,26.58290524195399,512.42,482.24,0,1,516.36,435.96,0,0,0.5141335095290245,-1.1473246014823795,Uptrend
2024-09-06 16:00:00,490.03,494.26,476.66,477.71,2386,146,0,28.198702830188665,1677.75,1.4221427507077933,0,8.51571428571428,1.7826116861096233,499.179,-4.300862015429334,492.2776,-2.9592246326056735,465.28325000000007,2.6707924688885556,0,0,519.5725860918002,478.7854139081998,8.170850974019416,25.87376841124635,512.42,476.66,0,1,516.36,435.96,0,0,-1.8672966310599892,-2.4025987292377566,Uptrend
2024-09-06 20:00:00,477.71,479.81,476.21,478.9,2055,146,0,30.157316711190248,1716.2,1.1974128889406828,0,8.567857142857138,1.7890701906153974,498.29499999999996,-3.8922726497355953,491.8686,-2.636598473657403,465.66805,2.841498359185257,0,0,520.6055879985615,475.9844120014384,8.954770968426965,25.41166249614592,512.42,476.21,0,1,512.88,435.96,0,0,0.24910510560800514,-1.1170531271293231,Uptrend
2024-09-09 16:00:00,487.08,493.44,484.74,492.11,1630,146,0,43.14760005147344,1642.7,0.9922688257137638,0,9.157142857142857,1.8607918670912715,497.6,-1.103295819935693,492.2214,-0.022632091981373274,466.1296,5.573643038330978,0,0,519.7641892297007,475.4358107702993,8.908436185571018,23.957840623005186,512.42,476.21,0,0,512.42,435.96,0,0,2.758404677385684,1.0907970419063275,Uptrend
2024-09-09 20:00:00,492.11,492.4,486.41,487.59,1320,146,0,40.945170350470136,1625.0,0.8123076923076923,0,9.134999999999994,1.8735002768719609,496.554,-1.8052417259754223,492.5902,-1.0150831258924775,466.57365,4.504401395149509,0,0,518.5239952327206,474.5840047672793,8.848985299774311,23.625116789869285,512.42,476.21,0,0,512.42,435.96,0,0,-0.9184938326796899,2.0682003726109977,Uptrend
2024-09-10 16:00:00,476.29,476.84,460.86,462.12,2699,146,0,25.56709345700176,1683.9,1.6028267711859374,0,10.261428571428565,2.220511679093864,494.31149999999997,-6.512391477843417,492.67519999999996,-6.201895285169613,466.9046000000001,-1.0247489529981217,0,0,520.5467292477817,468.07627075221825,10.614856926363942,23.871890405210376,512.42,460.86,0,1,512.42,435.96,0,0,-5.223651018273545,-3.5038630194194975,Downtrend
2024-09-10 20:00:00,462.12,467.32,462.12,466.3,1618,146,0,28.960784313725526,1697.7,0.9530541320610237,0,10.173571428571424,2.18176526454459,492.275,-5.2765222690569225,492.85280000000006,-5.387572110780347,467.22684999999996,-0.19837258924651802,0,0,520.5938674319971,463.95613256800283,11.505303918337157,23.178045125095707,512.42,460.86,0,1,512.42,435.96,0,0,0.9045269626936747,-5.244762349881125,Downtrend
2024-09-11 16:00:00,458.72,465.7,456.75,465.12,2219,146,0,29.6794936200141,1745.8,1.2710505212510024,0,10.503571428571425,2.258249791144527,490.1665,-5.109794324989566,492.7378,-5.604968808968986,467.5361500000001,-0.5167835685005475,0,0,520.016405421687,460.316594578313,12.179496322856405,22.60911136057447,512.42,456.75,0,1,512.42,456.18,0,1,-0.2530559725498649,-4.608379991386199,Downtrend
2024-09-11 20:00:00,465.12,471.02,465.12,470.05,1972,146,0,31.247544204322224,1798.25,1.0966217155567912,0,10.499285714285707,2.2336529548528254,488.38700000000006,-3.754604442788208,492.756,-4.607960126309972,467.86845,0.4662742272961589,0,0,518.5941515408185,458.1798484591816,12.370170189140362,21.516036571843195,512.42,456.75,0,0,512.42,456.18,0,0,1.0599415204678442,1.7160045009954141,Uptrend
2024-09-12 16:00:00,469.35,471.89,464.31,471.29,1596,146,0,39.25644375816608,1803.6,0.8848968729208251,0,9.579285714285703,2.032567148525473,486.81350000000003,-3.188798174249484,492.6224,-4.330375557424918,468.21324999999996,0.6571257861668932,0,0,517.1465573710125,456.48044262898765,12.46188011261496,22.551264913626316,512.42,456.75,0,0,512.42,456.75,0,0,0.26380172322093554,1.0701265279862768,Uptrend
2024-09-12 20:00:00,471.2,473.62,468.29,473.29,1580,146,0,42.00119832234875,1803.3,0.8761714634281595,0,9.532142857142844,2.014017379860729,485.3570000000001,-2.486211180636122,492.64,-3.9278174732055797,468.5536,1.0108555349910882,0,0,515.3301199577129,455.3838800422872,12.350958143268906,23.378291553753336,512.42,456.75,0,0,512.42,456.75,0,0,0.4243671624689638,1.7565359477124218,Uptrend
2024-09-13 16:00:00,479.29,481.18,476.34,478.85,1969,150,0,41.82692307692311,1811.45,1.0869745231720445,0,9.477857142857127,1.9792956338847503,483.77,-1.0170122165491782,492.589,-2.7891406426046816,468.931,2.1152365699857847,0,0,511.38619662062314,456.1538033793768,11.417076966584599,22.738574103963874,512.42,456.75,0,0,512.42,456.75,0,0,1.1747554353567669,1.8721412615679205,Uptrend
2024-09-13 20:00:00,478.76,481.06,477.01,478.31,1529,147,0,43.09063893016345,1783.85,0.8571348487821285,0,9.398571428571415,1.9649539897914354,482.2245000000001,-0.8117588384663343,492.46020000000004,-2.873369259079219,469.25625,1.9293829330989154,0,0,507.17474815823164,457.27425184176855,10.347980311341104,22.072227283770896,510.35,456.75,0,0,512.42,456.75,0,0,-0.11277017855279015,1.4895287402660744,Uptrend
2024-09-16 16:00:00,483.77,485.32,478.68,483.04,1782,148,0,49.20951076808167,1801.95,0.9889286606176642,0,9.013571428571415,1.866009321913592,481.09799999999996,0.4036599611721654,492.3432,-1.8895762143155432,469.5882,2.8645949791753815,0,0,503.5161238709705,458.6798761290294,9.319566438010774,20.188796014072896,510.35,456.75,0,0,512.42,456.75,0,0,0.9888984131630085,2.06004775085043,Uptrend
2024-09-16 20:00:00,483.11,486.52,481.58,484.46,1436,146,0,48.5238455715367,1799.95,0.7977999388871913,0,8.993571428571418,1.8564115569028234,479.90950000000004,0.9481996084678346,492.2418,-1.5808897172080942,469.89485,3.099661551940814,0,0,498.4574480777303,461.36155192226977,7.72976908260006,18.414258651514647,506.59,456.75,0,0,512.42,456.75,0,0,0.2939715137462606,1.1715568549650113,Uptrend
2024-09-17 16:00:00,486.31,488.85,481.63,483.97,1463,146,0,54.42966317577133,1753.15,0.8344979037732082,0,8.252142857142852,1.7050938812618246,479.639,0.9029707759377401,492.23019999999997,-1.6781172711466994,470.19875,2.928814676772324,0,0,497.75824931637385,461.51975068362617,7.55536948262082,16.83823872396233,495.29,456.75,0,0,512.42,456.75,0,0,-0.1011435412624273,1.1833329848842853,Uptrend
2024-09-17 20:00:00,483.91,484.86,480.71,484.55,1569,146,0,54.032833690221295,1744.2,0.8995528035775714,0,8.291428571428566,1.7111605760867954,479.5344999999999,1.0459101482792352,492.2424,-1.5627260065366095,470.51445,2.9830220942204857,0,0,497.50725537553745,461.5617446244624,7.495917551516119,15.196131657188326,495.29,456.75,0,0,512.42,456.75,0,0,0.11984213897555662,0.3126035110963876,Uptrend
2024-09-18 16:00:00,482.18,485.76,481.05,484.75,1030,150,0,43.54838709677418,1714.6,0.6007232007465299,0,7.589285714285706,1.5656081927355765,479.1495,1.1688418750306555,492.16519999999997,-1.506648580598541,470.82725,2.957082454339677,0,0,496.26687495244516,462.0321250475548,7.144899432200252,16.13389635994798,494.64,456.75,1,0,512.42,456.75,0,0,0.04127541017437952,0.05986046319614013,Uptrend
2024-09-18 20:00:00,484.75,491.94,481.49,483.87,2775,146,0,46.5168539325843,1791.75,1.5487651737128505,0,7.907857142857138,1.6342937447779644,478.86949999999996,1.0442302130329966,492.0262,-1.65767595302852,471.16159999999996,2.697248672217779,0,0,495.45087125303627,462.28812874696365,6.925215012873574,16.088201506946028,494.64,456.75,0,0,512.42,456.75,0,0,-0.181536874677668,-0.020662437754410963,Uptrend
2024-09-19 16:00:00,497.75,504.29,492.65,499.96,2331,146,0,92.98046342571563,1822.25,1.2791878172588833,0,7.4571428571428555,1.491547895260192,479.65199999999993,4.233902912945229,492.079,1.6015721052920306,471.56545000000006,6.021338077248857,0,0,498.61977277937405,460.6842272206258,7.908972663253408,18.73400500866247,504.29,456.75,1,0,512.42,456.75,0,0,3.3252733172133064,3.1802703539366357,Uptrend
2024-09-19 20:00:00,499.97,505.54,499.97,502.86,1784,146,0,92.77023865231638,1837.15,0.97106931932613,0,7.484285714285717,1.4883438162283174,480.45500000000004,4.663287924987766,492.2,2.1657862657456373,471.94730000000004,6.550032175202607,0,0,501.89553760125943,459.01446239874065,8.925097085579042,21.30254264783836,505.54,456.75,1,0,512.42,456.75,1,0,0.5800464037122977,3.7359463641052115,Uptrend
2024-09-20 16:00:00,499.2,500.46,496.03,497.34,1386,146,0,84.2183517417162,1787.15,0.7755364686791819,0,7.2900000000000045,1.465798045602607,481.43649999999997,3.3033432238727247,492.1404,1.0565277713432946,472.3006,5.301581238728048,0,0,504.10974161346576,458.7632583865342,9.418995698691642,24.042388054024837,505.54,456.75,1,0,512.42,456.75,0,0,-1.097721035675936,2.7838055676111293,Uptrend
2024-09-20 20:00:00,497.67,498.74,494.62,496.15,1099,146,0,80.11075219197045,1739.35,0.6318452295397706,0,7.162857142857149,1.4436878248225637,482.299,2.8718699396017824,492.101,0.8227985718378907,472.62424999999996,4.977685761998039,0,0,505.86094782403603,458.7370521759639,9.77068077024255,26.587073146468715,505.54,456.75,1,0,512.42,456.75,0,0,-0.23927293199823563,-0.7620609648771907,Uptrend
2024-09-23 16:00:00,499.54,500.21,494.41,496.5,1396,149,0,79.69375736160187,1727.65,0.8080340346713744,0,7.03571428571429,1.4170622931952246,482.51849999999996,2.8976091072155867,491.97979999999995,0.9187775595664792,472.9566,4.977919749930548,0,0,506.542543460874,458.4944565391259,9.957770929352575,30.362554377944104,505.54,456.75,1,0,512.42,456.75,0,0,0.07054318250530045,-1.2647655411048828,Uptrend
2024-09-23 20:00:00,496.5,497.61,495.15,496.65,918,146,0,78.76847290640391,1707.55,0.5376123685982841,0,6.8307142857142935,1.3753577540952973,482.97149999999993,2.8321546923576326,491.8438,0.9771801535365476,473.30825000000004,4.931616974772768,0,0,507.72867718369156,458.2143228163083,10.252024056778351,34.487000885807504,505.54,456.75,1,0,512.42,456.75,0,0,0.03021148036252974,-0.13873808662082232,Uptrend
2024-09-24 16:00:00,496.29,498.09,493.3,496.11,1259,146,0,74.2551995503092,1635.55,0.7697716364525695,0,6.60928571428572,1.332221828684308,484.671,2.3601577152336373,491.68880000000007,0.8991866400048041,473.6591,4.7398857110525245,0,0,508.0283104976504,461.3136895023496,9.638418843978872,37.91896904626645,505.54,456.75,1,0,512.42,456.75,0,0,-0.10872848082149611,-0.008062078000597323,Uptrend
2024-09-24 20:00:00,496.04,498.14,495.74,497.31,1061,146,0,76.21412803532016,1607.7,0.6599489954593518,0,6.4914285714285755,1.3053082727933434,486.22149999999993,2.280544977957591,491.56299999999993,1.1691278635698927,474.02029999999996,4.913228399712004,0,0,508.5378780073707,463.9051219926292,9.179510987223214,41.36611765499317,505.54,456.75,1,0,512.42,456.75,0,0,0.24188184072080343,0.16314199395770437,Uptrend
2024-09-25 16:00:00,496.05,501.06,490.83,491.26,1616,148,0,60.942492012779546,1577.55,1.0243732369813952,0,6.721428571428577,1.3682018832041236,487.5285,0.7653911514916528,491.398,-0.02808314238153872,474.3459,3.565773415560253,0,0,507.58917981740103,467.467820182599,8.229541377540398,44.02381862210085,505.54,464.31,0,0,512.42,456.75,0,0,-1.2165450121654486,-1.0852713178294549,Uptrend
2024-09-25 20:00:00,491.26,491.92,489.55,490.35,1311,146,0,57.94871794871803,1544.5,0.848818387827776,0,6.537857142857149,1.3333041996241763,488.54350000000005,0.3697725995740341,491.2832,-0.1899515391529772,474.65195,3.3072759945471675,0,0,506.8588950486719,470.2281049513282,7.497958748267804,46.19269541466573,505.54,464.31,0,0,512.42,456.75,0,0,-0.18523795953262479,-1.161032835459876,Uptrend
2024-09-26 16:00:00,492.44,497.14,492.32,494.19,2091,148,0,62.64851485148514,1569.25,1.3324836705432532,0,6.507142857142859,1.3167289619666238,489.68850000000003,0.9192578547382599,491.2668,0.5950330858914156,474.963,4.04810479974229,0,0,506.2407092975838,473.13629070241626,6.760301415117476,48.27254810842215,505.54,468.29,0,0,512.42,456.75,0,0,0.7831141021719112,-0.6273752790010264,Uptrend
2024-09-26 20:00:00,494.18,497.18,493.11,496.22,1380,146,0,63.94265232974914,1559.25,0.8850408850408851,0,6.50142857142857,1.3101907564041293,490.8349999999999,1.0971100267911018,491.27939999999995,1.0056599157221073,475.24865000000005,4.412711114487116,0,0,505.6946571469786,475.97534285302123,6.05484822678851,50.609026736096055,505.54,476.34,1,0,512.42,456.75,0,0,0.41077318440276844,1.0096486585514872,Uptrend
2024-09-27 16:00:00,496.89,504.47,494.72,499.94,2219,146,0,66.74013665417678,1571.75,1.4118021313822173,0,6.861428571428571,1.3724504083347144,491.88950000000006,1.6366480683161446,491.3398,1.7503568813273362,475.56089999999995,5.126388649697663,0,0,506.14924160094625,477.62975839905386,5.797945107974941,52.865099505947796,505.54,477.01,1,0,512.42,456.75,0,0,0.7496674861956265,1.9557458957887173,Uptrend
2024-09-27 20:00:00,499.94,500.39,495.76,497.6,1206,146,0,64.65940636344229,1555.6,0.7752635638981744,0,6.445714285714287,1.2953605879650898,492.854,0.9629626623706083,491.36019999999996,1.26990342319139,475.83889999999997,4.573207444788574,0,0,505.7949011318649,479.9130988681351,5.251413656727918,55.397830081948065,505.54,478.68,1,0,512.42,456.75,0,0,-0.46805616674000516,0.6900180092676956,Uptrend
2024-09-30 16:00:00,490.6,495.46,489.57,493.96,1535,146,0,41.273996509598604,1543.25,0.9946541389923862,0,5.560714285714288,1.1257418183080186,493.4,0.11349817592217315,491.1192,0.5784339117672455,476.09465000000006,3.752478630037098,0,0,505.4910075327631,481.30899246723686,4.901097500106654,50.49015546166555,505.54,480.71,0,0,512.42,456.75,0,0,-0.7315112540193014,-0.45544315021563975,Uptrend
2024-09-30 20:00:00,493.91,494.75,487.91,493.96,1587,146,0,35.864040660736904,1550.8,1.0233427908176425,0,5.650714285714282,1.143961917101442,493.875,0.017210832700577987,490.8282,0.6380643980928558,476.3472,3.697471088315412,0,0,505.2100105053914,482.5399894946086,4.590234575708988,46.06458200649977,505.54,480.71,0,0,512.42,456.75,0,0,0.0,-1.1961435372244704,Uptrend
2024-10-01 16:00:00,490.84,492.18,483.84,489.61,1975,146,0,37.24843286044211,1576.4,1.2528546054300937,0,5.88571428571428,1.202122972511648,494.157,-0.9201529068696727,490.481,-0.17758078294571675,476.5809,2.7338695277129297,0,0,504.70795326197026,483.6060467380297,4.270283841762954,41.30591457926958,505.54,480.71,0,1,512.42,456.75,0,0,-0.8806381083488524,-1.605707395498394,Uptrend
2024-10-01 20:00:00,489.61,492.85,486.38,489.46,1480,146,0,38.57191663819608,1571.95,0.9415057730843857,0,6.053571428571424,1.2367857288790554,494.40250000000003,-0.9996915468671886,490.1296,-0.1366169274412324,476.8032,2.6545123858229087,0,0,504.2148914676917,484.59010853230836,3.9693939523734887,36.75425613328192,505.54,481.05,0,1,512.42,456.75,0,0,-0.030636629153824035,-0.9110049396712285,Uptrend
2024-10-02 16:00:00,487.87,493.92,487.77,490.43,1381,146,0,39.84610237537636,1589.5,0.8688266750550487,0,6.07857142857143,1.2394371120387069,494.6865000000001,-0.8604439377262312,489.79240000000004,0.1301776017757653,477.02345,2.8104593180901234,0,0,503.6112291569972,485.761770843003,3.6082363909252027,32.057202720864026,505.54,481.49,0,1,512.42,456.75,0,0,0.19817758345932468,-0.714632763786536,Uptrend
2024-10-02 20:00:00,490.5,491.8,489.59,491.28,1134,146,0,41.22262177182082,1507.45,0.7522637566751799,0,6.060714285714288,1.2336578500476894,495.05699999999996,-0.7629424490513187,489.50520000000006,0.3625702035442961,477.22394999999995,2.9453781605051526,0,0,502.5992099232091,487.5147900767908,3.047006677295405,27.43981230209053,505.54,483.84,0,1,512.42,456.75,0,0,0.17331729298777354,0.3410878045791465,Uptrend
2024-10-03 16:00:00,487.39,489.21,483.48,484.63,1761,149,0,34.359673024523104,1478.95,1.1907096250718414,0,6.275714285714287,1.2949496080957197,494.29050000000007,-1.9544174933566534,489.1426,-0.9225530550804653,477.37165,1.5204819976217707,0,0,502.7898609047336,485.79113909526654,3.4390144681046952,24.56643509293081,505.54,483.48,0,1,512.42,456.75,0,0,-1.3536069044129628,-0.9868017815551802,Uptrend
2024-10-03 20:00:00,484.64,486.41,483.39,485.16,1106,146,0,33.139050791007506,1445.05,0.765371440434587,0,6.320000000000006,1.3026630389974452,493.4055,-1.671140674354054,488.79740000000004,-0.7441528944302922,477.52685,1.598475562159489,0,0,501.83353710677187,484.97746289322816,3.4162720548400265,21.71203059351111,504.47,483.39,0,1,512.42,456.75,0,0,0.10936178115263928,-1.074567216524271,Uptrend
2024-10-04 16:00:00,494.46,495.16,485.21,489.34,1815,147,0,47.18969555035126,1466.5,1.2376406409819298,0,6.303571428571432,1.2881782459172422,493.00550000000004,-0.7435008331550186,488.3724,0.19812749451032602,477.70450000000005,2.435710779362539,0,0,501.40661640447536,484.6043835955247,3.4081227915207095,19.645878031046387,504.47,483.39,0,1,512.42,456.75,0,0,0.8615714403495733,-0.39488682624979604,Uptrend
2024-10-04 20:00:00,489.32,495.56,488.06,494.4,1399,146,0,55.28582615505084,1481.5,0.9443131960850489,0,6.6700000000000035,1.3491100323624603,492.918,0.30065852738183046,488.07599999999996,1.2956998500233596,477.904,3.4517392614416247,0,0,501.21705156277176,484.61894843722825,3.36731527871644,18.303782599907738,504.47,483.39,1,0,512.42,456.75,0,0,1.0340458576858724,2.015970946907947,Uptrend
2024-10-07 16:00:00,493.24,498.3,491.72,494.38,1309,151,0,50.275442157147005,1477.15,0.8861659276309108,0,6.655000000000006,1.3461305068975293,492.812,0.3181740704365932,487.85220000000004,1.33806919390749,478.11080000000004,3.4028095579518287,0,0,500.9713952303927,484.6526047696073,3.3113622356568846,16.25496465838512,504.47,483.39,0,0,512.42,456.75,0,0,-0.004045307443356627,1.9004039904361385,Uptrend
2024-10-07 20:00:00,494.4,494.66,489.33,493.68,1474,146,0,46.1700844390832,1504.95,0.9794345327087278,0,6.745000000000009,1.3662696483552117,492.6635,0.2063274425647542,487.56120000000004,1.2549809131653553,478.27994999999993,3.2198819958896627,0,0,500.63472264936536,484.69227735063464,3.2359704542209276,13.552693839951328,504.47,483.39,0,0,510.35,456.75,0,0,-0.1415914883288183,0.886908897698948,Uptrend
2024-10-08 16:00:00,494.6,496.74,491.81,495.2,1566,146,0,42.34496124031005,1520.3,1.0300598566072485,0,6.400714285714295,1.292551350103856,492.61800000000005,0.524138379027956,487.67760000000004,1.54249446765649,478.4679,3.4970162052668536,0,0,500.516446482793,484.7195535172071,3.206722646266666,11.177194237818032,504.47,483.39,1,0,510.35,456.75,0,0,0.30789175174201766,0.16181229773463013,Uptrend
2024-10-08 20:00:00,495.03,496.3,492.32,495.48,1297,146,0,46.33217993079583,1532.1,0.846550486260688,0,6.354285714285725,1.2824504953349731,492.52650000000006,0.5996631653322131,487.8544,1.5630893151727276,478.6261,3.5213081777195203,0,0,500.2362293965392,484.8167706034609,3.1306861241127777,9.330288884599685,504.47,483.39,1,0,506.59,456.75,0,0,0.056542810985460434,0.222500910231001,Uptrend
2024-10-09 16:00:00,494.81,504.79,494.81,503.35,2124,146,0,64.17144581949904,1557.5,1.3637239165329054,0,6.493571428571438,1.2900708112787203,493.13100000000003,2.072268829175208,488.07239999999996,3.130191340465075,478.81640000000004,5.123801106227768,0,0,502.19887713794765,484.0631228620524,3.677674750907008,10.963897056623647,504.79,483.39,1,0,505.54,456.75,1,0,1.5883587632194995,1.9587587100956119,Uptrend
2024-10-09 20:00:00,503.35,505.44,501.96,503.85,1816,146,0,64.704133214392,1582.75,1.147370083715053,0,6.253571428571441,1.2411573739349888,493.80600000000004,2.0339971567781645,488.36,3.17184044557294,479.00379999999996,5.187056971155567,0,0,503.9484161971016,483.6635838028985,4.107854581394947,12.554746749678612,505.44,483.39,1,0,505.54,456.75,1,0,0.09933445912386762,1.7467689822294092,Uptrend
2024-10-10 16:00:00,502.6,503.4,498.39,502.4,1268,146,0,70.81028311096641,1541.6,0.8225220550077842,0,5.920714285714301,1.1784861237488657,494.2165,1.655853254595907,488.72180000000003,2.7987701796809445,479.1960000000001,4.842277481448069,0,0,505.06439627917086,483.3686037208291,4.389936911928626,14.25210834055965,505.44,483.39,1,0,505.54,456.75,1,0,-0.2877840627170891,1.3966254944700005,Uptrend
2024-10-10 20:00:00,502.4,503.57,499.73,502.97,1036,146,0,71.68539325842701,1524.4,0.6796116504854368,0,5.732857142857155,1.1398010105686531,494.554,1.7017353008973852,489.0452,2.847344171867959,479.3725,4.922581082561061,0,0,506.0641481996708,483.04385180032915,4.6547589139591725,16.258482288283908,505.44,483.39,1,0,505.54,456.75,1,0,0.11345541401275305,-0.07549418893414034,Uptrend
2024-10-11 16:00:00,509.97,516.33,508.94,513.63,2138,147,0,78.40352595494613,1520.35,1.4062551386193969,0,6.2478571428571525,1.2164120364575963,495.23850000000004,3.7136652340235963,489.7636,4.873044873077541,479.60544999999996,7.0942792664261916,0,0,509.4163972161997,481.0606027838004,5.72568458074227,19.376694738303485,516.33,483.39,1,0,516.33,456.75,1,0,2.1194107004393725,1.9410538850848411,Uptrend
2024-10-11 20:00:00,513.63,517.16,512.29,515.55,1487,146,0,78.95490336435218,1534.4,0.9691084462982272,0,6.43785714285715,1.2487357468445643,496.13599999999997,3.9130399729106515,490.49660000000006,5.107762214865484,479.83840000000004,7.442422282168312,0,0,512.967554826996,479.3044451730039,6.78505685013627,22.55591770400482,517.16,483.39,1,0,517.16,456.75,1,0,0.3738099410081075,2.61743630573248,Uptrend
2024-10-14 16:00:00,517.47,521.86,514.51,520.61,1442,146,0,94.61805555555553,1529.75,0.9426376858963883,0,6.405714285714298,1.230424748989512,497.46850000000006,4.651852328338367,491.06660000000005,6.016169700810432,480.13050000000004,8.430937005668245,0,0,517.4917047227176,477.4452952772825,8.05003923774773,26.68529895437402,521.86,483.39,1,0,521.86,456.75,1,0,0.981476093492395,3.507167425492571,Uptrend
2024-10-14 20:00:00,520.61,522.19,518.94,522.03,1429,146,0,94.73428779422466,1521.85,0.9389887308210403,0,6.422142857142867,1.2302248639240785,498.87199999999996,4.642072515595187,491.7554,6.156434682771143,480.39225,8.667448319576343,0,0,521.6106659794666,476.1333340205333,9.116032160340387,30.82771549431199,522.19,483.39,1,0,522.19,456.75,1,0,0.27275695818365087,1.6354184919105146,Uptrend
2024-10-15 16:00:00,528.3,529.56,514.01,523.14,2955,146,0,94.31043523859462,1570.85,1.8811471496323648,0,6.818571428571436,1.3033932462766058,500.54850000000005,4.513348856304622,492.9758,6.118799340657289,480.6582,8.838255542087904,0,0,525.2697291254525,475.82727087454754,9.877655861700706,34.3318502867298,529.56,483.39,1,0,529.56,456.75,1,0,0.21263145796219796,1.4722141402385864,Uptrend
2024-10-15 20:00:00,523.14,526.39,519.29,521.55,1644,146,0,89.15488895298517,1579.05,1.0411323263987842,0,6.790000000000008,1.301888601284634,502.15299999999996,3.862766925618286,494.08079999999995,5.559657448741178,480.9464,8.44243766041288,0,0,527.9845629863008,476.32143701369915,10.288323672785323,37.51054455364223,529.56,483.39,1,0,529.56,456.75,1,0,-0.30393393737814245,0.18055742302298092,Uptrend
2024-10-16 16:00:00,527.56,535.42,524.91,529.17,3004,146,0,91.15211734090357,1660.2,1.809420551740754,0,7.310714285714296,1.3815436033248853,504.09,4.97530202939951,495.3618,6.824950975226581,481.2831,9.949840333059685,0,0,531.950483239083,476.22951676091697,11.053773428984126,41.419286301961236,535.42,483.39,1,0,535.42,456.75,1,0,1.461029623238419,1.3677374863513565,Uptrend
2024-10-16 20:00:00,529.05,531.41,525.91,528.59,1742,146,0,91.41162514827995,1690.6,1.0304034070744115,0,7.32285714285715,1.3853567307094627,505.95550000000003,4.473614774421861,496.5326,6.456252822070501,481.62145,9.752171544685158,0,0,535.1680895534869,476.7429104465132,11.547493624829396,46.2800453469947,535.42,483.39,1,0,535.42,456.75,1,0,-0.1096056087835584,1.0417861375540096,Uptrend
2024-10-17 16:00:00,528.79,534.48,527.32,532.48,2237,146,0,91.86882300089847,1714.4,1.3048296780214652,0,7.482142857142861,1.4051500257554952,508.34799999999996,4.747141721812629,497.7564,6.976022809551025,481.99649999999997,10.473831241513174,0,0,538.0405442351666,478.6554557648332,11.68197543224984,50.30405993372033,535.42,483.39,1,0,535.42,464.31,1,0,0.7359200892941509,2.0956763493433157,Uptrend
2024-10-17 20:00:00,532.48,532.98,527.34,527.34,1565,146,0,82.26002430133659,1737.35,0.9007971911244137,0,7.600714285714288,1.441330884384702,510.457,3.307428441572951,498.8374,5.713805741109233,482.3269,9.332487986881926,0,0,539.1912788870251,481.72272111297497,11.2582563808607,54.32807452044597,535.42,485.21,1,0,535.42,464.31,1,0,-0.9652944711538436,-0.34582459323089504,Uptrend
2024-10-18 16:00:00,526.03,529.85,525.36,528.02,1907,146,0,79.2367859682389,1741.95,1.0947501363414565,0,7.20857142857143,1.3652080278344438,512.391,3.0502097031368662,499.8208,5.641862043356332,482.66409999999996,9.396990577919514,0,0,540.3368249588559,484.445175041144,10.908007735832967,56.6075920966769,535.42,488.06,1,0,535.42,468.29,1,0,0.12894906511926596,-0.10783404907396092,Uptrend
2024-10-18 20:00:00,527.92,529.58,527.3,527.42,1913,146,0,77.8671080633719,1767.65,1.082227816592651,0,7.122857142857149,1.350509488236538,514.042,2.602511078861246,500.80299999999994,5.314864327889414,482.9929,9.198292562892734,0,0,541.4080647325626,486.67593526743747,10.647404193650543,58.35747112536011,535.42,489.33,1,0,535.42,476.34,1,0,-0.11363205939169951,-0.9502704326923187,Uptrend
2024-10-21 16:00:00,526.55,526.59,517.74,519.18,1804,146,0,67.09453952730237,1792.4,1.0064717696942647,0,7.424285714285714,1.4300022563052728,515.282,0.7564789765603904,501.5258,3.5200980687334424,483.29315,7.425482856522987,0,0,541.1005364663181,489.46346353368205,10.021128805709504,58.75215686020878,535.42,489.33,0,0,535.42,477.01,0,0,-1.562322247923853,-1.54738878143135,Uptrend
2024-10-21 20:00:00,519.18,519.28,516.27,517.16,1464,146,0,64.0411636651494,1791.9,0.8170098777833584,0,7.365000000000001,1.4241240621857842,516.456,0.13631364530568932,502.17979999999994,2.983035159916832,483.59775,6.940117070437145,0,0,540.1898305289808,492.7221694710192,9.191036808162089,58.93606858766354,535.42,491.81,0,0,535.42,478.68,0,0,-0.3890750799337428,-2.0567402749895862,Uptrend
2024-10-22 16:00:00,515.99,518.91,514.02,517.67,2080,146,0,55.0024764735017,1817.6,1.1443661971830987,0,6.759999999999999,1.3058512179573858,517.5795,0.017485236567504378,502.85380000000004,2.946422996107402,483.9028,6.978095601017382,0,0,539.100902297284,496.05809770271605,8.31617260625044,56.203795118365065,535.42,492.32,0,0,535.42,480.71,0,0,0.0986155155077606,-1.8486215919001934,Uptrend
2024-10-22 20:00:00,517.68,518.71,512.31,517.5,1412,146,0,52.52394512037283,1823.35,0.774398771492034,0,6.869285714285719,1.327398205659076,518.6805,-0.22759675754150227,503.5128000000001,2.7779234212119164,484.2377,6.869002558041222,0,0,537.528565627384,499.83243437261615,7.267697793683742,53.00420458919272,535.42,494.81,0,0,535.42,480.71,0,0,-0.032839453706023924,-0.3235871951924092,Uptrend
2024-10-23 16:00:00,517.24,519.18,514.63,515.64,1992,146,0,42.986169912503456,1816.75,1.0964634649786706,0,6.6692857142857145,1.2933996032669526,519.295,-0.7038388584523196,504.1306000000001,2.283019519148394,484.5689,6.412111879239464,0,0,536.7914880686461,501.7985119313538,6.738554412673397,47.952404510657935,535.42,498.39,0,0,535.42,480.71,0,0,-0.35942028985507246,-0.2939129089643402,Uptrend
2024-10-23 20:00:00,515.64,516.72,512.62,516.25,1549,146,0,41.65222414789141,1803.4,0.8589331263169568,0,6.730000000000002,1.3036319612590803,519.915,-0.7049229200927005,504.77819999999997,2.2726417266038887,484.8951,6.466326428128473,0,0,535.9224962702334,503.90750372976646,6.157735887686824,43.23523076443191,535.42,498.39,0,0,535.42,481.05,0,0,0.11829958886044878,-0.2743060250738809,Uptrend
2024-10-24 16:00:00,517.7,520.64,517.49,520.08,1883,146,0,45.90251740760585,1834.15,1.0266335904915083,0,5.932857142857147,1.1407585646164333,520.799,-0.13805710072406768,505.18059999999997,2.9493214901760028,485.22325000000006,7.183652061190385,0,0,534.5238340417332,507.0741659582668,5.270683715496065,39.61989615698526,535.42,499.73,0,0,535.42,481.49,0,0,0.7418886198547359,0.498550724637689,Uptrend
2024-10-24 20:00:00,520.08,524.23,520.05,523.82,1767,146,0,52.87414535325412,1870.7,0.9445662051638424,0,5.724285714285721,1.0927963258916653,521.8415,0.3791381099433552,505.59979999999996,3.60368022297479,485.59049999999996,7.872785814384772,0,0,532.7408447895523,510.9421552104477,4.177262555604446,35.72801690895918,535.42,508.94,0,0,535.42,483.39,0,0,0.7191201353637933,1.5863780932433604,Uptrend
2024-10-25 16:00:00,523.87,524.65,513.01,514.46,1830,146,0,32.16104778074224,1855.3,0.9863633913652778,0,5.565000000000006,1.0817167515453106,521.883,-1.4223494538047803,505.9422,1.683551994674495,485.89275000000004,5.879332424696602,0,0,532.656290754623,511.1097092453771,4.12862298814982,34.07236123972366,535.42,512.29,0,1,535.42,483.39,0,0,-1.78687335344202,-0.34673123486682106,Uptrend
2024-10-25 20:00:00,514.54,514.54,509.9,511.29,1699,146,0,30.260155180282965,1865.9,0.9105525483680798,0,5.503571428571433,1.0764089711458142,521.67,-1.9897636436827764,506.245,0.996553052375829,486.18744999999996,5.163142322986755,0,0,533.1178258105592,510.22217418944064,4.388914758586576,32.247881901709,535.42,509.9,0,1,535.42,483.39,0,0,-0.6161800723088362,-1.6901245962159706,Uptrend
2024-10-28 12:00:00,515.4,519.31,514.43,515.25,366,150,0,30.37138300296192,1812.1,0.2019756084101319,0,5.565000000000002,1.080058224163028,521.4019999999999,-1.179895742632351,506.62,1.7034463700603995,486.4917,5.911364983205267,0,0,533.1999188173374,509.6040811826624,4.525459747886475,29.972306578137687,535.42,509.9,0,1,535.42,483.39,0,0,0.77451152966026,-1.6360581879271598,Uptrend
2024-10-28 16:00:00,515.66,522.93,513.8,522.1,2243,146,0,44.25438596491227,1852.8,1.2106001727115716,0,5.814285714285717,1.1136344980436155,521.4055000000001,0.133197674362842,507.129,2.952108832269502,486.80195,7.251008341277197,0,0,533.2042447592603,509.60675524073986,4.5257461838282165,26.991875324032257,535.42,509.9,0,0,535.42,483.39,0,0,1.3294517224648361,1.4850522878357861,Uptrend
2024-10-28 20:00:00,521.96,523.71,520.83,522.84,1130,146,0,44.32763907139734,1761.55,0.6414805143197753,0,5.699285714285716,1.090063062176902,521.3905,0.2780065996599588,507.66360000000003,2.989459949462597,487.11135,7.334801375496591,0,0,533.1807198095426,509.60028019045745,4.522606303545058,24.488412619117376,535.42,509.9,0,0,535.42,483.39,0,0,0.1417352997510113,2.258991961509126,Uptrend
2024-10-29 12:00:00,520.85,526.32,520.24,523.01,342,148,0,45.12491709042675,1696.45,0.20159745350585045,0,5.970714285714284,1.1416061424665465,521.4635000000001,0.2965691750237405,508.17760000000004,2.9187433684601505,487.43615000000005,7.298155871286922,0,0,533.2759363991365,509.65106360086355,4.530494041917215,21.622191195426957,535.42,509.9,0,0,535.42,483.39,0,0,0.03251472725880333,1.5060650169820458,Uptrend
2024-10-29 16:00:00,524.68,526.5,522.29,523.59,1837,146,0,55.86904445035944,1638.1,1.1214211586594225,0,5.5800000000000045,1.0657193605683843,521.1845000000001,0.4615448080286272,508.82419999999996,2.901945308418914,487.76675,7.344340301998861,0,0,532.4829385972699,509.88606140273026,4.335677134400518,19.061011158513796,534.48,509.9,0,0,535.42,483.39,0,0,0.1108965411751317,0.2853859413905399,Uptrend
2024-10-29 20:00:00,523.66,524.57,522.79,523.41,936,146,0,58.74615169325494,1597.8,0.5858054825384904,0,5.492142857142868,1.0493003299789587,520.9255,0.4769396007682311,509.4854,2.733071448171025,488.1015500000001,7.2338327956548945,0,0,531.7361155917746,510.1148844082255,4.150541907345497,17.064420662043293,534.48,509.9,0,0,535.42,483.39,0,0,-0.03437804388931598,0.10901996786778677,Uptrend
2024-10-30 12:00:00,522.69,528.49,522.69,528.23,288,146,0,63.1868131868132,1500.35,0.1919552104508948,0,5.557142857142866,1.0520309064503843,520.713,1.4435975287730578,510.16619999999995,3.540767694919827,488.47225,8.139203404082842,0,0,530.7032670529325,510.7227329470675,3.8371490832502615,17.902878489619475,532.98,509.9,1,0,535.42,483.39,1,0,0.9208842016774632,0.9980688705760937,Uptrend
2024-10-30 16:00:00,528.27,530.08,524.29,525.24,2031,146,0,59.029398040130616,1523.65,1.332983296688872,0,5.513571428571437,1.0497242077091304,520.608,0.8897289323252933,510.74660000000006,2.837688983147406,488.83349999999996,7.447627873294292,0,0,530.3459552592426,510.87004474075724,3.74099332290041,19.751679198177907,530.08,509.9,1,0,535.42,483.39,1,0,-0.566041307763665,0.31513206898527035,Uptrend
2024-10-30 20:00:00,525.08,526.65,522.37,523.75,1124,146,0,59.54342198164271,1484.5,0.7571572920175144,0,5.4942857142857235,1.0490282986703052,520.3945,0.6447992820831132,511.2228,2.4504384389741602,489.18854999999996,7.065057021469541,0,0,529.6220867290175,511.16691327098255,3.546381343007074,21.226286114693615,530.08,509.9,1,0,535.42,483.39,0,0,-0.2836798415962294,0.06495863663285606,Uptrend
2024-10-31 12:00:00,521.85,523.09,519.41,521.88,339,160,0,56.43428571428568,1405.8,0.24114383269312847,0,5.511428571428581,1.0560720034162223,520.1175000000001,0.3388657370690145,511.70840000000004,1.9877727236840268,489.57214999999997,6.599200955364809,0,0,528.7719077604215,511.46309223957854,3.3278663995814375,22.12793289443594,530.08,509.9,1,0,535.42,483.39,0,0,-0.35704057279236645,-1.2021278609696575,Uptrend
2024-10-31 16:00:00,521.89,522.19,512.97,519.14,2059,146,0,48.8982653539615,1418.55,1.4514821472630504,0,5.856428571428585,1.1281019708418893,520.1155,-0.18755449510733882,512.212,1.3525649535739104,489.94964999999996,5.957826482782471,0,0,528.7708384195726,511.4601615804275,3.3282370625649613,21.837868437921987,530.08,509.9,0,1,535.42,483.39,0,0,-0.5250249099409854,-1.161373848145614,Uptrend
2024-10-31 20:00:00,519.13,519.55,516.41,516.9,1318,146,0,41.59378036929053,1411.25,0.9339238263950399,0,5.782142857142865,1.1186192410800666,520.1025,-0.6157440119976325,512.6708,0.824934831474699,490.28350000000006,5.428797828195302,0,0,528.7772883334991,511.42771166650084,3.3357995139416263,22.497086354796597,530.08,509.9,0,1,535.42,483.39,0,0,-0.4314828369996526,-1.307875894988071,Uptrend
2024-11-01 12:00:00,517.94,522.34,517.68,521.18,284,146,0,59.3126385809311,1321.45,0.21491543380377615,0,5.339285714285727,1.0244609759172891,520.278,0.173368852805602,513.3022,1.5347294439805597,490.6495,6.222466343081969,0,0,528.8873550097347,511.6686449902653,3.309521067481121,20.61951131046616,530.08,509.9,1,0,535.42,483.39,0,0,0.8280131553491943,-0.1341304514447853,Uptrend
2024-11-01 16:00:00,521.51,525.81,519.52,519.72,2367,146,0,62.26360197846959,1369.2,1.72874671340929,0,5.457142857142868,1.05001594265044,520.3889999999999,-0.12855767512377647,513.9073999999999,1.1310597979324855,491.0258,5.843725523180253,0,0,528.9042788995002,511.87372110049955,3.2726590683124916,19.690556090859722,530.08,509.9,1,1,535.42,483.39,0,0,-0.280133543113692,0.11172323458027525,Uptrend
2024-11-01 20:00:00,519.72,521.74,517.15,518.63,1172,146,0,55.36507936507933,1328.2,0.8823972293329317,0,5.212142857142875,1.004982908266563,520.5385,-0.36663954731494475,514.4714,0.8083248165009713,491.39450000000005,5.542491826831586,0,0,528.8040461818107,512.2729538181893,3.1757674722660054,17.826085413919966,530.08,509.9,0,1,535.42,483.39,0,0,-0.20972831524668223,0.3346875604565715,Uptrend
2024-11-04 16:00:00,515.95,516.49,509.75,512.75,2074,146,0,34.68719292499182,1354.45,1.5312488463952156,0,5.194285714285733,1.013025005223936,520.3635,-1.4631118439321829,514.9008,-0.4177115281234762,491.7234,4.276103191347,0,0,529.1435426206532,511.5834573793469,3.3745805079153888,17.075130021392145,530.08,509.75,0,1,535.42,483.39,0,0,-1.1337562424078795,-1.6174834030469227,Uptrend
2024-11-04 20:00:00,512.64,512.9,509.39,510.65,1793,146,0,30.88742552524299,1349.95,1.328197340642246,0,5.2392857142857325,1.0260032731392799,519.892,-1.7776769021258405,515.4212,-0.925689513741387,492.04940000000005,3.780230196398965,0,0,529.6899473682508,510.0940526317493,3.7692241343397317,16.94228496823308,530.08,509.39,0,1,535.42,483.39,0,0,-0.4095563139931757,-1.7451704764103844,Uptrend
2024-11-05 16:00:00,513.55,525.51,511.33,524.51,2139,146,0,51.64545853444493,1368.55,1.5629681049285742,0,5.866428571428587,1.1184588609232593,519.9265,0.8815669137849211,516.2082,1.608227068070588,492.43539999999996,6.513463491861071,0,0,529.7873407349188,510.0656592650813,3.793167201486643,16.203617906683906,530.08,509.39,1,0,535.42,483.39,0,0,2.7141877998629216,1.1337562424078815,Uptrend
2024-11-05 20:00:00,524.51,526.53,521.24,526.12,1689,146,0,52.714009869126755,1361.5,1.2405435181784796,0,5.943571428571439,1.1296988193893864,520.5094999999999,1.0778861865153502,516.9438,1.7750865761423182,492.81815,6.75743172202566,0,0,530.3882480028947,510.6307519971051,3.795799309290141,16.50669668949514,530.08,509.39,1,0,535.42,483.39,1,0,0.3069531562791994,2.6075085324232092,Uptrend
2024-11-06 16:00:00,574.38,594.76,572.32,592.34,4166,146,0,80.5947625388371,1484.85,2.805670606458565,1,10.719285714285718,1.809650827951129,524.562,12.920874939473318,518.9026,14.15244402321361,493.50340000000006,20.027541856854477,0,0,557.6797081586824,491.4442918413177,12.626804137044752,20.404532332485335,594.76,509.39,1,0,594.76,485.21,1,0,12.586482171367752,15.997258396161765,Uptrend
2024-11-06 20:00:00,592.26,597.75,591.34,595.19,2582,146,0,80.24936754607879,1595.65,1.6181493435277159,0,10.762857142857147,1.8083061111337801,528.559,12.606161280008493,520.9187999999999,14.257730763412676,494.19595000000004,20.436033520711778,0,0,573.9619866395254,483.1560133604745,17.179912418301633,23.21794102830378,597.75,509.39,1,0,597.75,488.06,1,0,0.4811425870277164,13.47543421479096,Uptrend
2024-11-07 16:00:00,590.35,592.84,582.49,584.57,2251,146,0,75.07395824528781,1596.05,1.4103568183954138,0,11.256428571428573,1.9255912160098143,531.6825,9.947195929901783,522.7366,11.828787194162434,494.8345,18.134446971664275,0,0,583.3742718689042,479.99072813109586,19.44460156913352,24.546500001124627,597.75,509.39,0,0,597.75,489.33,0,0,-1.7843041717770847,11.109632783395432,Uptrend
2024-11-07 20:00:00,584.57,585.64,580.29,580.29,2048,146,0,73.34434351775388,1641.95,1.2472974207497183,0,11.332857142857149,1.95296440449726,534.5550000000001,8.5557145663215,524.4384,10.649792234893548,495.449,17.124063223459924,0,0,590.3962424458323,478.7137575541679,20.8926087851885,26.348738687707787,597.75,509.39,0,0,597.75,489.33,0,0,-0.7321621020579427,-2.034304622345286,Uptrend
2024-11-08 16:00:00,586.24,593.55,580.38,588.99,2578,146,0,76.22918783709838,1753.75,1.469992872416251,0,11.970000000000002,2.0322925686344426,537.854,9.5074127923191,526.3086,11.909628685527855,496.13235000000003,18.716306243686784,0,0,598.4195362831259,477.28846371687416,22.521180946177168,28.827570393486717,597.75,509.39,1,0,597.75,491.81,1,0,1.4992503748125996,-1.0416841680807885,Uptrend
2024-11-08 20:00:00,588.99,594.42,587.42,588.54,1864,146,0,77.61859280483917,1755.1,1.0620477465671472,0,11.811428571428573,2.0069032812431735,541.1015,8.767024301355656,528.0124,11.463291392399121,496.8272,18.459697858732362,0,0,605.302760284396,476.900239715604,23.729840070447402,33.259917680485835,597.75,509.39,1,0,597.75,492.32,1,0,-0.07640197626446188,0.6791316694322174,Uptrend
2024-11-11 16:00:00,603.01,606.11,597.3,598.02,2207,146,0,80.52378085490663,1818.65,1.2135375140901217,0,12.842142857142862,2.1474437070905426,544.832,9.762275343592151,529.8957999999999,12.856150209154347,497.52645000000007,20.198634665553943,0,0,613.2378361929935,476.42616380700645,25.110799730189694,37.263315392205456,606.11,509.39,1,0,606.11,494.81,1,0,1.6107656234070733,3.055368867290496,Uptrend
2024-11-11 20:00:00,598.05,602.68,595.29,601.62,1554,146,0,80.42360060514368,1881.95,0.8257392598103032,0,12.981428571428571,2.1577455156790952,548.5015000000001,9.684294391173026,531.8802000000001,13.11193761301886,498.2276,20.752041837907015,0,0,620.913913089699,476.0890869103011,26.403724726258343,41.00145918217304,606.11,509.39,1,0,606.11,498.39,1,0,0.6019865556335935,2.144348800488972,Uptrend
2024-11-12 16:00:00,596.48,600.71,590.71,590.99,1745,146,0,75.20690386927913,1867.65,0.9343292372767916,0,13.311428571428573,2.252394891864257,551.789,7.104346045318051,533.6406,10.74682098775844,498.89615000000003,18.459523089123852,0,0,625.7091853779827,477.8688146220173,26.79291735717194,42.98550752237549,606.11,509.39,0,0,606.11,498.39,0,0,-1.7668960473388506,0.4162843646990936,Uptrend
2024-11-12 20:00:00,590.98,595.39,590.29,591.67,1514,146,0,75.90805902383649,1887.15,0.8022679702196434,0,13.347857142857142,2.255963145479261,555.1850000000001,6.571683312769598,535.2014,10.550906630662759,499.5708,18.435665174986195,0,0,629.9176081157952,480.4523918842048,26.921695692713314,46.485102436790676,606.11,509.39,0,0,606.11,499.73,0,0,0.1150611685476921,-1.0618373967425878,Uptrend
2024-11-13 16:00:00,593.73,602.69,591.74,600.34,2291,146,0,80.46608695652168,1984.75,1.1543015493135156,0,13.500714285714293,2.2488447022877525,559.108,7.37460383324869,536.8972,11.81656376676951,500.29265,19.99776530796526,0,0,634.7115717897507,483.5044282102492,27.044353430732787,50.38062450503445,606.11,509.39,1,0,606.11,508.94,1,0,1.4653438572177269,-0.21275888434559567,Uptrend
2024-11-13 20:00:00,600.16,600.27,592.71,593.04,1390,146,0,77.65693185632755,1951.3,0.7123456157433506,0,13.795000000000007,2.326150006744909,562.803,5.372572640870779,538.3457999999999,10.159678035938988,500.98224999999996,18.375451425674264,0,0,637.3986177914212,488.2073822085788,26.508607022855674,54.07391109898986,606.11,509.39,0,0,606.11,509.39,0,0,-1.2159776126861588,0.3468755816511201,Uptrend
2024-11-14 16:00:00,598.17,600.54,586.51,587.56,1977,146,0,72.42654905029515,1984.25,0.9963462265339549,0,13.735714285714291,2.337755171508321,566.336,3.7475985987117073,539.6564,8.876685238977984,501.69725,17.114454982561682,0,0,638.4289024610797,494.2430975389203,25.459410124406602,57.96767976864841,606.11,509.39,0,0,606.11,509.39,0,0,-0.9240523404829393,-0.6946439738367695,Uptrend
2024-11-14 20:00:00,587.32,588.74,585.49,587.73,1370,146,0,72.14116294113413,2038.55,0.6720463074243948,0,13.590000000000007,2.3122862538920943,569.6635,3.171433662153187,540.9482,8.648110854237055,502.4104,16.982052919286712,0,0,639.0742227496673,500.25277725033266,24.36902583706604,61.624993238737396,606.11,509.39,0,0,606.11,509.39,0,0,0.028933215331217177,-2.100476396708534,Uptrend
2024-11-15 16:00:00,589.51,594.01,585.98,590.1,2112,146,0,48.51222104144527,2025.8,1.0425510909270412,0,9.260714285714291,1.5693465998499054,573.1825,2.951503229774115,542.3192,8.810457014983058,503.10254999999995,17.292190230401353,0,0,638.973893094103,507.39110690589706,22.956525397793186,58.43321548942761,606.11,509.39,0,0,606.11,509.39,0,0,0.4032463886478599,-0.49575070821528755,Uptrend
2024-11-15 20:00:00,590.0,594.22,589.02,592.74,1601,146,0,48.368189689622994,2047.25,0.7820246672365369,0,9.174285714285727,1.547775705079078,576.888,2.747847069101797,543.5906,9.041620660842923,503.80835,17.65188091860724,0,0,637.9183050174744,515.8576949825257,21.158458840355266,54.97576793372051,606.11,509.39,0,0,606.11,509.39,0,0,0.44738179969496805,0.8816120906801117,Uptrend
2024-11-18 16:00:00,592.29,592.3,583.15,588.0,1925,146,0,52.478681890446545,2039.8,0.9437199725463281,0,8.952142857142869,1.5224732750242975,580.6505,1.2657355844867153,544.7787999999999,7.933715482320544,504.44285,16.56424508742665,0,0,633.8016875294345,527.4993124705654,18.307462933187708,52.83389926585583,606.11,509.39,0,0,606.11,509.39,0,0,-0.7996760805749625,0.04593946199785306,Uptrend
2024-11-18 20:00:00,587.95,588.41,584.01,587.4,1385,146,0,55.426652419477925,2019.4,0.6858472813707042,0,8.884285714285722,1.5124762877571882,584.488,0.4982138213273704,545.8772,7.606619217655538,505.065,16.30186213655668,0,0,626.2137691928682,542.7622308071319,14.277716289425321,51.06867277318416,606.11,511.33,0,0,606.11,509.39,0,0,-0.10204081632653184,-0.45754956786986023,Uptrend
2024-11-19 16:00:00,579.51,583.82,577.17,582.68,2163,146,0,44.872419957744164,2020.6,1.0704741165990301,0,8.667857142857153,1.4875844619443184,587.3965000000001,-0.8029499665047561,546.984,6.525967852807378,505.68235,15.226485559561247,0,0,618.1986190487669,556.5943809512332,10.48767537728496,47.222289369116304,606.11,521.24,0,0,606.11,509.39,0,0,-0.8035410282601352,-1.6972028207983363,Uptrend
2024-11-19 20:00:00,582.7,583.55,579.29,580.32,1468,146,0,43.52143757881471,2009.55,0.7305118061257495,0,8.472142857142867,1.4599088187797882,590.1065000000001,-1.6584294529885784,548.03,5.892013210955619,506.26064999999994,14.628699662910819,0,0,601.8497664244436,578.3632335755566,3.9800498467458,42.88264575495747,606.11,572.32,0,1,606.11,509.39,0,0,-0.40502505663484456,-1.3061224489795833,Uptrend
2024-11-20 16:00:00,584.87,584.87,577.49,578.68,2191,146,0,32.6079136690648,1910.8,1.1466401507222106,0,7.744285714285719,1.3382673868607382,589.4235000000001,-1.822713210450576,549.0552,5.395595925509846,506.81845,14.1789530353522,0,0,602.166234193905,576.6807658060952,4.323795774652648,40.399826776205956,606.11,577.17,0,1,606.11,509.39,0,0,-0.2826027019575572,-1.4845080013619387,Uptrend
2024-11-20 20:00:00,578.68,581.91,575.7,580.78,1713,146,0,30.739371534195996,1867.35,0.9173427584544944,0,7.660000000000001,1.3189159406315647,588.703,-1.3458399226774795,550.2872,5.541251913546233,507.4199,14.457473977666227,0,0,601.6999001972205,575.7060998027795,4.415435354404682,38.123616877281,606.11,575.7,0,1,606.11,509.39,0,0,0.36289486417364625,-0.32607949474840003,Uptrend
2024-11-21 16:00:00,584.87,599.11,583.72,599.11,2440,146,0,56.569579288025864,1876.8,1.3000852514919012,0,8.190000000000007,1.3670277578407983,589.4300000000001,1.642264560677256,551.9262,8.54893281021992,508.0955,17.912872678463003,0,0,603.0644810566403,575.7955189433599,4.626327488129276,34.94336191214979,606.11,575.7,1,0,606.11,509.39,1,0,3.156100416681018,3.237868762062304,Uptrend
2024-11-21 20:00:00,598.97,599.9,595.21,595.33,1722,146,0,52.81972265023117,1860.5,0.9255576457941413,0,8.160714285714286,1.370788350278717,590.182,0.8722732987451369,553.4793999999999,7.561365427511865,508.74520000000007,17.01928588220586,0,0,603.3447938163714,577.0192061836286,4.460588027547906,31.743174603496346,606.11,575.7,1,0,606.11,509.39,1,0,-0.6309358882342075,2.8772378516624197,Uptrend
2024-11-22 16:00:00,595.45,602.76,592.16,600.55,2192,146,0,50.17087062652556,1841.2,1.190527916576146,0,8.13071428571428,1.3538779927923204,590.76,1.6571873518857003,555.1403999999999,8.179840631306977,509.42715000000004,17.887317156142917,0,0,604.6949904160143,576.8250095839857,4.717648593680794,26.785394026663788,606.11,575.7,1,0,606.11,509.39,1,0,0.8768246182789152,3.4040428389407316,Uptrend
2024-11-22 20:00:00,600.55,603.06,599.71,600.92,1924,146,0,57.22670579603813,1844.2,1.0432707949246285,0,7.824999999999989,1.3021700059908123,591.379,1.6133477854303147,556.846,7.914935188544042,510.04365000000007,17.817367199846498,0,0,605.982588455895,576.775411544105,4.938825509832092,21.83193225377578,606.11,575.7,1,0,606.11,509.39,1,0,0.06161019065855644,0.3021148036253685,Uptrend
2024-11-25 16:00:00,609.38,609.45,597.37,600.78,2121,146,0,63.44042293615291,1839.9,1.1527800423936083,0,7.685714285714279,1.279289304856067,591.517,1.565973589939075,558.5365999999999,7.563228622797516,510.6867,17.641599046930338,0,0,606.4336302106669,576.6003697893332,5.043516994665201,18.928003477109662,609.45,575.7,1,0,609.45,509.39,1,0,-0.02329761033081912,0.9154586531839368,Uptrend
2024-11-25 20:00:00,601.03,604.56,600.69,601.63,1978,146,0,63.93902928198954,1861.1,1.0628123152974047,0,7.729999999999985,1.2848428436081953,591.5174999999999,1.7095859378632197,560.1676,7.401784751563639,511.3198,17.662175413508336,0,0,606.4355567028399,576.59944329716,5.043995047598753,16.297616992599412,609.45,575.7,1,0,609.45,509.39,1,0,0.14148273910583598,0.17983515111148796,Uptrend
2024-11-26 16:00:00,592.65,600.23,592.65,599.86,1785,146,0,59.90661794559479,1863.1,0.9580806183242982,0,7.797857142857132,1.2999461779177026,591.961,1.3343784472287872,561.6884,6.795867602037004,511.9282999999999,17.176565546386104,0,0,607.333498889411,576.588501110589,5.193753943050627,15.099547591777327,609.45,575.7,1,0,609.45,509.39,1,0,-0.29420075461662476,-0.17639619250481686,Uptrend
2024-11-26 20:00:00,599.86,606.33,599.53,604.51,1507,146,0,61.478447435147245,1862.75,0.8090189236344115,0,7.912142857142848,1.3088522699612657,592.603,2.0092709621787335,563.4893999999999,7.2797465222948405,512.5699500000001,17.937073759396142,0,0,608.964956001964,576.2410439980359,5.522063169428444,14.676055181762067,609.45,575.7,1,0,609.45,509.39,1,0,0.7751808755376288,0.6208595492526413,Uptrend
2024-11-27 16:00:00,609.09,611.05,602.75,604.87,1845,146,0,67.98891021539775,1840.45,1.0024722214675759,0,7.819999999999985,1.2928397837551846,592.8294999999999,2.0310224103220347,565.361,6.9882782859093595,513.2082,17.86054860386096,0,0,609.7580289875963,575.9009710124036,5.711095344478079,15.018725165315372,611.05,575.7,1,0,611.05,509.39,1,0,0.059552364725146134,0.5385369745524673,Uptrend
2024-11-27 20:00:00,604.87,605.02,602.5,604.5,1406,146,0,68.32404629232751,1841.25,0.763611676849966,0,7.685714285714271,1.2714167552877207,593.4024999999999,1.8701471598114405,567.146,6.586311108603436,513.82845,17.64626890550728,0,0,611.1185134222862,575.6864865777136,5.970993860756005,14.974456580840096,611.05,575.7,1,0,611.05,509.39,1,0,-0.0611701687965982,0.7735138198913057,Uptrend
2024-11-29 16:00:00,610.33,611.8,606.33,608.42,2073,146,0,78.0636720453555,1846.05,1.1229381652717965,0,7.476428571428552,1.2288268911982763,594.4455,2.350846292889747,568.8724,6.951928059789856,514.47505,18.260351012162776,0,0,613.1422765023448,575.7487234976553,6.290493073745106,18.065290995711464,611.8,575.7,1,0,611.8,509.39,1,0,0.6484698097601216,0.6468048502092552,Uptrend
2024-12-02 16:00:00,608.35,610.23,600.43,603.1,1687,146,0,73.3306022122081,1861.9,0.90606369837263,0,7.872142857142843,1.3052798635620697,595.2139999999999,1.3249016320180778,570.4775999999999,5.718436622226726,515.06335,17.092392615393816,0,0,614.0117909116358,576.4162090883641,6.316313430677317,20.150381023922108,611.8,575.7,1,0,611.8,509.39,1,0,-0.8743959764636156,-0.2926248615404933,Uptrend
2024-12-02 20:00:00,603.12,605.95,600.98,601.0,1195,146,0,72.64610389610401,1816.05,0.6580215302442114,0,7.699999999999989,1.2811980033277852,595.759,0.8797181410603927,572.0373999999999,5.063060562124097,515.6106500000001,16.56081968050891,0,0,614.564541064711,576.9534589352891,6.313137045251839,20.322213401437832,611.8,575.7,1,0,611.8,509.39,1,0,-0.3482009616978976,-0.5789909015715468,Uptrend
2024-12-03 16:00:00,609.38,609.95,600.46,603.33,1774,146,0,72.77317713593226,1824.7,0.972214610620924,0,7.934285714285709,1.3150822459161169,596.2884999999999,1.1808881103694195,573.6322,5.17715009722258,516.1184000000001,16.897595590469155,0,0,615.3309901898691,577.2460098101307,6.387005682608077,20.96147777593153,611.8,575.7,1,0,611.8,509.39,1,0,0.3876871880199806,-0.8365931428946976,Uptrend
2024-12-03 20:00:00,603.38,603.58,600.07,601.04,1246,146,0,52.883178966238354,1790.75,0.6957978500628228,0,6.875714285714277,1.1439695004848724,596.9404999999999,0.686751862204028,575.1848,4.495111831884286,516.611,16.34285758530112,0,0,615.6786035663389,578.202396433661,6.278047331799054,21.539575695683993,611.8,575.7,1,0,611.8,509.39,1,0,-0.379560108066912,-0.3415685624274679,Uptrend
2024-12-04 16:00:00,601.45,602.71,596.81,599.68,1945,146,0,57.00483091787426,1818.75,1.0694158075601374,0,6.962142857142859,1.1609763302332676,597.5545,0.3556997729914156,576.6138000000001,4.000285806548484,517.08565,15.97305011268442,0,0,615.7739072062473,579.3350927937527,6.097990126841083,21.372392793248668,611.8,575.7,1,0,611.8,509.39,1,0,-0.22627445760681208,-0.21963394342762896,Uptrend
2024-12-04 20:00:00,599.68,600.36,596.04,597.93,1447,146,0,45.25018129079043,1782.95,0.8115763201435823,0,6.513571428571432,1.0893535076967928,598.3169999999999,-0.06468143141511,578.0676,3.4359995266989505,517.5693,15.52655847245962,0,0,615.1380984058305,581.4959015941693,5.622804769321494,22.17441200543144,611.8,575.7,0,0,611.8,509.39,0,0,-0.29182230522946107,-0.8950325692407289,Uptrend
2024-12-05 16:00:00,600.77,605.6,598.61,599.69,1936,146,0,47.8771142561272,1806.35,1.071774573034019,0,6.822142857142873,1.1376115755044893,599.2855,0.06749704439705254,579.5864,3.4686114097915386,518.1156500000001,15.744428874132632,0,0,613.818530944051,584.752469055949,4.8501193317879405,23.494953967902514,611.8,575.7,1,0,611.8,509.39,1,0,0.2943488368203795,-0.22461067483027902,Uptrend
2024-12-05 20:00:00,599.69,599.8,594.66,596.24,1366,146,0,42.967781908302456,1765.1,0.7738938303778823,0,6.3264285714285835,1.0610540338502255,600.1634999999999,-0.6537385229191508,581.0735999999999,2.6100652309793575,518.6726,14.954983162789015,0,0,611.1420767939538,589.1849232060459,3.6585286489278177,22.576841442099305,611.8,575.7,0,0,611.8,509.39,0,0,-0.5752972369057474,-0.5736392742796059,Uptrend
2024-12-06 16:00:00,598.31,598.92,593.3,596.91,1805,146,0,42.647975077881604,1769.7,1.0199468836525964,0,6.4514285714285915,1.0808042370589523,600.97,-0.67557448791122,582.6289999999999,2.4511309941661104,519.23265,14.96002803367622,0,0,607.3668709455819,594.5731290544181,2.1288486765002896,21.298484043302135,611.8,583.72,0,0,611.8,509.39,0,0,0.11237085737285657,-0.17058853042998043,Uptrend
2024-12-06 20:00:00,596.91,598.96,596.2,597.93,1335,146,0,46.92185007974473,1714.45,0.7786753769430429,0,6.007142857142875,1.0046565412578188,600.911,-0.49608011835363225,584.2496,2.341533481580469,519.80325,15.03006185513459,0,0,607.4011898439273,594.4208101560725,2.160116837244583,22.947910383682455,611.8,592.16,0,1,611.8,509.39,0,0,0.1708800321656545,-0.2934849672330878,Uptrend
2024-12-09 16:00:00,598.19,601.93,593.23,599.59,2007,146,0,41.325811001410585,1728.7,1.16098802568404,0,6.142857142857151,1.0245096053731968,601.124,-0.2551886133310252,585.8178,2.350935734626021,520.3676,15.224314503823832,0,0,607.1024222526744,595.1455777473257,1.989081205433276,23.095980936643148,611.8,592.16,1,1,611.8,509.39,1,0,0.27762447109194177,0.5618542868643537,Uptrend
2024-12-09 20:00:00,599.43,600.37,592.82,593.41,1309,146,0,33.235810415447716,1684.55,0.777062123415749,0,6.089285714285722,1.0261515165375916,600.767,-1.2246012181095307,587.2916,1.0417993378417045,520.9057,13.91889165351808,0,0,607.6708451528427,593.8631548471574,2.2983436682915928,21.45560875029012,611.8,592.65,0,1,611.8,509.39,0,0,-1.0307043146149941,-0.5863530515488097,Uptrend
2024-12-10 16:00:00,590.19,595.19,588.34,590.5,1940,146,0,30.936819172113417,1685.35,1.1510962114694279,0,6.398571428571439,1.0835853393008366,600.246,-1.6236676296051922,588.7289999999999,0.3008175238522431,521.39305,13.254290597084095,0,0,608.5349740333775,591.9570259666225,2.761858982276429,20.53863857290332,611.8,588.34,0,1,611.8,509.39,0,0,-0.49038607370957,-1.2426203736223222,Uptrend
2024-12-10 20:00:00,590.5,591.07,582.73,584.1,1577,146,0,18.979591836734983,1658.15,0.951059916171637,0,6.472857142857159,1.1081761929219585,599.412,-2.55450341334508,590.156,-1.0261693518323844,521.8571999999999,11.927170881229598,0,0,610.393857958024,588.4301420419761,3.664210245381796,20.230277556814258,611.8,582.73,0,1,611.8,509.39,0,0,-1.0838272650296354,-2.5834320118747827,Uptrend
2024-12-11 16:00:00,590.22,590.22,585.22,589.23,1669,146,0,32.22250704947463,1642.7,1.0160102270651976,0,6.210000000000012,1.0539178249579981,598.792,-1.5968817218666935,591.7276,-0.4220861085404895,522.3414,12.805532933058721,0,0,610.6145593453098,586.9694406546903,3.948803372560001,20.118810259817195,611.8,582.73,0,1,611.8,509.39,0,0,0.8782742681047839,-0.7044033636103116,Uptrend
2024-12-11 20:00:00,589.27,593.02,589.01,591.38,1380,146,0,37.68561187916035,1622.45,0.8505655027889919,0,6.141428571428581,1.0384910838088168,598.368,-1.1678432001711414,593.065,-0.28411725527556997,522.86945,13.102802238685001,0,0,610.629389291924,586.1066107080761,4.098277077625786,19.163357753827132,611.8,582.73,0,1,611.8,509.39,0,0,0.3648829828759581,0.14902624894157418,Uptrend
2024-12-12 16:00:00,588.55,595.47,587.0,591.56,1240,146,0,34.055811433215894,1609.1,0.7706171151575415,0,6.068571428571439,1.0258589878577726,597.7205,-1.0306656706604624,594.3738,-0.4734057927856199,523.3585,13.031507083576532,0,0,609.983945853846,585.4570541461541,4.103404803364097,18.328322519667143,611.8,582.73,0,1,611.8,511.33,0,0,0.03043728228886433,1.2771785653141454,Uptrend
2024-12-12 20:00:00,591.56,593.85,589.53,590.9,1005,146,0,35.62925170068033,1567.1,0.6413119775381277,0,6.126428571428586,1.0367961704905375,597.022,-1.0254228487392543,594.345,-0.5796296763664286,523.859,12.797527578985937,0,0,609.1616117166598,584.8823882833403,4.066721734428451,18.87847022061385,611.8,582.73,0,1,611.8,521.24,0,0,-0.11156940969638818,0.28342073553620134,Uptrend
2024-12-13 16:00:00,593.32,593.38,584.37,586.09,1371,146,0,32.45546088303652,1565.35,0.8758424633468553,0,6.348571428571437,1.0832076009779106,596.1015,-1.679495857668527,594.163,-1.358718062215247,524.2936,11.786602010781758,0,0,608.6390230912185,583.5639769087815,4.206506137367053,20.263482111368802,611.8,582.73,0,1,611.8,572.32,0,0,-0.8140125232695805,-0.8945179072677405,Uptrend
2024-12-13 20:00:00,586.1,586.59,584.29,584.47,1185,146,0,32.56476683937835,1520.95,0.7791183142115126,0,6.2042857142857235,1.0615233826005994,594.904,-1.7538964269865338,594.161,-1.6310393984122014,524.72365,11.386250648317453,0,0,607.0566802761537,582.7513197238463,4.08559373483912,21.54860048259363,610.23,582.73,0,1,611.8,575.7,0,1,-0.2764080601955321,-1.1985259314355128,Uptrend
2024-12-16 16:00:00,582.16,586.67,577.97,581.0,1483,146,0,26.817166956090205,1510.75,0.98163163991395,0,6.277857142857142,1.0805261863781657,593.799,-2.1554431718477094,594.1752,-2.2173931190665677,525.1605500000001,10.632834092355173,0,0,606.8029878903476,580.7950121096524,4.3799291983811415,24.22774627795282,609.95,577.97,0,1,611.8,575.7,0,1,-0.5937002754632492,-1.6754103909290874,Uptrend
2024-12-16 20:00:00,581.1,587.39,581.1,585.4,1039,146,0,36.86379059621902,1502.95,0.691307096044446,0,6.3671428571428565,1.0876567914490702,593.019,-1.2847817692181918,594.1034,-1.464963842994332,525.6275,11.371646270410112,0,0,606.0756650049814,579.9623349950186,4.403455877461386,27.37748573141631,609.95,577.97,0,1,611.8,575.7,0,1,0.7573149741824325,-0.11772935897218081,Uptrend
2024-12-17 16:00:00,577.46,579.11,572.43,574.19,1251,146,0,28.069498069498096,1476.8,0.8471018418201517,0,6.892142857142858,1.200324432181483,591.562,-2.93663217042338,593.8164,-3.305129329536872,525.96845,9.168144971433192,0,0,606.1836920325388,576.9403079674612,4.943418283303801,31.295077260694196,605.6,572.43,0,1,611.8,572.43,0,1,-1.9149299624188432,-1.7588584529573754,Uptrend
2024-12-17 20:00:00,574.21,576.01,571.56,573.87,1378,146,0,26.457925636007843,1483.4,0.9289470136173654,0,7.012857142857148,1.2220288816033507,590.2035,-2.7674352998584317,593.3334,-3.280347946028317,526.3141,9.035650004436505,0,0,606.1097043836487,574.2972956163512,5.390074570431637,33.882518599716505,605.6,571.56,0,1,611.8,571.56,0,1,-0.05573068148174709,-1.2271944922547324,Uptrend
2024-12-18 16:00:00,576.36,578.66,572.29,575.29,1651,151,0,26.110892646480366,1468.7,1.124123374412746,0,6.846428571428581,1.190083014032676,588.9839999999999,-2.325020713635678,592.8068,-2.95489188045751,526.6361,9.23861846918582,0,0,605.5569626357504,572.4110373642494,5.627644430324259,37.36232367205538,605.6,571.56,0,1,611.8,571.56,0,1,0.24744280063428992,-1.7270242569183487,Uptrend
2024-12-18 20:00:00,575.29,575.29,541.83,549.39,3197,146,0,18.81552847832235,1556.2,2.0543631923917234,1,8.697142857142865,1.5830544526006778,586.557,-6.336468578501327,591.9748000000001,-7.193684596033494,526.84325,4.279593598285633,0,0,610.2857168681787,562.8282831318213,8.090847732847347,42.64954323490783,605.6,541.83,0,1,611.8,541.83,0,1,-4.502077213231582,-4.319127814834822,Uptrend
2024-12-19 16:00:00,563.35,565.67,554.62,557.94,2434,146,0,28.640776699029104,1581.1,1.5394345708683828,0,9.370714285714289,1.679520071282627,584.4694999999999,-4.539073467477752,591.3002,-5.641838105246703,527.1357,5.843713487817275,0,0,610.5616480223592,558.3773519776406,8.928489176033759,47.13496446339793,601.93,541.83,0,0,611.8,541.83,0,0,1.5562715011194328,-2.7758900099325543,Uptrend
2024-12-19 20:00:00,557.94,559.77,552.73,552.88,1909,146,0,29.153311965811923,1608.25,1.1870045080055962,0,9.277857142857142,1.6780959960311717,582.3015,-5.052623082715748,590.351,-6.3472408787314665,527.40335,4.83058175493196,0,0,611.3174602360616,553.2855397639385,9.965957579041639,49.37744651613907,601.93,541.83,0,0,611.8,541.83,0,0,-0.9069075527834647,-3.8954266543830016,Uptrend
2024-12-20 16:00:00,557.79,571.78,556.15,569.78,1918,146,0,38.77668782458161,1613.9,1.1884255530082408,0,10.190714285714282,1.788534923253586,580.945,-1.9218686794791378,589.8858,-3.408422443801842,527.8799,7.937430464770482,0,0,609.6200436148831,552.269956385117,9.871861747629488,50.35844306137927,601.93,541.83,0,0,611.8,541.83,0,0,3.0567211691506335,3.711388995067254,Uptrend
2024-12-20 20:00:00,569.78,570.08,564.29,565.64,1698,146,0,35.480595667870006,1632.05,1.0404093011856255,0,10.317857142857147,1.8241031650620794,579.3305,-2.363158853193478,589.4474,-4.0389354503896415,528.36235,7.055319138466243,0,0,607.612339793495,551.048660206505,9.763628807216264,52.41675052151248,601.93,541.83,0,0,611.8,541.83,0,0,-0.7265962301239104,1.3800767107574168,Uptrend
2024-12-23 16:00:00,564.31,569.96,559.76,568.71,1450,146,0,37.51775374194258,1604.2,0.9038773220296721,0,10.441428571428576,1.835984697196915,577.7864999999999,-1.57090897762407,589.067,-3.4558038389521006,528.91655,7.523578152356928,0,0,604.7524264726054,550.8205735273945,9.334218252799426,54.39153782441837,600.37,541.83,0,0,611.8,541.83,0,0,0.5427480376211102,2.8631891187961296,Uptrend
2024-12-23 20:00:00,568.73,570.78,566.77,570.02,1295,146,0,38.67433282707745,1603.5,0.8076083567196757,0,10.419285714285715,1.8278807259895644,576.617,-1.1440869762771442,588.6654,-3.167402058962527,529.47955,7.6566602052902635,0,0,602.7457734922665,550.4882265077334,9.062782919083737,56.29249093256427,595.47,541.83,0,0,611.8,541.83,0,0,0.23034587047878752,0.042121520586894785,Uptrend
2024-12-24 16:00:00,572.49,581.26,571.08,580.74,1439,146,0,47.272912631257,1578.45,0.9116538376255187,0,10.578571428571431,1.8215675566641578,576.129,0.8003415901647009,588.4254,-1.306095895928347,530.0289,9.56761036992511,0,0,601.5201894375249,550.7378105624751,8.814411160529975,56.283755364216844,595.47,541.83,0,0,611.8,541.83,0,0,1.8806357671660612,2.6695424651721984,Uptrend
2024-12-26 16:00:00,578.54,581.15,576.74,579.77,2246,146,0,47.58825944170769,1611.9,1.3933866865190148,0,10.729285714285709,1.850610710158461,575.9125,0.6698066112473612,588.2608,-1.4433734153287172,530.58205,9.270564279360752,0,0,601.0904643631753,550.7345356368247,8.743676986755906,56.353883957396945,595.47,541.83,0,0,611.8,541.83,0,0,-0.16702827427076405,1.9447521583935474,Uptrend
2024-12-26 20:00:00,579.77,581.68,578.79,580.3,1684,146,0,49.629629629629605,1612.65,1.044243946299569,0,10.314285714285713,1.7774057753378794,575.466,0.8400148749013749,588.1188,-1.3294592861170245,531.0936999999999,9.265088250905643,0,0,599.9569181018868,550.9750818981132,8.51168204616321,54.00265409641383,595.47,541.83,0,0,611.8,541.83,0,0,0.09141556134328876,1.8034454931405868,Uptrend
2024-12-27 16:00:00,576.41,580.9,570.49,571.99,3889,146,0,43.186668021542545,1738.1,2.237500719176112,1,10.601428571428569,1.853429006001603,574.4965,-0.4362950862189691,587.905,-2.7070700198161206,531.5916000000001,7.599518126321017,0,0,597.8433251194361,551.1496748805638,8.127751907778787,52.79789161217007,595.47,541.83,0,0,611.8,541.83,0,0,-1.4320179217645945,-1.506698350380549,Uptrend
2024-12-27 20:00:00,571.99,576.59,571.99,575.47,2565,146,0,50.70577856197616,1804.35,1.4215645523318647,0,10.003571428571425,1.738330656432381,573.692,0.3099223973839656,587.808,-2.0989847024878814,532.06195,8.15845786378823,0,0,595.6294369754598,551.7545630245402,7.64780996613508,50.4720319549321,593.85,541.83,0,0,611.8,541.83,0,0,0.6084022447945037,-0.7416734222191481,Uptrend
2024-12-30 16:00:00,569.55,573.94,564.28,573.61,3793,146,0,49.859032747777064,1943.75,1.9513826366559486,0,10.484999999999998,1.8278970031903203,572.8275,0.13660307858823595,587.7066,-2.398577793749461,532.50625,7.718923486813534,0,0,593.2178340103164,552.4371659896835,7.119188240898508,48.530542744377335,593.38,541.83,0,0,611.8,541.83,0,0,-0.32321406850053247,-1.152851973117343,Uptrend
2024-12-30 20:00:00,573.61,575.05,572.21,572.51,2547,146,0,48.487486398258994,2002.55,1.271878355097251,0,10.232857142857133,1.7873674071819068,572.1485,0.06318289744707505,587.5412,-2.558322718474894,532.92435,7.428005494588488,0,0,591.560234134407,552.736765865593,6.785557992167057,46.88905498532281,587.39,541.83,0,0,611.8,541.83,0,0,-0.19176792594272074,0.09091068025664466,Uptrend
2024-12-31 16:00:00,573.4,576.13,569.45,572.52,3912,149,0,67.52007271625507,2138.9,1.8289775118051335,0,8.319999999999993,1.453224341507719,571.551,0.16953867633858347,587.0093999999999,-2.4683420742495663,533.3393,7.34629906327923,0,0,590.08149708197,553.02050291803,6.484284720688091,41.58094204784398,587.39,541.83,0,0,611.8,541.83,0,0,0.0017466943808885915,-0.5126244634820313,Uptrend
2024-12-31 20:00:00,572.46,572.53,571.95,571.95,49,170,0,62.07134240909875,2067.2,0.02370356037151703,0,7.198571428571419,1.2586015261074253,571.0985000000001,0.14909862309216135,586.5418,-2.4877681351951253,533.7763,7.1516288752423165,0,0,589.0916697859773,553.1053302140228,6.30124918415202,36.386188848699625,587.39,541.83,0,0,611.8,541.83,0,0,-0.09955984070424417,-0.2893952336953624,Uptrend
2025-01-02 16:00:00,577.57,583.2,569.29,571.87,4813,146,0,67.8982092365693,2255.9,2.1335165565849548,1,7.689285714285712,1.344586307077782,570.4219999999999,0.2538471517578377,585.9682,-2.4059667401746405,534.2159499999999,7.048469818244869,0,0,587.1220883703824,553.7219116296175,5.8553451200628475,32.40474756567307,583.2,541.83,1,0,611.8,541.83,0,0,-0.013987236646562096,-0.11178844037658493,Uptrend
2025-01-02 20:00:00,571.87,576.63,569.01,574.12,3524,146,0,55.651041666666714,2369.55,1.4872022113903482,0,6.883571428571429,1.1989778144937346,570.4185,0.6489095287056801,585.4322,-1.9322818252907787,534.6435,7.383705216653712,0,0,587.115292348726,553.721707651274,5.854225397221876,29.363444499785917,583.2,541.83,1,0,611.8,541.83,0,0,0.3934460629164027,0.27946621952071937,Uptrend
2025-01-03 16:00:00,578.57,580.09,570.91,574.91,3932,156,0,63.22396576319543,2497.25,1.574531985183702,0,7.1257142857142854,1.2394486590447698,570.4705,0.7782172785446316,584.9148,-1.7104713370220834,535.06395,7.44696965661768,0,0,587.2189503289316,553.7220496710685,5.87180242586831,25.958638711477995,583.2,541.83,1,0,611.8,541.83,0,0,0.13760189507419085,0.517527755922707,Uptrend
2025-01-03 20:00:00,574.91,579.55,574.49,579.21,1942,146,0,64.47078280044101,2511.8,0.7731507285611912,0,6.758571428571421,1.1668602801352568,570.6665,1.497109082099614,584.4664,-0.8993502449413662,535.4734,8.16783802892918,0,0,587.7410008711715,553.5919991288285,5.984055791314715,22.745678838399183,583.2,541.83,1,0,611.8,541.83,0,0,0.7479431563201411,1.2835084896917186,Uptrend
2025-01-06 16:00:00,583.59,592.59,578.97,588.81,3809,151,0,71.07920125645052,2542.4,1.4981906859660163,0,7.444999999999993,1.2644146668704666,572.6375,2.8242125253759838,584.2454,0.78128129036188,535.9334,9.866263233453996,0,0,588.4229601653299,556.8520398346702,5.513247094481176,20.881674293011333,592.59,552.73,1,0,611.8,541.83,0,0,1.657429947687361,2.5586985299240474,Uptrend
2025-01-06 20:00:00,588.81,588.81,582.11,582.45,2219,146,0,52.12633673215623,2531.65,0.8765034661189343,0,7.120714285714273,1.2225451602222117,573.863,1.496350174170488,583.8042,-0.23196133224118487,536.34405,8.596338488326664,0,0,588.6159852108385,559.1100147891616,5.14164015133872,19.6749451388167,592.59,552.73,1,0,611.8,541.83,0,0,-1.080144698629426,1.3115096275938978,Uptrend
2025-01-07 16:00:00,585.32,585.32,567.33,580.3,4707,146,0,50.64025126842229,2671.55,1.7618985233291533,0,8.090714285714276,1.3942295856822808,575.234,0.8806850777248767,583.3128,-0.5164981807359762,536.75495,8.11264991594394,0,0,586.4486152760188,564.0193847239813,3.899148964080279,18.05091003585237,592.59,556.15,0,0,611.8,541.83,0,0,-0.36913039745902765,0.18818735864365568,Uptrend
2025-01-07 20:00:00,580.3,582.74,575.8,578.6,2731,146,0,48.00281954887225,2712.2,1.0069316422092767,0,8.379999999999995,1.4483235395782916,575.675,0.5080991879098569,582.7948,-0.7197730659230293,537.13515,7.7196307111906695,0,0,586.6782559774325,564.6717440225674,3.8227319155539354,16.96074786214031,592.59,559.76,0,0,611.8,541.83,0,0,-0.2929519214199483,-1.7340058762588821,Uptrend
2025-01-08 16:00:00,576.9,580.28,571.84,572.79,3450,146,0,50.99850224663,2799.8,1.232230873633831,0,8.239285714285709,1.4384478978832922,576.0325,-0.5629022667991933,582.0822000000001,-1.5963724711046123,537.48185,6.569179963937379,0,0,586.0866290287105,565.9783709712896,3.4908200591843213,14.801756360604175,592.59,559.76,0,0,611.8,541.83,0,0,-1.0041479433114509,-1.6585114602111908,Uptrend
2025-01-08 20:00:00,572.79,579.73,572.79,577.89,1569,148,0,52.90307101727443,2805.75,0.5592087677091687,0,8.406428571428567,1.4546762483220972,576.4915,0.2425881387670092,581.578,-0.6341367795893222,537.852,7.4440552419624755,0,0,585.9591608015007,567.0238391984992,3.28457949562162,13.19971453300236,592.59,564.28,0,0,611.8,541.83,0,0,0.8903786728120311,-0.41530242977769577,Uptrend
2025-01-10 16:00:00,569.4,571.62,557.29,563.44,2135,146,0,40.63018242122721,2847.75,0.749714687033623,0,9.078571428571422,1.6112756333542917,576.1625,-2.208144403705546,580.8268,-2.9934569134895277,538.1512,4.699199778798233,0,0,586.9432857832769,565.3817142167231,3.7422726342921946,11.914657941823297,592.59,557.29,0,1,610.23,541.83,0,0,-2.5004758691100304,-2.6201175250604853,Uptrend
2025-01-10 20:00:00,563.44,564.19,558.29,558.68,1912,146,0,38.063179699637445,2871.4,0.6658772724106707,0,9.297142857142862,1.6641266659166005,575.0595000000001,-2.848313957077506,579.9338,-3.6648665761506,538.44705,3.7576489647403513,0,0,588.1375852855639,561.9814147144363,4.548428566283598,10.575310392594885,592.59,557.29,0,1,609.95,541.83,0,0,-0.8448104500923037,-2.463380994779939,Uptrend
2025-01-13 16:00:00,560.3,565.05,556.32,559.18,2059,146,0,38.5826771653543,2862.05,0.7194144057581104,0,9.443571428571431,1.6888249630836998,574.03,-2.5869728062993267,579.0966,-3.439253485515201,538.7625,3.7897032551448744,0,0,588.6924820186422,559.3675179813578,5.1086117515259515,11.64049332254599,592.59,556.32,0,1,609.95,541.83,0,0,0.08949667072384315,-3.2376403813874672,Uptrend
2025-01-13 20:00:00,559.18,563.46,558.44,562.17,1706,146,0,41.962524654832286,2863.15,0.5958472311964095,0,9.760714285714291,1.7362566991682753,573.1235,-1.91119366070316,578.3464,-2.797008851442675,539.0983,4.279683315640202,0,0,588.3834003583577,557.8635996416424,5.325170005542485,12.705676252497097,592.59,556.32,0,1,605.6,541.83,0,0,0.5347115419006343,-0.2254011074826238,Uptrend
2025-01-14 16:00:00,567.18,571.67,564.53,567.81,1785,146,0,46.9427710843373,2757.95,0.6472198553273265,0,9.445714285714287,1.6635343311520205,572.9145000000001,-0.8909706422162718,577.744,-1.7194466753441113,539.4594,5.255372322736426,0,0,588.3532175292188,557.4757824707814,5.3895363197191575,12.738230086084062,592.59,556.32,0,0,605.6,541.83,0,0,1.00325524307594,1.6342092074174834,Uptrend
2025-01-14 20:00:00,567.82,572.65,567.1,569.41,1735,146,0,46.41825095057032,2716.45,0.6387012461116531,0,9.29785714285714,1.6328931952120862,572.6115,-0.5591050825909033,577.1383999999999,-1.339089549404435,539.8218499999999,5.481095290974244,0,0,588.0768858324648,557.1461141675352,5.401702841268396,13.620271265731239,592.59,556.32,0,0,605.6,541.83,0,0,0.2817843997111824,1.8294645731249366,Uptrend
2025-01-15 16:00:00,597.19,608.57,594.96,600.58,2630,146,0,63.35171122438368,2658.3,0.9893540984839935,0,11.439285714285713,1.9047064028581893,573.9599999999999,4.6379538643808145,577.2252000000001,4.04604649970236,540.34185,11.148155561150782,0,0,593.8595752401019,554.060424759898,6.934133124295062,15.079762303170678,608.57,556.32,1,0,608.57,541.83,1,0,5.474087213080225,6.832452816763627,Uptrend
2025-01-15 20:00:00,600.7,607.3,600.34,604.92,1580,146,0,63.36695435166889,2609.95,0.6053755819076995,0,11.574999999999998,1.913476162137142,575.5805,5.097375606018607,577.3854,4.768842440421936,540.8364,11.848980578969893,0,0,599.7938755771836,551.3671244228165,8.413549651936982,15.86750403186089,608.57,556.32,1,0,608.57,541.83,1,0,0.7226347863731553,6.535636920800974,Uptrend
2025-01-16 16:00:00,609.02,615.89,605.72,610.13,2079,146,0,61.61473087818698,2518.3,0.8255569233212882,0,11.385714285714284,1.8661128424621447,577.461,5.657351751893199,577.6294,5.626548787163528,541.3445,12.706418925471663,0,0,606.1092904054944,548.8127095945056,9.922155922389368,15.164499794914452,615.89,556.32,1,0,615.89,541.83,1,0,0.8612709118561268,7.151261832423039,Uptrend
2025-01-16 20:00:00,610.13,613.33,608.18,611.33,1498,146,0,66.67051489263446,2590.75,0.5782109427771881,0,11.27500000000001,1.8443393911635302,579.43,5.505410489619124,577.8642,5.7912914487521565,541.8663,12.819343074112567,0,0,611.6713281690584,547.1886718309415,11.128636131735817,15.476158165998523,615.89,556.32,1,0,615.89,541.83,1,0,0.19667939619425479,1.7899363948183422,Uptrend
2025-01-17 16:00:00,613.35,626.02,611.98,623.67,2876,146,0,72.39954550149777,2493.9,1.1532138417739284,0,11.03928571428572,1.770052385762618,582.02,7.15611147383251,578.4694000000001,7.813827317400003,542.4495000000001,14.972914529370918,0,0,619.5867893645112,544.4532106354887,12.909105997907714,18.456598746363053,626.02,556.32,1,0,626.02,541.83,1,0,2.0185497194641133,3.0995834159888913,Uptrend
2025-01-17 20:00:00,623.42,626.2,621.68,623.85,1996,146,0,73.74330989610658,2417.5,0.82564632885212,0,10.86642857142858,1.7418335451516518,584.5065,6.731062870986049,579.1364,7.720737290904188,543.0323,14.882669041970441,0,0,626.2253273918028,542.7876726081971,14.274889121610402,21.380826292460053,626.2,556.32,1,0,626.2,541.83,1,0,0.028861417095593644,2.2487010964876384,Uptrend
2025-01-21 16:00:00,613.84,623.34,608.18,622.5,2923,146,0,77.3643069470439,2367.05,1.2348704083141462,0,11.38285714285716,1.8285714285714314,586.886,6.068299465313542,579.9043999999999,7.34527967023532,543.6166,14.510851949701326,0,0,631.6199750313443,542.1520249686556,15.244519389232103,23.70346898523394,626.2,556.32,1,0,626.2,541.83,1,0,-0.21639817263765515,1.827163724993041,Uptrend
2025-01-21 20:00:00,622.92,634.66,621.92,633.65,2291,146,0,78.77786952931457,2384.5,0.9607884252463829,0,11.797142857142871,1.8617758789778067,589.608,7.469708687806141,580.7927999999999,9.100870396464977,544.2710500000001,16.42177183592622,0,0,638.7803617706628,540.4356382293371,16.679679302405283,26.489994931886454,634.66,556.32,1,0,634.66,541.83,1,0,1.7911646586345364,1.6002052367437938,Uptrend
2025-01-22 16:00:00,633.0,634.49,628.79,631.38,2760,146,0,90.10625737898454,2332.05,1.183508072296906,0,10.732857142857158,1.699904517542076,591.7365,6.699519127179077,581.5928,8.560491120247702,544.91585,15.867431641050636,0,0,644.3298324871599,539.14316751284,17.77592982253417,30.19678108189063,634.66,556.32,1,0,634.66,541.83,1,0,-0.35824193166574814,1.2070209184900171,Uptrend
2025-01-22 20:00:00,631.38,634.89,630.59,631.17,2059,146,0,95.22145976294443,2324.05,0.8859534003141067,0,10.618571428571434,1.6823631396567382,594.1725,6.226727086830835,582.385,8.376761077294224,545.51875,15.700881042127335,0,0,649.4018941093319,538.9431058906681,18.59035687761783,33.77946007728172,634.89,556.32,1,0,634.89,541.83,1,0,-0.03326047705027868,1.3927710843373429,Uptrend
2025-01-23 16:00:00,638.33,643.13,635.32,643.09,2311,146,0,95.81740744785407,2204.25,1.048429170919814,0,10.84928571428573,1.6870555776463216,597.312,7.664001392906893,583.4288,10.225960734197558,546.1881,17.741488692265552,0,0,656.236045167886,538.387954832114,19.729737613805177,37.81199951801831,643.13,556.32,1,0,643.13,541.83,1,0,1.8885561734556466,1.4897814250769439,Uptrend
2025-01-23 20:00:00,643.14,644.74,637.23,637.81,1735,146,0,90.2940549754953,2154.45,0.8053099398918518,0,11.027142857142874,1.728907175670321,600.2724999999999,6.253409909666032,584.4632,9.127486555184298,546.8493,16.63359539822031,0,0,661.1552390195778,539.389760980422,20.28503355378696,41.87507879326264,644.74,556.32,1,0,644.74,541.83,1,0,-0.8210359358721275,1.0184041306344753,Uptrend
2025-01-24 16:00:00,634.65,638.7,631.54,637.62,2190,146,0,89.48082796063788,2091.45,1.0471204188481675,0,10.860000000000023,1.7032088077538379,603.5139999999999,5.65123592824692,585.5262,8.896920411076394,547.49625,16.461071651175686,0,0,665.1346801923521,541.8933198076477,20.420629908287868,44.99532040083277,644.74,556.32,1,0,644.74,541.83,1,0,-0.029789435725358082,1.0219116878178693,Uptrend
2025-01-24 20:00:00,637.45,639.7,634.5,634.5,1488,146,0,86.1892583120204,2087.4,0.712848519689566,0,10.835000000000027,1.707643814026797,606.3444999999999,4.643482376767675,586.5962000000001,8.16640135070768,548.22185,15.737816725108637,0,0,668.2095012357105,544.4794987642894,20.40589177792841,48.273541785428634,644.74,556.32,1,0,644.74,541.83,1,0,-0.4893196574762393,-1.3357383880949838,Uptrend
2025-01-27 16:00:00,629.03,634.7,623.63,627.64,2966,146,0,70.61871380676615,2128.95,1.3931750393386413,0,8.828571428571454,1.406629824194037,609.5545,2.9670029505155036,587.441,6.84307019768793,548.92685,14.339460713207972,0,0,668.6462083772935,550.4627916227064,19.388490570504715,47.91003440076395,644.74,556.32,0,0,644.74,541.83,0,0,-1.0811662726556315,-1.594518743826525,Uptrend
2025-01-27 20:00:00,627.31,632.73,625.7,631.49,1755,146,0,70.39766620604941,2121.1,0.8274008769034935,0,8.833571428571458,1.398845813642569,613.1949999999999,2.983553355784061,588.587,7.28915181612914,549.6220500000001,14.895317609619182,0,0,667.898178200749,558.4918217992508,17.8420170421315,47.54652701609927,644.74,556.32,0,0,644.74,541.83,0,0,0.6134089605506432,-0.9613876603619703,Uptrend
2025-01-28 16:00:00,635.83,637.93,630.41,634.77,2278,146,0,69.49367088607589,2132.05,1.0684552426068805,0,8.587142857142883,1.3527959508393408,616.9745,2.8843169369236406,589.805,7.623706140164977,550.34855,15.339633401414417,0,0,666.1278520728725,567.8211479271275,15.933673781614152,47.17143479807091,644.74,558.44,1,0,644.74,541.83,1,0,0.5194064830796874,0.042553191489358835,Uptrend
2025-01-28 20:00:00,634.8,638.24,633.64,635.46,1690,146,0,69.24549369915452,2131.25,0.7929618768328446,0,8.547857142857165,1.3451447994928343,620.6389999999999,2.3880226669610103,591.0084,7.521314417866138,551.1043,15.306666995703006,0,0,663.0551249874046,578.2228750125952,13.668533555707818,46.822858927650024,644.74,564.53,1,0,644.74,541.83,1,0,0.10870078926226157,1.2459371614301271,Uptrend
2025-01-29 16:00:00,638.3,648.13,638.3,641.51,2090,146,0,65.8156028368794,2146.5,0.9736780805963196,0,8.403571428571452,1.3099673315414337,624.324,2.752737360729371,592.8507999999999,8.207663715727474,551.8778500000001,16.241302309922368,0,0,659.6241186221323,589.0238813778676,11.308268982814162,43.97939528873734,648.13,567.1,1,0,648.13,541.83,1,0,0.9520662197463281,1.5867234635544476,Uptrend
2025-01-29 20:00:00,641.52,641.76,635.26,636.5,2429,146,0,60.32990364200551,2181.2,1.113607188703466,0,8.545000000000016,1.3424980361351164,627.6785,1.4054169451399108,594.422,7.0788093307448205,552.6718,15.16780845340762,0,0,652.0727247479279,603.2842752520721,7.772840633517912,40.77122206197488,648.13,594.96,1,0,648.13,541.83,1,0,-0.7809698991442016,0.27253966003434604,Uptrend
2025-01-30 16:00:00,644.02,647.51,642.76,645.59,2216,146,0,66.73916195447295,2160.5,1.0256884980328627,0,8.212142857142867,1.272036874354136,629.929,2.4861532013925474,596.2761999999999,8.270294873416068,553.50525,16.63665340120983,0,0,651.9902524337843,607.8677475662156,7.004361581633605,40.845463805881344,648.13,600.34,1,0,648.13,552.73,1,0,1.4281225451689084,1.594120794385169,Uptrend
2025-01-30 20:00:00,645.68,648.81,639.95,644.54,1809,146,0,59.249193137421386,2171.95,0.8328921015677158,0,7.935000000000002,1.2311105594687688,631.9100000000001,1.998702346853172,597.7714,7.823826967968022,554.2674,16.286831951509328,0,0,651.4917509028394,612.3282490971608,6.197639190023675,39.17217662272905,648.81,605.72,1,0,648.81,552.73,1,0,-0.16264192444122028,0.47232311265607285,Uptrend
2025-01-31 16:00:00,645.79,647.15,641.14,645.17,1877,146,0,62.04787698759384,2161.85,0.8682378518398595,0,7.9571428571428555,1.2333404927604903,633.662,1.8161101659875334,599.362,7.6427935037589965,555.0553,16.23526520690821,0,0,651.2025258277964,616.1214741722036,5.536240401916601,35.8121215621298,648.81,608.18,1,0,648.81,556.15,1,0,0.09774412759486761,1.3621366849960659,Uptrend
2025-01-31 20:00:00,645.3,646.05,635.47,638.6,2219,146,0,55.8421135398648,2197.9,1.0096000727967605,0,8.405714285714282,1.3162722025860134,635.0255,0.5628907815513011,600.7598,6.298723716200715,555.9377,14.868986219139318,0,0,649.1670081083579,620.883991891642,4.453839446875102,31.61237990150897,648.81,608.18,1,0,648.81,556.32,1,0,-1.0183362524605832,-1.0827305255657629,Uptrend
2025-02-03 16:00:00,626.84,637.56,621.77,633.62,3308,146,0,41.641659311562215,2219.5,1.4904257715701734,0,8.753571428571425,1.3815175386779812,635.523,-0.29943841528945764,602.0318,5.246932138800647,556.7743,13.801948114343631,0,0,648.645849658428,622.400150341572,4.12977961723745,28.184298725109564,648.81,608.18,0,0,648.81,556.32,0,0,-0.7798308800501141,-1.6942315449778076,Uptrend
2025-02-03 20:00:00,633.58,636.64,630.55,631.48,1335,146,0,44.08521771631477,2186.45,0.6105787921059251,0,8.652142857142858,1.3701372738871949,635.9045,-0.6957805771149547,603.0466,4.714959009801233,557.6061,13.248402411666596,0,0,648.0020830121828,623.8069169878172,3.8048427121313915,24.94607815152622,648.81,608.18,0,0,648.81,556.32,0,0,-0.33774186420882923,-2.121921354061711,Uptrend
2025-02-04 16:00:00,632.09,636.86,628.26,634.31,2621,146,0,47.05253784505782,2171.35,1.2070831510350704,0,8.754999999999995,1.3802399457678416,636.495,-0.34328627876103646,604.1374,4.994327449351752,558.4274,13.588624053905649,0,0,646.8676127247022,626.1223872752978,3.259291188368238,22.26232320074163,648.81,621.77,0,0,648.81,556.32,0,0,0.4481535440552298,-0.6717820231757089,Uptrend
2025-02-04 20:00:00,634.26,635.65,631.68,632.94,1528,146,0,48.56617647058828,2133.2,0.7162947684230265,0,8.667142857142851,1.3693466769587719,636.4595,-0.552980983079048,605.1902,4.585302273566236,559.2356500000001,13.179479884731949,0,0,646.8778693541655,626.0411306458346,3.273851471826693,19.722747267984342,648.81,621.77,0,1,648.81,556.32,0,0,-0.21598272138226848,-0.1073198447018639,Uptrend
2025-02-05 16:00:00,634.95,643.4,634.57,641.72,2359,146,0,62.50000000000008,2113.15,1.1163429004093415,0,8.623571428571413,1.3438215153916682,636.9765,0.7446899532400395,606.5848000000001,5.792298125505278,560.0778,14.576939132384823,0,0,647.3597076475647,626.5932923524352,3.2601540708533974,18.734737118589948,648.81,621.77,1,0,648.81,556.32,1,0,1.387177299586062,1.621587382023185,Uptrend
2025-02-05 20:00:00,641.73,645.53,641.14,644.31,1641,146,0,61.641845259716675,2092.25,0.7843230971442228,0,8.434999999999986,1.3091524266269323,637.6335,1.0470748478553775,607.9616000000001,5.978732867338965,560.9051000000001,14.869698991861524,0,0,648.131961591552,627.135038408448,3.2929454276012704,17.987320140912495,648.81,621.77,1,0,648.81,556.32,1,0,0.4036028174281503,1.576516214469266,Uptrend
2025-02-06 16:00:00,649.73,657.18,649.73,656.79,2466,146,0,67.1335200746966,2100.0,1.1742857142857144,0,8.817142857142844,1.3424599730724958,638.3185,2.8937748161771895,609.6252,7.736688050297136,561.7975,16.908672608902663,0,0,651.7062214365618,624.9307785634381,4.194683825257088,18.152388593299175,657.18,621.77,1,0,657.18,556.32,1,0,1.9369558131955067,3.768129680538425,Uptrend
2025-02-06 20:00:00,656.77,657.8,652.59,656.59,1964,146,0,66.5673514191627,2111.45,0.9301664732766582,0,8.860714285714266,1.349504909565218,639.2574999999999,2.711348713155512,611.3068,7.407606131651093,562.6652499999999,16.692829351021793,0,0,654.9338474196279,623.581152580372,4.9045486113586385,18.31835396691056,657.8,621.77,1,0,657.8,556.32,1,0,-0.030451133543440978,2.3172099981300263,Uptrend
2025-02-07 16:00:00,655.99,662.85,652.83,654.44,2788,146,0,60.79839652580603,2141.35,1.3019823942839799,0,8.671428571428553,1.3250150619504542,640.0985,2.2405145458082014,612.9452,6.7697405901865375,563.51515,16.135298225788624,0,0,657.1494061651414,623.0475938348585,5.327588227481065,18.273282383065673,662.85,621.77,1,0,662.85,556.32,1,0,-0.32744939764540737,1.5722245502941303,Uptrend
2025-02-07 20:00:00,654.44,657.06,651.97,654.44,1869,146,0,66.35071090047407,2160.4,0.8651175708202185,0,8.570714285714262,1.3096256777877668,641.0955000000001,2.081515156478235,614.595,6.483131167679533,564.3675,15.95990201420176,0,0,659.074662763712,623.1163372362882,5.608887525715554,18.875559661155556,662.85,621.77,1,0,662.85,556.32,1,0,0.0,-0.3578008191354785,Uptrend
2025-02-10 16:00:00,655.45,655.45,643.01,650.72,2596,146,0,55.18286522529807,2141.9,1.2120080302535132,0,8.672857142857124,1.332809371597173,642.2495,1.3188799679875212,616.172,5.606876002155242,565.19835,15.131263210517162,0,0,659.5419388405011,624.957061159499,5.384959845200678,16.78610514291851,662.85,621.77,1,0,662.85,556.32,1,0,-0.5684249129026431,-0.8940130065946792,Uptrend
2025-02-10 20:00:00,650.74,652.32,648.99,649.13,1351,146,0,54.58724765140922,2121.7,0.6367535466842627,0,8.277857142857133,1.275223320884435,643.1315,0.9327019435372138,617.6722,5.09296031131076,566.02025,14.683176087781305,0,0,659.9049191662332,626.3580808337667,5.216170928102022,15.841237180819357,662.85,621.77,0,0,662.85,556.32,0,0,-0.2443447258421494,-0.8113807224497369,Uptrend
2025-02-11 16:00:00,643.3,648.04,642.87,644.29,2140,146,0,49.18879056047197,2114.8,1.0119160204274635,0,8.295714285714277,1.2875745837610824,643.6075,0.10604289104772778,619.0598,4.075567497679541,566.82235,13.667006955530233,0,0,659.9156960343436,627.2993039656563,5.067745802944686,15.522346501554795,662.85,621.77,0,0,662.85,556.32,0,0,-0.7456133594195391,-1.5509443188069327,Uptrend
2025-02-11 20:00:00,644.29,648.12,643.53,645.25,1427,146,0,56.83734320378368,2101.65,0.6789903171317774,0,7.867857142857141,1.2193501964908393,644.097,0.17901030434857174,620.3806,4.008732703762826,567.5488,13.69066413319876,0,0,659.9570512377169,628.2369487622831,4.9247399810019,15.44732856654434,662.85,621.77,0,0,662.85,556.32,0,0,0.14900122615593148,-0.8406073272682609,Uptrend
2025-02-12 16:00:00,642.14,647.53,640.23,646.35,1955,146,0,64.22346368715094,2094.9,0.9332187693923337,0,7.18714285714285,1.1119583595796163,644.339,0.31210279061176915,621.5314,3.993136951729239,568.26625,13.740698132257547,0,0,660.1805375383451,628.497462461655,4.917143782494944,14.530275533723705,662.85,621.77,0,0,662.85,556.32,0,0,0.17047655947306506,-0.42826552462526346,Uptrend
2025-02-12 20:00:00,646.35,649.62,645.58,647.64,1578,146,0,68.40546697038731,2052.35,0.7688747046069141,0,7.040714285714273,1.087133945666462,644.896,0.4254949635290075,622.8352,3.9825623214616,569.01775,13.817187600914032,0,0,660.3557928766631,629.4362071233368,4.794507293164537,13.649293814975096,662.85,621.77,0,0,662.85,556.32,0,0,0.19958226966814152,0.5199521954399452,Uptrend
2025-02-13 16:00:00,647.46,649.57,640.6,641.36,1974,146,0,57.444561774023335,2040.25,0.9675284891557407,0,7.067142857142845,1.1018995349168712,644.6845000000001,-0.5156785993769133,624.0563999999999,2.7727622054673384,569.7438000000001,12.569895451253691,0,0,660.2198701360157,629.1491298639844,4.819526492731149,12.642387651496957,662.85,621.77,0,0,662.85,556.32,0,0,-0.9696745105305382,-0.6028671057729541,Uptrend
2025-02-13 20:00:00,641.36,649.15,639.69,647.41,1589,146,0,63.90543916970974,2029.25,0.7830479241098928,0,7.459285714285694,1.1521733853795422,644.8280000000001,0.40041685534745386,625.4326,3.513951783133784,570.49835,13.481485091061177,0,0,660.4106983677701,629.24530163223,4.8331332906666695,11.360016992979528,662.85,621.77,0,0,662.85,556.32,0,0,0.9433079705625458,0.16399783399086337,Uptrend
2025-02-14 16:00:00,651.09,662.28,648.82,660.09,2675,146,0,66.42231360629361,2069.15,1.292801391875891,0,7.774285714285701,1.1777614740847007,645.5740000000001,2.2485416079333986,627.1786,5.247532361595257,571.31555,15.538602091261126,0,0,662.5884129613958,628.5595870386044,5.271096097858863,12.148742726857089,662.85,621.77,1,0,662.85,556.32,1,0,1.9585733924406545,1.9223642764498865,Uptrend
2025-02-14 20:00:00,660.1,662.01,658.56,659.63,1724,146,0,64.2379182156134,2044.4,0.8432792017217765,0,7.7071428571428475,1.1684039320744732,646.6255,2.0111331829629373,628.8134,4.900754341431019,572.13315,15.293092176183112,0,0,664.4072179621113,628.8437820378887,5.499850520003098,12.475749053863419,662.85,621.77,1,0,662.85,556.32,1,0,-0.06968746686057958,2.848634152426092,Uptrend
2025-02-18 16:00:00,665.03,667.96,661.18,667.24,1967,146,0,60.67852033517273,1977.35,0.994765721799378,0,7.3828571428571355,1.1064770012075318,648.3064999999999,2.920455062536022,630.8894,5.761802306394747,572.9828,16.450266919006996,0,0,667.2312788278774,629.3817211721224,5.838219677846052,11.487420718586767,667.96,628.26,1,0,667.96,556.32,1,0,1.1536770613828962,3.0629740041086855,Uptrend
2025-02-18 20:00:00,667.25,671.23,663.64,670.36,1497,146,0,63.278688524590116,1985.45,0.7539852426402075,0,7.552857142857143,1.1266867269612064,650.2505,3.092577399017767,633.123,5.881479586115172,573.8783,16.812223079353245,0,0,669.8724130726711,630.6285869273289,6.035185846891645,10.805822033587868,671.23,628.26,1,0,671.23,556.32,1,0,0.46759786583538965,1.5558484449090246,Uptrend
2025-02-19 16:00:00,666.82,667.83,662.44,665.29,2231,146,0,59.90505751323705,1965.95,1.1348203158778198,0,7.402857142857142,1.1127263513440968,651.7995000000001,2.069731566225485,635.2452000000001,4.729638256219786,574.7529999999999,15.75233187125601,0,0,671.0099220343212,632.5890779656789,5.8945801690001725,10.257969165317578,671.23,631.68,1,0,671.23,556.32,1,0,-0.7563100423653046,0.8580567894122414,Uptrend
2025-02-19 20:00:00,665.27,670.29,662.88,667.3,1615,146,0,61.32441000352224,1970.3,0.819672131147541,0,7.568571428571431,1.1342082164800587,653.5175,2.1089718331949663,637.3478,4.69950629781729,575.6185499999999,15.92746620135853,0,0,671.7470063015952,635.2879936984049,5.578888492380131,9.371872835320229,671.23,634.57,1,0,671.23,556.32,1,0,0.30212388582422367,0.008992266650672237,Uptrend
2025-02-20 16:00:00,668.74,669.15,632.3,634.44,3002,146,0,40.526070763500954,2002.45,1.499163524682264,0,9.312142857142858,1.4677736046186962,653.1535000000001,-2.8650998578435334,638.6804,-0.6639314436453521,576.3096499999999,10.086652201641973,0,0,672.6234004133345,633.6835995866658,5.961814615809103,10.679739018306039,671.23,632.3,0,1,671.23,558.44,0,0,-4.92432189420049,-5.358314935258661,Uptrend
2025-02-20 20:00:00,634.37,642.94,630.73,641.54,1998,146,0,45.84928360494365,2020.3,0.988962035341286,0,9.946428571428571,1.5503988171319905,653.015,-1.7572337542016683,640.123,0.2213637066626127,577.01765,11.182040965298022,0,0,672.7868465447557,633.2431534552443,6.055556624198741,12.234670768623129,671.23,630.73,0,1,671.23,564.53,0,0,1.1190971565474994,-3.5698717852365136,Uptrend
2025-02-21 16:00:00,641.48,644.42,632.52,632.59,2456,146,0,43.87691019468288,2019.8,1.2159619764333103,0,10.349285714285713,1.6360179127532386,651.8050000000001,-2.9479675669870633,640.7632,-1.2755414168603865,577.6926,9.502874019850708,0,0,673.4749942923728,630.1350057076273,6.649226161926568,12.532832547664034,671.23,630.73,0,1,671.23,567.1,0,0,-1.3950805873367056,-5.201558519406553,Uptrend
2025-02-21 20:00:00,632.69,632.69,622.54,624.39,2383,146,0,39.852111305701484,2040.75,1.1677079505083916,0,10.746428571428575,1.721108373200816,650.1949999999999,-3.9688093571928347,641.1526,-2.614447792927927,578.34475,7.9615575312130025,0,0,674.9352935777987,625.4547064222012,7.610114989441246,14.131772551275377,671.23,622.54,0,1,671.23,594.96,0,0,-1.2962582399342448,-1.584074144127115,Uptrend
2025-02-24 16:00:00,635.13,636.33,612.74,627.82,3008,146,0,41.18542479307393,2051.75,1.4660655537955405,0,11.910000000000009,1.8970405530247536,648.864,-3.243206588745867,641.5064,-2.1334783253915997,579.01405,8.429147790109766,0,0,675.4389366687344,622.2890633312657,8.191219321378403,15.380420755255065,671.23,612.74,0,0,671.23,600.34,0,0,0.5493361520844342,-2.138603984163094,Uptrend
2025-02-24 20:00:00,627.53,634.65,625.11,625.18,2009,146,0,39.451437159496514,2058.75,0.9758348512446873,0,12.302857142857151,1.9678903904247023,647.401,-3.4323394619408996,641.7834,-2.5870722115904026,579.6919,7.846944212951727,0,0,675.8397140874413,618.9622859125586,8.785502057439308,16.59020239808185,671.23,612.74,0,0,671.23,605.72,0,0,-0.42050269185437417,-1.171374824135709,Uptrend
2025-02-25 16:00:00,627.8,628.12,604.79,614.39,3017,146,0,37.84806704514733,2079.8,1.4506202519473026,0,13.328571428571438,2.1693991485166486,645.5845,-4.8319778433342275,641.5978,-4.240631747802131,580.31655,5.8715282202446195,0,0,677.5526719840196,613.6163280159805,9.903636776911338,18.946799322449888,671.23,604.79,0,1,671.23,604.79,0,1,-1.7259029399532833,-1.6015631256105958,Uptrend
2025-02-25 20:00:00,614.47,617.88,611.78,614.16,2000,146,0,34.189253447456025,2112.25,0.946857616285951,0,13.088571428571445,2.131133813431589,643.836,-4.609248317894625,641.404,-4.247556922002362,580.9352,5.719192088893901,0,0,678.6833745292065,608.9886254707935,10.82492266018256,21.398035102241042,671.23,604.79,0,1,671.23,604.79,0,1,-0.03743550513517491,-2.175782867700946,Uptrend
2025-02-26 16:00:00,619.09,622.34,616.1,617.75,2149,146,0,27.96169061003539,2112.7,1.0171818052728736,0,12.610714285714307,2.04139446146731,642.509,-3.8534868772266244,641.309,-3.6735801306390474,581.5675500000001,6.221538667348256,0,0,679.2532580691524,605.7647419308477,11.437741127097784,24.18657747954282,671.23,604.79,0,0,671.23,604.79,0,0,0.5845382310798453,-1.1884577241754295,Uptrend
2025-02-26 20:00:00,617.73,619.49,614.38,617.08,1526,146,0,27.900695959281208,2117.65,0.7206101102637357,0,12.729285714285734,2.062825843372939,641.1005,-3.7467604533142573,640.9776,-3.7283050140909775,582.2298,5.985643469296846,0,0,679.5236588470977,602.6773411529023,11.986625762137992,27.253444726851836,671.23,604.79,0,0,671.23,604.79,0,0,-0.10845811412383277,0.4378326470157481,Uptrend
2025-02-27 16:00:00,616.47,624.14,612.92,618.44,2546,146,0,22.89491224172407,2147.2,1.1857302533532044,0,12.935714285714303,2.091668437635713,639.705,-3.3241884931335517,640.7188,-3.4771572177997485,582.8961999999999,6.097792368521214,0,0,679.3338132815643,600.0761867184358,12.389715034762663,31.198563932636382,671.23,604.79,0,0,671.23,604.79,0,0,0.22039281778700737,0.6968868047414496,Uptrend
2025-02-27 20:00:00,618.56,619.71,606.31,606.76,1921,146,0,17.741935483870975,2164.35,0.8875643957770232,0,13.350714285714307,2.2003286778486233,637.661,-4.8459918357873475,640.2306,-5.227897573155671,583.4833,3.9892658453121124,0,0,679.709727573211,595.6122724267889,13.188426945731688,35.37567934722132,671.23,604.79,0,1,671.23,604.79,0,1,-1.8886229868702031,-1.7790368271954689,Uptrend
2025-02-28 16:00:00,605.13,615.7,603.29,608.29,2698,146,0,20.01262626262624,2200.55,1.2260571220831156,0,13.671428571428603,2.247518218518898,636.0074999999999,-4.358046092223752,639.5346,-4.885521440122238,584.0527500000001,4.149839205448464,0,0,679.9997131267485,592.0152868732514,13.833866149927019,39.92100895449788,671.23,603.29,0,1,671.23,603.29,0,1,0.2521590085041714,-1.4244506384909699,Uptrend
2025-02-28 20:00:00,607.99,622.88,605.28,621.09,2479,146,0,28.167816309175137,2245.05,1.1042070332509297,0,14.39928571428575,2.318389559369133,634.6915,-2.14300963538979,639.2002,-2.833259438905051,584.6863,6.2261934305626925,0,0,678.8219836878784,590.5610163121216,13.906120906890477,43.985520806436796,671.23,603.29,0,0,671.23,603.29,0,0,2.104259481497328,0.42849750986352386,Uptrend
2025-03-03 16:00:00,623.52,627.73,619.3,620.04,2759,146,0,40.27289921642796,2249.25,1.2266310992553073,0,12.369285714285752,1.9949173786023084,632.689,-1.9992444945304884,638.8486,-2.944140442665143,585.3181000000001,5.932141855855797,0,0,675.5842348721466,589.7937651278534,13.559658812511868,44.54278534607461,671.23,603.29,0,0,671.23,603.29,0,0,-0.16905762449888062,2.188674269892539,Uptrend
2025-03-03 20:00:00,620.0,620.0,597.43,604.13,2790,146,0,27.417602318000817,2302.55,1.2117000716596815,0,13.112142857142894,2.170417436171502,629.914,-4.093257174788938,638.2412,-5.344562525891473,585.8627499999999,3.1180084413969156,0,0,672.6513670592568,587.1766329407432,13.569270427155717,45.92553551413867,671.23,597.43,0,1,671.23,597.43,0,1,-2.5659634862266856,-0.6838843314866213,Uptrend
2025-03-04 16:00:00,582.06,584.2,566.56,577.44,3690,146,0,22.581286666003862,2388.7,1.5447733076568846,0,14.945714285714327,2.588271385029497,625.4240000000001,-7.672235155670398,637.2372,-9.383821283503218,586.27255,-1.5065603873147344,0,0,670.4570416238396,580.3909583761606,14.400803814321,48.93779414604974,671.23,566.56,0,1,671.23,566.56,0,1,-4.417923294655113,-7.02796696130995,Downtrend
2025-03-04 20:00:00,577.38,593.44,577.22,580.0,3016,146,0,26.619614452754703,2464.65,1.2237031627208732,0,15.379285714285752,2.6516009852216813,620.9060000000001,-6.588114787101438,636.2074,-8.834760488482216,586.6558,-1.1345323782701884,0,0,665.0796517799768,576.7323482200234,14.228772722433568,50.20187452070862,670.29,566.56,0,0,671.23,566.56,0,0,0.44333610418396674,-6.457647893684274,Downtrend
2025-03-05 16:00:00,575.94,586.87,575.65,586.67,2841,146,0,29.041458694102033,2495.15,1.1386089012684608,0,14.495714285714323,2.4708463507106764,616.975,-4.9118683901292695,635.2453999999999,-7.646714167469761,587.0699,-0.06811795324543166,0,0,658.4271631712824,575.5228368287177,13.43722619920818,51.542768426752104,670.29,566.56,0,0,671.23,566.56,0,0,1.1499999999999844,-2.8901064340456584,Downtrend
2025-03-05 20:00:00,586.67,596.22,582.73,592.05,2495,146,0,33.58438212268358,2539.15,0.982612291514877,0,14.777857142857183,2.4960488375740537,613.2125,-3.4510875104470347,634.3772,-6.672244841081939,587.51815,0.771354893461583,0,0,648.6566312044991,577.7683687955008,11.56014634551617,51.88655012354468,669.15,566.56,0,0,671.23,566.56,0,0,0.9170402440895176,2.5301330008312375,Uptrend
2025-03-06 16:00:00,574.85,585.55,570.5,572.56,2793,146,0,30.91871179636894,2528.7,1.1045201091469925,0,14.650714285714319,2.5588085590530807,610.1184999999999,-6.155935281424836,632.9982,-9.547926044655428,587.8661,-2.603671142118931,0,0,648.4465105213659,571.790489478634,12.564120091872635,51.22007807188788,644.42,566.56,0,1,671.23,566.56,0,1,-3.291951693269146,-1.2827586206896646,Downtrend
2025-03-06 20:00:00,572.42,574.49,563.52,566.7,2654,146,0,29.408191600138863,2561.5,1.036111653328128,0,14.998571428571463,2.6466510373339442,606.3765000000001,-6.5432120143178425,631.6022,-10.27580334584015,588.1314500000001,-3.6439897917378907,0,0,646.3652538269348,566.3877461730654,13.189414110518701,50.85360710379365,644.42,563.52,0,1,671.23,563.52,0,1,-1.0234735224255775,-3.4039579320571898,Downtrend
2025-03-07 16:00:00,559.56,566.43,543.6,549.27,3269,146,0,23.4738146885652,2602.15,1.256268854601003,0,16.064285714285745,2.924661043618939,602.2104999999999,-8.791029050473204,629.6758,-12.769396568837488,588.3000499999999,-6.634378154480858,0,0,647.6848900048739,556.736109995126,15.10248991170827,50.50006406917033,636.33,543.6,0,1,671.23,543.6,0,1,-3.075701429327693,-7.225741069166451,Downtrend
2025-03-07 20:00:00,548.78,562.05,548.78,557.26,2927,146,0,28.071847507331356,2629.35,1.113202882841767,0,16.647142857142885,2.9873206146400038,598.854,-6.945599428241282,627.9302,-11.254467455140718,588.4833,-5.305724053681726,0,0,647.2512945742305,550.4567054257695,16.163303434303018,50.04551869169391,636.33,543.6,0,0,671.23,543.6,0,0,1.4546580006190135,-2.6722090261282583,Downtrend
2025-03-10 12:00:00,539.05,544.78,538.79,538.79,645,153,0,24.05706468633963,2511.2,0.2568493150684932,0,17.165000000000028,3.1858423504519435,594.4024999999999,-9.356034000529938,625.8026,-13.904160832824925,588.5671,-8.457336470217248,0,0,647.7104513670045,541.0945486329954,17.93665113017006,49.953149815003194,634.65,538.79,0,1,671.23,538.79,0,1,-3.3144313246958435,-4.92500441150522,Downtrend
2025-03-10 16:00:00,538.79,541.01,524.28,524.65,3350,146,0,23.677630313521803,2578.25,1.2993309415301075,0,17.402857142857165,3.3170412928346833,589.376,-10.982123466174395,623.5236,-15.857234593846972,588.57465,-10.860924778190844,0,0,649.0436703081286,529.7083296918713,20.247743480606154,49.45331224657608,628.12,524.28,0,1,671.23,524.28,0,1,-2.6243991165389113,-4.482312888015002,Downtrend
2025-03-10 20:00:00,524.65,533.39,522.39,529.83,1891,146,0,25.422879338428785,2521.95,0.7498166101627709,0,17.302142857142876,3.2656027135388475,585.1479999999999,-9.453676676669813,621.4478,-14.742638078371181,588.61605,-9.98716395857706,0,0,649.1769456253517,521.1190543746482,21.884701178283702,48.88912251787985,627.73,522.39,0,1,671.23,522.39,0,1,0.9873248832555248,-4.922298388543938,Downtrend
2025-03-11 12:00:00,534.31,538.65,532.35,535.44,550,150,0,21.90513678409762,2449.45,0.22454020290269247,0,16.67500000000001,3.1142611683848815,581.212,-7.875267544372782,619.527,-13.572774067958296,588.6474,-9.038925509566491,0,0,647.3744000710176,515.0495999289824,22.767045439879976,49.00144467880578,627.73,522.39,0,0,671.23,522.39,0,0,1.0588301908159181,-0.6217635813582117,Downtrend
2025-03-11 16:00:00,535.13,538.24,523.39,528.29,3021,146,0,21.062259509241144,2493.05,1.2117687170333526,0,17.133571428571436,3.243213278421215,576.7389999999999,-8.400506988429768,617.4065999999999,-14.434021275444733,588.6459,-10.253345856991448,0,0,644.5755034165894,508.90249658341037,23.52416029316191,51.41560919276592,627.73,522.39,0,1,671.23,522.39,0,1,-1.3353503660541,0.6937958639092703,Downtrend
2025-03-11 20:00:00,528.3,538.61,528.3,530.13,2135,146,0,24.3873736674512,2523.5,0.8460471567267683,0,16.255714285714298,3.066363776001037,572.3915,-7.383320681736182,615.3504,-13.849085009126513,588.63415,-9.938966334182272,0,0,640.4866279731795,504.29637202682045,23.7932002740011,52.490022777055415,627.73,522.39,0,1,671.23,522.39,0,1,0.3482935508906104,0.05662193533774126,Downtrend
2025-03-12 12:00:00,540.29,541.44,533.94,537.11,611,149,0,33.83567134268537,2426.75,0.251777068095189,0,14.380000000000011,2.6772914300608837,568.325,-5.492455901112924,613.2582,-12.416988472392212,588.683,-8.760742199112252,0,0,634.5289704644867,502.12102953551334,23.297926526014763,51.456027517814896,627.73,522.39,0,0,671.23,522.39,0,0,1.316658178182717,0.31189302256087686,Downtrend
2025-03-12 16:00:00,537.41,542.44,527.66,537.68,2944,146,0,32.76311502117953,2477.9,1.1881028290084346,0,14.277142857142874,2.6553234000042543,564.871,-4.813665420954524,611.1256,-12.018085971198067,588.7313,-8.67140918106445,0,0,629.8282354545219,499.9137645454781,22.99896275592901,52.54657044493232,627.73,522.39,0,0,671.23,522.39,0,0,0.10612351287444532,1.7774328493819658,Downtrend
2025-03-12 20:00:00,537.68,541.45,533.29,534.53,1719,146,0,28.136531365313687,2428.95,0.7077132094114742,0,14.05857142857145,2.630080898840374,561.183,-4.749431112489156,608.6804,-12.182156678611632,588.76685,-9.21194017631937,0,0,624.1043233373692,498.26167666263075,22.424529373615822,53.5314081035221,627.73,522.39,0,0,671.23,522.39,0,0,-0.5858503198928666,0.8299850979948271,Downtrend
2025-03-13 12:00:00,535.17,535.68,527.4,529.63,442,155,0,23.72010778039747,2327.1,0.1899359718104078,0,13.68642857142859,2.5841490420536206,556.6099999999999,-4.847200014372705,606.1412,-12.622669437418216,588.8190999999999,-10.052170522321703,0,0,614.2736125344722,498.94638746552755,20.719574759516487,56.588373344233354,627.73,522.39,0,1,671.23,522.39,0,1,-0.9166931697004777,-1.3926383794753436,Downtrend
2025-03-13 16:00:00,528.94,537.15,519.29,520.37,3088,146,0,25.95595687828255,2343.55,1.3176591069104562,0,13.422857142857165,2.579483279754245,551.6265000000001,-5.66624337300693,603.4598,-13.76890391041789,588.83515,-11.627218585711127,0,0,603.10455920972,500.1484407902801,18.664099425868756,59.68398509345492,620.0,519.29,0,1,671.23,519.29,0,1,-1.7483903857409833,-3.2193869959827306,Downtrend
2025-03-13 20:00:00,520.37,526.5,520.14,523.26,1776,146,0,29.424024251610476,2292.85,0.7745818522799137,0,13.09357142857145,2.502306965671263,547.583,-4.441883696170257,600.8362000000001,-12.911372517168584,588.8631,-11.140636932421142,0,0,594.1685143964127,500.9974856035873,17.014960068670028,62.380839044056366,596.22,519.29,0,1,671.23,519.29,0,1,0.5553740607644464,-2.1083942903111113,Downtrend
2025-03-14 12:00:00,527.15,534.55,526.12,532.85,470,150,0,41.59844453540732,2131.85,0.2204657926214321,0,12.250000000000016,2.2989584310781677,545.3534999999999,-2.2927330621330784,598.4788,-10.96593563548115,588.93985,-9.523867335518213,0,0,590.1564737147394,500.5505262852605,16.430800834592404,62.30702808231386,596.22,519.29,0,0,671.23,519.29,0,0,1.832740893628415,0.6079716028170661,Downtrend
2025-03-14 16:00:00,532.52,542.18,528.32,537.47,2944,146,0,39.51245363010073,2128.25,1.383296135322448,0,12.292142857142867,2.2870379476329594,543.227,-1.0597779565448602,596.2456000000001,-9.857615720770106,589.049,-8.756317386159719,0,0,585.0437310257943,501.4102689742057,15.395674745840799,61.28879678468467,596.22,519.29,0,0,671.23,519.29,0,0,0.8670357511494808,3.2861233353191044,Downtrend
2025-03-14 20:00:00,537.67,541.7,537.67,540.09,1660,146,0,50.82802547770705,2069.2,0.8022424125265804,0,11.27500000000001,2.0876150271251106,540.8979999999999,-0.1493812142030252,594.1616,-9.100487140198894,589.1682,-8.330082988185703,0,0,577.374659934805,504.42134006519484,13.48744492854663,59.07176784026268,596.22,519.29,0,0,671.23,519.29,0,0,0.4874690680410021,3.216374269005856,Downtrend
2025-03-17 12:00:00,543.71,549.55,543.17,544.63,651,148,0,64.49927431059506,1977.0,0.3292867981790592,0,10.755714285714289,1.9748662919255804,538.5269999999999,1.1332765116698078,592.1492,-8.024869407912728,589.2909500000001,-7.578760542648766,0,0,566.0762470811136,510.97775291888627,10.231333649422838,55.1773465381026,585.55,519.29,0,0,671.23,519.29,0,0,0.8406006406339595,2.2107534953551604,Downtrend
2025-03-17 16:00:00,544.43,553.34,542.5,551.34,4119,146,0,65.27048132897912,2043.3,2.0158567023931875,1,10.74428571428572,1.9487586088957305,537.466,2.58137258914983,590.2489999999999,-6.59196373056115,589.4285500000001,-6.4619452179572985,0,0,560.8100098481148,514.1219901518853,8.686692683114746,51.8159514310027,574.49,519.29,0,0,671.23,519.29,0,0,1.2320290839652692,2.580609150278156,Downtrend
2025-03-17 20:00:00,551.31,556.22,550.39,550.58,2570,146,0,61.54315340042694,2039.1,1.2603599627286548,0,10.530714285714298,1.9126583395172905,536.66,2.5938210412551848,588.3078,-6.4129355415651474,589.60915,-6.619495304643756,0,1,556.6222580728689,516.697741927131,7.439443250053651,48.08065830357974,566.43,519.29,0,0,671.23,519.29,0,0,-0.13784597526027564,1.942268881112409,Downtrend
2025-03-18 12:00:00,550.14,552.16,546.51,547.82,625,146,0,65.95848994933822,1906.9,0.32775709266348524,0,9.873571428571438,1.8023386200889775,536.5875000000001,2.0933212197451407,586.437,-6.58502106790669,589.7918,-7.116375643065894,0,0,556.3666180421606,516.8083819578396,7.372187403605361,44.46907322473765,562.05,519.29,0,0,671.23,519.29,0,0,-0.5012895492026548,0.5857187448359537,Downtrend
2025-03-18 16:00:00,547.82,551.18,545.59,548.8,4136,146,0,65.47323056522461,1967.35,2.1023203802068773,1,9.535714285714286,1.7375572678050815,536.1645000000001,2.356646141249535,584.4648,-6.102129674875205,589.95955,-6.976673231241036,0,0,554.3823541401858,517.9466458598143,6.795621172302808,41.10164402904578,556.22,519.29,1,0,671.23,519.29,0,0,0.17889087656528524,-0.4606957594225119,Downtrend
2025-03-18 20:00:00,548.81,551.49,546.11,551.09,1923,146,0,62.56290438533434,2031.25,0.9467076923076924,0,9.112142857142853,1.6534763572452507,536.7795,2.665992274295134,582.2847999999999,-5.357309687630499,590.1044999999999,-6.611456106503151,0,0,556.1636568242953,517.3953431757046,7.2223908790463724,38.586208363294425,556.22,519.29,1,0,671.23,519.29,0,0,0.41727405247815597,0.09262959061353317,Downtrend
2025-03-19 12:00:00,546.64,551.87,543.79,549.6,475,149,0,60.53748231966061,1887.5,0.25165562913907286,0,8.63357142857142,1.5708827199001856,538.027,2.1510072914556293,580.0842,-5.2551336512871725,590.2383,-6.885066590900651,0,0,557.3356106780161,518.718389321984,7.177561972918111,35.49448109543546,556.22,519.29,1,0,671.23,519.29,0,0,-0.2703732602660214,0.3249242451900209,Downtrend
2025-03-19 16:00:00,549.86,556.21,548.68,551.05,3193,146,0,65.0565074735691,1952.6,1.6352555566936393,0,8.588571428571422,1.5585829649889162,539.088,2.2189327159944185,577.7604,-4.623092894563222,590.3785,-6.6615738886155365,0,0,558.8273537994652,519.3486462005347,7.323239916104689,32.871195496338665,556.22,519.29,1,0,671.23,519.29,0,0,0.263828238719066,0.40998542274052485,Downtrend
2025-03-19 20:00:00,550.94,562.28,549.5,556.49,3359,146,0,74.24187725631771,2093.05,1.604835049329925,0,8.909999999999993,1.601106938130064,540.1405,3.0268976312644646,575.483,-3.30035813395008,590.543,-5.766387883693482,0,0,561.2575497091915,519.0234502908085,7.819095109213814,30.405789131222697,562.28,519.29,1,0,671.23,519.29,0,0,0.987206242627714,0.9798762452593908,Downtrend
2025-03-20 12:00:00,553.36,560.1,553.36,560.06,508,146,0,89.92154496077248,1967.4,0.2582088034970011,0,8.115714285714278,1.4490794353666177,541.729,3.3837952186425135,573.3784,-2.3227941617612573,590.7262499999999,-5.191279378561558,0,0,563.8485411582622,519.6094588417379,8.166275447045333,29.80950774951496,562.28,519.29,1,0,671.23,519.29,0,0,0.6415209617423479,1.9032023289665068,Downtrend
2025-03-20 16:00:00,559.8,567.59,559.61,561.62,3685,146,0,89.64448119057464,2044.9,1.8020441097364173,0,8.231428571428564,1.4656580199117843,543.3035,3.3713200816854703,571.2647999999999,-1.6883238736221662,590.8932,-4.9540593799353205,0,0,566.4077764553607,520.1992235446393,8.505108638306478,29.648171244515197,567.59,519.29,1,0,670.29,519.29,0,0,0.2785415848302053,1.9181562471645135,Downtrend
2025-03-20 20:00:00,561.93,563.84,559.46,561.73,1893,146,0,87.120822622108,2109.0,0.8975817923186344,0,7.737857142857138,1.3775046984952088,544.5345,3.1578348112011336,569.8106,-1.4181203368277115,591.07565,-4.9647875022427295,0,0,568.8415502875941,520.2274497124058,8.927643808645428,30.952221154066397,567.59,519.29,1,0,670.29,519.29,0,0,0.01958619707276288,0.9416162015489962,Downtrend
2025-03-21 12:00:00,553.23,556.14,550.98,553.91,416,153,0,69.52494061757712,1982.6,0.2098254816907092,0,7.515714285714288,1.3568475538831737,545.346,1.5703791721219125,568.058,-2.4905907495361435,591.22645,-6.311701717675187,0,0,569.7729069933666,520.9190930066334,8.958315268972957,30.83863433008327,567.59,519.29,0,0,669.15,519.29,0,0,-1.3921278906236179,-1.0980966325036563,Downtrend
2025-03-21 16:00:00,553.89,565.58,550.15,565.24,4495,146,0,74.74906514465651,2121.4,2.118883756010182,1,8.315714285714291,1.4711829109253223,546.8815,3.3569429574780005,566.711,-0.25956792792093386,591.4432499999999,-4.430391250555301,0,0,572.2869724937563,521.4760275062437,9.2910337957149,31.97924804163124,567.59,519.29,1,0,644.42,519.29,0,0,2.045458648516907,0.6445639400306266,Downtrend
2025-03-21 20:00:00,565.24,566.24,562.85,564.16,2644,146,0,70.62302006335788,2231.5,1.184853237732467,0,7.882142857142867,1.3971467061016143,548.608,2.834811012599164,565.5064,-0.23808749114068684,591.66835,-4.649285364005031,0,0,573.7691518437589,523.446848156241,9.17272509469747,34.075399472517184,567.59,519.29,1,0,644.42,519.29,0,0,-0.19106928030572234,0.4325921706157673,Downtrend
2025-03-24 12:00:00,574.1,577.82,572.03,577.49,540,156,0,74.22642208634417,2104.1,0.2566417945915118,0,8.083571428571442,1.3997768668845247,551.464,4.719437714882558,564.4998,2.3011877063552473,591.9712999999999,-2.4462841357342695,0,0,576.0908893691314,526.8371106308687,8.93145857903014,36.37879901761972,577.82,520.14,1,0,636.33,519.29,0,0,2.3628048780487854,4.25700926143237,Downtrend
2025-03-24 16:00:00,577.49,581.29,574.61,576.36,2859,146,0,73.72101582627889,2158.25,1.324684350747133,0,8.14428571428572,1.4130553324806927,554.1189999999999,4.01375877744674,563.5233999999999,2.2779178291442896,592.2472,-2.6825285117430706,0,0,577.3531046059784,530.8848953940214,8.38596207889586,38.94780048092404,581.29,526.12,1,0,636.33,519.29,0,0,-0.19567438397201098,1.9673059231476904,Downtrend
2025-03-24 20:00:00,576.38,581.91,575.4,579.39,1612,146,0,78.90496246108759,2215.35,0.7276502584241767,0,8.205714285714294,1.4162678482048867,556.446,4.123311156877748,562.8234,2.9434810279743155,592.54555,-2.2201753097293637,0,0,580.030636747802,532.8613632521981,8.476882481966602,41.61191798177803,581.91,528.32,1,0,634.65,519.29,0,0,0.5257130959816836,2.6995887691435088,Downtrend
2025-03-25 12:00:00,584.45,585.3,578.7,579.33,328,160,0,78.43173775377164,2084.55,0.15734810870451654,0,8.27785714285715,1.4288673368990297,558.539,3.722390021108652,562.1268,3.060377124876458,592.84905,-2.280352814936617,0,0,582.4603297465162,534.6176702534838,8.565679297780896,44.79084288379227,585.3,537.67,1,0,628.12,519.29,0,0,-0.010355718945775916,0.3186202358482453,Downtrend
2025-03-25 16:00:00,579.46,584.79,576.98,582.56,2287,146,0,78.80285557386044,2115.9,1.0808639349685711,0,8.451428571428576,1.4507395927335514,560.6625,3.905647336855938,561.423,3.7648974124679513,593.1981,-1.7933469443007337,0,0,585.2198458834943,536.1051541165058,8.760117141237101,47.8896679949961,585.3,542.5,1,0,627.73,519.29,0,0,0.557540607253193,1.0757165660351051,Downtrend
2025-03-25 20:00:00,582.56,585.89,582.08,584.97,1498,146,0,81.8361836183618,2158.25,0.6940808525425692,0,8.146428571428569,1.3926233091318474,562.6795,3.961491399633373,560.7808,4.31348576841433,593.5697,-1.4488104766803265,0,0,588.2960986278941,537.0629013721058,9.105218380230372,50.946738589101486,585.89,542.5,1,0,627.73,519.29,0,0,0.4136912936006709,0.9630818619582735,Downtrend
2025-03-26 12:00:00,587.92,591.57,585.99,586.88,404,159,0,81.98535975718619,1972.5,0.20481622306717365,0,8.079999999999993,1.3767720828789518,564.4565,3.9725824753546095,560.1496,4.772010905658066,593.8815500000001,-1.178947215989462,0,0,591.6436620438669,537.2693379561331,9.63304064843506,53.63669707617349,591.57,543.79,1,0,627.73,519.29,0,0,0.32651247072499334,1.3032295928054742,Downtrend
2025-03-26 16:00:00,586.71,588.28,571.09,571.44,2740,146,0,61.324041811846726,1981.0,1.3831398283695104,0,8.39499999999999,1.4690956180876364,565.4995000000001,1.0504872241266223,559.4432,2.1444178783476153,594.1081499999999,-3.815492179327932,0,0,592.0379665998842,538.9610334001161,9.385849713353956,52.148261588527035,591.57,543.79,0,0,627.73,519.29,0,0,-2.6308615049073003,-1.908816259269413,Downtrend
2025-03-26 20:00:00,571.44,574.88,570.13,572.69,1873,146,0,59.91521431935947,2043.4,0.9166095722814915,0,8.252857142857133,1.4410688405345182,566.7429999999999,1.0493292374145102,558.7312000000001,2.498303298616579,594.0099,-3.58914893505983,0,0,592.0977098084984,541.3882901915015,8.947515825867619,48.93367221675821,591.57,543.79,0,0,627.73,519.29,0,0,0.21874562508750195,-2.0992529531428916,Downtrend
2025-03-27 12:00:00,559.25,559.98,551.39,559.58,592,167,0,48.644338118022354,1866.2,0.31722216268352804,0,9.204285714285707,1.6448560910478762,567.2819999999999,-1.35770216576586,557.501,0.37291412930202184,593.83185,-5.767937506214931,0,0,591.4617571708565,543.1022428291434,8.524775039876653,44.617768494610466,591.57,543.79,0,0,627.73,519.29,0,0,-2.2891965985087914,-4.6517175572519,Downtrend
2025-03-27 16:00:00,559.13,564.9,556.4,557.84,3231,146,0,47.46975413034995,1931.6,1.672706564506109,0,9.498571428571422,1.7027411853885381,567.6195,-1.72289711681857,556.257,0.2845806884228125,593.6982,-6.039802714577879,0,0,591.023640411913,544.215359588087,8.246418740692656,40.198931931814364,591.57,543.79,0,0,627.73,519.29,0,0,-0.3109474963365444,-2.379952400951985,Downtrend
2025-03-27 20:00:00,557.84,562.03,557.69,557.97,1816,146,0,52.93437409655974,1998.65,0.9086133139869411,0,9.040714285714273,1.6202868049741515,568.038,-1.7724166340984202,555.3338,0.4747054834407758,593.5866,-6.00023652825046,0,0,590.3597529966083,545.7162470033917,7.859246387251671,38.13172129564375,591.57,548.68,0,1,627.73,519.29,0,0,0.023304173239635517,-2.5703260053432095,Downtrend
2025-03-28 12:00:00,556.0,558.74,550.7,551.38,385,158,0,39.245810055865896,1858.25,0.2071841786627203,0,8.512857142857124,1.5439183762300273,568.0545,-2.9353697576552897,554.8126,-0.6186953937239312,593.39855,-7.080999776625677,0,0,590.3238062071285,545.7851937928714,7.840552695957371,36.246215526155645,591.57,549.5,0,1,620.0,519.29,0,0,-1.1810670824596414,-1.46538475285036,Downtrend
2025-03-28 16:00:00,551.16,551.29,536.99,539.29,4144,146,0,33.518886679920456,1897.5,2.1839262187088275,1,9.298571428571409,1.7242247081480109,567.1945000000001,-4.919740935428693,553.9984000000001,-2.654953516111255,593.1523,-9.080686359978712,0,0,592.4698105868681,541.919189413132,8.9123962192398,35.924257301886044,591.57,536.99,0,1,596.22,519.29,0,0,-2.192680184264939,-3.3253262584253673,Downtrend
2025-03-28 20:00:00,539.3,542.88,538.46,541.8,2340,146,0,22.388983444220855,1989.1,1.1764114423608667,0,8.6385714285714,1.5944207140220374,566.2815,-4.323203212536537,553.101,-2.0432072984861795,592.8711999999999,-8.614215026805145,0,0,593.8564865868079,538.7065134131922,9.738967840838127,36.29392041092359,591.57,536.99,0,1,596.22,519.29,0,0,0.4654267648204202,-2.8980052691005023,Downtrend
2025-03-31 16:00:00,532.72,540.88,527.72,539.15,3160,156,0,21.874527588813223,1962.85,1.6099039661716383,0,9.167142857142826,1.7002954385871885,565.158,-4.601898937996107,552.043,-2.335506473227634,592.55885,-9.013256657967395,0,0,595.2489082964396,535.0670917035604,10.648671096026096,37.53186384795364,591.57,527.72,0,0,596.22,519.29,0,0,-0.4891103728313029,-2.218071021799851,Downtrend
2025-03-31 20:00:00,539.3,546.36,537.45,544.83,2943,146,0,24.88372093023257,2015.35,1.4602922569280772,0,9.338571428571397,1.7140339974985586,564.313,-3.452516599830227,551.4884000000001,-1.2073508708433445,592.32805,-8.018875688902446,0,0,595.7292010501035,532.8967989498965,11.13431767480228,37.38466410695934,591.57,527.72,0,0,596.22,519.29,0,0,1.0535101548734271,1.02727660442435,Downtrend
2025-04-01 16:00:00,539.25,550.89,532.3,547.01,4497,146,0,27.213761985335537,2219.4,2.0262233035955663,1,10.194999999999977,1.8637684868649524,563.9680000000001,-3.006908193372688,551.0946,-0.7411794635621585,592.10475,-7.616008822763199,0,0,596.0105208286132,531.925479171387,11.363240761395353,36.93379736361937,591.57,527.72,0,0,591.57,519.29,0,0,0.40012480957360985,0.9616094499815498,Downtrend
2025-04-01 20:00:00,547.02,548.84,540.58,547.57,4268,146,0,24.366300366300493,2208.05,1.9329272434953917,0,10.227142857142837,1.8677325012588046,563.0845,-2.7552703013490865,551.0606,-0.6334330561829266,591.8408999999999,-7.480202872089421,0,0,595.9433685296998,530.2256314703003,11.671025762456521,36.76004352170018,591.57,527.72,0,0,591.57,519.29,0,0,0.10237472806713388,1.5617175183158811,Downtrend
2025-04-02 16:00:00,546.09,563.89,545.04,562.8,3095,146,0,36.32663130627847,2230.6,1.387519053169551,0,11.301428571428557,2.008071885470604,563.0165,-0.0384535799572475,551.1714000000001,2.109797424176924,591.6897,-4.882576120557796,0,0,595.8716258677993,530.1613741322006,11.671105862012677,34.6838565333039,591.57,527.72,0,0,591.57,519.29,0,0,2.781379549646612,3.2982765266229674,Downtrend
2025-04-02 20:00:00,562.8,566.35,556.09,562.07,2918,146,0,34.4723995493804,2349.5,1.2419663758246435,0,11.562857142857126,2.0571916563519,562.2455,-0.031214122656373897,551.6370000000001,1.8912799540277376,591.5622500000001,-4.985485466660526,0,0,594.3864936472262,530.1045063527738,11.433081686639092,32.843977324949165,591.57,527.72,0,0,591.57,519.29,0,0,-0.12970859985783623,2.7531489369481474,Downtrend
2025-04-03 16:00:00,525.34,526.1,509.64,520.83,4828,146,0,26.057337496451865,2447.95,1.9722625053616292,0,14.079999999999993,2.703377301614729,559.469,-6.906370147407633,551.5606,-5.571572733802955,591.22775,-11.907044282004687,0,0,595.7973330922657,523.1406669077344,12.986718868164516,34.77571283073671,591.57,509.64,0,0,591.57,509.64,0,0,-7.337164410126851,-4.883393903975749,Downtrend
2025-04-03 20:00:00,520.83,522.29,508.69,510.1,3237,146,0,22.827125119388697,2529.2,1.2798513363909538,0,14.712142857142847,2.884168370347549,556.0045,-8.256138214708692,551.166,-7.450749864832015,590.82775,-13.66350006410498,0,0,597.2207428252625,514.7882571747375,14.82586663426735,36.82878852146524,591.57,508.69,0,1,591.57,508.69,0,1,-2.0601731851083827,-9.363894811655994,Downtrend
2025-04-04 16:00:00,485.75,486.53,459.29,473.09,6416,146,0,18.904148989717385,2833.6,2.264257481648786,1,16.819999999999986,3.5553488765351173,550.6925,-14.09180259400664,549.919,-13.970966633267812,590.2294999999999,-19.846432616465286,0,0,604.6624471440934,496.72255285590654,19.600756191193252,40.31696562742831,591.57,459.29,0,0,591.57,459.29,0,0,-7.255440109782407,-15.830768409628707,Downtrend
2025-04-04 20:00:00,473.09,481.01,466.54,469.67,5485,146,0,18.67850799289519,2993.5,1.8323033238683815,0,17.246428571428556,3.6720311221556745,545.048,-13.829607667581566,548.7466000000001,-14.41040363621388,589.6378500000001,-20.34602256283243,0,0,607.8718766544545,482.22412334554554,23.052603313636403,44.62264099057978,591.57,459.29,0,0,591.57,459.29,0,0,-0.7229068464774113,-9.822782865810344,Downtrend
2025-04-07 16:00:00,448.82,487.5,438.4,455.7,6071,186,0,16.92218125363864,3222.15,1.8841456791272908,0,20.44357142857142,4.486190789679926,538.5845,-15.38932145280825,547.258,-16.730317327476264,588.9793500000001,-22.62886636008547,0,0,610.1110867315996,467.0579132684005,26.560952545644938,48.94110369558816,591.57,438.4,0,0,591.57,438.4,0,0,-2.974428854301958,-10.664575573416982,Downtrend
2025-04-07 20:00:00,455.7,469.34,454.89,463.78,4719,186,0,21.937467965146055,3437.9,1.3726402745862298,0,20.901428571428564,4.506755050116125,532.4295,-12.893631926856042,545.7914,-15.026143687863163,588.38485,-21.177440241705757,0,0,607.5530155488636,457.3059844511362,28.21914095626321,52.37068061535266,588.28,438.4,0,0,591.57,438.4,0,0,1.7730963353083107,-1.9679130820774067,Downtrend
2025-04-08 16:00:00,484.05,490.49,467.6,467.77,5099,186,0,25.834572239491806,3555.85,1.4339749989453998,0,21.781428571428567,4.656439825433133,527.2460000000001,-11.280502839281873,544.3932,-14.074973750590566,587.8221000000001,-20.423202870392267,0,0,605.2857815961722,449.20621840382796,29.6027970230868,53.35608886613083,574.88,438.4,0,0,591.57,438.4,0,0,0.8603217042563394,-0.4045393574211753,Downtrend
2025-04-08 20:00:00,467.77,472.62,452.0,461.04,5301,186,0,23.46911957950067,3727.25,1.422228184318197,0,22.93857142857143,4.975397238541434,521.6635,-11.621188754819913,542.9234,-15.081943419642622,587.2339,-21.489546158694168,0,0,601.9567478710601,441.37025212893997,30.78354068132429,53.22770582851498,566.35,438.4,0,0,591.57,438.4,0,0,-1.43874126173118,1.171823568136939,Downtrend
2025-04-09 16:00:00,452.47,463.52,446.19,460.41,4546,186,0,23.78479158343322,3924.95,1.1582313150485994,0,23.17071428571429,5.032626199629523,516.705,-10.894998113043227,541.539,-14.981192490291551,586.63205,-21.516391748456297,0,0,599.3531097309825,434.0568902690176,31.990443185563315,52.10341293633684,566.35,438.4,0,0,591.57,438.4,0,0,-0.13664757938574024,-0.7266376299107223,Downtrend
2025-04-09 20:00:00,460.62,521.03,453.36,515.09,8272,186,0,42.53439100311275,4177.0,1.9803686856595644,0,27.367857142857144,5.313218494410131,514.5675,0.10154158589495768,541.4334,-4.865492228591729,586.21195,-12.132463352205626,0,0,594.9154467199039,434.21955328009614,31.229312663510182,49.51083807907961,566.35,438.4,0,0,591.57,438.4,0,0,11.87637106057644,10.116082690211012,Downtrend
2025-04-10 16:00:00,496.61,500.69,472.4,482.48,3603,186,0,35.947911676320714,4266.35,0.8445158039073212,0,29.08928571428572,6.029117417154228,510.79299999999995,-5.542949883808105,540.6178,-10.753955937077908,585.6477,-17.616000199437302,0,0,589.6344908401278,431.9515091598721,30.87023151849295,46.89900225999546,566.35,438.4,0,0,591.57,438.4,0,0,-6.330932458405325,4.6503557175082415,Downtrend
2025-04-10 20:00:00,482.49,493.46,474.54,488.46,4122,188,0,37.425009573245944,4453.2,0.9256265157639451,0,29.850714285714286,6.11118910160797,507.64700000000005,-3.779594875966975,539.73,-9.499194041465184,585.08725,-16.51501549555217,0,0,584.6697857195468,430.62421428045326,30.34501758881536,44.34785286848504,566.35,438.4,0,0,591.57,438.4,0,0,1.2394296136627236,6.092395907995038,Downtrend
2025-04-11 16:00:00,485.19,493.95,477.17,488.71,2699,189,0,33.16518972960691,4380.95,0.616076421780664,0,29.70285714285714,6.077808340909157,505.11799999999994,-3.2483498905206227,538.7547999999999,-9.288975244396887,584.5261999999999,-16.3921138179948,0,0,581.0803645318019,429.15563546819794,30.077076854042815,43.7473643019616,566.35,438.4,0,0,591.57,438.4,0,0,0.0511812635630271,-5.1214350890135805,Downtrend
2025-04-11 20:00:00,488.58,497.49,486.64,492.56,2519,186,0,34.42667025137787,4389.9,0.5738171712339689,0,29.745,6.038858210167289,502.65600000000006,-2.008530685001285,537.8042,-8.412764348065714,583.9851,-15.655382303418355,0,0,576.7821219387837,428.52987806121644,29.493777827692742,42.81024069370385,566.35,438.4,0,0,591.57,438.4,0,0,0.7877882588856355,2.089205770187362,Downtrend
2025-04-14 16:00:00,503.61,507.51,496.14,500.47,2997,186,0,44.637589549093974,4381.75,0.6839732983397044,0,27.06785714285714,5.4084874503680815,500.72200000000004,-0.05032732733932392,536.921,-6.788894455608929,583.4793,-14.226605811037333,0,0,572.8299581271191,428.614041872881,28.801593749473376,39.12072981451585,566.35,438.4,0,0,591.57,438.4,0,0,1.6058957284391884,2.458747901568204,Downtrend
2025-04-14 20:00:00,500.47,508.48,500.47,503.02,2150,186,0,48.05130463503247,4342.1,0.4951521153358973,0,26.668571428571425,5.301692065637833,498.6315000000001,0.8801088579441747,535.9546,-6.14503541904483,582.9951,-13.717971214509351,0,0,567.7161316293835,429.5468683706166,27.709694084462555,35.45012354074334,566.35,438.4,0,0,591.57,438.4,0,0,0.50952105021278,2.9281168791307732,Downtrend
2025-04-15 16:00:00,508.99,517.25,506.81,511.82,3070,186,0,62.61974584555231,4270.75,0.7188432945033074,0,24.055714285714284,4.700034052150031,496.872,3.0084206797726534,535.1794,-4.364779361836423,582.53165,-12.138679503508525,0,0,562.4733487024324,431.2706512975676,26.405733751321225,33.77846641541405,566.35,438.4,0,0,591.57,438.4,0,0,1.749433422130342,3.910183530940391,Downtrend
2025-04-15 20:00:00,511.82,513.6,506.6,506.6,1865,186,0,61.893719806763286,4150.6,0.44933262660820117,0,23.522142857142857,4.64313913484857,494.8235000000001,2.3799395137862165,534.355,-5.194112528188189,582.0403,-12.961353363332398,0,0,556.1804714736659,433.46652852633434,24.79953820853931,31.742462248166486,566.35,438.4,0,0,591.57,438.4,0,0,-1.0198898050095662,1.2248486422762594,Downtrend
2025-04-16 16:00:00,502.69,508.1,500.25,503.14,2668,186,0,66.38800607986735,4129.25,0.6461221771508143,0,20.575714285714287,4.089461041800351,491.84049999999996,2.2973911257816355,533.4418000000001,-5.680432242092777,581.5335,-13.480478768634999,0,0,544.4615166038268,439.2194833961731,21.39759397765205,31.1634284726512,566.35,438.4,0,0,591.57,438.4,0,0,-0.6829846032372799,0.02385591030177817,Downtrend
2025-04-16 20:00:00,503.05,504.77,491.63,498.02,2780,186,0,62.07504584567641,4122.35,0.6743726272635753,0,20.482142857142858,4.112714922521757,488.63800000000003,1.9200307794317977,532.3804,-6.454106875459733,580.9815,-14.279542463916666,0,0,529.8141236896387,447.4618763103614,16.853426745213692,29.980783870510205,526.1,438.4,0,0,591.57,438.4,0,0,-1.017609412887066,-2.6962604040483003,Downtrend
2025-04-17 16:00:00,499.62,513.37,498.24,512.62,4263,186,0,64.71553251525691,4094.1,1.0412544881658974,0,19.670714285714286,3.8372896659736817,488.22749999999996,4.996133974427914,531.6407999999999,-3.5777540023263636,580.5291,-11.697794305229484,0,0,528.1983809141328,448.2566190858671,16.37387525861729,29.868941749965014,522.29,438.4,1,0,591.57,438.4,0,0,2.9316091723224025,1.1883142518752432,Downtrend
2025-04-17 20:00:00,512.62,513.73,508.25,508.29,2900,186,0,65.75105007000467,4077.25,0.7112637194187259,0,18.589285714285715,3.6572204281582787,488.137,4.128554073958749,530.7855999999999,-4.238170741632763,580.06555,-12.373696386554935,0,0,527.9070564958533,448.36694350414666,16.294628965168933,30.89778020818136,521.03,438.4,0,0,591.57,438.4,0,0,-0.8446802699855649,1.0235719680407112,Downtrend
2025-04-21 16:00:00,505.16,508.1,496.05,498.69,3230,186,0,62.04076497232007,3917.95,0.8244107249964906,0,18.225714285714286,3.6547182188763134,489.41700000000003,1.89470328983259,529.6296000000001,-5.841742984153471,579.54235,-13.95106845944909,0,0,528.7938786552559,450.0401213447442,16.09134078107456,31.38589265429271,521.03,438.4,0,0,591.57,438.4,0,0,-1.8886855928702206,0.13453274968877074,Downtrend
2025-04-21 20:00:00,498.93,501.52,493.43,499.69,2686,186,0,42.68617021276595,3778.0,0.7109581789306512,0,13.970000000000002,2.795733354679902,490.91799999999995,1.7868564607531296,528.4222,-5.437356719683613,579.0355999999999,-13.703060744451626,0,0,529.4040568599946,452.4319431400052,15.679220097855328,30.4754541247839,521.03,438.4,0,0,591.57,438.4,0,0,0.20052537648640456,-2.522336233467287,Downtrend
2025-04-22 16:00:00,511.81,517.85,510.91,516.53,3108,186,0,69.02022120433469,3629.85,0.8562337286664738,0,12.217857142857143,2.3653722228829195,493.95950000000005,4.569301734251476,527.5204,-2.0834075800670497,578.61985,-10.730680947084698,0,0,530.2804126218408,457.63858737815934,14.70602858001141,30.945595964509547,521.03,446.19,1,0,591.57,438.4,0,0,3.3700894554623773,1.6211218005469226,Downtrend
2025-04-22 20:00:00,516.4,519.82,510.62,518.75,3072,186,0,67.66180758017492,3547.5,0.8659619450317124,0,11.523571428571435,2.221411359724614,496.70799999999997,4.437617272119642,526.6608,-1.5020673648010245,578.2239500000001,-10.285625491645591,0,0,531.708520056275,461.7074799437249,14.09299631021649,31.515382968415842,521.03,446.19,1,0,591.57,438.4,0,0,0.4297911060344939,4.022539052317072,Downtrend
2025-04-23 16:00:00,537.4,549.62,529.59,534.1,3976,186,0,72.50371839365394,3491.35,1.1388144986896187,0,12.53000000000001,2.346002621231981,500.0245,6.81476607646226,526.2646000000001,1.4888708075747323,577.896,-7.578526240015495,0,0,536.0352974889292,464.01370251107073,14.403613218523995,32.97291210919516,549.62,446.19,0,0,591.57,438.4,0,0,2.9590361445783087,6.886269487081996,Downtrend
2025-04-23 20:00:00,534.1,536.03,527.03,527.72,3032,186,0,67.00522344747534,3377.9,0.8975991000325646,0,12.39785714285715,2.3493248584205926,503.3585,4.839791123026637,525.5142,0.41974127435568204,577.5534,-8.628362329786299,0,0,536.3963782770904,470.32062172290955,13.126977403616088,34.10291852993046,549.62,446.19,0,0,591.57,438.4,0,0,-1.1945328590151627,2.166379493930663,Downtrend
2025-04-24 16:00:00,527.98,544.5,524.99,543.72,3179,186,0,69.3998385215753,3309.55,0.9605535495762263,0,12.723571428571436,2.3400962680371213,507.524,7.131879477620768,525.1054,3.54492640905997,577.28745,-5.814685560893452,0,0,538.7180644826319,476.32993551736814,12.292646055213897,36.696075051426284,549.62,453.36,1,0,591.57,438.4,0,0,3.0319108618206636,4.8134939759036195,Downtrend
2025-04-24 20:00:00,543.72,545.8,541.5,543.98,2355,186,0,68.7580142883312,3013.7,0.7814314629856987,0,12.458571428571434,2.290262772265788,508.96850000000006,6.878912938619965,524.4352,3.7268284051108713,577.0177,-5.725595592648193,0,0,544.0687919615879,473.86820803841226,13.792716822981301,39.28409415737679,549.62,472.4,1,0,591.57,438.4,0,0,0.04781873022878802,1.849840853772701,Downtrend
2025-04-25 16:00:00,543.5,547.1,540.1,546.1,1743,187,0,66.72195121951219,2920.7,0.5967747457801212,0,11.94214285714286,2.186805137729877,512.1495000000001,6.629021408787847,523.83,4.25137926426512,576.75025,-5.314301987732129,0,0,548.6457212751906,475.65327872480964,14.252174911892116,38.785511809562855,549.62,474.54,1,0,591.57,438.4,0,0,0.3897202103018582,3.482907602516485,Downtrend
2025-04-25 20:00:00,546.1,548.05,540.32,543.29,1685,186,0,68.32850434608847,2798.85,0.6020329778301803,0,11.994285714285711,2.20771332332377,514.891,5.515536297973746,523.108,3.858094313220218,576.49965,-5.760567244056438,0,0,552.1245422632998,477.6574577367001,14.462689098585846,38.36338809141205,549.62,477.17,1,0,591.57,438.4,0,0,-0.5145577733016049,-0.07908482307070987,Downtrend
2025-04-28 16:00:00,547.46,553.51,541.96,542.8,1519,186,0,70.41803953871495,2739.85,0.5544099129514389,0,12.25857142857142,2.2583956205916396,517.5955,4.869536153231614,522.3774,3.9095489199953883,576.2611499999999,-5.806594805150405,0,0,554.6794170559124,480.5115829440877,14.329304275602217,37.353899754242335,553.51,486.64,1,0,591.57,438.4,0,0,-0.09019124224631803,-0.21691973969632408,Downtrend
2025-04-28 20:00:00,543.16,547.41,541.38,545.27,1439,186,0,75.00793902826291,2685.85,0.5357707988160173,0,11.750714285714277,2.1550267364267754,520.231,4.81305420092228,521.6315999999999,4.531627301720227,576.067,-5.3460795358873225,0,0,557.3154407151727,483.1465592848272,14.256913069452896,37.893388252818504,553.51,491.63,1,0,591.57,438.4,0,0,0.45504789977892646,-0.15198681560154567,Downtrend
2025-04-29 16:00:00,547.03,548.45,540.37,544.84,1488,186,0,70.06226650062267,2610.4,0.5700275819797732,0,11.231428571428564,2.061417768781397,522.4495,4.285677371688573,520.8290000000001,4.6101503564509585,575.84505,-5.384269605165484,0,0,559.8636422600052,485.0353577399947,14.322587067268804,38.409812065525635,553.51,491.63,1,0,591.57,438.4,0,0,-0.07886001430482681,0.2852988275138634,Downtrend
2025-04-29 20:00:00,544.84,549.81,544.36,547.04,1711,186,0,74.78572342330813,2588.45,0.6610133477563793,0,11.2292857142857,2.0527357623365203,524.6505,4.267507607445338,520.0322,5.193486095668687,575.6233500000001,-4.965634212024252,0,0,562.4294551414307,486.8715448585692,14.401570242068098,37.52900240270342,553.51,491.63,1,0,591.57,438.4,0,0,0.40378826811540147,0.781134856300665,Downtrend
2025-04-30 16:00:00,533.34,543.55,530.8,542.09,1761,186,0,79.51577801958656,2523.0,0.6979785969084423,0,11.514999999999986,2.124186020771456,526.164,3.0268129328498423,519.4452,4.359420396992798,575.376,-5.785086621617854,0,0,564.2031368544408,488.12486314555923,14.459041992398106,37.11951499121621,553.51,491.63,0,0,591.57,438.4,0,0,-0.9048698449839021,-0.5831973150915969,Downtrend
2025-04-30 20:00:00,542.07,548.44,539.6,546.04,2178,186,0,80.3060023538643,2538.65,0.8579363047288913,0,11.568571428571419,2.1186307648837848,528.136,3.3900358998439786,518.9122,5.227820814388249,575.1517,-5.061568973889853,0,0,565.9935314901225,490.2784685098775,14.336281370753928,40.701690221102346,553.51,491.63,1,0,588.28,438.4,0,0,0.7286612924052971,0.22024814624475655,Downtrend
2025-05-01 16:00:00,544.61,556.3,544.1,553.1,1807,186,0,77.41790373369327,2495.6,0.7240743708927713,0,11.142857142857126,2.014618901257842,530.634,4.233803337140102,518.7826,6.614986701558615,574.98675,-3.8064790188643483,0,0,568.138431962655,493.12956803734505,14.135706329656585,42.55305682575238,556.3,491.63,1,0,574.88,438.4,0,0,1.2929455717529903,1.1077800526469836,Downtrend
2025-05-01 20:00:00,553.1,557.25,552.29,552.89,1994,186,0,76.39146567717998,2456.3,0.811790090786956,0,10.839999999999984,1.960606992349289,533.3774999999999,3.658290797793317,518.6836,6.594848959943987,574.82885,-3.8165881896846345,0,0,568.8068579572432,497.9481420427567,13.284909077433252,44.29849228474639,557.25,493.43,1,0,566.35,438.4,0,0,-0.03796781775448066,1.9922891032854237,Downtrend
2025-05-02 16:00:00,565.16,568.7,558.06,567.3,1814,186,0,76.04330090994665,2333.85,0.7772564646399726,0,9.764285714285702,1.7211855657122692,536.1115,5.817539821473701,518.8702000000001,9.333702340199896,574.76035,-1.2979931548862167,0,0,573.1967623728414,499.02623762715854,13.83490649719001,43.643679292111756,568.7,493.43,1,0,568.7,438.4,1,0,2.6063050516377473,3.893487656581934,Downtrend
2025-05-02 20:00:00,567.47,568.74,563.24,564.26,1572,186,0,80.24834437086096,2267.45,0.6932898189596243,0,9.514285714285702,1.6861527867092656,538.91,4.7039394333005555,519.1278,8.693851494757169,574.65465,-1.8088516294090646,0,0,575.6005248058085,502.2194751941914,13.616568557201969,43.751034459604924,568.74,493.43,1,0,568.74,438.4,1,0,-0.53587167283623,2.0177183149520825,Downtrend
2025-05-05 16:00:00,560.66,565.42,559.66,564.6,1822,186,0,73.33482342422893,2197.05,0.829293825811884,0,8.532142857142844,1.5111836445523987,542.2054999999999,4.130260574634546,519.6339999999999,8.653398353456497,574.6067,-1.7414868291650658,0,0,575.3544324905419,509.056567509458,12.227442359231674,43.20649764846468,568.74,493.43,1,0,568.74,438.4,1,0,0.06025591039591216,2.1179619815876642,Downtrend
2025-05-05 20:00:00,564.42,564.96,557.92,558.6,1673,186,0,64.48098256735344,2146.4,0.7794446515095043,0,8.727857142857138,1.5624520484885673,545.1510000000001,2.4670228982428637,519.97,7.429274765851875,574.53035,-2.772760394642333,0,0,572.3238896628781,517.9781103371221,9.968940591827948,42.25266752472431,568.74,510.62,1,0,568.74,438.4,1,0,-1.062699256110522,-1.5335801163405487,Downtrend
2025-05-06 16:00:00,549.71,556.47,547.26,551.35,1822,186,0,54.72037403344723,2082.1,0.8750780462033524,0,9.03785714285714,1.6392232053790041,546.892,0.8151518032810809,520.214,5.985229155693612,574.41065,-4.014662680784211,0,0,570.5824711912306,523.2015288087695,8.663674433427653,40.38940528237345,568.74,510.62,0,0,568.74,438.4,0,0,-1.2978875760830677,-2.2879523623861284,Downtrend
2025-05-06 20:00:00,551.35,553.03,547.6,547.6,1603,186,0,53.81078691423526,2008.65,0.7980484404948597,0,8.873571428571429,1.620447667744965,548.3345,-0.13395108277885587,520.2694,5.253163072823426,574.4017,-4.6660203129621625,0,0,567.9776077774691,528.691392222531,7.164644127797548,38.361607641361935,568.74,524.99,0,0,568.74,438.4,0,0,-0.6801487258547234,-3.010981225646475,Downtrend
2025-05-07 16:00:00,551.13,554.4,549.28,553.43,1810,186,0,58.587817094845725,1900.35,0.9524561265030127,0,8.534285714285716,1.5420713937238162,549.3009999999999,0.7516825929681576,520.3978,6.347490323748485,574.37915,-3.647268533337262,0,0,567.867841865042,530.7341581349579,6.760170422060795,35.54991342429472,568.74,524.99,0,0,568.74,438.4,0,0,1.0646457268078668,-0.9255281059792468,Downtrend
2025-05-07 20:00:00,553.43,553.91,546.75,550.77,2095,188,0,54.42976804123714,1853.5,1.1302940383059077,0,8.615,1.564173793053362,550.4535,0.0574980447939779,520.4618,5.823328436400124,574.3686,-4.108615965427085,0,0,565.9950196371191,534.9119803628809,5.646805638303366,32.1013687022939,568.74,524.99,0,0,568.74,438.4,0,0,-0.48063892452522294,-0.10519633626553748,Downtrend
2025-05-08 16:00:00,559.0,571.17,557.65,570.9,2356,186,0,65.93299095133287,1812.35,1.29996965266091,0,9.494999999999996,1.6631634261692059,551.8125,3.4590553856608866,520.6238,9.656915415699402,574.3742,-0.6048670013381514,0,0,569.4825232329223,534.1424767670777,6.404357724017593,29.78674843432926,571.17,530.8,1,0,571.17,438.4,1,0,3.65488316357101,4.25493060628195,Downtrend
2025-05-08 20:00:00,570.9,571.05,564.28,564.79,1951,186,0,60.35710117866731,1792.15,1.088636553859889,0,9.589285714285714,1.6978497696994839,552.853,2.159163466599623,520.6782,8.471989032765348,574.3699499999999,-1.6679058505759121,0,0,571.0247294602999,534.6812705397,6.5738015205850235,27.325970046354808,571.17,530.8,1,0,571.17,438.4,1,0,-1.070239971974074,2.052653452107767,Downtrend
2025-05-09 16:00:00,569.04,570.94,564.85,565.16,1937,186,0,64.22142769079026,1801.85,1.0750062435829841,0,8.868571428571434,1.5692142806588285,553.8059999999999,2.0501764155679143,521.5648,8.358539533342736,574.3522,-1.6004465552669722,0,0,572.4788109687072,535.1331890312927,6.743448416487821,26.817974777151445,571.17,530.8,1,0,571.17,438.4,1,0,0.06551107491279407,2.612705848176187,Downtrend
2025-05-09 20:00:00,565.11,567.7,564.91,565.33,1723,186,0,62.47252036725726,1803.75,0.9552321552321552,0,8.43642857142858,1.4923015887054605,554.908,1.8781491706733413,522.6694,8.162061907584421,574.32875,-1.5668291026698513,0,0,573.5691283011794,536.2468716988207,6.725845834329064,25.462061629854155,571.17,530.8,1,0,571.17,438.4,1,0,0.030079977351560316,-0.9756524785426409,Downtrend
2025-05-12 16:00:00,595.79,600.31,587.12,591.11,2617,186,0,69.78656949505466,1858.65,1.4080111909181394,0,10.063571428571436,1.70248708845586,557.3235000000001,6.062278012680235,525.0297999999999,12.585990357118797,574.3806,2.9125983711845516,0,0,581.1713398227163,533.4756601772839,8.557988250169316,25.81287775614428,600.31,530.8,1,0,600.31,438.4,1,0,4.560168397219311,4.660139166769959,Uptrend
2025-05-12 20:00:00,591.3,593.22,589.52,590.45,1675,186,0,69.46113989637311,1870.45,0.8955064289342136,0,9.973571428571436,1.689147502510193,559.5825,5.516166070239878,527.4454000000001,11.945236416887886,574.434,2.7881357997611698,0,0,586.9260606775293,532.2389393224706,9.77284338860824,26.13235775911093,600.31,530.8,1,0,600.31,438.4,1,0,-0.11165434521492879,4.4748389836506615,Uptrend
2025-05-13 16:00:00,592.95,603.55,592.95,601.07,2024,186,0,68.21270628842635,1897.25,1.0668072209777308,0,9.779999999999998,1.6270983412913633,562.394,6.877029271293798,530.3528,13.333992014372328,574.53785,4.617998622719112,0,0,594.5030729266659,530.2849270733341,11.418711055475674,27.397422019991986,603.55,530.8,1,0,603.55,438.4,1,0,1.7986281649589264,6.321971238037961,Uptrend
2025-05-13 20:00:00,601.32,606.7,601.09,602.93,1633,186,0,71.12422156669945,1893.35,0.8624924076372568,0,9.789285714285711,1.6236189465254194,565.1885,6.677683640059905,533.1358,13.091261175857996,574.69255,4.913488090284095,0,0,601.1664232161446,529.2105767838553,12.731300518727693,28.392055392302428,606.7,530.8,1,0,606.7,438.4,1,0,0.3094481507977198,1.9996278188492727,Uptrend
2025-05-14 16:00:00,604.52,609.1,604.11,605.97,1707,186,0,71.95160776822671,1890.65,0.9028640943590828,0,9.818571428571431,1.620306521539256,568.3825,6.61306426570135,535.8998,13.075242797254264,574.84505,5.414493871000544,0,0,606.9734980640355,529.7915019359646,13.579235132691625,30.86171955684188,609.1,539.6,1,0,609.1,446.19,1,0,0.5042044681804025,2.6285036836311253,Uptrend
2025-05-14 20:00:00,606.02,613.94,604.1,610.41,2160,186,0,77.95403043056007,1889.75,1.143008334435772,0,10.018571428571429,1.641285599608694,571.601,6.789526260450904,538.8872,13.272313760653429,575.02905,6.152897840552575,0,0,612.982302617429,530.219697382571,14.479086851642672,34.1123044627833,613.94,544.1,1,0,613.94,446.19,1,0,0.7327095400762262,1.5538955529305933,Uptrend
2025-05-15 16:00:00,611.1,616.74,610.31,614.97,1847,186,0,85.35230051122475,1891.75,0.9763446544205101,0,9.667857142857144,1.5720859786423962,574.6945,7.00815824755589,541.9784,13.467621587871411,575.24135,6.906431535215613,0,0,619.3714604936015,530.0175395063984,15.548073104441245,40.47099234411802,616.74,546.75,1,0,616.74,446.19,1,0,0.7470388755099089,1.9969150647670673,Uptrend
2025-05-15 20:00:00,615.06,618.17,613.9,614.76,1919,186,0,88.84775566867192,1888.0,1.0164194915254237,0,9.585000000000004,1.5591450322076916,577.788,6.3988867889260375,543.9718,13.013211346617592,575.45255,6.830702201250133,0,0,624.6237927006067,530.9522072993933,16.212102951465486,46.93927673499739,618.17,546.75,1,0,618.17,446.19,1,0,-0.03414800721986966,1.450566859745526,Uptrend
2025-05-16 16:00:00,615.22,619.48,612.35,618.59,1874,186,0,88.58360966366654,1891.0,0.9910100475938657,0,9.608571428571436,1.5533020948562757,580.3525,6.588668093960148,546.694,13.151049764584954,575.68575,7.452720516358108,0,0,630.284730652097,530.420269347903,17.207552531296763,53.095833295249086,619.48,546.75,1,0,619.48,453.36,1,0,0.6230073524627455,1.3400828951033017,Uptrend
2025-05-16 20:00:00,618.5,619.71,617.12,618.03,1789,186,0,90.84284673305797,1901.85,0.9406630386202908,0,9.282142857142869,1.5018919562388346,583.041,6.001121704991573,549.2854,12.515278942422281,575.91655,7.312422259787454,0,0,635.0711454725453,531.0108545274549,17.84785134237393,59.478334464547416,619.71,546.75,1,0,619.71,472.4,1,0,-0.0905284598845868,0.4975852480608721,Uptrend
2025-05-19 16:00:00,610.11,618.21,597.33,610.99,2271,186,0,78.94584837545125,1924.3,1.1801694122538067,0,9.316428571428585,1.5248086828636451,585.3605,4.378412960901873,551.7310000000001,10.740560164282936,576.1008999999999,6.056074552218214,0,0,638.0609857562704,532.6600142437296,18.006163981433794,61.6178116943117,619.71,546.75,1,0,619.71,474.54,1,0,-1.1391032797760547,-0.6132474461578473,Uptrend
2025-05-19 20:00:00,610.99,613.16,610.1,610.45,1687,186,0,85.85113065326635,1925.0,0.8763636363636363,0,9.051428571428582,1.4827469197196463,587.953,3.826326253969292,554.0888,10.171871367910713,576.2786,5.929666657758949,0,0,640.2100734975257,535.6959265024742,17.775935660682325,63.86357020680708,619.71,546.75,1,0,619.71,477.17,1,0,-0.08838115190100693,-1.3158958276079447,Uptrend
2025-05-20 16:00:00,610.19,610.42,605.57,607.31,1359,186,0,81.7155756207674,1901.85,0.714567394904961,0,8.960714285714289,1.4754761630327657,590.751,2.803042229297956,556.2256,9.184115222312666,576.4191000000001,5.359104165701634,0,0,640.697594594411,540.8044054055889,16.909525195695334,63.755363164693456,619.71,546.75,0,0,619.71,486.64,0,0,-0.514374641657811,-1.7345436305681,Uptrend
2025-05-20 20:00:00,607.36,607.84,602.1,605.27,1681,186,0,79.23009367681492,1905.75,0.882067427521973,0,9.171428571428569,1.5152623740526656,593.6344999999999,1.9600444381180835,558.2706,8.418748900622752,576.5014,4.9902047072218725,0,0,639.5913380914955,547.6776619085043,15.483209985772586,63.618554783088435,619.71,546.75,0,0,619.71,491.63,0,0,-0.3359075266338385,-0.9361855349514767,Uptrend
2025-05-21 16:00:00,602.35,608.65,600.41,606.27,1831,186,0,67.40927882406976,1906.8,0.960247535137403,0,7.261428571428577,1.1977219013687923,596.2765,1.67598421202243,560.1596,8.2316539786161,576.6205,5.141943444605245,0,0,638.4186100937936,554.1343899062065,14.135090044230678,60.15088848522732,619.71,546.75,0,0,619.71,491.63,0,0,0.1652155236506081,-0.6847407650094297,Uptrend
2025-05-21 20:00:00,606.27,607.33,591.12,591.39,2280,186,0,50.81371191135728,1916.05,1.1899480702486886,0,8.155000000000005,1.3789546661255694,598.3075,-1.1561780522557412,561.8554,5.256619407769322,576.6759500000001,2.551528288981,0,0,634.7444245192371,561.8705754807629,12.179999254308894,57.63912298811449,619.71,557.65,0,0,619.71,491.63,0,0,-2.4543520213766157,-2.6213959921621512,Uptrend
2025-05-22 16:00:00,592.12,600.65,591.65,597.37,1969,186,0,46.5173192771084,1896.7,1.0381188379817579,0,7.880714285714297,1.319235027824346,599.6310000000001,-0.3770652284488428,563.74,5.965516018022492,576.7697999999999,3.5716502493716016,0,0,633.7237829374575,565.5382170625427,11.371254300547303,56.70866440025457,619.71,564.28,0,0,619.71,491.63,0,0,1.0111770574409373,-1.3052026368397538,Uptrend
2025-05-22 20:00:00,597.37,601.17,596.13,596.19,1744,186,0,43.57360793287579,1886.35,0.9245368038805101,0,7.838571428571437,1.314777407969177,601.201,-0.8334982809409777,565.7034,5.38914915483981,576.8868,3.3460984026675704,0,0,631.1822466999581,571.2197533000419,9.973784707596325,56.138588565301,619.71,564.85,0,0,619.71,491.63,0,0,-0.19753251753519274,-1.6626255628680169,Uptrend
2025-05-23 16:00:00,589.64,598.39,589.6,596.91,1958,186,0,40.96169193934552,1887.4,1.037405955282399,0,8.025714285714287,1.3445434463678423,602.7885,-0.9752176758514853,567.3892000000001,5.202918913507675,576.9819,3.4538518452658518,0,0,627.6617062775562,577.9152937224438,8.252714269617343,55.83717418915619,619.71,564.91,0,0,619.71,491.63,0,0,0.12076686962207983,0.9333942068685609,Uptrend
2025-05-23 20:00:00,596.64,600.91,595.8,597.23,1929,186,0,35.67391304347835,1897.7,1.0164936502081467,0,7.687857142857142,1.2872523387735282,604.3835,-1.1836027952450734,569.168,4.930354482332108,577.15085,3.47901246268632,0,0,622.2460751370251,586.520924862975,5.911006881235187,55.617837150766356,619.71,587.12,0,1,619.71,493.43,0,0,0.05360942185590467,-0.02343606140247859,Uptrend
2025-05-27 16:00:00,604.39,614.06,603.14,612.92,1868,186,0,48.20584631542091,1860.25,1.0041661067060879,0,8.430714285714275,1.3754999487232062,605.4739999999999,1.2297803043565914,571.4526,7.256489864601194,577.4220499999999,6.147660969995875,0,0,622.5711975542799,588.3768024457199,5.647541448280191,51.81778536449684,619.71,589.52,1,0,619.71,493.43,1,0,2.627128576930149,2.806152401080176,Uptrend
2025-05-27 20:00:00,613.09,616.73,612.87,614.74,1671,186,0,49.982975825672476,1860.05,0.8983629472326013,0,8.401428571428564,1.3666637231070964,606.6885,1.3271225678416572,573.7536,7.1435543062387765,577.69985,6.411659964945471,0,0,622.7090805466652,590.6679194533348,5.281320000845641,47.82671923238495,619.71,589.6,1,0,619.71,493.43,1,0,0.29693924166287466,2.987049974032943,Uptrend
2025-05-28 16:00:00,617.1,617.1,608.1,610.9,1819,186,0,43.45531914893612,1849.8,0.9833495513028436,0,8.534999999999993,1.3971190047470934,607.1800000000001,0.6126684014624845,575.641,6.1251717650410615,577.9435,5.702374020989942,0,0,623.0774873883491,591.282512611651,5.236499024457022,44.43833429733352,619.71,589.6,1,0,619.71,493.43,1,0,-0.6246543254058712,2.288900423622383,Uptrend
2025-05-28 20:00:00,610.9,612.53,606.12,606.8,1648,186,0,40.98571199229409,1850.55,0.8905460538758747,0,8.80785714285713,1.451525567379224,607.3735,-0.09442295391552001,577.402,5.091426770257101,578.13845,4.957558176592461,0,0,623.1469023629915,591.6000976370086,5.193971209804649,40.753115481067006,619.71,589.6,0,0,619.71,510.62,0,0,-0.6711409395973145,-0.9984989884487381,Uptrend
2025-05-29 16:00:00,601.38,605.22,597.15,602.08,1649,186,0,42.57128564282142,1847.65,0.8924850485752172,0,8.005714285714273,1.3296761702289184,607.179,-0.8397853021925878,578.7615999999999,4.029016437856297,578.3018,4.111728512690101,1,0,623.1203119713523,591.2376880286477,5.250943122654875,39.87176336859015,619.71,589.6,0,0,619.71,510.62,0,0,-0.7778510217534507,-2.059407229072448,Uptrend
2025-05-29 20:00:00,601.97,604.65,601.23,603.64,1516,186,0,44.41711756025572,1815.45,0.8350546696411358,0,8.03142857142856,1.3304997302081638,606.8405,-0.527403823574734,580.28,4.0256427931343515,578.3171,4.378722330707497,0,0,622.7804484579362,590.9005515420638,5.25342275538176,38.99041125611329,619.71,589.6,0,0,619.71,524.99,0,0,0.25910178049428634,-1.1884105418235376,Uptrend
2025-05-30 16:00:00,597.98,602.44,592.18,594.2,1319,189,0,40.25858225590731,1789.05,0.7372627931024845,0,8.501428571428562,1.4307352021926223,605.802,-1.9151471933073803,581.2896,2.220992771933318,578.2635,2.7559235538815825,0,0,622.2113241786357,589.3926758213644,5.417388578656275,38.98950671438012,619.71,589.6,0,1,619.71,524.99,0,0,-1.5638460009276933,-2.0764667106130372,Uptrend
2025-05-30 20:00:00,593.78,600.75,593.67,598.76,1513,186,0,45.33734422002576,1768.75,0.8554063604240283,0,8.59714285714285,1.4358245135184131,605.0020000000001,-1.0317321265053792,582.3852,2.81167859348073,578.20665,3.5546720190783048,0,0,621.1301520460531,588.873847953947,5.331602885958413,39.13607499917407,619.71,589.6,0,1,619.71,524.99,0,0,0.7674183776506194,-0.5514217379750281,Uptrend
2025-06-02 16:00:00,596.35,597.1,591.3,595.11,1188,187,0,42.29919955837703,1734.45,0.6849433538009168,0,8.541428571428566,1.4352688698607932,603.828,-1.4437886285498456,583.3654,2.0132493288083233,578.12555,2.9378480158851374,0,0,619.1917270697326,588.4642729302674,5.0887759659149925,41.403686719829885,619.71,589.6,0,1,619.71,530.8,0,0,-0.6095931591956649,-1.4130938970247122,Uptrend
2025-06-02 20:00:00,595.18,598.24,594.1,597.4,1069,186,0,55.01920828461669,1698.45,0.6293973917395272,0,7.679285714285705,1.285451241092351,602.7964999999999,-0.8952440832021995,584.4476,2.2161781483917484,577.9942,3.3574385348503495,0,0,616.8606541740385,588.7323458259614,4.666302532957159,41.78545824125647,618.21,589.6,0,1,619.71,530.8,0,0,0.38480280956461055,0.5385392123863904,Uptrend
2025-06-03 16:00:00,597.43,605.29,592.46,603.98,1647,186,0,55.46552009260794,1667.25,0.9878542510121457,0,7.934285714285701,1.3136669615360939,602.446,0.25462863061585467,585.6712,3.1261226435583684,577.89485,4.513822886637595,0,0,615.9901755203432,588.9018244796569,4.496394870359559,39.771874363062125,617.1,589.6,0,0,619.71,530.8,0,0,1.1014395714764147,0.8718017235620327,Uptrend
2025-06-03 20:00:00,603.98,604.42,601.52,602.41,1249,186,0,55.11008872822867,1645.35,0.759109004163248,0,7.781428571428559,1.29171636782732,602.0440000000001,0.06079289885786948,586.814,2.6577416353393075,577.7944,4.260269743008927,0,0,615.054663480779,589.0333365192212,4.322163656071294,37.34179884401069,617.1,589.6,0,0,619.71,530.8,0,0,-0.2599423821980973,1.2266639780880768,Uptrend
2025-06-04 16:00:00,602.6,604.49,597.44,598.18,1014,186,0,50.986484387136855,1628.1,0.6228118665929612,0,7.657142857142844,1.2800733653988505,601.5875,-0.5664180189914231,587.8808,1.7519197769343593,577.6170500000001,3.5599624353193664,0,0,614.4601505265424,588.7148494734575,4.279560505011301,33.802999164257216,617.1,589.6,0,1,619.71,530.8,0,0,-0.7021795786922524,0.13056578506862618,Uptrend
2025-06-04 20:00:00,598.24,600.54,598.1,598.1,1187,186,0,50.67830968345549,1603.4,0.74030185855058,0,7.466428571428553,1.2483578952396843,601.229,-0.5204339777356081,588.9019999999999,1.5618897541526593,577.45065,3.575950602878363,0,0,614.0691572379112,588.3888427620889,4.271303359588832,30.14198238598726,617.1,589.6,0,1,619.71,530.8,0,0,-0.013373900832513996,-0.9735421702705379,Uptrend
2025-06-05 16:00:00,597.11,606.64,592.02,602.99,1442,186,0,40.690043127695496,1583.95,0.9103822721676821,0,7.308571428571416,1.2120551631986296,601.0649999999999,0.3202648632011627,590.12,2.1809123568087854,577.30975,4.448261959892415,0,0,613.7164596619715,588.4135403380284,4.2096810368168365,29.99945989105739,617.1,589.6,0,0,619.71,530.8,0,0,0.8175890319344514,0.09627994223204146,Uptrend
2025-06-05 20:00:00,602.99,608.46,600.6,604.19,1736,186,0,39.992411307152345,1556.75,1.1151437289224346,0,7.594285714285702,1.2569366779135207,601.705,0.41299307800334273,591.2829999999999,2.1828802789865693,577.1152500000001,4.691393963337478,0,0,613.5660401602793,589.8439598397208,3.942476848382257,30.19067208792465,617.1,589.6,0,0,619.71,530.8,0,0,0.19900827542747024,1.0047143000434828,Uptrend
2025-06-06 16:00:00,616.87,620.17,608.44,609.7,1525,186,0,48.89665318131672,1534.55,0.9937766772017855,0,8.092857142857124,1.3273506876918357,602.3215,1.2250102312469389,592.415,2.9177181536591887,576.9747,5.6718778137065735,0,0,614.5110266088112,590.1319733911888,4.047515026048782,27.88735686656147,620.17,589.6,1,0,620.17,539.6,1,0,0.9119647792912744,1.9394750041799067,Uptrend
2025-06-06 20:00:00,609.7,614.85,609.35,612.29,1275,186,0,55.19198032910918,1511.1,0.843756204089736,0,8.027857142857126,1.3111200808207102,603.1265,1.519333008912724,593.6030000000001,3.1480636047998236,576.8480500000001,6.1440703492019955,0,0,615.7305248792774,590.5224751207226,4.179562622195312,25.22694929790423,620.17,589.6,1,0,620.17,544.1,1,0,0.4247990815154923,1.5423141345627547,Uptrend
2025-06-09 16:00:00,611.37,617.92,610.11,613.42,1249,188,0,61.5056818181818,1475.65,0.8464066682478907,0,7.896428571428552,1.2872792819648124,603.952,1.567674252258451,594.5254,3.1780980257529734,576.74265,6.359396170891807,0,0,616.9966530283916,590.9073469716084,4.319764825148893,23.777027073424403,620.17,591.3,1,0,620.17,546.75,1,0,0.18455307125708753,1.5276651384498094,Uptrend
2025-06-09 20:00:00,613.69,617.85,611.1,611.6,1026,186,0,58.03391199031094,1430.5,0.717231737154841,0,8.134285714285697,1.3300009343174783,604.6705,1.1459960424727311,595.4722,2.708405195070396,576.66245,6.0585789832509445,0,0,617.7391921586053,591.6018078413946,4.322583012931956,22.32710484894458,620.17,591.3,1,0,620.17,546.75,1,0,-0.29669720582959913,0.3116286698376213,Uptrend
2025-06-10 16:00:00,610.0,614.87,608.23,614.77,1159,186,0,73.76935521146297,1395.05,0.8307945951758002,0,7.78999999999998,1.267140556630932,604.763,1.65469779070478,596.4756000000001,3.0670827105081715,576.57885,6.623751460879982,0,0,618.1009586538639,591.4250413461361,4.410970464087218,21.607184322594488,620.17,591.3,1,0,620.17,546.75,1,0,0.5183126226291579,0.40503682895360343,Uptrend
2025-06-10 20:00:00,614.77,615.37,611.02,613.1,1254,186,0,67.75631500742956,1374.2,0.9125309270848493,0,7.594999999999978,1.2387864948621723,604.681,1.3923043720573296,597.5656,2.599614167883828,576.4704999999999,6.354097911341539,0,0,617.7786975075603,591.5833024924398,4.332101556873878,21.181840097057037,620.17,591.3,1,0,620.17,546.75,1,0,-0.2716463067488628,-0.05216654168431684,Uptrend
2025-06-11 16:00:00,616.36,624.86,614.49,623.57,1386,186,0,80.14830508474591,1352.55,1.0247310635466342,0,7.902142857142833,1.2672423075425103,605.3145000000001,3.0158702624833835,599.01,4.100098495851498,576.41105,8.181479171851407,0,0,620.7038530864883,589.9251469135119,5.084746222496966,21.831263734832998,624.86,591.3,1,0,624.86,546.75,1,0,1.7077148915348284,1.9571615434924832,Uptrend
2025-06-11 20:00:00,623.57,628.68,621.21,623.27,1619,186,0,78.61092678610932,1351.1,1.1982828806157946,0,8.13999999999997,1.306015049657447,606.138,2.8264190662852267,600.5233999999999,3.787795779481709,576.31985,8.146543972066901,0,0,623.4984700397066,588.7775299602935,5.728223618947028,23.621456629239397,628.68,591.3,1,0,628.68,546.75,1,0,-0.04811007585356908,1.3826309026139858,Uptrend
2025-06-12 16:00:00,617.6,624.39,614.87,622.62,1021,187,0,73.72708757637481,1319.7,0.7736606804576798,0,7.903571428571403,1.2694053240453893,607.165,2.5454365781953903,601.9072,3.441194921742092,576.25045,8.046770288856173,0,0,625.8911567698225,588.4388432301774,6.168391382844045,24.92016325633539,628.68,591.3,1,0,628.68,546.75,1,0,-0.10428867104144146,1.5527646387212495,Uptrend
2025-06-12 20:00:00,622.57,624.93,622.57,624.2,1006,186,0,77.7297022143041,1294.2,0.7773141709163962,0,7.864999999999968,1.2600128164049933,608.193,2.6318948097067976,603.3758,3.4512819373929178,576.1435,8.341064335534467,0,0,628.3100648690836,588.0759351309164,6.615355608855612,26.198932087514994,628.68,591.3,1,0,628.68,546.75,1,0,0.25376634223122085,0.10103115929246043,Uptrend
2025-06-13 16:00:00,611.27,619.1,608.6,616.9,1266,186,0,72.09631728045335,1291.55,0.9802175680384035,0,8.47571428571426,1.3739202927077743,609.328,1.2426804610981284,604.2958,2.0857666063540394,576.0053,7.099708978372238,0,0,628.6673556742278,589.9886443257722,6.347765300208695,26.33488147447019,628.68,591.3,1,0,628.68,546.75,1,0,-1.1694969561038215,-1.0220289762061394,Uptrend
2025-06-13 20:00:00,616.89,617.16,608.75,611.94,1545,186,0,64.64860287891624,1293.15,1.194756988748405,0,8.902142857142833,1.4547411277482813,609.987,0.32017075773747444,605.2388,1.107199340161286,575.83915,6.269259393009322,0,0,628.6981282396212,591.2758717603788,6.134926888481621,26.12582962734078,628.68,591.3,0,0,628.68,557.65,0,0,-0.8040201005025005,-1.7153319841958097,Uptrend
2025-06-16 16:00:00,622.53,631.28,619.33,629.21,1535,186,0,71.989265347199,1310.5,1.1713086608164822,0,9.239285714285684,1.4683946082048416,611.692,2.863859589466599,606.5197999999999,3.7410485197680474,575.7922,9.277270515300495,0,0,630.9030884647265,592.4809115352735,6.281294659641276,25.68590807012118,631.28,592.02,1,0,631.28,564.28,1,0,2.8221721083766305,0.8026273630246701,Uptrend
2025-06-16 20:00:00,629.31,630.22,625.52,626.07,1216,186,0,67.77128005198185,1317.85,0.9227150282657359,0,9.0135714285714,1.4397066507852794,613.1255,2.1112317135725167,607.7346,3.0170077530553714,575.75445,8.739064022866003,0,0,632.1237286985854,594.1272713014146,6.197174542107748,24.961810995630035,631.28,592.02,1,0,631.28,564.85,1,0,-0.499038476820135,1.4864645809693748,Uptrend
2025-06-17 16:00:00,627.31,630.52,624.09,625.37,1138,186,0,63.806167400881044,1292.4,0.8805323429278861,0,8.331428571428546,1.3322398854164008,614.1949999999999,1.819454733431576,608.4198,2.785938261706801,575.7239,8.62324805345063,0,0,633.4322516912141,594.9577483087858,6.264216312804296,25.15385064296692,631.28,592.02,1,0,631.28,564.91,1,0,-0.11180858370470892,2.1946596071510194,Uptrend
2025-06-17 20:00:00,625.4,626.82,622.1,622.55,1308,186,0,59.003159003158984,1295.35,1.0097657003898561,0,8.275714285714262,1.3293252406576601,615.202,1.1944044395174196,609.0618,2.2145864344143744,575.6650999999999,8.144474973382966,0,0,633.9439041890391,596.4600958109609,6.092926937506423,25.283089035321943,631.28,592.02,1,0,631.28,587.12,1,0,-0.4509330476358042,-1.058470145102602,Uptrend
2025-06-18 16:00:00,625.65,636.61,625.65,634.81,1350,190,0,65.70254000880927,1312.15,1.0288457874480814,0,8.722142857142842,1.3739769154775197,617.0335000000001,2.880961892668684,609.7366000000001,4.112169090718824,575.67445,10.272394406248178,0,0,635.929990651624,598.1370093483762,6.1249480462969785,25.573739365435568,636.61,592.02,1,0,636.61,589.52,1,0,1.9693197333547463,1.396010030827207,Uptrend
2025-06-18 20:00:00,635.01,638.66,633.1,633.79,1835,186,0,66.4834348536621,1344.55,1.364768881782009,0,8.637142857142837,1.3627767647237787,618.818,2.419451276465775,610.3538,3.839772931699612,575.6348,10.10279434113433,0,0,636.9097632901525,600.7262367098475,5.8472000782629046,26.042267797489824,638.66,592.02,1,0,638.66,589.6,1,0,-0.16067799814117878,1.3464029294657498,Uptrend
2025-06-20 16:00:00,636.6,640.81,635.28,639.6,1322,186,0,67.7483917083631,1338.55,0.9876358746404692,0,8.664285714285695,1.3546412936656809,620.6485,3.0534996862153068,611.0264,4.676328224116022,575.61125,11.116660767141013,0,0,639.3937891204714,601.9032108795286,6.040549238569463,26.0151853146245,640.81,600.6,1,0,640.81,589.6,1,0,0.9167074267501851,2.7387358445104923,Uptrend
2025-06-20 20:00:00,639.6,641.54,635.64,639.35,1568,186,0,69.1521961184882,1330.15,1.1788144194263803,0,8.774999999999977,1.3724876828028432,622.4065,2.72225627463723,611.6052,4.536390468884185,575.52405,11.09005783511567,0,0,641.247303731866,603.565696268134,6.054179617939724,25.95339586547688,641.54,608.23,1,0,641.54,589.6,1,0,-0.0390869293308338,0.7151746191774039,Uptrend
2025-06-23 16:00:00,635.66,644.1,628.62,632.5,1545,186,0,56.87875519950695,1331.15,1.1606505653006798,0,9.040714285714264,1.4293619424054171,623.5465,1.4358993274759722,611.9558000000001,3.3571378847949362,575.4036,9.922843722215157,0,0,641.9030107049977,605.1899892950024,5.887776037552168,23.146161654813422,644.1,608.23,1,0,644.1,589.6,1,0,-1.0714006412762989,-0.20353744931285817,Uptrend
2025-06-23 20:00:00,632.5,646.37,632.38,645.71,1736,186,0,64.41788743253663,1354.2,1.2819376753802982,0,9.506428571428557,1.4722442848071977,625.2175,3.277659374537671,612.5748,5.409167990586628,575.35995,12.22713711651289,0,0,645.2660420128656,605.1689579871344,6.413301615154918,20.00955234215358,646.37,608.23,1,0,646.37,589.6,1,0,2.088537549407121,0.9552845528455306,Uptrend
2025-06-24 16:00:00,654.22,662.14,653.82,660.52,1508,186,0,70.60230484888015,1367.15,1.1030245401016714,0,9.999999999999984,1.5139586992066834,627.5725,5.249991036892151,613.4133999999999,7.6794214146609905,575.39035,14.795112570101319,0,0,652.3043212877672,602.8406787122328,7.881741563808855,20.286473108676233,662.14,608.23,1,0,662.14,589.6,1,0,2.293599293800619,3.311175412528342,Uptrend
2025-06-24 20:00:00,660.65,662.76,659.26,660.75,1449,186,0,70.16440472249802,1388.3,1.0437225383562632,0,10.081428571428562,1.5257553645748865,630.03,4.87595828770059,614.2678,7.567090444916702,575.4405,14.82507748411868,0,0,657.6752672260466,602.3847327739534,8.775857411884068,20.521111860968457,662.76,608.23,1,0,662.76,589.6,1,0,0.03482105008174585,4.466403162055336,Uptrend
2025-06-25 16:00:00,661.42,665.39,660.1,664.1,1162,186,0,77.22658052607292,1388.45,0.8369044618099319,0,9.344999999999986,1.4071675952416782,632.4965,4.996628439841178,615.33,7.9258284172720295,575.51535,15.392230632944893,0,0,663.0577883959523,601.9352116040476,9.66370197967969,24.473538395154947,665.39,608.6,1,0,665.39,589.6,1,0,0.506999621642068,2.8480277523965847,Uptrend
2025-06-25 20:00:00,664.1,669.15,664.1,667.81,1295,186,0,82.69928596511755,1390.5,0.9313196691837469,0,9.104999999999986,1.3634117488507191,635.232,5.128519973804843,616.4772,8.326796189704973,575.6329499999999,16.013164291585465,0,0,668.1837143392305,602.2802856607694,10.37470226286791,28.557545253230668,669.15,608.6,1,0,669.15,589.6,1,0,0.5586508056015571,1.1036758917216682,Uptrend
2025-06-26 16:00:00,674.61,685.14,674.61,684.95,1482,186,0,82.6729191090269,1395.3,1.0621371748011181,0,8.961428571428566,1.308333246430917,638.301,7.308307522626473,618.03,10.827953335598608,575.83145,18.94973780956216,0,0,677.5173381097261,599.084661890274,12.287725731191411,31.24984248890636,685.14,608.6,1,0,685.14,589.6,1,0,2.5665982839430557,3.6625047294740893,Uptrend
2025-06-26 20:00:00,684.95,688.25,684.6,686.48,1246,186,0,86.09152825905117,1376.65,0.9050957033378128,0,8.886428571428562,1.294491983951253,641.4615,7.018114103496472,619.6542,10.784369733958082,576.0321,19.17391409263477,0,0,685.4725882081171,597.4504117918829,13.722129296338798,34.16813230552037,688.25,608.6,1,0,688.25,589.6,1,0,0.22337396890284023,3.369974401445565,Uptrend
2025-06-27 16:00:00,686.1,693.11,684.41,692.23,1407,186,0,87.67185034933509,1395.95,1.0079157562949963,0,9.048571428571424,1.3071625657038015,644.942,7.332132191731971,621.3734,11.403223890819929,576.25505,20.1256284001329,0,0,693.4585111775529,596.4254888224472,15.045232339513582,38.65514060610872,693.11,608.6,1,0,693.11,589.6,1,0,0.8376063395874711,3.6567287102619117,Uptrend
2025-06-27 20:00:00,692.34,692.76,684.6,689.58,1485,186,0,87.8401264536525,1419.9,1.0458482991759983,0,9.294285714285706,1.3478183407705715,648.211,6.38202684002586,623.3372,10.627121243525973,576.49615,19.61571642759455,0,0,699.570188344131,596.851811655869,15.846441465550873,43.7561756813298,693.11,608.6,1,0,693.11,589.6,1,0,-0.3828207387717941,0.6759617490327754,Uptrend
2025-06-30 16:00:00,704.59,709.78,701.1,705.6,1757,186,0,88.33531896458358,1444.45,1.2163799370002422,0,9.732857142857126,1.379373177842563,652.646,8.113740067356586,625.5018,12.805430775738778,576.7871,22.332833033193705,0,0,707.7996107135003,597.4923892864996,16.901539491087167,48.31211653321109,709.78,608.75,1,0,709.78,589.6,1,0,2.3231532237013797,2.785223167463,Uptrend
2025-06-30 20:00:00,705.6,707.84,703.87,705.94,1546,186,0,89.36170212765958,1444.5,1.0702665282104535,0,9.619285714285704,1.3626208621533988,657.346,7.392453897947207,627.6968,12.465126475075227,577.01635,22.343153707862882,0,0,713.8970401598184,600.7949598401816,17.20586727836433,52.65693692823215,709.78,619.33,1,0,709.78,589.6,1,0,0.048185941043077385,1.9805555956835208,Uptrend
2025-07-01 16:00:00,708.22,711.84,699.64,705.1,2154,188,0,87.78264882325793,1475.45,1.4598935917855569,0,9.989285714285709,1.4167190064225936,661.1405000000001,6.649040559457473,629.8606,11.945405062644028,577.2437,22.149449184114097,0,0,719.8842631090316,602.3967368909686,17.77043249022909,55.82731476604927,711.84,622.1,1,0,711.84,589.6,1,0,-0.11899028246027399,2.2506453203399146,Uptrend
2025-07-01 20:00:00,705.1,708.38,703.32,705.08,1820,186,0,88.0161943319838,1505.65,1.2087802610168366,0,9.929285714285706,1.4082495198113272,665.0910000000001,6.012560687184147,632.0176,11.560184399928106,577.4329,22.10596244169669,0,0,724.5270368799897,605.6549631200105,17.873054027190143,58.96336638785175,711.84,622.1,1,0,711.84,589.6,1,0,-0.0028364770954469876,-0.07369614512471398,Uptrend
2025-07-02 16:00:00,709.1,717.68,705.1,714.7,1481,186,0,96.06590450571622,1522.8,0.9725505647491464,0,9.723571428571413,1.3605109036758658,669.5575,6.742139398035276,634.0532,12.719248164034202,577.6546,23.72445402494849,0,0,729.8451514806484,609.2698485193516,18.008207355051173,64.78457096857889,717.68,622.1,1,0,717.68,591.3,1,0,1.3643841833550718,1.2408986599427698,Uptrend
2025-07-02 20:00:00,714.92,715.64,710.98,714.84,1226,186,0,95.39067629678267,1518.7,0.8072693751234609,0,9.057142857142837,1.2670167949671027,674.172,6.032288496110786,636.0552,12.386472117514332,577.90235,23.6956381990833,0,0,733.4293014288625,614.9146985711376,17.579282862196123,70.74093830593185,717.68,625.65,1,0,717.68,591.3,1,0,0.019588638589618235,1.3813643454829114,Uptrend
2025-07-03 16:00:00,713.23,724.75,713.23,721.39,1732,186,0,94.82987185152453,1537.8,1.1262843022499676,0,8.706428571428555,1.2068962102924292,678.501,6.321140278348891,638.265,13.02358738141681,578.1727999999999,24.77065680018155,0,0,738.2982884088576,618.7037115911423,17.626293375796834,74.56582971705377,724.75,628.62,1,0,724.75,591.3,1,0,0.9162889597672086,2.3132126850853725,Uptrend
2025-07-07 16:00:00,720.53,721.69,707.66,709.98,1414,186,0,81.13064373340082,1516.75,0.9322564694247569,0,9.458571428571418,1.3322306865786948,682.3105,4.055265161535689,640.3286,10.87744636113395,578.5505,22.717031616081908,0,0,739.776751322425,624.8442486775751,16.844604127424365,77.44058377308365,724.75,628.62,0,0,724.75,591.3,0,0,-1.5816687228822124,-0.6604169581642685,Uptrend
2025-07-07 20:00:00,710.1,711.35,705.35,709.28,1731,186,0,79.56032452237633,1537.2,1.1260733801717409,0,9.509285714285706,1.3406955947278518,685.7945,3.424568146871986,642.4726,10.398482363294544,578.8892000000001,22.52431035161822,0,0,740.7522056423678,630.8367943576321,16.027455933918354,77.58024861516469,724.75,628.62,0,0,724.75,591.3,0,0,-0.09859432660075385,-0.7777964299703513,Uptrend
2025-07-08 16:00:00,700.48,706.63,692.81,698.28,2029,186,0,68.19973718791066,1560.25,1.300432622977087,0,10.324999999999998,1.4786332130377495,688.741,1.3849908746538957,644.3654,8.367084886929055,579.21765,20.555718562788947,0,0,739.3620245066684,638.1199754933316,14.69958213803691,75.77801108240526,724.75,628.62,0,0,724.75,591.3,0,0,-1.5508684863523525,-3.2035376148823818,Uptrend
2025-07-08 20:00:00,698.46,699.34,694.27,695.15,1499,186,0,57.31707317073167,1557.95,0.9621618152058795,0,9.449285714285711,1.3593160777221769,691.8734999999999,0.47356922905705384,646.3844,7.544365241487874,579.5714499999999,19.942070990556914,0,0,735.0465731261668,648.7004268738331,12.480048195563743,73.02542640438233,724.75,632.38,0,0,724.75,591.3,0,0,-0.4482442573179757,-2.0887912335558805,Uptrend
2025-07-09 16:00:00,699.31,700.28,693.73,695.1,1319,186,0,56.31779536792731,1537.1,0.8581094268427559,0,9.656428571428567,1.3892142959902987,694.3430000000001,0.10902392621513404,648.3112,7.2170278717998455,579.90785,19.863871475442167,0,0,731.6495977514559,657.0364022485443,10.745869909095589,69.95713029603537,724.75,653.82,0,0,724.75,591.3,0,0,-0.00719269222468899,-1.9992104669523953,Uptrend
2025-07-09 20:00:00,695.27,699.35,694.97,694.97,1002,186,0,52.18849840255592,1511.8,0.6627860828151872,0,9.347857142857135,1.345073476964061,696.0654999999999,-0.1573846139479549,650.3084,6.867756898111729,580.2568,19.769384865459575,0,0,729.8076282671892,662.3233717328106,9.695101471683136,66.20916256028224,724.75,659.26,0,0,724.75,591.3,0,0,-0.018702344986332164,-0.47402188233945486,Uptrend
2025-07-10 16:00:00,698.18,707.52,696.11,706.05,1244,186,0,61.59369280585665,1501.55,0.828477240185142,0,9.661428571428562,1.3683773913219408,698.3305,1.105422146104162,652.4814,8.209981158083579,580.7151,21.582855345073675,0,0,727.9168570799552,668.7441429200449,8.47345406793923,62.72978062712105,724.75,660.1,0,0,724.75,591.3,0,0,1.5943134236010126,1.5680069049845324,Uptrend
2025-07-10 20:00:00,706.06,709.31,705.88,707.27,1252,186,0,51.484972434643396,1506.05,0.8313137014043359,0,8.463571428571422,1.1966535309812973,700.4889999999999,0.968038041996386,654.5472,8.054850742620243,581.1806499999999,21.695379913285155,0,0,725.5065920419692,675.4714079580307,7.142893619162968,57.854234273313814,724.75,664.1,0,0,724.75,592.02,0,0,0.17279229516322658,1.7508272191051586,Uptrend
2025-07-11 16:00:00,701.4,704.52,699.1,702.17,955,186,0,46.909329398261924,1489.05,0.6413485107954736,0,8.763571428571415,1.248069759256507,702.207,-0.005269101561225473,656.5424,6.949680629918175,581.6027499999999,20.730171925768932,0,0,721.9357277579377,682.4782722420623,5.6190632556889035,52.167098431432564,724.75,674.61,0,0,724.75,592.02,0,0,-0.7210824720403797,1.0360159431342262,Uptrend
2025-07-11 20:00:00,702.17,704.39,700.86,703.53,1125,186,0,48.72378475044704,1471.2,0.7646818923327895,0,8.144285714285697,1.1576316168870833,703.136,0.05603467892413495,658.6494,6.814034902331947,582.035,20.874174233508295,0,0,721.115481170416,685.1565188295839,5.114083525922746,47.14894393036832,724.75,684.41,0,0,724.75,592.02,0,0,0.1936852898870578,-0.3569152326322473,Uptrend
2025-07-14 16:00:00,702.84,711.79,702.83,709.88,1195,240,0,53.537735849056574,1468.65,0.8136724202498893,0,8.422857142857124,1.1865184457735285,704.3059999999999,0.7914173668831544,660.885,7.41354395999304,582.4922,21.86944305863666,0,0,720.6971046478997,687.9148953521002,4.654540682004623,42.945096539639586,724.75,684.41,0,0,724.75,592.02,0,0,0.9025912185692153,0.3690245592206673,Uptrend
2025-07-14 20:00:00,709.88,712.17,709.33,711.47,1093,240,0,47.29978264504262,1452.95,0.7522626380811452,0,7.725714285714267,1.085880541092986,705.268,0.8793820221532805,663.0546,7.3018722741686695,583.01575,22.032723815780276,0,0,720.9164989695323,689.6195010304677,4.437603569007039,36.56261548961456,724.75,684.6,1,0,724.75,592.02,1,0,0.2239815180030469,1.3244655852571412,Uptrend
2025-07-15 16:00:00,709.57,710.53,700.83,700.83,1261,243,0,40.03697909258995,1441.75,0.8746315241893532,0,8.152857142857126,1.163314518907171,705.8305,-0.7084562086789942,664.9874000000001,5.389966787340623,583.4784500000001,20.112405179660016,0,0,719.8260864847489,691.8349135152512,3.9657074849411735,31.13734599702531,724.75,692.81,0,1,724.75,592.02,0,0,-1.4954952422449264,-0.38377894332863305,Uptrend
2025-07-15 20:00:00,700.83,703.19,698.84,700.11,1216,240,0,33.49875930521094,1414.7,0.8595461935392662,0,7.640714285714272,1.0913591129557172,705.556,-0.771873529528489,666.7955999999999,4.996193736131446,583.87355,19.907812230918832,0,0,719.7840455439057,691.3279544560944,4.033144227787911,27.292168075825657,724.75,692.81,0,1,724.75,600.6,0,0,-0.10273532811095887,-1.3762889502451092,Uptrend
2025-07-16 16:00:00,703.58,706.0,690.13,702.19,2903,240,0,42.937443336355436,1482.55,1.958112711207042,0,7.772142857142837,1.106843284174203,705.3684999999999,-0.4506155293296868,668.5936,5.024935925201799,584.2843,20.179508502966794,0,0,719.6738648751082,691.0631351248917,4.056139415102387,24.19737131464734,724.75,690.13,0,1,724.75,608.23,0,0,0.29709617060176274,-1.3043417150406866,Uptrend
2025-07-16 20:00:00,702.27,708.33,700.84,705.99,1729,240,0,47.175965665236085,1461.3,1.1831930472866625,0,7.8785714285714095,1.1159607683637742,705.4129999999999,0.08179605422640523,670.445,5.301702600511594,584.7936,20.724645413356104,0,0,719.7203850639406,691.1056149360592,4.056456306855908,20.99733638255907,724.75,690.13,0,0,724.75,608.23,0,0,0.5411640724020561,0.7362698514618335,Uptrend
2025-07-17 16:00:00,705.53,715.99,703.03,707.97,1986,240,0,59.84156002437543,1469.6,1.3513881328252586,0,7.627857142857124,1.0774266060506976,705.5575,0.34192819153648324,672.3724000000001,5.294327964681468,585.44625,20.92826625843108,0,0,719.9090322856767,691.2059677143233,4.068139672720292,18.487272281176036,724.75,690.13,0,0,724.75,608.23,0,0,0.28045723027239067,1.1226807216008932,Uptrend
2025-07-17 20:00:00,707.85,710.44,703.78,704.95,1403,240,0,59.97557003257336,1465.7,0.9572218052807532,0,7.741428571428555,1.098152857852125,705.07,-0.017019586707703423,674.176,4.564683406113537,586.071,20.284061146175127,0,0,718.7611142908739,691.3788857091262,3.883618446643279,16.867450013856917,724.75,690.13,0,0,724.75,608.23,0,0,-0.42657174739042514,0.3930560104814923,Uptrend
2025-07-18 16:00:00,702.92,709.09,697.62,705.03,1419,240,0,60.10172939979649,1475.35,0.961805673230081,0,8.092857142857131,1.147874153278177,704.5795,0.06393884579382737,676.0146000000001,4.292126235143424,586.6628000000001,20.17636025328347,0,0,717.4767318123119,691.6822681876882,3.6609727681012045,15.041770225072895,724.75,690.13,0,0,724.75,608.23,0,0,0.01134832257605467,-0.13597926316237288,Uptrend
2025-07-18 20:00:00,705.82,708.03,704.94,706.21,1258,240,0,61.19521912350597,1451.65,0.8666000757758412,0,8.000714285714269,1.1329086653706784,703.8205,0.33950417755663526,677.6674,4.211889195201066,587.2336,20.26048918181794,0,0,714.0664470292293,693.5745529707708,2.911522761621529,13.570219221971447,721.69,690.13,0,0,724.75,608.6,0,0,0.16736876444973792,-0.24859810443945235,Uptrend
2025-07-21 16:00:00,705.42,711.25,702.83,709.14,1060,240,0,53.674197384066616,1433.95,0.7392168485651521,0,7.7057142857142695,1.086628068606237,703.7785,0.761816395357343,679.3847999999999,4.379727070726348,587.9165,20.619169558942456,0,0,713.9245353158775,693.6324646841225,2.883303572324957,12.341813494613888,715.99,690.13,1,0,724.75,608.6,0,0,0.41489075487459726,0.5943683949216173,Uptrend
2025-07-21 20:00:00,709.31,710.33,704.52,704.52,1075,240,0,46.97469746974698,1401.15,0.7672269207436748,0,7.875714285714277,1.117883706028825,703.5405000000001,0.1392243943312313,681.0228,3.450280959756417,588.6056,19.693050830641095,0,0,713.3612631282151,693.719736871785,2.791811737409587,12.63619783550989,715.99,690.13,1,0,724.75,608.6,0,0,-0.6514933581521332,-0.07233734734692011,Uptrend
2025-07-22 16:00:00,700.7,702.45,690.71,700.83,1486,241,0,48.4786557674842,1374.0,1.081513828238719,0,8.27857142857142,1.1812524333392433,703.668,-0.40331519978171027,682.5554,2.677379740897234,589.3634000000001,18.913050929189012,0,0,713.2648626452103,694.0711373547897,2.7276677766248594,14.40809455516889,715.99,690.13,0,1,724.75,608.6,0,0,-0.5237608584568121,-0.7618130584387073,Uptrend
2025-07-22 20:00:00,700.84,703.43,698.84,698.84,1370,240,0,44.750391761808885,1367.55,1.0017915249899456,0,8.3542857142857,1.1954504198794715,703.8525000000001,-0.7121520489022977,684.1942000000001,2.1405910777963175,590.0713,18.43314528261247,0,0,712.8851469279924,694.8198530720077,2.566630630136952,15.995617513400216,715.99,690.13,0,1,724.75,608.6,0,0,-0.2839490318622184,-1.4524635473954304,Uptrend
2025-07-23 16:00:00,702.83,708.66,700.35,706.65,1192,240,0,46.499024495989566,1361.2,0.8756979136056421,0,8.415714285714273,1.190931052956099,704.4300000000001,0.3151484178697548,686.0884,2.996931590739619,590.9105999999999,19.586617671099496,0,0,712.535826364541,696.3241736354591,2.3013859047856897,17.088784283068556,715.99,690.13,1,0,724.75,608.6,0,0,1.1175662526472285,0.3023335036620672,Uptrend
2025-07-23 20:00:00,706.65,717.8,706.34,716.13,2018,240,0,54.31321732691594,1412.0,1.4291784702549575,0,9.03142857142856,1.26114372689715,705.488,1.5084593926473502,687.8268,4.11487310468274,591.868,20.994883994404145,0,0,713.9123646644395,697.0636353355607,2.3882375503025974,18.05669155954663,717.8,690.13,1,0,724.75,608.75,1,0,1.3415410740819311,2.183125722357769,Uptrend
2025-07-24 16:00:00,718.53,724.43,713.03,720.23,1376,240,0,70.42965459140693,1418.6,0.969970393345552,0,9.085714285714273,1.2615017821687895,706.197,1.987122573446222,689.71,4.425048208667408,592.82,21.49218987213656,0,0,716.8993285218185,695.4946714781815,3.0309753572497358,17.64083625557615,724.43,690.13,1,0,724.75,619.33,1,0,0.5725217488444789,3.0607864461106957,Uptrend
2025-07-24 20:00:00,720.23,722.99,716.94,717.94,1160,240,0,68.17533129459744,1414.0,0.8203677510608204,0,9.20714285714284,1.2824390418618323,706.7305,1.5861067266801203,691.5614,3.8143540110827474,593.7325,20.919774477563564,0,0,718.6523375040571,694.8086624959429,3.3738001979699663,15.935742556099198,724.43,690.13,1,0,724.75,622.1,1,0,-0.3179539869208381,1.5976791905469578,Uptrend
2025-07-25 16:00:00,717.79,727.18,717.79,724.09,1233,240,0,70.61370481927717,1427.9,0.8635058477484417,0,8.744285714285695,1.2076241509046797,707.8265,2.297667578142387,693.5922,4.397079436591124,594.7114999999999,21.75483406660207,0,0,721.8313732495621,693.8216267504379,3.957148609034032,15.687353556593138,727.18,690.13,1,0,727.18,622.1,1,0,0.8566175446416135,1.1115300294639292,Uptrend
2025-07-25 20:00:00,724.09,728.6,723.59,726.83,1263,240,0,70.01536688436428,1434.8,0.880262057429607,0,8.567142857142837,1.1786996762850785,708.9915,2.5160386266972266,695.4326,4.514801290592368,595.695,22.013782220767336,0,0,725.1953127741748,692.7876872258252,4.57094697868023,15.889631926353404,728.6,690.13,1,0,728.6,622.1,1,0,0.3784059992542277,0.9163739361037478,Uptrend
2025-07-28 16:00:00,727.58,727.9,721.0,722.52,1056,240,0,63.375620518477646,1427.85,0.7395734846097279,0,8.13428571428569,1.1258215294089702,709.6235,1.817372169890082,697.2072000000001,3.6305993397658436,596.6220500000001,21.101793002789606,0,0,726.9222328711334,692.3247671288667,4.87546787025326,16.069298144331057,728.6,690.13,1,0,728.6,625.65,1,0,-0.5929859802154658,0.6379363177981345,Uptrend
2025-07-28 20:00:00,722.71,724.29,721.78,722.19,1097,240,0,66.6731141199227,1428.05,0.7681803858408319,0,7.8378571428571115,1.0852901788805038,710.1595,1.6940560536048699,698.8589999999999,3.338441659905665,597.5446,20.859597760568853,0,0,728.3409288998847,691.9780711001152,5.120378985251831,16.24896436230871,728.6,690.13,1,0,728.6,628.62,1,0,-0.045673476166741,-0.2623983206507447,Uptrend
2025-07-29 16:00:00,726.87,729.93,720.83,729.73,1046,240,0,70.87559161595681,1417.3,0.7380230014816905,0,7.668571428571389,1.0508779176642578,711.6045,2.547131166258784,700.6666,4.147964238626474,598.5206,21.922286384127812,0,0,731.2024864432813,692.0065135567188,5.5081120041487175,18.237212604998597,729.93,690.13,1,0,729.93,628.62,1,0,1.044046580539737,0.3989928869199093,Uptrend
2025-07-29 20:00:00,729.84,732.58,728.23,730.57,1569,240,0,70.70724243454615,1434.95,1.0934178891250566,0,7.758571428571396,1.0619887797981569,713.1274999999999,2.44591605287976,702.628,3.976784301223408,599.5253,21.85807671502771,0,0,733.6755754637171,692.5794245362828,5.7628055189898495,20.450469961672418,732.58,690.13,1,0,732.58,628.62,1,0,0.1151110684773915,1.1141560095222371,Uptrend
2025-07-30 16:00:00,734.38,735.71,728.24,732.97,1113,240,0,70.44089895350841,1345.45,0.8272325244342041,0,7.690714285714258,1.0492536237109646,714.6665,2.561124664441384,704.3732000000001,4.059893249771558,600.5883,22.04200448127278,0,0,736.3449474827562,692.9880525172439,6.066731120811219,22.16186900286836,735.71,690.71,1,0,735.71,628.62,1,0,0.3285106149992334,1.49268198119608,Uptrend
2025-07-30 20:00:00,733.15,734.63,722.17,728.29,1589,240,0,70.36846615252787,1338.45,1.1871941424782397,0,8.165714285714257,1.1212174114314708,715.7814999999999,1.747530496387519,705.7286,3.1968946702740877,601.6134500000001,21.05613662726455,0,0,737.8709843045635,693.6920156954363,6.172130546699964,22.65974371372207,735.71,690.71,1,0,735.71,632.38,1,0,-0.6384981649999455,-0.19733326024694814,Uptrend
2025-07-31 16:00:00,730.83,732.68,719.06,728.17,1286,240,0,74.95436290617008,1303.45,0.9866124515708312,0,8.152142857142833,1.119538412340914,716.7915,1.5874211678012249,707.077,2.9831263073187166,602.59005,20.840030465156193,0,0,739.2217129656334,694.3612870343667,6.258504171891927,24.371338242389207,735.71,690.71,1,0,735.71,653.82,1,0,-0.016476952862187755,-0.3285106149992596,Uptrend
2025-07-31 20:00:00,728.17,728.17,719.93,721.46,1313,240,0,69.00840336134458,1298.95,1.0108164286539127,0,8.412857142857124,1.1660878139962192,717.6170000000001,0.5355224304886813,708.2242,1.86887146753811,603.51,19.5440009279051,0,0,739.4186823107394,695.8153176892607,6.076133177095679,26.14952594328934,735.71,690.71,1,0,735.71,659.26,1,0,-0.9214881140392928,-1.5703234784506854,Uptrend
2025-08-01 16:00:00,701.11,712.99,692.88,706.56,2027,240,0,49.93242228562845,1329.35,1.5248053560010533,0,9.752857142857133,1.3803296454451333,717.6935000000001,-1.5512889555221188,708.9992,-0.3440342386846174,604.34235,16.913865129590857,0,0,739.3192451590384,696.0677548409618,6.026457020730513,24.74827017820377,735.71,690.71,0,0,735.71,660.1,0,0,-2.065256563080431,-2.9837015474604924,Uptrend
2025-08-01 20:00:00,706.56,710.35,704.73,707.6,1861,240,0,42.66552020636289,1359.5,1.3688856197131298,0,9.33571428571428,1.3193491076475805,717.763,-1.41592698425525,709.4522000000001,-0.2610746714155004,605.1572,16.92829565607086,0,0,739.2417896355913,696.2842103644088,5.984925284694609,25.588079701785933,735.71,690.71,0,0,735.71,664.1,0,0,0.14719202898552108,-2.8248897922188414,Uptrend
2025-08-04 16:00:00,716.56,724.3,715.58,722.99,1358,242,0,51.98732718894008,1374.4,0.9880675203725261,0,9.714285714285706,1.343626566658696,718.4555,0.6311455615553058,710.1824,1.8034240217724318,606.01545,19.30223891156571,0,0,739.6549622324914,697.2560377675087,5.901398829152627,25.948727101019028,735.71,690.71,1,0,735.71,674.61,1,0,2.1749576031656392,0.2120699692290595,Uptrend
2025-08-04 20:00:00,722.99,725.5,721.33,724.14,1258,240,0,54.53879941434841,1383.55,0.9092551769000037,0,9.579999999999993,1.322948601099234,719.4365,0.6537755590660138,710.8206,1.8738061333619165,606.88325,19.32113796187323,0,0,739.7166425044169,699.1563574955832,5.637785267891428,25.953571227195656,735.71,690.71,1,0,735.71,684.41,1,0,0.1590616744353346,2.4881114130434843,Uptrend
2025-08-05 16:00:00,724.83,727.52,712.93,717.9,1512,241,0,45.47448457376806,1384.85,1.0918149980142255,0,9.951428571428567,1.386185899349292,720.29,-0.3318107984284089,711.3870000000002,0.915535425865219,607.73365,18.12740663611435,0,0,738.6156484052581,701.9643515947419,5.088408392524708,25.602146796978854,735.71,692.88,0,0,735.71,684.41,0,0,-0.8617118236804999,1.4556246466930405,Uptrend
2025-08-05 20:00:00,717.9,721.66,716.92,718.96,1100,243,0,44.10133413281368,1371.35,0.8021292886571627,0,9.932142857142853,1.3814597275429583,721.296,-0.32386149375568596,711.6542,1.0265940958403803,608.58445,18.13643940458881,0,0,736.6282177473479,705.9637822526522,4.251297039592023,25.49068527737054,735.71,692.88,0,0,735.71,684.6,0,0,0.14765287644520342,-0.5574074330211999,Uptrend
2025-08-06 16:00:00,722.05,727.09,719.93,723.57,1529,240,0,50.783465154454596,1388.2,1.1014263074484945,0,10.019999999999998,1.3848003648575806,722.142,0.19774504183387714,712.0068000000001,1.6240294334267504,609.44685,18.725693635138157,0,0,735.8530537043537,708.4309462956464,3.797328975285641,25.737511125635447,735.71,692.88,1,0,735.71,690.13,1,0,0.6412039612774034,-0.07871406081696031,Uptrend
2025-08-06 20:00:00,723.24,725.4,722.29,722.29,1599,240,0,50.07357268981747,1367.25,1.1695008228195283,0,10.062857142857142,1.3931879359893038,722.45,-0.022146861374500913,712.3506,1.395296080328981,610.3103,18.347994454624146,0,0,735.865993597568,709.034006402432,3.714026880079726,25.98433697390035,735.71,692.88,1,0,735.71,690.13,1,0,-0.17690064541096007,0.6115057807494061,Uptrend
2025-08-07 16:00:00,728.44,730.45,715.83,717.85,1738,240,0,40.84181313598524,1385.35,1.2545566102428989,0,10.457142857142864,1.4567309127454016,722.3309999999999,-0.6203527191827405,712.6060000000001,0.735890520147166,611.1443,17.459984491387708,0,0,735.8715479170597,708.7904520829401,3.749125516434938,25.306218336663516,735.71,692.88,0,0,735.71,690.13,0,0,-0.6147115424552374,-0.1543896739735192,Uptrend
2025-08-07 20:00:00,717.85,720.33,717.33,718.73,1914,240,0,40.87827426810478,1423.05,1.344998418889006,0,10.360714285714291,1.4415307953910774,722.3705,-0.5039657627214809,712.6866,0.8479744111928047,611.9555,17.448082417757497,0,0,735.8616331114564,708.8793668885436,3.7352392190590304,24.682601941905027,735.71,692.88,0,0,735.71,690.13,0,0,0.12258828446054526,-0.6689055654601533,Uptrend
2025-08-08 16:00:00,719.83,726.35,717.33,722.01,1048,240,0,41.669200364852536,1413.8,0.7412646767576744,0,10.471428571428573,1.4503162797507754,722.2665,-0.03551320738258801,712.83,1.2878245865072948,612.76525,17.82815686757693,0,0,735.733869180023,708.7991308199769,3.7291966829482113,23.405504479678644,735.71,692.88,1,0,735.71,690.13,1,0,0.4563605248145919,-0.0387655927674442,Uptrend
2025-08-08 20:00:00,721.84,725.02,718.83,719.64,1328,240,0,43.18575705057511,1417.05,0.9371581807275678,0,10.023571428571424,1.3928591279766862,721.907,-0.31402936943402027,712.795,0.9603041547710109,613.55535,17.290151573122134,0,0,735.2446855878958,708.5693144121043,3.695125712285862,22.65205585713205,735.71,692.88,0,0,735.71,690.13,0,0,-0.328250301242361,0.24935571498223355,Uptrend
2025-08-11 16:00:00,717.83,720.84,714.34,717.58,860,240,0,41.90490750649755,1407.25,0.6111209806359922,0,9.514999999999995,1.3259845592129094,721.6600000000001,-0.565363190422088,712.947,0.6498379262413669,614.3346,16.806053248506597,0,0,735.1321763958747,708.1878236041255,3.7336630534807553,20.15755694140776,735.71,692.88,0,0,735.71,690.13,0,0,-0.28625423823022134,-0.1600044522977999,Uptrend
2025-08-11 20:00:00,717.58,719.58,715.11,718.05,1007,240,0,47.118472198749295,1402.75,0.7178756014970593,0,9.245714285714282,1.2876142727824362,721.453,-0.4716869983214458,713.1224000000001,0.6909893729323142,615.1553,16.726621716499874,0,0,735.0177920425398,707.8882079574602,3.760409075169084,17.73089033802139,735.71,692.88,0,0,735.71,690.13,0,0,0.065497923576463,-0.548468857772058,Uptrend
2025-08-12 16:00:00,727.71,746.02,726.5,742.51,1900,240,0,76.15306270915178,1445.45,1.3144695423570514,0,9.202142857142851,1.2393291480441815,722.092,2.8276175334998874,714.007,3.991977669686718,616.04165,20.529188245632415,0,0,738.2539378723261,705.9300621276739,4.476420697729963,20.708871045976043,746.02,692.88,1,0,746.02,690.13,1,0,3.406448018940189,3.1779778778278036,Uptrend
2025-08-12 20:00:00,742.35,746.79,740.01,742.21,1354,240,0,75.45227239299902,1434.7,0.9437513068934271,0,9.284999999999993,1.2509936540871172,722.674,2.703293601264202,714.9482,3.8131154117179387,616.9319,20.3066335198423,0,0,740.8359734610382,704.5120265389618,5.026325413959324,22.59212838895939,746.79,692.88,1,0,746.79,690.13,1,0,-0.04040349624919726,3.4323699099751934,Uptrend
2025-08-13 16:00:00,740.95,747.48,730.89,736.03,1258,240,0,61.0922082340932,1441.95,0.872429695897916,0,9.277142857142858,1.2604299902371991,722.827,1.8265781438712132,715.7668000000001,2.830977910682623,617.7246,19.151803246948553,0,0,741.4010567232189,704.2529432767811,5.139281383572794,23.502380993061625,747.48,692.88,1,0,747.48,690.13,1,0,-0.8326484418156643,2.5040038994499016,Uptrend
2025-08-13 20:00:00,736.03,744.88,736.03,743.45,1322,240,0,64.84242890084553,1428.6,0.9253814923701527,0,9.611428571428576,1.2928143885168573,723.585,2.745358181830747,716.7364,3.727116412672782,618.5600499999999,20.190432602299506,0,0,744.2206946753993,702.9493053246008,5.7037375499489995,24.46091633296391,747.48,692.88,1,0,747.48,690.13,1,0,1.0081110824287087,0.12659762158086146,Uptrend
2025-08-14 16:00:00,739.77,743.47,737.34,739.36,937,243,0,67.05882352941177,1411.15,0.6639974488892038,0,9.007142857142858,1.2182350758957554,724.1445,2.101169034633284,717.4025999999999,3.0606802930460697,619.3598999999999,19.374857816917128,0,0,745.8810522613404,702.4079477386596,6.00337426061799,25.49734746454721,747.48,692.88,1,0,747.48,690.13,1,0,-0.5501378707377769,-0.38398835908974854,Uptrend
2025-08-14 20:00:00,738.83,746.81,738.83,744.57,872,240,0,69.09768829231916,1389.1,0.6277445828234108,0,9.238571428571422,1.2407928641459394,725.3,2.6568316558665517,718.1486,3.679099283908659,620.1861,20.055899350211178,0,0,748.8195775114104,701.7804224885895,6.485475668388388,26.589998453924412,747.48,692.88,1,0,747.48,690.13,1,0,0.7046634927504902,1.1602787929839922,Uptrend
2025-08-15 16:00:00,744.39,745.16,730.98,731.66,1171,240,0,55.36828135368275,1346.3,0.869791279803907,0,9.670714285714277,1.321749758865358,726.5550000000001,0.702630908878186,718.7384000000001,1.7978168412874413,620.9316,17.832624398564988,0,0,748.4894549918373,704.6205450081628,6.037933808682685,27.016227461086714,747.48,704.73,0,0,747.48,690.13,0,0,-1.7338866728447422,-1.5858497545228432,Uptrend
2025-08-15 20:00:00,731.66,732.49,728.38,729.33,1296,240,0,54.60732984293199,1318.05,0.9832707408671902,0,9.742142857142849,1.3357660945172758,727.6415,0.23205108559642215,719.2544,1.4008395360528914,621.6533999999999,17.321002346323553,0,0,747.6946948104217,707.5883051895783,5.511833728675922,27.13521109268698,747.48,712.93,0,0,747.48,690.13,0,0,-0.3184539266872455,-1.3565786626271332,Uptrend
2025-08-18 16:00:00,727.76,729.73,722.15,726.64,777,240,0,55.8874748827863,1289.0,0.6027928626842514,0,9.239285714285709,1.2715079976722599,727.824,-0.1626766910681661,719.5895999999999,0.9797806972196489,622.3521999999999,16.75703885998958,0,0,747.7650757245463,707.8829242754537,5.4796422554206226,26.379769657293128,747.48,712.93,0,1,747.48,690.13,0,0,-0.3688316674207881,-2.408101320225105,Uptrend
2025-08-18 20:00:00,726.64,730.22,724.97,729.45,897,240,0,56.99921650561505,1270.95,0.705771273456863,0,9.399999999999993,1.2886421276304054,728.0895,0.18685889578135678,719.9492,1.319648664100193,623.1422500000001,17.059948992384953,0,0,747.965341432026,708.2136585679741,5.459724781644546,25.390949436037033,747.48,712.93,0,0,747.48,690.13,0,0,0.3867114389519033,-0.3020528660853296,Uptrend
2025-08-19 16:00:00,727.83,728.43,717.83,718.74,1006,240,0,48.05380311867636,1245.65,0.8076104844860112,0,9.58571428571428,1.3336831518649692,728.1315000000001,-1.2898082283214038,720.3074,-0.21760154067555332,623.8725,15.206232042604869,0,0,747.9200403041226,708.3429596958775,5.435430359522293,24.51163593621523,747.48,714.34,0,1,747.48,690.13,0,0,-1.468229487970396,-1.4520176051992968,Uptrend
2025-08-19 20:00:00,718.74,721.76,716.39,719.73,1195,240,0,50.05445963935619,1250.4,0.9556941778630837,0,9.527142857142858,1.3237106772182425,728.17,-1.159069997390711,720.6998000000001,-0.13456365604653664,624.67325,15.217035466141693,0,0,747.8862727341091,708.4537272658908,5.415293883051791,24.20375211895859,747.48,714.34,0,1,747.48,690.13,0,0,0.13774104683195176,-0.950952328525813,Uptrend
2025-08-20 16:00:00,718.09,720.13,704.05,715.43,1211,247,0,48.73335689878633,1234.5,0.980963953017416,0,10.211428571428574,1.427313443862932,727.763,-1.6946450973737444,720.9646,-0.7676659852647506,625.4612000000001,14.384393468371798,0,0,748.2019144834704,707.3240855165296,5.6169149801433695,24.432975203498792,747.48,704.05,0,1,747.48,690.13,0,0,-0.597446264571444,-1.9219960244019598,Uptrend
2025-08-20 20:00:00,715.43,721.05,715.43,718.7,1122,240,0,50.37070833808605,1210.65,0.9267748730021063,0,10.293571428571429,1.432248703015365,727.5835000000001,-1.220959518735654,721.2188000000001,-0.3492421439929263,626.26485,14.759753800648404,0,0,748.2861499956302,706.8808500043699,5.690797000105189,24.563583216704963,747.48,704.05,0,0,747.48,690.13,0,0,0.45706777742058335,-0.005565294821488107,Uptrend
2025-08-21 16:00:00,714.03,717.43,711.34,713.43,789,241,0,28.767523364486138,1163.2,0.6783012379642366,0,8.821428571428571,1.2364813046029144,727.3625,-1.91548230765265,721.328,-1.094924916265558,627.0751,13.771061871217647,0,0,748.5903485163013,706.1346514836986,5.8369378449676415,26.48657745799857,747.48,704.05,0,1,747.48,690.71,0,0,-0.7332684012801072,-0.8753282480930444,Uptrend
2025-08-21 20:00:00,713.43,715.69,712.83,714.18,1070,241,0,29.66777890613679,1121.0,0.9545049063336307,0,8.541428571428574,1.1959770045966807,727.135,-1.7816498999498085,721.5125999999999,-1.0162816283457776,627.94955,13.732066533051881,0,0,748.8444473734966,705.4255526265034,5.971228829171082,28.550441626292525,747.48,704.05,0,1,747.48,690.71,0,0,0.10512594087717098,-0.17472009840235944,Uptrend
2025-08-22 16:00:00,717.83,743.38,717.08,739.84,1663,240,0,52.154733627417734,1151.75,1.4438897330149771,0,9.44214285714286,1.276241195007415,728.0265,1.622674449350398,722.2087999999999,2.4412884473299346,628.93975,17.632889318889454,0,0,750.3066845168464,705.7463154831537,6.120707011859145,27.644049792316444,747.48,704.05,1,0,747.48,690.71,1,0,3.5929317538995864,2.941422011966048,Uptrend
2025-08-22 20:00:00,739.84,742.19,738.83,740.11,1451,240,0,47.94486832389858,1157.9,1.2531306675878744,0,9.050000000000002,1.222791206712516,729.05,1.517042726836302,722.8867999999999,2.3825583756682427,629.9445499999999,17.48811859710511,0,0,751.5872580408411,706.5127419591588,6.182637141716248,26.823306359165212,747.48,704.05,1,0,747.48,690.71,1,0,0.03649437716262138,3.7396801368039,Uptrend
2025-08-25 16:00:00,740.5,745.17,739.11,740.33,1116,240,0,50.62669595554983,1170.7,0.9532758178867344,0,9.045,1.2217524617400348,730.1875,1.3890267910639447,723.5106,2.3246929623422363,630.92205,17.34096153399616,0,0,752.5832579394774,707.7917420605226,6.13424851547786,24.708503364080197,747.48,704.05,1,0,747.48,690.71,1,0,0.029725311102413166,3.661541908202427,Uptrend
2025-08-25 20:00:00,740.23,740.33,737.03,737.14,863,240,0,45.070983149794344,1163.5,0.7417275461968199,0,8.710714285714298,1.181690626707857,731.142,0.8203604771713202,724.163,1.7919998674331572,631.8727,16.659573993305926,0,0,752.9799405236677,709.3040594763324,5.973652320251773,22.894703820396956,747.48,704.05,1,0,747.48,690.71,1,0,-0.43088892791053324,-0.3649437716263037,Uptrend
2025-08-26 16:00:00,735.21,740.33,732.45,739.79,816,242,0,56.243280602058,1109.3,0.7355990264130533,0,8.2607142857143,1.1166296226921562,731.0060000000001,1.2016317239530014,724.9422,2.0481356996461244,632.8338,16.901151613583213,0,0,752.5781110403294,709.4338889596708,5.902033920468322,22.259787594912627,747.48,704.05,1,0,747.48,690.71,1,0,0.3594975174322279,-0.043236816148957594,Uptrend
2025-08-26 20:00:00,739.79,747.87,738.33,747.59,1202,240,0,62.93567582884658,1101.7,1.0910411182717619,0,8.64857142857144,1.1568602346970185,731.275,2.2310348364158563,725.9172,2.9855746633362665,633.75775,17.961476605217065,0,0,753.557837861398,708.992162138602,6.094243030706091,21.261958905056304,747.87,704.05,1,0,747.87,690.71,1,0,1.054353262412322,0.9806437669687829,Uptrend
2025-08-27 16:00:00,745.29,751.73,744.83,747.4,1005,240,0,65.24676850763792,1089.05,0.9228226435884487,0,8.600000000000007,1.1506556061011517,731.8435000000001,2.1256593793618324,726.7322,2.8439361844706954,634.6844,17.75931470822349,0,0,755.1918228519621,708.495177148038,6.380687360607029,21.647455579396468,751.73,704.05,1,0,751.73,692.88,1,0,-0.025415000200657012,1.3918658599451925,Uptrend
2025-08-27 20:00:00,747.14,750.62,745.85,747.83,1185,240,0,63.9878234398781,1082.2,1.0949916836074662,0,8.565714285714291,1.1454092889713292,732.0625,2.1538461538461595,727.3661999999999,2.8134109063632744,635.8194,17.61673204686741,0,0,755.945252970986,708.179747029014,6.5247852392346175,21.947307672244538,751.73,704.05,1,0,751.73,692.88,1,0,0.057532780305069586,1.0867949012557723,Uptrend
2025-08-28 16:00:00,747.89,751.93,745.62,748.46,988,241,0,76.71700827040608,1084.75,0.9108089421525697,0,8.186428571428573,1.0937696832734645,732.5175,2.1763985160764068,727.9308,2.8202131301491926,637.0112,17.495579355590607,0,0,757.3148554404812,707.7201445595189,6.77044724268872,23.37962757607986,751.93,704.05,1,0,751.93,692.88,1,0,0.08424374523621214,0.11637394828716335,Uptrend
2025-08-28 20:00:00,748.46,750.48,747.83,749.76,800,240,0,76.84605757196468,1081.15,0.7399528280072145,0,7.9921428571428565,1.0659601548686055,732.7769999999999,2.317621868590316,728.5672,2.908832568910601,638.39455,17.444611643379478,0,0,758.205998034765,707.3480019652349,6.940446557346935,24.87341394217378,751.93,704.05,1,0,751.93,692.88,1,0,0.17368997675226705,0.3157613058603176,Uptrend
2025-08-29 16:00:00,745.63,746.03,737.28,744.1,1131,240,0,75.02181881654727,1079.15,1.048047074086086,0,7.734999999999998,1.0395108184383817,733.399,1.4590966172574578,728.9674,2.07589530066777,639.7667,16.30802290897604,0,0,759.316830399766,707.481169600234,7.067866304635263,25.979226885046565,751.93,704.05,1,0,751.93,692.88,1,0,-0.7549082373025984,-0.49877645989061925,Uptrend
2025-08-29 20:00:00,744.06,746.12,742.13,743.24,985,240,0,72.35787172011645,1063.6,0.9261000376081234,0,7.6185714285714266,1.0250486287836267,734.0944999999999,1.245820531280385,729.2955999999999,1.9120367653390598,641.2044,15.91311600481844,0,0,760.2975544422727,707.8914455577271,7.1388777445608955,27.123994401768186,751.93,704.05,1,0,751.93,692.88,1,0,-0.11557586345921633,-0.6974320604975586,Uptrend
2025-09-02 16:00:00,721.03,733.63,721.03,726.73,1541,241,0,60.05747126436783,1101.8,1.3986204392811763,0,8.679285714285713,1.194293026885599,734.0989999999999,-1.0038155616612903,729.3797999999999,-0.3632949527804189,642.51915,13.106356440893638,0,0,760.2966944746846,707.9013055253153,7.1373736988293635,21.966372469863906,751.93,704.05,0,0,751.93,692.88,0,0,-2.221355147731552,-3.0716495945369147,Uptrend
2025-09-02 20:00:00,726.73,729.54,722.52,728.69,1355,240,0,60.77528590524287,1124.7,1.2047657153018583,0,8.976428571428569,1.2318583446223452,734.0609999999999,-0.7316830617618791,729.5098000000002,-0.11237683167520164,643.82375,13.181596671449295,0,0,760.2892747390849,707.8327252609149,7.146074982619977,16.634492772653115,751.93,704.05,0,0,751.93,692.88,0,0,0.26970126456868915,-2.070958204542396,Uptrend
2025-09-03 16:00:00,727.33,730.61,722.17,723.44,1000,241,0,32.5234441602729,1124.4,0.8893632159373888,0,7.4935714285714266,1.0358248684854896,734.296,-1.478422870341115,729.3839999999999,-0.8149342458841772,645.1357499999999,12.137639248793784,0,0,760.0257676467812,708.5662323532189,7.00800975268316,18.567538897179396,751.93,704.05,0,0,751.93,692.88,0,0,-0.7204709821734934,-2.6640116247779932,Uptrend
2025-09-03 20:00:00,723.83,728.76,721.03,728.76,1227,240,0,39.080238599191844,1126.0,1.0896980461811723,0,7.805714285714283,1.0710953243474235,734.7475000000001,-0.814905800972452,729.3478,-0.08059255131776852,646.4775,12.727821153868469,0,0,759.706419405579,709.7885805944211,6.793876646216276,20.587137630876867,751.93,704.05,0,0,751.93,692.88,0,0,0.7353754285082337,0.2793334525889908,Uptrend
2025-09-04 16:00:00,730.54,741.81,729.48,739.52,1232,240,0,49.35210366341381,1127.05,1.0931192050042147,0,8.304999999999998,1.1230257464301165,735.952,0.48481422701480315,729.4788000000001,1.3764896251953982,647.59965,14.194008597750166,0,0,759.2559229586481,712.6480770413519,6.333000782292339,21.405033085283254,751.93,711.34,1,0,751.93,692.88,1,0,1.4764805971787753,1.4862287117978739,Uptrend
2025-09-04 20:00:00,739.23,747.63,739.23,746.48,1332,240,0,57.045866022933026,1137.55,1.17093754120698,0,8.669285714285706,1.1613553898678741,737.341,1.2394536584836608,729.8426,2.2795874069285724,648.91965,15.034272733149622,0,0,759.60362754624,715.07837245376,6.038624610930348,20.830619555782388,751.93,711.34,1,0,751.93,692.88,1,0,0.9411510168758186,3.18478381068229,Uptrend
2025-09-05 16:00:00,749.38,751.48,726.01,737.42,2026,240,0,48.36978951712753,1199.4,1.6891779222944805,0,9.92571428571428,1.3460055715486805,738.5405000000001,-0.15171815222050875,730.0275999999999,1.0126192489160775,650.16445,13.420535373781197,0,0,757.7551385807518,719.3258614192483,5.203408230354797,20.860700176730518,751.93,712.83,1,0,751.93,692.88,1,0,-1.2136962812131724,1.188319885833466,Uptrend
2025-09-05 20:00:00,737.61,740.51,735.33,737.29,1464,240,0,42.07936019686247,1219.1,1.2008858994340088,0,9.614285714285709,1.3040032706649636,739.696,-0.3252687590577836,730.3442,0.9510310344081547,651.40735,13.18416962903474,0,0,755.1548573145986,724.2371426854014,4.179786646027183,22.358557801786738,751.93,717.08,1,0,751.93,692.88,1,0,-0.01762903094573165,-0.3015469493725685,Uptrend
2025-09-08 16:00:00,739.41,741.86,733.48,735.51,996,244,0,41.074913676625144,1185.75,0.8399746995572422,0,9.719999999999995,1.3215319982053264,739.4795,-0.536796489963554,730.9232000000001,0.6275351500677397,652.6221,12.700749790728805,0,0,755.0507399871134,723.9082600128867,4.211405451297394,23.32231155531439,751.93,721.03,0,0,751.93,692.88,0,0,-0.2414246768571382,-1.4695638195263139,Uptrend
2025-09-08 20:00:00,735.08,740.98,732.16,739.41,903,242,0,43.992579908675744,1158.35,0.7795571286744076,0,10.009285714285713,1.3536854673707028,739.4445,-0.004665664563057808,731.5593999999999,1.0731322705989563,653.8168000000001,13.09131242880267,0,0,755.0129194174401,723.8760805825598,4.21084190022109,24.413056929225156,751.93,721.03,1,0,751.93,692.88,1,0,0.5302443202675589,0.2698597814000175,Uptrend
2025-09-09 16:00:00,737.83,762.12,737.83,757.27,1793,240,0,55.045241094949006,1192.2,1.5039422915618184,0,11.293571428571429,1.49135333877896,740.2915,2.2934884434037053,732.245,3.417571987517836,655.08805,15.598200883072137,0,0,757.7867664575446,722.7962335424555,4.726588501298344,22.627404226801552,762.12,721.03,1,0,762.12,704.05,1,0,2.41543933676851,2.7099241818009223,Uptrend
2025-09-09 20:00:00,757.27,764.26,753.91,761.97,1787,240,0,56.73023922390036,1238.4,1.4429909560723513,0,11.843571428571433,1.5543356600091123,741.533,2.756047269642755,733.0016,3.952024115636306,656.3388,16.094005108337345,0,0,761.4438519471815,721.6221480528185,5.370186342935925,20.485551948512942,764.26,721.03,1,0,764.26,704.05,1,0,0.6206504945396096,3.597503772892284,Uptrend
2025-09-10 16:00:00,761.35,772.75,761.35,770.12,1259,240,0,63.95922746781114,1260.55,0.998770378009599,0,11.766428571428573,1.5278694971470126,743.0495,3.6431624003515295,734.0459999999999,4.914405909166465,657.6564,17.100662291129538,0,0,766.6750111668331,719.4239888331668,6.359067913196395,19.355955635644968,772.75,721.03,1,0,772.75,704.05,1,0,1.069595915849697,4.153311423973173,Uptrend
2025-09-10 20:00:00,769.84,771.15,764.98,768.56,2677,240,0,63.48242811501593,1334.3,2.0062954358090384,1,11.922142857142855,1.551231245074276,744.098,3.2874701988178963,735.038,4.5605805414141765,658.9835,16.628109808515674,0,0,770.2934802047473,717.9025197952526,7.04086832775988,18.280574389505567,772.75,721.03,1,0,772.75,704.05,1,0,-0.202565833896029,1.4908817198621316,Uptrend
2025-09-11 16:00:00,772.26,791.62,772.02,781.34,1211,240,0,80.28169014084501,1344.6,0.900639595418712,0,11.982857142857142,1.5336290402202808,745.795,4.766055015118106,736.1934,6.132437481781286,660.4001,18.313125633990683,0,0,776.839729360264,714.750270639736,8.32527151838347,22.31265810645846,791.62,721.03,1,0,791.62,704.05,1,0,1.6628500052045414,2.5420948331299136,Uptrend
2025-09-11 20:00:00,781.63,787.32,780.83,782.56,1463,240,0,80.11852845801177,1358.5,1.0769230769230769,0,11.945000000000002,1.5264005315886324,747.5314999999999,4.68588949094453,737.3987999999999,6.124392933647303,661.7497999999999,18.25617476574984,0,0,782.6707647528063,712.3922352471935,9.401413787327066,26.34474182341135,791.62,721.03,1,0,791.62,704.05,1,0,0.15614201244016357,1.6153326754271984,Uptrend
2025-09-12 16:00:00,784.28,785.83,775.09,779.62,1363,240,0,82.24288337924699,1377.25,0.9896532946088219,0,12.109285714285713,1.5532292288917309,749.0895,4.07568121032266,738.6342,5.5488630231310765,663.10645,17.57086663838061,0,0,787.0518361684685,711.1271638315316,10.13559425635214,27.324954878991083,791.62,721.03,1,0,791.62,704.05,1,0,-0.3756900429359944,1.4390548558342953,Uptrend
2025-09-12 20:00:00,779.58,781.27,777.83,778.25,1251,240,0,79.7523145364915,1399.8,0.8936990998714103,0,11.802857142857135,1.5165894176494874,750.514,3.6956006150451546,739.8245999999999,5.193852705087136,664.5042500000001,17.117384877523346,0,0,790.6577188637266,710.3702811362734,10.697660233846824,28.345393512715933,791.62,721.03,1,0,791.62,704.05,1,0,-0.17572663605346373,-0.3954744413443612,Uptrend
2025-09-15 16:00:00,780.93,790.78,780.83,784.59,984,240,0,78.615873015873,1392.45,0.7066681029839491,0,11.76571428571428,1.4996003372097884,752.5385,4.259117639828398,741.0762000000001,5.871703881463194,665.92875,17.818910806899385,0,0,795.3176726378424,709.7593273621576,11.36929808583678,30.758226058544864,791.62,721.03,1,0,791.62,704.05,1,0,0.8146482492772389,0.2594050296463002,Uptrend
2025-09-15 20:00:00,784.44,787.19,781.34,785.04,933,240,0,76.68881506090804,1389.85,0.6712954635392309,0,11.583571428571426,1.475539008021429,754.6285,4.029996216681444,742.3842,5.745784999195834,667.2713,17.649297969206824,0,0,799.5267406289859,709.7302593710142,11.89942882596823,33.82566293374189,791.62,721.03,1,0,791.62,704.05,1,0,0.057354796772823846,0.6952104871604062,Uptrend
2025-09-16 16:00:00,786.12,787.35,778.35,783.42,1051,240,0,85.49382716049385,1365.35,0.7697659940674553,0,10.407142857142853,1.328424453950991,757.463,3.426834049979998,743.701,5.340721607205038,668.5946500000001,17.174135329979055,0,0,802.1024525055959,712.823547494404,11.786569774522572,37.84795576430407,791.62,721.03,1,0,791.62,704.05,1,0,-0.20635891164781928,0.664310954063599,Uptrend
2025-09-16 20:00:00,783.42,786.29,782.35,784.15,969,240,0,85.82568807339452,1346.05,0.7198841053452695,0,10.318571428571422,1.3158925497126088,760.236,3.1456021551202507,745.0229999999999,5.251784173106075,669.8449,17.064412970823533,0,0,804.2354097567993,716.2365902432007,11.57519763778598,41.072629430692196,791.62,721.03,1,0,791.62,704.05,1,0,0.0931811799545601,-0.056080245733447345,Uptrend
2025-09-17 16:00:00,790.47,794.75,787.83,787.83,1054,240,0,88.87072808320951,1348.75,0.7814643188137164,0,10.477142857142853,1.3298735586538788,763.4554999999999,3.1926549746514534,745.9294,5.617234017053096,671.14545,17.385881108186023,0,0,805.4979169143419,721.413083085658,11.013717738451547,44.3439457603494,794.75,721.03,1,0,794.75,704.05,1,0,0.4692979659504104,0.3553959033934675,Uptrend
2025-09-17 20:00:00,788.16,797.4,783.94,792.04,2277,240,0,88.92175713651825,1401.25,1.624977698483497,0,10.808571428571415,1.3646496930169456,766.6195,3.315921392555231,746.9259999999999,6.039955765363643,672.38705,17.795249031045422,0,0,807.1657981501832,726.0732018498169,10.577945943243847,47.20789486573832,797.4,726.01,1,0,797.4,704.05,1,0,0.5343792442531914,1.100303796175743,Uptrend
2025-09-18 16:00:00,792.8,805.83,791.55,803.62,1252,240,0,87.78737974889938,1402.25,0.8928507755393118,0,10.093571428571424,1.2560129698827087,769.8245,4.390026558001215,748.2778,7.395943057511535,673.68525,19.28715969364032,0,0,811.470184669342,728.1788153306579,10.819526962143195,51.64335002375987,805.83,726.01,1,0,805.83,704.05,1,0,1.4620473713448767,2.4829433144168878,Uptrend
2025-09-18 20:00:00,803.62,803.94,800.28,802.19,1186,240,0,84.63658284533247,1394.95,0.8502096849349439,0,9.615714285714287,1.198682891299354,772.6099999999999,3.82858104347603,749.4526,7.036789251248191,674.9657000000001,18.84900225300337,0,0,815.1246518397121,730.0953481602877,11.005462481643315,56.165125368536785,805.83,726.01,1,0,805.83,704.05,1,0,-0.17794479978098243,1.822728253557241,Uptrend
2025-09-19 16:00:00,797.83,805.11,796.01,803.63,1073,240,0,82.62901655306723,1347.3,0.7964076300749647,0,9.451428571428576,1.1760920537347503,775.9205,3.5711777173048076,750.738,7.045334057953631,676.2674000000001,18.833171612294176,0,0,817.19065053598,734.6503494640199,10.637726554712774,58.40499081142228,805.83,732.16,1,0,805.83,704.05,1,0,0.17950859522057883,1.4633099338417292,Uptrend
2025-09-19 20:00:00,803.87,808.23,799.65,802.33,1405,240,0,83.04952045410083,1344.35,1.0451147394651692,0,9.623571428571438,1.199453021645886,779.1725,2.9720633107559657,751.8932000000001,6.707973951619717,677.5650499999999,18.41372278573107,0,0,817.790620576245,740.554379423755,9.912598449315144,60.80713555655212,808.23,732.16,1,0,808.23,704.05,1,0,-0.16176598683472765,-0.1605236305716587,Uptrend
2025-09-22 16:00:00,798.81,804.13,795.84,803.87,1104,241,0,78.26850690087848,1349.75,0.8179292461566957,0,8.568571428571431,1.0659150644471658,782.5905,2.719110441539986,753.3373999999999,6.707831046221802,678.8580499999999,18.415035367113948,0,0,816.7845422480648,748.3964577519353,8.738680637719154,58.032535707137434,808.23,732.16,1,0,808.23,704.05,1,0,0.19194097191927995,0.20942669442400802,Uptrend
2025-09-22 20:00:00,803.89,804.57,799.94,803.45,1068,240,0,76.74775928297086,1358.0,0.7864506627393225,0,8.435714285714287,1.0499364348390425,785.7925,2.247094493775396,754.8198000000001,6.442623789148078,680.1511,18.128162992017508,0,0,814.5175544408684,757.0674455591317,7.311104252297737,55.3018713002146,808.23,737.83,1,0,808.23,704.05,1,0,-0.052247253909210034,-0.02239836740788049,Uptrend
2025-09-23 16:00:00,807.12,823.97,807.12,809.9,1339,240,0,85.57330827067689,1335.3,1.0027709129034674,0,9.134285714285713,1.1278288324837282,788.424,2.723915050784857,756.485,7.0609463505555246,681.4653999999999,18.84682626586765,0,0,815.7562800481562,761.0917199518437,6.933396255861374,55.5111254027517,823.97,753.91,1,0,823.97,704.05,1,0,0.802787976849828,0.9435020502785557,Uptrend
2025-09-23 20:00:00,809.9,811.9,800.89,804.86,1392,240,0,78.78001297858555,1315.55,1.058112576488921,0,9.675000000000002,1.2020724101085905,790.5685000000001,1.8077497395861242,757.9931999999999,6.183010612760132,682.77925,17.879973651806196,0,0,815.8119656682998,765.3250343317004,6.3861551954826625,54.66101037569075,823.97,761.35,0,0,823.97,704.05,0,0,-0.6222990492653402,0.12315424135743455,Uptrend
2025-09-24 16:00:00,809.13,810.61,793.16,795.83,1070,245,0,61.48814390842201,1306.1,0.8192328305642754,0,10.02642857142858,1.2598706471769825,791.854,0.5021127632114,759.535,4.778581632182859,684.0282,16.34461854058065,0,0,815.2649586574837,768.4430413425164,5.9129482600286565,52.31339696664535,823.97,764.98,0,0,823.97,704.05,0,0,-1.1219342494346862,-0.948409981952829,Uptrend
2025-09-24 20:00:00,795.83,798.41,791.05,791.05,1122,240,0,55.643192488262926,1228.35,0.9134204420564173,0,10.134285714285722,1.28111822442143,792.9784999999999,-0.24319700975499156,760.9614,3.954024474828806,685.2179500000001,15.445020084485506,0,0,813.682390582748,772.2746094172519,5.221803764603465,49.94084409668443,823.97,772.02,0,0,823.97,704.05,0,0,-0.6006307879823702,-2.3274478330658135,Uptrend
2025-09-25 16:00:00,781.89,796.79,780.95,793.21,1372,240,0,59.1002044989776,1236.4,1.1096732449045617,0,10.622857142857145,1.3392238049012424,793.572,-0.04561652880897592,762.5169999999999,4.0252217327613815,686.4195500000001,15.557606131701807,0,0,813.5385336843345,773.6054663156655,5.032066071971928,45.542654419213804,823.97,775.09,0,0,823.97,704.05,0,0,0.273054800581507,-1.4474567005441912,Uptrend
2025-09-25 20:00:00,793.21,793.82,785.83,793.39,1222,243,0,58.67768595041327,1224.35,0.998080614203455,0,10.912142857142864,1.3753819505089382,794.1135,-0.09110788319302697,764.0108,3.8453906672523437,687.55,15.393789542578729,0,0,813.3983522775692,774.8286477224309,4.856951122873278,41.144464741743164,823.97,775.09,0,0,823.97,704.05,0,0,0.022692603471963224,-0.3065981428194532,Uptrend
2025-09-26 16:00:00,799.83,807.51,796.88,804.87,1660,240,0,63.95806028833555,1239.2,1.3395739186571982,0,11.163571428571434,1.3870030475196533,795.376,1.193649292913041,765.8396,5.096419668034923,688.75305,16.8590106424937,0,0,813.959036293727,776.792963706273,4.672767670567629,36.66988724131999,823.97,777.83,0,0,823.97,711.34,0,0,1.4469554695673015,1.7470450666835284,Uptrend
2025-09-26 20:00:00,804.87,806.57,799.88,801.18,1441,240,0,57.55122273628553,1248.7,1.1540001601665733,0,10.680000000000016,1.333033775181609,796.5224999999999,0.5847292449365872,767.5795999999999,4.377448280282597,689.93595,16.123822798333656,0,0,813.408565105171,779.6364348948289,4.239946795017352,32.69696163747369,823.97,778.35,0,0,823.97,711.34,0,0,-0.4584591300458518,1.0047780537310314,Uptrend
2025-09-29 16:00:00,804.83,805.19,796.81,801.02,1073,240,0,47.352342158859436,1253.15,0.8562422694809081,0,10.258571428571445,1.2806885506693273,797.3439999999999,0.46103062166392983,768.8032000000001,4.190513254887586,691.1480499999999,15.897020906012843,0,0,813.3621270999047,781.3258729000952,4.017871107051598,28.073672585118892,823.97,778.35,0,0,823.97,712.83,0,0,-0.019970543448410982,0.9616960133099731,Uptrend
2025-09-29 20:00:00,800.34,804.36,799.83,801.69,1088,240,0,49.482829954489034,1260.9,0.8628757236894281,0,10.320714285714294,1.2873697171867295,798.1765,0.44019086004161007,770.0348000000001,4.1108791446828015,692.39975,15.784270574909943,0,0,813.2020575603445,783.1509424396555,3.764971171249594,23.52511387348415,823.97,778.35,0,0,823.97,717.08,0,0,0.08364335472272888,-0.3950948600395032,Uptrend
2025-09-30 16:00:00,803.56,808.24,785.08,788.11,1508,240,0,37.16931216931219,1283.75,1.1746835443037975,0,11.325000000000005,1.4369821471621989,798.4110000000001,-1.2901876351904025,770.9904000000001,2.220468633591271,693.6023000000001,13.625632440953536,0,0,812.5893777558895,784.2326222441106,3.5516489016031625,20.53208803957266,823.97,780.95,0,1,823.97,721.03,0,0,-1.6939215906397798,-1.631343767942277,Uptrend
2025-09-30 20:00:00,788.11,795.47,785.34,794.46,1588,240,0,43.99511674042424,1314.7,1.2078801247432873,0,11.435714285714287,1.4394323547710755,798.9265,-0.5590626922501627,772.1368000000001,2.8910939097838524,694.8074500000001,14.342469989347393,0,0,811.590538226796,786.2624617732041,3.1702636542400144,17.6652929960207,823.97,780.95,0,1,823.97,721.03,0,0,0.8057250891372991,-0.8189558313150664,Uptrend
2025-10-01 16:00:00,786.06,792.1,782.08,789.65,1035,240,0,39.66569767441862,1313.75,0.7878211227402474,0,11.727857142857147,1.4851968774592728,799.0175,-1.1723773259033832,773.1339999999999,2.136240289522913,696.00185,13.455158201088114,0,0,811.3680838344532,786.6669161655469,3.0914426366013554,16.808630587136808,823.97,780.95,0,1,823.97,721.03,0,0,-0.6054426906326404,-1.5018273896393963,Uptrend
2025-10-01 20:00:00,789.65,792.41,784.03,784.67,1168,240,0,37.200109051254074,1258.3,0.9282365095764127,0,11.995714285714289,1.5287591325925918,798.649,-1.7503308712588435,773.8756,1.3948495081121561,697.0707000000001,12.566774073275472,0,0,812.252403444079,785.045596555921,3.4066037631247394,15.920294642030145,823.97,780.95,0,1,823.97,721.03,0,0,-0.6306591527892147,-0.4364872923830499,Uptrend
2025-10-02 16:00:00,785.33,785.8,771.1,774.87,1383,240,0,27.167253291617882,1264.85,1.0934102858046408,0,11.58,1.4944442293546014,797.2115000000001,-2.802455810032859,774.425,0.0574619879265326,698.1211,10.993637063827473,0,0,814.2464588230937,780.1765411769065,4.273635998249793,15.777138950006199,823.97,771.1,0,1,823.97,721.03,0,0,-1.2489326723335914,-2.4658258439694927,Uptrend
2025-10-02 20:00:00,775.23,781.22,773.86,778.25,1102,240,0,32.27181878747507,1260.65,0.8741522230595327,0,11.319285714285716,1.4544536735349458,796.0145,-2.2316804530570735,775.0333999999999,0.41502727495358077,699.18655,11.307919181225667,0,0,814.8461558513716,777.1828441486284,4.7314856328299495,16.28276719715872,823.97,771.1,0,1,823.97,721.03,0,0,0.4362022016596301,-1.4436775786740934,Uptrend
2025-10-03 16:00:00,780.83,793.5,776.83,792.47,1693,248,0,47.90628115653041,1291.65,1.3107265900205163,0,11.263571428571424,1.4213246468095226,795.4565,-0.3754447917642232,775.9136,2.133794278125819,700.32225,13.157906949265136,0,0,813.9971458469032,776.9158541530968,4.661636644342765,16.3207387223712,823.97,771.1,0,0,823.97,721.03,0,0,1.8271763572117017,0.9940484534900109,Uptrend
2025-10-03 20:00:00,792.14,792.57,785.83,787.96,1613,240,0,48.06802550956614,1302.05,1.2388157136822704,0,11.219285714285709,1.4238394987417773,794.738,-0.8528596845752965,776.6776,1.452649078588085,701.3064999999999,12.356009818816755,0,0,813.2708528777605,776.2051471222396,4.66388995562322,16.441041252304334,823.97,771.1,0,0,823.97,721.03,0,0,-0.5691067169735109,1.6893156271374596,Uptrend
2025-10-06 16:00:00,799.83,799.88,778.83,795.84,1699,240,0,51.53460147041661,1331.8,1.2757170746358313,0,11.591428571428569,1.4565023838244584,794.3365000000001,0.18927746616200022,777.7124,2.330887356302925,702.33345,13.313697361274771,0,0,812.3777594670422,776.295240532958,4.542472734676575,16.280408289342972,823.97,771.1,0,0,823.97,721.03,0,0,1.0000507639981615,2.2601991647928084,Uptrend
2025-10-06 20:00:00,796.04,797.12,791.92,794.35,1363,240,0,50.55172413793106,1346.55,1.012216404886562,0,11.392142857142858,1.4341465169185947,793.8815,0.05901384526532773,778.7346000000001,2.0052274548992566,703.29985,12.9461352792838,0,0,811.4066233496455,776.3563766503544,4.41504767390236,16.119775326381614,823.97,771.1,0,0,823.97,721.03,0,0,-0.1872235625251295,0.23723295519073218,Uptrend
2025-10-07 16:00:00,800.83,802.33,780.63,784.83,1147,243,0,38.217309501411144,1336.95,0.8579228841766707,0,11.933571428571431,1.520529468620138,792.628,-0.9838158631791963,779.8966,0.6325710356988358,704.20935,11.448392441821467,0,0,808.8681667089993,776.3878332910008,4.097802931261387,17.284988286181107,811.9,771.1,0,1,823.97,721.03,0,0,-1.1984641530811357,-0.3972282856997811,Uptrend
2025-10-07 20:00:00,784.83,788.29,784.33,786.39,1081,241,0,41.08068990471599,1321.4,0.8180717420917208,0,11.738571428571422,1.492716264012948,791.7045,-0.6712731833657717,781.0506,0.6836176811079788,705.11145,11.527050085486486,0,0,807.0942648489024,776.3147351510977,3.887754799651223,18.268436964180925,810.61,771.1,0,1,823.97,721.03,0,0,0.1987691602002961,-1.187424607961405,Uptrend
2025-10-08 16:00:00,783.83,787.51,772.83,785.27,1104,243,0,40.61046858232981,1323.1,0.8344040510921322,0,12.18857142857141,1.5521503977703734,791.1765,-0.7465464406488376,782.2872,0.3812921903873664,705.9857499999999,11.230290413085541,0,0,806.6943705470511,775.658629452949,3.9227329292644746,20.74781575390316,808.24,771.1,0,1,823.97,721.03,0,0,-0.14242297079057886,-1.1430729527286512,Uptrend
2025-10-08 20:00:00,785.13,786.67,773.6,775.75,1384,240,0,36.011647972389966,1336.2,1.0357730878610987,0,12.798571428571409,1.6498319598545161,790.4115,-1.8549198740149968,783.227,-0.9546402256306251,706.7896499999999,9.756842081657544,0,0,807.3949399528137,773.4280600471864,4.2973666129133195,23.227194543625405,808.24,771.1,0,1,823.97,721.03,0,0,-1.2123218765520138,-1.1569384452684073,Uptrend
2025-10-09 16:00:00,775.18,781.44,769.84,773.96,1358,242,0,41.257877177807984,1335.5,1.0168476226132535,0,11.972857142857126,1.5469607141011326,789.449,-1.9620013452420508,783.9158,-1.2700088453377203,707.5856499999999,9.380397977262565,0,0,807.8844862611068,771.0135137388932,4.670469216151215,24.989716854991364,808.24,769.84,0,1,823.97,721.03,0,0,-0.23074444086367274,-1.5806406490418177,Uptrend
2025-10-09 20:00:00,774.27,779.47,773.33,778.6,1134,240,0,39.989901540015126,1331.1,0.8519269776876268,0,11.687857142857126,1.5011375729331013,788.7095,-1.2817773844489035,784.5582,-0.7594337806933932,708.3856999999999,9.911874279788552,0,0,807.6587457563908,769.7602542436093,4.8051267941848606,26.46917450451006,808.24,769.84,0,1,823.97,726.01,0,0,0.5995141867796816,-0.8493893819959961,Uptrend
2025-10-10 16:00:00,785.25,789.84,762.73,764.83,2056,244,0,35.92651394874123,1350.9,1.521948330742468,0,12.739999999999984,1.6657296392662402,786.7075,-2.78089378835208,785.1064,-2.582630838316942,709.1197,7.856261784858054,0,0,806.8883130606456,766.5266869393544,5.130448879830336,27.305835355185998,808.24,762.73,0,1,823.97,726.01,0,0,-1.7685589519650602,-1.407669996777307,Uptrend
2025-10-10 20:00:00,764.68,769.35,762.87,762.87,1694,240,0,37.20056364490371,1363.55,1.2423453485387408,0,12.6042857142857,1.6522193446177855,784.792,-2.7933516141856725,785.618,-2.8955548370836777,709.8791,7.464778157294673,0,0,806.410219022007,763.173780977993,5.509286287833463,28.15983881097319,808.24,762.73,0,1,823.97,726.01,0,0,-0.25626609834865643,-1.4328905886609167,Uptrend
2025-10-13 16:00:00,780.14,789.66,776.83,786.5,1953,240,0,55.87433074047884,1407.55,1.387517317324429,0,13.467857142857131,1.7123785305603472,784.066,0.31043305027892665,786.6378,-0.01751759195909098,710.7593499999999,10.656300194995689,0,0,804.321878315073,763.810121684927,5.166880929685258,25.101481051312057,808.24,762.73,0,0,823.97,732.16,0,0,3.097513337790181,1.0146416645260696,Uptrend
2025-10-13 20:00:00,786.5,789.05,782.88,785.05,1724,240,0,53.502987842571585,1439.35,1.1977628790773613,0,13.382857142857128,1.7047139854604332,783.234,0.23185918895246085,787.5506000000001,-0.3175161062667199,711.6480499999999,10.314361150852596,0,0,801.7326274312816,764.7353725687185,4.723652811619908,22.3269302947562,808.24,762.73,0,0,823.97,732.16,0,0,-0.18436109345201235,2.643724749290681,Uptrend
2025-10-14 16:00:00,755.83,776.36,740.83,773.08,2424,240,0,39.774285412931114,1485.15,1.632158367841632,0,15.350714285714266,1.9856566313595316,782.4825,-1.2016243174767383,787.8667999999999,-1.8768147103038049,712.4871,8.504420641440383,0,0,801.364290587461,763.6007094125389,4.826124696069515,23.198633648274818,802.33,740.83,0,0,823.97,732.16,0,0,-1.5247436469014608,1.3383669563621634,Uptrend
2025-10-14 20:00:00,773.27,784.92,768.9,769.09,1669,240,0,39.993636652879395,1489.2,1.1207359656191243,0,16.013571428571407,2.082145318307533,781.214,-1.5519435135571076,788.0092,-2.400885674938812,713.3012000000001,7.821212133107293,0,0,800.1164993056279,762.3115006943722,4.839262815471275,23.640129231726768,802.33,740.83,0,0,823.97,737.83,0,0,-0.516117348786671,-2.213604577240937,Uptrend
2025-10-15 16:00:00,773.83,780.79,766.83,771.24,1718,240,0,36.11111111111107,1523.35,1.1277775954311222,0,15.507142857142835,2.010676683930143,780.2935,-1.160268539978865,788.0316,-2.1308282561257714,714.2004499999999,7.986490347352775,0,0,799.259200092516,761.327799907484,4.861170852382096,25.40988650019675,802.33,740.83,0,0,823.97,740.83,0,0,0.27955115786189033,-1.7591236226991842,Uptrend
2025-10-15 20:00:00,771.13,773.49,761.33,767.33,1498,241,0,35.1505825456144,1539.85,0.9728220281196222,0,16.004285714285686,2.0857109345764777,779.4265,-1.5519744324833697,788.007,-2.6239614622712626,715.0502500000001,7.311339307971701,0,0,799.1211653476813,759.7318346523188,5.053629905496228,27.391349204372464,802.33,740.83,0,0,823.97,740.83,0,0,-0.5069757792645513,-0.7437781342163812,Uptrend
2025-10-16 16:00:00,773.13,779.92,761.83,765.67,2104,240,0,38.47449470644844,1575.9,1.3351100958182625,0,15.746428571428535,2.0565555097402974,778.9665,-1.7069411842486213,787.6936000000001,-2.795960256627717,715.89765,6.952439360570602,0,0,799.5202900461794,758.4127099538206,5.277194859131789,27.100688255327746,802.33,740.83,0,0,823.97,740.83,0,0,-0.2163345627044566,-0.444681376691944,Uptrend
2025-10-16 20:00:00,765.85,769.77,751.01,756.41,2113,240,0,33.49482492842985,1626.45,1.2991484521503889,0,16.803571428571395,2.2214898571636277,777.8745,-2.75937828017245,787.1706000000001,-3.9077424893663677,716.69515,5.541386738838676,0,0,800.7752464598934,754.9737535401066,5.888031156669466,27.25155870917332,802.33,740.83,0,0,823.97,740.83,0,0,-1.2093983047526957,-1.9228774441159744,Uptrend
2025-10-17 16:00:00,741.83,756.0,738.83,746.84,1719,240,0,30.643699002719856,1627.75,1.0560589771156503,0,17.01071428571425,2.2776919133568434,775.5930000000001,-3.707227888854082,786.515,-5.044404747525471,717.4431999999999,4.097439351296395,0,0,801.2921362541584,749.8938637458417,6.626964465681964,26.949085543626044,802.33,738.83,0,1,823.97,738.83,0,1,-1.2651868695548574,-2.670298307116887,Uptrend
2025-10-17 20:00:00,746.84,753.11,744.89,748.83,1455,240,0,35.3281011554393,1619.85,0.8982313177146033,0,16.664285714285686,2.2253763490092124,773.6365,-3.206480045861321,785.9266,-4.720109995004618,718.1227500000001,4.276044729121856,0,0,801.2575227143882,746.0154772856117,7.140568655793317,26.646612378078764,802.33,738.83,0,1,823.97,738.83,0,1,0.2664560012854089,-2.199380934345073,Uptrend
2025-10-20 16:00:00,752.66,762.81,752.66,758.86,1591,278,0,42.448489697939564,1614.45,0.9854749295425687,0,16.834285714285677,2.218365141697504,771.7875,-1.6750076931797948,785.4119999999999,-3.380646081292355,718.8433500000001,5.566810905324492,0,0,798.0687631876042,745.5062368123959,6.810492055806597,25.731571902644685,802.33,738.83,0,0,823.97,738.83,0,0,1.3394228329527413,0.32389841488082466,Uptrend
2025-10-20 20:00:00,758.86,764.88,758.66,761.01,1421,278,0,40.97856190378498,1617.35,0.8785977061242156,0,16.839999999999968,2.2128487142087447,770.1205000000001,-1.1829966868821327,784.9314000000002,-3.0475784253248337,719.5939,5.75548236303838,0,0,794.5394662913099,745.7015337086904,6.3415962284628815,24.690291275130594,802.33,738.83,0,0,823.97,738.83,0,0,0.28331971641673004,1.8973274061378553,Uptrend
2025-10-21 16:00:00,757.66,763.75,757.16,760.36,1209,278,0,47.35095413061513,1620.45,0.7460890493381468,0,15.374285714285682,2.0219745534070284,768.897,-1.110291755592756,784.4701999999999,-3.073437333884685,720.3616999999999,5.552530069269381,0,0,792.6559518641604,745.1380481358397,6.180008990582716,24.617727640243523,789.84,738.83,0,0,823.97,738.83,0,0,-0.08541280666481965,1.5397353204332054,Uptrend
2025-10-21 20:00:00,760.36,761.62,756.8,756.8,1063,278,0,46.46969873211582,1619.55,0.6563551603840573,0,15.255714285714257,2.015818483841736,767.4175,-1.3835363410399246,783.9232000000001,-3.4599307687283787,721.1353,4.9456322551399055,0,0,790.2573127699792,744.5776872300208,5.952382574017188,24.53199287445138,789.84,738.83,0,0,823.97,738.83,0,0,-0.4681992740281027,-0.2714598213109215,Uptrend
2025-10-22 16:00:00,753.66,758.58,741.66,747.16,1323,278,0,22.672964712420054,1630.5,0.8114075436982521,0,14.550714285714264,1.9474696565279546,765.512,-2.3973497476198906,783.1098000000001,-4.590646164816235,721.8529000000001,3.505852785241962,0,0,788.4393769702538,742.5846230297461,5.990076437796878,27.577752894304783,789.84,738.83,0,1,823.97,738.83,0,1,-1.2737843551796968,-1.819949803550548,Uptrend
2025-10-22 20:00:00,747.16,749.62,741.7,742.38,1336,278,0,21.670428893905168,1628.1,0.8205884159449666,0,14.675714285714264,1.9768466668975815,763.8435,-2.8099342339104743,782.1166000000001,-5.080649100146968,722.5937999999999,2.7382188997470123,0,0,788.430624807815,739.2563751921849,6.437738832055266,30.623512914158187,789.84,738.83,0,1,823.97,738.83,0,1,-0.6397558755822041,-2.364669367141883,Uptrend
2025-10-23 16:00:00,744.02,751.52,743.26,750.37,1464,278,0,34.08103182391696,1633.4,0.8962899473490877,0,12.169999999999984,1.6218665458373847,762.664,-1.6119811607732872,781.0516,-3.9282423850101584,723.3518500000001,3.7351324946497164,0,0,787.4700649629613,737.8579350370387,6.505109710950372,30.021813839988777,789.84,738.83,0,1,823.97,738.83,0,1,1.0762682184326078,-0.8496300211416424,Uptrend
2025-10-23 20:00:00,751.14,753.36,747.95,749.03,1108,278,0,35.39603960396035,1632.1,0.6788799705900375,0,11.41214285714284,1.5235895567791464,761.1854999999999,-1.596916914470909,779.9884000000001,-3.9690846684386707,724.1214500000001,3.4398304317597375,0,0,785.5125682898338,736.8584317101661,6.39188956958162,30.872430615032677,789.84,738.83,0,1,823.97,738.83,0,1,-0.1785785679065066,0.2502810642968045,Uptrend
2025-10-24 16:00:00,758.54,781.49,758.19,778.69,2000,278,0,53.87254392348479,1629.3,1.2275210212974899,0,12.73357142857142,1.6352555482376068,761.8785,2.206585433241655,779.4895999999999,-0.10257994462014987,725.0278999999999,7.401384139837947,0,0,787.4028943378698,736.3541056621302,6.7003844675679405,29.122039913709195,789.66,738.83,1,0,823.97,738.83,0,0,3.959787992470276,4.891026159109898,Uptrend
2025-10-24 20:00:00,778.37,783.22,775.39,781.22,1751,278,0,57.32517666912772,1632.15,1.0728180620653738,0,12.42428571428571,1.5903696416228092,762.796,2.415324673962629,779.0673999999999,0.27630472023346386,725.9140999999998,7.618794014333127,0,0,789.7496611320307,735.8423388679694,7.067069342794317,27.736529147903095,789.66,738.83,1,0,823.97,738.83,0,0,0.32490464754908466,4.111305089489188,Uptrend
2025-10-27 12:00:00,787.44,793.65,786.71,792.7,302,281,0,62.9169454267419,1549.6,0.19488900361383585,0,12.019999999999998,1.516336571212312,763.106,3.878098193435781,778.844,1.77904689514203,726.86555,9.05730777858437,0,0,791.3206728531418,734.8913271468582,7.394692966151961,27.157017191270167,793.65,738.83,1,0,823.97,738.83,0,0,1.4694964286628531,5.830207067807708,Uptrend
2025-10-27 16:00:00,791.89,795.01,787.96,789.12,1263,278,0,66.52854977261245,1526.55,0.8273558022993024,0,11.183571428571424,1.4172206291275629,763.3095000000001,3.381393785875838,778.5573999999999,1.3566886654728463,727.82025,8.422374892701875,0,0,792.2402073976011,734.378792602399,7.580334686677174,27.272693177875816,795.01,738.83,1,0,823.97,738.83,0,0,-0.4516210420083322,1.3394290410818104,Uptrend
2025-10-27 20:00:00,788.99,789.43,785.91,787.65,887,278,0,72.46009906439178,1449.7,0.6118507277367731,0,10.179285714285713,1.2923615456466342,764.038,3.0904222041312037,778.1124000000001,1.2257355107051222,728.7679999999999,8.079663212435243,0,0,794.6873434977226,733.3886565022774,8.022989300983095,28.62015443069606,795.01,738.83,1,0,823.97,738.83,0,0,-0.1862834549878345,0.823071605949662,Uptrend
2025-10-28 12:00:00,791.16,793.95,788.78,790.68,255,299,0,72.77179236043088,1379.0,0.18491660623640319,0,10.04214285714286,1.2700641039539207,765.1175000000001,3.3409901093622727,777.8288,1.652188759274528,729.70645,8.355901198351738,0,0,797.9585294568968,732.2764705431033,8.584571508793553,30.167550514875757,795.01,738.83,1,0,823.97,738.83,0,0,0.38468863073699566,-0.25482528068627414,Uptrend
2025-10-28 16:00:00,790.68,796.77,785.67,790.38,1552,278,0,69.18208373904574,1370.7,1.1322681841394908,0,9.836428571428582,1.244518911337405,766.0745,3.1727332002305326,777.7198,1.6278613454357254,730.6374,8.176778248690807,0,0,800.7319961740158,731.4170038259841,9.048074612590765,31.761578903766672,796.77,738.83,1,0,811.9,738.83,0,0,-0.037942024586423706,0.15967153284671418,Uptrend
2025-10-28 20:00:00,790.61,791.62,788.66,790.63,819,278,0,68.4525292798405,1336.75,0.6126800074808304,0,9.60357142857144,1.214673289474399,767.2395,3.0486569056989343,777.7114,1.6611046205571849,731.54205,8.077177518366849,0,0,803.5993288890554,730.8796711109446,9.478090971347381,33.368149354006526,796.77,738.83,1,0,810.61,738.83,0,0,0.03163035501909661,0.37834063353012354,Uptrend
2025-10-29 12:00:00,786.46,794.76,786.46,792.76,225,284,0,69.81893809640319,1242.8,0.18104280656581911,0,9.725714285714291,1.2268169793776542,768.5939999999999,3.144182754484169,777.7023999999999,1.936164784884307,732.4444,8.234836664735237,0,0,806.6847936936185,730.5032063063813,9.911811357782806,34.76870544450612,796.77,738.83,1,0,808.24,738.83,1,0,0.2694054108748789,0.26306470379926655,Uptrend
2025-10-29 16:00:00,793.0,798.88,787.16,787.66,1383,278,0,68.52785782901056,1206.3,1.1464809748818703,0,10.218571428571433,1.2973327868079416,770.1565,2.27271989524206,777.5878,1.2953135324396747,733.3156,7.410779206115341,0,0,808.7039418701959,731.6090581298042,10.010288005151114,36.40424418001418,798.88,738.83,1,0,808.24,738.83,0,0,-0.6433220646854032,-0.34413826260786295,Uptrend
2025-10-29 20:00:00,787.75,790.16,777.16,780.48,1423,278,0,70.61370947785204,1191.5,1.1942929080990348,0,9.938571428571427,1.2733921982076961,771.8385000000001,1.1195995017092242,777.1,0.4349504568266626,734.1600000000002,6.309251389342897,0,0,809.0134294552025,734.6635705447976,9.632825896920782,36.482844552176196,798.88,741.66,0,0,808.24,738.83,0,0,-0.91156082573699,-1.283786347596218,Uptrend
2025-10-30 12:00:00,783.87,796.92,779.61,793.86,299,295,0,78.78550659807648,1133.7,0.2637382023462997,0,10.609285714285713,1.3364177202889316,774.0899999999999,2.5539665930318303,776.9536,2.175985798894549,735.05545,8.000015509034055,0,0,810.8496844382439,737.3303155617559,9.497522106794817,36.81913068797907,798.88,741.66,1,0,808.24,738.83,1,0,1.7143296432964306,0.13875573944195252,Uptrend
2025-10-30 16:00:00,794.85,805.57,793.67,795.38,1547,280,0,77.1308016877637,1131.5,1.3672116659301812,0,10.806428571428578,1.3586497738726868,775.9159999999999,2.508518963392952,776.8408000000001,2.3864863946383785,735.96685,8.07280246386097,0,0,813.1158276170215,738.7161723829784,9.588622381036501,39.46062058458672,805.57,741.66,1,0,808.24,738.83,1,0,0.19146952863224875,0.9801183251656841,Uptrend
2025-10-30 20:00:00,795.38,795.97,786.27,787.21,966,278,0,71.26308754733797,1108.75,0.8712514092446448,0,11.112857142857154,1.4116763179910257,777.2259999999999,1.2845684524192647,776.5512,1.3725817434832426,736.7850500000001,6.843916010510795,0,0,814.0591163349864,740.3928836650134,9.478096804529565,40.301261174017334,805.57,741.66,0,0,808.24,738.83,0,0,-1.0271819759108847,0.8622898728987314,Uptrend
2025-10-31 12:00:00,783.57,787.41,782.16,786.84,153,281,0,56.736650686063804,1055.95,0.1448932241109901,0,9.169285714285722,1.1653303993551067,778.55,1.064799948622449,776.5257999999999,1.3282494928050224,737.6029,6.675285577103894,0,0,814.7283017261555,742.3716982738445,9.29376449198009,41.40603142262911,805.57,741.66,0,0,808.24,738.83,0,0,-0.0470014354492454,-0.8842869019726376,Uptrend
2025-10-31 16:00:00,787.05,789.66,780.66,784.33,1234,281,0,52.57152306929058,1064.5,1.1592296852982622,0,9.252857142857149,1.1797148066320489,779.9264999999999,0.5646044851662462,776.3231999999999,1.0313745615228442,738.4114500000001,6.218558772348395,0,0,814.6875824584545,745.1654175415454,8.913938033508172,41.80089748216471,805.57,741.66,0,0,808.24,738.83,0,0,-0.31899750902343316,-1.38927305187457,Uptrend
2025-10-31 20:00:00,784.33,790.26,784.33,787.14,1000,278,0,44.63320463320456,1048.35,0.9538799065197693,0,8.788571428571434,1.116519479199562,781.9255,0.666879389404736,776.273,1.399894109417687,739.22615,6.481622707746476,0,0,813.1734122502492,750.677587749751,7.992554853435295,41.048610476196636,805.57,741.7,0,0,805.57,738.83,0,0,0.3582675659479895,-0.008892163463376991,Uptrend
2025-11-03 16:00:00,787.32,794.29,779.66,789.87,2498,278,0,50.736015701668315,1106.45,2.2576709295494597,1,9.330000000000009,1.1812070340688985,784.3,0.7101874282800013,776.377,1.7379443234408094,740.0909999999999,6.726064767711014,0,0,809.5338769785318,759.0661230214681,6.434751237672279,38.9175519754841,805.57,743.26,1,0,805.57,738.83,1,0,0.34682521533653254,0.3850846423669326,Uptrend
2025-11-03 20:00:00,789.87,790.57,783.33,783.35,1959,278,0,46.16071428571431,1131.2,1.7317892503536068,0,9.595714285714296,1.2249587394797083,785.949,-0.3306830341408835,776.5466,0.8761096887166862,740.94805,5.722661662987042,0,0,805.5225007760705,766.3754992239294,4.980857734043951,35.74429734507989,805.57,747.95,0,0,805.57,738.83,0,0,-0.8254522896172789,-0.12494740734129998,Uptrend
2025-11-04 16:00:00,772.62,804.51,772.01,792.38,2627,278,0,51.37096774193554,1207.15,2.176200140827569,1,11.467142857142862,1.447177220164929,788.1165000000001,0.5409733205687113,776.8292000000001,2.0018300033005794,741.7639,6.823748095586744,0,0,797.3413321051211,778.8916678948791,2.34098184852645,32.13010947796773,805.57,758.19,1,0,805.57,738.83,1,0,1.1527414310333883,0.6657011459206761,Uptrend
2025-11-04 20:00:00,792.23,793.43,787.2,789.35,2258,278,0,49.20438745558475,1220.05,1.8507438219745094,0,11.119285714285711,1.40866354776534,788.6495,0.08882272796724447,776.7668000000001,1.6199456516421555,742.5803,6.29826834889103,0,0,796.7436056525745,780.5553943474255,2.0526496631455453,29.293847821302247,805.57,772.01,0,0,805.57,738.83,0,0,-0.38239228652918733,-0.06583361819033282,Uptrend
2025-11-05 16:00:00,784.05,795.76,773.92,792.89,2598,278,0,51.661276095266096,1262.4,2.0579847908745244,1,12.46785714285714,1.572457357623017,789.2330000000001,0.4633612634038269,776.8654000000001,2.0627254090605462,743.4178999999999,6.654682379856615,0,0,796.7327406270439,781.7332593729562,1.9005136954597237,26.9948641474074,805.57,772.01,1,0,805.57,738.83,1,0,0.4484702603407831,1.2178464287993824,Uptrend
2025-11-05 20:00:00,793.05,795.07,789.45,791.42,2362,278,0,49.00534441805223,1365.4,1.7298960011718176,0,12.276428571428571,1.5511900850911742,789.1690000000001,0.2852367490359939,776.7769999999999,1.8850970098239304,744.2622500000001,6.336173841948835,0,0,796.5653003553546,781.7726996446456,1.8744528371880973,24.72210779539198,805.57,772.01,1,0,805.57,738.83,1,0,-0.18539772225656392,-0.12115399177162932,Uptrend
2025-11-06 16:00:00,793.89,795.2,775.19,781.95,2289,278,0,46.0197964589433,1416.7,1.6157266887837933,0,12.868571428571427,1.6457025933335157,788.8104999999999,-0.869727266561473,776.529,0.698106574255443,744.99795,4.96002035978758,0,0,796.8811237285397,780.7398762714602,2.0462769520790536,23.366243770804466,805.57,772.01,0,1,805.57,738.83,0,0,-1.1965833564984374,-0.9374802052321501,Uptrend
2025-11-06 20:00:00,781.77,791.0,779.36,786.5,1920,278,0,54.35600578871202,1468.35,1.3075901522116662,0,12.771428571428569,1.6238307147398052,788.7529999999999,-0.28564075192106136,776.5623999999999,1.2796911104632531,745.7615,5.462671376840993,0,0,796.8746620025373,780.6313379974625,2.0593676353782215,20.76845599051736,805.57,772.01,0,1,805.57,738.83,0,0,0.5818786367414841,-0.805912547768289,Uptrend
2025-11-07 16:00:00,774.07,782.76,761.12,772.2,3221,278,0,34.53299057412163,1616.65,1.9923916741409704,0,13.347857142857142,1.7285492285492285,787.829,-1.983806130518159,776.2786,-0.5254041525812946,746.4245,3.453195869106665,0,0,798.7500523880443,776.9079476119556,2.7724423416869293,19.442373057667357,805.57,761.12,0,1,805.57,738.83,0,0,-1.8181818181818077,-2.4285461575396017,Uptrend
2025-11-07 20:00:00,772.83,785.05,771.78,784.28,2797,278,0,43.11243484735662,1678.9,1.6659717672285423,0,13.445714285714278,1.714402290727072,787.524,-0.41192395406362575,776.2588000000001,1.0333151778762324,747.14915,4.969670379736096,0,0,798.4857217241247,776.5622782758753,2.78384448578702,18.531730239294827,805.57,761.12,0,0,805.57,738.83,0,0,1.5643615643615494,0.2979730161774956,Uptrend
2025-11-10 16:00:00,799.91,804.67,786.84,793.96,2063,278,0,54.11134121086614,1741.1,1.1848831198667509,0,14.209285714285702,1.789672743499131,787.6904999999999,0.7959344437948799,776.623,2.232357269872253,747.9564499999999,6.150565317004772,0,0,798.9480335711031,776.4329664288967,2.858364693011578,16.465360123224993,805.57,761.12,1,0,805.57,738.83,1,0,1.234253072882141,0.9485060394151349,Uptrend
2025-11-10 20:00:00,793.86,800.47,793.34,795.5,1586,278,0,55.20057650732645,1809.15,0.876654782632728,0,14.343571428571417,1.8030888030888017,787.8275000000001,0.973880703580403,777.0538,2.3738639460999966,748.7053999999999,6.25006845148974,0,0,799.4068861758635,776.2481138241367,2.9395739996035726,16.20972592406655,805.57,761.12,1,0,805.57,738.83,1,0,0.19396443145749398,3.0173530173530114,Uptrend
2025-11-11 16:00:00,796.16,806.45,793.96,805.92,1656,278,0,61.84051771416036,1822.8,0.9084924292297565,0,14.592857142857131,1.8107079043648415,788.7405,2.178092794778506,777.6001999999999,3.641948651762192,749.4324,7.5373842924325025,0,0,802.8642351180011,774.6167648819988,3.5813388859837043,15.725928978939569,806.45,761.12,1,0,806.45,738.83,1,0,1.3098680075424252,2.7592186464017936,Uptrend
2025-11-11 20:00:00,805.77,810.44,803.66,808.17,1683,278,0,61.60467939521027,1835.8,0.9167665323019937,0,14.653571428571427,1.8131793346166558,790.125,2.283815851922159,778.4670000000001,3.8155759974411065,750.1695000000001,7.731652646501873,0,0,806.14119114979,774.10880885021,4.054090466645141,15.892482646108675,810.44,761.12,1,0,810.44,738.83,1,0,0.27918403811793,1.7897627084487784,Uptrend
2025-11-12 16:00:00,823.66,836.85,823.66,830.66,2620,278,0,68.47875328440703,1951.85,1.3423162640571766,0,15.65714285714286,1.8849039146152289,791.965,4.885948242662231,779.8228,6.5190707427379575,751.0023,10.60685167009475,0,0,816.1567180260491,767.7732819739509,6.109289684783823,16.6621288231999,836.85,761.12,1,0,836.85,738.83,1,0,2.782830345100651,4.419861722187299,Uptrend
2025-11-12 20:00:00,831.0,838.54,829.66,837.7,2512,278,0,74.50626747226988,2000.1,1.255937203139843,0,15.774285714285716,1.8830471188117124,794.0809999999999,5.49301645550015,780.8467999999999,7.28096727808837,751.85175,11.418241694589392,0,0,825.7714939424272,762.3905060575726,7.981677925155581,17.295208500645863,838.54,761.12,1,0,838.54,738.83,1,0,0.8475188404401424,3.943319436172336,Uptrend
2025-11-13 16:00:00,836.8,837.17,814.78,817.46,2573,278,0,60.27027027027031,2080.45,1.236751664303396,0,15.090000000000007,1.8459618819269452,795.5935000000001,2.748451313390566,781.495,4.602076788719062,752.5142999999999,8.630493799254062,0,0,828.7565074662983,762.4304925337018,8.336671294146637,17.24084854069645,838.54,761.12,0,0,838.54,738.83,0,0,-2.4161394293899963,1.149510622765022,Uptrend
2025-11-13 20:00:00,817.56,820.19,803.66,803.66,2501,278,0,55.38496274554073,2197.85,1.1379302500170623,0,15.825714285714307,1.96920517205215,796.4345000000001,0.907230914783312,782.1066000000001,2.755813593696805,753.1002000000001,6.713555513595651,0,0,829.5158291115805,763.3531708884196,8.307357130204789,17.544758916687012,838.54,761.12,0,0,838.54,738.83,0,0,-1.6881559954003977,-3.2504273710061877,Uptrend
2025-11-14 16:00:00,778.66,798.24,776.67,795.49,2317,278,0,50.94545454545455,2252.0,1.0288632326820604,0,16.19357142857145,2.035672532473249,796.9925000000001,-0.18852122196884594,782.6345999999999,1.6425800750439794,753.6165,5.556340658677197,0,0,829.5870554865786,764.3979445134215,8.17938825938225,18.17313184343268,838.54,761.12,0,0,838.54,738.83,0,0,-1.01659905930368,-5.038796705264419,Uptrend
2025-11-14 20:00:00,795.6,798.46,788.21,788.85,1708,278,0,49.09932010934326,2287.4,0.7466993092594212,0,16.524285714285732,2.0947310279883036,797.078,-1.0322703675173512,782.9868000000001,0.7488248844041677,754.11285,4.606359644978871,0,0,829.5725544263596,764.5834455736403,8.153418969375553,18.683462497214936,838.54,761.12,0,0,838.54,738.83,0,0,-0.8347056531194608,-3.499865436840948,Uptrend
2025-11-17 16:00:00,788.27,795.03,782.87,785.94,2039,278,0,51.46572625082654,2264.45,0.9004394002958777,0,15.963571428571445,2.0311437805139634,796.8815000000001,-1.3730397806951244,783.3589999999999,0.3294785660214705,754.51455,4.164989263626535,0,0,829.6062977919734,764.1567022080268,8.213215589011236,17.647974090852543,838.54,761.12,0,0,838.54,738.83,0,0,-0.3688914242251373,-2.204912525197212,Uptrend
2025-11-17 20:00:00,785.32,785.56,768.91,773.66,2147,278,0,45.536707452725246,2273.85,0.9442135585021,0,16.348571428571454,2.113146786517521,796.397,-2.8549831302729767,783.5188,-1.2582722967209066,754.85315,2.4914581067853976,0,0,830.2333728925773,762.5606271074228,8.497363222758821,17.746401186008548,838.54,761.12,0,1,838.54,738.83,0,0,-1.5624602386950737,-2.744220543312932,Uptrend
2025-11-18 16:00:00,769.66,784.11,766.07,783.01,1970,278,0,53.89156886744904,2241.0,0.8790718429272646,0,15.824285714285736,2.020955762287293,795.9285000000001,-1.6230729267767277,784.0508,-0.13274650060939805,755.2427,3.67660620883856,0,0,830.2549858765183,761.6020141234819,8.625519974851553,15.666167588346557,838.54,761.12,0,0,838.54,738.83,0,0,1.208541219657211,-0.7403181846992498,Uptrend
2025-11-18 20:00:00,783.39,786.18,774.66,774.66,2056,278,0,46.44125480911513,2230.9,0.9216011475189385,0,15.699285714285736,2.0266033762277305,795.1940000000001,-2.582262944639937,784.6072,-1.267793616984405,755.5906000000001,2.5237741178886894,0,0,830.7208434611777,759.6671565388225,8.93539022205338,12.964361867914251,838.54,761.12,0,1,838.54,738.83,0,0,-1.066397619442927,-1.4352240629055764,Uptrend
2025-11-19 16:00:00,777.66,783.81,774.21,779.66,1859,278,0,44.520232985898204,2193.95,0.8473301579343194,0,14.928571428571445,1.9147540503003162,794.5325,-1.8718554621743049,785.2238000000001,-0.7085623232510435,755.9154000000001,3.1411716178820903,0,0,830.7263900775614,758.3386099224386,9.110738724359638,13.72619061952932,838.54,761.12,0,0,838.54,738.83,0,0,0.64544445305037,0.775534472507303,Uptrend
2025-11-19 20:00:00,779.92,786.31,777.18,783.71,2460,278,0,45.567335889916556,2198.85,1.1187666280100963,0,15.071428571428587,1.9230874394136332,794.1469999999999,-1.3142403106729483,785.7208,-0.2559178782081392,756.25975,3.6297383273405703,0,0,830.6434471810795,757.6505528189203,9.19135806874032,14.50876648364182,838.54,761.12,0,0,838.54,741.66,0,0,0.5194571992920061,0.0893986028275559,Uptrend
2025-11-20 16:00:00,805.33,814.44,769.66,774.7,2895,278,0,38.136494908040795,2229.15,1.2987012987012987,0,17.377857142857163,2.2431724722934248,793.7845,-2.404241957357436,785.9945999999999,-1.436981882572709,756.5262999999999,2.4022562070876017,0,0,830.9292991542525,756.6397008457475,9.358912690850602,14.55197341043987,838.54,761.12,0,1,838.54,741.66,0,0,-1.149659950747084,0.0051635556244129435,Uptrend
2025-11-20 20:00:00,774.7,784.4,770.94,771.25,2063,278,0,36.09730381081493,2236.3,0.9225059249653444,0,17.85500000000001,2.3150729335494344,793.022,-2.745447162878211,786.2124,-1.9030989590090415,756.83265,1.9049587778751427,0,0,831.4019786621162,754.6420213378839,9.67942343645351,15.053983398109578,838.54,761.12,0,1,838.54,741.66,0,0,-0.4453336775526062,-1.0786753200112829,Uptrend
2025-11-21 16:00:00,774.55,775.61,752.66,772.66,2316,278,0,24.03760071620418,2191.05,1.0570274525912233,0,17.445714285714295,2.2578772404051324,793.045,-2.57047204130913,786.5296000000001,-1.7633919944017498,757.14955,2.048531891751107,0,0,831.3729557173731,754.7170442826268,9.666022916069865,17.607712472732636,838.54,752.66,0,0,838.54,741.66,0,0,0.18282009724472914,-1.4099603169539838,Uptrend
2025-11-21 20:00:00,773.19,778.76,768.66,772.74,1860,278,0,18.989879702119595,2144.2,0.8674563939930977,0,17.532857142857154,2.2689206127361277,792.4680000000001,-2.4894380593285867,787.0412,-1.8170840357531466,757.5218500000001,2.0089387520637088,0,0,831.6885964151124,753.2474035848877,9.89834199364829,19.969951664872553,838.54,752.66,0,0,838.54,741.66,0,0,0.010353842569821303,-0.25300116174003306,Uptrend
2025-11-24 16:00:00,777.42,790.46,774.83,787.02,1929,278,0,34.59202267665519,2137.5,0.9024561403508772,0,17.16142857142858,2.180558127039793,792.121,-0.6439672726767753,787.934,-0.11599956341520828,757.9812,3.8310712719523963,0,0,831.4087604618092,752.8332395381908,9.919636131805412,21.927014946704478,838.54,752.66,0,0,838.54,741.66,0,0,1.8479695628542459,2.0447325769854108,Uptrend
2025-11-24 20:00:00,786.9,792.3,786.15,789.34,1773,278,0,41.798396334478866,2146.85,0.8258611453990731,0,16.419999999999998,2.0802189170699568,791.813,-0.3123212172570994,788.7134,0.07944584179754688,758.4524,4.072450690379518,0,0,831.0858046255564,752.5401953744436,9.919717060860691,22.90265244168729,838.54,752.66,0,0,838.54,741.7,0,0,0.2947828517699813,2.158776175808255,Uptrend
2025-11-25 16:00:00,796.5,800.7,776.54,796.54,1892,279,0,50.60813158809218,2158.65,0.8764737220021772,0,16.21785714285715,2.03603800723845,791.3439999999999,0.6566044602600167,789.6636,0.8708011867331849,758.9602500000001,4.951478025364289,0,0,830.1284664510673,752.5595335489326,9.802176158805116,21.65817396063284,838.54,752.66,0,0,838.54,743.26,0,0,0.9121544581549124,3.0799492714237586,Uptrend
2025-11-25 20:00:00,797.21,803.84,795.54,800.14,1779,278,0,56.777524312642534,2163.45,0.8222977189211677,0,16.07857142857144,2.009469771361442,790.9425,1.1628531783283855,790.0926000000001,1.271673725332945,759.4306999999999,5.360502281511677,0,0,829.1556054262151,752.7293945737849,9.662675966006395,20.60170861204001,838.54,752.66,0,0,838.54,747.95,0,0,0.4519547040952254,1.6670478513887836,Uptrend
2025-11-26 16:00:00,808.43,818.04,807.77,814.94,1578,278,0,65.23429291868035,2111.35,0.7473891112321501,0,16.48857142857144,2.023286552208928,790.1564999999999,3.1365305480623293,790.7669999999999,3.0569055107256773,759.96905,7.233314304049621,0,0,825.4662304465746,754.8467695534252,8.937401754354914,21.002746929069342,838.54,752.66,0,0,838.54,752.66,0,0,1.8496763066463418,3.243215851217476,Uptrend
2025-11-26 20:00:00,814.87,816.9,812.26,814.3,1554,278,0,74.32367728034464,2063.45,0.75310765950229,0,15.603571428571431,1.9161944527289,788.9865000000001,3.208356543489636,791.199,2.9197458540771666,760.5297,7.070111791820873,0,0,818.7834876788927,759.1895123211075,7.553231311028162,21.851446417156875,837.17,752.66,0,0,838.54,752.66,0,0,-0.07853338896116613,2.2296432068697105,Uptrend
2025-11-28 16:00:00,818.76,828.94,817.66,822.82,1821,278,0,74.0660137830975,2025.85,0.8988819507860898,0,15.360714285714298,1.8668377392035072,789.2545,4.252810722016795,791.873,3.9080761687795897,761.1261499999999,8.105601154289618,0,0,820.2039198398013,758.3050801601987,7.8426970868842165,24.04237382432802,828.94,752.66,1,0,838.54,752.66,1,0,1.0462974333783626,2.834503961806692,Uptrend
2025-12-01 16:00:00,815.72,822.78,807.96,810.16,1782,278,0,70.39760974488613,1989.9,0.8955223880597014,0,15.59928571428573,1.9254574052391786,789.5795,2.606513973577064,792.3232,2.2512025395697015,761.6275499999999,6.372202528650657,0,0,821.2929382772928,757.8660617227073,8.032994341239297,25.402992568216735,828.94,752.66,0,0,838.54,752.66,0,0,-1.5386111178629647,-0.5865462488036034,Uptrend
2025-12-01 20:00:00,810.16,812.92,808.16,809.48,1476,278,0,68.02902055622727,1947.85,0.7577585543034628,0,15.25357142857145,1.8843666833734556,790.279,2.429648263461388,792.6992,2.1169190028197327,762.1175999999999,6.214578957368272,0,0,823.1378213902618,757.4201786097382,8.315752130642931,25.42686008794228,828.94,752.66,0,0,838.54,752.66,0,0,-0.08393403772093411,-0.5919194400098167,Uptrend
2025-12-02 16:00:00,809.93,818.11,806.74,812.53,1744,278,0,67.63769889840871,1949.65,0.894519529146257,0,15.41357142857145,1.8969849025354695,791.463,2.6617795146456635,793.1422,2.4444292587129985,762.6761,6.536706735664059,0,0,825.7792168814084,757.1467831185915,8.67159093511849,25.64770915985428,828.94,752.66,1,0,838.54,752.66,0,0,0.3767850966052144,-1.2505772830023671,Uptrend
2025-12-02 20:00:00,812.41,817.4,810.45,813.05,1857,278,0,76.19177707963377,1940.55,0.9569451959496019,0,12.711428571428582,1.5634251978880247,792.8185,2.551845094432078,793.5906,2.452070374825503,763.2408,6.526013808486118,0,0,828.3367990791072,757.3002009208927,8.96000763834528,26.270170012520072,828.94,752.66,1,0,838.54,752.66,0,0,0.06399763701032679,0.35671966031401037,Uptrend
2025-12-03 16:00:00,813.66,833.85,813.66,831.99,2268,279,0,84.23900789176992,1946.6,1.1651083941230864,0,13.235714285714307,1.5908501647512958,795.7349999999999,4.556165054949212,794.3752000000001,4.735142788949094,763.8898000000002,8.914924639653501,0,0,834.0950650347845,757.3749349652153,9.641417063415487,27.477789651437416,833.85,752.66,1,0,838.54,752.66,1,0,2.3295000307484326,2.7807975490438293,Uptrend
2025-12-03 20:00:00,831.99,836.49,830.79,834.52,2045,278,0,84.43553774215087,1950.35,1.0485297510703209,0,12.00357142857145,1.438380317855947,798.3104999999999,4.535766471817677,795.3124,4.9298363762466115,764.5324499999999,9.154294235646907,0,0,839.8576473338202,756.7633526661797,10.408768852174749,28.136652693654867,836.49,752.66,1,0,838.54,752.66,1,0,0.30409019339174836,2.7063616112635853,Uptrend
2025-12-04 16:00:00,839.13,842.24,833.77,835.68,1949,278,0,84.62046204620451,1945.0,1.002056555269923,0,11.887142857142878,1.4224515193785754,801.3615,4.282524179162584,796.4164,4.930034087695833,765.1709999999999,9.21480296561161,0,0,844.5264157119559,758.196584288044,10.772894807638233,28.98446241300567,842.24,752.66,1,0,842.24,752.66,1,0,0.13900206106503,2.783346657647131,Uptrend
2025-12-04 20:00:00,835.68,836.91,833.66,836.06,2183,278,0,81.84415584415572,1961.2,1.1130940240668978,0,10.853571428571447,1.298180923447055,804.1814999999999,3.9640926830572494,797.2604000000001,4.866615725552131,765.82655,9.170934332323677,0,0,848.7241585716521,759.6388414283477,11.077762562718037,30.776947914182852,842.24,752.66,1,0,842.24,752.66,1,0,0.045471950986031295,0.4891885719780209,Uptrend
2025-12-05 16:00:00,841.08,853.9,837.13,852.32,2498,278,0,84.62722674290731,1963.1,1.2724772044215782,0,11.688571428571452,1.3713829815763388,807.612,5.535826609807691,798.3992,6.753613981577149,766.563,11.187208357303973,0,0,855.9247885869964,759.2992114130035,11.964356296587093,33.62891924276598,853.9,752.66,1,0,853.9,752.66,1,0,1.9448364949884,2.1329626611705015,Uptrend
2025-12-05 20:00:00,852.16,854.69,848.09,852.74,2330,278,0,83.38878326996189,1934.85,1.2042277179109493,0,10.434285714285734,1.2236186544885583,811.5139999999999,5.0801341689730695,799.7098,6.6311804607121285,767.2956499999999,11.135779278821678,0,0,861.2203394876582,761.8076605123416,12.250272820347718,38.9567683269466,854.69,752.66,1,0,854.69,752.66,1,0,0.049277266754255145,2.041451273214635,Uptrend
2025-12-08 16:00:00,861.35,868.76,858.66,860.36,2351,278,0,84.14606486731675,1949.25,1.206104912145697,0,10.985714285714298,1.2768741324229738,815.9694999999999,5.440215596293745,801.1802,7.386577950877967,768.0517500000001,12.018493545519545,0,0,866.4485384740271,765.4904615259727,12.372775814298752,44.308869811668465,868.76,752.66,1,0,868.76,752.66,1,0,0.8935900743485714,2.906489964835068,Uptrend
2025-12-08 20:00:00,860.36,865.86,855.31,864.47,2209,278,0,81.9589624467672,1943.9,1.1363753279489686,0,10.460714285714305,1.2100725630402795,820.5600000000001,5.351223554645604,802.783,7.684143784808599,768.8515000000001,12.436536834486231,0,0,871.1538735629563,769.9661264370438,12.3315476169826,47.84224923807687,868.76,768.66,1,0,868.76,752.66,1,0,0.4777070063694211,1.4255209311056851,Uptrend
2025-12-09 16:00:00,867.76,881.64,864.66,873.09,2101,278,0,84.39218439218438,1955.95,1.0741583373808123,0,11.355714285714303,1.3006350188084048,825.5775,5.75506236543511,804.5020000000001,8.525522621447799,769.7128,13.430619836385729,0,0,876.107131900491,775.047868099509,12.241039006148071,50.70174627537847,881.64,774.83,1,0,881.64,752.66,1,0,0.9971427579904546,2.3864249360883765,Uptrend
2025-12-09 20:00:00,873.19,877.3,868.76,875.05,1982,278,0,83.09466480800907,1958.6,1.011947309302563,0,10.920000000000007,1.2479286897891557,829.9789999999999,5.430378358970532,806.2056,8.539310567924604,770.59385,13.555279476990373,0,0,881.6893084093352,778.2686915906646,12.460630548323588,52.607570694163265,881.64,776.54,1,0,881.64,752.66,1,0,0.22449002966473675,1.7074247989213749,Uptrend
2025-12-10 16:00:00,872.66,882.12,870.76,877.06,1941,278,0,99.00380896571939,1967.0,0.9867819013726487,0,10.670000000000007,1.216564431167766,834.365,5.117065073439075,808.0798,8.536310399047219,771.4458999999999,13.690409139513221,0,0,886.4411452611677,782.2888547388324,12.482821130121147,56.79086289269677,882.12,776.54,1,0,882.12,752.66,1,0,0.2297011599337262,1.4563836801739698,Uptrend
2025-12-10 20:00:00,876.81,895.62,876.81,886.66,2646,278,0,100.0,2004.7,1.3198982391380256,0,11.67357142857144,1.3165781053133603,838.8710000000001,5.6968234686858725,809.9654,9.468873608675125,772.29855,14.807932761235923,0,0,892.7316368910995,785.0103631089007,12.841220376219791,61.048812422556615,895.62,795.54,1,0,895.62,752.66,1,0,1.0945659361959237,1.5542498482401512,Uptrend
2025-12-11 16:00:00,892.43,907.56,889.66,906.62,2476,278,0,100.0,2039.55,1.2139932828319973,0,12.354285714285725,1.3626751797098813,844.1949999999999,7.394618541924563,812.3108,11.609989673903145,773.2305,17.250936169744985,0,0,902.7792373267497,785.6107626732502,13.879313980004563,65.5320759760264,907.56,806.74,1,0,907.56,752.66,1,0,2.2511447454492073,3.6077938403519862,Uptrend
2025-12-11 20:00:00,906.52,917.45,906.31,909.57,1836,278,0,100.0,2052.45,0.8945406709055033,0,12.653571428571452,1.391159715972542,848.9264999999999,7.143551296843737,814.6444,11.652397045876707,774.1886499999999,17.486868349206635,0,0,912.6245208814179,785.228479118582,15.006722226580974,70.75423648015138,917.45,806.74,1,0,917.45,752.66,1,0,0.3253843947850221,3.7067019360135114,Uptrend
2025-12-12 16:00:00,905.66,912.08,892.11,896.43,2233,279,0,85.51587301587293,2086.4,1.0702645705521472,0,12.594285714285734,1.404938000098807,853.033,5.0873764555415715,816.7446000000001,9.756464872862317,775.05035,15.66087287103347,0,0,917.9104569882495,788.1555430117505,15.211007543260225,73.37881018095217,917.45,806.74,0,0,917.45,752.66,0,0,-1.444638675418064,1.1018879841201792,Uptrend
2025-12-12 20:00:00,896.43,897.55,884.06,886.06,2052,278,0,76.14650974025967,2097.95,0.9780976667699421,0,13.150714285714303,1.484178756033937,856.195,3.4881072652841807,818.8268,8.210918352941048,775.8465000000001,14.205580614206525,0,0,921.0367401305433,791.3532598694568,15.146488856053411,73.27549631589272,917.45,806.74,0,0,917.45,752.66,0,0,-1.156810905480632,-2.267763781959372,Uptrend
2025-12-15 16:00:00,896.81,902.62,888.66,890.87,2095,278,0,76.99833675765576,2113.6,0.9911998485995458,0,13.728571428571447,1.5410297157353428,860.2305,3.561777918825245,820.9142000000002,8.521694471846123,776.6882499999999,14.70110433626363,0,0,923.0226763396737,797.4383236603263,14.598918857137406,73.07869334572312,917.45,806.74,0,0,917.45,752.66,0,0,0.5428526284901869,-2.055916531987647,Uptrend
2025-12-15 20:00:00,891.95,892.86,888.16,888.43,1850,278,0,75.11268821329233,2132.3,0.8676077475026965,0,13.83214285714288,1.5569198312914785,864.1780000000001,2.8063662810207894,823.2387999999999,7.91886874136643,777.5194500000001,14.26466566206155,0,0,923.3592845950033,804.996715404997,13.696549691152319,73.23414715224605,917.45,806.74,0,0,917.45,752.66,0,0,-0.27388956862393066,-0.8924288566870809,Uptrend
2025-12-16 16:00:00,891.92,894.44,873.87,873.87,2244,278,0,60.50502096129468,2157.3,1.0401891252955082,0,14.02714285714288,1.605175009685981,867.2450000000001,0.7639133116939141,825.0305999999999,5.919707705386936,778.24015,12.287961498773873,0,0,921.2913841723407,813.1986158276595,12.463925228128288,71.15545837951797,917.45,810.45,0,0,917.45,752.66,0,0,-1.6388460542755112,-1.3757533349885946,Uptrend
2025-12-16 20:00:00,873.87,881.75,872.66,877.27,1889,278,0,61.620085267645635,2158.9,0.8749826300430774,0,14.205000000000025,1.619227831796371,870.4559999999999,0.782808091391188,826.6968,6.117502813607108,778.97365,12.618700260271956,0,0,918.2097487754019,822.702251224598,10.972122376180293,67.94417872530998,917.45,813.66,0,0,917.45,752.66,0,0,0.3890738897089907,-1.5265975956087894,Uptrend
2025-12-17 16:00:00,889.05,893.98,869.66,871.66,2013,278,0,55.45682827892598,2146.15,0.9379586701768282,0,14.797857142857172,1.6976638990956534,872.4395000000001,-0.089347169631831,828.22,5.244983217019626,779.6670999999999,11.798997289997242,0,0,916.6283971408573,828.2506028591429,10.12996251106402,64.22320256847773,917.45,830.79,0,0,917.45,752.66,0,0,-0.6394838533176794,-1.887599473228052,Uptrend
2025-12-17 20:00:00,871.81,872.76,866.66,869.86,1969,278,0,52.66225427244888,2142.35,0.9190841832567042,0,14.480000000000027,1.664635688501601,874.2065,-0.49719374083811907,829.4988000000001,4.865733380205003,780.3749499999999,11.466930095590603,0,0,914.6811783869279,833.7318216130722,9.25975233241296,61.26726564693451,917.45,833.66,0,0,917.45,752.66,0,0,-0.20650253539223895,-0.45887832286266733,Uptrend
2025-12-18 16:00:00,884.48,890.83,874.66,880.14,2140,278,0,53.425988920206024,2151.9,0.9944700032529392,0,14.751428571428603,1.6760320598346403,876.4295,0.42336548461684875,830.9381999999999,5.92123457556772,781.1347999999999,12.674534536164572,0,0,912.6554828096524,840.2035171903475,8.266719184977791,58.055382319734576,917.45,833.66,0,0,917.45,752.66,0,0,1.1817993700135698,0.32715127611795736,Uptrend
2025-12-18 20:00:00,880.14,885.63,872.66,874.28,2199,278,0,49.63947935199926,2152.7,1.0215078738328611,0,15.067857142857179,1.723458976856062,878.3404999999999,-0.4622922431562627,831.8106,5.105657465774054,781.8989,11.814967382611735,0,0,909.240726859991,847.4402731400088,7.036047377979522,54.95704780306134,917.45,837.13,0,0,917.45,752.66,0,0,-0.6658031676778697,0.30057591262648337,Uptrend
2025-12-19 16:00:00,888.25,896.66,884.42,895.97,1765,279,0,57.47608128409901,2116.05,0.834101273599395,0,15.855000000000034,1.769590499681913,880.5229999999999,1.7542982977162571,832.9760000000001,7.562522809780822,782.84595,14.45035897547915,0,0,909.8088177280216,851.2371822719782,6.651914311840054,50.655381284220205,917.45,848.09,0,0,917.45,752.66,0,0,2.4808985679644957,3.001632446600604,Uptrend
2025-12-19 20:00:00,895.97,898.16,889.11,890.74,1891,278,0,51.67076167076168,2094.1,0.9030132276395588,0,15.15785714285717,1.7017151068613927,882.423,0.9425184973646434,834.4415999999999,6.746835248865844,783.76165,13.649347349414196,0,0,908.9169827130407,855.9290172869593,6.004825965107604,45.72634943476964,917.45,855.31,0,0,917.45,752.66,0,0,-0.5837249015034018,1.2043538527961486,Uptrend
2025-12-22 16:00:00,897.65,903.76,893.11,902.67,1150,278,0,48.268606995704374,2034.05,0.5653744991519383,0,14.595000000000027,1.6168699524743293,884.5385,2.0498259827017096,836.4218000000001,7.920429620557461,784.66005,15.039627670607164,0,0,910.3631355453766,858.7138644546234,5.839120749492899,40.25121559732286,917.45,855.31,1,0,917.45,752.66,1,0,1.3393358331275085,3.2472434460355935,Uptrend
2025-12-22 20:00:00,902.67,902.72,896.66,896.66,1062,278,0,44.48902928370184,1976.7,0.5372590681438761,0,14.23214285714288,1.5872396289722839,886.1479999999999,1.1862578260064978,838.4452,6.943184837840323,785.52265,14.148204383412747,0,0,910.6867226536463,861.6092773463536,5.53828991402031,34.156609051931966,917.45,864.66,0,0,917.45,752.66,0,0,-0.665802563506046,0.07701150708170373,Uptrend
2025-12-23 16:00:00,893.14,901.16,892.26,900.0,984,278,0,51.663095127177876,1920.85,0.512273212379936,0,13.441428571428592,1.4934920634920656,887.4934999999999,1.4091934194447704,840.6682,7.057695295242528,786.4331500000001,14.440750621969576,0,0,911.968477361399,863.0185226386009,5.515528251508108,30.68394543407434,917.45,866.66,1,0,917.45,752.66,1,0,0.37249347578793834,1.0395850641040023,Uptrend
2025-12-23 20:00:00,900.0,904.3,899.27,899.27,1027,278,0,56.761183335039426,1873.1,0.5482889327852224,0,12.837142857142876,1.4275070731974686,888.7045,1.1888653652591978,842.9348000000001,6.683221525555698,787.3347,14.216990563225524,0,0,912.983064489753,864.4259355102471,5.46381040936621,29.080327045324996,917.45,866.66,1,0,917.45,752.66,1,0,-0.08111111111110958,-0.3766603520666442,Uptrend
2025-12-24 16:00:00,898.66,910.39,896.77,907.73,1021,278,0,58.31853167554767,1827.1,0.5588090416507033,0,12.627142857142871,1.3910681432962302,890.2379999999999,1.9648678218633757,845.6161999999999,7.3453890784022455,788.2555,15.15682415156,0,0,915.2820627273934,865.1939372726065,5.626374683487664,27.28107187346523,917.45,866.66,1,0,917.45,752.66,1,0,0.9407630633736286,1.2345816697521972,Uptrend
2025-12-26 16:00:00,907.34,911.09,903.66,904.3,958,278,0,57.75432424508942,1742.7,0.5497216962185115,0,12.822142857142873,1.4179080899195924,891.1199999999999,1.4790376155848892,848.0419999999999,6.633869548913856,789.16555,14.589391288051019,0,0,916.8661428894326,865.3738571105672,5.778378420287435,25.608406065674206,917.45,866.66,1,0,917.45,752.66,1,0,-0.37786566490036755,0.4777777777777727,Uptrend
2025-12-26 20:00:00,904.3,906.99,903.72,905.63,798,278,0,67.82267115600445,1658.8,0.4810706534844466,0,11.586428571428582,1.2793777338900636,891.0705,1.6339335664237515,850.6614,6.461866025659568,790.1044499999999,14.621554150213948,0,0,916.6946846904738,865.4463153095263,5.751326004053265,27.414881080741168,917.45,866.66,1,0,917.45,752.66,1,0,0.1470750857016423,0.7072403171461312,Uptrend
2025-12-29 16:00:00,902.31,904.01,890.91,891.9,1195,278,0,57.35693452680276,1626.75,0.7345935146765022,0,11.988571428571438,1.3441609405282475,890.1869999999999,0.1924314778804992,852.9061999999999,4.571874374931275,790.9703,12.760238911625382,0,0,914.2994105193053,866.0745894806945,5.417380959125532,27.84130662263519,912.08,866.66,0,0,917.45,752.66,0,0,-1.5160716849044298,-1.743910634219431,Uptrend
2025-12-29 20:00:00,892.37,895.95,889.86,890.8,1079,278,0,60.0821744627054,1569.05,0.6876772569389121,0,10.68642857142858,1.1996439797292975,889.9055000000001,0.1005162907746811,855.0479999999999,4.181285728988322,791.81425,12.501132683580767,0,0,913.8418431890095,865.9691568109906,5.379524722346237,28.058132874216714,911.09,866.66,0,0,917.45,752.66,0,0,-0.12333221213141066,-1.4928674112573264,Uptrend
2025-12-30 16:00:00,883.75,886.48,879.87,881.75,1326,278,0,55.818733483409986,1532.75,0.865111727287555,0,11.031428571428576,1.2510834784721945,889.6900000000002,-0.8924456833279195,857.189,2.865295751578711,792.6247999999999,11.244311305929372,0,0,913.8486902746891,865.5313097253112,5.430810793577308,27.436328880574447,911.09,866.66,0,1,917.45,752.66,0,0,-1.0159407274360044,-2.6368384439561408,Uptrend
2025-12-30 20:00:00,881.75,882.96,880.48,882.76,1085,278,0,51.41011840688913,1482.25,0.731995277449823,0,9.710714285714289,1.1000401338658627,889.2845,-0.7336797166710979,859.4191999999999,2.715880678486129,793.4507000000001,11.255809592202752,0,0,913.6313138842575,864.9376861157425,5.475596141450227,26.053621017977942,911.09,866.66,0,1,917.45,752.66,0,0,0.11454493904168306,-1.0247785626191264,Uptrend
2025-12-31 16:00:00,879.21,881.39,875.31,879.16,1053,278,0,52.691968225948806,1442.4,0.7300332778702162,0,9.316428571428576,1.0596965935015898,888.8209999999999,-1.0869455154637375,861.5491999999999,2.04408523622331,794.25625,10.689717581699853,0,0,913.5856759465114,864.0563240534884,5.57247768594835,25.144689255451745,911.09,866.66,0,1,917.45,752.66,0,0,-0.40781186279397197,-1.3066906151773672,Uptrend
2026-01-02 16:00:00,881.66,897.14,879.16,895.46,2820,278,0,49.7008797653959,1471.2,1.9168026101141924,0,9.002142857142863,1.0053093222637373,889.9005,0.6247327650675633,864.0036,3.6407718671542604,795.0210000000001,12.633502762820095,0,0,913.7877839768014,866.0132160231985,5.368529173048319,23.427981343566596,911.09,866.66,1,0,917.45,752.66,0,0,1.8540424951089651,1.5548624893677387,Uptrend
2026-01-02 20:00:00,895.46,912.9,895.17,911.79,2862,278,0,60.923715620134885,1519.85,1.8830805671612332,0,9.622142857142867,1.0553025211005678,891.6265,2.2614289727817645,866.4990000000001,5.226895818691057,795.8688999999999,14.565351152683567,0,0,916.6334474767341,866.6195525232658,5.609287628112024,22.862786752965324,912.9,866.66,1,0,917.45,768.66,1,0,1.8236437138453798,3.2885495491413264,Uptrend
2026-01-05 16:00:00,931.66,960.01,928.91,951.23,3345,278,0,69.60277732924268,1586.45,2.108481200163888,1,12.136428571428585,1.2758668851306818,895.6049999999999,6.210885379157119,869.7367999999999,9.36986913742182,796.9449,19.359569275115515,0,0,930.571892913138,860.6381070868619,7.80855241164086,24.680770752032235,960.01,866.66,1,0,960.01,774.83,1,0,4.325557420019965,8.197597706902048,Uptrend
2026-01-05 20:00:00,951.71,958.64,945.81,947.31,2469,278,0,70.79740494374634,1611.45,1.532160476589407,0,12.620000000000013,1.3321932630289994,899.4775,5.317809506074358,872.7522,8.542837245211174,797.9642,18.715852164796356,0,0,939.2622470772261,859.6927529227738,8.846190611155064,27.07856922877039,960.01,872.66,1,0,960.01,776.54,1,0,-0.4120980204577296,5.790320058964098,Uptrend
2026-01-06 16:00:00,948.93,956.02,941.66,954.97,1912,278,0,71.79792211912121,1600.05,1.1949626574169558,0,13.010000000000016,1.362346461145378,903.219,5.729618176765543,875.8487999999999,9.03365969103345,799.04225,19.514331063219757,0,0,948.9733237646099,857.4646762353902,10.131390895144989,28.66540153009296,960.01,872.66,1,0,960.01,776.54,1,0,0.8086054195564296,4.735739589159792,Uptrend
2026-01-06 20:00:00,954.97,957.11,950.66,953.99,1834,278,0,71.65584929555163,1581.8,1.1594386142369453,0,13.111428571428592,1.3743779883886194,907.2045,5.157106253330969,878.6298000000002,8.577013891402254,800.0893500000001,19.235432892588797,0,0,956.1221982179886,858.2868017820115,10.784271510555463,29.178239344487178,960.01,875.31,1,0,960.01,795.54,1,0,-0.10262102474423163,0.29015064705696736,Uptrend
2026-01-07 16:00:00,948.59,952.59,941.17,946.51,1808,278,0,65.46745373324819,1583.95,1.1414501720382588,0,13.054285714285738,1.3792020912917706,909.7315000000001,4.042786250668454,881.2739999999999,7.402465067618029,801.1636,18.141912588140553,0,0,961.3525166399908,858.1104833600094,11.348626850887468,29.12349778307205,960.01,875.31,1,0,960.01,806.74,1,0,-0.7840753047725912,-0.08444965217299032,Uptrend
2026-01-07 20:00:00,945.72,946.31,932.66,937.46,1586,278,0,62.65842113299741,1568.7,1.0110282399439026,0,13.512857142857163,1.4414329297097648,912.0675000000001,2.78405929385708,883.5668000000001,6.099504870486303,802.20425,16.860512768412786,0,0,964.2947749372132,859.840225062787,11.45250213108418,28.345464989892914,960.01,875.31,0,0,960.01,806.74,0,0,-0.956144150616467,-1.833565452317873,Uptrend
2026-01-08 16:00:00,937.26,943.74,933.72,940.04,2009,278,0,63.01141949633212,1611.65,1.2465485682375206,0,13.99500000000002,1.4887664354708332,913.936,2.856217503194964,886.1643999999999,6.079639398739115,803.27125,17.026471444110562,0,0,967.4067811603081,860.4652188396919,11.701209091294814,25.850606369461865,960.01,875.31,0,0,960.01,806.74,0,0,0.27521174236766477,-1.4622794788205373,Uptrend
2026-01-08 20:00:00,940.04,940.98,930.29,932.75,1535,278,0,66.23737975991732,1635.3,0.93866568825292,0,13.70714285714288,1.4695409120496252,915.7405000000001,1.8574585267332706,888.6297999999999,4.964969664532978,804.28775,15.972175381261252,0,0,969.1923437375755,862.2886562624248,11.674015452538214,25.536272583070446,960.01,875.31,0,0,960.01,806.74,0,0,-0.7754989149397873,-1.4537617140864851,Uptrend
2026-01-09 16:00:00,938.94,944.07,931.29,936.83,1709,278,0,67.87295177448165,1671.55,1.0224043552391493,0,14.185000000000027,1.5141487783269136,917.582,2.0976871821809984,891.1158,5.12999545064738,805.3782000000001,16.321747968842455,0,0,971.2876388688803,863.8763611311197,11.705905056742685,25.944179514975126,960.01,875.31,0,0,960.01,806.74,0,0,0.4374162422942973,-0.0672028673223386,Uptrend
2026-01-09 20:00:00,936.83,939.26,934.77,936.41,1397,278,0,72.74846012984845,1690.05,0.8266027632318571,0,13.725000000000032,1.4657041253297203,919.439,1.8457994494468917,893.5830000000001,4.7927277040856735,806.4616000000001,16.113402051628974,0,0,973.0469326023074,865.8310673976926,11.661009072338114,28.006776862938114,960.01,875.31,0,0,960.01,806.74,0,0,-0.04483203996457075,-0.3861537806901829,Uptrend
2026-01-12 16:00:00,928.76,942.33,928.76,938.87,1966,278,0,73.07344353976474,1737.3,1.1316410522074483,0,14.51714285714289,1.546235672366024,920.9959999999999,1.940725041151117,895.7206,4.8172834252109435,807.5788,16.257385656978613,0,0,974.9795797256794,867.0124202743203,11.722869529439768,30.316401824931113,960.01,875.31,0,0,960.01,810.45,0,0,0.2627054388569139,0.6561243634414371,Uptrend
2026-01-12 20:00:00,938.79,949.04,938.79,947.16,1713,278,0,76.9242952169781,1775.05,0.9650432382186418,0,14.717142857142887,1.553818030442891,923.1389999999999,2.6021000087744177,897.9734,5.4775119173908715,808.7211,17.118250037002866,0,0,977.7313209946026,868.5466790053972,11.827540813377551,32.94733435271697,960.01,875.31,1,0,960.01,813.66,1,0,0.8829763439027749,1.102654697223608,Uptrend
2026-01-13 16:00:00,941.91,944.25,929.66,938.8,2508,278,0,68.31164441439913,1860.55,1.3479884980247776,0,14.682857142857172,1.564002678191007,924.7975,1.5141152522579204,900.0357999999999,4.306962011955533,809.84795,15.92299517458802,0,0,979.1650920785521,870.4299079214479,11.757729033340183,34.8150662275628,960.01,875.31,0,0,960.01,830.79,0,0,-0.8826386249419338,0.25523008084065596,Uptrend
2026-01-13 20:00:00,937.98,940.26,934.16,935.9,1975,278,0,61.49080163950051,1899.55,1.0397199336685004,0,13.852142857142885,1.480087921481236,926.9975000000001,0.9603585770188072,902.0326,3.7545649680510413,810.95655,15.406922849319113,0,0,979.2810116909302,874.7139883090699,11.280183968334356,35.28564412307336,960.01,875.31,0,0,960.01,833.66,0,0,-0.30890498508734376,-0.3163377251376684,Uptrend
2026-01-14 16:00:00,926.66,935.17,916.36,927.93,2088,280,0,34.13671023965141,1950.0,1.0707692307692307,0,11.803571428571454,1.2720325270840962,928.8539999999999,-0.0994774205634016,903.5448,2.698836847934927,811.8969999999999,14.291591174742614,0,0,978.2846857177309,879.423314282269,10.643370372034996,36.6567689506203,960.01,875.31,0,0,960.01,833.66,0,0,-0.851586707981622,-2.0302799949322203,Uptrend
2026-01-14 20:00:00,928.01,933.19,926.84,930.32,1931,278,0,38.18662216659724,1980.25,0.9751294028531751,0,11.34071428571431,1.2190121985676228,931.2824999999999,-0.10335209777912327,905.0964,2.786841269062614,812.84805,14.451895406527715,0,0,975.4628132508828,887.102186749117,9.488058296141705,38.02789377816724,960.01,875.31,0,0,960.01,837.13,0,0,0.2575625316564967,-0.9032807839795383,Uptrend
