time,open,high,low,close,tick_volume,spread,real_volume,RSI,Avg_Volume,Rel_Volume,Volume_Surge,ATR,ATR_Pct,SMA_20,Distance_SMA_20,SMA_50,Distance_SMA_50,SMA_200,Distance_SMA_200,Golden_Cross,Death_Cross,BB_Upper,BB_Lower,BB_Width,ADX,High_20,Low_20,Near_High_20,Near_Low_20,High_52,Low_52,Near_High_52,Near_Low_52,Change_Pct,Change_3bar,Trend
2024-08-19,2509.19,2509.98,2485.52,2504.05,173394,27,0,,,,0,,,,,,,,,0,0,,,,,,,0,0,,,0,0,,,Neutral
2024-08-20,2503.39,2531.61,2497.21,2513.86,174419,27,0,,,,0,,,,,,,,,0,0,,,,,,,0,0,,,0,0,0.3917653401489529,,Neutral
2024-08-21,2513.03,2519.79,2493.33,2512.22,170395,27,0,,,,0,,,,,,,,,0,0,,,,,,,0,0,,,0,0,-0.06523831876080743,,Neutral
2024-08-22,2511.37,2514.55,2470.72,2484.52,172547,27,0,,,,0,,,,,,,,,0,0,,,,,,,0,0,,,0,0,-1.10261044016845,-0.779936502865366,Neutral
2024-08-23,2484.95,2518.19,2484.22,2512.28,173586,27,0,,,,0,,,,,,,,,0,0,,,,,,,0,0,,,0,0,1.1173184357541999,-0.06285155100124618,Neutral
2024-08-26,2511.25,2526.77,2508.57,2517.82,165441,27,0,,,,0,,,,,,,,,0,0,,,,,,,0,0,,,0,0,0.22051682137340656,0.2229104138968866,Neutral
2024-08-27,2518.05,2525.83,2503.37,2524.57,166671,27,0,,,,0,,,,,,,,,0,0,,,,,,,0,0,,,0,0,0.2680890611719722,1.6119813887592043,Neutral
2024-08-28,2524.67,2528.92,2493.5,2504.45,160734,27,0,,,,0,,,,,,,,,0,0,,,,,,,0,0,,,0,0,-0.7969674043500574,-0.31166908147182565,Neutral
2024-08-29,2504.17,2528.54,2503.45,2521.01,158580,29,0,,,,0,,,,,,,,,0,0,,,,,,,0,0,,,0,0,0.661223023019053,0.12669690446497583,Neutral
2024-08-30,2520.52,2526.78,2494.01,2503.12,163565,29,0,,,,0,,,,,,,,,0,0,,,,,,,0,0,,,0,0,-0.7096362172304138,-0.8496496433056034,Neutral
2024-09-02,2502.33,2507.14,2489.87,2498.9,99536,29,0,,,,0,,,,,,,,,0,0,,,,,,,0,0,,,0,0,-0.16858960017896996,-0.22160554213498884,Neutral
2024-09-03,2499.48,2506.11,2473.04,2492.93,170843,29,0,,,,0,,,,,,,,,0,0,,,,,,,0,0,,,0,0,-0.23890511825204186,-1.1138392945684619,Neutral
2024-09-04,2492.62,2500.11,2471.76,2495.46,154533,29,0,,,,0,,,,,,,,,0,0,,,,,,,0,0,,,0,0,0.10148700525085541,-0.30601808942439257,Neutral
2024-09-05,2494.38,2523.36,2493.68,2516.52,162518,29,0,53.721277230677316,,,0,28.9592857142858,1.150767159183547,,,,,,,0,0,,,,,,,0,0,,,0,0,0.8439325815681187,0.7051102485093397,Neutral
2024-09-06,2516.37,2529.04,2484.95,2497.18,187170,29,0,48.16202043983084,,,0,30.361428571428664,1.2158285975151437,,,,,,,0,0,,,,,,,0,0,,,0,0,-0.768521609206374,0.17048212344510277,Neutral
2024-09-09,2496.63,2507.13,2485.41,2506.25,164107,29,0,47.955949503088895,,,0,29.45571428571439,1.175290345564664,,,,,,,0,0,,,,,,,0,0,,,0,0,0.3632097005422219,0.4323852115441627,Neutral
2024-09-10,2506.29,2518.36,2499.97,2516.51,150623,29,0,51.10129896801365,,,0,28.87928571428584,1.1475927262075587,,,,,,,0,0,,,,,,,0,0,,,0,0,0.4093765586034914,-0.0003973741515967897,Neutral
2024-09-11,2516.27,2528.89,2500.79,2511.28,185868,28,0,57.76552524666277,,,0,27.75571428571438,1.1052417207843959,,,,,,,0,0,,,,,,,0,0,,,0,0,-0.2078275071428326,0.5646369104349852,Neutral
2024-09-12,2510.77,2559.95,2510.77,2558.52,175303,28,0,62.05548023777229,,,0,28.84214285714292,1.1272979244697294,,,,,,,0,0,,,,,,,0,0,,,0,0,1.8811124207575247,2.0855860349127173,Neutral
2024-09-13,2558.11,2585.94,2556.49,2578.91,174578,28,0,64.78246140444254,165220.55,1.0566361145753358,0,29.64571428571438,1.1495443534560874,2513.518,2.6016125605625193,,,,,0,0,2556.873703613129,2470.1622963868713,3.449802516881021,,2585.94,2470.72,1,0,,,0,0,0.7969451088910784,2.479624559409644,Neutral
2024-09-16,2578.64,2589.51,2575.04,2582.24,138482,28,0,64.18975444121824,163474.95,0.8471144967470551,0,29.07500000000011,1.1259604064688067,2517.4275,2.574552792483597,,,,,0,0,2570.255009530148,2464.5999904698515,4.19694386671698,,2589.51,2470.72,1,0,,,0,0,0.12912431996463525,2.8256506642030987,Neutral
2024-09-17,2581.92,2586.83,2560.63,2569.33,154146,28,0,66.55102040816323,162461.3,0.9488167335851677,0,28.416428571428664,1.1059859407483144,2520.201,1.9494080035679657,,,,,0,0,2577.8448042135537,2462.5571957864463,4.574540222272249,,2589.51,2470.72,1,0,,,0,0,-0.4999535287192436,0.4225098885293039,Neutral
2024-09-18,2569.26,2600.01,2546.66,2558.98,187915,28,0,60.00316138890345,163337.3,1.1504720599642582,0,30.43500000000011,1.1893410655808216,2522.539,1.4446159207052813,,,,,0,0,2582.563781513884,2462.5142184861165,4.75907659020405,,2600.01,2470.72,1,0,,,0,0,-0.40282875302121157,-0.7728071161847384,Neutral
2024-09-19,2558.5,2594.78,2550.95,2586.64,208114,28,0,70.92603728202045,165115.65,1.2604135343924092,0,31.225000000000136,1.2071645068505914,2527.645,2.3339907305021033,,,,,0,0,2591.3155294134535,2463.9744705865464,5.037932891165773,,2600.01,2471.76,1,0,,,0,0,1.0808994208630018,0.17039469607782745,Neutral
2024-09-20,2586.08,2625.6,2584.7,2622.04,189955,28,0,76.68371327034752,165934.1,1.1447616855125016,0,32.912857142857284,1.25523856016145,2533.1330000000003,3.5097643905787694,,,,,0,0,2608.9835003557037,2457.282499644297,5.988670974299682,,2625.6,2471.76,1,0,,,0,0,1.3685708100083627,2.051507591473265,Neutral
2024-09-23,2621.3,2634.75,2613.68,2628.26,167635,28,0,79.29347590804802,166043.8,1.0095830136385702,0,32.05571428571443,1.2196553722125827,2538.6549999999997,3.5296249391902594,,,,,0,0,2625.1456151282505,2452.164384871749,6.813892799789711,,2634.75,2471.76,1,0,,,0,0,0.23721987460145755,2.707328701279424,Neutral
2024-09-24,2627.48,2664.24,2622.47,2656.98,201037,28,0,81.40213080332842,167762.1,1.198345752705766,0,33.01428571428586,1.2425492745254334,2545.2755,4.3886997694355605,,,,,0,0,2646.2796936544696,2444.271306345531,7.936602042055519,,2664.24,2471.76,1,0,,,0,0,1.0927381613691,2.719357931525073,Neutral
2024-09-25,2657.73,2670.42,2649.65,2656.84,192048,28,0,79.69609751968177,169327.8,1.1341787940314585,0,32.37785714285727,1.2186604064549342,2552.8949999999995,4.071651987253711,,,,,0,0,2663.4701037935183,2442.3198962064807,8.662722422466949,36.084351656194315,2670.42,2471.76,1,0,,,0,0,-0.005269140151598073,1.3272108739759951,Neutral
2024-09-26,2656.47,2685.43,2654.66,2672.18,198285,28,0,87.67329716696815,171313.05,1.1574424715455127,0,31.426428571428687,1.1760595682711752,2560.4535,4.363543411352706,,,,,0,0,2681.9764621403647,2438.9305378596355,9.492299871125534,40.55959316090725,2685.43,2471.76,1,0,,,0,0,0.5773776365908256,1.671067550394543,Neutral
2024-09-27,2671.97,2674.2,2642.98,2657.99,213731,28,0,81.96141208189407,173821.35,1.2296015420430229,0,32.10500000000008,1.2078675992009031,2568.197,3.496343933117267,,,,,0,0,2693.9990138906664,2442.394986109334,9.796913078760417,43.037507524089264,2685.43,2471.76,1,0,,,0,0,-0.5310271014677181,0.038013082522253216,Neutral
2024-09-30,2656.92,2665.89,2624.57,2634.37,199491,28,0,73.50243279891525,178819.1,1.1156023042281278,0,33.74285714285718,1.2808700806210664,2574.9705,2.3068031264824196,,,,,0,0,2699.645557645655,2450.2954423543447,9.683610561414605,45.39218438119832,2685.43,2471.76,1,0,,,0,0,-0.8886414170105938,-0.8457415576399125,Neutral
2024-10-01,2633.94,2672.96,2631.99,2663.29,172057,28,0,77.69558721714105,178879.8,0.9618581863351816,0,34.66214285714292,1.3014783541087496,2583.4885,3.088904789009126,,,,,0,0,2707.84109416167,2459.13590583833,9.626719388274415,48.285283901626386,2685.43,2471.76,1,0,,,0,0,1.0977956779040232,-0.33268716927751396,Neutral
2024-10-02,2662.68,2663.28,2641.0,2658.5,166290,28,0,71.54927148892155,179467.65,0.9265736749770781,0,32.74142857142864,1.2315752706950778,2591.6405,2.579813828345406,,,,,0,0,2713.036374979776,2470.244625020224,9.368265002786936,49.409836864060345,2685.43,2484.95,1,0,,,0,0,-0.17985273853016182,0.019187431103962704,Neutral
2024-10-03,2657.93,2662.78,2637.21,2655.92,180296,28,0,67.97870850259152,180356.55,0.9996642761241552,0,32.46428571428578,1.2223367313129077,2598.6105,2.2053901498512496,,,,,0,0,2717.8340399707545,2479.386960029245,9.17594537317191,49.143339099866346,2685.43,2484.95,1,0,,,0,0,-0.09704720707165437,0.8180323948420375,Neutral
2024-10-04,2656.36,2670.06,2631.92,2653.41,178645,28,0,66.67916569018053,179930.3,0.9928566783915772,0,34.15500000000004,1.287211550420027,2606.422,1.8027779077985004,,,,,0,0,2717.883248890414,2494.960751109586,8.552816764930164,48.30993329733839,2685.43,2485.41,1,0,,,0,0,-0.09450585861020544,-0.3709697404338284,Neutral
2024-10-07,2650.82,2659.44,2637.64,2642.56,171743,28,0,67.32926309811165,180312.1,0.9524762897220985,0,33.84071428571435,1.2806034408192946,2613.2375,1.122075586317729,,,,,0,0,2715.1710719450375,2511.303928054963,7.801324751006161,48.59340603660588,2685.43,2499.97,1,0,,,0,0,-0.40890778281531537,-0.5995862328380687,Neutral
2024-10-08,2642.38,2652.91,2604.63,2621.71,231799,28,0,64.14175571486545,184370.9,1.257242872926259,0,33.47857142857145,1.2769746245225997,2618.4975,0.12268486030634328,,,,,0,0,2709.7079266604396,2527.2870733395603,6.966623161598565,47.85854212194638,2685.43,2500.79,0,0,,,0,0,-0.7890076289658432,-1.2880659055995676,Neutral
2024-10-09,2621.25,2624.2,2605.05,2607.62,184533,27,0,55.03794063970802,184304.15,1.0012416974875498,0,31.715714285714252,1.2162705565118481,2623.3145,-0.5982698605142487,,,,,0,0,2699.6455409301107,2546.9834590698892,5.819434988074111,46.65125045600608,2685.43,2510.77,0,0,,,0,0,-0.5374354905767653,-1.7257039055404166,Neutral
2024-10-10,2606.97,2631.39,2601.56,2629.96,195347,27,0,52.02910432465671,185306.35,1.0541840579127482,0,30.924999999999955,1.1758733973140258,2626.8865,0.11700162911492244,,,,,0,0,2696.8732413834528,2556.8997586165474,5.328493742188913,43.51465977606062,2685.43,2546.66,0,0,,,0,0,0.8567199208473708,-0.4768103657059787,Neutral
2024-10-11,2629.72,2661.3,2627.94,2656.82,162368,27,0,56.61723818350324,184695.85,0.8791101695029964,0,31.802857142857096,1.197027165666364,2630.782,0.9897437339924027,,,,,0,0,2698.1489531978295,2563.4150468021708,5.12143941974891,40.13841108370621,2685.43,2546.66,1,0,,,0,0,1.0213083088716157,1.3392022763768734,Neutral
2024-10-14,2655.64,2666.69,2643.02,2648.46,154746,27,0,47.820302906262796,185509.05,0.834169545906251,0,30.50999999999996,1.1519902131804882,2634.093,0.5454249337438044,,,,,0,0,2697.8258087367435,2570.360191263256,4.839070506374958,35.39962433812678,2685.43,2546.66,1,0,,,0,0,-0.31466188902522507,1.5661791211909768,Neutral
2024-10-15,2647.16,2668.79,2637.98,2662.57,204136,27,0,51.36812950670933,188008.55,1.08578040732722,0,31.227142857142812,1.1728196012552838,2638.755,0.9025089483487498,,,,,0,0,2695.8346217669086,2581.6753782330916,4.326253992273518,31.046391608629545,2685.43,2546.66,1,0,,,0,0,0.5327624355285776,1.2399428128184506,Neutral
2024-10-16,2662.52,2685.31,2658.59,2673.59,193466,27,0,50.34375152372137,188286.1,1.0275107934149148,0,30.937857142857087,1.1571653523112027,2644.4855,1.1005732495035565,,,,,0,0,2689.6018391922044,2599.369160807795,3.4121071332933823,26.032974578338315,2685.43,2550.95,1,0,,,0,0,0.41388583210957286,0.6312057271474913,Neutral
2024-10-17,2673.29,2696.61,2672.98,2692.74,208599,27,0,58.27184003808616,188310.35,1.1077404932867472,0,30.395714285714252,1.128802420052224,2649.7905,1.6208639890587468,,,,,0,0,2691.0549454961665,2608.5260545038336,3.1145439985664107,22.232240964875814,2696.61,2584.7,1,0,,,0,0,0.7162653959657206,1.6719149996601703,Neutral
2024-10-18,2692.41,2722.37,2692.08,2721.34,208330,27,0,70.22275961493744,189229.1,1.1009406058581899,0,29.607857142857124,1.0879881654940993,2654.7555,2.5081217460515637,,,,,0,0,2704.901182282524,2604.6098177174763,3.777800425125698,21.377595819329304,2722.37,2601.56,1,0,,,0,0,1.062115168935751,2.207265912257705,Neutral
2024-10-21,2720.29,2740.44,2714.06,2719.39,227643,27,0,64.91545251515464,192229.5,1.1842251059280704,0,28.565714285714257,1.0504456619210285,2659.3120000000004,2.259155751562792,,,,,0,0,2715.5159015690183,2603.1080984309824,4.226950547285759,20.856778526401428,2740.44,2601.56,1,0,,,0,0,-0.07165587541432261,1.7130524874793713,Neutral
2024-10-22,2719.87,2748.9,2718.58,2748.89,198494,27,0,71.24124641631798,192102.35,1.033272107290723,0,29.139285714285702,1.0600382595988092,2663.9075000000003,3.190144552691849,,,,,0,0,2732.8866434153597,2594.928356584641,5.1787941897651795,21.0954145626329,2748.9,2601.56,1,0,,,0,0,1.084802106354732,2.085236599151797,Neutral
2024-10-23,2748.47,2758.35,2708.62,2715.23,223832,27,0,62.16116465039978,193691.55,1.1556105570945145,0,30.864999999999977,1.136736114435977,2666.827,1.815003372922195,,,,,0,0,2739.3958934664734,2594.258106533527,5.442339789305652,22.03525675512613,2758.35,2601.56,1,0,,,0,0,-1.224494250406527,-0.22452174296486754,Neutral
2024-10-24,2714.34,2743.12,2714.26,2735.79,206883,27,0,65.72737686139747,194121.45,1.0657400302748614,0,30.20214285714282,1.1039642244888248,2670.0075,2.463757124277733,,,,,0,0,2748.8672550285246,2591.1477449714757,5.907081162021037,23.268060725764478,2758.35,2601.56,1,0,,,0,0,0.7572102547482196,0.6030764252277199,Neutral
2024-10-25,2735.67,2747.59,2716.92,2746.84,187139,27,0,69.89317054559326,192791.85,0.9706789991381897,0,30.83571428571424,1.1225886577199342,2674.45,2.706724747144285,2599.0168,5.687658502245937,,,0,0,2760.171318603711,2588.7286813962887,6.410388573629053,23.82946404050706,2758.35,2601.56,1,0,,,0,0,0.40390527050688796,-0.07457555595166512,Neutral
2024-10-28,2736.07,2745.84,2724.5,2742.08,176396,27,0,74.4644526645257,191637.1,0.9204689488621983,0,28.982857142857124,1.0569661404064479,2679.8355,2.322698538772241,2603.7774,5.311613811533966,,,0,0,2768.439912976716,2591.231087023284,6.6126755150990455,27.96795088558917,2758.35,2601.56,1,0,,,0,0,-0.17329003509487517,0.9888665048633047,Neutral
2024-10-29,2742.02,2774.65,2739.59,2774.3,203729,27,0,81.55144998864229,193220.7,1.054384959789505,0,30.11928571428572,1.0856535239262415,2685.386,3.311032380447363,2608.9862,6.336323281434006,,,0,0,2783.0693247419063,2587.7026752580937,7.275179414944913,32.36696440166023,2774.65,2601.56,1,0,2774.65,2470.72,1,0,1.1750204224530325,1.407637282101339,Neutral
2024-10-30,2774.11,2789.95,2770.78,2787.22,206282,27,0,80.86918969849233,195220.3,1.0566626523983418,0,29.357857142857124,1.0533024713821344,2691.822,3.5439936221637125,2614.4862,6.606797159610174,,,0,0,2798.5863901998136,2585.0576098001866,7.932500009273536,38.12593768636379,2789.95,2601.56,1,0,2789.95,2470.72,1,0,0.46570306023139274,1.470052860741785,Neutral
2024-10-31,2787.22,2789.94,2731.44,2743.75,213146,27,0,66.01923856558429,196862.8,1.0827134430679641,0,31.153571428571404,1.1354376830458826,2696.2135000000003,1.7630836727135926,2619.6708000000003,4.736442456815553,,,0,0,2803.9806705259034,2588.446329474097,7.99396416685126,40.323791830177115,2789.95,2601.56,1,0,2789.95,2470.72,1,0,-1.5596185446430377,0.06090267242385607,Neutral
2024-11-01,2744.05,2762.14,2733.04,2736.24,233002,27,0,66.22670807453409,199580.65,1.167457867283226,0,31.541428571428533,1.1527288750777904,2700.355,1.3288993484189955,2624.15,4.271478383476542,,,0,0,2807.5609651718237,2593.1490348281764,7.940138624130802,43.3674281049838,2789.95,2601.56,1,0,2789.95,2470.72,1,0,-0.2737129840546748,-1.3718775907436254,Neutral
2024-11-04,2736.23,2748.08,2729.84,2736.47,213699,27,0,64.39984411535454,201678.45,1.0596025504956033,0,30.64357142857138,1.1198212086582855,2705.0505000000003,1.1615125115039262,2628.5229999999997,4.106755010323293,,,0,0,2809.7961989645887,2600.304801035412,7.744454232154883,46.2639630128048,2789.95,2601.56,1,0,2789.95,2471.76,1,0,0.008405695406832336,-1.8208107002676504,Neutral
2024-11-05,2736.73,2749.86,2724.58,2743.75,197532,27,0,63.87328956734946,199965.1,0.9878323767497428,0,30.540714285714266,1.113101204035144,2711.1525,1.2023484477542246,2632.9066,4.209925259027426,,,0,0,2809.478184576156,2612.8268154238444,7.25342337446202,48.611923216563376,2789.95,2601.56,1,0,2789.95,2471.76,1,0,0.2660361706870562,0.0,Neutral
2024-11-06,2742.76,2749.56,2652.23,2658.82,316997,27,0,44.677378860155734,206588.3,1.5344383007169333,0,35.804999999999964,1.3466500176770133,2713.7125,-2.022782442871156,2635.9939999999997,0.8659352031909207,,,0,0,2802.932932135961,2624.492067864039,6.575525751969738,48.330136895255215,2789.95,2601.56,0,0,2789.95,2471.76,0,0,-3.0953986332573957,-2.829430166944406,Neutral
2024-11-07,2658.46,2710.12,2643.26,2706.39,248238,27,0,47.78590681555638,209232.85,1.1864198188764337,0,38.4171428571428,1.419497665049856,2717.534,-0.4100776660016115,2639.7016,2.5263613129605256,,,0,0,2797.7421721522273,2637.325827847773,5.9030114914644845,47.29109801689263,2789.95,2627.94,0,0,2789.95,2471.76,0,0,1.7891395431055779,-1.0992263755860625,Neutral
2024-11-08,2705.57,2710.22,2680.23,2684.45,217382,27,0,45.11465324384786,211983.55,1.0254663628380598,0,38.67499999999992,1.4407047998658913,2718.9155,-1.2676193872152426,2643.3282,1.5556827184758932,,,0,0,2795.594745932934,2642.236254067066,5.640428761609841,46.73555893176892,2789.95,2637.98,0,1,2789.95,2471.76,0,0,-0.810673997465261,-2.1612756264236967,Neutral
2024-11-11,2684.67,2686.03,2610.49,2619.3,230857,27,0,33.52320406865863,215789.1,1.0698269745784195,0,41.90499999999994,1.5998549230710468,2717.4575,-3.6121080090488924,2645.7362,-0.9992001470138878,,,0,0,2800.6128551461056,2634.3021448538943,6.120085053481473,47.510993815030936,2789.95,2610.49,0,1,2789.95,2471.76,0,0,-2.4269403415969615,-1.4863736544783017,Neutral
2024-11-12,2619.27,2627.05,2589.57,2598.0,234372,27,0,34.6110425582189,217300.9,1.078559729849255,0,41.02999999999994,1.579291762894532,2714.2290000000003,-4.28221052829368,2647.8376000000003,-1.8822000261647573,,,0,0,2810.358687161072,2618.0993128389287,7.08338811213583,48.936378610556076,2789.95,2589.57,0,1,2789.95,2471.76,0,0,-0.8131943649066664,-4.00496602485229,Neutral
2024-11-13,2598.49,2618.63,2572.51,2572.7,235942,27,0,28.85408292923266,219424.7,1.0752754817484085,0,42.2628571428571,1.6427433102521518,2709.1845,-5.0378444140663,2649.3824,-2.8943500190836984,,,0,0,2823.215284850782,2595.1537151492175,8.418089270094548,50.39021421294397,2789.95,2572.51,0,1,2789.95,2471.76,0,0,-0.9738260200154003,-4.16286390135782,Neutral
2024-11-14,2571.82,2581.25,2536.66,2564.52,268708,27,0,26.18350924861528,222430.15,1.2080556525273216,0,43.25714285714282,1.6867539678825987,2702.7735000000002,-5.115245506143975,2650.3424,-3.2381627370108865,,,0,0,2833.841760283279,2571.7052397167213,9.698797200969961,52.1983213994905,2789.95,2536.66,0,1,2789.95,2471.76,0,0,-0.3179539005713772,-2.091398465238812,Neutral
2024-11-15,2565.08,2575.94,2554.36,2562.79,251378,27,0,26.392436731361727,224582.55,1.1193122528887485,0,43.20285714285709,1.6857743764747442,2694.8460000000005,-4.900317123872773,2651.6546000000003,-3.3512886633123453,,,0,0,2839.64603073568,2550.045969264321,10.746441966307511,51.81795280617788,2789.95,2536.66,0,1,2789.95,2484.95,0,0,-0.06745901767192253,-1.3552732871439583,Neutral
2024-11-18,2564.84,2614.95,2563.48,2611.63,230910,27,0,29.478995837012704,224745.9,1.0274269741961923,0,44.42428571428565,1.7010175910939012,2689.4579999999996,-2.8938172672709346,2653.7621999999997,-1.5876403695854726,,,0,0,2838.373635685377,2540.5423643146223,11.074025746851397,50.79793546797447,2789.95,2536.66,0,0,2789.95,2484.95,0,0,1.9057355460260217,1.5131962529638239,Neutral
2024-11-19,2611.78,2639.33,2610.19,2632.04,238106,27,0,30.786945324881145,226726.5,1.0501904276738714,0,45.13642857142853,1.7148838380658549,2683.6155,-1.9218662286009276,2656.0728000000004,-0.9048245966752269,,,0,0,2831.880791459532,2535.350208540468,11.049667246260272,49.16356779887354,2789.95,2536.66,0,0,2789.95,2485.41,0,0,0.7815042712788545,2.632851371796671,Neutral
2024-11-20,2631.87,2655.28,2618.72,2650.02,212368,27,0,37.61332099907493,226153.3,0.9390444446311419,0,43.5692857142857,1.644111580829039,2680.355,-1.1317530700224425,2658.8476,-0.33200849871952326,,,0,0,2828.5610428486066,2532.1489571513935,11.058687587920746,49.357096889545325,2789.95,2536.66,0,0,2789.95,2499.97,0,0,0.683120317320407,3.403712360357267,Neutral
2024-11-21,2649.53,2673.38,2648.71,2669.4,215970,27,0,41.43560043052641,226607.65,0.953056968729873,0,43.25285714285714,1.620321313510794,2677.0355,-0.28522221688878857,2661.0652,0.3132129193978444,,,0,0,2822.970228809261,2531.100771190739,10.902711511241508,49.08158324141091,2789.95,2536.66,0,0,2789.95,2500.79,0,0,0.731315235356722,2.212028503271902,Neutral
2024-11-22,2669.54,2715.48,2668.05,2715.34,254098,27,0,47.57644575964035,229955.6,1.1049872236205598,0,45.337857142857146,1.6696935611325705,2675.4605,1.4905658296954862,2663.7938,1.9350671962672272,,,0,0,2818.8814432662098,2532.0395567337905,10.721215526539048,47.578539435260964,2789.95,2536.66,0,0,2789.95,2510.77,0,0,1.7209859893609014,3.1648455190650666,Neutral
2024-11-25,2714.07,2721.23,2615.47,2625.38,259035,27,0,38.58776344459228,234087.55,1.1065731603410776,0,51.08642857142858,1.945867972309859,2669.6255,-1.6573672973980804,2664.6566,-1.473983551951861,,,0,0,2811.11710086287,2528.1338991371304,10.600108581737008,47.221522294866396,2789.95,2536.66,0,0,2789.95,2536.66,0,0,-3.3130289392856893,-0.9298043033637434,Neutral
2024-11-26,2625.37,2641.8,2605.12,2632.98,219785,27,0,47.072153734590266,234890.35,0.9356919090120135,0,46.75428571428574,1.7757174651644048,2662.5595000000003,-1.1109423094582591,2665.9296000000004,-1.2359516170269602,,,0,0,2795.922456977134,2529.1965430228665,10.017650833878736,48.07756354442264,2789.95,2536.66,0,0,2789.95,2536.66,0,0,0.28948190357205306,-1.364351539671839,Neutral
2024-11-27,2632.19,2658.14,2626.97,2635.79,191311,27,0,41.0975486734591,234141.8,0.8170732436497883,0,44.205000000000055,1.6771062945075312,2654.988,-0.7230917804524867,2667.4658,-1.187486639941175,,,0,0,2775.0860174427735,2534.889982557226,9.04697252437854,47.274837484549046,2789.94,2536.66,0,0,2789.95,2536.66,0,0,0.10672318057864949,-2.929651535351012,Neutral
2024-11-28,2635.66,2649.57,2620.86,2637.28,123420,27,0,43.72856117212227,229655.5,0.5374136478333852,0,44.113571428571504,1.672691994349159,2649.6645,-0.46739879709297766,2668.4786,-1.1691530897043625,,,0,0,2762.4100197802854,2536.9189802197143,8.510173252522014,45.81319124969129,2762.14,2536.66,0,0,2789.95,2536.66,0,0,0.05652954142780775,0.4532677174351938,Neutral
2024-11-29,2637.52,2666.21,2633.89,2649.11,187524,27,0,54.61812548412082,227381.6,0.8247105306673891,0,41.02642857142863,1.5486872410518489,2645.308,0.14372617479704194,2669.02,-0.7459666844010107,,,0,0,2750.4447846088856,2540.1712153911144,7.948925766593954,42.64252938757663,2749.86,2536.66,0,0,2789.95,2536.66,0,0,0.4485682218042797,0.6126138443892513,Neutral
2024-12-02,2652.13,2652.72,2621.77,2638.67,236615,27,0,56.51992689730355,228527.4,1.0353900670116583,0,40.560000000000045,1.5371380278701028,2640.418,-0.06620163928590272,2669.2282,-1.1448328022309948,,,0,0,2736.4011041272115,2544.4348958727887,7.27029615214041,39.17794567549909,2749.86,2536.66,0,0,2789.95,2536.66,0,0,-0.39409462045744137,0.10926515390073219,Neutral
2024-12-03,2638.78,2655.49,2634.01,2643.52,187875,27,0,62.15001372495199,228044.55,0.8238521815145331,0,38.80000000000002,1.4677399830528999,2635.4065,0.30786521927451915,2668.9590000000003,-0.9531431543159824,,,0,0,2718.2384921095854,2552.5745078904147,6.286088473226833,36.07866121524159,2749.56,2536.66,0,0,2789.95,2536.66,0,0,0.18380471980201651,0.23660741369895427,Neutral
2024-12-04,2643.06,2657.1,2632.32,2649.69,183452,27,0,64.71340220433265,221367.3,0.8287222186836087,0,37.38499999999999,1.410919767972857,2634.95,0.5594034042391787,2668.816,-0.7166473822099294,,,0,0,2717.338129446447,2552.5618705535526,6.2534871209280825,33.682394282964886,2721.23,2536.66,0,0,2789.95,2536.66,0,0,0.2334009199854714,0.021894145580965956,Neutral
2024-12-05,2649.4,2655.38,2623.36,2631.8,190825,27,0,61.291272620177395,218496.65,0.8733543511994349,0,38.130714285714284,1.448845439840196,2631.2205000000004,0.022023999889018243,2668.0083999999997,-1.3571321589542047,,,0,0,2706.4326685213537,2556.008331478647,5.716903507049546,30.96528915761519,2721.23,2536.66,0,0,2789.95,2536.66,0,0,-0.6751733221622147,-0.26035843815255,Neutral
2024-12-06,2631.77,2645.52,2613.31,2632.7,202398,27,0,54.088880263923876,217747.45,0.9295080149044225,0,36.70571428571429,1.3942232037723363,2628.6330000000003,0.15471920195780667,2667.5026000000003,-1.3046885127684762,,,0,0,2699.574102361119,2557.6918976388815,5.3975661388348035,27.47877830483028,2721.23,2536.66,0,0,2789.95,2536.66,0,0,0.03419712744128223,-0.40930274785135595,Neutral
2024-12-09,2645.48,2676.34,2627.42,2660.16,223974,27,0,55.31167359274649,217403.3,1.030223552264386,0,38.11857142857145,1.4329428090254515,2630.676,1.1207765608535571,2668.0183999999995,-0.294540697320514,,,0,0,2702.8284845543703,2558.5235154456295,5.485471000941994,24.462017628957028,2721.23,2536.66,0,0,2789.95,2536.66,0,0,1.043035666805947,0.39514056361309435,Neutral
2024-12-10,2661.08,2695.46,2657.81,2693.85,212999,27,0,57.8153418209051,216334.65,0.9845810645682511,0,38.19642857142857,1.417912228647793,2635.4685,2.2152228341943743,2668.6296,0.9450693344628904,,,0,0,2711.1301875237905,2559.8068124762094,5.7418016966463865,22.446517375584286,2721.23,2536.66,1,0,2789.95,2536.66,0,0,1.266465175027065,2.357701953035934,Neutral
2024-12-11,2693.47,2721.06,2675.04,2717.87,253570,27,0,58.502017189966644,217216.05,1.1673630931047683,0,39.72142857142857,1.4614911151537258,2642.727,2.843388666328381,2669.817,1.799861188987855,,,0,0,2720.84794297003,2564.6060570299696,5.912146276935168,21.170496886937077,2721.23,2536.66,1,0,2789.95,2536.66,0,0,0.891660634407998,3.235081855129718,Neutral
2024-12-12,2717.13,2725.97,2675.04,2680.72,235873,27,0,43.734163469195614,215574.3,1.0941610386766882,0,39.97142857142857,1.491070629212621,2648.537,1.2151236701620554,2670.313,0.3897295934970806,,,0,0,2719.084780628305,2577.9892193716946,5.327301874831667,20.152405568788176,2725.97,2554.36,1,0,2789.95,2536.66,0,0,-1.3668792105582694,0.7728858414531437,Neutral
2024-12-13,2680.81,2692.6,2645.92,2648.25,208988,27,0,55.22695067879507,213454.8,0.979073789860898,0,35.75142857142854,1.350002022899218,2652.81,-0.1718932000407095,2670.2097999999996,-0.8223997979484471,,,0,0,2710.7083923056553,2594.9116076943446,4.3650613730840355,19.35602688728246,2725.97,2563.48,0,0,2789.95,2536.66,0,0,-1.2112417559461575,-1.6927445848877967,Neutral
2024-12-16,2649.62,2664.28,2643.38,2652.48,167291,27,0,54.526462395543184,210273.85,0.7955863270682493,0,34.62428571428567,1.3053552039708376,2654.8525,-0.08936466338525192,2670.4082,-0.6713655238176633,,,0,0,2709.4205522978377,2600.284447702162,4.110816122390059,19.759128349934336,2725.97,2605.12,0,1,2789.95,2536.66,0,0,0.1597281223449487,-2.40592817169327,Neutral
2024-12-17,2652.37,2658.51,2633.0,2646.25,186733,27,0,52.3900923133169,207705.2,0.8990290084215513,0,34.21999999999996,1.2931506849315055,2655.563,-0.35069776164226196,2670.8989999999994,-0.9228727855302442,,,0,0,2709.243223193518,2601.882776806482,4.042850664323764,19.693300414871775,2725.97,2605.12,0,1,2789.95,2536.66,0,0,-0.2348745325129742,-1.2858485779939643,Neutral
2024-12-18,2645.84,2651.59,2583.63,2585.49,197005,27,0,40.68826638857915,206937.05,0.9520044863884936,0,37.023571428571394,1.4319750387188268,2652.3365000000003,-2.5202873014038962,2670.4564,-3.181718301036492,,,0,0,2714.50559818772,2590.167401812281,4.687874120626817,19.44057956250942,2725.97,2583.63,0,1,2789.95,2536.66,0,1,-2.296079357581493,-2.3698668932313876,Neutral
2024-12-19,2584.79,2626.33,2582.06,2594.23,194942,27,0,40.02181818181816,205885.65,0.946845979795095,0,37.87714285714281,1.4600533822036907,2648.578,-2.051969018847093,2669.7418,-2.828430824284198,,,0,0,2715.3240395355765,2581.8319604644234,5.040141505032249,20.042575316408797,2725.97,2582.06,0,1,2789.95,2536.66,0,0,0.33804037145763743,-2.1960580287127516,Neutral
2024-12-20,2594.29,2631.67,2589.5,2622.37,171192,27,0,47.215579091219645,201740.35,0.8485759046219559,0,38.678571428571395,1.4749471443225555,2643.9294999999997,-0.8154339970108827,2669.0528000000004,-1.7490399590446652,,,0,0,2703.681503437017,2584.1774965629825,4.519939237185959,19.855557066831803,2725.97,2582.06,0,1,2789.95,2536.66,0,0,1.0847149250451826,-0.9024090694378879,Neutral
2024-12-23,2623.66,2633.13,2608.05,2612.9,128415,27,0,44.85066594914572,195209.35,0.6578322196144806,0,38.935714285714276,1.4901341148040215,2643.3055,-1.1502832343820966,2668.3415999999997,-2.077754962108287,,,0,0,2704.124286043376,2582.486713956624,4.6017220516793005,19.1963711276649,2725.97,2582.06,0,1,2789.95,2536.66,0,0,-0.36112371633292284,1.060147206138887,Neutral
2024-12-24,2613.26,2621.31,2609.93,2617.43,92691,27,0,44.544778138528095,188854.65,0.49080602463322986,0,37.97857142857145,1.4509870914817762,2642.5280000000002,-0.9497723392145857,2667.4388,-1.8747871553791624,,,0,0,2704.2927965140466,2580.763203485954,4.674674895709437,17.39835194505888,2725.97,2582.06,0,1,2789.95,2536.66,0,0,0.1733705844081168,0.8942923333705884,Neutral
2024-12-26,2626.22,2638.94,2621.6,2633.66,86518,27,0,50.31630501326435,183615.0,0.4711924407047354,0,37.22785714285718,1.4135407434086855,2642.4215,-0.3315708716417903,2666.6402000000003,-1.236769774940032,,,0,0,2704.2425351783822,2580.6004648216176,4.679119904101773,15.097786868803194,2725.97,2582.06,0,1,2789.95,2536.66,0,0,0.6200738892730762,0.4305265847306049,Neutral
2024-12-27,2628.58,2638.13,2611.47,2621.54,142927,27,0,48.171930284366425,184590.35,0.7742929140120272,0,36.831428571428624,1.4049539038667587,2641.6344999999997,-0.7606843414560077,2665.2162,-1.638748856471752,,,0,0,2704.128215886188,2579.140784113811,4.731443043024197,13.942977762598968,2725.97,2582.06,0,1,2789.95,2536.66,0,0,-0.4601960769423541,0.33066707489761843,Neutral
2024-12-30,2619.38,2627.98,2595.97,2605.58,161948,27,0,40.70947096071356,183311.55,0.8834576981101301,0,35.623571428571495,1.367203134372059,2639.458,-1.2835210865261033,2662.901,-2.152577208089971,,,0,0,2703.858485973979,2575.057514026021,4.879826538174042,14.22747488221786,2725.97,2582.06,0,1,2789.95,2536.66,0,0,-0.6088024596229702,-0.4527341705413291,Neutral
2024-12-31,2606.24,2627.39,2602.48,2623.23,126951,27,0,37.28483975513146,177828.35,0.7138962938136691,0,34.71357142857148,1.323314060473976,2638.6859999999997,-0.5857460872570543,2660.9778,-1.418568768217461,,,0,0,2703.495136263017,2573.8768637369826,4.912228000074059,15.409087901227322,2725.97,2582.06,0,1,2789.95,2536.66,0,0,0.6773923656153258,-0.3960268219891648,Neutral
2025-01-02,2634.02,2660.42,2630.98,2657.85,152745,27,0,39.590704127644806,176071.85,0.8675151649738445,0,34.0828571428572,1.282346902302884,2639.4025,0.6989271246048968,2659.157,-0.04915091512085385,,,0,0,2704.7512624414726,2574.0537375585277,4.95178453771052,16.026971352396252,2725.97,2582.06,0,0,2789.95,2536.66,0,0,1.3197470294255442,1.3850637411597744,Neutral
2025-01-03,2657.86,2665.09,2636.58,2640.17,165884,27,0,42.458058996391806,175193.45,0.9468618832496306,0,32.48142857142865,1.230277920415301,2638.9265,0.047121433658726,2657.6557999999995,-0.6579407310758404,,,0,0,2704.0981978530795,2573.7548021469206,4.939258281962716,17.571459450568103,2725.97,2582.06,0,0,2789.95,2536.66,0,0,-0.6651993152359981,1.3275355199226333,Neutral
2025-01-06,2639.2,2649.32,2614.6,2635.82,208507,27,0,47.418054920859156,176077.55,1.1841770856080176,0,31.627142857142967,1.1998976734808509,2639.1274999999996,-0.12532551004070233,2655.6564000000003,-0.7469490405460638,,,0,0,2704.231414952218,2574.023585047781,4.9337453345636755,18.16689062477553,2725.97,2582.06,0,0,2789.95,2536.66,0,0,-0.16476211759091086,0.47994266610248226,Neutral
2025-01-07,2636.12,2664.14,2632.84,2648.54,184111,27,0,49.209470304975916,175163.2,1.0510826474967343,0,32.37000000000008,1.222182787498021,2639.9195,0.326544048028737,2653.6904,-0.1940844342655794,,,0,0,2705.079555402067,2574.759444597933,4.936518359902033,17.605530188531766,2725.97,2582.06,0,0,2789.95,2536.66,0,0,0.48258227041300117,-0.3502831235773255,Neutral
2025-01-08,2647.66,2669.97,2645.12,2661.42,179802,27,0,52.96462771154976,172954.6,1.0395907365285455,0,32.32285714285721,1.2144966650456226,2639.9825,0.8120318979387173,2652.0772,0.3522823543748989,,,0,0,2705.227334721955,2574.7376652780454,4.942823274165999,17.424121625505176,2725.97,2582.06,0,0,2789.95,2536.66,0,0,0.4863056627425033,0.8048724135188263,Neutral
2025-01-09,2660.6,2678.18,2655.35,2670.15,140646,27,0,70.76832499264071,169336.95,0.8305688746608463,0,29.09928571428577,1.0897996634753018,2638.7974999999997,1.1881358838637834,2649.9941999999996,0.7605978911199298,,,0,0,2700.6981099366294,2576.89689006337,4.6915771245523565,18.834399009559117,2725.97,2582.06,0,0,2789.95,2536.66,0,0,0.32802038009784873,1.3024409861067874,Neutral
2025-01-10,2670.02,2697.9,2663.63,2689.05,215808,27,0,72.15627628750363,167448.85,1.288799534902748,0,28.385000000000055,1.0555772484706514,2637.3565000000003,1.9600497695324788,2648.0308,1.549045426510907,,,0,0,2692.477095167137,2582.2359048328635,4.179988194022066,20.291885979133045,2725.97,2582.06,1,0,2789.95,2536.66,0,0,0.7078254030672415,1.5295219252871477,Neutral
2025-01-13,2689.83,2693.0,2656.65,2662.88,204106,27,0,59.553794632328746,165860.5,1.230588355877379,0,27.969285714285757,1.050339696654966,2636.4645,1.0019289089612269,2646.4133999999995,0.6222232701814712,,,0,0,2689.154202769091,2583.774797230909,3.9969969456513543,21.735632151669027,2697.9,2582.06,1,0,2789.95,2536.66,0,0,-0.9732061508711309,0.05485793298314571,Neutral
2025-01-14,2663.14,2678.09,2659.72,2677.05,174396,27,0,64.80088597665087,164130.9,1.0625421538540276,0,27.490000000000073,1.0268765992417053,2637.9044999999996,1.4839619857352888,2645.2296,1.2029352763934011,,,0,0,2693.447343577116,2582.3616564228832,4.211133767512539,23.082942847072193,2697.9,2582.06,1,0,2789.94,2536.66,0,0,0.532130625488203,0.2584124487388383,Neutral
2025-01-15,2678.31,2697.31,2669.21,2696.56,184380,27,0,67.07669731106225,164985.35,1.1175537706832759,0,28.684285714285775,1.0637362311346967,2640.1085,2.1382265160693255,2644.4314,1.9712593036068173,,,0,0,2701.297862087147,2578.9191379128524,4.635367227305045,24.950735614083463,2697.9,2582.06,1,0,2762.14,2536.66,0,0,0.7287872845109344,0.2792807868949913,Neutral
2025-01-16,2695.15,2724.54,2689.83,2714.44,194553,27,0,67.3095054427017,165376.35,1.176425770673981,0,29.627142857142903,1.091464274662284,2643.518,2.682864274046934,2643.8452,2.670156331391862,,,0,0,2713.163139203948,2573.872860796052,5.2691254006175114,27.866800235576815,2724.54,2582.06,1,0,2749.86,2536.66,1,0,0.6630670187201426,1.936249474253438,Neutral
2025-01-17,2713.82,2717.22,2698.91,2702.18,184069,27,0,67.26914510878873,164729.55,1.1174012191498126,0,29.030714285714307,1.0743442067410132,2649.3525,1.9939777738145406,2644.7124,2.172924360319857,,,0,0,2718.0743181473263,2580.6306818526737,5.187819902963181,31.36434156551436,2724.54,2582.06,1,0,2749.86,2536.66,1,0,-0.45165853730420036,0.9387198595468764,Neutral
2025-01-20,2701.63,2713.63,2689.25,2708.13,165865,27,0,72.94491430617086,163275.7,1.0158584529112415,0,28.485714285714298,1.0518591901317254,2655.0475,1.99930509717811,2644.7472,2.3965541961817873,,,0,0,2723.412485459244,2586.682514540756,5.149812608568702,33.63578696291923,2724.54,2589.5,1,0,2749.56,2536.66,1,0,0.22019258524599294,0.42906517933960914,Neutral
2025-01-21,2706.28,2745.87,2702.66,2744.81,209021,27,0,75.06804123711339,165167.15,1.2655119374524535,0,29.79285714285717,1.0854251165966742,2661.1695,3.1429978436172505,2645.9544,3.7361036909781915,,,0,0,2738.548027002349,2583.790972997651,5.815377562560301,35.44822776259533,2745.87,2595.97,1,0,2745.87,2536.66,1,0,1.3544401487373126,1.1188311401246627,Neutral
2025-01-22,2743.84,2763.24,2741.82,2756.12,168592,27,0,72.41662484602399,167176.0,1.008470115327559,0,28.666428571428565,1.0401008871685038,2668.3305,3.290053462267881,2648.6908000000003,4.055935860841121,,,0,0,2753.059638087516,2583.601361912484,6.350722902392775,37.43568014391722,2763.24,2595.97,1,0,2763.24,2536.66,1,0,0.4120503787147456,1.9961660585157188,Neutral
2025-01-23,2755.74,2758.87,2735.67,2754.55,162102,27,0,78.16131573764036,170646.55,0.9499283753465864,0,28.287142857142822,1.026924283717588,2675.1865,2.9666529791474496,2651.8217999999997,3.873872671233055,,,0,0,2764.6330133385404,2585.739986661459,6.68712355856615,38.96979302684782,2763.24,2595.97,1,0,2763.24,2536.66,1,0,-0.05696413799107791,1.714097919966917,Neutral
2025-01-24,2754.0,2785.81,2753.31,2770.95,174007,27,0,81.40659136336166,175021.0,0.9942064095165722,0,28.128571428571377,1.0151237455952427,2682.0510000000004,3.3145902147274384,2655.7868,4.3363119358828035,,,0,0,2778.84921070552,2585.252789294481,7.218222972308842,42.40752303473307,2785.81,2595.97,1,0,2785.81,2536.66,1,0,0.5953785554809077,0.9523427851108044,Neutral
2025-01-27,2769.67,2772.4,2730.29,2740.87,212601,27,0,69.85676803303369,178504.7,1.1910106568622563,0,28.900714285714262,1.0544357917637197,2688.0175,1.9662260383349426,2659.3138,3.066813702091118,,,0,0,2783.816748184066,2592.218251815934,7.127873846361943,45.09084746657247,2785.81,2595.97,1,0,2785.81,2536.66,1,0,-1.0855482776665037,-0.5533140792128064,Neutral
2025-01-28,2740.09,2764.96,2734.74,2763.27,156132,27,0,71.04251890417751,178213.9,0.8760932789193211,0,29.284285714285716,1.0597692485455896,2695.902,2.4989038919070476,2663.3234,3.7527023567622226,,,0,0,2789.0535983646846,2602.7504016353155,6.910607163367552,48.28613839636948,2785.81,2602.48,1,0,2785.81,2536.66,1,0,0.8172587536074305,0.31656713437765877,Neutral
2025-01-29,2762.86,2766.19,2744.56,2759.69,173793,27,0,68.90146077851898,180556.0,0.9625434768160571,0,29.198571428571444,1.0580380922701986,2702.725,2.1076876115772096,2666.2846000000004,3.5032044216134928,,,0,0,2793.422204854515,2612.027795145485,6.711537789047342,49.84970222550307,2785.81,2614.6,1,0,2785.81,2554.36,1,0,-0.12955664846359127,-0.4063588300041417,Neutral
2025-01-30,2758.39,2798.4,2757.62,2794.48,178451,27,0,70.85657764589516,181841.3,0.9813557206201232,0,29.66357142857146,1.0615059484616622,2709.5564999999997,3.1342214122495817,2669.5334000000003,4.6804658821650165,,,0,0,2806.3962978812688,2612.7167021187306,7.148018347745773,50.90996231829979,2798.4,2614.6,1,0,2798.4,2563.48,1,0,1.2606488409930172,1.9559482937899326,Neutral
2025-01-31,2794.73,2817.11,2790.85,2798.63,202781,27,0,79.41750097516584,183686.15,1.1039536731539095,0,28.942857142857196,1.0341794786326595,2717.4795,2.9862414785465794,2672.5056,4.719331551634546,,,0,0,2816.3248008174137,2618.634199182586,7.274778029965913,53.19292318509707,2817.11,2614.6,1,0,2817.11,2582.06,1,0,0.14850705676905385,1.2796433211376423,Neutral
2025-02-03,2803.59,2830.62,2772.02,2814.29,232284,27,0,79.54956506760834,184875.0,1.2564381338742394,0,31.81642857142859,1.1305312733026303,2726.403,3.2235513238505162,2675.4033999999997,5.191239571572657,,,0,0,2826.4248828899104,2626.3811171100892,7.337277936527401,54.769075494545966,2830.62,2632.84,1,0,2830.62,2582.06,1,0,0.559559498754747,1.9784830904920447,Neutral
2025-02-04,2813.79,2845.26,2807.1,2841.92,181607,27,0,80.2404926354332,184749.8,0.9829888855089425,0,32.535000000000046,1.1448246256052264,2736.072,3.868611644722798,2677.935,6.12356162490875,,,0,0,2841.635680277286,2630.508319722714,7.716440230906646,55.74975913801507,2845.26,2645.12,1,0,2845.26,2582.06,1,0,0.9817751546571385,1.6976324754516066,Neutral
2025-02-05,2841.18,2882.34,2839.56,2867.3,202609,27,0,80.83844415752105,185890.15,1.0899394077631333,0,33.11142857142863,1.1547947048243514,2746.366,4.403418917944666,2682.7733999999996,6.878202982033467,,,0,0,2861.0381353571534,2631.6938646428466,8.350826900504401,56.63895965385603,2882.34,2655.35,1,0,2882.34,2582.06,1,0,0.8930582141650767,2.4537005606314546,Neutral
2025-02-06,2865.49,2873.13,2834.02,2855.79,191189,27,0,81.08381561374404,188417.3,1.0147104326407395,0,34.597142857142934,1.211473632765117,2755.648,3.634063566899685,2687.2296,6.27264599943376,,,0,0,2874.327303494315,2636.9686965056853,8.613531444822764,56.71220290189925,2882.34,2656.65,1,0,2882.34,2582.06,1,0,-0.4014229414431747,1.4746170437303903,Neutral
2025-02-07,2856.25,2886.66,2852.41,2860.91,189815,27,0,81.0200600990823,187117.65,1.0144152622694866,0,35.302142857142925,1.2339480395099087,2764.2410000000004,3.497126335945361,2691.732,6.285098219287801,,,0,0,2887.4188288150103,2641.0631711849906,8.912235135432104,57.00152484367684,2886.66,2656.65,1,0,2886.66,2582.06,1,0,0.17928489139606985,0.6682102240738579,Neutral
2025-02-10,2857.59,2911.78,2853.76,2907.87,186940,27,0,81.78061900678262,186259.35,1.003654313192868,0,36.36000000000006,1.2503997771564777,2776.4905,4.731854836168178,2697.1438,7.812939006070054,,,0,0,2905.8003486052658,2647.180651394734,9.31462568341335,56.698781157265316,2911.78,2659.72,1,0,2911.78,2582.06,1,0,1.6414357669412905,1.4149199595438116,Neutral
2025-02-11,2907.14,2942.46,2881.55,2897.26,249865,27,0,77.58364602876813,190032.8,1.3148519623980703,0,39.180714285714366,1.352336838451308,2787.5009999999997,3.9375411883260485,2702.1068,7.22226079294868,,,0,0,2918.647492924198,2656.3545070758014,9.40961046644994,56.771928268995346,2942.46,2669.21,1,0,2942.46,2582.06,1,0,-0.36487188216803856,1.4521375871475233,Neutral
2025-02-12,2896.47,2909.01,2863.72,2904.18,201587,27,0,78.64389907730008,190893.15,1.0560200824387884,0,40.75857142857155,1.4034450835888808,2797.882,3.799230989727221,2707.417,7.267554277748863,,,0,0,2931.563146739865,2664.2008532601353,9.55588168049008,56.80754459087223,2942.46,2689.25,1,0,2942.46,2582.06,1,0,0.2388463582833289,1.5124558269921102,Neutral
2025-02-13,2903.44,2929.48,2900.45,2928.21,181614,27,0,79.25005579941975,190246.2,0.9546261633609501,0,40.51071428571442,1.383463422558984,2808.5705,4.25980049281299,2713.1107999999995,7.928139167777467,,,0,0,2948.2117865316395,2668.92921346836,9.943940273647375,55.06216304432691,2942.46,2689.25,1,0,2942.46,2582.06,1,0,0.8274280519802613,0.6994810634588254,Neutral
2025-02-14,2927.24,2939.86,2876.88,2882.41,191264,27,0,74.87172278062837,190605.95,1.0034524105884417,0,42.0014285714287,1.45716357393392,2817.582,2.300838094507985,2717.7652000000003,6.058095084888112,,,0,0,2951.4576004812357,2683.706399518764,9.502871645349508,54.976618847750274,2942.46,2689.25,0,0,2942.46,2582.06,0,0,-1.5640954712947575,-0.5125532399577657,Neutral
2025-02-17,2882.86,2906.31,2878.1,2897.81,106851,27,0,74.23794768321683,187655.25,0.5694005363558973,0,41.857857142857256,1.4444652045115884,2827.066,2.5023823285342526,2723.0854,6.4164201387147095,,,0,0,2955.038513068446,2699.093486931554,9.053379940082475,54.98680794714796,2942.46,2702.66,1,0,2942.46,2582.06,1,0,0.5342751378186961,-0.2193390216859799,Neutral
2025-02-18,2898.4,2936.89,2891.93,2935.14,118503,27,0,78.18111728613188,183129.35,0.6470999869764186,0,43.524285714285824,1.4828691549393156,2836.5825,3.474515548199282,2729.1342000000004,7.548393919214358,,,0,0,2967.082142245934,2706.082857754066,9.20118785516966,55.430627373407546,2942.46,2730.29,1,0,2942.46,2582.06,1,0,1.2882142031396038,0.23666335406271533,Neutral
2025-02-19,2935.29,2946.84,2918.47,2933.1,161025,27,0,74.883320169455,182751.0,0.8811169295927245,0,42.637857142857264,1.4536789452407783,2845.4314999999997,3.0810265508060986,2734.5930000000003,7.259105834030863,,,0,0,2976.955811825052,2713.9071881749474,9.244595192332154,55.431152154247336,2946.84,2730.29,1,0,2946.84,2582.06,1,0,-0.06950264723317723,1.7585978400019446,Neutral
2025-02-20,2932.96,2954.8,2923.95,2939.09,157793,27,0,75.0481489407233,182535.55,0.8644507878054439,0,42.96571428571441,1.4618713372409287,2854.6585000000005,2.957674271721107,2739.4978,7.285722222518304,,,0,0,2985.2267147626935,2724.0902852373074,9.147729212632125,54.66394552163763,2954.8,2730.29,1,0,2954.8,2582.06,1,0,0.20422079029014384,1.4245240371176924,Neutral
2025-02-21,2937.96,2949.59,2916.71,2935.72,148911,27,0,72.64724532806139,181280.75,0.8214385697323074,0,41.12857142857157,1.4009705090598412,2862.897,2.5436821513313217,2743.8548000000005,6.992542025182938,,,0,0,2992.011127418142,2733.7828725818576,9.019823445841208,54.96760644973059,2954.8,2730.29,1,0,2954.8,2582.06,1,0,-0.11466134075514,0.01976055656629419,Neutral
2025-02-24,2934.75,2956.07,2921.05,2952.47,153516,27,0,71.49022199758943,178326.5,0.8608703697992166,0,40.904285714285834,1.3854259557010176,2873.477,2.7490388821626186,2749.2898000000005,7.390279482359382,,,0,0,2994.9406013228518,2752.013398677148,8.45412030949626,55.23393908839681,2956.07,2734.74,1,0,2956.07,2582.06,1,0,0.5705585001294367,0.6603934403872999,Neutral
2025-02-25,2952.62,2953.54,2888.11,2914.75,181940,27,0,58.801706547950246,179616.9,1.012933638204423,0,42.52214285714295,1.4588607207185162,2881.051,1.1696773156740394,2754.6198000000004,5.813150693246291,,,0,0,2992.0173284917914,2770.0846715082084,7.703183906969471,53.37084773415761,2956.07,2744.56,1,0,2956.07,2582.06,1,0,-1.27757436993432,-0.8281474878278701,Neutral
2025-02-26,2914.42,2930.05,2890.71,2916.14,139960,27,0,61.6312685502833,177925.25,0.7866224720774595,0,42.53857142857152,1.4587287108496685,2888.8735,0.9438454124072835,2759.893,5.661342667994732,,,0,0,2984.864907789836,2792.8820922101645,6.645594401404951,51.959105763344844,2956.07,2757.62,1,0,2956.07,2582.06,1,0,0.04768848100180634,-0.6669573392557849,Neutral
2025-02-27,2916.12,2920.65,2867.63,2876.91,206763,27,0,52.72535259249165,179340.85,1.1529052081553086,0,43.87928571428581,1.5252227464288355,2892.995,-0.5559981956415423,2764.5062,4.065963028044576,,,0,0,2978.4183069391597,2807.57169306084,5.905527450905365,48.81868638317594,2956.07,2772.02,0,0,2956.07,2582.06,0,0,-1.3452714890231587,-2.5592131334103296,Neutral
2025-02-28,2876.79,2884.9,2832.55,2857.82,209995,27,0,40.58041931719807,179701.55,1.1685764535698218,0,43.474285714285806,1.5212394662465025,2895.9545000000003,-1.316819722133069,2769.9528000000005,3.1721551356398447,,,0,0,2971.094756356124,2820.8142436438766,5.189325754677685,45.336331303030974,2956.07,2772.02,0,0,2956.07,2582.06,0,0,-0.6635591659106321,-1.9531692254910316,Neutral
2025-03-03,2855.41,2895.08,2854.93,2893.32,183117,27,0,49.3219988986784,177243.2,1.0331397763073562,0,41.99142857142868,1.451323343820548,2899.906,-0.22711080979865503,2775.9345999999996,4.228680315451257,,,0,0,2964.541559839691,2835.2704401603087,4.457769309742541,42.38138056655972,2956.07,2807.1,0,0,2956.07,2582.06,0,0,1.242205597273438,-0.782541304601278,Neutral
2025-03-04,2892.78,2927.74,2881.73,2917.52,185746,27,0,52.166709979210005,177450.15,1.0467503126934523,0,42.0428571428572,1.4410477783479532,2903.6859999999997,0.47642892516616087,2781.8376000000003,4.8774378489959185,,,0,0,2962.6354839582855,2844.736516041714,4.06032084449116,38.77197633353416,2956.07,2832.55,1,0,2956.07,2582.06,1,0,0.8364093843750364,1.4115839563976673,Neutral
2025-03-05,2917.3,2929.79,2894.18,2918.89,207685,27,0,48.36594431587065,177703.95,1.1687134697906265,0,42.51285714285719,1.4564734245845918,2906.2655,0.4343890811076929,2787.9574,4.696363007555284,,,0,0,2962.9838105958115,2849.5471894041884,3.9031747509518,35.40857524807788,2956.07,2832.55,1,0,2956.07,2589.5,1,0,0.046957690092952475,2.1369435443799714,Neutral
2025-03-06,2918.97,2926.45,2891.22,2910.87,180428,27,0,55.75181891673406,177165.9,1.0184126855111508,0,40.53071428571434,1.3923917689802134,2909.0195,0.06361249898806147,2793.8262,4.189372982471133,,,0,0,2960.527960408801,2857.511039591199,3.5412935807959385,31.633023578602696,2956.07,2832.55,1,0,2956.07,2595.97,1,0,-0.2747619814381541,0.6065696155281728,Neutral
2025-03-07,2910.39,2930.24,2896.19,2911.09,183768,27,0,52.85935750581349,176863.55,1.0390382868601247,0,40.947857142857174,1.406615980366707,2911.5284999999994,-0.015060817711360006,2799.3748000000005,3.990719642114361,,,0,0,2957.7913382295487,2865.26566177045,3.177907290246295,27.88824141241145,2956.07,2832.55,1,0,2956.07,2595.97,1,0,0.00755787788531137,-0.22039266226109286,Neutral
2025-03-10,2910.96,2918.17,2880.16,2889.15,196961,27,0,39.3949176774432,177364.6,1.1104865345170343,0,40.451428571428615,1.400115209367067,2910.5924999999997,-0.7367056707525927,2804.7270000000003,3.010025574681592,,,0,0,2957.912417193067,2863.2725828069324,3.2515659401353743,25.410696185544953,2956.07,2832.55,0,1,2956.07,2595.97,0,0,-0.7536695876802169,-1.0188804648342276,Neutral
2025-03-11,2888.52,2922.18,2879.74,2915.55,160298,27,0,46.36178946059129,172886.25,0.9271876739763862,0,41.456428571428596,1.4219076528074839,2911.507,0.13886279510920357,2810.9264000000003,3.7220327077934123,,,0,0,2958.447442040401,2864.5665579595993,3.2244773610642694,23.45876375754967,2956.07,2832.55,1,0,2956.07,2595.97,1,0,0.913763563677894,0.16077667501469634,Neutral
2025-03-12,2915.77,2940.4,2905.97,2933.13,166781,27,0,48.82110926497349,171145.95,0.9744957447137954,0,41.71214285714287,1.4221034477552263,2912.9545,0.6926129467521819,2817.1244,4.117872820951747,,,0,0,2960.721783000648,2865.1872169993517,3.2796449790512106,21.15280598776392,2956.07,2832.55,1,0,2956.07,2595.97,1,0,0.602973709934651,0.7571047270953478,Neutral
2025-03-13,2933.53,2989.08,2932.3,2988.5,171424,27,0,58.65870463941209,170636.45,1.0046153679357488,0,43.41928571428571,1.4528788928989698,2915.969,2.4873721222687877,2823.7374,5.834912269108311,,,0,0,2974.2438232718837,2857.6941767281164,3.99694395049355,17.520159689075168,2989.08,2832.55,1,0,2989.08,2602.48,1,0,1.8877444913795172,3.4387276534620876,Neutral
2025-03-14,2988.44,3004.8,2978.34,2985.76,168170,27,0,55.724455755408144,169481.75,0.992260228608685,0,42.80785714285714,1.4337340289526666,2921.1365,2.212272517905279,2830.6492000000003,5.4796899594623,,,0,0,2984.947573869838,2857.325426130162,4.36892105999414,14.239029030775642,3004.8,2832.55,1,0,3004.8,2614.6,1,0,-0.09168479170151844,2.408121966695822,Neutral
2025-03-17,2983.56,3001.8,2982.2,3000.78,125567,27,0,66.04618196739665,170417.55,0.736819652670749,0,39.53428571428575,1.3174669823941025,2926.285,2.545719231038684,2837.9484,5.737651889653807,,,0,0,2998.2647089829075,2854.3052910170923,4.919528274444055,14.170673379220945,3004.8,2832.55,1,0,3004.8,2614.6,1,0,0.5030544986871055,2.3064098761391443,Neutral
2025-03-18,3000.95,3038.12,2999.29,3033.74,149711,27,0,69.62354825790955,171977.95,0.8705243898999843,0,39.497857142857164,1.301952611062819,2931.215,3.4976963477602165,2845.6524,6.6096477559943665,,,0,0,3017.7776525763484,2844.652347423652,5.906264301755295,14.646900833091504,3038.12,2832.55,1,0,3038.12,2614.6,1,0,1.0983810875838884,1.513802911159437,Neutral
2025-03-19,3033.77,3051.8,3022.49,3047.17,143436,27,0,81.08749634823266,171098.5,0.838324123238953,0,37.80428571428576,1.2406359249495684,2936.9185,3.7539856826125697,2853.3674,6.792066104070579,,,0,0,3037.84432107146,2835.9926789285405,6.872905807325584,17.47164983843153,3051.8,2832.55,1,0,3051.8,2632.84,1,0,0.4426879033800013,2.05676276726863,Neutral
2025-03-20,3047.1,3057.33,3025.53,3044.3,175600,27,0,86.19284217063901,171988.85,1.0209964192446197,0,36.336428571428605,1.1935889554718198,2942.1789999999996,3.4709308984939584,2860.8504,6.41241499380745,,,0,0,3053.964711712896,2830.393288287103,7.598838256468864,22.647838704176063,3057.33,2832.55,1,0,3057.33,2645.12,1,0,-0.09418575268199669,1.450289591372909,Neutral
2025-03-21,3044.1,3047.35,2999.26,3023.03,160630,27,0,76.64653436870873,172574.8,0.9307847959261724,0,36.90357142857143,1.2207477738749344,2946.5445000000004,2.595769383425221,2867.53,5.422785463447636,,,0,0,3063.9464000070448,2829.142599992956,7.9687851316716465,25.58223916099513,3057.33,2832.55,1,0,3057.33,2655.35,1,0,-0.6986827842196841,-0.35302959383465893,Neutral
2025-03-24,3021.64,3033.14,3002.34,3011.95,175786,27,0,70.5041907326182,173688.3,1.0120773822992108,0,35.81714285714286,1.1891679097310002,2949.5185,2.116667517087948,2874.5114000000003,4.781285612574001,,,0,0,3070.510977760966,2828.5260222390343,8.204218943598136,29.163349970368962,3057.33,2832.55,1,0,3057.33,2656.65,1,0,-0.36651968389332934,-1.1558265538187975,Neutral
2025-03-25,3010.92,3035.92,3007.44,3019.85,134806,27,0,71.31756756756755,171331.6,0.7868134074508146,0,35.30785714285714,1.1691924149496544,2954.7735000000002,2.2024192378874274,2881.3674000000005,4.806141695085443,,,0,0,3078.506212140667,2831.0407878593337,8.375106392464026,32.59046499445655,3057.33,2832.55,1,0,3057.33,2656.65,1,0,0.2622885506067485,-0.8031402949775078,Neutral
2025-03-26,3019.15,3031.97,3012.16,3018.93,143527,27,0,73.52198519808442,171509.95,0.8368435767137707,0,34.20642857142856,1.133064647786751,2959.913,1.9938761713604363,2887.8148000000006,4.540291157175289,,,0,0,3085.4155218618534,2834.4104781381466,8.480149373434518,36.49448726243691,3057.33,2832.55,1,0,3057.33,2659.72,1,0,-0.030465089325626415,-0.13562551479807886,Neutral
2025-03-27,3018.58,3059.54,3017.49,3056.67,173763,27,0,77.23972756530196,169859.95,1.022978047503252,0,34.777857142857165,1.1377694400395582,2968.901,2.9562791079931676,2894.6594,5.596879549973999,,,0,0,3095.1200496757656,2842.681950324234,8.502745606927665,40.71993802103181,3059.54,2832.55,1,0,3059.54,2669.21,1,0,1.2501117945762363,1.4847524029283439,Neutral
2025-03-28,3056.23,3086.7,3054.08,3085.01,173835,27,0,85.7905123894452,168051.95,1.0344122754898113,0,34.392857142857146,1.114837784735127,2980.2605,3.514776644524878,2902.316,6.294765973105632,,,0,0,3105.2741640068666,2855.246835993133,8.389445419745472,44.517959217494145,3086.7,2854.93,1,0,3086.7,2689.25,1,0,0.9271527511965694,2.157723065715195,Neutral
2025-03-31,3086.49,3127.72,3076.71,3123.74,195595,27,0,86.40321734568975,168675.85,1.1595910143627555,0,35.00499999999998,1.1206118306901336,2991.7815,4.410699778710435,2910.6282,7.321848939689366,,,0,0,3125.243912966114,2858.3190870338863,8.921935840977277,48.277894425367506,3127.72,2879.74,1,0,3127.72,2689.25,1,0,1.2554254281185395,3.471759861937837,Neutral
2025-04-01,3122.68,3148.82,3100.74,3113.98,198981,27,0,82.51177506921226,169337.6,1.175055037983295,0,35.97999999999998,1.155434524306514,3001.6045000000004,3.74384766547357,2918.0116,6.715819772615031,,,0,0,3140.8474916180253,2862.3615083819755,9.277903975558733,52.53167313862035,3148.82,2879.74,1,0,3148.82,2689.25,1,0,-0.3124459782184119,1.874916166939838,Neutral
2025-04-02,3113.67,3142.83,3104.72,3132.07,183971,27,0,79.80485779530832,168151.9,1.0940762489154152,0,34.64642857142859,1.1061830856726889,3012.2635,3.9772914952493412,2925.5306,7.059895391283896,,,0,0,3157.3610522699723,2867.1659477300277,9.633788828233142,57.4765079156331,3148.82,2879.74,1,0,3148.82,2702.66,1,0,0.5809285865676861,1.5254407603216826,Neutral
2025-04-03,3141.02,3167.7,3053.97,3114.11,312847,27,0,75.06150661928376,174772.85,1.7900205895824208,0,40.88000000000001,1.3127346175953967,3022.4255000000003,3.033474274221146,2932.7218,6.184978063722251,,,0,0,3166.084391526899,2878.7666084731018,9.506199013136866,59.92731113240808,3167.7,2879.74,1,0,3167.7,2730.29,1,0,-0.5734226885095173,-0.3082843002298416,Neutral
2025-04-04,3114.32,3136.56,3015.56,3038.45,277214,27,0,55.94708092576799,179445.15,1.5448397462957344,0,48.12285714285713,1.5837962494975113,3028.7934999999998,0.3188233202428641,2938.0717999999997,3.4164651796460563,,,0,0,3162.627709185923,2894.9592908140767,8.837460142853788,59.90550528676227,3167.7,2879.74,0,0,3167.7,2730.29,0,0,-2.429586623465463,-2.4255133302076506,Neutral
2025-04-07,3007.97,3055.45,2956.16,2981.87,328724,27,0,42.379455234625254,186033.3,1.767016980293313,0,52.44142857142856,1.758675883637736,3033.4295,-1.6997098498580665,2942.8918,1.3244863436705359,,,0,0,3152.5064204691716,2914.3525795308287,7.850976623598567,57.44407027156889,3167.7,2879.74,0,0,3167.7,2730.29,0,0,-1.8621336536721045,-4.795550546443734,Neutral
2025-04-08,2981.1,3022.56,2974.59,2981.97,241334,27,0,40.030581039755326,190085.1,1.2696102955991815,0,53.77428571428566,1.8033141082668729,3036.7505,-1.803918366029751,2947.2658,1.1775049267697428,,,0,0,3145.2169968841354,2928.284003115865,7.1435896287255245,54.092660480063806,3167.7,2905.97,0,0,3167.7,2730.29,0,0,0.003353600257560707,-4.243266936620746,Neutral
2025-04-09,2983.01,3099.58,2969.94,3082.81,330261,27,0,54.53090806409861,198259.1,1.665804999619185,0,60.7628571428571,1.9710217996846093,3044.2345,1.2671658507253603,2953.7282,4.370131280190233,,,0,0,3142.800773611639,2945.668226388361,6.475603217271152,49.01748363535719,3167.7,2932.3,0,0,3167.7,2734.74,0,0,3.3816570924590117,1.459954911221186,Neutral
2025-04-10,3082.71,3176.33,3070.98,3175.27,287211,27,0,65.34182521767167,204048.45,1.4075627626673959,0,64.85285714285712,2.0424359863210726,3053.573,3.9853967794449363,2961.3439999999996,7.223949666097569,,,0,0,3164.518733553321,2942.6272664466787,7.266617405467048,47.05276492215784,3176.33,2956.16,1,0,3176.33,2744.56,1,0,2.9992117581038036,6.485862898114274,Neutral
2025-04-11,3175.57,3245.23,3175.39,3237.64,312268,27,0,70.61284135537491,211253.35,1.4781682752013163,0,67.64999999999999,2.0894849334700583,3066.167,5.592422069639389,2970.1241999999997,9.006889341529897,,,0,0,3199.605273385902,2932.728726614098,8.703914260762835,46.21610050251126,3245.23,2956.16,1,0,3245.23,2757.62,1,0,1.9642424108816003,8.57386224542836,Neutral
2025-04-14,3226.87,3245.53,3193.56,3210.34,212493,27,0,66.80250507188853,215599.65,0.9855906537881671,0,69.32785714285716,2.1595175944870997,3076.645,4.345480222775139,2978.0452,7.800244267615552,,,0,0,3220.934216360388,2932.355783639612,9.379646749000152,45.346643736702724,3245.53,2956.16,1,0,3245.53,2772.02,1,0,-0.8432067802473298,4.1368102477934166,Neutral
2025-04-15,3211.4,3233.54,3209.94,3229.26,152165,27,0,67.98153372659661,215722.35,0.7053742924643644,0,69.59857142857143,2.1552483054498994,3086.4210000000003,4.627981730295379,2985.792,8.154218378239351,,,0,0,3244.3224622644875,2928.519537735513,10.23201062100648,44.30821359610262,3245.53,2956.16,1,0,3245.53,2772.02,1,0,0.589345676781905,1.7003278461359268,Neutral
2025-04-16,3230.6,3343.01,3229.75,3342.9,224722,27,0,71.65947786606131,219786.65,1.0224551855174098,0,74.72,2.235185018995483,3101.2075,7.793496565450719,2995.304,11.604698554804454,,,0,0,3294.951316621195,2907.463683378805,12.49473417184726,43.494644970595274,3343.01,2956.16,1,0,3343.01,2807.1,1,0,3.519072481001828,3.2511335417155776,Neutral
2025-04-17,3342.29,3357.45,3283.81,3326.21,230657,27,0,68.57957171468186,222539.5,1.0364766704337882,0,77.64999999999999,2.3344888025710944,3115.3030000000003,6.770031679101509,3004.7124,10.69977945310174,,,0,0,3331.3503460877937,2899.255653912207,13.870069530173684,41.45093040582698,3357.45,2956.16,1,0,3357.45,2832.55,1,0,-0.49926710341320346,3.6092750300591177,Neutral
2025-04-21,3331.55,3430.45,3327.9,3424.19,240724,27,0,71.20773628855794,226544.2,1.0625917591357448,0,81.45214285714285,2.3787273152816533,3135.361,9.211985477908291,3015.978,13.534979366560366,,,0,0,3386.9092876235004,2883.8127123764993,16.045889938893833,39.34259894482884,3430.45,2956.16,1,0,3430.45,2832.55,1,0,2.9456949501083907,6.036367464991974,Neutral
2025-04-22,3423.79,3499.9,3366.68,3380.9,304255,27,0,67.9894322531946,232967.65,1.3059967768057068,0,87.53357142857142,2.5890612389769414,3153.8085,7.200548162642089,3025.4386,11.749086562193003,,,0,0,3420.8848700182116,2886.7321299817886,16.936752502139015,37.474934860545766,3499.9,2956.16,0,0,3499.9,2832.55,0,0,-1.2642405941259094,1.1367375631936343,Neutral
2025-04-23,3350.3,3386.4,3260.04,3288.19,280198,27,0,59.56031843233312,240237.25,1.1663386922719103,0,93.83714285714284,2.853762795250361,3167.2255,3.8192575804911915,3033.2571999999996,8.404588967925323,,,0,0,3432.924055072036,2901.526944927964,16.77800049740923,34.407427083797124,3499.9,2956.16,0,0,3499.9,2832.55,0,0,-2.742169244875625,-1.1430426822118862,Neutral
2025-04-24,3288.11,3367.24,3287.86,3348.5,217205,27,0,63.645572567968784,243921.15,0.8904721874261416,0,91.38357142857139,2.729089784338402,3183.704,5.1762349766184235,3042.1436,10.070412192244973,,,0,0,3451.5483185214307,2915.8596814785697,16.8259560889725,34.10192130850293,3499.9,2956.16,0,0,3499.9,2832.55,0,0,1.834139754697861,-2.210449770602684,Neutral
2025-04-25,3351.22,3370.76,3265.06,3318.87,208826,27,0,67.24982160872027,245674.3,0.8500115803728758,0,90.29071428571426,2.7205257899741255,3196.814,3.8180513473727293,3049.9568,8.816951112225588,,,0,0,3464.144868708066,2929.4831312919337,16.724830954072786,35.301841750190526,3499.9,2956.16,0,0,3499.9,2832.55,0,0,-0.8848738241003518,-1.8347185660622969,Neutral
2025-04-28,3324.94,3352.84,3267.85,3343.92,192995,27,0,73.17001369529882,246632.3,0.7825211863977265,0,89.26928571428572,2.669599922076058,3209.7595,4.179767985732263,3059.187,9.30747286779135,,,0,0,3479.3599216360103,2940.15907836399,16.798792659450665,39.1546477274915,3499.9,2956.16,0,0,3499.9,2832.55,0,0,0.7547749685887117,1.6948533995906567,Neutral
2025-04-29,3344.61,3348.43,3299.55,3317.01,173131,27,0,70.7301076599431,245509.1,0.7051917831151676,0,89.3342857142857,2.6932172563328325,3219.4230000000002,3.031195341525484,3067.5710000000004,8.131482531292669,,,0,0,3489.894903636664,2948.9510963633365,16.802508004487986,42.69678480092965,3499.9,2956.16,0,0,3499.9,2832.55,0,0,-0.8047441326347493,-0.9404210840674865,Neutral
2025-04-30,3314.21,3327.95,3266.76,3288.34,187691,27,0,63.96396396396398,244944.6,0.7662589826434222,0,84.44499999999996,2.5680130400141095,3228.141,1.864819411543674,3074.635,6.9505811258897365,,,0,0,3495.5251103730707,2960.7568896269295,16.56582598920373,45.08157679606057,3499.9,2956.16,0,0,3499.9,2832.55,0,0,-0.8643326369230153,-0.9198914088228748,Neutral
2025-05-01,3286.69,3289.78,3201.76,3237.87,196469,27,0,54.510476410064264,245569.5,0.8000545670370303,0,83.20714285714283,2.5698111059784003,3233.431,0.1372845129523361,3080.7304,5.100725464324953,,,0,0,3496.970902573442,2969.891097426558,16.300944883217973,44.19734698597207,3499.9,2956.16,0,0,3499.9,2832.55,0,0,-1.5348169593168648,-3.171427546113549,Neutral
2025-05-02,3238.78,3269.14,3222.67,3240.84,197599,27,0,50.252151164623214,239807.1,0.823991449794439,0,81.52928571428568,2.515683764526656,3239.7675,0.033104227386694204,3086.7653999999998,4.991458048609732,,,0,0,3497.2522767702376,2982.2827232297623,15.89526265512804,41.877248445296324,3499.9,2956.16,0,0,3499.9,2832.55,0,0,0.0917269686553368,-2.2963452024564313,Neutral
2025-05-05,3239.08,3337.49,3237.35,3333.73,199149,27,0,58.8119349263708,235903.85,0.8441956330937371,0,84.96999999999993,2.5487966931935078,3254.5315,2.4334838977591695,3094.7255999999998,7.72295934734893,,,0,0,3496.8267311605737,3012.2362688394264,14.88971491967883,40.362669720916,3499.9,2956.16,0,0,3499.9,2832.55,0,0,2.8662322114019867,1.3803317175231233,Neutral
2025-05-06,3335.63,3434.91,3322.68,3430.36,246793,27,0,62.92682299701736,231807.3,1.064647230695496,0,91.30071428571422,2.6615490585744417,3276.9559999999997,4.681295690268666,3104.2834,10.504086063791739,,,0,0,3494.778890044563,3059.1331099554363,13.294221225098132,39.691773317819084,3499.9,2969.94,1,0,3499.9,2832.55,1,0,2.8985550719464515,5.944957641906569,Neutral
2025-05-07,3437.46,3437.76,3360.1,3364.33,247408,27,0,51.46734590471494,232111.0,1.0659038132617584,0,88.72285714285711,2.637162737985189,3296.0739999999996,2.0708272933192737,3113.275,8.064016188740148,,,0,0,3466.9416751666013,3125.206324833398,10.36795139712286,37.505189289399574,3499.9,2969.94,0,0,3499.9,2832.55,0,0,-1.9248708590352104,3.8104318633440646,Neutral
2025-05-08,3365.66,3414.64,3288.68,3305.72,240334,27,0,48.67318526193096,227614.65,1.0558810691666816,0,92.45999999999997,2.796970100310975,3307.2195,-0.04534020194306283,3121.0666,5.91635564585516,,,0,0,3445.48464550711,3168.95435449289,8.361413296402612,34.276133391356254,3499.9,3070.98,0,0,3499.9,2832.55,0,0,-1.7421002101458583,-0.8402000161980789,Neutral
2025-05-09,3306.59,3347.4,3274.6,3326.49,197806,27,0,42.97061616830229,223144.4,0.886448416361782,0,90.21428571428571,2.7119962998321268,3314.7805,0.35325114287356085,3130.0582,6.275659666647727,,,0,0,3438.4304702215345,3191.130529778465,7.46052236167883,31.585516796702994,3499.9,3175.39,0,0,3499.9,2832.55,0,0,0.6283048776060784,-3.027962079781724,Neutral
2025-05-12,3295.89,3295.89,3207.64,3234.8,251726,27,0,40.17273387682623,220117.3,1.1435993445313022,0,89.18785714285711,2.757136674380398,3314.6385,-2.4086638708866697,3137.5977999999996,3.097981519492417,,,0,0,3438.667416199736,3190.609583800264,7.483706968330704,30.40859030961069,3499.9,3193.56,0,1,3499.9,2832.55,0,0,-2.7563588046258802,-3.850097939262788,Neutral
2025-05-13,3237.64,3265.44,3215.68,3250.14,186546,27,0,47.14326471162363,218819.95,0.8525091062309447,0,83.71642857142855,2.5757791532496617,3316.6285000000003,-2.0047014611374285,3144.7342000000003,3.3518190503985847,,,0,0,3434.7477480905236,3198.509251909477,7.122850695549612,29.68052546501367,3499.9,3201.76,0,1,3499.9,2832.55,0,0,0.4742178805490216,-1.6813281221640046,Neutral
2025-05-14,3248.97,3256.95,3167.76,3177.33,219572,27,0,37.385588161598896,222190.3,0.9882159572222551,0,84.41714285714284,2.65685789191374,3314.032,-4.124945082002836,3149.9303999999997,0.8698477909226245,,,0,0,3442.1016568031678,3185.9623431968325,7.728933021960415,28.97045830195804,3499.9,3167.76,0,1,3499.9,2854.93,0,0,-2.2402111909025413,-4.484005663627423,Neutral
2025-05-15,3176.51,3240.54,3120.61,3239.76,216350,27,0,44.43882070099965,221771.7,0.975552786942608,0,85.43357142857137,2.6370339601875252,3308.875,-2.088776396811599,3156.3478000000005,2.64268088580098,,,0,0,3440.3122384147746,3177.4377615852254,7.9445272737576715,28.310785375437295,3499.9,3120.61,0,0,3499.9,2879.74,0,0,1.9648572858343316,0.15333250896500666,Neutral
2025-05-16,3240.19,3251.95,3154.08,3202.02,221892,27,0,40.199734791977455,221333.45,1.0025235679469144,0,86.35357142857136,2.6968467226491826,3302.6655,-3.04740216652277,3162.1708000000003,1.2601849337170419,,,0,0,3442.1428192616568,3163.1881807383434,8.446348518289648,26.470703770069804,3499.9,3120.61,0,0,3499.9,2879.74,0,0,-1.1649011037854762,-1.480551607007695,Neutral
2025-05-19,3218.63,3249.71,3205.44,3230.07,225943,27,0,44.00496483243691,220594.4,1.0242463090631495,0,86.26857142857138,2.6707957235778594,3292.9595,-1.909816989853649,3168.5503999999996,1.9415692425154591,,,0,0,3423.564493936104,3162.3545060638958,7.932377785764093,24.63062216470231,3499.9,3120.61,0,0,3499.9,2879.74,0,0,0.8760095189911388,1.6598842424299722,Neutral
2025-05-20,3230.7,3295.59,3204.45,3289.74,233253,27,0,50.092580346514985,217044.3,1.0746792244716863,0,88.40785714285714,2.6873812867538813,3288.4015,0.04070366711606961,3176.5622,3.562902058080271,,,0,0,3412.2734478502207,3164.529552149779,7.533870049032683,22.657074959416413,3437.76,3120.61,0,0,3499.9,2879.74,0,0,1.8473283860721113,1.5427068671753328,Neutral
2025-05-21,3290.81,3324.79,3285.25,3315.24,243386,27,0,55.29112469738622,215203.7,1.13095639154903,0,84.94500000000001,2.5622579360770263,3289.754,0.7747083824504774,3184.5560000000005,4.103680387470004,,,0,0,3414.20556122172,3165.30243877828,7.566010177157327,21.339777365978964,3437.76,3120.61,0,0,3499.9,2879.74,0,0,0.7751372448886462,3.5358929675642186,Neutral
2025-05-22,3318.14,3345.34,3279.04,3294.62,274214,27,0,53.59117497796413,218054.15,1.2575500168192166,0,86.3614285714286,2.621286478301856,3287.06,0.2299927594871997,3191.7858,3.2218390093721134,,,0,0,3408.4522224162456,3165.6677775837543,7.3860667232265715,21.004879147440608,3437.76,3120.61,0,0,3499.9,2879.74,0,0,-0.6219760861958634,1.9984087032169497,Neutral
2025-05-23,3293.85,3365.84,3286.99,3356.12,251830,27,0,51.56051798882057,220204.35,1.1436195515665335,0,84.84071428571436,2.5279404278069424,3288.9224999999997,2.0431463496023463,3199.1382,4.907002767182738,,,0,0,3413.4716826548743,3164.373317345125,7.573859381294305,20.00122031858877,3437.76,3120.61,0,0,3499.9,2905.97,0,0,1.8666796170726752,2.0177886398317226,Neutral
2025-05-26,3353.13,3356.72,3323.58,3341.43,139505,27,0,43.00259658509715,217529.85,0.641314283993668,0,79.19142857142863,2.369986160758377,3288.798,1.6003415229515483,3206.2515999999996,4.216088344408163,,,0,0,3413.1204773850454,3164.475522614954,7.560359583352073,20.06153835383781,3437.76,3120.61,0,0,3499.9,2932.3,0,0,-0.4377078292790548,0.7899880551634288,Neutral
2025-05-27,3343.06,3349.88,3284.94,3300.47,226923,27,0,44.768832530554725,220219.45,1.0304403176013743,0,78.28285714285718,2.3718699804227033,3287.971,0.3801432555214081,3212.2454,2.746508719414775,,,0,0,3411.7220339180517,3164.2199660819483,7.5275015453634895,21.56847953028357,3437.76,3120.61,0,0,3499.9,2956.16,0,0,-1.2258224772028758,0.17756220747764262,Neutral
2025-05-28,3300.41,3325.42,3276.15,3288.24,192958,27,0,48.45035460992908,220482.8,0.8751612370670184,0,72.80500000000004,2.2141023769554544,3287.9659999999994,0.008333419506173178,3217.3354,2.2038299146554583,2828.92375,16.236430904155682,0,0,3411.7169792241843,3164.2150207758145,7.52750966550049,23.440263713089102,3437.76,3120.61,0,0,3499.9,2956.16,0,0,-0.37055328483519556,-2.022573686280589,Uptrend
2025-05-29,3286.96,3331.05,3245.32,3317.61,246163,27,0,49.22458959133779,222967.5,1.104030856514963,0,73.72857142857144,2.2223399202610143,3291.953,0.7793853678955973,3222.7441999999996,2.94363418604556,2832.9915499999997,17.106244104399128,0,0,3414.0350968123603,3169.8709031876397,7.417001203380505,24.668714238469015,3437.76,3120.61,0,0,3499.9,2956.16,0,0,0.8931829793445756,-0.71286844255303,Uptrend
2025-05-30,3318.51,3322.6,3271.39,3289.49,221834,27,0,55.37198200498984,224179.25,0.989538505459359,0,68.89714285714288,2.0944627543218823,3294.3855000000003,-0.14860130971316313,3227.6479999999997,1.916008189244927,2836.8696999999997,15.954920312342866,0,0,3414.0951212067807,3174.67587879322,7.267493206656016,23.060571795802254,3437.76,3120.61,0,0,3499.9,2956.16,0,0,-0.8475981203336258,-0.33267989104582135,Uptrend
2025-06-02,3299.11,3382.82,3295.37,3381.49,217948,27,0,61.21326981850464,225119.2,0.9681448761367311,0,72.00928571428575,2.129513490037994,3296.7735000000002,2.569679112016629,3234.8172000000004,4.534191298352171,2841.21605,19.015588413278174,0,0,3421.5845336342077,3171.962466365793,7.571708134283864,21.68717977962847,3437.76,3120.61,1,0,3499.9,2956.16,0,0,2.796786127940809,2.835863562270394,Uptrend
2025-06-03,3382.71,3392.02,3333.0,3353.33,209815,27,0,66.264971166642,223270.3,0.939735379045041,0,69.85428571428578,2.0831318633801557,3292.922,1.8344801364866798,3241.6448,3.4453250399303434,2845.5601,17.844286613380607,0,0,3404.420053530319,3181.423946469681,6.7719826664779115,21.022549896165767,3437.76,3120.61,0,0,3499.9,2956.16,0,0,-0.8327689864527144,1.0766786933967465,Uptrend
2025-06-04,3354.16,3384.59,3343.67,3372.18,204724,27,0,63.30961283319257,221136.1,0.9257828097719006,0,64.21071428571437,1.9041306895158139,3293.3145000000004,2.3947151114781,3248.6913999999997,3.801179761180152,2849.8596,18.327934470877093,0,0,3405.9207283918117,3180.708271608189,6.838474029237799,21.47123804056623,3414.64,3120.61,1,0,3499.9,2956.16,0,0,0.5621277953556492,2.5137635317328844,Uptrend
2025-06-05,3374.66,3403.23,3339.23,3352.65,252182,27,0,65.71517996870111,221728.5,1.1373458982494358,0,61.79142857142866,1.8430623110503233,3295.661,1.7292130470943472,3255.3657999999996,2.9884260625948866,2854.03375,17.470580016792024,0,0,3411.271468092767,3180.050531907233,7.015919907585577,22.08179820703628,3403.23,3120.61,1,0,3499.9,2956.16,0,0,-0.5791505791505669,-0.8528784648187543,Uptrend
2025-06-06,3353.17,3375.5,3306.93,3311.56,242264,27,0,58.27662556623127,223951.4,1.08177041983216,0,63.282857142857246,1.910968158295705,3294.9145000000003,0.5051876156422155,3260.4636000000005,1.5671513707437017,2857.9687000000004,15.87110803557784,0,0,3409.877800592646,3179.9511994073546,6.978226633355478,21.719451221786073,3403.23,3120.61,0,0,3499.9,2956.16,0,0,-1.2255976615513142,-1.245627480743022,Uptrend
2025-06-09,3311.26,3338.07,3293.38,3325.52,192310,27,0,54.00600116440505,220980.6,0.8702573891101753,0,59.96500000000008,1.8031766460583631,3299.4505,0.790116414839382,3265.2738,1.8450581387692524,2862.0740499999997,16.192661052917213,0,0,3411.5501735945163,3187.3508264054835,6.7950510907508015,21.257149894223694,3403.23,3120.61,0,0,3499.9,2956.16,0,0,0.4215535880370602,-1.3836746555640522,Uptrend
2025-06-10,3325.39,3349.06,3301.76,3322.42,205116,27,0,50.84633881842617,221909.1,0.9243244193230471,0,60.51928571428578,1.8215423009217913,3303.0644999999995,0.5859861349967758,3269.2473999999997,1.626447726164754,2866.0811,15.922051193875856,0,0,3413.112291048861,3193.016708951138,6.663375241316763,21.44304365011115,3403.23,3120.61,0,0,3499.9,2956.16,0,0,-0.09321850417377542,-0.9016747945654935,Uptrend
2025-06-11,3322.37,3360.55,3315.38,3354.87,221479,27,0,56.90924520079814,222004.45,0.9976331555516116,0,59.010000000000055,1.7589355176206547,3311.9415,1.2961732566834283,3274.0652,2.4680265988594208,2870.33985,16.88058471543013,0,0,3406.8914316869964,3216.9915683130034,5.73379280322412,21.379861964335255,3403.23,3120.61,1,0,3499.9,2956.16,0,0,0.9766977082969586,1.3078428293613868,Uptrend
2025-06-12,3356.87,3398.76,3338.55,3386.74,242998,27,0,53.767409813475055,223336.85,1.0880336137990663,0,57.67857142857146,1.7030705465601572,3319.2905,2.0320457037430053,3279.1585999999998,3.2807623272628548,2874.7790499999996,17.808706029077268,0,0,3413.466221415911,3225.114778584089,5.674448886948044,21.63348014528716,3403.23,3154.08,1,0,3499.9,2956.16,0,0,0.9499622936209207,1.8409151050061283,Uptrend
2025-06-13,3386.07,3446.7,3379.33,3433.37,289731,27,0,60.487771491148024,226728.8,1.2778747119907132,0,60.12357142857146,1.751153281719461,3330.858,3.077645459518229,3285.5438,4.4992917154231815,2879.48125,19.235713029907732,0,0,3421.1367343613733,3240.579265638627,5.420749510268714,20.91988907343031,3446.7,3204.45,1,0,3499.9,2956.16,1,0,1.376840265269852,3.339433304639384,Uptrend
2025-06-16,3443.56,3451.4,3382.49,3385.25,230017,27,0,59.51557870162523,226932.5,1.0135921474447247,0,60.40714285714291,1.7844219143975455,3338.6169999999997,1.3967759704093121,3292.4797999999996,2.817639154536359,2883.9302000000002,17.38321544675387,0,0,3418.4983778707083,3258.735622129291,4.785297497179734,20.922910577381035,3451.4,3204.45,1,0,3499.9,2956.16,0,0,-1.4015384301721001,0.9055492463195327,Uptrend
2025-06-17,3386.79,3403.11,3366.11,3388.38,220519,27,0,61.47394472707277,226295.8,0.9744723499066267,0,59.53071428571434,1.7569078522985715,3343.549,1.3408207865355086,3300.61,2.6592054196042545,2888.2895000000003,17.31441740864272,0,0,3422.9027271767286,3264.1952728232714,4.746676491161256,21.434375570805997,3451.4,3245.32,1,0,3499.9,2956.16,0,0,0.09245993648918649,0.04842414829601113,Uptrend
2025-06-18,3390.35,3399.89,3362.4,3369.2,221536,27,0,56.0524648630892,225203.3,0.9837156027464962,0,56.085000000000036,1.6646384898492235,3346.2470000000003,0.6859326284042845,3308.3546,1.8391438451005129,2892.6496,16.474529096092372,0,0,3425.216423556454,3267.2775764435464,4.719880125791902,22.73252944060491,3451.4,3245.32,0,0,3499.9,2956.16,0,0,-0.5660522137422741,-1.8690091659215313,Uptrend
2025-06-19,3369.91,3387.82,3347.39,3370.37,171919,27,0,60.129245566576515,220088.55,0.7811355929238482,0,55.315000000000055,1.6412144660675254,3350.0345,0.6070235993091916,3314.1058000000003,1.697718883929403,2896.9702,16.3412036478663,0,0,3425.7784949955853,3274.290505004415,4.5219829822997415,24.543379305959398,3451.4,3245.32,0,0,3499.9,2969.94,0,0,0.03472634453283163,-0.4395539472712535,Uptrend
2025-06-20,3369.85,3374.39,3340.24,3368.4,188409,27,0,47.88331554606906,216917.5,0.8685744580312792,0,51.087857142857175,1.516680238180061,3350.6485000000002,0.529792963959062,3317.9684,1.5199541984788008,2901.2296499999998,16.10249467842025,0,0,3426.7982058154917,3274.498794184509,4.545371191009227,25.78399362273065,3451.4,3245.32,0,0,3499.9,2969.94,0,0,-0.0584505558736792,-0.5896623165052332,Uptrend
2025-06-23,3389.44,3396.58,3346.83,3368.98,234923,27,0,52.77846820296135,221688.4,1.0596991092001204,0,50.42571428571432,1.4967650234110716,3352.0260000000003,0.5057836663558016,3320.5952,1.4571122671019887,2905.51815,15.951091202097642,0,0,3428.469728295956,3275.5822717040446,4.561046262526345,26.076894866298836,3451.4,3245.32,0,0,3499.9,3070.98,0,0,0.017218857617851135,-0.006529739997619611,Uptrend
2025-06-24,3366.61,3369.38,3295.23,3322.93,246584,27,0,42.02635754298481,222671.45,1.1073893846741465,0,52.79928571428575,1.5889376458211806,3353.149,-0.9012125616845553,3322.847,0.002497858011507268,2909.3402,14.215931158549273,0,0,3427.020354151707,3279.2776458482927,4.406088375536383,23.412320237905398,3451.4,3245.32,0,0,3499.9,3120.61,0,0,-1.3668825579255528,-1.4075605942374296,Uptrend
2025-06-25,3323.74,3336.94,3311.84,3332.12,175027,27,0,46.56102381989343,221774.9,0.789210140552425,0,50.02071428571431,1.5011678536701654,3355.343,-0.69212000084641,3324.9042,0.21702279422065587,2913.10625,14.383744156259324,0,0,3423.481262564139,3287.204737435861,4.061478219314034,20.66289940508394,3451.4,3245.32,0,0,3499.9,3120.61,0,0,0.2765631536024049,-1.077069231682704,Uptrend
2025-06-26,3334.18,3350.21,3309.87,3327.66,189019,27,0,53.074161765829054,218917.7,0.8634249309215289,0,48.00428571428574,1.4425838491398084,3355.8455000000004,-0.8398926589439382,3324.5994,0.09205921170531989,2916.8333500000003,14.084680223503323,0,0,3422.952527626311,3288.7384723736895,3.9994110352404957,19.868586815117443,3451.4,3271.39,0,1,3499.9,3120.61,0,0,-0.13384872093442635,-1.2264839803145215,Uptrend
2025-06-27,3327.32,3327.87,3255.84,3274.5,230623,27,0,41.52660599216104,219357.15,1.0513584809065946,0,49.95714285714286,1.5256418646249155,3355.096,-2.402196539234645,3323.5652,-1.4762821562820554,2920.3592,12.12661784892763,0,0,3425.5736642183933,3284.6183357816067,4.201230857083871,19.196154201540587,3451.4,3255.84,0,1,3499.9,3120.61,0,0,-1.5975189772993614,-1.4574486973845324,Uptrend
2025-06-30,3273.52,3309.37,3246.66,3302.88,183401,27,0,47.00618986333273,217629.8,0.8427200686670667,0,51.05785714285717,1.5458586791786917,3351.1655,-1.4408569197791024,3321.139,-0.549781264801022,2924.0787,12.954552146629982,0,0,3424.168198284642,3278.162801715358,4.356854251730753,19.42767056966344,3451.4,3246.66,0,1,3499.9,3120.61,0,0,0.8666972056802669,-0.8775194170678062,Uptrend
2025-07-01,3303.01,3357.82,3302.1,3338.87,201578,27,0,47.574875712380255,217217.95,0.9279988140943232,0,51.811428571428614,1.5517653748552238,3350.4425,-0.34540213718039386,3320.2984,0.5593352693842144,2927.83985,14.038682819348884,0,0,3423.64109212765,3277.24390787235,4.369488037932306,19.545594468584888,3451.4,3246.66,0,0,3499.9,3120.61,0,0,1.0896550888921164,0.33687335845609334,Uptrend
2025-07-02,3337.96,3360.03,3327.4,3356.93,177114,27,0,45.28427247128802,215837.45,0.8205897540023753,0,49.841428571428615,1.4847324362268088,3349.6800000000003,0.21643858517827208,3321.6732,1.0614168786983518,2931.5143,14.51180708891647,0,0,3422.2401044506632,3277.1198955493373,4.332360371776584,19.379690433992767,3451.4,3246.66,0,0,3499.9,3120.61,0,0,0.5409015625046809,2.517330890212241,Uptrend
2025-07-03,3357.6,3365.77,3311.47,3325.85,177342,27,0,32.11100758684947,212095.45,0.8361424066381433,0,48.90785714285721,1.4705370700078841,3348.34,-0.6716761141341749,3321.2202,0.13940057331939942,2935.0022500000005,13.31677854761438,0,0,3421.6550915748458,3275.0249084251545,4.379190379402666,19.84959891082283,3451.4,3246.66,0,0,3451.4,3120.61,0,0,-0.9258459366146998,0.6954536646805152,Uptrend
2025-07-04,3325.5,3344.92,3323.41,3336.77,106103,27,0,40.794470606106636,205287.4,0.5168510098525287,0,45.52214285714292,1.3642577359884833,3349.6004999999996,-0.3830456796265577,3321.5782,0.45736692274774854,2938.4012,13.557331789818225,0,0,3421.097363228923,3278.1036367710763,4.268978538122579,19.257050320942337,3451.4,3246.66,0,0,3451.4,3120.61,0,0,0.32833711682727085,-0.06289553052379725,Uptrend
2025-07-07,3334.37,3342.39,3296.27,3336.18,211982,27,0,39.991563770227735,206271.0,1.0276868779421247,0,46.173571428571485,1.3840251853488568,3350.1335,-0.41650578999314736,3321.4233999999997,0.4442854229304269,2941.7978999999996,13.406158866317783,0,0,3421.030926952023,3279.236073047977,4.232513537267881,19.103398769454852,3451.4,3246.66,0,0,3451.4,3120.61,0,0,-0.01768177009503491,-0.618124298093794,Uptrend
2025-07-08,3338.79,3345.65,3286.98,3301.54,195803,27,0,37.7534028381118,205805.35,0.9513989796669523,0,47.68642857142864,1.4443692510594643,3349.0894999999996,-1.4197739415443997,3321.1139999999996,-0.5893805512246679,2944.9447000000005,12.108726523795148,0,0,3422.2829795700773,3275.896020429922,4.3709479588453926,18.058674018263424,3451.4,3246.66,0,1,3451.4,3120.61,0,0,-1.0383132804584805,-0.7309409624607227,Uptrend
2025-07-09,3301.56,3316.72,3282.56,3313.49,182711,27,0,40.09128283743289,203866.95,0.8962266811761298,0,47.23857142857147,1.425644001598661,3347.0205,-1.0018014529639214,3321.6169999999997,-0.24466999054978206,2948.2222,12.389425735957065,0,0,3421.847178179409,3272.193821820591,4.471241104104926,17.385878123321056,3451.4,3246.66,0,0,3451.4,3120.61,0,0,0.36195230104738574,-0.6976806912073712,Uptrend
2025-07-10,3313.43,3330.18,3309.92,3323.86,152402,27,0,42.46158012321441,199337.15,0.7645438895860607,0,46.24642857142859,1.3913470655030171,3343.8765,-0.5986016529019456,3323.3368,0.015743213266861428,2951.6696500000003,12.609485278950503,0,0,3416.9395243513427,3270.813475648657,4.369959497687361,17.544683875315652,3451.4,3246.66,0,0,3451.4,3120.61,0,0,0.3129630691506735,-0.36928463092518116,Uptrend
2025-07-11,3324.14,3368.52,3321.67,3354.89,200983,27,0,47.83809494583728,194899.75,1.031212200118266,0,46.039285714285725,1.3723038822222406,3339.9525000000003,0.44723689932714744,3325.6177999999995,0.8802033715359697,2955.1276500000004,13.52775234599424,0,0,3400.0589518386187,3279.846048161382,3.5992399196466613,16.92984600472477,3451.4,3246.66,0,0,3451.4,3120.61,0,0,0.9335531580752399,1.6159125741320688,Uptrend
2025-07-14,3363.88,3374.9,3340.89,3343.3,184831,27,0,53.49507566658666,192640.45,0.9594610062424583,0,43.17214285714288,1.2913032888805336,3337.8550000000005,0.16312871589687714,3325.8091999999997,0.5259111075885078,2958.55165,13.004618323969444,0,0,3394.110214495115,3281.599785504886,3.3707404602725166,16.94817214027918,3403.11,3246.66,1,0,3451.4,3120.61,0,0,-0.34546587220444236,0.8996556500849678,Uptrend
2025-07-15,3343.96,3366.2,3320.11,3324.76,176728,27,0,48.77643303630808,190450.9,0.9279452079249823,0,44.67142857142858,1.3435985927233416,3334.674,-0.2973004257687486,3323.6972000000005,0.03197643876823969,2961.8958499999994,12.25107729564498,0,0,3385.866951159488,3283.481048840512,3.070342177945315,17.143033961247816,3399.89,3246.66,0,0,3451.4,3120.61,0,0,-0.5545419196602119,0.02707695269957492,Uptrend
2025-07-16,3324.03,3377.15,3319.56,3347.37,190672,27,0,53.090213539870206,188907.7,1.0093394816622085,0,45.90357142857143,1.3713324618602494,3333.5824999999995,0.4135940838422438,3323.3579999999997,0.7225222199955639,2965.36565,12.882200547510884,0,0,3382.5588164568435,3284.6061835431556,2.9383593450495957,16.383694717722005,3396.58,3246.66,1,0,3451.4,3120.61,0,0,0.6800490862498343,-0.22415041923878226,Uptrend
2025-07-17,3347.88,3352.08,3309.73,3339.03,166402,27,0,61.77168083476239,188631.85,0.8821521922199247,0,43.78357142857145,1.3112661889402446,3332.0155,0.21051822838159742,3324.0242,0.4514347398553947,2968.848,12.468876816866349,0,0,3377.946737610343,3286.084262389657,2.756964222425918,17.35968862210785,3396.58,3246.66,1,0,3451.4,3120.61,0,0,-0.24915082587224635,-0.12771812281278921,Uptrend
2025-07-18,3341.77,3361.12,3331.72,3350.34,155694,27,0,59.23274453349939,186996.1,0.8326055997959315,0,41.404285714285734,1.2358234004395297,3331.1125,0.5772095658732619,3324.5012,0.7772233621091788,2972.49115,12.711521445572691,0,0,3374.681249242124,3287.5437507578763,2.615867776433482,18.427222053168965,3396.58,3246.66,1,0,3451.4,3120.61,0,0,0.338721125596364,0.7693788423826059,Uptrend
2025-07-21,3349.69,3401.43,3344.85,3396.92,178536,27,0,60.84600724935549,184176.75,0.9693731700662543,0,41.465714285714284,1.2206856295030286,3332.5095,1.9327926897132612,3327.7436,2.0787779443103815,2976.4376500000003,14.127033704200043,0,0,3382.507958702527,3282.511041297473,3.000649132584734,19.46089292625873,3401.43,3246.66,1,0,3451.4,3120.61,1,0,1.3903066554439292,1.4802665973585287,Uptrend
2025-07-22,3396.7,3433.36,3383.18,3431.58,185918,27,0,63.132894690545804,181143.45,1.026357839601708,0,42.719285714285725,1.244886778518517,3337.942,2.805261445525414,3331.3723999999997,3.007997544795658,2980.4457499999994,15.136469100301545,0,0,3404.444431961837,3271.439568038163,3.984636758927322,21.038569297186577,3433.36,3246.66,1,0,3451.4,3120.61,1,0,1.020336069144978,2.7717630569356886,Uptrend
2025-07-23,3431.75,3438.9,3381.36,3387.05,210908,27,0,60.28018544648266,182937.5,1.152896481038606,0,42.950714285714284,1.2680862191498288,3340.6885,1.387782787889382,3335.5668,1.5434618188429061,2984.0969,13.50335171756655,0,0,3410.6269069697782,3270.750093030222,4.187065448920367,21.593069493077053,3438.9,3246.66,1,0,3451.4,3120.61,1,0,-1.2976529761800637,1.0957096891658766,Uptrend
2025-07-24,3387.85,3393.23,3351.24,3368.43,190542,27,0,55.18404506156667,183013.65,1.0411354562897357,0,44.41357142857142,1.3185243994552782,3342.7270000000003,0.7689230978180245,3338.1402000000003,0.9073854956720978,2987.6967500000005,12.743369955468179,0,0,3413.4388660778172,3272.0151339221834,4.230789177687374,20.868358075310162,3438.9,3246.66,0,0,3451.4,3120.61,0,0,-0.5497409249937357,-0.8387009408523084,Uptrend
2025-07-25,3367.78,3373.34,3324.95,3336.63,169677,27,0,50.0668508779749,179966.35,0.94282625613066,0,44.57571428571431,1.3359501738494923,3345.8334999999997,-0.27507346076843403,3340.8324,-0.1257890099485287,2991.0670499999997,11.553166285590304,0,0,3408.9791812791423,3282.687818720857,3.7745859905546726,19.981004187160806,3438.9,3246.66,0,0,3451.4,3120.61,0,0,-0.9440599923406401,-2.766947004003981,Uptrend
2025-07-28,3319.2,3345.23,3301.62,3314.43,181332,27,0,51.98839971616326,179862.9,1.0081678878745979,0,43.500000000000036,1.3124428634787892,3346.411,-0.9556805783868216,3342.5196,-0.8403720355147729,2994.27125,10.692376316941896,0,0,3408.0970430857374,3284.7249569142627,3.6866985606811182,18.597530963591616,3438.9,3282.56,0,1,3451.4,3154.08,0,0,-0.6653419767849722,-2.1440486559100203,Uptrend
2025-07-29,3315.18,3333.95,3307.94,3326.44,188321,27,0,51.99728554242887,179200.05,1.0508981442806518,0,42.917857142857166,1.2902038558596327,3345.7895000000003,-0.5783238903702776,3343.2536,-0.5029112957509401,2997.4397499999995,10.976042137294021,0,0,3408.0433039336317,3283.535696066369,3.7213222131058386,17.530415881575387,3438.9,3282.56,0,1,3451.4,3204.45,0,0,0.3623549147213856,-1.2465748137856445,Uptrend
2025-07-30,3326.54,3333.88,3267.91,3274.88,211046,27,0,43.29738901965075,180896.65,1.1666661599316517,0,46.1828571428572,1.4102152488902555,3341.6870000000004,-1.999199805367775,3342.4463999999994,-2.0214654751082697,3000.20745,9.155118590216162,0,0,3411.2362749517374,3272.1377250482633,4.162524793718685,16.133560136403794,3438.9,3267.91,0,1,3451.4,3204.45,0,0,-1.550005411190336,-1.8506696876788857,Uptrend
2025-07-31,3277.17,3314.7,3273.27,3289.94,202183,27,0,40.70576114020778,182138.7,1.110049648976302,0,45.79571428571434,1.3919923854451552,3339.8915,-1.4956024769068135,3342.3527999999997,-1.5681408617306831,3003.0602000000003,9.552915389441733,0,0,3412.928906212929,3266.854093787071,4.37363945582837,16.315552375482252,3438.9,3267.91,0,1,3451.4,3245.32,0,1,0.45986417822942993,-0.7388902465883963,Uptrend
2025-08-01,3290.26,3363.33,3281.51,3362.68,233529,27,0,52.36019095869053,188510.0,1.2388149169805316,0,49.2107142857143,1.4634373263502416,3341.1869999999994,0.6432743812303949,3342.4840000000004,0.6042212917099814,3006.12915,11.860796133792176,0,0,3414.907244195248,3267.466755804751,4.412817612138956,16.20891526852083,3438.9,3267.91,0,0,3451.4,3245.32,0,0,2.21098257111072,1.089452988780792,Uptrend
2025-08-04,3366.46,3385.22,3344.93,3373.52,193835,27,0,56.051730129573535,187602.65,1.033221012602967,0,48.79642857142861,1.4464544028619546,3343.054,0.9113224016124146,3343.1258000000003,0.9091551385831705,3009.4206,12.098654471894028,0,0,3418.119364470936,3267.988635529064,4.490825722284829,16.76958190010774,3438.9,3267.91,1,0,3451.4,3245.32,0,0,0.322361925606951,3.012018760992765,Uptrend
2025-08-05,3374.05,3390.29,3349.66,3380.67,175400,27,0,54.297883324728986,186582.5,0.9400667265150805,0,47.585000000000036,1.4075612230711676,3347.0105000000003,1.005658631784984,3344.7297999999996,1.07453223874767,3012.645,12.216009519873735,0,0,3421.1991867456836,3272.821813254317,4.433131401630398,17.191586474694056,3438.9,3267.91,1,0,3451.4,3245.32,0,0,0.2119447935687413,2.7578010541225684,Uptrend
2025-08-06,3381.16,3385.18,3358.03,3369.18,157924,27,0,53.85994110869282,185343.15,0.852062781926389,0,46.49928571428573,1.3801365826190863,3349.7949999999996,0.5786921289213287,3346.3486000000003,0.6822779910018811,3015.7567000000004,11.719224564766762,0,0,3422.8582168957428,3276.7317831042565,4.3622500419126045,17.21689950109734,3438.9,3267.91,0,0,3451.4,3245.32,0,0,-0.3398734570366324,0.19329820262409747,Uptrend
2025-08-07,3368.47,3401.77,3365.08,3395.24,248832,27,0,55.53910683444357,190164.65,1.308508179622238,0,47.02000000000002,1.3848800084824644,3353.364,1.248775856125364,3347.9012,1.4139843792283953,3019.0225,12.46156661634684,0,0,3428.0485696456394,3278.6794303543606,4.454307354980813,16.823537086496778,3438.9,3267.91,1,0,3451.4,3245.32,1,0,0.7734819748425492,0.6438378903934111,Uptrend
2025-08-08,3403.3,3408.48,3376.59,3398.33,383200,27,0,50.19485365246951,199275.5,1.9229659441326203,0,45.25642857142858,1.331725540822362,3355.536,1.2753253131541389,3350.078,1.4403246730374621,3022.1426500000002,12.4477032875996,0,0,3432.8865204010435,3278.1854795989566,4.610322786049291,15.86224993199246,3438.9,3267.91,1,0,3451.4,3245.32,1,0,0.09100976661444715,0.5223816580736912,Uptrend
2025-08-11,3397.6,3404.72,3341.14,3342.6,245968,27,0,38.38017133305476,202332.35,1.2156632392200257,0,46.21357142857141,1.3825636160046495,3355.501,-0.38447313828844915,3349.3001999999997,-0.20004775923041382,3024.91955,10.502112361963473,0,0,3432.8754622360134,3278.126537763987,4.6117978946221845,15.23557677512098,3438.9,3267.91,0,0,3451.4,3246.66,0,0,-1.6399231387181357,-0.7889159973643417,Uptrend
2025-08-12,3342.83,3358.96,3330.98,3347.97,207996,27,0,44.31514023042006,203895.75,1.02010954127293,0,44.102142857142844,1.3172801087567345,3356.6614999999997,-0.2589328712472171,3349.1929999999998,-0.03651625928992317,3027.94065,10.569208151421323,0,0,3432.7806681440607,3280.5423318559388,4.535409253751738,14.415747292566298,3438.9,3267.91,0,0,3451.4,3246.66,0,0,0.16065338359361192,-1.3922432582085502,Uptrend
2025-08-13,3348.29,3370.65,3342.49,3355.91,165548,27,0,48.120345904395876,202639.55,0.8169579926524709,0,43.11428571428571,1.2847271146808381,3357.0885000000003,-0.03510482371854183,3348.8676,0.21029198048916042,3031.0389999999998,10.718139885366044,0,0,3433.0839196057177,3281.093080394283,4.527460006235606,13.632919990961726,3438.9,3267.91,0,0,3451.4,3246.66,0,0,0.23715863642745916,-1.2482601748505906,Uptrend
2025-08-14,3356.76,3374.68,3329.7,3335.3,199318,27,0,49.79338201025324,204285.35,0.9756842573390603,0,42.87071428571426,1.2853630643634533,3356.9019999999996,-0.6435099982066623,3348.5206,-0.39481913296276716,3034.03315,9.92958333365606,0,0,3433.102050725198,3280.7019492748013,4.539903203918271,12.321076966471438,3438.9,3267.91,0,0,3451.4,3246.66,0,0,-0.6141404268886763,-0.21839286782743156,Uptrend
2025-08-15,3336.44,3348.66,3332.08,3335.19,139510,27,0,53.46277021617297,203476.15,0.6856331810878081,0,40.939999999999955,1.227516273435695,3356.1445,-0.6243622704564665,3348.9931999999994,-0.4121596902615204,3036.9903499999996,9.81891990535961,0,0,3432.9182642893347,3279.370735710665,4.575116732270309,11.848461662612502,3438.9,3267.91,0,0,3451.4,3246.66,0,0,-0.003298054148059837,-0.38172385057213015,Uptrend
2025-08-18,3336.17,3358.26,3323.38,3332.7,141162,27,0,51.07841786108044,201607.45,0.7001824585351384,0,41.57357142857141,1.2474441572470194,3352.9335,-0.6034566447560107,3349.1367999999998,-0.4907772056369853,3040.3597500000005,9.615317726792009,0,0,3427.8766987785043,3277.990301221496,4.470306302138364,11.226511765950018,3438.9,3267.91,0,1,3451.4,3246.66,0,0,-0.07465841526270722,-0.6916156869522734,Uptrend
2025-08-19,3332.17,3345.23,3314.82,3315.5,137562,27,0,57.937314366109085,199189.65,0.6906081716595215,0,39.033571428571385,1.1773057285046413,3347.1295,-0.9449738947955257,3348.9984000000004,-1.0002512990152637,3043.4053000000004,8.940468757151722,0,0,3413.9687590197727,3280.2902409802273,3.993825695705692,12.713343919006237,3438.9,3267.91,0,1,3451.4,3246.66,0,0,-0.5160980586311315,-0.5936497466494822,Uptrend
2025-08-20,3315.91,3350.13,3311.35,3348.28,132930,27,0,60.66154970760235,195290.75,0.6806774002352902,0,38.8442857142857,1.1601265639159717,3345.1910000000003,0.09234151353390409,3348.8666,-0.01751637404725631,3046.7244499999997,9.897696852762662,0,0,3409.350476930509,3281.0315230694914,3.8359230866344456,13.076435750581776,3408.48,3267.91,1,0,3451.4,3246.66,0,0,0.9886894887648934,0.3924813878669625,Uptrend
2025-08-21,3349.87,3351.95,3325.03,3338.46,136754,27,0,44.251946079362135,192601.35,0.7100365599721913,0,34.92285714285712,1.046076848093346,3343.6925,-0.15648867232857305,3347.901,-0.2819975859501163,3050.32025,9.446213065660885,0,0,3406.9603981957025,3280.4246018042977,3.7843131924184057,13.065079929652399,3408.48,3267.91,0,0,3451.4,3246.66,0,0,-0.29328491046149985,0.17283283823927204,Uptrend
2025-08-22,3338.77,3378.65,3321.33,3372.2,150423,27,0,49.71744156177751,191638.65,0.7849303885202699,0,36.1392857142857,1.0716827505570756,3345.471,0.798960744241986,3346.6776,0.7626190225195231,3054.19125,10.412208141844424,0,0,3409.8922540605454,3281.0497459394546,3.8512516808871085,12.380962261514272,3408.48,3267.91,1,0,3451.4,3246.66,0,0,1.0106456270256192,1.710149298748298,Uptrend
2025-08-25,3370.63,3376.18,3359.66,3365.56,100648,27,0,46.75848457544941,187604.45,0.5364904723741893,0,34.417142857142835,1.0226275228236263,3348.0275,0.5236665469444262,3346.2838,0.5760479729782569,3058.15555,10.051955990270017,0,0,3411.310117177536,3284.744882822464,3.780292555992203,11.661837298677804,3408.48,3267.91,1,0,3451.4,3246.66,0,0,-0.1969040982148118,0.5160858709546318,Uptrend
2025-08-26,3365.53,3393.5,3351.19,3393.48,164337,27,0,54.86973947895796,186405.25,0.8816114353002397,0,35.5,1.0461237431780945,3351.3795,1.2562140455892867,3346.3858,1.407315319112339,3062.3003500000004,10.814734420155734,0,0,3416.909673516092,3285.849326483908,3.9106387991029936,10.93713594886067,3408.48,3267.91,1,0,3451.4,3246.66,1,0,0.8295796241932996,1.6480652756061174,Uptrend
2025-08-27,3393.41,3398.67,3373.59,3397.32,143053,27,0,50.457585357268655,183005.6,0.7816864620536202,0,34.670714285714276,1.0205313095532442,3357.5015,1.1859562832660036,3346.9481999999994,1.505006859681928,3066.473,10.789170490005953,0,0,3415.369308804083,3299.6336911959165,3.447075678392598,9.885989185440136,3408.48,3273.27,1,0,3438.9,3246.66,1,0,0.1131581739099774,0.7449142992705162,Uptrend
2025-08-28,3398.82,3422.95,3384.47,3416.8,160905,27,0,53.78996183362751,180941.7,0.8892643321025501,0,35.14142857142857,1.0284894805498879,3363.8445,1.574255290338184,3347.8768,2.0587137495621155,3070.49885,11.278335114829964,0,0,3418.2374726401126,3309.4515273598877,3.2339766383441613,9.992721021296271,3422.95,3281.51,1,0,3438.9,3246.66,1,0,0.5733931451850305,1.5224806570080531,Uptrend
2025-08-29,3417.12,3453.83,3404.22,3448.42,168904,27,0,74.09819639278561,177710.45,0.9504449513239092,0,34.14357142857144,0.9901221843212672,3368.1315000000004,2.3837697548328993,3349.4772,2.953977414744016,3074.5807499999996,12.159031763924252,0,0,3434.3646134466635,3301.8983865533373,3.9329291891758427,11.548056168981812,3453.83,3311.35,1,0,3453.83,3246.66,1,0,0.9254273003980407,1.6189869985973118,Uptrend
2025-09-01,3448.01,3489.68,3436.7,3476.77,159705,27,0,76.55232126659524,176003.95,0.9073944079095951,0,35.92928571428573,1.0334099096082205,3373.2940000000003,3.0675061230951006,3351.633,3.7336128388758603,3078.7144999999996,12.929276163801498,0,0,3455.471830125935,3291.1161698740657,4.8722601780891095,13.898715482374678,3489.68,3311.35,1,0,3489.68,3246.66,1,0,0.8221156355664228,2.338608079309568,Uptrend
2025-09-02,3476.25,3539.9,3470.09,3533.41,332443,27,0,80.47314929267961,183856.1,1.8081695412879963,0,38.904285714285706,1.1010407995190399,3380.9309999999996,4.5099707743222295,3355.8426,5.291291075451509,3083.0345500000003,14.608186924145873,0,0,3489.9881386499874,3271.873861350012,6.451308154469157,17.779405673896154,3539.9,3311.35,1,0,3539.9,3246.66,1,0,1.6290982722469316,3.4128424256614274,Uptrend
2025-09-03,3532.73,3578.29,3525.8,3558.95,254586,27,0,87.75703143464895,188689.2,1.349234614381745,0,39.44071428571426,1.108212093053127,3390.4195,4.970786063494499,3360.3792,5.909178345110575,3087.2525999999993,15.278872872274867,0,0,3525.1675911260027,3255.6714088739973,7.948756260162066,23.015732147605355,3578.29,3311.35,1,0,3578.29,3246.66,1,0,0.7228145049682944,3.205236021134309,Uptrend
2025-09-04,3561.34,3564.09,3510.52,3545.7,236342,27,0,84.0289677023051,188064.7,1.2567058039068468,0,42.08285714285713,1.1868702130145565,3397.9425,4.348440269368881,3364.74,5.3781272847233375,3091.8541999999998,14.678758138077793,0,0,3549.567289096036,3246.3177109039643,8.92450587942767,27.269487065417245,3578.29,3311.35,1,0,3578.29,3246.66,1,0,-0.37230081906179935,1.9825872864756608,Uptrend
2025-09-05,3546.12,3599.95,3539.94,3586.51,248325,27,0,86.50576762649948,181320.95,1.3695328642387985,0,43.87785714285711,1.223413768339057,3407.3514999999998,5.257998771186374,3370.9801999999995,6.393683356550143,3096.62185,15.820083101202695,0,0,3580.8540135294843,3233.8489864705152,10.184010280681905,32.07071868758733,3599.95,3311.35,1,0,3599.95,3246.66,1,0,1.1509715994020953,1.5027975808072194,Uptrend
2025-09-08,3580.46,3646.26,3577.45,3635.7,238793,27,0,92.17375270006848,180962.2,1.3195739220677025,0,46.62071428571429,1.2823036632756908,3422.0065000000004,6.244684222546023,3377.6366,7.640354205067531,3101.6214,17.21933566746734,0,0,3620.2327028751806,3223.78029712482,11.585378512587873,36.21148291190384,3646.26,3311.35,1,0,3646.26,3246.66,1,0,1.3715283102514686,2.1565349330560983,Uptrend
2025-09-09,3635.98,3674.51,3626.0,3626.19,237686,27,0,88.99396660586505,182446.7,1.3027695211807064,0,47.31571428571429,1.3048327386517058,3435.9174999999996,5.537749378441145,3383.383,7.176456227391349,3106.56595,16.726638299759898,0,0,3650.6309739845697,3221.2040260154295,12.498174009391677,40.575812297004305,3674.51,3311.35,1,0,3674.51,3246.66,1,0,-0.2615727370244958,2.270073610288525,Uptrend
2025-09-10,3621.59,3657.41,3620.11,3640.43,210567,27,0,91.85076364442727,184697.65,1.140063233073079,0,48.05714285714287,1.3200952320781576,3450.1434999999997,5.515321319243683,3389.053,7.417322774238112,3111.52255,16.998348605893913,0,0,3679.7245792015856,3220.5624207984138,13.30849451343609,46.30002605952296,3674.51,3311.35,1,0,3674.51,3267.91,1,0,0.39269867271156667,1.5034113943638694,Uptrend
2025-09-11,3642.07,3649.03,3612.64,3633.77,223107,35,0,89.19356288771027,185887.1,1.2002285258094831,0,46.56214285714288,1.2813728677693659,3465.067,4.868679306922492,3395.2114,7.026325371079982,3116.49805,16.597858933362712,0,0,3701.9040244081843,3228.2299755918157,13.66998239330924,51.74673432457318,3674.51,3311.35,1,0,3674.51,3267.91,1,0,-0.18294542128264313,-0.05308468795554739,Uptrend
2025-09-12,3633.8,3656.51,3630.31,3643.44,188121,35,0,91.26277025421724,188317.65,0.9989557537490512,0,47.253571428571476,1.2969493508489633,3480.4795,4.682127850487271,3401.3448,7.117631826094203,3121.4976499999993,16.720895176711114,0,0,3721.806500472054,3239.152499527946,13.867457082971118,57.37087035953234,3674.51,3311.35,1,0,3674.51,3267.91,1,0,0.2661148063856533,0.47570590619906844,Uptrend
2025-09-15,3644.27,3685.4,3626.52,3678.68,196792,35,0,91.44866875944666,191099.15,1.0297900330796868,0,48.437142857142916,1.316699002281876,3497.7784999999994,5.1718969626007025,3408.1948,7.936318663475444,3126.6426,17.65591628541106,0,0,3744.0532610014316,3251.5037389985673,14.081781393614957,62.939040906168245,3685.4,3311.35,1,0,3685.4,3267.91,1,0,0.9672177941725257,1.050700054663872,Uptrend
2025-09-16,3679.99,3702.86,3674.61,3689.59,208657,35,0,91.62085955968224,194653.9,1.0719384507579863,0,48.663571428571494,1.318942522843229,3516.483,4.92273103552612,3415.9558,8.010472500844418,3131.93155,17.805575923266918,0,0,3761.2868994443406,3271.6791005556597,13.923223825870362,68.71683881750094,3702.86,3311.35,1,0,3702.86,3267.91,1,0,0.2965737710265648,1.5361456558890674,Uptrend
2025-09-17,3689.52,3707.32,3645.98,3659.82,244632,35,0,83.6220254565579,200239.0,1.2217000684182402,0,50.29642857142864,1.374286947757776,3532.06,3.6171525965017644,3422.8824000000004,6.922165949960761,3137.0671500000003,16.66374435115295,0,0,3771.3848822043005,3292.7351177956994,13.551575126373876,73.07894010489223,3707.32,3321.33,1,0,3707.32,3267.91,1,0,-0.8068647193861689,0.4495751268032439,Uptrend
2025-09-18,3659.5,3672.82,3627.79,3644.23,243675,29,0,78.3478588180792,205585.05,1.185275874875143,0,49.96928571428579,1.3711891322525138,3547.348499999999,2.7310961976248147,3429.2898,6.267775910918931,3141.9875,15.98486626697273,0,0,3773.291800132431,3321.4051998675673,12.738714571316123,74.1892955982341,3707.32,3321.33,1,0,3707.32,3267.91,1,0,-0.42597723385303654,-0.9364772146530772,Uptrend
2025-09-19,3643.31,3685.24,3632.23,3685.1,219100,32,0,79.10531168794886,209018.9,1.0482305667095178,0,49.97142857142863,1.3560399601483986,3562.9934999999996,3.427076136961808,3435.8940000000002,7.253017700778885,3146.94375,17.100917358309946,0,0,3781.067576673133,3344.9194233268663,12.241059472779465,73.94030424980473,3707.32,3351.19,1,0,3707.32,3267.91,1,0,1.1214989174667789,-0.12169373832865539,Uptrend
2025-09-22,3687.01,3748.64,3683.53,3746.7,225550,32,0,79.39093289237981,215264.0,1.047783187156236,0,49.63571428571432,1.3247848582943476,3582.0505,4.596515319926394,3443.962,8.79039896491308,3152.0879000000004,18.864071017816453,0,0,3794.00737003926,3370.0936299607397,11.834387596671803,73.35939777037308,3748.64,3351.19,1,0,3748.64,3267.91,1,0,1.6715964288621654,2.3738872403560736,Uptrend
2025-09-23,3745.78,3790.98,3736.64,3763.96,266030,32,0,78.90966522830476,220348.65,1.207313954498927,0,49.76785714285721,1.3222206703274533,3600.5745,4.537761959931668,3452.7459999999996,9.01352141165323,3157.5041,19.20681274808162,0,0,3807.845797576257,3393.303202423743,11.513234767188235,71.95759019305515,3790.98,3373.59,1,0,3790.98,3267.91,1,0,0.46067205807778233,3.2854677119720765,Uptrend
2025-09-24,3765.18,3779.06,3717.39,3735.95,221644,32,0,75.75609888175886,224278.2,0.9882547657329156,0,50.34642857142863,1.3476205134284087,3617.506,3.2741894553872193,3460.5176,7.9592833164610886,3162.9426000000003,18.116275647872946,0,0,3809.6393016862,3425.3726983138,10.62241785839194,71.0918593953989,3790.98,3384.47,1,0,3790.98,3267.91,1,0,-0.7441630623067241,1.3798811429811921,Uptrend
2025-09-25,3736.35,3761.54,3722.03,3749.21,245571,27,0,73.80186084615833,228511.5,1.0746548860779435,0,48.88214285714292,1.30379847640284,3634.1265,3.166744470782737,3468.7212,8.086230741173434,3168.42625,18.330354067733154,0,0,3809.9765865450263,3458.2764134549734,9.677708607283012,69.34911950197497,3790.98,3404.22,1,0,3790.98,3267.91,1,0,0.3549298036644055,0.0669922865454992,Uptrend
2025-09-26,3750.39,3783.66,3734.3,3760.85,230688,32,0,70.56832002103673,231600.7,0.9960591656242834,0,47.49285714285715,1.2628224242619925,3649.7479999999996,3.044100578998888,3476.9314,8.16578089518821,3173.99925,18.489315963133894,0,0,3811.043262122471,3488.4527378775283,8.838706788658905,66.78162779882007,3790.98,3436.7,1,0,3790.98,3267.91,1,0,0.31046540471191264,-0.08262574522577625,Uptrend
2025-09-29,3759.31,3834.07,3756.12,3833.74,293812,32,0,78.22964554827122,238306.05,1.2329187613994694,0,49.595714285714294,1.2936640013593592,3667.5965000000006,4.530037587286366,3485.6678,9.985811040283288,3180.2405,20.54874466254989,0,0,3827.2916411810684,3507.9013588189327,8.708435684299937,64.26704837804316,3834.07,3470.09,1,0,3834.07,3267.91,1,0,1.9381256896712218,2.617540384641121,Uptrend
2025-09-30,3834.36,3871.64,3793.0,3858.27,289450,32,0,78.82243979888857,236156.4,1.2256707842768606,0,52.54857142857145,1.361972371777285,3683.8395000000005,4.7350189930912965,3494.2016,10.419215651438089,3186.5607,21.079444681533918,0,0,3851.9314058729465,3515.7475941270545,9.125908220102746,62.50949730046053,3871.64,3510.52,1,0,3871.64,3267.91,1,0,0.6398451642521508,2.9088794706084733,Uptrend
2025-10-01,3859.4,3895.23,3853.25,3865.47,274946,32,0,80.61251453334737,237174.4,1.159256648272326,0,52.94785714285714,1.3697650516717796,3699.1655,4.495730185632401,3503.77,10.323166189561524,3192.7762,21.069243750940014,0,0,3875.0274360958138,3523.3035639041864,9.50819508323235,61.39943496351761,3895.23,3510.52,1,0,3895.23,3267.91,1,0,0.1866121344540339,2.781817940093327,Uptrend
2025-10-02,3866.61,3896.7,3819.2,3856.38,258142,32,0,78.17710263060393,238264.4,1.083426647035814,0,56.612142857142835,1.4680125624845797,3714.6994999999997,3.8140501001494305,3513.5290000000005,9.758023912709973,3198.9936,20.54978790829717,0,0,3888.3560781529436,3541.042921847056,9.349697231388106,59.24598131070263,3896.7,3539.94,1,0,3896.7,3267.91,1,0,-0.23515898454780082,0.5905460464194319,Uptrend
2025-10-03,3856.23,3891.56,3837.93,3886.78,239631,32,0,77.89394670527051,237829.7,1.0075739068753817,0,56.237142857142835,1.4468825829386494,3729.7129999999997,4.211235556194283,3524.532,10.27790356279926,3205.3403500000004,21.25950993004533,0,0,3908.548373175856,3550.8776268241436,9.589765924394513,56.70827207861684,3896.7,3577.45,1,0,3896.7,3267.91,1,0,0.788304057172784,0.7389322157340004,Uptrend
2025-10-06,3888.6,3969.98,3883.96,3960.85,307998,27,0,81.09496079600163,241289.95,1.2764642704762466,0,60.363571428571404,1.5240054894422006,3745.9705000000004,5.736283828182831,3537.4604,11.968744582978228,3211.9763000000003,23.315044385601464,0,0,3946.6087832205385,3545.332216779462,10.712219074898648,54.66136672498339,3969.98,3612.64,1,0,3969.98,3267.91,1,0,1.90569057162997,2.4674877828569386,Uptrend
2025-10-07,3960.08,3990.9,3940.76,3984.35,310309,32,0,87.74394640738758,244921.1,1.2669753647194955,0,59.563571428571386,1.4949382315452053,3763.8785,5.857561555188355,3550.6186000000002,12.215657294196557,3218.7903499999998,23.784079320357108,0,0,3982.620434879295,3545.1365651207047,11.623219765425215,54.518555861641794,3990.9,3612.64,1,0,3990.9,3267.91,1,0,0.5933069921860268,3.318397045934265,Uptrend
2025-10-08,3984.66,4059.08,3982.93,4041.45,305869,31,0,92.13015994230199,249686.2,1.2250136371173095,0,61.78642857142852,1.5288183342965649,3783.9295000000006,6.80563683863558,3565.95,13.334455054052919,3225.9696999999996,25.278610025382452,0,0,4027.172378532638,3540.6866214673632,12.856628461636896,55.952603352819665,4059.08,3612.64,1,0,4059.08,3267.91,1,0,1.433107031259806,3.9793865358986,Uptrend
2025-10-09,4042.62,4057.83,3944.45,3976.05,376972,27,0,79.33259401149316,257379.45,1.464654617919185,0,66.0985714285714,1.6624180135705386,3801.0434999999998,4.604169881244465,3579.6722000000004,11.07301947926963,3232.7338,22.993424327112866,0,0,4047.939321394585,3554.1476786054145,12.990949532389475,56.575421427679025,4059.08,3626.52,0,0,4059.08,3267.91,0,0,-1.6182310804290445,0.38375601196713516,Uptrend
2025-10-10,3975.21,4022.62,3946.88,4010.28,409533,31,0,78.12540014511937,268450.05,1.5255463725933374,0,66.85785714285713,1.6671618226871223,3819.3854999999994,4.998042224331658,3592.6241999999997,11.625368442377038,3239.4959500000004,23.79333272511113,0,0,4071.434290972161,3567.336709027838,13.198394923589749,56.699719193282775,4059.08,3626.52,1,0,4059.08,3273.27,1,0,0.8609046666918196,0.6507962402901425,Uptrend
2025-10-13,4008.1,4116.97,4000.36,4110.49,323881,31,0,81.41533552118656,274804.5,1.178586959092737,0,71.30571428571427,1.734725404652834,3840.976,7.0168103107126845,3607.3635999999997,13.947205100145718,3246.84755,26.599414869355346,0,0,4115.271889133965,3566.680110866036,14.28261406132005,57.109675883190384,4116.97,3627.79,1,0,4116.97,3281.51,1,0,2.4988280120091355,1.7082977644162358,Uptrend
2025-10-14,4111.05,4179.61,4090.22,4141.93,399776,31,0,86.57741098457556,284360.45,1.4058776457837228,0,73.28571428571425,1.769361488139931,3863.593,7.204097325986471,3622.5888,14.336189633225837,3254.3781,27.27255016864821,0,0,4159.105625296241,3568.0803747037585,15.297295822631481,58.37511688451832,4179.61,3627.79,1,0,4179.61,3311.35,1,0,0.764872314492937,4.171979728625145,Uptrend
2025-10-15,4142.6,4218.18,4140.39,4208.12,316281,27,0,87.74613828159708,287942.9,1.0984156928335442,0,76.01999999999998,1.8065074189899524,3891.0080000000003,8.149867592150919,3639.3675999999996,15.627781046355427,3262.176,28.997331842304032,0,0,4207.884334609881,3574.1316653901195,16.287621850681404,60.116777792912366,4218.18,3627.79,1,0,4218.18,3311.35,1,0,1.598047287134241,4.93332136409427,Uptrend
2025-10-16,4209.61,4330.56,4199.47,4325.93,338033,27,0,89.56810352071263,292660.8,1.1550334038586652,0,81.85785714285716,1.892260326516082,3925.093,10.212165673526728,3657.9814,18.260032705469747,3270.49855,32.27127099628283,0,0,4275.122299411235,3575.0637005887647,17.83546526980304,62.38383883547813,4330.56,3632.23,1,0,4330.56,3311.35,1,0,2.799587464235831,5.2412242822631985,Uptrend
2025-10-17,4332.74,4379.96,4186.19,4250.44,466886,31,0,79.07236346384616,305050.1,1.530522363375721,0,90.13071428571432,2.120503154631387,3953.3599999999997,7.5146204747354135,3675.0236000000004,15.657488566876118,3278.4,29.64982918496826,0,0,4312.963872469057,3593.756127530943,18.192316028343324,64.14190792981626,4379.96,3683.53,0,0,4379.96,3311.35,0,0,-1.745058288044432,2.6197931881996874,Uptrend
2025-10-20,4252.44,4381.35,4218.93,4356.31,369392,31,0,81.20551378446116,312242.2,1.1830303527197796,0,96.11500000000004,2.2063397692083444,3983.8405,9.349508345025374,3695.2978000000003,17.887927733456287,3286.7363,32.54212088751995,0,0,4371.905909162459,3595.775090837541,19.481975202694926,65.25377808632204,4381.35,3717.39,1,0,4381.35,3311.35,1,0,2.4908009523720187,3.521525051566983,Uptrend
2025-10-21,4355.51,4375.21,4081.95,4125.03,424017,31,0,62.697636192861594,320141.55,1.3244672551875882,0,114.06357142857148,2.7651573789420074,4001.8940000000002,3.0769430674575466,3710.8390000000004,11.161653739221759,3294.04705,25.226808767045377,0,0,4380.365602739236,3623.4223972607647,18.914624062468206,63.63935852821303,4381.35,3717.39,0,0,4381.35,3311.35,0,0,-5.309080391432208,-4.644088092040337,Uptrend
2025-10-22,4124.73,4161.3,4004.09,4098.37,433710,27,0,61.638051267253374,330744.85,1.3113129350313393,0,119.75714285714291,2.9220676234001055,4020.0150000000003,1.949122080390236,3725.6882,10.003032459882172,3301.1536499999997,24.149628721462275,0,0,4379.080329490486,3660.949670509514,17.863880084551234,62.47366030900688,4381.35,3722.03,0,0,4381.35,3311.35,0,0,-0.6462983299515335,-3.5777472449911003,Uptrend
2025-10-23,4095.35,4154.59,4066.06,4125.81,328034,30,0,61.5285186507056,334868.0,0.979591958622502,0,122.25000000000007,2.9630545274746063,4038.845,2.153214594766588,3741.4984000000004,10.27159600014796,3308.2999,24.71088246866617,0,0,4377.00517148528,3700.68482851472,16.745389906534168,61.48045064767087,4381.35,3734.3,0,0,4381.35,3311.35,0,0,0.6695344734614084,-5.291175329579391,Uptrend
2025-10-24,4126.89,4144.36,4044.23,4112.99,312450,30,0,57.79853194455833,338956.1,0.9218007877716319,0,123.25785714285719,2.9967944765938452,4056.452,1.3937795886651574,3757.0544,9.473794151077499,3315.2926499999994,24.061144345733716,0,0,4369.397115255235,3743.5068847447656,15.429499239987784,59.16208516462347,4381.35,3756.12,0,0,4381.35,3311.35,0,0,-0.31072686333109,-0.2918766651394042,Uptrend
2025-10-27,4102.38,4108.79,3971.19,3981.42,345319,30,0,49.86479128019124,341531.45,1.0110899010911,0,129.80500000000004,3.2602689492693573,4063.8360000000002,-2.0280345958842867,3770.0288,5.607150799484609,3321.68885,19.861316932198513,0,0,4361.238177275871,3766.43382272413,14.636524568209463,55.01996646485124,4381.35,3793.0,0,0,4381.35,3311.35,0,0,-3.198889372451663,-2.8535734938524295,Uptrend
2025-10-28,3986.65,4019.69,3886.29,3952.63,331893,30,0,45.7913191811979,343653.6,0.9657777482907207,0,133.89428571428576,3.387473295357414,4068.554,-2.8492678234085127,3782.7714,4.490321566880833,3327.9113500000003,18.772094094393463,0,0,4355.017909761416,3782.0900902385843,14.081853639470735,50.26056755462686,4381.35,3819.2,0,0,4381.35,3311.35,0,0,-0.7231088405644237,-4.197478798102682,Uptrend
2025-10-29,3953.22,4029.99,3916.45,3930.26,363834,30,0,47.73802819684441,348098.0,1.0452056604749238,0,133.9057142857143,3.407044681158862,4071.7935000000007,-3.4759498486355076,3794.4109999999996,3.5802394627255887,3333.8386,17.889930244373563,0,0,4349.931934769086,3793.655065230915,13.661716134135263,46.09621920169159,4381.35,3819.2,0,0,4381.35,3311.35,0,0,-0.5659522899942537,-4.442753325439633,Uptrend
2025-10-30,3931.13,4026.92,3915.33,4024.2,402992,30,0,50.64932641713622,355340.5,1.1341009538738196,0,136.46642857142862,3.39114429132321,4080.1845000000003,-1.372107070158236,3808.1258000000003,5.674029991341135,3340.1789999999996,20.478573154312997,0,0,4340.515740374152,3819.8532596258488,12.760758263463417,42.32210225966004,4381.35,3837.93,0,0,4381.35,3311.35,0,0,2.390172660332901,1.0744910107449037,Uptrend
2025-10-31,4023.31,4046.18,3972.35,4001.5,363209,30,0,44.51964560475479,361519.4,1.0046736081106573,0,133.4107142857143,3.334017600542654,4085.9205,-2.0661317321274404,3820.7118,4.731793693520666,3346.41375,19.575769732598065,0,0,4333.028659099799,3838.8123409002005,12.09559310318443,39.030817156156004,4381.35,3883.96,0,0,4381.35,3321.33,0,0,-0.5640872720043655,1.2363919719275493,Uptrend
2025-11-03,3983.44,4030.36,3962.51,4001.21,327874,30,0,42.69533439920268,362513.2,0.9044470656516783,0,131.8721428571429,3.295806589935117,4087.9385,-2.121570566680496,3833.4248,4.376900780732682,3352.56505,19.347721530414447,0,0,4331.378060533286,3844.4989394667145,11.910138106690482,35.89537855150299,4381.35,3886.29,0,0,4381.35,3321.33,0,0,-0.0072472822691516114,1.8052240818673526,Uptrend
2025-11-04,4003.29,4005.64,3928.64,3931.84,306777,30,0,35.70571192052985,362336.6,0.8466630199654134,0,131.81571428571434,3.352519794440118,4085.3130000000006,-3.7567011389335505,3844.1919999999996,2.2800109880047774,3358.5199,17.070617923091667,0,0,4334.520878822834,3836.1051211771673,12.200185338202148,33.44503676979845,4381.35,3886.29,0,1,4381.35,3351.19,0,0,-1.733725548021725,-2.295114556930562,Uptrend
2025-11-05,3932.61,3990.25,3929.58,3978.95,244716,30,0,30.63079155967401,359278.95,0.68113091512876,0,126.78571428571432,3.186411346855686,4082.1879999999996,-2.5289869060415597,3855.8246000000004,3.1932313518617894,3364.5982999999997,18.25928818902394,0,0,4335.249467515424,3829.1265324845754,12.398324992157358,32.85920865843936,4381.35,3886.29,0,0,4381.35,3351.19,0,0,1.1981667616179692,-0.5635386729976304,Uptrend
2025-11-06,3972.26,4019.48,3964.41,3976.98,285079,30,0,33.369821693546456,354684.3,0.8037542118441668,0,116.87857142857145,2.938877525875701,4082.2345,-2.5783550650997635,3867.0282,2.843315184513002,3370.6847500000003,17.987302134974197,0,0,4335.2141788573035,3829.2548211426965,12.394176711666294,32.95914237471415,4381.35,3886.29,0,0,4381.35,3373.59,0,0,-0.04951054926550791,-0.605566816038149,Uptrend
2025-11-07,3977.43,4027.31,3974.53,4001.22,239950,30,0,26.02525150226178,346205.15,0.6930861658181572,0,109.04714285714284,2.725347340489722,4081.7815,-1.9736847746504866,3878.0842000000002,3.1751708743198397,3376.7184500000003,18.494332863315847,0,0,4335.335482648369,3828.2275173516305,12.423692088778852,33.00256715874757,4381.35,3886.29,0,0,4381.35,3384.47,0,0,0.6095077169108176,1.7645682428582967,Uptrend
2025-11-10,4000.93,4116.44,3997.83,4115.75,271376,30,0,49.25617184995193,343579.9,0.7898483002061528,0,96.57214285714281,2.346404491457032,4082.0445,0.8257014346609899,3890.8638,5.779852792585541,3383.30405,21.648836142882274,0,0,4335.734739089881,3828.3542609101182,12.429567540965392,32.3874503861234,4381.35,3886.29,0,0,4381.35,3404.22,0,0,2.862376975022629,3.438092964224235,Uptrend
2025-11-11,4116.12,4148.94,4096.95,4126.6,249641,30,0,52.32158423658288,336073.15,0.7428174491178483,0,89.0564285714285,2.158106639156412,4081.278,1.1104854900842474,3902.7275999999997,5.736306064507312,3389.8656,21.733439815431037,0,0,4334.298145534547,3828.257854465453,12.399064485905987,30.677143737217275,4381.35,3886.29,0,0,4381.35,3436.7,0,0,0.26362145416995997,3.762151180041146,Uptrend
2025-11-12,4126.79,4211.67,4098.72,4195.47,330657,30,0,55.36324720519848,336791.95,0.9817841548766234,0,90.8007142857142,2.16425607347244,4080.6455,2.8138807941047603,3915.458,7.151449460063169,3396.6333499999996,23.518483382965098,0,0,4332.390605213497,3828.9003947865026,12.33849425114224,28.734141412639012,4381.35,3886.29,0,0,4381.35,3470.09,0,0,1.6689284156448325,4.8547692953649255,Uptrend
2025-11-13,4196.19,4245.04,4145.18,4171.3,373418,30,0,54.412276586406804,338561.2,1.102955684230798,0,90.78142857142848,2.1763342020815686,4072.9140000000007,2.415616926848922,3927.97,6.194802913464216,3403.15335,22.571614352905964,0,0,4301.360617548786,3844.467382451215,11.21784636497531,28.383959466683923,4381.35,3886.29,0,0,4381.35,3510.52,0,0,-0.5760975528367518,1.3496932515337468,Uptrend
2025-11-14,4171.49,4211.18,4031.93,4084.77,384444,30,0,58.39247722215907,334439.1,1.1495187016111454,0,93.45642857142853,2.287923887304023,4064.6305,0.49548169261633423,3937.9352000000003,3.7287256529767077,3409.2982500000003,19.812632995661193,0,0,4277.4536673652465,3851.807332634754,10.471956423357364,28.351432082155558,4381.35,3886.29,0,0,4381.35,3510.52,0,0,-2.0744132524632697,-1.0136674259681184,Uptrend
2025-11-17,4086.77,4106.43,4006.78,4045.49,320463,30,0,57.4143272332407,331992.65,0.9652713697125523,0,91.04571428571424,2.2505484943904013,4049.0895000000005,-0.0888965284664791,3946.131,2.5178839729345004,3415.22115,18.45470094960029,0,0,4211.702409499205,3886.4765905007966,8.032072864736827,29.118620760967172,4375.21,3886.29,0,0,4381.35,3539.94,0,0,-0.9616208501335488,-3.574808066795865,Uptrend
2025-11-18,4044.66,4082.18,3997.76,4067.36,321887,30,0,60.955379402927825,326886.15,0.984706754935931,0,88.96571428571421,2.187308580644797,4046.2060000000006,0.5228107516028482,3954.9544,2.842146549148583,3421.0186,18.893244251872826,0,0,4205.152937375527,3887.2590626244746,7.856591452611457,30.01437452667684,4245.04,3886.29,0,0,4381.35,3577.45,0,0,0.5406020037127757,-2.4917891304868998,Uptrend
2025-11-19,4068.23,4132.73,4055.35,4077.72,318540,30,0,54.93599439259233,321127.65,0.9919419894238318,0,86.52214285714275,2.1218264828664735,4045.1735,0.8045761201589974,3963.7002,2.8766000011807042,3426.9208999999996,18.99078265856677,0,0,4202.9577233825285,3887.389276617471,7.801110305035312,31.495893637300792,4245.04,3886.29,0,0,4381.35,3612.64,0,0,0.25471067227882394,-0.17259233690024608,Uptrend
2025-11-20,4078.96,4110.01,4038.66,4077.14,374073,30,0,57.272797200107675,323429.6,1.1565824525646387,0,86.34499999999993,2.1177835443472612,4042.7400000000002,0.8509080475123217,3972.5675999999994,2.632363008750323,3432.7857,18.770594971891196,0,0,4196.743768921777,3888.7362310782237,7.618781762951689,31.684053219621997,4245.04,3886.29,0,0,4381.35,3612.64,0,0,-0.014223634776300287,0.782352693987628,Uptrend
2025-11-21,4074.34,4100.99,4022.17,4065.8,384550,30,0,56.08111924981642,327034.6,1.175869464576531,0,87.12857142857135,2.1429625517381905,4040.3805,0.6291362905053118,3981.0148000000004,2.1297383772599843,3438.4736500000004,18.24432622887774,0,0,4191.266912694437,3889.4940873055625,7.468920944175306,30.87221024246608,4245.04,3886.29,0,0,4381.35,3612.64,0,0,-0.27813614445418855,-0.03835411667518846,Uptrend
2025-11-24,4071.72,4139.81,4039.89,4134.55,289667,30,0,69.10736167405034,324252.0,0.893339131292945,0,88.76571428571424,2.146925645734463,4048.0369999999994,2.137159319443,3990.1321999999996,3.619373814231033,3444.73435,20.025220522447544,0,0,4201.838638907175,3894.235361092824,7.598825747253566,30.221360933682153,4245.04,3886.29,0,0,4381.35,3626.52,0,0,1.690934133503852,1.393670972994722,Uptrend
2025-11-25,4133.53,4159.11,4109.44,4130.54,303666,30,0,65.55247768544169,322840.65,0.9406064570864914,0,87.97999999999995,2.1299878466253794,4056.9325000000003,1.8143634383860123,3998.9512,3.290582790807749,3450.8979999999997,19.69464180048209,0,0,4208.056454404138,3905.8085455958626,7.450158680438372,27.632532235671842,4245.04,3915.33,0,0,4381.35,3626.52,0,0,-0.09698758026871479,1.3097416326150217,Uptrend
2025-11-26,4132.14,4173.3,4129.7,4163.72,253216,30,0,68.00563097809318,317309.75,0.7980088856393477,0,87.16071428571425,2.0933375511733314,4068.6055,2.337766588576851,4009.0292,3.858560072348695,3457.0408999999995,20.441733853944307,0,0,4214.507489377177,3922.7035106228236,7.172088293012273,24.476326296098417,4245.04,3915.33,1,0,4381.35,3627.79,0,0,0.8032848005345539,2.408382114221065,Uptrend
2025-11-27,4164.96,4168.39,4142.59,4157.76,176078,30,0,65.64523866634686,305964.05,0.5754859108447545,0,85.23357142857142,2.049987768138888,4075.2835,2.023822391742813,4019.2998000000002,3.4448836088315677,3463.1641999999997,20.05668111260796,0,0,4224.808972327441,3925.7580276725594,7.338162968413885,21.40675147190498,4245.04,3928.64,0,0,4381.35,3627.79,0,0,-0.14314122947748364,0.5613670169667808,Uptrend
2025-11-28,4157.64,4226.54,4152.02,4219.97,175499,30,0,61.63273506563086,296578.55,0.5917454246101075,0,82.0842857142857,1.9451390818959777,4086.207,3.2735248116407316,4029.9972000000002,4.7139685357597765,3469.5686,21.628089440283734,0,0,4244.689002312091,3927.724997687909,7.756924811302572,20.999553062746894,4245.04,3928.64,1,0,4381.35,3627.79,0,0,1.496238359116453,2.165092215545674,Uptrend
2025-12-01,4222.03,4264.36,4205.63,4232.1,373732,30,0,61.74205324548124,298871.45,1.2504774209781495,0,82.56571428571426,1.950939587573882,4097.7515,3.2785907100515987,4039.7051999999994,4.762595052728129,3476.0505,21.750244997879076,0,0,4263.629297032722,3931.8737029672784,8.096039841982702,22.30696006541272,4264.36,3928.64,1,0,4381.35,3632.23,0,0,0.28744280172607883,1.6422814214212316,Uptrend
2025-12-02,4231.92,4235.84,4163.81,4205.5,310096,30,0,51.23227756345674,299037.4,1.0369806586065822,0,79.64285714285711,1.8937785552932376,4111.4345,2.2878997585879013,4048.5359999999996,3.877055804863793,3482.3156499999996,20.767340548235495,0,0,4264.327293878613,3958.5417061213875,7.437442764982041,22.35893021818072,4264.36,3929.58,1,0,4381.35,3683.53,0,0,-0.6285295716074835,1.1482144231509221,Uptrend
2025-12-03,4208.31,4241.31,4194.53,4203.05,310388,30,0,54.12070084360804,302321.0,1.0266835582046898,0,75.85142857142861,1.8046758561384855,4122.6395,1.9504615914149166,4057.8779999999997,3.5775348593526095,3488.7571499999995,20.47413503688558,0,0,4267.274937962987,3978.0040620370137,7.01664251569833,21.192746782740524,4264.36,3964.41,1,0,4381.35,3717.39,0,0,-0.05825704434668788,-0.4009507176591319,Uptrend
2025-12-04,4203.73,4219.24,4174.76,4208.68,333976,30,0,70.35649745358961,304765.85,1.0958445639496683,0,66.22499999999998,1.5735337445469832,4134.2245,1.80095444744232,4067.0674,3.4819339359854324,3495.2198500000004,20.41245416937077,0,0,4266.308389049059,4002.1406109509417,6.389778254618664,22.56064877419598,4264.36,3974.53,1,0,4381.35,3717.39,0,0,0.13395034558236762,-0.553389570189742,Uptrend
2025-12-05,4208.12,4259.11,4191.86,4198.57,305397,30,0,77.81452140417167,308038.2,0.9914257387557777,0,63.910714285714256,1.5222019469894335,4144.092000000001,1.314594367113451,4075.8217999999997,3.0116184176648746,3501.82815,19.896517480448033,0,0,4263.186854296936,4024.9971457030647,5.747693550091823,24.129221174188526,4264.36,3997.76,1,0,4381.35,3722.03,0,0,-0.24021783552089504,-0.1647842111520697,Uptrend
2025-12-08,4199.55,4218.91,4176.03,4190.46,292972,30,0,73.54448779741406,309118.0,0.9477675191997877,0,60.94357142857143,1.4543408463169063,4147.8275,1.027827217983383,4082.9562,2.6329893031916423,3508.4913499999993,19.437660862410304,0,0,4267.862292127371,4027.7927078726298,5.787839158083144,25.80313388376593,4264.36,3997.76,1,0,4381.35,3734.3,0,0,-0.19316100481829857,-0.2995443784870545,Uptrend
2025-12-09,4191.28,4221.17,4169.86,4208.12,326120,30,0,74.26317356356054,312941.95,1.0421102060621785,0,59.081428571428624,1.403986306745735,4151.903499999999,1.3539934153093987,4089.9532,2.8891968739397793,3515.06535,19.716693176131137,0,0,4274.414055553852,4029.3929444461464,5.901416328864725,26.082723671132253,4264.36,3997.76,1,0,4381.35,3756.12,0,0,0.42143344644740566,-0.013305834608485324,Uptrend
2025-12-10,4208.37,4238.51,4181.87,4228.5,321850,30,0,76.23041730209339,312501.6,1.0299147268365987,0,58.03071428571434,1.3723711549181588,4153.554999999999,1.8043579536084302,4097.2138,3.2042799426283186,3521.6202499999995,20.07257170900243,0,0,4279.383962359345,4027.726037640654,6.058856201944865,27.57859332312873,4264.36,3997.76,1,0,4381.35,3793.0,0,0,0.48430177846638944,0.7128617600754612,Uptrend
2025-12-11,4228.36,4285.77,4204.14,4279.48,323771,30,0,82.55728912725483,310019.25,1.0443577293990616,0,58.23142857142865,1.3607127167653232,4158.964,2.8977408796998394,4105.6758,4.233266542867305,3528.4232,21.285904706668955,0,0,4296.738401319533,4021.189598680466,6.625419278432493,30.192798456041135,4285.77,3997.76,1,0,4381.35,3819.2,0,0,1.2056284734539346,2.1243491168033946,Uptrend
2025-12-12,4279.96,4353.3,4257.0,4300.81,360815,30,0,79.61102799743522,308837.8,1.1682993467768519,0,57.9728571428572,1.3479520635149471,4169.7660000000005,3.1427183204045464,4113.9564,4.5419441003312615,3535.3729,21.65081652348471,0,0,4316.624582803889,4022.907417196112,7.043972386166924,32.06909837348089,4353.3,3997.76,1,0,4381.35,3819.2,1,0,0.49842504229486995,2.20264631236753,Uptrend
2025-12-15,4300.59,4350.0,4285.18,4304.9,319243,30,0,81.04479737910393,308776.8,1.0338956812817544,0,59.05500000000003,1.3718088689632753,4182.7365,2.9206597164320454,4120.8374,4.4666309813631395,3542.34195,21.52694631866355,0,0,4329.2017660495185,4036.271233950481,7.003322635768174,33.61388156333061,4353.3,3997.76,1,0,4381.35,3837.93,1,0,0.09509836519165926,1.8067872768120996,Uptrend
2025-12-16,4306.19,4334.93,4271.14,4302.14,329619,30,0,77.63977635782753,309163.4,1.0661643648633699,0,60.49714285714286,1.4062104640282012,4194.4755,2.5668167569461495,4127.1932,4.23888079676039,3549.4069,21.207292407077937,0,0,4339.633656139065,4049.317343860934,6.921397258802231,34.75494864118101,4353.3,4022.17,1,0,4381.35,3883.96,1,0,-0.06411298752582173,0.5295035845476732,Uptrend
2025-12-17,4303.08,4348.6,4301.08,4338.08,328339,30,0,82.15635922676373,309653.35,1.0603437682815318,0,62.04857142857145,1.430323355691261,4207.4935,3.103664925447903,4133.1258,4.95881833550772,3556.51955,21.975429602235703,0,0,4355.239917219037,4059.747082780962,7.023013450598917,36.10124585432455,4353.3,4022.17,1,0,4381.35,3886.29,1,0,0.8353981971762847,0.8665809463798569,Uptrend
2025-12-18,4340.28,4374.44,4308.64,4332.58,335733,30,0,75.17324630035321,307736.35,1.090976090409859,0,61.425714285714285,1.4177629561534764,4220.2654999999995,2.661313606928294,4140.2564,4.645209895696308,3563.5168000000003,21.581579186044515,0,0,4364.691686497896,4075.839313502103,6.844412347891214,37.4320899901789,4374.44,4022.17,1,0,4381.35,3886.29,1,0,-0.12678419946151598,0.6429882227229505,Uptrend
2025-12-19,4333.31,4356.35,4308.98,4339.22,267374,30,0,74.54853790448259,301877.55,0.8857034913659528,0,60.614285714285806,1.396893582585944,4233.9365,2.486657511278227,4146.8352,4.63931626701731,3570.2704000000003,21.537573176530266,0,0,4368.204530019334,4099.668469980666,6.342467820163776,38.23710186243231,4374.44,4039.89,1,0,4381.35,3886.29,1,0,0.1532574124424757,0.8618966374873882,Uptrend
2025-12-22,4339.7,4448.84,4337.87,4443.65,247397,30,0,90.22668153102951,299764.05,0.8253057696545,0,63.39571428571441,1.4266585866509383,4249.3915,4.571442758333751,4153.4984,6.98571594490079,3577.5598500000006,24.208963268636833,0,0,4404.960052264569,4093.8229477354307,7.321921374604765,42.76253208582832,4448.84,4109.44,1,0,4448.84,3886.29,1,0,2.406653730393926,2.4335650794821606,Uptrend
2025-12-23,4447.58,4499.67,4430.32,4484.62,307388,30,0,92.0844169431741,299950.15,1.024796953760483,0,65.00785714285725,1.449573367260933,4267.0955,5.0977181082541865,4160.3522,7.7942391511949305,3584.9790500000004,25.094733817203185,0,0,4444.738319929885,4089.452680070116,8.32617033904605,47.944387427333716,4499.67,4129.7,1,0,4499.67,3886.29,1,0,0.9219898056777698,3.5092254499628392,Uptrend
2025-12-24,4487.01,4525.75,4448.18,4480.5,291957,30,0,90.81136268092018,301887.2,0.9671062569065532,0,67.3714285714287,1.5036587115596183,4282.9345,4.612853640418729,4165.799800000001,7.55437647291642,3592.2128500000003,24.728132410082537,0,0,4477.455841107668,4088.4131588923324,9.083554329755342,51.93081196058521,4525.75,4142.59,1,0,4525.75,3886.29,1,0,-0.09186954524574853,3.2558846981715543,Uptrend
2025-12-26,4509.87,4549.94,4502.77,4532.33,262001,30,0,94.53220899823906,306183.35,0.8556996975831639,0,67.52785714285723,1.489914837243917,4301.6630000000005,5.36227500852576,4169.9277999999995,8.690850714489601,3599.63865,25.910693841449895,0,0,4516.50563441439,4086.8203655856105,9.988817553322516,54.68448167428942,4549.94,4152.02,1,0,4549.94,3886.29,1,0,1.1567905367704467,1.9956567236393572,Uptrend
2025-12-29,4539.6,4549.57,4302.89,4331.68,414260,30,0,62.44711606261465,318121.4,1.302207270557718,0,82.08500000000004,1.8949922431943271,4307.2485,0.5672182601027221,4171.5526,3.838556416620524,3606.0755500000005,20.12172068885245,0,0,4518.9338505385795,4095.5631494614195,9.829261095039211,53.54939689587546,4549.94,4163.81,0,0,4549.94,3886.29,0,0,-4.427082758757628,-3.410322390748817,Uptrend
2025-12-30,4333.32,4404.34,4323.07,4338.48,368072,30,0,61.714172747205374,317838.4,1.158047611616469,0,84.22500000000004,1.9413481219228863,4312.567499999999,0.600860160449671,4171.196,4.010456473395152,3612.6528000000003,20.091252610823805,0,0,4521.632103752321,4103.502896247677,9.695597982052318,53.28740701015688,4549.94,4163.81,0,0,4549.94,3886.29,0,0,0.15698297196466982,-3.16973552058923,Uptrend
2025-12-31,4340.65,4373.18,4274.15,4321.74,319997,30,0,58.43373493975907,318333.45,1.0052258096031064,0,87.25285714285721,2.0189288838027557,4318.3795,0.07781854281217698,4175.1302,3.5115024676356246,3619.2017499999997,19.411414409268566,0,0,4521.2837495962585,4115.4752504037415,9.39724031184654,51.428832928819965,4549.94,4169.86,0,0,4549.94,3886.29,0,0,-0.3858494219173503,-4.646396003821438,Uptrend
2026-01-02,4380.64,4402.23,4309.86,4331.54,241362,30,0,55.08795934323697,314882.15,0.7665153455030715,0,88.02000000000005,2.032071734302351,4324.803999999999,0.1557527231292051,4179.7936,3.6304759163227582,3625.7601999999997,19.46570542640962,0,0,4520.335642387483,4129.272357612515,9.042335439362514,48.371716685006284,4549.94,4169.86,0,0,4549.94,3886.29,0,0,0.22676051775443185,-0.0032320023639864307,Uptrend
2026-01-05,4350.7,4455.67,4344.99,4448.87,351482,30,0,62.18400263331141,315757.45,1.113139214925887,0,90.00785714285719,2.023162221931798,4336.8135,2.583844105816395,4186.2548,6.27327318920005,3632.9099,22.460234975824743,0,0,4531.8184863087445,4141.808513691256,8.993007714477198,44.9204866945586,4549.94,4169.86,0,0,4549.94,3886.29,0,0,2.708736384749999,2.5444395272076936,Uptrend
2026-01-06,4449.59,4497.15,4427.79,4494.64,326598,30,0,64.61156973878768,316817.5,1.0308710850884184,0,90.3321428571429,2.009774817496905,4351.617,3.286663325379971,4193.8878,7.1712028156785665,3640.09975,23.47573716901578,0,0,4547.384345172273,4155.849654827727,8.997452908758884,42.060727080472404,4549.94,4169.86,1,0,4549.94,3886.29,1,0,1.0288005718306126,4.000703420381618,Uptrend
2026-01-07,4495.34,4500.31,4423.39,4456.35,349563,30,0,61.259327404681606,319647.05,1.0935905712253562,0,91.27000000000005,2.04808868244191,4364.9115,2.094853469537703,4203.3864,6.018090556699713,3646.95645,22.193671931563653,0,0,4550.443793602715,4179.379206397285,8.50107928202966,39.90001609854105,4549.94,4169.86,0,0,4549.94,3886.29,0,0,-0.851903600733317,2.8814232351542497,Uptrend
2026-01-08,4459.42,4479.45,4407.52,4477.26,359433,30,0,60.38997879900867,321312.7,1.1186392570228316,0,93.0135714285714,2.0774663840958842,4378.3685000000005,2.258638120569333,4213.879,6.250321853095457,3653.72405,22.539631858623817,0,0,4554.838205678102,4201.898794321899,8.06098005127259,37.26015083091836,4549.94,4181.87,1,0,4549.94,3886.29,1,0,0.46921808206266125,0.6381395725206699,Uptrend
2026-01-09,4480.28,4516.94,4452.76,4509.06,301802,30,0,62.676703827146355,320310.3,0.9422175933774218,0,92.89785714285712,2.060248857696662,4392.396500000001,2.656032987914448,4225.455,6.711821567144852,3660.69945,23.17482113971417,0,0,4563.218907660583,4221.574092339419,7.778095973830322,35.064540072826595,4549.94,4204.14,1,0,4549.94,3886.29,1,0,0.7102558261079306,0.32082658455404817,Uptrend
2026-01-12,4511.39,4629.99,4511.39,4597.37,362845,30,0,66.59594985535199,322264.0,1.1259247076930716,0,98.15214285714274,2.1349628778441314,4408.290999999999,4.289167843048489,4236.9184000000005,8.507400095314543,3668.0259499999997,25.336354286152208,0,0,4593.43259484883,4223.149405151168,8.39969933240937,34.27398857188522,4629.99,4257.0,1,0,4629.99,3915.33,1,0,1.9585013284365127,3.164473167502542,Uptrend
2026-01-13,4600.88,4634.41,4569.68,4586.33,330889,30,0,60.42433806768371,320767.7,1.0315533640076604,0,94.84928571428554,2.068086808282124,4422.567,3.7028947215497223,4248.615,7.948825676132108,3675.3870499999994,24.784952920808728,0,0,4616.630112262645,4228.503887737355,8.776039447797835,30.55010100829051,4634.41,4271.14,1,0,4634.41,3915.33,1,0,-0.24013729588873156,2.4360881431947154,Uptrend
2026-01-14,4588.31,4642.77,4588.14,4626.44,364645,30,0,60.37454279444039,323037.8,1.1287997875171265,0,93.9271428571427,2.0302250295506417,4438.644,4.230931789077911,4261.1196,8.573343024682988,3683.327,25.604921854616748,0,0,4644.57531889313,4232.71268110687,9.279019398407714,26.177467197553483,4642.77,4271.14,1,0,4642.77,3928.64,1,0,0.8745554724583604,2.6032033284098945,Uptrend
2026-01-15,4630.28,4632.63,4580.96,4615.78,364198,31,0,59.802330299692784,324766.75,1.1214140610145589,0,92.07714285714272,1.994833871136465,4454.326,3.6246561208137824,4274.798400000001,7.976553935268599,3691.4965500000003,25.03817726715739,0,0,4664.219171564692,4244.432828435308,9.424239337879277,20.72684044424148,4642.77,4274.15,1,0,4642.77,3928.64,1,0,-0.23041474654377225,0.40044634214779,Uptrend
2026-01-16,4616.58,4620.68,4591.06,4613.76,158730,31,0,56.35943332864756,316286.3,0.5018554392017612,0,89.23285714285703,1.9340593603234029,4468.11,3.259767552723647,4287.4946,7.609698213963936,3699.6555000000003,24.70782752610344,0,0,4682.029820788835,4254.190179211164,9.57540529614695,15.038847557733545,4642.77,4274.15,1,0,4642.77,3928.64,1,0,-0.04376291764337514,0.5980816905892138,Uptrend
